10010 2 1
10011 2 2
10011 3 1
10012 2 2
10012 3 1
10013 3 1
10015 2 2
10015 3 1
10016 2 1
10016 3 1
10017 2 1
10018 2 1
10019 2 1
1002 3 1
10020 3 1
10027 2 1
10027 3 2
10028 2 1
10029 2 1
10030 2 1
10031 3 1
10033 3 1
10038 2 1
10039 2 1
10040 2 1
10041 2 1
10043 3 1
10046 2 1
10046 3 1
10047 2 1
10048 2 2
10049 3 1
1005 2 1
10051 2 1
10051 3 1
10053 3 1
10056 2 1
10062 2 1
10063 3 1
10069 2 1
1007 3 1
10070 2 1
10076 3 1
10078 2 1
10082 3 1
10084 2 1
10085 2 2
10086 2 1
10086 3 1
10087 2 1
10087 3 2
10088 3 2
10095 3 1
10099 2 1
10099 3 2
1010 2 1
1010 3 1
10100 2 1
10101 3 1
10109 2 1
1011 2 1
1011 3 2
10111 3 1
10113 2 1
10113 3 1
10116 3 1
10118 3 1
1012 2 1
1012 3 2
10121 3 1
10123 2 1
10123 3 1
10126 2 1
10127 2 1
10127 3 2
10128 3 1
10130 2 1
10130 3 1
10131 2 1
10133 3 1
10135 2 1
10135 3 1
10139 2 1
10139 3 1
10140 2 1
1016 3 1
10160 2 1
10163 2 1
10168 3 1
10169 2 1
10172 2 1
10172 3 1
10173 3 1
10175 2 1
10176 2 1
10177 2 1
10178 2 1
10189 2 1
1019 3 1
10190 2 1
10191 3 2
10193 3 1
10200 2 1
10201 3 1
10203 3 1
10205 2 1
10205 3 1
10209 3 1
10211 3 1
10213 2 1
10220 3 1
10222 2 1
10222 3 1
10225 3 1
10227 3 1
10231 2 1
10232 2 1
10237 2 1
10238 2 1
10239 3 1
10243 2 1
10244 2 2
10245 2 1
10245 3 1
10246 3 2
10248 2 1
10248 3 1
10250 3 1
10256 2 1
10256 3 1
10257 2 1
1026 3 1
10261 2 1
10262 3 1
10271 3 1
1028 2 1
1028 3 1
10281 2 1
10281 3 2
10282 2 2
10283 3 1
10285 2 1
10286 3 2
1029 2 1
10294 3 1
10296 2 1
10296 3 1
10297 3 1
10301 2 1
10301 3 2
10302 2 2
10302 3 1
10303 2 1
10304 2 1
10305 2 1
10307 3 1
10320 2 1
10323 2 1
10323 3 2
10324 2 1
10325 3 1
10327 3 1
10329 3 1
10333 2 2
10333 3 1
10334 2 1
10334 3 1
10336 3 1
10341 3 1
10342 2 1
10343 3 1
10346 2 1
10348 3 1
10350 3 1
10351 2 1
10356 2 1
10356 3 2
10357 2 1
10358 2 1
10359 3 1
10365 2 1
10367 2 1
10368 2 1
10368 3 2
10369 3 1
10371 3 1
10373 2 1
10373 3 1
10374 2 1
10374 3 2
10375 2 1
10375 3 2
10376 2 1
10376 3 2
10377 2 1
10379 3 1
10381 2 1
10386 3 1
10389 2 1
10390 2 2
10390 3 1
10391 2 1
10392 2 1
10397 2 1
10397 3 1
10398 2 2
10399 2 1
10399 3 1
10403 3 1
10405 3 1
10407 2 1
10407 3 1
10412 2 1
10412 3 1
10418 3 1
1042 2 2
10424 2 1
10424 3 1
10431 3 1
10433 3 1
10438 3 1
10441 2 1
10441 3 1
10442 2 2
10443 3 1
10449 3 1
10450 2 1
10450 3 2
10451 2 1
10452 2 2
10452 3 1
10453 3 1
10454 2 1
10455 2 1
10456 2 1
10459 3 1
10461 2 1
10461 3 1
10462 2 1
10462 3 2
10470 2 2
10470 3 1
10479 3 1
1048 2 2
1048 3 1
10481 2 1
10482 3 1
10485 3 1
1049 3 1
10490 2 1
10491 2 1
10494 2 1
10494 3 1
10497 3 1
10505 2 1
10506 3 1
10510 2 1
10513 3 1
10515 2 1
10516 2 1
10520 3 1
10522 2 1
10522 3 1
10523 2 1
10524 3 1
10526 3 1
10532 2 1
10533 2 1
10534 3 1
1054 2 1
1054 3 1
10541 3 1
1055 2 1
10550 2 1
10550 3 1
10551 3 1
10553 2 1
10553 3 2
10554 3 1
10556 2 1
10556 3 1
10564 3 1
10566 2 2
10566 3 1
10567 2 1
10568 3 1
1057 3 1
10570 2 1
10570 3 1
10571 2 1
10577 2 2
10577 3 1
10578 2 1
10578 3 1
10579 2 1
10580 2 1
10586 3 1
10588 2 1
10588 3 1
10589 3 2
10590 3 1
10592 2 1
10592 3 1
10593 3 1
10599 2 1
10600 3 1
10603 2 2
10603 3 1
10604 3 1
10606 2 1
10607 3 1
10611 3 1
10613 2 1
10614 2 1
10614 3 2
10615 3 1
10618 2 1
1062 3 1
10625 2 1
10625 3 1
10626 3 1
10629 2 1
10629 3 2
10630 3 1
10638 2 1
10641 3 1
10643 2 2
10643 3 1
10644 2 1
10644 3 1
10645 2 1
10646 3 1
10649 2 1
10649 3 2
1065 2 1
10650 3 1
10652 3 1
10653 2 1
10653 3 2
10654 2 1
10655 2 2
10655 3 1
1066 2 2
1066 3 1
10664 2 1
10664 3 1
10665 2 1
10665 3 2
10669 3 1
1067 2 1
10671 2 1
10671 3 1
10672 2 1
10672 3 2
10679 2 1
1068 3 1
10680 3 1
10687 2 1
10690 2 1
10690 3 1
10691 2 1
10691 3 2
10692 3 1
10699 3 1
10701 3 1
10704 2 1
10705 2 1
10706 3 1
10708 3 1
10711 3 1
10713 2 1
10713 3 2
10714 3 1
10719 2 1
10720 3 1
10722 2 1
10722 3 2
10727 3 1
10728 2 1
10729 3 2
10731 2 1
10732 3 1
10738 3 1
10740 2 1
10743 2 1
10747 2 1
10748 2 1
10749 3 2
10753 2 1
10754 2 1
10757 3 1
10758 2 1
10759 3 1
1076 3 1
10764 3 1
10766 2 1
10766 3 1
10771 2 2
10772 2 1
10772 3 1
10774 3 1
10778 2 1
10780 3 1
10783 2 1
10784 3 1
10792 3 1
10794 3 1
10796 3 1
10804 2 1
10804 3 2
10805 2 1
10806 3 1
10808 2 1
10808 3 1
10809 2 1
10809 3 2
10810 2 1
10815 3 1
1082 2 2
1082 3 1
10820 2 2
10820 3 1
10821 2 1
1083 2 1
10836 3 1
10838 2 1
1084 2 1
1084 3 2
10843 2 1
10843 3 1
10844 2 1
10845 3 1
10847 2 1
10848 3 2
1085 2 1
1085 3 2
10851 3 1
10853 3 1
10856 3 1
10859 2 1
1086 3 2
10862 2 2
10862 3 1
10863 2 2
10863 3 1
10864 2 1
10864 3 1
10866 3 2
10867 3 1
10870 2 1
10871 3 1
10873 2 2
10873 3 1
10874 2 1
10874 3 2
10875 3 1
10878 2 1
10879 3 1
10881 2 1
10882 3 1
10884 2 1
10884 3 1
10889 3 1
1089 2 1
10890 2 1
10891 2 1
10892 3 1
10895 2 2
10895 3 1
10896 2 1
1090 3 1
10902 2 1
10902 3 1
10904 2 1
10905 2 1
10911 3 1
10913 2 1
10914 3 2
10916 2 1
10922 2 1
10923 3 1
10925 2 1
10925 3 2
1093 3 1
10930 2 1
10931 2 1
10932 2 1
10933 2 2
10933 3 1
10934 2 1
10939 2 1
10940 2 2
10940 3 1
10941 2 1
10942 3 1
10944 2 1
10944 3 1
1095 3 1
10950 3 1
10952 3 1
10957 3 1
10960 2 2
10960 3 1
10961 2 1
10961 3 1
10968 2 1
10980 2 1
10980 3 1
10981 2 2
10982 2 1
10982 3 1
10983 2 1
1099 2 1
10990 2 1
10991 2 1
10992 3 1
10996 2 1
10996 3 1
10999 2 1
10999 3 1
11000 3 1
11002 2 1
11007 2 1
1101 2 1
11014 3 1
11019 2 1
11019 3 1
11020 2 1
11021 2 2
11021 3 1
11026 2 1
11026 3 1
11029 2 1
11030 3 1
11034 2 1
11038 2 1
11038 3 1
11040 3 1
11041 2 1
11042 3 2
11044 3 1
11046 3 1
11048 3 1
11050 2 1
11051 3 1
11054 3 1
11056 2 1
11056 3 1
1106 3 1
11061 2 1
11064 2 1
11064 3 2
11065 2 2
11065 3 1
11066 2 1
11067 2 1
11068 3 1
11071 2 1
11071 3 1
11072 2 1
11072 3 2
11073 2 1
11073 3 2
11074 3 1
11076 2 1
11076 3 2
11077 2 2
11077 3 1
11078 2 1
11079 3 1
11085 2 1
11086 2 1
11086 3 2
11087 2 1
11087 3 2
11088 3 1
1109 2 1
11090 3 1
11097 3 1
1110 2 1
11105 2 1
11109 3 1
11112 2 1
11115 3 1
11118 2 1
11118 3 1
11119 2 1
11125 2 1
11132 2 2
11132 3 1
11133 2 1
11136 2 1
11136 3 1
11137 2 2
11138 2 1
11138 3 1
11139 3 1
11141 2 1
11141 3 2
11142 2 2
11142 3 1
11143 2 1
11144 2 1
11147 3 1
11156 2 1
11156 3 1
11162 2 1
11163 3 1
11165 3 1
11171 2 1
11172 2 2
11177 3 1
11178 2 1
11179 3 1
1118 2 1
11181 3 1
11184 2 1
11184 3 1
11185 3 1
11187 3 1
11188 3 2
11190 3 1
11194 2 1
11195 3 1
11203 3 1
11207 2 1
11208 3 1
1121 2 1
1121 3 1
11210 3 1
11212 2 2
11212 3 1
11213 2 1
11213 3 1
11216 3 1
11218 2 1
1122 2 1
11220 2 2
11221 2 1
11221 3 1
11224 3 1
11225 3 2
11226 2 1
11230 2 2
11230 3 1
11231 3 1
11234 3 1
11238 3 1
11240 2 1
11240 3 1
11244 2 1
11248 2 1
11249 2 2
11249 3 1
11250 3 1
11252 3 1
11256 2 1
11256 3 1
11257 2 1
11258 2 1
11259 3 1
11262 3 1
11264 2 1
11264 3 1
11265 2 1
11266 3 2
11268 2 1
11268 3 1
11269 2 2
11270 3 1
11273 3 1
11284 2 1
11284 3 2
11286 3 1
11289 3 1
11291 2 2
11291 3 1
11292 3 1
11293 2 1
11294 2 1
11301 2 1
11302 2 1
11303 3 1
11307 2 1
11310 3 1
11312 2 1
11312 3 1
11315 2 1
11318 2 1
11319 3 1
11321 2 1
11321 3 2
11322 3 1
11324 3 1
11331 3 1
11333 2 1
11333 3 1
11334 2 1
11335 3 2
11338 3 1
1134 2 1
11342 3 1
11343 2 1
11344 2 2
11345 2 1
11345 3 1
11346 2 1
11349 3 1
11353 2 1
11354 3 1
11356 2 1
11356 3 1
11357 2 1
11358 2 2
11359 2 1
11359 3 1
11360 3 2
11367 2 1
11379 2 1
11381 3 2
11382 3 1
11385 3 1
11387 2 1
11387 3 1
1139 2 1
11393 3 1
11395 3 1
11399 2 2
1140 2 1
11400 2 1
11400 3 1
11401 2 1
11402 3 2
11406 3 1
11408 2 2
11408 3 1
11409 2 1
11410 2 1
11411 2 1
11417 2 2
11417 3 1
11418 3 1
11419 2 1
11420 2 1
11424 3 1
11429 2 1
11430 3 1
11434 2 1
1144 3 1
11440 3 2
11441 3 1
11443 3 1
11444 2 1
11449 3 1
11452 2 1
11453 2 1
11454 2 2
11455 3 1
11457 2 1
11458 3 1
11460 2 1
11461 3 1
11472 2 1
11472 3 1
11478 2 2
11478 3 1
11479 2 1
11479 3 1
1148 3 1
11482 2 1
11485 2 1
11485 3 1
11489 3 1
11490 2 1
11494 2 1
11495 3 1
11500 2 2
11500 3 1
11501 2 1
11502 3 1
11504 3 1
11508 3 1
11514 2 2
11515 3 1
11517 3 1
11519 2 1
11520 2 2
11521 2 1
11521 3 1
11522 3 2
11524 2 1
11524 3 1
11529 2 1
11530 2 1
11533 2 1
11536 2 1
11536 3 1
11537 2 1
1154 2 1
11540 3 1
11543 3 1
11547 2 2
11548 2 1
11548 3 1
11549 2 1
11550 3 1
11552 2 1
11552 3 1
11553 2 1
11554 3 1
11558 2 1
11561 2 1
11565 3 1
11566 2 1
11567 2 1
11574 2 1
1158 3 1
11580 2 1
11580 3 2
11581 2 1
11582 2 2
11583 3 1
11595 3 1
1160 3 1
11601 3 1
11603 3 1
11605 2 1
11605 3 1
11606 2 1
11607 2 2
11607 3 1
11608 3 1
11611 3 1
11613 3 1
11615 3 1
11619 2 1
11620 2 1
11621 2 1
11624 3 1
11626 3 1
11629 2 1
11629 3 2
11630 2 1
11635 2 1
11636 3 1
11643 2 1
11644 3 1
11646 2 1
11646 3 1
11647 3 1
11651 2 1
11651 3 1
11654 2 1
11654 3 1
11657 3 1
11659 2 1
11659 3 1
11662 2 1
11665 2 1
11666 3 1
11668 3 1
11669 2 1
11670 3 2
11672 2 1
11672 3 1
11674 2 1
11675 2 1
11676 2 2
11677 2 1
11677 3 1
11678 3 2
11687 2 1
1169 2 1
1169 3 2
11693 2 1
11694 2 2
11695 2 1
11695 3 1
11697 3 2
11698 3 1
1170 2 1
11700 3 1
1171 3 1
11710 2 1
11710 3 1
11713 3 1
11715 3 1
11717 3 1
11719 2 1
11725 2 1
11726 3 1
11728 3 1
1173 2 1
1174 3 1
11742 3 1
11744 2 1
11744 3 1
11746 3 1
11748 2 1
11749 3 2
11755 3 1
11759 3 1
1176 2 1
11765 2 1
11767 2 1
11768 3 1
11770 3 1
11776 2 1
11776 3 1
11777 2 1
11778 2 2
11779 2 1
11779 3 1
1178 3 1
11784 2 1
11787 3 1
11791 2 1
11792 2 1
11806 3 1
11809 2 1
11809 3 1
11812 2 1
11812 3 1
11815 2 1
11815 3 1
11817 2 1
11818 3 2
11821 2 1
11824 2 2
11824 3 1
11825 2 1
11825 3 1
11827 3 2
11828 3 1
11835 3 1
11838 3 1
11846 3 1
11847 2 1
11848 2 1
11849 2 1
11850 3 1
11853 2 1
11855 2 1
11856 3 1
11859 3 1
11864 2 1
11870 2 1
11873 2 1
11877 2 2
11877 3 1
11878 3 1
11881 3 1
11883 3 1
11885 2 1
11886 3 1
11893 2 1
11896 2 1
11897 2 1
11898 2 1
11898 3 2
11899 3 1
1190 2 1
11905 2 2
11906 2 1
11907 2 1
1191 3 1
11914 2 1
11915 2 2
11915 3 1
11916 2 2
11918 2 1
11919 2 1
11920 2 2
11920 3 1
11921 3 1
11923 2 1
11923 3 1
11924 3 2
11926 2 1
11926 3 1
11927 2 2
11928 2 1
11928 3 1
11929 3 2
1193 2 2
1193 3 1
11936 2 2
11936 3 1
11937 2 1
11937 3 1
1194 2 1
11940 2 1
11940 3 1
11941 2 1
11942 2 2
11948 2 1
11949 2 1
11950 3 1
11952 2 1
11952 3 1
11953 2 1
11953 3 2
11954 2 1
11955 3 1
11959 2 1
11959 3 1
11960 2 1
11960 3 2
11965 3 1
11967 2 1
11967 3 1
1197 2 1
11970 2 1
11970 3 2
11971 2 1
11972 2 2
11972 3 1
1198 3 1
11980 3 1
11982 2 1
11982 3 1
11985 3 1
11987 3 1
11993 2 1
11994 3 1
11997 2 1
11998 2 2
11999 2 1
11999 3 1
12000 2 1
12005 2 1
12006 2 1
12006 3 2
12007 2 1
12007 3 2
12008 2 1
12008 3 2
12009 2 1
12009 3 2
12010 3 1
12016 2 1
12016 3 2
12017 3 1
12019 2 1
12019 3 1
12020 2 1
12021 3 1
12025 2 1
12026 3 1
12028 2 1
12028 3 1
12029 3 2
12039 2 1
12042 3 1
12045 2 1
12049 3 1
12057 3 1
1206 3 1
12065 3 1
12066 2 1
12067 2 1
12068 2 1
1207 2 1
12072 3 1
12073 2 1
12074 2 1
12078 2 1
12078 3 1
1208 3 1
12082 3 1
12085 3 1
12088 2 1
12088 3 1
12089 2 1
12089 3 2
12091 3 1
12094 2 2
12094 3 1
12095 3 1
12097 2 1
12097 3 1
12101 2 1
12101 3 1
12102 2 1
12103 3 1
12105 2 1
12105 3 2
12106 2 1
12107 2 2
12107 3 1
12108 3 1
1211 2 1
12113 3 1
12114 2 1
12115 2 1
12120 2 1
12121 2 1
12121 3 2
12122 3 1
12126 2 1
12127 3 1
12129 2 1
12136 2 1
12136 3 1
12140 3 1
12147 2 2
12147 3 1
12148 3 1
1215 3 1
12151 3 1
12153 2 1
12154 3 1
12156 2 1
12156 3 2
12157 2 1
12157 3 2
12158 2 1
12158 3 2
12159 3 1
12168 2 1
12168 3 1
12169 2 2
12170 2 1
12170 3 1
12185 2 1
12190 2 1
12190 3 2
12193 2 1
12194 2 1
12198 2 1
12199 2 1
1220 3 1
12200 2 2
12200 3 1
12201 3 1
12202 2 1
12203 2 1
12204 3 1
12206 2 1
12209 2 1
12209 3 1
12213 3 1
12214 2 1
12215 2 1
12218 3 1
12220 2 1
12221 2 2
12221 3 1
12222 2 1
12223 3 1
12225 3 1
12229 2 1
12230 3 1
12237 3 1
12239 2 1
12239 3 1
1224 2 1
12240 3 1
12242 2 1
12242 3 2
12244 2 1
12245 3 1
12247 3 1
12248 2 1
12248 3 2
12249 2 2
12249 3 1
12250 2 1
12251 2 1
12256 2 1
12259 2 1
12259 3 1
12261 3 1
12263 2 2
12264 2 1
12267 3 1
12269 3 1
12276 2 1
12276 3 1
12277 2 1
12278 2 1
12279 2 1
1228 3 1
12280 2 2
12281 2 1
12281 3 1
12285 2 1
12286 2 1
12287 3 2
12289 3 1
12291 3 1
12296 3 1
12300 2 1
12301 3 1
12303 2 1
12303 3 1
12304 2 1
12304 3 2
12305 2 1
12305 3 2
12307 3 1
1231 3 2
12312 2 2
12312 3 1
12313 3 1
12315 3 1
12319 2 1
12319 3 2
1232 3 1
12320 3 1
12322 2 1
12322 3 1
12323 2 1
12324 3 1
12326 2 1
12326 3 1
12332 2 1
12332 3 1
12334 2 1
12335 3 2
12339 3 1
12341 2 2
12341 3 1
12342 3 1
12348 3 1
12352 3 1
12355 2 1
12355 3 2
12356 3 1
12358 2 1
12359 3 1
1236 2 1
12361 2 1
12362 3 1
12364 2 1
12367 3 1
1237 3 1
12371 3 1
12373 2 1
12374 2 1
12374 3 2
12375 3 1
12377 2 1
12388 2 1
12388 3 1
12389 3 1
12391 2 1
12391 3 1
12392 2 2
12393 2 1
12393 3 1
12394 2 1
12395 3 1
12397 2 1
12398 3 1
12401 3 1
12410 3 1
12413 2 1
12413 3 1
12415 3 1
12417 2 1
12417 3 2
1242 2 1
12421 3 1
12425 2 1
12426 2 1
12427 2 1
12428 2 1
12457 3 1
12458 2 1
12459 2 1
12459 3 2
12460 3 1
12470 2 1
12474 2 1
12474 3 2
12475 3 1
12479 3 1
12481 2 1
12481 3 1
12482 2 1
12486 3 1
12487 2 1
12487 3 2
12491 3 1
12493 3 1
12495 3 1
12500 3 1
12505 2 1
12509 2 2
12509 3 1
1251 2 1
1251 3 1
12510 2 1
12511 2 1
12512 3 1
12515 2 1
12515 3 2
12516 2 2
12516 3 1
12517 2 1
1252 2 2
12524 2 1
12524 3 1
12526 3 1
12529 3 1
1253 2 1
1253 3 1
12531 2 1
12533 3 1
12535 3 1
12536 2 1
12536 3 2
12539 3 1
1254 3 2
12541 2 1
12541 3 1
12542 2 1
12544 2 1
12555 3 1
12557 2 1
12557 3 1
12558 2 1
12573 2 1
12574 2 1
12574 3 2
12575 3 1
12577 2 2
12577 3 1
12578 3 1
12579 2 1
1258 3 1
12580 3 1
12582 2 1
12586 2 1
12587 2 1
12588 2 1
12589 2 1
12592 3 1
12594 2 1
12595 2 1
12601 2 1
12601 3 1
12605 2 1
12605 3 1
12606 2 1
12606 3 2
12607 2 1
12607 3 2
12608 2 1
12608 3 2
12611 2 1
12612 2 2
12613 2 1
12613 3 1
12616 3 1
12618 2 1
12621 2 1
12624 2 1
12624 3 1
12625 2 1
12626 3 2
12629 3 1
1263 3 1
12632 2 1
12632 3 2
12633 3 1
12638 2 1
12639 3 1
1264 2 1
12641 2 1
12642 3 1
12644 2 1
12644 3 1
12649 2 1
12649 3 1
1265 3 2
12653 2 1
12654 2 1
12655 3 1
12657 2 1
12657 3 1
12658 2 2
12659 3 1
12661 3 1
12663 3 1
12665 2 1
12666 3 1
12669 2 1
12670 2 2
12670 3 1
12671 2 1
12677 2 1
12678 2 1
12679 2 1
12682 2 1
12682 3 1
12683 3 2
12686 2 1
12687 3 1
1269 3 1
12693 2 1
12695 3 1
1270 2 1
12700 3 1
12701 2 1
12713 2 1
12714 2 1
12718 2 1
12718 3 1
12723 3 1
12729 2 1
12729 3 1
1273 2 1
12732 2 1
12732 3 1
12733 2 1
12736 3 1
1274 3 1
12743 2 1
12743 3 1
12744 2 1
12756 2 1
12757 3 1
12761 3 1
12767 2 1
12767 3 1
12768 3 1
1277 2 1
1277 3 2
12770 3 1
12778 2 1
1278 2 1
1278 3 2
12782 2 1
1279 2 2
1279 3 1
12791 2 1
12791 3 1
12792 2 1
12792 3 2
12793 2 1
12793 3 2
12798 2 1
1280 2 1
12803 3 1
12805 2 1
12806 3 1
12809 2 1
1281 2 1
1281 3 2
12810 2 1
12815 3 1
12816 2 1
12817 3 1
12819 2 1
12819 3 1
1282 3 1
12820 2 1
12821 3 2
12822 3 1
12826 2 1
12831 3 1
12841 2 1
12842 3 1
12844 2 1
12844 3 1
12847 2 1
12850 2 1
12851 3 1
1286 2 1
1286 3 2
12862 3 1
12867 2 1
12867 3 1
12868 2 1
12868 3 2
12869 3 1
1287 3 1
12871 3 1
12875 2 2
12875 3 1
12876 2 1
12876 3 1
12877 2 1
12878 3 1
12885 2 1
12889 3 1
1289 2 1
12891 3 1
12894 3 1
12896 2 1
12896 3 1
12897 3 1
12899 3 1
1290 2 1
1290 3 2
12901 2 1
12901 3 1
12902 2 1
12903 3 2
12908 2 2
12909 2 1
1291 2 1
1291 3 2
12910 3 1
12912 2 1
12913 2 2
12913 3 1
12914 3 1
1292 3 1
12923 3 1
12925 2 1
12925 3 2
12926 2 1
12929 3 1
12936 2 1
1294 3 1
1295 2 1
12952 2 1
12954 2 1
12961 3 1
12963 3 1
12967 2 1
12970 2 1
12972 3 1
1298 3 1
12986 2 1
12987 2 1
12998 3 1
13001 2 1
13001 3 1
13004 3 1
13005 2 1
13011 2 1
13011 3 1
13012 2 1
13013 3 2
13019 3 1
13021 2 1
13022 2 1
13023 3 1
13036 2 1
13037 2 2
13038 3 1
13040 3 1
13042 3 1
13043 2 1
13044 3 1
13057 2 1
13059 3 1
13061 2 1
13062 2 1
13063 3 1
13066 3 1
13068 3 1
13073 2 1
13074 3 1
13076 3 1
13085 3 1
13087 2 1
1309 2 1
13091 2 1
13091 3 1
13094 2 1
13094 3 1
13096 3 1
13099 2 1
13099 3 1
1310 2 1
13100 2 1
13104 3 1
13112 2 1
1312 2 1
13121 3 1
13123 2 1
13123 3 1
13124 2 1
13126 3 1
13129 2 1
13129 3 1
13130 3 1
13132 2 1
13137 2 2
13138 2 1
13138 3 1
13139 2 2
13140 2 1
13140 3 1
13141 3 2
13145 2 2
13145 3 1
13146 3 1
13148 2 1
13151 2 1
13152 2 1
13155 3 1
13158 2 1
13158 3 1
13159 3 2
1316 2 1
13161 3 1
13164 3 1
13166 2 2
13166 3 1
13167 3 1
13169 2 1
1317 2 2
1317 3 1
13173 2 1
13173 3 1
13176 2 1
13178 3 1
1318 2 1
13180 3 1
13183 2 2
13183 3 1
13184 2 1
13185 2 1
13185 3 2
13186 3 1
13188 2 1
13188 3 1
1319 3 2
13192 2 1
13193 2 2
13194 2 1
13194 3 1
13195 3 1
13203 2 1
13203 3 2
13204 3 1
13207 3 1
13208 3 2
13210 2 1
13211 3 1
13217 2 2
13218 2 1
13218 3 1
13219 2 1
13220 3 1
13226 3 1
13227 2 1
13228 3 1
13231 3 1
13233 2 1
1324 3 1
13242 3 1
13268 2 1
1327 2 1
13274 3 1
13280 2 1
13280 3 1
13281 3 2
13283 2 1
13283 3 1
13284 2 1
13285 3 1
13287 2 1
13287 3 1
13293 3 1
13301 2 1
13306 3 1
13314 2 1
13318 2 1
13319 3 1
13321 2 1
13321 3 1
13324 3 1
13327 3 1
13329 3 1
13333 3 1
13336 3 1
13338 2 1
13340 2 1
13341 2 1
13342 3 1
13344 3 1
13346 2 1
13351 2 1
13352 2 1
13352 3 2
13353 3 1
13355 2 1
13355 3 2
13356 3 1
13358 3 1
13359 2 1
13359 3 2
13360 2 1
13364 3 1
13366 3 1
13369 3 1
13372 2 1
13372 3 1
13376 3 1
13377 2 1
13378 3 1
13385 2 1
13386 3 1
13389 2 1
13389 3 1
13393 3 1
13398 2 1
13399 2 2
13400 3 1
13403 3 1
13410 2 1
13411 2 1
13412 3 1
13415 2 1
13416 3 2
13419 3 1
13421 3 1
13423 3 1
13424 2 1
13424 3 2
1343 2 1
13430 2 1
13435 2 1
13436 2 2
13437 3 1
1344 3 1
13440 3 1
13441 2 1
13446 3 1
13448 3 1
13450 3 1
13452 2 1
13452 3 1
13455 2 1
13455 3 1
1346 2 1
13460 3 1
13462 3 1
13464 2 2
13464 3 1
13465 2 1
13466 2 1
1347 2 1
1347 3 2
13472 2 1
13473 2 1
13474 3 2
13477 2 1
13478 3 1
1348 3 1
13483 2 1
13484 2 1
13486 3 1
13487 2 1
13488 3 2
13490 3 1
13498 3 1
13501 2 1
13502 3 1
1351 2 1
1351 3 1
13511 2 1
13512 2 2
13513 2 1
13513 3 1
1352 3 2
13528 2 1
13529 2 1
1354 2 1
1354 3 1
13546 2 1
13548 3 1
1355 2 1
13550 2 1
13550 3 2
13551 2 1
13555 2 1
1356 2 1
13561 2 1
13561 3 1
13562 2 1
13562 3 2
13563 3 2
13565 2 1
13565 3 1
13570 3 1
13576 2 1
13582 2 1
13583 3 1
13585 3 1
13587 3 1
1359 2 2
13593 2 1
13597 3 1
1360 2 1
13606 3 1
1361 3 1
13612 3 1
13614 2 1
13614 3 2
13615 3 1
13617 3 1
13618 3 2
13622 2 1
13623 2 2
13624 2 1
13624 3 1
13625 2 1
13628 2 1
13629 3 1
1363 2 1
13634 3 1
1364 2 2
1364 3 1
13641 2 1
13641 3 1
13642 2 2
13645 2 1
13649 2 1
1365 2 1
13650 3 1
13652 2 1
13652 3 1
13655 2 2
13656 2 1
13657 3 1
1366 3 1
13661 2 1
13661 3 2
13662 2 2
13662 3 1
13663 2 1
13670 2 1
13671 3 1
13673 2 1
13675 3 1
13682 2 1
13683 2 1
13684 3 1
13686 2 1
13686 3 1
13687 2 1
13687 3 2
13688 2 1
13691 2 1
13692 2 2
13692 3 1
13693 2 1
13694 3 1
13698 3 1
13700 3 1
13702 2 1
13702 3 1
13703 2 1
13705 3 1
13707 2 1
13708 3 1
13710 3 1
13712 3 1
13716 3 1
13718 3 1
13720 2 1
13721 2 1
13724 2 1
13724 3 1
13727 2 1
13727 3 1
13729 2 1
13732 2 1
13737 3 1
13740 3 1
13744 2 1
13744 3 1
13745 3 1
13748 3 1
13751 3 1
13753 3 1
13756 3 1
13758 2 1
13758 3 1
13759 2 1
1376 2 1
13760 2 2
13761 2 1
13761 3 1
13766 2 1
13767 2 2
13767 3 1
13768 3 1
1377 3 1
13783 3 1
13801 3 1
13802 2 1
13803 2 1
13803 3 2
13804 3 1
13813 3 1
13817 2 1
13818 2 2
13819 2 1
13819 3 1
13820 3 1
13831 2 1
13832 2 1
13833 2 1
13834 2 2
13834 3 1
13838 3 1
13840 2 1
13844 2 1
13845 3 1
13847 3 1
13848 3 2
1385 2 1
13854 2 1
13857 2 1
13859 3 1
13868 2 1
13873 2 1
13878 2 1
13878 3 1
13880 3 1
13887 2 1
13888 3 1
13894 3 1
13899 2 1
1390 2 1
1390 3 1
13900 2 1
13901 2 1
13902 3 1
13909 2 1
13910 2 2
13910 3 1
13911 3 1
13913 3 1
13925 3 1
13927 2 1
13931 2 1
13934 3 1
13937 3 1
13938 2 1
13939 3 1
1394 2 1
1394 3 1
13941 3 1
13945 3 1
13947 3 1
13948 2 1
13949 2 1
1395 2 1
13950 3 1
13954 3 1
13956 2 1
13957 3 1
1396 3 1
13962 3 1
13964 2 1
13965 2 1
13966 3 1
13968 3 1
13970 2 1
13978 2 1
13979 2 2
13979 3 1
13980 3 1
13982 2 1
13982 3 2
13984 3 1
13986 2 1
1399 2 1
1399 3 1
13994 3 1
13996 2 1
13996 3 1
13997 3 2
14003 3 1
14006 2 1
1401 3 2
14010 3 1
14013 2 1
14013 3 1
14014 2 2
14015 3 1
14018 2 1
14019 2 1
1402 2 1
1402 3 2
14023 3 1
14025 2 1
14025 3 1
14028 3 1
1403 3 1
14037 2 1
14041 3 1
1405 3 1
14068 2 1
14069 3 1
14071 2 1
14082 2 1
14089 2 2
14089 3 1
1409 3 1
14090 2 1
14093 2 1
14094 2 1
14095 2 1
14104 2 1
14106 3 1
14107 2 1
14108 3 2
14111 3 1
14113 3 1
14117 2 1
14118 3 1
1412 2 1
1412 3 1
14120 3 1
14121 2 1
14124 3 1
14129 3 1
1413 2 1
14133 2 1
14134 2 1
14135 2 1
14136 2 1
14138 3 1
14144 3 1
14146 3 1
14148 3 1
14151 3 1
14155 2 1
14156 3 1
14158 2 1
14159 3 1
14165 2 1
14166 2 1
14167 3 1
14173 2 1
14177 3 2
14178 3 1
1418 3 1
14180 2 1
14180 3 2
14183 2 1
14185 2 1
14186 2 1
14195 3 1
14198 3 1
14199 3 2
1420 3 1
14201 3 1
14203 2 1
14203 3 1
14207 3 1
14209 3 1
1421 2 1
14211 2 1
14211 3 2
14212 2 1
14213 3 1
14215 3 1
14217 3 1
1422 3 1
14220 2 1
14223 2 1
14227 3 1
14236 2 1
14237 2 1
14238 3 2
14241 3 1
14242 2 1
14242 3 2
14243 2 1
14249 2 1
14250 2 2
14251 2 1
14251 3 1
14252 3 1
14254 2 1
14255 3 1
14257 3 1
14258 2 1
14259 3 1
1426 2 1
1426 3 1
14262 2 1
14262 3 1
14263 2 1
14266 2 1
14267 2 1
14268 2 1
14269 2 1
1427 2 1
14270 3 1
14273 2 1
14275 3 2
14276 3 1
14285 2 1
14286 3 1
14293 2 2
14293 3 1
14294 2 1
14294 3 1
14299 2 1
1430 2 1
14300 2 1
14301 3 2
14302 3 1
14304 3 1
14305 2 1
14306 3 1
14311 3 1
1433 2 1
14334 2 1
14337 3 1
14339 2 1
1434 3 1
14340 3 1
14355 3 1
14369 3 1
14376 3 1
14378 2 1
14378 3 1
14379 2 1
14379 3 2
1438 2 1
1438 3 1
14380 2 1
14383 2 1
14383 3 2
14385 2 1
14386 3 1
14388 2 2
14388 3 1
14389 2 1
14389 3 1
1439 3 1
14392 3 1
14393 2 1
14396 2 1
14396 3 1
14397 3 1
14399 2 1
1441 2 1
1441 3 2
14410 2 1
14411 2 1
14412 2 1
14413 2 1
14417 2 1
14418 2 2
14419 2 1
14419 3 1
1442 3 1
14420 3 2
14421 3 2
14422 3 1
14426 2 1
14426 3 2
14427 3 1
14429 3 1
14431 3 1
14432 2 1
14433 2 1
14435 3 1
14437 2 1
14437 3 2
14438 2 1
14438 3 2
14439 3 1
1444 2 1
14447 2 1
14447 3 1
14448 2 2
14449 2 1
14449 3 1
1445 3 1
14450 3 1
14457 3 1
14465 2 1
14465 3 2
14466 2 1
14466 3 2
14467 2 2
14467 3 1
14468 2 1
14469 3 1
14472 2 1
14475 2 1
14475 3 1
1448 2 1
1448 3 2
14480 2 1
14481 3 1
14484 2 1
14488 2 1
14489 3 1
1449 3 1
14491 3 1
14493 3 1
14495 2 1
14496 2 2
14496 3 1
14497 2 1
14498 3 1
14503 2 1
14504 3 1
14508 2 1
14508 3 1
14509 3 1
14511 2 1
14512 3 1
1452 3 1
14521 2 2
14521 3 1
14522 2 1
14523 3 1
14529 2 1
14530 2 1
14540 2 1
14540 3 2
14541 3 1
14545 2 1
14545 3 1
14546 2 2
14547 2 1
14547 3 1
14548 2 1
14549 2 1
1455 2 1
14553 3 1
14556 3 1
14559 2 1
14559 3 1
14561 3 1
14563 2 2
14563 3 1
14564 3 1
1457 3 1
14571 2 1
14571 3 1
14572 2 2
14573 2 1
14573 3 1
14576 3 1
14581 2 1
14582 2 1
14583 3 1
14607 3 1
1461 2 2
1462 2 1
1462 3 1
14620 2 1
14621 2 1
14622 2 1
14623 2 1
14630 2 1
14632 3 1
14635 2 1
14635 3 1
14638 2 1
14639 2 2
14640 2 1
14640 3 1
14641 2 1
14642 2 1
14643 3 1
14646 3 1
14648 2 1
14649 3 1
1465 3 1
14652 2 1
14652 3 1
14653 3 1
14656 2 1
14657 2 2
14657 3 1
14658 2 1
14661 2 1
14661 3 1
14666 2 2
14666 3 1
14667 2 1
14668 3 1
1467 2 2
1467 3 1
14673 2 1
14676 2 1
14677 2 1
1468 2 1
14680 3 1
14689 2 1
14689 3 2
1469 2 1
14690 2 1
14691 2 1
14695 2 1
14695 3 1
14699 2 1
1470 2 1
14706 2 1
14707 2 1
14708 2 1
14709 3 2
1471 2 1
1471 3 2
14716 2 1
14719 2 2
14719 3 1
1472 3 1
14720 2 1
14721 2 1
14722 3 1
14724 2 1
14724 3 1
14725 2 1
14734 2 1
14735 2 1
14736 2 1
14739 2 1
1474 2 1
1474 3 1
14740 2 1
14741 3 2
14742 3 1
14748 2 1
1475 2 1
14750 2 2
14750 3 1
14751 2 1
14754 3 1
14756 2 1
14756 3 1
14761 3 1
14764 2 1
14774 2 1
14775 2 1
14778 2 2
14778 3 1
14779 3 1
1478 2 2
1478 3 1
14782 2 1
14783 2 1
14789 2 1
14789 3 1
1479 2 1
1479 3 1
14790 2 1
14793 2 2
14793 3 1
14794 2 1
14794 3 1
14797 2 1
14797 3 2
14798 3 1
14801 3 1
14802 2 1
14803 2 1
14804 2 1
14805 3 1
14808 2 1
14808 3 1
1481 3 1
14814 2 1
14814 3 1
14817 3 1
14821 3 1
14822 2 1
14823 2 2
14824 2 1
14824 3 1
14828 2 1
14828 3 1
14831 2 1
14831 3 2
14832 2 2
14832 3 1
14833 2 1
14836 2 1
14836 3 1
14841 3 1
14843 3 1
14846 2 1
14847 2 1
14848 3 1
14853 2 1
14853 3 2
14854 3 1
14857 2 1
1487 2 1
14876 2 1
14877 2 2
1488 2 1
14887 2 1
14888 3 1
1489 2 1
14894 3 1
14895 2 1
14895 3 2
14896 2 1
14910 3 1
14919 3 1
14922 2 2
14922 3 1
14923 3 1
14927 3 1
14931 3 1
14936 3 1
14944 3 1
14946 3 1
14948 3 1
14949 2 1
14949 3 2
14950 2 2
14951 2 1
14951 3 1
14952 2 1
14953 2 1
14954 3 1
14956 3 1
14957 2 1
14958 2 1
14959 3 1
1496 2 2
14967 2 1
14967 3 2
14968 3 1
1497 2 1
1497 3 1
14970 3 1
14971 2 1
14972 3 1
14974 2 1
14974 3 1
14976 3 1
14979 2 1
14979 3 1
14980 2 1
14983 3 1
14985 3 2
14986 3 1
14988 2 1
14988 3 1
14989 3 2
14992 2 1
14996 3 1
14997 2 1
14998 2 1
15000 3 1
1501 2 1
1501 3 1
15011 2 1
15011 3 1
15014 2 1
15014 3 1
15018 3 1
1502 2 2
15020 3 1
15022 3 1
15023 2 1
15026 3 1
15028 3 1
15029 2 1
1503 2 1
1503 3 1
15034 3 1
1504 2 1
15041 2 1
15042 3 1
15047 2 1
15048 2 2
15049 3 1
1505 3 1
15055 2 1
15056 2 1
15063 2 1
15067 2 1
15067 3 1
15068 2 2
15069 2 1
15069 3 1
1507 2 1
15075 3 1
1508 3 1
15081 2 1
15082 2 1
15083 2 2
15083 3 1
15084 3 1
15088 2 1
15089 2 1
15090 2 2
15090 3 1
15091 3 1
15097 2 1
15100 2 1
15100 3 1
15109 2 1
15110 2 2
15110 3 1
15111 2 1
15112 2 1
15118 3 1
15122 2 1
15122 3 1
15123 2 1
15124 3 2
15158 2 1
15159 3 1
15162 2 1
15162 3 1
15163 2 2
15163 3 1
15164 2 1
15165 3 1
15170 2 1
15175 3 1
15182 2 1
15182 3 1
15186 2 1
15187 3 1
15189 2 1
1519 2 1
15192 2 2
15193 2 1
15194 2 1
15195 3 1
15197 2 1
15197 3 2
15198 3 1
1520 2 2
1520 3 1
15202 2 1
15203 2 1
15204 3 1
15206 2 1
1521 3 1
15213 2 1
15216 2 1
15217 2 2
15217 3 1
15218 2 1
15219 3 1
15221 3 1
15224 3 1
15226 3 1
15229 2 1
1523 2 1
15231 2 1
15232 3 1
15234 2 1
15234 3 1
15236 2 1
15237 2 1
1524 2 1
15240 3 1
15242 2 1
15243 2 2
15243 3 1
15244 3 1
15246 3 1
15248 2 1
15248 3 1
15251 3 1
15252 2 1
15255 2 1
15255 3 1
15258 2 1
15258 3 2
15259 2 1
15260 3 1
15265 2 1
1527 2 2
1527 3 1
15270 2 1
15270 3 2
15272 2 2
15272 3 1
15273 3 1
15274 2 1
15275 3 1
15277 2 1
15277 3 1
15278 3 1
1528 3 1
15280 2 1
15280 3 1
15284 3 1
15289 2 1
15292 3 1
15295 2 1
15295 3 1
15298 3 1
15303 2 1
15304 2 2
15305 2 1
15305 3 1
1531 2 1
1531 3 1
15319 2 1
1532 2 1
1532 3 2
15320 3 1
1533 3 2
15335 2 1
15335 3 1
15336 2 1
15336 3 2
15341 2 1
15342 3 1
15345 3 1
1535 2 1
1535 3 1
15353 2 1
1536 3 1
15360 2 1
15360 3 2
15363 2 1
15363 3 1
15367 3 1
15372 2 1
15373 3 1
15375 2 1
15375 3 1
15377 3 1
1538 2 1
1538 3 1
15385 2 1
15385 3 1
15386 2 1
15387 2 2
15387 3 1
15388 3 1
15391 2 1
15391 3 1
15392 3 2
15394 2 1
15394 3 1
15396 2 1
15397 2 1
15398 2 1
15399 3 1
15415 3 1
15431 2 1
15432 2 2
15433 3 1
15435 3 1
15438 2 1
15438 3 1
1544 2 2
15441 3 1
15444 2 2
15444 3 1
15445 3 1
1545 2 1
1545 3 1
15455 3 1
15457 2 1
15458 3 1
1546 2 1
15460 3 1
15462 3 1
15465 2 1
15466 2 1
15467 2 1
1547 2 1
15474 3 1
1548 2 1
15481 3 1
15483 3 1
15487 3 1
15489 2 1
15494 2 1
15503 2 1
1551 2 1
1551 3 1
15510 3 1
15513 2 1
15513 3 2
15516 3 1
15518 3 1
15521 3 1
15524 2 1
15524 3 1
15527 2 1
15527 3 1
15528 3 1
15530 3 1
15539 2 1
15539 3 1
15540 3 1
15542 2 1
15542 3 2
15547 2 2
15549 2 1
1555 2 1
1555 3 1
15553 2 1
15553 3 1
15554 3 2
15556 2 1
15556 3 1
15557 2 1
15557 3 2
15559 3 1
1556 2 1
15562 2 1
15563 3 1
15565 3 1
15568 3 1
1557 3 2
15579 3 1
15583 3 1
15591 3 1
15597 3 1
15599 2 1
1560 2 1
1560 3 1
15600 3 1
15605 2 1
15606 3 1
15608 2 1
15608 3 1
1561 2 1
15615 2 1
15616 3 1
15618 3 1
15619 2 1
1562 2 2
15620 2 1
15620 3 2
15621 3 1
15627 3 1
15628 2 1
15629 2 1
1563 2 1
1563 3 1
15630 3 1
15632 2 1
15632 3 1
15635 3 1
15636 2 1
15636 3 2
15637 2 2
15638 2 1
15638 3 1
15639 2 1
1564 3 2
15641 3 1
15643 2 1
15644 2 2
15644 3 1
15645 3 1
15647 3 1
15649 3 1
15650 2 1
15650 3 2
15651 2 1
15652 2 1
15653 2 1
15657 2 1
15661 2 1
15662 2 1
15663 2 1
15664 2 2
15669 2 1
15669 3 2
1568 2 1
15685 2 1
1569 2 1
15696 2 1
1570 2 1
15701 3 1
15703 2 1
1571 2 1
15711 3 1
15714 2 1
15715 2 2
15716 2 1
15716 3 1
15717 3 2
1572 3 1
15724 2 1
15728 2 1
15729 2 2
15729 3 1
15730 3 1
15732 2 1
15732 3 2
15733 2 1
15734 3 1
15741 3 1
15742 2 1
15742 3 2
15743 2 2
15743 3 1
15744 2 1
15745 2 1
15746 2 1
15750 2 1
15753 3 1
15755 2 1
15755 3 1
15756 2 1
15757 3 2
15767 2 1
15768 2 1
15769 2 1
1577 3 1
15771 3 1
15780 2 1
15781 2 1
15781 3 2
15782 2 1
15782 3 2
15783 3 1
1579 3 1
15791 3 1
15793 2 1
15793 3 1
15797 2 2
15797 3 1
15798 3 1
15800 2 1
15801 2 1
15804 3 1
15805 2 1
15806 2 1
15806 3 2
15807 3 1
15809 2 2
15809 3 1
15810 2 1
15811 2 1
15812 3 1
15814 2 1
15814 3 1
15823 2 1
15824 2 1
15825 2 2
15825 3 1
15826 2 1
15827 3 1
15830 2 1
15831 3 1
15833 2 2
15833 3 1
15834 2 1
15834 3 1
15839 2 1
15849 3 1
15852 2 1
15858 3 1
15859 2 1
15867 2 1
1587 3 1
15870 2 1
15870 3 2
15871 3 1
15876 2 1
15881 3 1
15882 2 1
15883 2 1
15884 3 1
15886 2 1
1589 2 1
1589 3 1
15890 2 1
15890 3 1
15894 2 1
15894 3 1
15895 3 1
15897 3 1
1590 2 1
15901 3 1
15905 2 1
15906 3 1
15908 3 1
15911 3 1
15914 2 1
15915 2 2
15916 2 1
15916 3 1
15917 3 2
15919 2 1
1592 3 1
15920 3 1
15935 3 1
15936 2 1
15937 2 1
15938 2 1
15939 3 1
1594 3 1
15953 2 1
15954 3 1
15957 3 1
15963 2 1
15964 3 1
15967 3 1
15969 3 1
15971 3 1
15978 2 1
15978 3 2
15979 3 1
1598 3 1
15981 2 1
15982 3 1
15986 2 1
15987 2 1
15999 2 1
15999 3 2
16000 2 2
16001 2 1
16001 3 1
16002 3 1
16004 3 1
16006 2 1
16006 3 1
16007 2 1
16008 3 1
16022 2 1
16022 3 1
16023 2 2
16024 2 1
16024 3 1
16025 3 2
16027 2 1
16027 3 1
16028 2 1
16029 2 1
16031 3 1
16033 2 1
16033 3 1
16041 2 1
16041 3 2
16043 2 1
16044 3 1
16046 2 1
16046 3 1
16047 3 1
16051 2 1
16051 3 1
16052 2 1
16055 2 1
16055 3 1
16058 2 1
16059 3 1
1606 2 1
16061 2 1
16067 2 2
16067 3 1
16068 2 1
16069 3 1
1607 2 2
1607 3 1
16072 3 1
16073 2 1
16076 2 1
16076 3 1
16077 2 2
16078 2 1
16078 3 1
1608 3 1
16082 3 1
16089 2 2
16090 2 1
16090 3 1
16091 2 1
16092 3 1
16095 3 1
16103 2 2
16103 3 1
16104 3 1
16106 2 1
16106 3 1
16107 2 1
16109 3 1
16117 2 1
16117 3 1
16128 2 1
16128 3 2
16130 2 1
16135 2 1
16136 3 1
16139 2 1
16140 2 1
16141 3 2
16147 3 1
16148 2 1
16149 2 1
16154 2 1
16155 3 1
16157 3 1
16158 2 1
16164 2 2
16164 3 1
16165 2 1
16166 2 1
1617 2 1
1617 3 1
16170 3 1
16171 3 2
16172 2 1
16173 3 1
16176 3 1
16178 2 1
16178 3 2
16179 3 1
16181 2 1
16182 3 1
16186 2 1
16186 3 2
16187 2 1
16188 3 1
16190 2 1
16191 2 1
16191 3 2
16192 3 1
16204 2 1
16204 3 1
16209 2 1
1621 2 1
1622 2 1
16225 2 1
16226 2 2
16226 3 1
16227 2 1
1623 2 2
1623 3 1
16237 3 1
16239 2 1
1624 3 1
16242 2 1
16243 2 1
16247 2 1
16248 2 1
16249 3 2
16252 3 1
16262 3 1
16263 2 1
16267 2 1
16268 2 1
16268 3 2
16269 3 1
16271 2 2
16271 3 1
16272 2 1
16272 3 2
16273 2 1
16273 3 2
16274 3 2
16276 3 1
16278 3 1
16280 2 1
16280 3 1
16283 2 1
16284 2 1
16285 2 1
16288 2 1
16290 3 1
16292 3 1
16296 2 1
16301 2 1
16302 2 1
16303 2 2
1631 3 1
16310 2 1
16311 3 1
16315 2 1
16316 2 2
16317 3 1
16319 2 1
16319 3 1
16325 3 1
16329 3 1
16332 3 1
16333 2 1
16334 3 1
16336 2 1
16336 3 1
16339 2 2
16339 3 1
1634 3 1
16340 2 1
16340 3 1
16341 2 1
16346 3 1
16348 3 1
16353 2 1
16355 3 1
16358 3 1
16359 2 1
1636 2 1
16363 2 1
16364 2 1
16367 3 1
1637 3 1
16371 2 1
16372 2 2
16372 3 1
16373 2 1
16374 3 2
16376 3 1
16379 2 1
16383 2 1
16384 2 1
16385 3 1
16389 2 1
1639 2 1
1639 3 1
16390 3 1
16392 2 1
16397 2 1
16398 3 1
1640 2 1
16411 2 1
16411 3 1
16412 2 1
16415 2 1
16416 2 1
16422 2 1
16423 3 1
16425 3 1
16427 3 1
16429 3 1
16430 2 1
16433 2 1
1644 2 1
16440 2 1
16441 3 1
16443 2 1
16443 3 2
16444 2 1
16444 3 2
16445 2 2
16445 3 1
16446 2 1
16447 2 1
1645 3 1
16454 2 1
16455 2 1
16455 3 2
16456 3 1
16458 2 1
16458 3 2
16459 3 1
16461 2 1
16461 3 1
16462 2 2
16463 2 1
16463 3 1
16464 3 2
16465 3 1
1647 3 1
16472 2 1
16472 3 1
16473 2 1
16493 2 1
1650 2 1
1650 3 1
1651 2 1
16512 3 1
16519 2 1
16519 3 1
1652 2 1
16520 2 1
16521 2 2
16521 3 1
16522 2 1
16523 2 1
16523 3 2
16524 3 1
16530 2 1
16530 3 1
16531 2 1
16534 3 1
16538 2 1
1654 3 1
16541 2 1
16542 2 1
16543 2 1
16544 2 1
16548 3 1
16556 3 1
16558 3 1
16561 2 1
16564 3 1
16566 3 1
16574 3 1
16580 2 2
16580 3 1
16582 2 1
16583 2 1
16585 3 1
16589 2 2
16590 3 1
16591 2 1
16592 2 1
16593 3 1
16595 2 1
16595 3 2
16596 2 1
16597 2 1
1660 3 1
16602 3 1
16604 2 2
16604 3 1
16605 2 1
16605 3 1
16609 2 1
16614 2 1
16614 3 1
16615 2 2
16615 3 1
16616 2 1
1662 2 1
1662 3 1
16620 2 1
16620 3 1
16621 2 1
16621 3 2
16623 3 1
16625 3 1
16627 2 1
16627 3 1
1663 2 1
16637 2 1
1664 3 2
16644 2 1
16644 3 1
1666 3 1
16663 3 1
1668 2 1
1668 3 1
16683 3 1
16685 3 1
16697 3 1
16699 3 1
16701 3 1
16703 3 1
1671 2 1
1671 3 1
16711 2 2
16711 3 1
16712 2 1
16712 3 1
16713 2 1
16714 2 1
16718 3 1
1672 2 1
16721 2 1
16725 2 1
16726 2 2
16727 2 1
16727 3 1
16728 2 1
16729 3 2
16731 3 1
16734 2 1
16742 3 1
16745 2 1
16745 3 1
16746 2 1
16746 3 2
16748 2 1
16749 2 1
1675 3 1
16754 3 1
16765 3 1
16766 2 1
16768 3 1
1677 3 1
16770 3 1
16775 3 2
16776 3 1
16779 2 1
16779 3 1
1678 2 1
16781 2 1
16787 2 1
16787 3 1
16791 3 1
16793 2 1
16793 3 1
16794 2 2
16795 2 1
16795 3 1
16796 2 1
16797 3 1
16800 3 1
16803 2 1
16803 3 1
16806 3 1
16808 3 1
16818 3 1
1682 3 1
16820 3 1
16828 3 1
16834 3 1
16836 2 1
16837 2 1
16838 3 1
16842 2 1
16842 3 1
16848 3 1
1685 2 1
1685 3 1
16850 2 1
16852 3 1
16855 2 1
16856 2 1
16859 2 1
1686 2 1
16860 3 2
16863 2 1
16864 2 1
16864 3 2
16865 3 1
16868 3 1
16869 2 1
1687 2 2
1687 3 1
16870 3 1
16872 3 1
16874 2 1
1688 2 1
16881 2 1
16881 3 1
16882 2 1
16884 2 2
16885 3 1
16887 3 1
16888 2 1
16889 2 2
16889 3 1
16890 2 1
16891 3 1
16893 2 1
16893 3 2
16894 2 2
16894 3 1
16895 2 1
16896 2 1
16899 2 1
16899 3 1
16900 2 1
16901 2 1
16903 2 1
16904 3 1
16913 2 1
16914 2 2
1692 2 1
16925 3 1
16926 3 2
1693 3 1
16930 2 1
16931 3 1
16933 2 1
16938 3 1
16951 2 2
16952 2 1
16952 3 1
16955 3 1
16958 2 1
16958 3 1
16959 2 1
1696 3 1
16965 2 1
16969 3 1
16971 3 1
16973 2 1
16974 3 1
16977 2 1
16977 3 1
16978 3 1
16981 2 1
16986 2 1
16986 3 1
16987 2 2
16987 3 1
16988 2 1
16993 3 1
16995 3 1
16997 3 1
16999 2 1
16999 3 1
17001 2 2
17002 2 1
17002 3 1
17004 3 1
17012 2 1
17012 3 2
17013 3 1
17015 2 1
17021 2 1
17022 3 1
17024 3 1
17037 2 1
17038 2 2
17039 2 1
17039 3 1
1704 3 1
17040 3 2
17045 2 1
17045 3 1
17049 3 1
17053 2 1
17053 3 1
17054 2 1
17054 3 2
17055 2 1
17061 2 1
17065 3 1
17067 2 1
17068 3 1
17070 2 1
17070 3 2
17071 2 1
17072 2 2
17072 3 1
17073 3 1
17075 2 1
17075 3 1
17078 2 1
17079 2 1
1708 2 2
1708 3 1
17080 3 1
17082 2 1
17082 3 1
17083 2 1
17090 2 1
17096 3 1
17098 3 1
17100 3 1
17101 2 1
17102 3 1
17104 2 1
17104 3 2
17105 3 1
17109 2 1
17110 3 1
17115 2 1
17117 2 2
17117 3 1
17118 3 1
17122 3 1
17130 2 1
17130 3 1
17131 3 1
17134 2 1
17134 3 1
17137 2 1
17137 3 1
17138 3 2
17149 2 1
17149 3 1
1715 3 1
17150 2 1
17157 3 1
17159 3 1
17162 2 1
17163 2 1
17164 3 2
17169 3 1
1717 2 1
1717 3 1
17176 2 1
17177 3 1
17179 3 1
1718 2 1
17183 3 1
17185 3 1
17186 2 1
1719 3 2
17193 2 1
17194 2 2
17194 3 1
17195 2 1
17196 3 1
17201 3 1
17205 3 1
17207 2 2
17207 3 1
17208 3 1
1722 2 2
1722 3 1
17221 2 1
17225 2 1
17226 3 1
17228 3 1
1723 3 1
17233 3 2
17234 3 1
17244 3 1
17246 2 1
17246 3 1
17247 2 2
17248 3 1
1725 3 1
17255 2 1
17255 3 1
17256 2 2
17257 3 1
17263 3 1
17265 3 1
17267 3 1
17271 2 1
17274 3 1
17276 2 1
17276 3 1
17277 2 1
17277 3 2
17278 3 1
1728 2 1
17281 2 1
17281 3 1
17282 2 1
17283 3 2
17288 2 1
17289 3 1
1730 3 1
17302 2 1
17303 3 1
17309 2 1
17309 3 2
1731 2 1
17310 2 1
17311 3 1
17313 2 1
17313 3 1
17314 2 1
17317 2 1
17317 3 1
17318 2 1
17319 3 2
17321 2 1
17321 3 1
17322 2 2
17322 3 1
17323 2 1
17324 3 1
17326 3 1
17329 3 1
17335 2 1
17335 3 2
17336 3 1
17339 2 1
17340 3 1
17342 2 1
17342 3 2
17343 2 2
17344 2 1
17344 3 1
1735 3 1
17350 3 1
17352 3 1
17354 3 1
17355 3 2
17358 2 1
17359 3 1
17363 3 1
17366 2 1
17367 2 2
17367 3 1
17368 2 1
1737 3 1
17372 2 2
17372 3 1
17373 2 1
17373 3 1
17374 2 1
17375 3 2
17381 2 1
17385 3 1
17387 2 1
17393 2 1
17394 2 1
17397 2 1
17398 2 1
17399 2 1
17400 2 2
17401 3 1
17403 2 1
17403 3 1
1741 2 1
1741 3 1
17412 2 1
17413 3 1
17417 2 1
17417 3 1
17427 3 1
17434 2 1
17434 3 1
17435 2 1
17438 2 1
1744 3 1
17441 2 1
17441 3 1
17442 2 1
17443 2 1
17449 2 1
17452 2 1
17453 2 2
17454 2 1
17454 3 1
17455 3 2
17457 3 1
17460 3 1
17467 2 1
17468 2 1
17469 2 1
17470 2 1
17475 3 1
17477 2 1
1748 2 2
1748 3 1
1749 3 1
17496 3 1
17498 2 1
17501 3 1
17503 2 1
17503 3 1
17504 2 2
17505 2 1
17505 3 1
17508 2 1
1751 2 1
17511 2 1
17512 2 1
17513 2 1
17516 3 1
17518 2 1
17519 2 1
1752 2 1
17520 2 1
17521 3 1
17523 2 1
17523 3 1
17527 3 1
1753 3 1
17535 3 1
17544 3 1
17546 2 2
17546 3 1
17547 2 1
17547 3 1
1755 3 1
17551 3 1
17553 2 1
17553 3 1
17554 2 1
17555 2 1
17557 3 1
17559 3 1
17561 3 1
1757 3 1
17577 2 1
17578 2 1
17579 3 1
17581 2 1
17586 2 1
17586 3 1
17587 3 2
17589 2 1
17589 3 1
17591 2 2
17592 3 1
17594 3 1
17596 2 1
17596 3 2
17598 2 2
17598 3 1
17599 3 1
17602 3 1
17603 2 1
17604 2 1
17605 2 1
17609 2 2
17610 2 1
17611 2 1
17612 3 1
17614 3 1
17616 2 1
17616 3 1
17617 2 1
17617 3 2
17618 2 1
17619 2 2
17619 3 1
1762 2 1
1762 3 1
17624 2 1
17625 3 1
17629 2 1
1763 3 1
17630 2 1
17632 2 2
17632 3 1
17633 3 1
17637 3 1
17639 3 1
17640 2 1
17641 2 2
17641 3 1
17642 2 1
17643 3 2
17645 2 1
17645 3 1
17646 2 1
17647 2 1
1765 3 1
17653 3 1
17654 2 1
17654 3 2
1766 2 1
17661 2 1
17661 3 1
17663 3 1
17665 3 1
17667 3 1
17672 2 1
17676 2 1
17676 3 1
17685 2 1
17685 3 1
17686 2 1
17686 3 2
17687 2 2
17688 3 1
1769 2 1
1769 3 1
17690 2 1
17691 2 1
17692 2 1
17695 2 1
17696 2 2
17696 3 1
17697 2 1
17698 2 1
1770 2 1
17706 3 1
17708 3 1
17711 3 1
17715 3 1
17717 3 1
17726 2 1
1773 3 1
17730 3 1
17733 3 1
17743 2 1
17743 3 1
17744 2 1
17744 3 2
1775 2 1
1776 3 1
17761 2 1
17765 2 1
17769 3 1
17770 2 1
17771 3 2
17773 3 1
17778 3 1
17786 3 1
1779 2 1
17797 2 1
1780 3 1
17803 2 1
17803 3 2
17804 2 2
17804 3 1
17805 2 1
17806 2 1
17812 2 1
17813 2 1
17816 2 2
17816 3 1
17817 3 1
1782 2 1
1782 3 1
17821 2 1
17827 2 1
17828 2 2
17828 3 1
17835 3 1
17849 3 1
17856 2 1
17856 3 2
17857 2 1
17864 2 1
17865 2 1
17866 3 1
17868 2 1
17871 2 1
17871 3 1
17872 3 2
17882 3 1
17884 3 1
17886 2 1
17887 3 1
17889 2 1
17889 3 2
17892 2 1
17893 3 1
17895 2 1
17896 3 1
1790 2 1
17902 2 1
17905 2 1
17905 3 1
17906 2 1
17907 3 2
17909 3 1
17911 3 1
17913 2 1
17913 3 1
17921 2 1
17922 2 2
17922 3 1
17923 2 1
17924 3 1
17928 2 1
17928 3 1
17929 3 1
17931 3 1
17933 2 1
17937 2 1
17938 3 1
17940 2 1
17940 3 1
17942 3 1
17944 2 1
17944 3 1
17945 2 1
17948 3 1
17949 3 2
17953 3 1
17955 2 1
17956 3 1
17958 2 1
17960 3 1
17969 3 1
1797 2 1
17971 3 1
17974 2 1
17975 2 1
17976 3 2
17978 3 1
17980 2 1
17980 3 1
17985 3 1
17992 2 1
17993 2 1
17996 3 1
18000 2 1
18000 3 2
18001 3 1
18003 2 1
18009 2 1
18009 3 1
1801 2 1
1801 3 2
18010 3 1
18013 2 1
18014 3 1
1802 2 1
1803 2 1
18032 3 1
18035 3 1
18037 2 1
18037 3 1
18038 2 1
18039 3 2
1804 2 1
18041 2 1
18041 3 1
18044 2 1
18046 3 1
18048 2 1
18049 2 1
1805 2 2
18050 3 1
18054 2 1
18054 3 1
1806 3 1
18060 2 1
18060 3 1
18072 2 1
18073 2 1
1808 3 1
18082 3 1
18086 2 2
18086 3 1
18087 2 1
18088 3 1
18092 3 1
18093 2 1
18095 2 1
18096 3 1
18098 2 1
18101 2 1
18102 3 1
18105 2 1
18123 3 1
18125 2 1
18125 3 1
18126 3 1
1813 3 1
18136 2 1
18137 3 1
1814 2 1
18141 2 1
18141 3 2
18142 2 1
18143 3 1
18145 2 1
18145 3 1
18146 3 1
18152 3 1
18154 3 1
18157 2 1
18158 2 1
18159 3 1
18163 2 1
18164 3 1
18169 2 1
18170 2 1
18170 3 2
18171 3 1
18174 2 1
18174 3 1
18177 2 1
18177 3 1
18178 2 1
18179 2 2
18180 2 1
18180 3 1
18181 3 2
18188 2 1
18188 3 1
18190 3 1
18192 3 1
18194 2 1
18195 2 1
18196 3 1
18198 2 2
18198 3 1
18199 2 2
18199 3 1
1820 2 1
1820 3 1
18200 2 1
18200 3 1
18204 3 1
18205 2 1
18206 3 1
18209 2 1
18212 3 1
18214 3 1
18218 2 1
18219 3 1
18223 3 1
18226 2 1
18227 3 1
18236 2 1
18237 3 1
18239 3 1
18241 3 1
18246 2 1
18246 3 1
18247 2 2
18247 3 1
18248 2 1
18249 2 1
1825 3 1
18252 2 1
18252 3 1
18253 2 1
18253 3 2
18254 2 1
18255 2 2
18256 2 1
18256 3 1
18257 3 2
18264 3 1
18265 2 1
18268 2 1
18268 3 1
1827 2 1
1827 3 1
18277 2 1
18278 2 2
18278 3 1
18279 2 2
18279 3 1
1828 2 1
18280 3 1
18284 2 1
1829 2 1
18300 2 1
18300 3 1
18301 2 1
18309 2 1
18309 3 1
18310 2 1
18310 3 2
18311 2 2
18312 3 1
18316 2 1
18317 3 1
18320 2 1
18321 2 1
18322 2 1
18326 2 1
18327 2 1
18327 3 2
18328 3 1
18347 2 1
18347 3 1
18349 3 1
1835 2 1
18352 2 1
18353 2 1
18353 3 2
18354 2 1
18354 3 2
18355 2 1
18355 3 2
18356 3 2
18358 3 1
1836 2 1
18362 3 1
1837 3 1
18372 3 1
18381 2 1
18381 3 1
18383 3 2
18384 3 1
18386 2 1
18387 3 1
18389 3 1
18392 2 1
18395 2 2
18395 3 1
18396 2 1
18397 2 1
18407 2 1
18408 2 1
18409 2 1
18409 3 2
18410 2 1
18410 3 2
18411 3 1
18413 2 1
18414 2 1
18415 2 2
18416 3 1
18418 3 1
18419 2 1
1842 3 1
18420 3 1
18422 3 1
18424 2 1
18424 3 2
18425 3 1
18430 2 1
18431 3 1
1844 3 1
18440 2 1
18441 2 2
18442 2 1
18442 3 1
18446 2 1
18446 3 1
18455 2 1
18456 3 1
18458 3 1
1846 2 1
18460 3 1
18462 2 1
18462 3 2
18463 3 1
18466 3 1
18468 2 2
18468 3 1
18469 2 1
1847 3 2
18473 2 1
18473 3 1
18479 3 1
18482 3 1
18484 2 1
18484 3 2
18485 2 1
18486 3 1
18489 2 1
1849 3 1
18490 2 1
18491 3 1
18493 2 1
18494 3 1
18497 2 1
18502 3 2
18503 3 1
18507 2 1
18508 2 2
18508 3 1
18515 2 1
18515 3 1
18516 2 2
18517 3 1
18522 2 1
18523 3 1
18526 2 1
18527 2 1
18531 2 1
18532 2 1
18533 2 2
18533 3 1
18534 3 1
18541 2 1
18542 2 1
18543 2 1
18545 2 2
18545 3 1
18546 3 1
18548 2 1
18549 2 2
18550 3 1
18558 3 1
18569 2 1
18569 3 1
1857 3 1
18575 3 1
18577 2 1
18578 2 2
18578 3 1
18579 2 1
18580 3 1
18582 2 1
18582 3 2
18584 2 1
18585 3 1
18587 2 1
18588 2 1
18588 3 2
18589 3 1
1859 3 1
18597 2 1
18597 3 1
18598 2 2
18599 2 1
18599 3 1
18601 3 1
18607 2 1
18607 3 1
18608 3 2
18613 2 1
18613 3 1
18614 2 1
18615 2 1
18616 2 2
18616 3 1
18617 3 1
18619 3 1
1862 3 1
18623 2 1
18623 3 1
18624 2 1
18625 2 1
18626 2 1
18627 2 2
18627 3 1
18628 3 1
18632 3 1
18636 3 1
18639 2 1
18639 3 1
1864 3 1
18640 2 1
18653 2 1
18653 3 1
18657 2 1
18657 3 2
18658 2 2
18658 3 1
18659 2 1
18662 3 1
18665 3 1
18674 2 1
18674 3 1
18675 3 1
18679 2 1
18679 3 1
1868 2 1
1868 3 2
18680 2 1
18690 2 1
18692 2 2
18693 2 1
18693 3 1
18694 2 1
1870 3 1
18703 2 1
18703 3 1
18715 2 1
18718 2 1
18718 3 1
18719 2 1
18726 2 2
18726 3 1
18727 2 1
18727 3 1
18731 2 1
18732 2 1
18735 2 1
18735 3 1
18738 3 1
18741 2 1
18741 3 1
18745 2 1
18745 3 1
18748 2 1
18749 3 2
18753 2 1
18754 3 1
18756 2 1
18756 3 2
18757 3 1
18761 3 1
18764 3 1
18768 3 1
1877 2 2
1877 3 1
18770 3 1
18772 2 1
18772 3 1
18778 2 1
1878 3 1
18781 2 1
18782 2 1
18783 2 1
18787 2 1
18787 3 2
18788 3 1
18793 2 1
18794 3 1
18799 3 1
18801 3 1
18803 2 1
18804 2 2
18805 2 1
18805 3 1
18806 2 1
18807 2 1
18811 3 1
18815 2 1
18820 2 1
18828 2 1
18837 2 1
18838 2 1
1884 3 1
18845 2 1
18850 2 1
18851 2 1
18852 3 1
18855 2 1
18856 3 1
18858 2 1
18858 3 1
18859 2 2
1886 2 1
1886 3 1
18860 2 1
18860 3 1
18861 2 1
18862 2 1
18865 2 1
18866 2 1
18869 3 1
18872 2 1
18873 2 1
18875 3 1
18877 2 1
18886 2 1
18887 2 2
18888 2 1
18888 3 1
18889 3 2
18893 3 1
18897 2 2
18897 3 1
18898 3 1
18903 2 1
18905 2 2
18905 3 1
18906 3 1
18908 2 1
18908 3 1
18909 3 2
18911 3 1
18912 2 1
18915 2 1
18925 2 1
18925 3 1
18926 2 1
18927 2 1
18928 3 2
1893 2 1
18932 2 2
18932 3 1
18933 2 1
18933 3 1
18934 2 1
18935 3 2
18938 3 1
1894 2 2
18942 2 1
18943 2 1
18944 2 2
18945 3 1
18947 2 1
18947 3 1
1895 2 1
1895 3 1
18955 2 1
18955 3 1
18958 2 1
18959 3 1
18961 3 1
18962 2 1
18963 3 2
18972 2 1
18980 2 1
18981 2 1
18984 3 2
18985 3 1
18987 2 1
18987 3 1
18988 3 2
18991 3 1
18994 3 1
18996 2 1
18997 3 2
19005 3 1
19007 2 1
19007 3 1
19010 2 1
19010 3 1
19011 2 2
19012 3 1
19014 2 1
19019 2 1
19019 3 1
19020 2 1
19021 2 2
19021 3 1
19025 2 1
19026 2 1
19029 2 1
19029 3 1
19030 2 1
19034 2 1
19034 3 2
19035 2 1
19036 2 1
1904 3 1
19040 2 1
19054 2 1
19055 2 2
19056 2 1
19056 3 1
19057 2 1
19058 3 2
19064 2 1
19065 3 1
19068 2 1
19068 3 1
1907 2 1
19071 2 1
19072 3 1
19075 3 1
19079 3 1
19080 2 1
19096 3 1
1911 3 1
19110 2 1
19111 3 1
19117 3 1
19118 2 1
19118 3 2
19119 3 1
19123 2 1
19124 3 1
19126 3 1
19128 3 1
19130 3 1
19138 2 1
19138 3 1
19139 3 2
19145 2 1
19146 3 1
19158 2 1
19158 3 2
19159 2 1
19160 3 1
19163 3 1
19167 2 1
19167 3 2
19171 2 1
19171 3 1
19173 3 1
19175 2 1
19175 3 2
19178 2 1
19178 3 2
19179 2 1
1918 2 1
19183 3 1
19185 3 1
1919 2 1
19191 2 1
19194 2 1
19195 3 2
19198 2 1
19198 3 1
19199 2 1
19200 3 1
19202 2 1
19203 3 2
19205 2 1
19205 3 1
19206 2 1
19224 2 1
19224 3 1
19225 3 2
19229 2 1
19230 2 1
19233 2 1
19233 3 1
19234 2 1
19238 2 1
19245 2 1
19245 3 1
19254 2 1
19254 3 1
19257 2 1
19258 2 1
19259 2 1
19264 2 1
19265 3 1
19267 2 1
19267 3 1
19268 3 1
19270 3 1
19271 2 1
19272 3 1
19275 2 1
19276 2 1
1928 2 1
19280 3 1
19282 2 1
19282 3 2
19284 3 1
19289 3 1
1929 2 2
1929 3 1
19291 2 1
19291 3 2
19299 3 1
1930 2 1
19303 2 1
19303 3 1
19304 3 1
1931 2 1
19313 2 1
19314 2 1
19315 2 1
19315 3 2
19316 3 1
1932 3 2
19323 2 1
19323 3 1
19325 2 1
19328 2 1
19328 3 1
19329 2 1
19329 3 2
19330 2 1
19330 3 2
19331 3 1
19335 2 1
1934 2 1
1934 3 1
19342 2 2
19342 3 1
19343 2 1
19343 3 1
19344 2 1
19347 2 1
19347 3 1
1935 2 2
1935 3 1
19355 2 1
19355 3 1
19356 3 1
1936 2 1
19360 2 1
19360 3 1
19363 3 1
19365 3 1
19380 3 1
19384 2 1
19384 3 1
19392 3 1
19394 2 2
19395 2 1
19395 3 1
19398 2 1
19399 2 1
19400 3 2
19408 2 1
19409 2 1
1941 3 1
19410 2 1
19412 2 1
19413 3 1
19416 2 1
19423 2 1
19424 2 1
19427 2 1
19428 3 1
19430 2 1
19431 3 1
19433 2 1
19434 2 1
19435 2 1
19435 3 2
19436 2 1
19436 3 2
19437 3 1
19441 3 1
19443 2 1
19444 2 1
19444 3 2
19445 3 1
19447 2 1
19447 3 1
19448 3 1
1945 3 1
19451 2 2
19452 2 1
19452 3 1
19455 2 1
19456 3 1
19465 2 1
19465 3 1
19466 2 1
19466 3 2
19467 2 1
19467 3 2
1947 3 1
19470 2 1
19470 3 2
19471 3 1
19473 2 1
19473 3 1
19481 2 1
19481 3 1
19482 2 1
19483 2 1
19491 2 1
19491 3 1
19492 3 1
19496 2 1
19497 2 1
19498 3 1
19503 3 1
19505 3 1
19508 3 1
19513 2 1
19514 2 1
19519 2 1
1952 3 1
19522 2 1
19523 2 1
19535 2 1
19535 3 2
19536 2 1
19537 2 2
19538 3 1
1954 2 1
1954 3 1
19540 3 1
19542 3 1
19551 2 1
19552 3 1
19554 2 1
19554 3 2
19555 3 1
19557 2 1
19557 3 1
19558 2 1
19558 3 2
19559 2 2
19560 2 1
19560 3 1
19561 3 1
19565 2 1
19565 3 2
19566 3 1
19569 2 1
1957 3 1
19570 2 1
19570 3 2
19571 3 1
19573 2 2
19573 3 1
19574 2 1
19575 2 1
19585 2 1
19585 3 1
19586 2 2
19587 2 1
19587 3 1
19588 3 1
1959 3 1
19591 2 1
19591 3 1
19592 2 1
19598 2 1
1960 2 1
19600 3 1
19606 3 1
19607 3 2
19608 2 1
19609 3 1
1961 3 1
19612 2 1
19613 3 2
19616 2 1
19616 3 1
19617 2 2
19618 3 1
19619 2 1
19620 2 1
19622 2 1
19623 3 1
19625 2 2
19625 3 1
19626 2 1
19627 2 1
19628 3 1
1963 2 1
19630 3 1
19633 3 1
19635 2 1
1964 2 1
1965 2 1
19651 3 1
19653 2 1
19653 3 1
19662 2 2
19662 3 1
19663 3 1
19664 2 1
19670 2 1
19670 3 1
19671 2 1
19672 2 2
19672 3 1
19675 2 1
19676 2 1
19676 3 2
19677 3 1
1968 2 1
1968 3 1
19683 2 1
19684 2 1
19685 3 1
19687 3 1
1969 2 1
19692 3 1
19695 3 1
1970 2 1
19701 2 1
19701 3 2
19702 3 1
19705 2 1
19705 3 1
19706 2 1
19706 3 2
19711 2 1
19712 3 1
19714 2 1
19714 3 1
19717 2 2
19717 3 1
19718 2 2
19718 3 1
19719 2 1
19719 3 1
1972 3 1
19721 2 1
19726 2 1
19727 2 1
19735 2 1
19736 2 1
19736 3 2
19737 3 1
19739 2 1
19739 3 1
19740 2 1
19746 2 1
19748 3 1
1975 2 1
19750 2 1
19750 3 1
19759 3 1
1976 3 1
19761 2 2
19761 3 1
19762 2 1
19768 2 1
19768 3 2
19769 3 1
19771 2 1
19771 3 1
19772 2 1
19772 3 2
19775 3 1
19778 2 1
19786 2 1
19786 3 1
19788 3 1
19790 3 1
19792 3 1
19798 2 1
19798 3 1
19799 2 1
19801 2 1
19801 3 2
19802 2 1
19802 3 2
19803 2 1
19803 3 2
19804 2 1
19804 3 2
19805 3 1
19808 3 1
19810 3 1
19812 3 1
19814 2 1
19814 3 1
19818 2 1
19819 2 1
1982 2 1
19822 2 2
19823 2 1
19823 3 1
19824 2 1
19825 3 2
19827 2 1
19828 3 1
1983 3 1
19830 2 2
19830 3 1
19831 2 1
19834 2 1
19835 2 1
19840 2 1
19840 3 1
19841 2 2
19842 2 1
19842 3 1
19843 3 2
19846 3 1
1985 2 2
1985 3 1
19854 2 1
19857 2 2
19857 3 1
19858 2 1
19859 3 1
1986 2 1
1986 3 1
19861 3 1
19869 3 1
19871 3 1
19873 2 1
19873 3 1
19874 2 1
19875 2 2
19875 3 1
19876 2 1
19877 3 1
19879 2 1
19880 3 1
19883 2 1
19883 3 1
19884 2 1
19884 3 2
19885 2 1
19885 3 2
1989 2 1
1989 3 1
19894 2 1
19898 3 1
1990 3 1
19900 3 1
19903 3 1
19908 2 1
19908 3 1
19915 3 1
1992 2 1
19921 3 1
19932 2 1
19940 3 1
19942 2 1
19944 3 1
19946 2 1
19946 3 1
1995 2 1
19951 2 1
19951 3 1
19952 3 1
19955 2 1
19956 2 2
19956 3 1
19957 2 1
1996 2 1
19960 3 1
19962 2 1
19963 3 1
19965 3 1
19967 3 1
19968 2 1
1997 3 2
19970 2 1
19971 2 1
19975 2 1
19976 3 1
1998 3 1
19982 2 1
19987 2 2
19987 3 1
19988 2 1
19993 2 1
19993 3 1
19994 2 1
2000 3 1
20003 3 1
20006 2 1
20006 3 1
20007 2 2
20008 2 1
20008 3 1
20009 3 2
20012 2 1
20012 3 1
20014 3 1
20019 2 1
20022 2 1
20022 3 1
20023 2 1
20023 3 2
20025 3 1
20029 2 1
2003 2 1
2003 3 1
20033 3 1
20035 3 1
2004 2 1
2004 3 2
20041 2 1
20042 3 1
20044 2 1
20044 3 1
20045 3 2
20049 3 1
20052 3 1
20054 2 1
20055 2 1
20059 2 1
20062 2 1
20063 2 1
20063 3 2
20064 2 1
20064 3 2
20065 3 1
20067 2 1
20067 3 1
20068 3 2
20071 2 1
20071 3 1
20072 2 1
20072 3 2
20073 2 1
20074 2 1
20078 2 1
20078 3 2
20079 2 1
20087 3 2
20088 3 1
20091 3 1
20092 2 1
20093 3 2
20095 2 1
20095 3 1
20096 3 1
20099 2 1
2010 2 1
20102 3 1
20104 3 1
20108 2 1
20108 3 1
20109 2 1
20109 3 2
20112 2 1
20113 2 1
20114 2 1
20115 2 2
20115 3 1
20116 2 1
20122 3 1
20124 3 1
20126 2 1
20126 3 1
20129 3 1
20131 3 1
20133 2 1
20133 3 1
20138 2 1
2014 2 1
2014 3 2
20141 3 1
20143 3 1
20145 3 1
20147 3 1
2015 3 1
20150 2 1
20150 3 2
20151 3 1
20153 2 1
20154 2 1
20155 3 1
20160 2 1
20160 3 1
20162 3 1
20168 3 1
20170 2 1
20170 3 2
20171 2 1
20171 3 2
20172 2 2
20172 3 1
20173 2 1
20174 2 1
20175 2 1
20179 2 1
2018 2 1
20185 3 1
2019 3 2
20191 2 1
20204 2 1
20204 3 1
20205 2 1
20205 3 2
20206 3 2
20215 2 1
20218 2 1
20218 3 1
20219 3 1
20221 2 2
20221 3 1
20222 2 1
20223 2 1
20223 3 2
20224 3 1
20226 3 1
20228 3 1
20229 2 1
20233 2 1
20234 2 1
20235 2 2
20236 2 1
20236 3 1
20237 3 2
20246 2 1
20247 2 1
20247 3 2
20248 3 1
20254 2 2
20255 2 1
20255 3 1
20256 2 1
20260 2 1
20260 3 1
20262 2 1
2027 2 1
20275 2 1
20278 2 1
20279 2 1
20280 3 1
20282 3 1
20284 2 1
20286 3 1
20292 2 1
20293 3 1
20295 2 1
20295 3 2
20297 2 1
20298 3 1
20300 3 1
20301 2 1
20305 2 1
20309 2 1
20310 3 1
20312 3 1
20314 2 1
20315 2 1
20317 2 1
20318 2 1
2032 2 2
20322 2 1
20324 3 1
2033 2 2
2033 3 1
20333 2 1
20333 3 1
20334 2 1
20334 3 2
20337 2 1
20337 3 2
20338 2 1
20338 3 2
20339 3 1
2034 2 1
2034 3 1
20341 2 1
20342 3 1
20346 2 1
20346 3 1
20347 2 1
20348 3 1
20351 2 1
20351 3 1
20357 2 1
20357 3 1
20358 2 2
20359 2 1
20359 3 1
20360 2 1
20363 2 1
20363 3 1
20364 2 1
20365 2 2
20366 3 1
20372 3 1
20375 2 1
20376 2 1
20377 2 2
20377 3 1
20378 2 1
20379 3 1
20385 3 1
2039 3 1
20392 3 1
20399 2 2
20399 3 1
20400 2 1
20400 3 1
20408 3 1
20411 2 1
20412 2 1
20413 2 2
20414 2 1
20414 3 1
20415 3 2
20418 2 1
20419 2 1
20425 3 1
2043 2 1
2043 3 2
20432 2 1
20437 2 1
20438 2 2
20439 2 1
20439 3 1
2044 3 1
20440 2 1
20441 2 1
20459 3 1
20469 3 1
20471 2 1
20471 3 1
20472 2 1
20472 3 2
20473 2 2
20473 3 1
20474 2 1
20475 2 1
20488 2 2
20488 3 1
20489 2 1
20490 2 1
20490 3 2
20491 3 2
20493 2 1
20493 3 1
20494 2 2
20495 2 1
20495 3 1
20498 3 1
20506 2 1
20507 2 1
20508 2 1
20510 3 1
20512 2 1
20512 3 1
20513 2 1
20513 3 2
20514 2 1
20515 3 1
20517 2 1
20517 3 1
2052 3 1
20523 3 1
20524 2 1
20525 3 2
20528 2 1
20528 3 1
20529 2 1
20529 3 2
20530 2 2
20534 3 1
20550 2 1
20551 2 2
20551 3 1
20552 3 1
20556 2 1
20556 3 2
20557 2 1
20559 3 1
20564 2 1
20565 3 1
20568 2 1
20568 3 2
20569 2 1
20572 3 1
20573 2 1
20574 3 1
2058 2 1
20580 3 1
20582 2 1
20583 3 1
2059 3 1
20599 2 1
20600 2 1
20601 3 1
20603 2 1
20604 3 1
20606 2 1
20606 3 1
20607 2 1
20608 2 1
20609 3 2
20612 3 1
20614 2 1
20614 3 1
20615 2 1
20616 3 2
20618 2 2
20618 3 1
20619 2 1
20619 3 1
20620 2 1
20621 3 2
20624 3 1
20625 2 1
20626 2 2
20626 3 1
20627 3 1
20629 3 1
20632 2 1
20632 3 1
20636 3 1
20642 2 2
20642 3 1
20643 2 1
20643 3 1
20645 3 1
20647 3 1
20649 2 1
20650 2 1
20650 3 2
20651 3 1
20656 2 1
20664 3 1
20666 2 1
20667 2 1
20668 2 2
20668 3 1
20669 2 1
20670 3 2
20672 2 1
20672 3 1
20674 3 1
20678 2 1
20679 2 1
20680 3 1
20686 2 1
20688 3 1
20690 3 1
20691 2 1
20692 3 1
2070 2 1
2070 3 1
20704 3 1
20707 3 1
20709 3 1
2071 3 1
20714 3 1
20715 2 1
20728 2 1
20733 2 1
20733 3 1
20739 2 1
20740 2 2
20740 3 1
20741 2 1
20742 2 2
20742 3 1
20743 3 1
20746 3 1
20747 3 2
20749 3 1
20751 2 1
20752 3 1
2076 2 1
2076 3 2
20760 2 1
20760 3 1
20761 2 1
20761 3 2
20762 2 1
20765 3 1
20767 2 1
20767 3 1
2077 2 2
2077 3 1
2078 2 1
20780 3 1
20782 2 1
20783 3 1
20785 3 1
20787 3 1
20792 2 1
20792 3 1
20793 3 2
20795 2 1
20795 3 1
20796 3 1
20798 2 1
20799 3 1
20802 2 2
20803 2 1
20803 3 1
20817 2 1
20818 2 1
20819 3 1
2082 2 1
20821 2 1
20824 2 1
20824 3 1
20825 2 1
20826 3 1
20829 2 1
20829 3 2
20830 2 1
20830 3 2
20831 3 1
20836 2 1
20837 2 1
20838 3 1
20841 2 1
20841 3 1
20844 2 2
20844 3 1
20845 2 1
20845 3 1
20846 2 1
20847 2 1
20847 3 2
20848 3 1
20850 2 1
20851 3 1
20853 3 1
20856 3 1
20857 2 1
20858 2 1
20859 2 1
2086 2 1
2086 3 1
20860 3 1
20863 2 1
20863 3 1
2087 2 1
20871 3 1
20879 2 1
20879 3 1
2088 2 1
20880 2 1
20880 3 2
20881 2 1
20881 3 2
20882 2 2
20883 2 1
20883 3 1
20884 3 2
20886 2 1
20886 3 1
20887 2 2
20887 3 1
20888 2 1
20889 3 2
20891 2 1
20891 3 1
20892 2 1
20892 3 2
20893 2 1
20893 3 2
20896 2 2
20896 3 1
20897 3 1
20901 2 1
20905 2 1
20905 3 1
20906 3 2
20910 2 1
20910 3 2
20911 2 2
20911 3 1
20912 2 1
20913 3 2
20915 3 1
20917 2 1
20917 3 2
20918 3 1
20920 2 1
20920 3 1
20932 2 1
20933 2 1
20938 3 1
2094 2 1
2094 3 1
20940 2 1
20940 3 1
20944 2 1
20945 3 1
2095 3 2
20950 3 1
20953 2 1
20953 3 1
20956 3 1
20958 2 1
20959 2 2
20959 3 1
20960 3 1
20962 2 1
20963 2 1
2097 3 1
20977 3 1
20979 2 1
20980 3 1
20984 2 1
20989 3 1
20991 3 1
20993 3 1
20995 3 1
20997 3 1
21010 3 1
21012 2 2
21012 3 1
21013 3 1
21016 2 1
21017 3 1
21019 2 1
2102 2 1
2102 3 1
21021 2 2
21021 3 1
21022 2 1
21023 2 1
21028 2 1
21029 2 2
21029 3 1
21030 2 1
21031 3 1
21035 2 1
21035 3 2
21036 2 1
2104 3 2
21048 2 1
21048 3 1
21049 2 1
21049 3 2
2105 3 1
21050 3 2
21053 3 1
21055 2 1
21055 3 2
21056 2 2
21056 3 1
21057 2 1
21058 3 1
21064 2 1
21065 2 2
21066 3 1
21069 3 1
2107 2 1
2107 3 2
21071 3 1
21072 2 1
21073 3 2
2108 2 1
21084 3 1
21089 3 1
2109 3 1
21093 2 1
21093 3 1
21094 3 2
21097 2 1
21098 2 1
21099 2 1
21100 2 1
21101 3 2
21108 3 1
21110 2 1
21110 3 1
21111 3 2
21114 2 2
21114 3 1
21115 3 1
21117 2 1
21117 3 1
2112 2 2
2112 3 1
21123 2 2
21124 2 1
21124 3 1
21125 2 1
21126 3 2
2113 2 1
2113 3 1
21130 2 1
21136 3 1
21144 3 1
21146 2 1
21147 2 1
21148 2 2
21148 3 1
21149 2 1
21150 2 1
21151 3 1
21155 2 1
21156 2 2
21157 3 1
21159 2 1
21159 3 1
21160 2 2
21160 3 1
21161 2 1
21162 2 1
21163 3 1
21166 2 1
21166 3 2
21167 2 2
21168 2 1
21168 3 1
2117 2 1
2117 3 1
21171 3 1
2118 2 2
2118 3 1
21180 2 1
21183 2 1
21183 3 1
21184 2 1
21184 3 2
21185 2 2
21186 2 1
21186 3 1
21187 2 1
21187 3 2
21188 3 2
2119 2 1
21190 3 1
21195 3 1
21196 2 1
2120 2 1
21208 2 1
2121 3 1
21226 3 1
21229 2 1
21246 2 1
21246 3 1
21250 2 1
21250 3 2
21251 3 1
21259 2 2
21259 3 1
21260 2 1
21260 3 1
21269 2 1
2127 3 1
21270 2 1
21271 3 1
21280 2 1
21281 2 1
21282 2 2
21283 3 1
21287 2 1
21288 3 1
2129 3 1
21291 3 1
21297 3 1
21299 3 1
21301 3 1
21303 2 1
21303 3 1
21304 2 1
21305 3 1
21318 2 1
21319 2 1
21320 2 1
21321 3 1
21323 2 1
21325 3 1
21328 3 1
2133 2 1
21331 2 1
21331 3 1
21334 3 1
21336 2 1
21337 2 1
21338 2 2
21338 3 1
21339 3 1
21341 3 1
21343 2 1
21343 3 1
21350 3 1
21352 3 1
21354 2 1
21363 2 1
21364 2 1
2137 2 1
2137 3 1
21371 2 1
21371 3 1
21377 2 1
2138 3 1
21380 2 1
21380 3 2
21381 2 1
21381 3 2
21382 3 1
21384 2 1
21387 3 1
21389 2 1
21389 3 1
21390 2 1
21393 2 1
21394 3 2
21396 2 1
21396 3 1
21397 3 1
2140 2 1
2140 3 2
21401 3 1
21403 2 1
21404 2 1
21408 2 2
21408 3 1
21409 3 1
2141 2 1
21411 2 1
21412 3 1
21414 3 1
21418 3 1
21425 3 1
21427 2 1
21427 3 2
21428 2 1
21429 2 2
2143 3 1
21430 3 1
21434 2 1
21435 2 1
21436 3 1
2144 2 1
21440 2 1
21441 2 2
21442 2 1
21442 3 1
2145 3 1
21453 2 1
21454 3 1
21456 2 1
21457 2 1
21458 2 1
21461 2 1
21462 3 1
21465 3 1
21467 3 1
21468 3 2
2147 2 1
21472 2 1
21473 2 1
21474 2 1
21474 3 2
21475 2 1
21475 3 2
21476 3 1
21482 3 1
21493 2 1
21494 3 1
21496 2 1
21497 2 1
21498 3 1
21503 2 1
21503 3 1
21506 3 1
2151 2 1
2151 3 1
21519 2 1
21519 3 1
21520 2 1
21521 3 2
21525 3 1
21527 2 1
21528 2 2
21528 3 1
21529 2 1
2153 2 1
21533 3 1
21535 2 1
2154 3 2
21553 2 1
21554 2 1
21555 2 1
21556 3 1
2156 3 1
21560 2 1
21561 3 2
21563 2 1
21563 3 1
21565 3 1
21567 3 1
21570 2 1
21571 2 2
21572 2 1
21572 3 1
21573 3 2
21575 2 1
21576 2 1
21584 2 1
21585 2 1
21585 3 2
21586 3 1
21591 3 1
21594 3 1
21596 3 1
21598 3 1
21603 2 1
21608 2 1
21608 3 2
21609 2 2
21610 2 1
21610 3 1
21613 3 1
21620 2 1
21626 3 1
21628 3 1
21640 2 1
21641 2 2
21645 3 1
21647 3 1
21649 2 1
21649 3 1
21650 2 1
21651 2 1
21652 3 2
21657 2 1
21664 2 1
21664 3 1
21665 2 1
21665 3 2
21666 2 2
21667 3 1
21669 2 1
21669 3 1
21670 2 2
21670 3 1
21671 3 1
21678 2 2
21678 3 1
21679 3 1
21682 2 1
21682 3 2
21683 2 2
21683 3 1
21684 2 1
21685 3 1
21687 2 1
21687 3 1
21688 3 2
21690 2 1
21690 3 1
21694 2 1
21695 2 2
21696 2 1
21696 3 1
21697 3 1
21700 2 1
21701 3 1
21706 3 1
21708 3 1
2171 2 1
21710 3 1
2172 3 1
21724 3 1
21731 2 2
21731 3 1
21732 2 1
21733 3 1
21735 2 1
21735 3 2
21736 2 2
21736 3 1
21737 2 1
21738 3 1
2174 2 1
2174 3 2
21744 2 1
21744 3 1
21745 2 1
21745 3 2
21748 2 1
21748 3 1
2175 2 1
21751 2 1
2176 3 1
21768 2 1
21774 2 1
21775 2 1
2178 3 1
21787 2 1
21788 2 1
2179 2 1
21791 2 1
21791 3 1
21792 2 1
21792 3 2
21793 2 1
21793 3 2
21794 2 1
21794 3 2
21798 3 1
21803 3 1
21814 3 1
21827 3 1
2183 3 1
21831 2 1
21831 3 1
21832 2 2
21832 3 1
21833 3 1
21835 2 1
21836 2 2
21836 3 1
21837 2 1
21838 2 1
21839 3 2
21840 3 1
21842 2 1
21843 2 1
21844 3 1
21855 2 1
21856 2 2
21857 2 1
21857 3 1
21858 2 1
21859 3 1
21861 3 1
21864 3 1
21866 2 1
21867 2 2
21867 3 1
21868 3 1
21877 2 1
21877 3 1
21878 3 1
21880 3 1
21883 2 1
21884 2 1
21895 2 1
21895 3 1
21896 3 2
21898 2 1
21899 3 1
21904 2 1
21904 3 1
21910 3 1
21912 3 1
21914 2 1
21918 2 1
2192 2 1
2192 3 1
21922 2 1
21922 3 1
21923 3 1
21928 3 1
21929 2 1
2193 2 1
21930 3 1
21932 2 1
21932 3 1
21933 2 2
21933 3 1
21934 2 1
21935 3 1
21938 2 1
21939 2 2
21940 2 2
21940 3 1
21941 3 1
21943 2 1
21943 3 1
21944 2 1
21946 3 1
21948 2 1
21948 3 2
21951 2 1
21951 3 1
21955 3 1
21957 2 1
21958 2 1
21962 3 1
21964 3 1
21966 2 2
21966 3 1
21967 2 1
21968 2 1
21969 3 1
21971 3 1
21973 3 1
21974 2 1
21978 3 1
21980 2 1
21992 2 1
21992 3 1
21996 2 1
21996 3 1
21997 2 1
21998 2 1
22000 2 2
22000 3 1
22001 3 1
22003 2 1
22008 2 1
22012 2 1
22013 2 2
22013 3 1
22014 2 1
22015 3 1
22019 2 1
2202 2 1
2202 3 1
22021 3 1
2203 2 1
2203 3 2
22034 2 1
22035 2 1
22036 2 1
22037 3 1
2204 2 2
2205 3 1
22050 3 1
22061 2 1
22062 2 1
22063 2 1
22064 3 1
22068 2 1
22069 3 1
22072 2 1
22073 2 2
22074 2 1
22074 3 1
22075 2 1
22096 2 1
2210 2 1
22100 2 1
22100 3 1
22101 2 2
22102 2 2
22102 3 1
22103 3 1
22106 3 1
22109 2 1
22109 3 1
22114 2 1
22114 3 2
22115 3 1
22117 2 2
22117 3 1
22118 3 1
22120 3 2
22121 3 1
22123 3 1
22125 3 1
22127 3 1
22129 3 1
2213 2 1
2213 3 1
22131 2 1
22131 3 2
22132 2 1
22133 2 1
22137 2 1
22141 3 1
22142 2 1
22143 2 1
22144 3 1
22147 2 2
22147 3 1
22148 2 1
22149 2 1
22157 2 1
22158 3 1
22160 2 1
22160 3 1
22162 3 1
22165 2 1
22165 3 2
22166 2 1
22167 3 1
22170 2 1
22171 2 1
22172 3 1
22174 3 1
2218 2 1
2219 2 1
22190 2 1
22190 3 1
22191 2 1
22192 2 2
22193 3 1
22195 2 1
22195 3 1
22197 2 1
2220 3 1
22200 3 1
22202 2 2
22202 3 1
22203 3 1
22206 3 1
22207 2 1
22210 2 1
22210 3 2
22211 2 2
22212 2 1
22212 3 1
22213 3 2
22216 2 1
22217 2 1
22217 3 2
22218 3 1
2222 2 1
22223 2 1
22224 2 2
22224 3 1
22225 3 1
22229 3 1
2223 2 2
2223 3 1
22230 2 1
22231 2 1
22234 2 2
22234 3 1
22235 2 1
22235 3 1
2224 3 1
22243 3 1
22246 2 2
22247 2 1
22247 3 1
22251 3 1
22266 3 1
2227 3 1
22270 2 1
22271 3 2
22274 3 1
22276 3 1
22279 3 1
22281 3 1
22286 2 1
22287 2 1
2229 3 1
22290 2 1
22294 2 1
22294 3 1
22296 3 1
22298 3 1
22303 3 1
2231 2 1
22316 2 1
22317 2 1
22318 3 1
2232 3 1
22320 3 1
22325 2 1
22326 3 1
22335 2 1
22336 3 1
22339 2 1
22357 2 1
22370 3 1
22372 2 1
22373 2 2
22374 2 1
22374 3 1
22378 2 1
22378 3 1
2238 3 1
22383 2 1
22383 3 1
22384 2 1
22387 2 2
22387 3 1
22388 3 1
22390 2 1
22390 3 1
22391 2 2
22392 2 1
22392 3 1
22393 3 2
22395 2 1
22396 2 1
22397 3 2
22400 2 1
22401 3 1
22411 3 1
22414 2 1
22415 2 1
2242 2 1
22422 2 1
22422 3 1
22423 2 1
22424 3 1
2243 2 2
2243 3 1
22434 2 1
22434 3 2
22435 3 1
22438 2 1
22440 3 1
22442 3 1
22444 2 1
22444 3 2
22445 3 1
22450 3 1
22452 2 1
22453 2 1
22454 3 1
22457 3 1
2246 2 2
22467 3 1
2247 2 1
2247 3 1
22470 2 1
22471 2 1
22472 2 2
22473 3 1
22475 3 1
22478 3 1
22479 2 1
22480 3 1
22482 2 1
22482 3 2
22483 2 1
22484 3 1
22487 2 1
22487 3 1
22488 2 2
22489 2 1
22489 3 1
22490 2 1
22492 3 1
22494 2 1
22494 3 2
22498 2 1
22498 3 1
22499 3 2
22504 2 1
22505 3 2
22507 2 1
22507 3 1
22508 2 2
22508 3 1
22509 3 1
2251 3 1
22511 2 1
22515 3 1
22516 2 1
22517 3 2
22519 2 1
22519 3 1
22520 2 1
22520 3 2
22523 3 1
2253 2 1
2253 3 2
22536 2 1
22536 3 2
22537 3 1
2254 2 2
2254 3 1
22541 2 1
22541 3 1
22542 2 1
22543 2 2
22543 3 1
22544 3 1
22546 3 1
22548 2 1
22548 3 1
2255 2 1
22551 2 1
22553 2 1
2256 3 2
22564 3 1
22573 3 1
22576 3 1
2258 2 1
2258 3 1
22588 3 1
2259 2 2
22590 2 1
22591 2 1
22593 3 2
22594 3 1
22597 2 1
22598 3 1
2260 3 1
22602 3 1
22603 2 1
22605 2 2
22605 3 1
22606 2 1
22607 2 1
22625 3 1
22647 2 1
22650 2 1
22650 3 1
22651 2 1
22652 2 1
22657 2 1
22658 3 2
22660 3 1
22662 2 1
22662 3 2
22663 2 1
22664 3 1
22667 2 1
22667 3 1
2267 2 1
2267 3 1
22670 2 2
22671 2 1
22672 2 1
22673 2 1
22673 3 2
22674 2 1
22674 3 2
22675 3 1
22681 3 1
22686 3 1
22687 2 1
22688 2 1
22689 2 1
22690 2 1
22694 3 1
2270 2 1
2270 3 2
22704 2 1
2271 2 1
22710 2 1
22710 3 2
22711 2 2
22711 3 1
22712 2 1
22713 2 1
2272 2 2
2272 3 1
22720 3 1
22724 3 1
22727 2 1
2273 2 1
22730 3 1
22732 2 1
22732 3 1
22736 2 1
2274 3 1
22743 2 1
22743 3 2
22744 2 2
22744 3 1
22745 2 1
22749 2 2
22749 3 1
22750 2 1
22751 2 1
22752 3 1
22756 2 1
22759 3 1
22763 2 1
22764 3 1
22769 2 1
2277 3 1
22770 3 1
22775 2 1
22775 3 1
22776 2 1
22777 2 2
22778 2 2
22778 3 1
22779 3 1
22784 2 1
22787 2 1
22787 3 1
22788 2 2
22788 3 1
22789 2 1
2279 3 2
22790 3 1
22793 2 1
22795 3 1
22797 3 1
2280 3 1
22803 3 1
22805 2 1
22806 2 1
22807 3 2
22811 3 1
22813 2 1
22814 2 2
22815 2 1
22815 3 1
22816 3 2
22818 3 1
2283 2 1
2283 3 1
22830 3 1
22834 3 1
22836 3 1
22838 2 1
22839 2 1
2284 2 1
22840 2 1
22841 3 1
22843 2 2
22843 3 1
22844 2 1
22844 3 1
22845 2 1
22846 3 2
22858 2 1
22859 3 1
22863 2 1
22863 3 1
22864 2 2
22865 2 1
22865 3 1
22866 3 2
22872 2 1
2289 2 1
2289 3 1
22895 2 1
22896 2 1
2290 2 1
2291 2 1
22913 2 1
22913 3 1
22916 3 2
22917 3 1
2292 2 2
2292 3 1
22920 3 1
22928 2 1
22928 3 1
22929 2 2
22929 3 1
2293 3 1
22930 2 1
22931 2 1
22932 3 1
22934 2 1
22934 3 2
22935 2 1
22940 3 1
22943 2 1
22943 3 1
22944 2 1
22944 3 2
2295 2 1
22951 2 1
22952 2 1
22953 3 1
22956 3 1
2296 3 1
22964 3 1
22977 3 1
22978 2 1
22979 2 1
2298 3 1
22984 3 1
22985 2 1
22989 2 1
2299 3 2
22990 2 2
22991 2 1
22991 3 1
22992 2 1
22992 3 2
22993 2 1
22993 3 2
22994 3 2
22998 3 1
22999 2 1
23002 3 1
23010 2 1
23010 3 1
23018 2 1
23019 3 2
2302 2 2
2302 3 1
23022 2 1
23026 3 1
23029 2 1
2303 2 1
23030 3 1
23033 2 2
23034 2 1
23035 2 1
23036 2 1
23037 2 1
2304 3 2
23042 2 1
23042 3 1
23043 3 1
23045 3 1
23048 2 1
23048 3 2
23051 2 1
23051 3 1
23056 2 1
23056 3 1
23057 2 2
23058 3 1
2306 2 1
2306 3 1
23060 2 1
23061 3 1
23065 3 1
23067 2 2
23067 3 1
23068 2 1
23068 3 1
2307 2 1
2307 3 2
23070 3 1
23073 2 1
23075 3 1
23077 2 1
23077 3 1
23078 3 1
2308 2 1
23081 2 1
23082 3 1
23087 2 1
23088 2 2
23089 2 1
23089 3 1
2309 2 2
23090 3 1
23092 2 1
23092 3 1
23093 2 1
23096 2 1
23097 2 1
23099 2 2
23099 3 1
2310 2 1
2310 3 1
23100 3 1
23102 2 1
23102 3 1
23106 3 1
2311 2 1
23111 3 1
23113 2 1
23116 2 1
23116 3 1
23117 3 1
2312 2 1
2312 3 2
23129 2 1
2313 2 1
2313 3 2
23130 3 1
23133 3 1
23135 2 1
23136 2 1
23138 2 1
23139 3 1
2314 3 2
23186 2 1
23186 3 1
23190 2 1
23190 3 2
23191 3 1
23195 2 1
23195 3 1
23196 2 1
23198 2 2
23199 3 1
23202 2 1
23203 2 1
23203 3 2
23204 3 1
23209 2 1
2321 2 1
23213 2 1
23214 3 1
2322 2 2
23223 2 1
23223 3 2
23224 2 1
23224 3 2
23225 2 2
23225 3 1
23226 2 1
23227 3 1
2323 2 1
2323 3 1
23230 2 1
23230 3 1
23232 3 1
23234 2 1
23241 2 1
23250 3 1
23251 2 1
23252 3 1
23254 3 1
23259 3 1
23261 2 1
23262 2 1
23263 2 1
23264 2 1
23265 3 1
23267 2 1
23267 3 1
23277 2 1
23278 3 1
23284 2 1
23285 2 1
23287 3 1
23289 2 1
23289 3 1
23290 2 1
23291 3 1
23293 3 1
23294 3 2
23295 2 1
23296 2 2
23297 2 1
23297 3 1
23298 3 1
2330 2 1
23300 2 1
23301 2 2
23301 3 1
23309 3 1
2331 2 1
23310 2 1
23312 2 2
23313 3 1
23315 2 1
23316 2 1
23317 2 1
23318 3 1
23320 2 1
23320 3 1
23321 3 2
23323 3 1
23328 2 1
23329 3 1
23331 2 1
23332 3 1
23334 2 1
23334 3 1
23337 2 1
23340 2 2
23340 3 1
23341 2 1
23341 3 1
23342 3 1
23345 2 1
23345 3 2
23346 2 1
23347 2 2
23348 3 1
2335 2 1
23352 2 2
23352 3 1
23353 2 1
23353 3 1
23354 2 1
23356 3 2
23357 3 1
23359 2 2
23359 3 1
2336 3 1
23360 2 1
23369 2 1
23374 2 1
23377 2 1
23378 2 1
23379 2 1
23380 2 1
23386 2 2
23386 3 1
23387 3 1
23397 2 1
23397 3 1
23398 3 1
2340 2 2
2340 3 1
23409 2 1
2341 3 1
23410 3 1
23435 2 1
23438 2 1
23438 3 1
2344 2 1
2344 3 1
23445 2 1
23445 3 1
23448 2 1
2345 2 1
23459 2 1
23459 3 1
2346 2 1
23465 3 1
2347 3 2
23473 2 1
23473 3 1
23474 2 2
23475 2 1
23475 3 1
23476 3 2
23484 2 1
23485 2 1
23487 2 1
23488 3 1
2349 3 1
23492 2 1
23492 3 1
23493 2 1
23494 2 1
23497 2 1
23502 3 1
2351 3 1
23517 2 1
23518 2 1
23519 2 1
23522 2 1
23522 3 2
23523 2 2
23523 3 1
23524 2 1
23528 2 1
2354 2 1
2354 3 1
23541 2 1
23541 3 1
23547 2 2
23548 2 1
2355 2 2
2355 3 1
23553 3 1
2356 3 1
23561 2 1
23561 3 2
23562 2 2
23562 3 1
23563 2 1
23564 3 1
23567 2 2
23567 3 1
23568 3 1
23571 2 1
23571 3 2
23573 2 1
23574 2 1
23575 2 1
23576 3 1
23578 2 1
23578 3 1
23588 3 1
23590 2 1
23590 3 2
23591 2 1
23591 3 2
23592 2 2
23592 3 1
23593 2 1
23599 2 1
23600 3 1
2361 2 1
23610 2 2
23610 3 1
23611 2 2
23611 3 1
23612 2 1
23614 2 1
23615 3 1
23618 3 1
2362 3 1
23620 2 1
23620 3 1
23621 2 2
23621 3 1
23622 2 1
23623 3 2
23626 2 1
23626 3 1
23627 2 2
23628 2 1
23628 3 1
23631 3 1
23632 2 1
23633 2 2
23633 3 1
23636 3 1
2364 2 1
23641 2 1
23641 3 1
23643 3 1
2365 2 1
23652 2 1
23652 3 1
23653 2 1
23653 3 2
23654 2 1
23655 2 1
23656 2 2
23657 3 1
2366 2 2
2366 3 1
23667 2 2
23667 3 1
23668 2 1
23669 3 1
2367 3 1
23680 2 1
23694 2 1
23695 2 1
2370 2 1
2370 3 1
23701 2 1
23702 2 1
2371 2 1
23713 2 1
23713 3 1
23714 2 2
23714 3 1
23715 3 1
2372 3 2
23731 2 1
23732 3 1
23734 2 1
23734 3 1
23735 2 2
23736 2 1
23736 3 1
2374 2 1
2374 3 1
23741 2 1
23742 2 1
23745 2 1
23746 2 1
23748 2 1
23749 3 1
2375 2 2
2376 2 1
2376 3 1
23761 2 1
23761 3 1
23762 3 2
23768 3 1
2377 3 1
23770 3 1
23772 2 1
23773 2 1
23773 3 2
23774 2 1
23774 3 2
23775 3 1
23777 3 1
23781 3 1
23782 2 1
23784 3 1
2379 3 1
23791 2 1
23791 3 1
23792 2 1
23795 3 1
23801 2 1
23801 3 1
23802 3 1
23804 2 1
23804 3 1
23807 3 1
23809 2 1
23809 3 1
23810 2 1
23813 3 1
23817 3 1
23819 3 1
2382 2 1
23820 3 2
23822 2 2
23822 3 1
23823 3 1
23825 2 1
23825 3 1
23826 2 1
2383 3 2
23834 2 1
23835 3 1
23837 2 2
23837 3 1
23838 2 1
23839 2 1
23839 3 2
23840 2 1
23840 3 2
23841 3 1
23847 2 1
2385 2 1
2385 3 1
23857 2 1
23858 2 2
23859 2 1
23859 3 1
2386 2 1
2386 3 2
23860 2 1
23861 2 1
23862 3 2
23866 2 1
23867 2 1
23868 3 1
2387 2 2
23870 2 1
23874 2 1
23875 3 1
2388 3 1
23880 2 1
23881 3 2
23884 2 2
23885 2 1
23886 2 1
23890 2 2
23890 3 1
23891 3 1
23893 2 1
23893 3 1
23894 2 1
23895 2 2
23895 3 1
23896 3 1
23898 3 1
23901 3 1
23903 2 1
23903 3 2
23905 2 2
23905 3 1
23906 3 1
23908 2 1
23908 3 1
2391 2 1
23913 2 1
23914 2 1
23917 2 1
23918 3 1
2392 2 1
2392 3 2
23922 2 1
23923 3 1
23927 2 1
23927 3 2
23928 2 1
2393 2 1
2393 3 2
23934 3 1
23936 2 1
23939 3 1
2394 2 1
2394 3 2
23948 3 1
2395 3 1
2397 3 1
23979 3 1
23981 2 1
23981 3 1
23982 2 1
23983 2 2
23984 2 2
23984 3 1
23985 3 1
2399 3 1
23998 2 1
23999 3 2
24000 3 1
24002 2 1
24002 3 2
24003 2 1
24009 3 1
2401 2 1
2401 3 1
24011 3 1
24021 2 1
24022 2 1
24023 2 1
24024 2 1
24025 2 2
24025 3 1
24028 3 1
2403 3 1
24031 2 1
24032 2 1
24034 2 1
24037 2 1
24040 2 1
24041 3 1
24043 2 1
24043 3 1
24044 2 1
24045 2 2
24046 2 1
24046 3 1
24047 3 2
24051 2 1
24056 2 1
24056 3 2
24057 3 1
24059 2 1
24059 3 1
24065 3 1
24067 3 1
24068 2 1
24069 2 1
2407 2 2
2407 3 1
24071 2 2
24072 2 2
24072 3 1
24073 2 1
24073 3 1
24077 3 1
24079 3 1
2408 2 1
24083 2 1
24084 3 2
24085 3 1
24087 3 1
24089 2 1
2409 2 1
24090 3 1
24092 2 1
24092 3 2
24093 2 2
24094 2 1
24094 3 1
24098 3 1
2410 3 1
24102 2 1
24103 3 1
24106 2 1
24109 2 1
24109 3 1
24110 2 1
24114 2 1
24114 3 1
24115 2 1
24116 3 2
24117 3 1
24127 3 1
24129 3 1
2413 3 1
24132 2 1
24132 3 1
24133 2 1
24135 3 1
24138 3 1
2415 3 1
24151 2 1
24151 3 1
24152 2 1
24154 3 1
24157 3 1
24158 2 1
24158 3 2
24159 2 1
24160 2 2
24161 3 1
24163 3 1
24165 2 1
24165 3 2
24168 2 1
24168 3 2
24169 3 1
24171 2 1
24172 2 1
24172 3 2
24173 3 1
24175 2 1
24181 2 1
24182 3 1
24193 2 1
24195 2 1
24196 2 1
24196 3 2
24197 3 1
2420 2 1
2420 3 1
24202 3 1
24204 3 1
24209 3 1
2421 3 2
2424 2 1
2424 3 1
24249 3 1
24251 3 1
24254 2 1
24255 2 2
24256 2 1
24256 3 1
24269 2 1
24269 3 1
24270 2 2
24271 2 1
24271 3 1
24272 3 1
24275 2 1
24275 3 1
24278 2 1
24281 2 2
24281 3 1
24282 2 1
24282 3 1
24283 3 1
24289 3 1
24291 3 1
24295 2 1
24297 2 2
24297 3 1
24298 3 1
24304 2 2
24305 3 1
24307 3 1
2431 2 1
2431 3 1
24311 2 1
24312 2 2
24312 3 1
24313 3 1
24316 2 1
24317 2 1
24318 3 1
24326 2 1
24331 2 1
24332 3 1
24334 2 1
24334 3 1
24335 2 2
24336 2 1
24336 3 1
24341 2 2
24342 2 1
24345 2 1
24345 3 1
24346 2 2
24346 3 1
24347 3 1
24349 3 1
24354 2 1
24354 3 1
24355 2 2
24356 2 1
24356 3 1
24357 3 2
24360 2 1
24361 2 1
24362 3 1
24364 3 1
24368 2 1
24371 3 1
24373 2 1
24378 2 1
24378 3 1
24382 2 1
24382 3 1
24383 2 1
24384 3 2
24386 2 1
24386 3 1
24390 2 1
24390 3 1
24396 2 1
24397 2 2
24398 2 1
24398 3 1
24401 2 1
24401 3 1
24405 2 1
24406 2 1
24407 2 1
24408 2 2
24409 2 1
24409 3 1
24417 2 1
24418 2 1
24419 2 1
24420 2 2
24420 3 1
24421 3 1
24424 2 1
24424 3 2
24425 3 1
24427 2 1
24428 3 1
2443 2 1
24431 2 1
24432 2 2
24432 3 1
24433 2 1
24434 2 1
24435 3 1
24437 2 1
24437 3 1
2444 3 1
24442 2 1
24442 3 1
24448 3 1
24450 3 1
24452 2 1
24454 2 1
24458 2 1
24459 3 1
2446 2 1
24461 2 1
24461 3 1
24462 3 1
24464 3 1
24466 2 1
24467 2 2
24468 2 1
24468 3 1
24469 2 1
24478 2 1
24501 2 1
24519 3 1
24521 3 1
2453 2 1
24530 3 1
24534 3 1
24539 3 1
24541 2 2
24541 3 1
24543 2 1
24544 2 1
2455 3 1
24551 2 2
24551 3 1
24552 2 2
24552 3 1
24553 2 1
24554 3 1
24558 2 1
24558 3 1
24561 2 1
24562 2 1
24563 3 1
24567 2 1
2457 3 1
24573 3 1
24574 2 1
24577 2 1
24578 2 1
24579 2 1
24579 3 2
2458 2 1
24580 3 1
24582 2 1
24583 2 2
24584 2 1
24584 3 1
24585 3 1
24589 2 1
2459 3 1
24590 3 1
24598 2 1
24598 3 1
24600 3 1
24606 3 1
24609 2 1
24609 3 1
2461 2 1
2461 3 1
24611 3 1
24614 2 1
24614 3 1
24615 2 2
24616 2 2
24616 3 1
24617 3 1
24619 2 1
24619 3 2
24620 2 1
24621 2 1
24622 3 1
24624 3 1
24626 2 1
24627 2 1
24628 3 1
24632 3 1
24634 3 1
24641 3 1
24646 2 1
24650 2 1
24650 3 1
24651 2 1
24654 2 1
24654 3 1
24660 3 1
24668 3 1
24671 3 1
24687 3 1
24690 2 1
24691 2 2
24692 2 1
24692 3 1
24693 2 1
24693 3 2
24694 2 1
24694 3 2
24695 3 2
24699 2 1
24700 3 1
24702 3 1
24705 3 1
24709 2 1
24710 3 1
24712 3 1
24717 2 1
24717 3 1
24718 3 2
2472 2 1
24720 2 1
24721 3 1
2473 3 1
24731 2 2
24732 3 1
24734 2 1
24735 3 2
24736 3 1
24738 3 1
2475 3 1
24754 3 1
24773 3 1
24794 2 1
24794 3 1
2480 3 1
24800 2 1
24801 3 1
24804 2 1
24807 3 1
24809 3 1
24813 3 1
24821 2 1
24822 3 2
24825 2 1
24826 2 1
24827 2 1
24834 2 1
24835 3 1
24841 2 1
24841 3 1
24842 2 1
24842 3 2
24843 3 2
24849 2 1
24849 3 1
2485 2 1
24854 2 2
24854 3 1
24855 2 1
24856 2 1
24862 2 1
24862 3 1
24868 3 1
24870 2 2
24870 3 1
24871 2 1
24871 3 1
24874 3 1
24877 2 1
24878 2 1
24881 2 1
24881 3 2
24882 2 1
24886 2 1
24886 3 2
24887 2 2
24888 2 1
24888 3 1
24889 3 1
24892 3 1
24894 2 1
24895 3 1
24898 2 1
24899 3 1
2490 2 1
24902 3 1
24904 3 1
2491 3 1
24910 2 1
24910 3 1
24913 2 1
24913 3 1
24914 3 2
24915 3 1
24917 3 1
24918 2 1
24919 2 1
24920 3 2
24927 2 1
24928 3 1
2493 2 1
2493 3 2
24930 2 1
24936 2 1
24937 2 1
24941 2 2
24941 3 1
24942 2 1
24942 3 1
24943 2 1
24944 2 1
24945 2 1
24945 3 2
24946 3 1
24948 2 1
24948 3 1
24957 2 1
24958 3 1
2496 2 1
2496 3 1
24962 2 1
24962 3 2
24963 2 1
24964 2 1
24965 2 1
2497 3 2
24978 3 1
24980 2 1
24980 3 2
24981 2 2
24981 3 1
24982 2 1
24983 2 1
24984 3 1
24987 2 1
24987 3 2
24988 2 1
24988 3 2
24989 3 1
2499 3 1
24991 3 1
24993 3 1
24994 2 1
24995 2 1
24996 3 1
24998 2 1
24998 3 1
25005 2 1
25005 3 1
25009 2 1
2502 2 1
2502 3 2
25026 3 1
2503 2 1
25058 2 1
25058 3 1
2506 2 1
25061 2 1
25062 3 1
25066 3 1
25068 2 1
25069 3 1
2507 2 1
25071 2 2
25071 3 1
25072 2 1
25072 3 1
25073 3 1
25077 2 1
25078 2 2
25078 3 1
25079 3 1
25081 3 1
25082 2 1
25092 2 1
25092 3 1
25093 2 2
25093 3 1
25103 3 1
25111 2 1
25112 2 1
25113 2 1
25116 2 1
25117 2 1
25118 2 2
25118 3 1
25119 3 1
25122 2 1
25122 3 1
25123 2 1
25127 3 1
2513 2 1
25138 2 1
25138 3 2
25139 2 2
25139 3 1
25140 2 1
25141 3 2
25145 2 1
25147 3 1
2515 3 1
25150 2 1
25150 3 1
25151 3 1
25155 2 1
25156 3 1
25158 2 2
25158 3 1
25159 2 1
2516 2 1
25160 3 1
25162 2 1
25162 3 2
25163 3 1
25165 2 1
25166 2 1
25167 3 1
25169 2 1
25170 2 1
25176 2 1
25176 3 1
25177 2 1
25178 2 1
25190 2 1
25190 3 1
25191 2 1
25191 3 2
25192 2 1
25193 2 1
25195 3 1
25197 2 2
25198 2 1
25199 3 1
2521 2 1
25211 2 1
25215 2 1
25215 3 1
25216 2 2
25217 2 1
25217 3 1
25218 3 2
2522 2 1
25221 3 1
25223 2 1
25224 2 1
25225 3 1
25228 2 1
25229 2 1
25229 3 2
2523 2 1
25230 2 1
25230 3 2
25231 2 1
25231 3 2
25232 3 1
25242 2 1
25243 2 1
25244 2 2
25244 3 1
25247 2 1
25248 2 2
25249 2 1
25249 3 1
25250 2 1
25251 3 2
25254 3 1
25256 2 1
25256 3 1
25257 2 1
25258 2 1
2526 2 1
2526 3 1
25261 2 2
25261 3 1
25262 2 1
25262 3 1
25266 3 1
25268 3 1
25270 3 1
25271 3 2
25272 2 1
25273 3 1
25275 3 1
25287 3 1
25296 3 1
2530 2 1
25309 3 1
2531 3 1
25327 2 1
25327 3 1
25328 3 2
25332 3 1
25335 2 1
25339 3 1
25341 2 2
25341 3 1
25342 2 2
25342 3 1
25343 2 1
25344 2 1
25345 2 1
25345 3 2
25346 3 1
25348 2 1
25349 2 2
25350 2 1
25350 3 1
25357 2 1
25357 3 1
25360 2 1
25361 2 1
25362 2 2
25363 2 2
25363 3 1
25364 3 1
25365 2 1
25366 2 1
25367 3 1
2537 3 1
25373 2 2
25373 3 1
25374 3 1
25375 2 1
25376 2 1
25377 2 1
25377 3 2
25378 3 1
25384 3 1
25386 3 1
25388 2 1
2539 2 1
2539 3 1
25391 2 1
25391 3 1
25392 3 2
25395 2 1
25395 3 1
25396 2 2
25396 3 1
25397 2 1
2540 3 1
25406 2 2
25407 2 1
25407 3 1
25408 2 1
25411 2 1
25411 3 1
25412 2 1
25413 2 2
25413 3 1
25417 2 1
25418 3 1
2542 3 1
25420 2 2
25420 3 1
25421 2 1
25422 2 1
25427 2 1
25437 3 1
2544 2 1
25444 2 1
25445 2 1
25449 3 1
25450 2 1
25458 2 1
25459 2 2
25459 3 1
25460 2 1
25461 3 1
25465 2 1
25465 3 2
25467 3 1
25469 3 1
25476 2 1
25477 3 1
25483 2 1
25483 3 1
25487 2 1
25487 3 2
25488 2 1
25488 3 2
25489 2 1
25489 3 2
2549 2 1
2549 3 1
25490 2 2
25490 3 1
25491 2 1
25493 3 1
25495 2 1
25496 2 1
25497 3 1
25499 2 1
25499 3 1
2550 2 2
25500 2 1
25501 2 2
25501 3 1
25502 3 1
2551 2 1
2551 3 1
25511 3 1
25514 2 1
25514 3 2
25519 3 1
2552 2 1
2552 3 2
25521 2 1
25521 3 1
25522 2 1
25522 3 2
25523 2 1
25524 2 2
25525 2 1
25525 3 1
25526 3 2
2553 3 2
25531 2 1
25536 3 1
25538 2 1
25538 3 2
25539 2 2
25539 3 1
25540 2 1
25541 3 1
25543 2 1
25544 2 1
25550 2 1
25551 2 1
25551 3 2
25552 3 1
25562 2 1
25563 2 1
25564 3 1
25566 3 1
25570 2 1
2559 3 1
25597 2 1
25598 2 1
25599 2 1
25607 2 1
25607 3 1
25608 2 1
25609 3 2
25611 2 1
25615 2 1
25615 3 1
2562 2 1
25620 3 1
25625 2 1
25625 3 1
25633 2 1
25637 3 1
25643 2 1
25644 3 2
25647 2 1
25647 3 1
25651 2 1
25651 3 1
25652 2 1
25653 2 1
25656 2 1
25657 3 1
2566 3 1
25664 2 1
25665 2 2
25666 3 1
25676 2 1
2568 2 1
25681 3 1
25683 2 1
25683 3 2
25685 3 1
2569 3 1
25693 3 1
25695 3 1
25699 2 1
25699 3 1
25700 3 2
25703 2 1
25704 3 1
25706 2 1
25706 3 1
25709 2 1
25709 3 1
25710 2 1
25714 3 1
25717 2 1
25717 3 1
25718 2 1
2572 3 1
25721 3 1
25731 2 1
25732 2 1
25733 2 1
25734 2 1
25735 3 1
25737 2 1
2574 2 1
2574 3 1
25749 2 1
25749 3 1
2575 2 2
2575 3 1
25752 2 1
25753 2 2
25754 3 1
25756 2 1
25757 2 1
25758 2 1
25759 2 1
2576 2 1
25763 3 1
25767 3 1
25769 3 1
2577 3 1
25771 2 1
25771 3 2
25778 3 1
25783 2 1
25783 3 2
25784 3 1
25786 3 1
25787 2 1
25791 2 1
25792 3 1
25795 2 1
25795 3 2
25796 2 1
25797 3 1
2580 3 1
25806 2 2
25806 3 1
25807 2 1
25807 3 1
25808 2 1
25811 2 1
25812 3 1
25817 2 1
25817 3 1
2582 2 1
2582 3 1
25821 2 1
25824 2 1
2583 2 1
25836 2 1
25837 2 1
25837 3 2
25838 3 1
2584 2 1
25850 3 1
25864 2 1
25865 2 1
25866 3 1
2587 3 1
25875 2 1
25879 2 1
25879 3 1
25880 3 1
25884 2 1
25884 3 1
25905 2 1
25905 3 1
25906 2 1
25914 2 1
25914 3 1
25915 2 1
25916 2 2
25916 3 1
25917 3 1
25921 3 1
25927 2 1
25928 3 1
2593 3 1
25930 2 1
25930 3 1
25934 3 1
25936 2 1
25943 3 1
2595 3 1
25951 2 1
25952 2 1
25953 3 1
25955 2 1
25956 3 1
25958 3 1
25960 2 1
25961 2 1
25962 2 1
25965 2 1
25967 2 1
25968 2 2
25968 3 1
25969 2 1
2597 2 1
25970 3 1
25974 3 1
25976 3 1
25978 2 1
25978 3 1
25979 3 2
2598 2 2
2598 3 1
25982 3 1
25983 2 1
25984 2 2
25985 2 1
25985 3 1
25991 3 1
25993 3 1
25999 2 1
26000 3 1
26005 3 1
26018 2 1
26019 2 2
2602 3 1
26020 3 1
26022 3 1
26024 2 1
26026 3 1
2603 3 2
26032 2 1
26032 3 1
26033 2 2
26034 2 1
26034 3 1
26035 3 1
26037 2 1
26037 3 2
26038 2 2
26038 3 1
26039 2 1
26040 2 1
26041 3 1
26046 3 1
26047 2 1
26048 3 2
2605 2 2
2605 3 1
26053 2 1
26054 2 2
26055 2 1
26055 3 1
26056 3 2
26058 3 1
26059 2 1
26060 3 1
26062 2 1
26063 2 1
26064 2 1
26064 3 2
26065 3 1
26067 3 1
26069 2 1
26069 3 1
2607 2 1
26070 2 1
26071 3 1
26073 2 1
26073 3 1
26074 3 1
26076 2 1
2608 3 1
26082 2 2
26082 3 1
26083 2 1
26083 3 1
26084 2 1
26085 3 1
26091 3 1
2610 2 2
2610 3 1
26107 2 1
26107 3 1
2611 2 1
26136 3 1
26146 3 1
26147 2 1
26149 2 2
26150 3 1
26152 2 1
26152 3 1
26159 2 1
26159 3 1
2617 2 1
2617 3 1
26170 2 1
26171 3 1
26174 2 1
26174 3 1
26178 2 1
26178 3 1
2618 2 1
2618 3 2
26180 2 1
26181 2 1
26182 2 1
26183 2 2
26183 3 1
26184 3 1
26186 2 2
26186 3 1
26187 2 1
26188 3 1
26191 3 1
26199 2 1
26204 3 1
26207 3 1
2621 3 1
26211 3 1
26213 2 1
26215 3 1
26223 2 1
26224 3 1
2623 2 1
2623 3 1
26238 3 1
2624 2 2
26240 2 1
26241 2 1
26242 3 1
26244 2 1
26245 2 2
26245 3 1
26246 3 1
2625 2 2
2625 3 1
26251 2 1
26257 2 1
26258 3 1
2626 3 1
26260 2 1
26260 3 1
26261 2 2
26262 2 1
26262 3 1
26263 3 2
26270 2 1
26270 3 2
26271 3 1
26275 3 1
2628 2 1
2628 3 1
26285 3 1
26287 3 2
26288 3 1
26290 3 1
26292 2 1
26293 3 1
26297 2 1
26298 2 1
26299 2 1
26300 3 1
26302 3 1
26304 2 2
26304 3 1
26305 2 1
2631 3 1
26315 2 1
26318 2 1
26318 3 1
26319 2 1
26320 2 2
26320 3 1
26325 2 1
26325 3 2
26326 2 1
26327 2 2
26327 3 1
26328 3 1
26330 2 1
26330 3 2
26331 3 1
26334 2 1
26334 3 1
26341 2 1
26342 2 1
26343 2 2
26344 3 1
26349 2 1
26349 3 1
26350 3 1
26352 2 1
26353 3 2
26355 2 2
26355 3 1
26356 2 1
26356 3 1
2636 2 2
2636 3 1
26361 2 1
26362 3 1
26364 2 1
26365 3 1
2637 2 1
26383 3 1
26385 3 1
26406 2 1
26416 3 1
2642 2 1
2642 3 1
26421 2 1
26422 2 2
26425 2 1
26426 3 1
26441 2 1
26446 2 1
26446 3 1
26447 2 1
26447 3 2
26448 2 2
26449 2 1
26453 2 1
26454 2 2
26455 2 1
26455 3 1
26456 3 2
26458 3 1
2646 2 2
2646 3 1
26461 3 1
26464 2 1
26464 3 1
26465 3 1
2647 3 1
26474 2 1
26475 2 1
26479 3 1
26480 2 1
26485 2 1
26486 2 1
2649 2 1
2649 3 2
26490 2 1
26491 2 1
26492 3 1
26495 2 1
26498 3 1
2650 3 1
26503 2 1
26503 3 1
26504 2 1
26505 2 1
26505 3 2
26506 3 1
26508 2 1
26508 3 2
26509 3 1
26512 2 1
26513 3 1
26515 2 1
26518 3 1
26521 3 1
26524 2 1
26524 3 1
26526 3 1
26528 2 1
26529 2 2
26529 3 1
2653 2 1
2653 3 1
26530 3 1
26532 2 1
26533 2 1
26534 2 2
26534 3 1
26539 2 1
26539 3 1
2654 2 2
2654 3 1
26540 2 1
26543 2 1
26543 3 1
26545 2 2
26546 2 1
26546 3 1
26547 2 1
2655 2 1
26550 2 1
26551 2 1
26553 3 1
26555 3 1
26557 2 1
26557 3 1
26558 2 2
26559 2 1
26559 3 1
2656 3 1
26564 2 1
26565 2 1
26566 3 2
26567 3 1
26573 2 1
26578 2 1
26579 2 1
2658 3 1
26580 2 2
26580 3 1
26585 3 1
26587 2 1
26587 3 1
26590 2 1
26592 3 1
26593 2 1
26594 2 1
26595 3 1
26597 2 1
26598 2 2
26599 2 1
26599 3 1
26604 3 1
26606 2 1
26606 3 1
26609 2 1
26610 3 1
26614 2 1
26617 2 1
26618 2 1
26619 2 2
2662 2 1
2662 3 1
26620 3 1
26623 2 1
26623 3 1
26624 2 2
26624 3 1
26625 2 1
26628 3 1
26629 2 1
2663 2 1
26630 3 1
26632 3 1
26634 3 1
2664 2 2
2664 3 1
2665 3 1
26655 2 1
2667 2 1
26685 2 1
26685 3 1
26693 3 1
26709 2 1
2671 3 1
26710 3 1
26712 3 1
26714 2 1
26715 2 2
26715 3 1
26716 2 1
26717 3 1
26719 3 1
26720 2 1
26721 2 1
26722 3 1
26725 2 1
26725 3 2
26726 2 1
26727 2 2
26727 3 1
26728 3 1
2673 3 1
26731 2 1
26732 2 1
26734 2 2
26736 2 1
26737 2 1
26739 3 1
26746 3 1
26747 2 1
26748 2 2
26748 3 1
26749 3 1
2675 2 1
2675 3 1
26752 2 1
26752 3 1
26753 3 1
26757 3 1
2676 2 1
26760 3 1
26768 2 1
26769 3 1
2677 3 2
26771 2 1
26771 3 1
26772 2 1
26773 3 2
26775 2 1
26775 3 1
26776 2 2
26777 2 1
26777 3 1
26778 2 1
26778 3 2
26779 3 2
26783 3 1
26788 3 1
26791 3 1
26794 3 1
26796 3 1
26799 2 2
26799 3 1
2680 2 1
26800 3 1
26804 2 1
26809 3 1
2681 3 1
26815 2 1
26822 2 1
26826 2 1
26829 3 1
2683 2 1
26836 2 1
26836 3 1
26839 2 1
26839 3 1
2684 2 2
2684 3 1
2685 2 1
26850 2 1
26850 3 2
26856 2 1
2686 3 1
26862 3 1
26865 3 1
26871 2 1
26872 2 1
26873 2 2
26873 3 1
26874 2 1
26881 2 1
26882 3 1
26885 3 1
26887 3 1
26890 2 1
26891 2 1
26892 2 2
26892 3 1
26893 2 2
26893 3 1
26894 3 1
26898 3 1
26900 3 1
26918 2 1
26918 3 1
26919 2 1
26945 3 1
26957 2 1
26957 3 1
26958 3 2
2696 2 1
26963 2 1
26965 3 1
26966 2 1
26967 3 1
26969 3 1
2697 2 1
2698 3 1
26980 3 1
26982 3 1
26985 3 1
26987 2 2
26987 3 1
26988 2 1
26988 3 1
26992 2 1
26993 2 1
26994 2 1
26995 3 1
26997 2 1
27009 2 1
27013 2 1
27014 2 1
27015 2 2
27015 3 1
27016 3 1
27018 2 2
27018 3 1
27019 2 1
27020 3 1
27022 2 2
27022 3 1
27023 3 1
27027 3 1
27031 2 1
27034 3 1
27035 2 1
27036 2 1
27037 3 1
27043 2 1
27043 3 1
27047 2 1
27047 3 2
27048 2 1
27049 2 1
27050 3 1
27053 3 1
27056 2 1
27056 3 1
27057 2 1
27058 3 2
27060 2 1
27060 3 1
27064 2 1
27064 3 2
27065 2 2
27065 3 1
27066 2 1
27067 3 1
27069 2 1
27069 3 2
2707 3 1
27072 2 1
27072 3 1
27073 3 1
27079 3 1
27081 2 1
27081 3 1
27082 2 1
27084 3 1
27087 2 1
27087 3 1
27099 2 1
27099 3 2
271 2 1
271 3 1
27100 3 1
27103 3 1
27104 2 1
2711 2 1
27113 3 1
27118 2 1
27119 2 1
27120 3 1
27122 3 1
27123 2 1
27126 3 1
27128 2 1
27128 3 1
27129 2 1
27130 3 1
27133 2 1
27134 2 2
27134 3 1
27135 2 1
27136 2 1
27137 2 1
27143 3 1
27145 3 1
27146 2 1
27147 2 1
27149 3 1
27151 2 2
27152 2 1
27153 3 1
27155 3 1
27157 2 2
27157 3 1
27158 2 1
27158 3 1
27159 3 1
27162 2 1
27163 2 2
27164 3 1
27166 2 1
27166 3 1
27167 2 1
27172 3 1
27174 2 1
27191 3 1
27192 2 1
27194 2 1
272 2 1
27215 2 1
27216 3 1
27227 2 1
27228 2 1
27235 3 1
27237 2 2
27237 3 1
27238 2 1
27238 3 1
27241 3 1
27242 3 2
27244 3 1
27247 2 1
27248 3 1
2725 2 1
27250 2 1
27251 2 2
27251 3 1
27252 3 1
27254 2 1
27254 3 1
27257 2 2
27257 3 1
27258 3 1
27265 3 1
27276 2 1
27277 2 1
27278 3 1
27280 3 1
27283 3 1
27285 2 1
27286 2 2
27287 2 1
27287 3 1
27288 3 2
27290 3 1
27292 2 2
27294 2 1
27295 3 1
27297 3 1
27299 2 1
27299 3 1
273 2 1
273 3 2
27301 3 1
27304 3 1
27307 3 1
27309 3 1
27311 2 1
27312 2 2
27312 3 1
27316 2 1
27317 3 1
27320 2 1
27321 2 1
27325 2 1
27325 3 1
27326 3 2
27328 2 1
27328 3 1
27333 2 1
27333 3 1
27334 2 1
27335 3 2
27338 2 1
27339 3 1
2734 3 1
27342 2 2
27342 3 1
27343 3 1
27345 2 1
27345 3 1
27347 3 1
2735 2 1
27354 2 1
27355 3 1
27357 3 1
2736 2 1
27361 3 1
27362 2 1
27363 3 1
27365 3 1
27366 2 1
27367 2 1
27368 2 1
27372 2 1
27372 3 1
27375 3 1
27376 2 1
27377 2 1
2739 2 1
27390 2 1
27391 2 1
27394 3 1
27395 2 1
27396 2 2
27397 2 1
27397 3 1
27398 3 2
274 3 1
2740 2 1
27408 3 1
2741 3 1
27412 2 1
27415 3 1
27419 2 1
27419 3 2
27421 3 1
27423 2 1
27427 2 2
27427 3 1
27428 2 2
27428 3 1
27429 2 1
2743 3 1
27430 2 1
27430 3 2
27431 3 1
27435 2 1
27442 3 1
27446 3 1
2745 3 1
27461 2 1
27463 2 1
27473 3 1
27483 2 1
27484 3 1
27486 2 1
27489 3 1
2750 3 1
27500 3 1
27501 2 1
27507 2 1
27511 2 1
27512 3 1
27514 3 1
27518 3 1
2752 2 1
2752 3 1
27521 2 1
27522 2 2
27523 2 1
27523 3 1
27524 3 2
27527 2 2
27527 3 1
27528 3 1
27530 2 1
27530 3 1
27531 2 1
27531 3 2
27534 2 1
2754 3 1
27542 2 1
27542 3 1
27548 2 1
27549 2 1
27550 3 2
27553 3 1
27557 2 1
27558 2 1
27559 2 1
27564 2 2
27565 2 1
27569 3 1
27571 3 1
27574 3 1
27576 2 1
27576 3 1
27579 3 1
2758 2 1
27582 2 1
27586 2 2
27586 3 1
27587 2 1
27588 3 1
2759 3 1
27595 2 1
27596 2 1
276 2 1
276 3 1
27602 2 1
27602 3 1
27605 2 1
27605 3 1
27606 2 1
27608 2 2
27608 3 1
27609 2 1
27610 3 1
27612 2 2
27612 3 1
27613 2 1
27614 2 1
27617 2 1
2762 2 1
27621 2 1
27622 2 1
27623 3 1
27629 3 1
2763 3 1
27630 2 1
27639 3 1
27640 2 1
27641 2 2
27641 3 1
27642 3 1
27644 2 1
27644 3 1
27648 3 1
27650 3 1
27651 2 1
27652 2 1
27657 2 1
27658 2 1
27659 3 1
2766 2 1
27664 3 1
27667 2 1
27668 2 1
2767 2 1
27676 2 1
27677 2 1
27685 2 1
27688 2 1
27688 3 2
27689 3 1
27691 2 1
27691 3 2
27692 3 1
27697 2 1
277 2 1
277 3 2
2770 2 1
27700 2 1
27700 3 1
27703 2 1
27703 3 1
27705 3 1
2771 2 1
2772 3 1
27729 3 1
2774 3 1
27752 3 1
27758 2 1
2776 3 1
27770 3 1
27775 2 1
27776 3 1
27786 2 1
27786 3 1
27795 2 1
27796 2 2
27796 3 1
27797 2 1
278 2 1
278 3 2
27800 2 1
27804 3 1
27811 2 1
27811 3 1
27812 3 2
27814 3 1
27815 2 1
27816 3 1
27820 2 1
27820 3 1
27824 2 1
27825 3 1
27836 3 1
27837 2 1
27841 2 1
27842 2 1
27843 2 1
27844 2 2
27845 2 1
27845 3 1
27846 3 2
27848 2 1
27848 3 1
2785 3 1
27854 3 1
27855 2 1
27858 2 2
27858 3 1
27859 2 1
27859 3 1
27860 2 1
27861 2 1
27863 2 1
27864 3 1
27869 3 1
27870 2 1
27871 2 1
27872 3 2
27875 3 1
27878 3 1
27888 3 1
27891 3 1
27894 2 1
27898 2 1
279 2 1
279 3 2
27903 3 1
27905 2 1
27906 3 1
27908 2 1
27908 3 1
27911 2 1
27911 3 2
27912 2 2
27913 2 1
27913 3 1
27914 3 2
27916 2 1
27916 3 1
27917 2 1
27917 3 2
27920 3 1
27929 2 1
27929 3 2
27930 3 1
27934 2 1
27935 3 1
27946 3 1
27949 2 1
27949 3 1
2795 2 1
2795 3 1
27952 2 1
27953 3 1
27958 2 1
27959 2 2
2796 2 2
27960 2 1
27960 3 1
27961 2 1
27970 3 1
27972 2 1
27972 3 1
27975 2 1
27976 2 1
27985 3 1
27994 3 1
27995 3 2
27996 2 1
280 3 1
28000 2 1
28001 2 1
28002 3 1
2801 2 1
28016 2 1
2802 2 1
28023 3 1
2803 3 1
28033 2 1
28034 2 1
28035 2 1
28036 3 1
28049 2 1
28049 3 1
2805 2 1
2805 3 1
28051 2 1
28054 2 1
28055 2 2
28055 3 1
28058 2 1
28059 2 1
2806 2 1
28061 2 1
28062 2 1
28071 3 1
28073 2 1
28074 2 2
28075 2 1
28075 3 1
28076 3 1
28081 2 1
28082 2 1
28086 2 1
28087 2 1
28088 3 1
2809 2 2
2809 3 1
28095 2 2
28096 2 1
28096 3 1
28097 2 1
28098 2 1
28099 2 1
28099 3 2
2810 2 1
28100 3 1
28104 2 1
28105 2 1
28115 2 1
28116 2 1
28117 2 2
28117 3 1
28118 3 1
28123 2 1
28123 3 1
28124 3 2
28128 2 2
28128 3 1
28129 3 1
28134 3 1
28136 2 1
28136 3 1
28138 2 1
28142 2 1
28142 3 1
28143 2 1
28144 2 2
28144 3 1
28145 2 1
2815 3 1
28150 3 1
28153 2 1
28154 2 1
28155 3 1
28158 3 1
28161 2 1
28162 2 2
28162 3 1
28166 3 1
28168 3 1
28171 2 1
28171 3 1
28176 2 1
2818 2 1
28180 2 1
28180 3 1
28181 3 1
28183 2 1
28184 2 1
28185 2 2
28185 3 1
28186 2 1
28187 3 1
28190 2 1
28190 3 2
28191 2 1
28193 2 1
28194 2 1
2821 2 1
28216 3 1
2822 2 1
28225 2 1
28225 3 1
2823 2 1
28230 3 1
28233 2 1
28233 3 1
28235 3 1
2824 2 1
28240 2 1
28248 3 1
2825 3 1
28254 2 1
28262 3 1
28264 2 1
28265 3 1
28268 2 1
28268 3 1
2827 2 1
2827 3 1
28270 3 1
28272 2 1
28272 3 2
28292 2 1
28293 3 2
283 2 1
283 3 1
2830 2 1
28306 3 1
28309 2 1
28309 3 1
2831 3 1
28316 3 1
28325 2 1
28327 3 1
28334 3 1
28336 2 1
28337 2 1
28339 2 1
28340 2 1
28345 2 2
28345 3 1
28346 2 1
28347 3 1
2835 2 1
2835 3 1
2836 3 2
28365 2 1
28369 2 1
28369 3 1
28370 2 2
28371 2 1
28371 3 1
28374 3 1
28378 3 1
28379 2 1
28380 2 1
28381 2 1
28383 2 1
28384 3 1
28387 2 1
28387 3 2
28388 2 2
28389 2 1
28389 3 1
2839 3 1
28390 2 1
28390 3 2
28391 3 1
28395 2 1
28396 3 1
28398 2 1
284 2 1
284 3 2
28401 2 1
28401 3 1
28402 2 1
28403 2 1
28404 2 2
28405 2 1
28405 3 1
28410 2 1
28410 3 1
28411 2 2
28411 3 1
28412 3 1
28414 3 1
28416 3 1
28417 3 2
28418 2 1
28419 2 2
28419 3 1
28420 2 1
28422 3 2
28423 3 1
28425 3 1
28429 2 1
2843 2 1
28430 3 1
28432 2 1
28432 3 2
28434 2 1
28435 2 2
28435 3 1
28436 3 1
2844 2 2
2845 3 1
28450 2 2
28450 3 1
28451 2 1
28452 3 1
28455 3 1
28457 2 2
28457 3 1
28458 2 1
28458 3 1
28459 2 1
28460 3 1
2847 3 1
28470 2 1
28474 2 1
28480 3 1
28486 2 1
28487 3 1
28493 2 1
285 2 1
285 3 2
2850 2 1
28502 2 1
28502 3 1
28505 3 1
2851 2 2
2851 3 1
28514 2 1
28514 3 1
28515 2 1
28515 3 2
28517 2 1
2852 3 1
28532 2 1
28533 3 1
28535 3 1
28537 2 1
28537 3 1
28540 2 1
28541 2 1
28542 3 1
2855 3 1
28550 3 1
28553 2 1
2856 2 1
28561 3 1
28563 2 1
28563 3 1
28564 2 1
28564 3 2
28567 3 1
2857 3 2
28571 2 1
28572 3 1
28574 2 1
28574 3 1
28575 2 2
28575 3 1
28576 2 1
28577 3 1
28579 3 1
28586 2 1
28587 3 1
28592 2 1
28593 3 1
28598 2 1
28599 2 1
286 3 1
28601 3 1
28603 2 1
28603 3 1
2861 3 1
28614 2 1
28614 3 1
28617 2 1
28618 3 1
28627 2 1
28627 3 1
2863 2 1
28638 2 1
28638 3 1
2864 2 2
2864 3 1
28643 2 1
28646 2 1
28646 3 1
28647 2 1
28648 3 2
2865 3 1
28655 2 1
28656 2 1
28657 3 1
28659 2 2
28659 3 1
28660 2 1
28660 3 1
28661 2 2
28662 2 1
28662 3 1
28663 3 2
28671 3 1
28675 3 1
28678 2 1
28678 3 1
28679 2 1
2868 2 1
28680 2 2
28681 2 2
28681 3 1
28682 3 1
28684 2 1
28684 3 2
28685 2 2
28685 3 1
28686 2 1
28687 3 1
28689 3 1
28692 2 1
28692 3 1
28693 2 2
28694 2 1
28694 3 1
28697 2 1
28697 3 1
28699 2 2
28699 3 1
2870 3 1
28700 2 1
28701 2 1
28702 3 1
28705 2 1
28706 2 2
28707 2 1
28707 3 1
28708 3 2
28716 2 1
28716 3 1
28718 3 1
2872 2 1
28720 3 1
28722 2 1
28723 3 1
28725 2 1
28725 3 2
28726 2 2
28726 3 1
28727 2 1
2873 3 1
28730 3 1
28732 3 1
28733 2 1
28734 2 1
28737 3 1
28741 3 1
28743 3 2
28744 3 1
2875 2 1
2875 3 2
28750 2 1
28757 2 1
28758 2 1
28762 3 1
2877 2 2
2877 3 1
28771 2 1
28774 2 1
28774 3 1
28777 2 1
28777 3 1
28778 2 1
28779 2 1
2878 2 1
28780 2 2
28780 3 1
28784 2 1
28787 3 1
28789 2 1
28789 3 1
2879 2 1
28792 3 1
28793 2 1
28794 3 1
28796 3 1
28798 3 1
2880 3 2
28800 3 1
28803 2 1
28803 3 2
28804 2 2
28804 3 1
28805 2 1
28806 2 1
28807 3 2
28812 2 1
28813 3 1
28815 3 1
28817 2 1
28818 3 1
2882 3 1
28821 2 1
28829 3 1
28831 2 1
28831 3 2
28832 2 2
28832 3 1
28833 2 1
28834 3 1
28836 2 1
28842 2 1
28842 3 2
28843 2 1
28844 2 2
28845 3 1
28847 2 1
2885 2 1
28853 2 1
28854 2 1
28854 3 2
28855 3 1
28857 2 1
28858 2 2
28858 3 1
2886 2 2
2886 3 1
28868 3 1
2887 2 1
28872 2 1
28878 3 1
28879 2 1
2888 3 1
28880 2 1
28888 3 1
28892 2 1
28892 3 1
28893 3 2
28894 2 1
28894 3 2
28895 3 1
289 2 1
289 3 1
28905 2 1
28906 2 1
28907 2 2
28907 3 1
28908 3 1
28911 3 1
28913 3 1
28915 2 1
28915 3 1
28918 2 1
28918 3 1
28919 2 1
28919 3 2
2892 2 1
28920 2 1
28920 3 2
28921 2 1
28921 3 2
28923 3 1
28927 3 1
28929 2 2
28929 3 1
28930 3 1
28932 2 1
28933 2 1
28936 2 1
28937 3 1
28939 2 1
28939 3 1
28940 2 1
28940 3 2
28941 2 2
28942 2 1
28942 3 1
28943 3 1
28945 2 1
28946 2 1
2895 2 2
2895 3 1
28951 2 1
28951 3 2
28952 2 2
28953 2 1
28953 3 1
28954 2 1
28954 3 2
28955 3 2
28957 3 1
2896 3 1
28964 3 1
28967 3 1
28969 3 1
28972 2 2
28972 3 1
28973 2 1
28973 3 1
28974 3 1
28977 2 1
28977 3 2
28986 3 1
28988 3 1
2899 3 1
28990 3 1
28994 2 1
28995 2 1
28999 2 1
28999 3 1
290 3 1
29000 2 2
29001 2 1
29001 3 1
29002 3 2
29005 3 1
29006 2 1
29007 2 2
29008 2 1
29008 3 1
29009 2 1
29013 2 1
29013 3 1
29016 2 1
29016 3 1
29017 3 1
2902 2 1
29024 2 1
29025 3 1
29029 3 1
2903 2 1
29031 2 2
29031 3 1
29032 3 1
2904 3 1
29041 3 1
29043 2 1
29043 3 1
29044 3 2
29047 3 1
29050 2 1
29052 3 1
29055 3 1
29056 2 1
29057 2 2
29058 2 1
29058 3 1
29059 3 2
2906 3 1
29061 2 1
29061 3 1
29068 3 1
29071 2 1
29072 2 1
29073 2 1
29074 3 2
29077 2 1
29077 3 1
29078 3 1
29088 2 2
29088 3 1
29089 2 1
29089 3 1
29091 3 1
29093 2 1
29093 3 1
29099 2 1
29104 2 1
2911 2 1
29111 2 1
29111 3 1
29112 3 1
29115 2 1
29116 3 1
29118 3 1
29119 2 1
29119 3 2
2912 2 2
29120 2 1
29122 3 1
29124 2 1
29124 3 1
29128 2 1
29137 2 1
29140 2 1
29140 3 1
29142 3 1
29144 2 1
29144 3 1
29145 2 1
29151 3 1
29154 2 1
29155 2 1
29156 3 1
29158 3 1
2916 2 2
29164 2 1
29165 2 2
29166 2 1
29166 3 1
29172 3 1
29175 3 1
29177 2 1
29180 2 1
29180 3 1
29184 2 1
29188 2 1
29189 2 1
29190 2 1
29191 3 1
29193 2 1
29195 3 1
29197 3 1
29199 2 2
29199 3 1
292 2 1
292 3 1
29200 2 1
29201 3 1
29207 3 1
29209 2 1
29210 3 1
29212 2 2
29212 3 1
29213 2 1
29214 3 1
29217 3 1
29218 2 1
29219 2 1
29219 3 2
2922 2 1
2922 3 1
29220 2 1
29220 3 2
29221 3 1
29223 2 1
29224 2 1
29225 2 1
29226 2 2
29226 3 1
29228 2 1
2923 2 2
29232 2 1
29233 2 1
29234 3 2
29237 3 1
29239 2 1
29239 3 2
2924 3 1
29240 3 1
29242 2 2
29242 3 1
29243 2 2
29243 3 1
29244 2 1
29246 2 1
29247 3 1
29256 3 1
29258 3 1
2926 3 1
29260 2 1
29260 3 2
29261 3 1
29267 2 1
29267 3 1
29272 2 1
29273 2 1
29274 2 2
29274 3 1
29275 3 1
29278 3 1
29280 3 1
29282 2 1
29286 2 2
29286 3 1
29287 2 1
29288 2 1
29289 2 1
2929 2 1
29290 2 1
29291 2 1
29293 3 1
29295 2 1
29295 3 2
29296 3 1
29298 2 1
29298 3 1
293 2 1
2930 3 1
29301 2 1
29304 3 1
29310 2 1
29313 2 1
29314 2 1
29315 2 1
29316 2 1
2932 3 1
29322 2 1
29322 3 2
29323 2 1
29324 2 2
29324 3 1
29325 3 1
29328 2 1
29328 3 2
29329 2 1
29330 2 2
29330 3 1
29331 3 1
29333 2 1
29333 3 1
29336 3 1
29338 2 1
29339 2 1
2934 2 1
2934 3 2
29341 3 1
29344 2 1
29344 3 1
29345 2 1
29345 3 2
29346 2 1
29346 3 2
29347 2 2
29348 3 1
29350 2 1
29350 3 1
29351 3 1
29353 3 1
29355 2 1
29356 3 1
29358 2 2
29358 3 1
29359 3 1
29361 3 1
29367 2 1
29368 3 1
29370 3 1
29372 2 1
29373 3 1
2938 3 1
29381 2 2
29381 3 1
29382 2 1
29383 2 1
29384 3 1
29386 2 1
29386 3 2
29387 2 2
29387 3 1
29388 2 1
29389 3 1
2939 2 1
29392 2 1
29393 2 2
29393 3 1
29394 3 1
294 2 1
2940 2 1
2941 3 2
29410 3 1
29416 3 1
29418 2 1
29419 3 1
29421 2 1
29424 3 1
29427 3 1
2943 3 1
29432 3 1
29434 3 1
29436 3 1
29441 2 1
29445 2 1
29446 3 1
29449 2 1
29449 3 1
2945 3 1
29461 3 1
29465 2 1
2947 2 1
2947 3 1
29471 2 1
29472 2 1
29473 2 1
29474 3 1
29477 3 1
2948 2 1
29485 2 1
29486 2 1
29489 2 1
29489 3 1
2949 3 1
29490 2 1
29496 2 1
29498 3 1
295 2 1
29504 2 1
29504 3 1
29506 2 1
29507 2 2
29508 2 1
29508 3 1
29509 2 1
2951 3 1
29512 2 1
29518 2 1
29519 3 1
29521 2 1
29521 3 1
29523 2 1
29524 2 1
29525 2 1
29529 2 1
29530 2 1
29531 3 2
29533 3 1
29534 2 1
29535 2 1
29536 2 2
29536 3 1
2954 3 1
29544 2 1
29544 3 2
29547 2 1
29547 3 1
29550 2 1
29551 3 2
29552 3 1
29554 2 1
29554 3 1
29555 2 1
29555 3 2
29556 3 2
2956 2 2
2956 3 1
29568 3 1
2957 2 1
2957 3 1
29573 2 1
29573 3 1
29576 3 1
2958 2 1
2959 2 1
29590 2 1
29590 3 1
29591 2 1
29592 3 1
29594 2 1
29594 3 2
29595 2 2
29596 2 1
29596 3 1
29597 2 1
29598 3 1
296 2 1
29600 2 1
29601 2 2
29602 2 1
29602 3 1
29603 3 2
29606 3 1
29611 2 1
29611 3 2
29612 2 1
29612 3 2
29613 2 2
29613 3 1
29614 2 1
29615 2 1
29615 3 2
29616 3 1
29618 2 1
29619 2 2
29619 3 1
29620 2 2
29620 3 1
29621 3 1
29623 2 1
29628 2 2
29628 3 1
29629 2 1
29629 3 2
29630 2 2
29630 3 1
29631 2 1
29638 3 1
29640 3 1
29643 3 1
29651 3 1
29654 2 2
29654 3 1
29655 2 1
29655 3 1
29656 2 1
29659 2 1
29660 2 1
29660 3 2
29661 3 1
29663 2 2
29663 3 1
29664 2 1
29665 2 1
29665 3 2
29666 2 1
29666 3 2
29667 2 1
29667 3 2
29668 3 1
29670 3 1
29677 2 1
29678 2 1
29679 2 1
2968 3 1
29689 2 1
29689 3 2
29690 3 1
29692 3 1
29693 2 1
29694 2 2
29695 2 1
29695 3 1
29696 3 2
29697 3 2
29698 3 1
297 2 1
29702 3 1
29704 2 1
29705 2 1
2971 3 1
29713 2 1
29713 3 1
29714 3 1
29716 3 1
29719 3 1
29726 2 1
29726 3 1
29727 3 1
29731 2 1
29732 2 1
29733 2 1
29734 3 1
29739 2 1
29740 3 1
29749 2 1
29749 3 1
29752 2 1
29753 2 2
29753 3 1
29758 2 1
29758 3 1
29768 2 1
29768 3 2
29769 3 1
2977 3 1
29772 2 1
29772 3 1
29778 3 1
29788 2 2
29789 2 1
29790 2 1
298 3 1
29801 2 1
29801 3 1
29802 2 1
29806 2 1
29811 3 1
29812 2 1
29813 2 1
29814 3 1
29816 2 1
29816 3 1
29817 3 2
29821 2 1
29821 3 1
29824 2 1
29825 2 1
29826 2 1
29829 2 1
2983 3 1
29830 2 1
29831 2 1
29832 2 1
29836 2 1
29838 2 2
29839 2 1
29839 3 1
2984 2 1
29840 2 1
29846 2 1
2985 2 1
29850 2 1
29857 2 1
29858 3 1
29860 3 1
29862 2 1
29863 2 1
29864 3 1
29866 3 1
29868 3 1
29872 2 1
29873 2 1
29874 3 1
29876 2 1
29877 2 1
29878 3 1
2988 3 1
29880 2 1
29880 3 1
29881 2 1
29882 2 1
29885 2 1
29885 3 1
29889 2 1
29890 2 2
29891 3 1
29894 3 1
29896 2 1
29897 2 2
29897 3 1
29898 2 1
29899 2 1
29903 3 1
29909 2 1
29914 3 1
29918 2 1
29919 3 1
29921 2 1
29921 3 2
29922 2 1
29922 3 2
29923 2 2
29923 3 1
29924 2 1
29930 2 1
29930 3 1
29931 2 2
29932 2 1
29932 3 1
29935 2 1
29935 3 1
29936 2 1
29937 2 2
29937 3 1
29938 3 1
29940 2 1
29940 3 2
29947 3 1
29956 3 1
29958 2 1
29958 3 1
29959 2 1
29962 3 1
29965 2 1
29966 2 1
29967 2 1
2997 2 2
29971 2 1
29971 3 1
29972 3 2
29979 3 1
2998 2 1
2998 3 1
29980 2 1
29981 3 1
29983 2 2
29983 3 1
29985 2 1
29986 2 2
29987 2 1
29987 3 1
29988 2 1
29992 2 1
29992 3 1
29994 2 1
29995 2 2
29995 3 1
29996 2 2
29996 3 1
29997 3 1
30004 2 2
30004 3 1
30005 2 1
30005 3 1
30007 3 2
30008 3 1
3001 2 1
30010 2 1
30010 3 2
30011 3 1
30014 3 1
30017 2 1
3002 3 1
30023 2 1
30023 3 2
30025 2 1
30026 3 1
30028 3 1
30036 2 1
30036 3 1
30037 2 1
30038 2 1
3004 3 1
30041 2 1
30041 3 1
30042 2 2
30048 2 1
30048 3 2
30049 3 1
30051 2 1
30051 3 1
30054 2 1
30056 3 1
30062 2 1
30062 3 1
30063 2 1
30064 3 1
30068 3 1
30069 2 1
30078 3 1
30079 2 1
30080 2 1
30084 3 1
30087 2 1
30088 2 1
30089 3 1
30091 3 1
30097 3 1
30099 3 1
301 2 1
301 3 1
30107 3 1
30108 2 1
30109 3 2
30111 3 1
30113 2 1
30114 2 1
30115 3 1
30117 3 1
30119 3 1
30121 3 1
30127 2 2
30127 3 1
30134 3 1
30136 2 1
30137 2 2
30137 3 1
30138 2 1
30139 2 1
30139 3 2
30140 3 1
30144 2 1
30144 3 2
30145 3 1
30149 2 1
30155 3 1
30161 2 1
30161 3 2
30162 2 1
30162 3 2
30167 3 1
30172 2 1
30172 3 1
30177 2 1
30177 3 1
30179 3 1
3018 2 1
30182 2 1
30182 3 1
30189 2 2
30189 3 1
3019 2 2
3019 3 1
30190 2 1
30190 3 1
30191 2 1
30192 2 1
302 2 1
3020 2 1
30200 3 1
30202 3 1
30204 2 1
30204 3 1
30207 2 1
30208 2 2
30209 2 1
30209 3 1
3021 2 1
30210 3 1
3022 3 2
30221 2 1
30225 2 1
30226 2 2
30227 2 1
30227 3 1
30228 3 2
30232 3 1
30241 2 1
30242 2 1
30243 2 1
30244 2 1
30248 2 1
30251 2 1
30252 2 1
30253 2 2
30257 3 1
30261 2 1
30261 3 1
30265 2 1
30266 2 2
30267 3 1
30269 2 1
30269 3 1
30270 2 1
30271 3 1
30274 2 1
30275 3 2
30277 2 1
30277 3 1
30278 2 2
30279 2 1
30279 3 1
30280 2 1
30281 3 2
30284 3 1
30288 3 1
30289 2 1
30290 2 1
30292 2 1
30293 3 1
30296 2 1
30296 3 2
30297 2 2
30297 3 1
30298 2 1
303 2 1
30300 2 1
30301 3 1
30303 2 1
30303 3 1
30304 2 1
30305 2 1
30311 3 1
30316 2 1
30317 2 1
3032 2 2
30324 3 1
30326 2 1
30328 2 1
30329 3 1
3033 2 1
30332 3 1
30334 2 1
30334 3 2
30335 2 1
30336 2 1
3034 2 1
3034 3 2
30340 3 1
30341 2 1
30342 3 1
30347 2 1
30347 3 1
3035 3 1
30352 2 1
30352 3 1
30355 2 1
30357 3 1
30360 3 1
30363 2 1
30364 3 1
30366 2 1
30366 3 1
30369 2 1
30370 2 1
30370 3 2
30371 2 1
30371 3 2
30372 2 1
30372 3 2
30373 3 1
30376 2 1
30376 3 1
30379 2 1
30379 3 1
30380 2 1
30389 3 1
30391 2 1
30397 2 1
304 3 1
30400 2 1
30401 2 1
30402 2 1
30403 2 2
30403 3 1
30404 2 1
30405 3 1
30407 3 1
30409 2 1
30409 3 1
30410 2 2
30411 2 1
30411 3 1
30417 2 1
30417 3 1
30419 3 1
3042 2 2
3042 3 1
30425 2 1
30426 3 1
3043 2 1
3043 3 1
30430 2 1
30430 3 1
30431 2 1
30437 2 1
30437 3 2
30438 2 1
30439 2 1
30440 2 1
30446 2 1
30446 3 1
30449 2 1
30450 3 1
30453 2 1
30459 2 1
3046 2 1
30465 2 1
30465 3 1
30468 2 1
30469 2 1
3047 2 1
30472 2 1
30473 2 1
30479 2 2
30479 3 1
3048 2 1
30480 2 1
30481 3 1
30484 3 1
30485 2 1
30486 2 1
30490 3 2
30491 3 1
30497 2 1
30498 2 1
30499 3 1
3050 2 1
30507 2 1
30508 3 1
3051 3 1
30515 3 1
30518 3 1
30524 3 1
30525 2 1
30526 2 1
30529 2 1
30529 3 1
30530 2 2
30530 3 1
30531 3 1
30533 2 1
30533 3 1
30534 3 1
30541 2 1
30542 3 1
30545 2 1
30545 3 1
30546 2 1
30546 3 2
30549 3 1
3055 3 1
30551 2 1
30551 3 1
30552 2 1
30553 2 2
30553 3 1
30554 2 1
30555 2 1
30555 3 2
30556 3 1
30558 3 1
30565 2 1
30565 3 1
30566 2 1
30569 2 1
3057 2 1
3057 3 1
30570 2 2
30571 3 1
30573 3 1
30579 2 1
30579 3 1
3058 2 1
3058 3 2
30580 2 1
30580 3 2
30581 2 2
30582 2 1
30582 3 1
30583 3 2
30588 3 1
30589 2 1
3059 2 1
3059 3 2
30592 3 1
30594 2 1
30595 3 1
3060 2 1
30603 2 1
30604 3 1
30608 2 2
30609 2 1
30609 3 1
3061 3 1
30613 2 1
30614 2 1
30615 2 1
30616 2 1
30617 3 2
30620 2 1
30620 3 1
30625 3 1
30627 2 1
30629 2 1
3063 2 1
3063 3 1
30640 2 1
30640 3 1
30641 2 1
30642 2 1
30645 2 1
30645 3 1
30646 3 2
30649 3 1
30654 2 1
30654 3 1
30657 3 1
30659 3 1
30664 2 1
30665 3 1
30673 3 1
30679 3 1
30689 3 1
30696 2 2
30696 3 1
30697 2 1
30697 3 1
30698 2 1
30699 2 1
30704 2 1
30705 2 1
30706 2 1
30707 3 1
30714 2 1
30714 3 1
30715 2 1
30716 3 2
30720 2 1
30727 2 1
30728 3 1
3074 2 1
30745 2 1
30745 3 1
30746 2 1
30751 2 1
30752 2 1
30760 2 1
30760 3 1
30761 2 2
30762 2 1
30762 3 1
30763 3 1
30769 2 1
30770 3 1
30777 2 2
30778 3 1
3078 2 1
3078 3 1
30781 2 1
30781 3 1
30782 3 1
30784 2 1
30784 3 1
30789 2 1
3079 3 2
30790 2 1
30790 3 2
30791 3 1
30793 2 1
30793 3 1
30794 3 2
30798 2 1
30798 3 1
30799 2 2
30800 2 2
30800 3 1
30801 3 1
30803 2 2
30803 3 1
30804 2 1
30805 2 1
30806 2 1
30809 3 1
3081 3 1
30812 3 1
30815 2 1
30816 3 1
30820 2 1
30823 3 1
30825 2 1
30825 3 1
30826 2 2
30827 2 1
30827 3 1
30830 2 1
30830 3 1
30833 2 2
30834 2 1
30834 3 1
30838 2 1
30838 3 1
3084 2 1
30840 2 2
30840 3 1
30841 3 1
30843 2 1
30844 2 1
30845 3 1
30847 2 1
30847 3 1
30848 2 2
30848 3 1
30849 2 1
30850 3 1
30852 2 1
30853 2 1
30855 2 1
30856 3 1
30858 3 1
30860 3 1
30861 2 1
30862 3 2
30866 2 1
30867 2 1
30868 2 1
30876 2 1
30876 3 1
30878 2 1
30879 3 2
30887 2 1
30887 3 1
30888 2 1
30888 3 2
30889 2 1
30889 3 2
30890 2 2
30891 3 1
30894 2 1
309 2 1
309 3 1
30901 2 1
30901 3 1
30903 3 1
30910 3 1
30916 2 1
30917 3 1
30919 2 1
30920 2 1
30928 2 1
30931 2 1
30931 3 1
30933 3 1
30935 2 1
30936 2 1
30937 2 1
30938 2 1
30939 2 1
30940 3 1
30942 2 1
30942 3 1
30943 3 2
30945 3 1
30946 3 2
30947 2 1
3095 2 1
3095 3 2
30950 2 1
30957 2 1
30958 2 1
3096 2 1
30966 2 1
3097 2 2
30977 3 1
30979 2 1
30979 3 1
30980 2 1
30982 3 1
30984 3 1
30986 2 1
30986 3 1
30987 2 1
30987 3 2
30988 2 1
30989 3 1
30996 2 1
310 3 1
3100 2 2
3100 3 1
3101 2 1
31010 2 1
31011 3 1
31014 2 1
31014 3 1
31015 3 2
31017 3 1
31019 3 1
3102 3 1
31030 3 1
31032 2 2
31032 3 1
31033 2 1
31034 2 1
31035 2 1
31035 3 2
31036 2 1
31036 3 2
31037 2 1
31037 3 2
31038 3 1
31040 3 1
31042 3 1
31047 2 1
3105 2 1
3105 3 2
31051 2 2
31051 3 1
31052 2 1
31056 2 1
31056 3 1
31057 2 1
31057 3 2
3106 2 1
3106 3 2
31060 2 1
31063 2 1
31064 2 1
31065 3 1
31068 3 1
3107 3 1
31070 2 1
31070 3 2
31071 2 2
31072 2 1
31072 3 1
31077 3 1
31078 2 1
31078 3 2
31079 2 2
31080 2 1
31080 3 1
31081 2 1
31082 3 2
3109 2 1
31090 3 1
31094 2 1
31097 3 1
31099 2 1
31099 3 1
31102 3 1
31103 2 1
31108 3 1
31110 2 1
31115 2 1
31116 2 1
31117 2 2
31118 3 1
31120 3 1
31126 2 1
3113 3 1
31130 3 1
31132 2 1
31132 3 1
31133 2 1
31133 3 2
31134 2 1
31136 3 1
31149 2 1
31149 3 1
3115 3 1
31150 3 1
31155 2 1
31155 3 1
31156 2 2
31156 3 1
31157 2 1
31158 2 1
31159 3 1
31161 2 1
31163 3 1
31167 2 1
31167 3 1
31171 3 1
31173 2 1
3118 2 1
31180 2 1
31182 2 1
31183 2 1
3119 3 1
31191 3 1
31192 3 2
31194 3 1
312 2 1
312 3 1
31201 3 1
31203 3 1
3121 2 1
31210 3 1
31212 2 1
31212 3 2
31213 2 1
31214 2 2
31214 3 1
31215 2 1
31216 3 1
31220 3 1
31231 2 1
31231 3 1
31232 3 1
31238 2 1
31238 3 1
31239 2 1
31239 3 2
3124 2 1
3124 3 1
31240 2 1
31241 2 1
31243 3 1
31245 2 1
31245 3 1
31246 2 1
31247 2 2
31248 2 1
31248 3 1
31252 3 1
31254 2 1
31254 3 2
31255 2 2
31255 3 1
31256 2 1
31257 3 1
31263 3 1
3127 2 1
3127 3 1
31279 3 1
3128 2 1
31281 2 1
31282 3 1
31284 2 1
31284 3 2
31285 2 1
31289 2 1
31292 2 1
31294 3 1
31296 2 1
31296 3 1
313 2 1
3130 2 2
3130 3 1
31305 2 1
31305 3 1
31306 2 1
31306 3 2
31307 2 1
31308 2 2
31309 2 1
31309 3 1
3131 3 1
31310 3 2
31312 2 1
31321 3 1
31323 3 1
31324 2 1
31325 2 2
31325 3 1
31326 2 1
31327 3 1
31336 2 1
31337 2 2
31337 3 1
31338 2 1
31339 2 1
31339 3 2
3134 2 2
3134 3 1
31340 3 1
31342 3 1
31344 2 1
31344 3 1
31345 2 1
31346 2 2
31346 3 1
31347 2 1
31348 3 1
3135 3 1
31350 3 1
31352 2 1
31352 3 1
31355 2 1
31359 2 1
31360 2 2
31361 2 1
31361 3 1
31362 2 1
31363 3 2
31364 3 1
31371 2 1
31371 3 1
31376 2 1
31376 3 1
31377 2 1
31389 2 1
314 2 1
314 3 2
3140 2 1
31400 2 1
31400 3 2
31401 2 2
31401 3 1
31402 2 1
31403 3 1
31406 3 1
31408 2 1
31408 3 1
3141 3 1
31410 3 1
31419 2 2
31420 3 1
31422 3 1
31423 2 1
31424 2 1
31425 2 2
31426 3 1
31429 2 1
3143 2 1
31430 3 1
31433 2 1
31436 2 1
31439 2 1
3144 2 1
31440 2 1
31446 3 1
3145 3 1
31454 3 1
31457 3 1
31461 2 1
31462 3 1
31465 2 1
31466 2 1
31468 3 1
3147 3 1
31470 2 1
31470 3 1
31473 2 1
31474 2 1
31475 2 1
31476 3 1
31481 2 1
31482 3 1
31484 3 1
31486 3 1
31488 3 1
31489 2 1
31490 3 2
31494 3 1
31496 2 1
31497 3 1
31499 2 1
31499 3 1
315 2 1
315 3 2
3150 2 1
3150 3 1
31500 2 1
31500 3 2
31501 2 2
31502 3 1
31504 2 1
31504 3 1
31505 3 1
31508 2 1
31509 3 1
3151 2 2
3151 3 1
31514 2 1
31518 3 1
3152 2 1
31527 3 1
31534 2 1
31535 3 1
31549 2 1
31549 3 2
31550 3 1
31552 2 1
31553 2 1
31553 3 2
31554 3 1
31556 3 1
31557 2 1
31558 3 1
31560 3 1
31562 3 1
31564 2 1
31565 2 1
31566 2 2
31567 3 1
31572 2 1
31573 3 1
31575 2 1
31576 3 1
31579 2 1
31579 3 2
3158 2 1
31580 2 1
31580 3 2
31581 3 1
31586 3 1
31587 2 1
31588 3 1
3159 2 1
31592 2 1
31595 3 1
31597 3 1
31599 3 1
316 2 1
316 3 2
31600 2 1
31601 3 1
31603 2 1
31603 3 1
31604 2 1
31609 2 1
31609 3 1
31612 2 1
31616 3 1
31618 3 1
3162 3 1
31622 2 2
31623 3 1
31625 3 1
31627 3 1
31629 3 1
31631 3 1
31633 2 1
31633 3 1
31634 2 2
31635 2 1
31635 3 1
31640 2 1
31644 2 1
31644 3 1
3165 2 2
3165 3 1
31654 2 1
31654 3 1
31659 3 1
3166 3 1
31664 2 1
31664 3 1
31665 3 1
31669 2 1
31670 2 1
31673 2 1
31674 3 1
31676 2 1
3168 3 1
31680 2 1
31682 3 1
31692 3 1
31696 2 1
31696 3 2
31697 3 1
317 2 1
317 3 2
3170 2 1
31700 2 1
31701 2 1
31702 3 1
31704 3 1
31706 3 1
31708 2 1
31708 3 1
31713 2 1
31713 3 1
31716 3 1
31718 2 1
31718 3 1
31719 2 1
31720 2 1
31722 3 1
31724 3 1
31727 3 1
31732 2 1
31733 2 1
31734 3 2
31735 3 1
3174 3 1
31746 3 1
31751 2 2
31756 2 1
31757 2 1
31760 2 1
31760 3 1
31761 2 1
31763 2 2
31763 3 1
31764 3 1
31767 2 1
31767 3 2
31768 2 2
31768 3 1
31769 2 1
3177 2 1
31770 3 1
31772 2 1
31772 3 2
31773 2 1
31774 2 2
31775 3 1
31786 2 1
31786 3 1
31787 2 1
3179 3 1
31790 2 1
31790 3 1
31791 2 1
31795 2 1
31796 2 2
31796 3 1
31797 3 1
318 3 1
31801 2 1
31809 3 1
3181 3 1
31811 3 1
31817 2 1
31818 2 1
31819 2 1
31823 2 1
31823 3 1
31824 2 2
31825 2 1
31825 3 1
31826 3 2
31828 3 1
31830 3 1
31832 2 1
31833 3 1
31837 3 1
31843 2 1
31844 3 1
31846 3 1
31848 2 1
31848 3 1
31849 2 1
31850 2 1
31855 2 1
31856 3 2
31858 3 1
31866 2 1
31867 2 2
31868 2 1
31868 3 1
31869 3 2
31876 3 1
31877 2 1
31878 2 2
31878 3 1
31879 3 1
31886 2 1
31887 2 2
31887 3 1
31889 2 1
31892 2 1
31895 2 2
31895 3 1
31896 2 1
31896 3 1
31900 2 1
31903 3 1
31913 2 1
31913 3 1
31914 2 2
31915 3 1
31916 2 1
31917 2 1
31918 2 1
31928 2 1
31929 2 2
31930 2 1
31930 3 1
31931 3 1
31934 2 2
31934 3 1
3194 2 1
31944 3 1
31947 3 1
31948 2 1
31949 3 1
3195 2 2
3195 3 1
31952 3 1
31954 3 1
3196 2 1
31960 2 1
31961 2 2
31961 3 1
31962 3 1
31964 2 1
31964 3 1
31965 2 1
31972 2 1
31976 3 1
31984 2 1
31985 2 1
31986 3 2
31988 3 1
31992 2 1
31996 2 1
31996 3 1
320 2 1
320 3 1
32004 2 1
32004 3 1
32007 2 1
32007 3 1
32010 2 1
32011 2 1
32012 3 1
32014 2 1
32014 3 1
32015 2 1
32015 3 2
32016 3 2
32018 2 1
32018 3 1
32019 2 1
32021 2 1
32024 2 1
32025 3 1
3203 2 1
32030 3 1
32033 2 1
32033 3 2
32036 2 1
32036 3 1
32037 2 1
3204 3 1
32040 2 2
32040 3 1
32041 2 1
32041 3 1
32042 3 1
32045 3 1
32048 2 1
32048 3 1
32060 3 1
32066 2 1
32066 3 2
32069 2 1
32069 3 1
3207 2 1
3207 3 1
32078 2 1
32081 2 1
32091 2 1
32091 3 1
32092 2 2
32092 3 1
32093 3 1
32095 2 1
32096 2 1
32097 2 2
32097 3 1
32098 2 1
32099 2 1
321 3 1
32100 3 2
32104 2 1
32105 2 1
3211 2 1
3211 3 1
32114 2 1
32114 3 2
32115 2 2
32115 3 1
32116 2 1
32117 2 1
3212 2 2
3212 3 1
32126 2 1
32126 3 1
3213 2 1
32134 2 1
32134 3 1
32136 3 1
32138 2 1
32139 2 1
3214 2 1
3214 3 2
32148 2 1
32148 3 2
3215 3 2
32152 2 1
32152 3 1
32154 3 1
32157 2 1
32157 3 2
32159 3 1
32165 2 1
32168 2 1
32168 3 1
3217 3 1
32170 3 1
32174 2 1
32185 3 1
3219 2 1
32198 3 1
3220 2 2
3220 3 1
32200 2 2
32200 3 1
32201 3 1
32209 2 1
3221 3 1
32210 3 1
32212 2 1
32212 3 1
32213 2 1
32213 3 2
32214 2 2
32215 2 1
32215 3 1
32216 2 1
32220 2 1
32221 2 1
32222 3 2
32224 2 1
32225 3 2
32226 3 1
3223 2 1
3223 3 1
32231 2 1
32231 3 2
32232 2 2
32233 2 1
32233 3 1
32236 3 1
32237 2 1
32238 3 1
3224 3 2
32253 3 1
32256 2 1
32256 3 1
3226 2 2
3226 3 1
32266 3 1
32269 2 1
32269 3 1
3227 3 1
32270 2 1
32270 3 2
32271 2 1
32271 3 2
32272 2 1
32272 3 2
32273 2 1
32273 3 2
32276 2 1
32276 3 1
32277 3 2
32282 3 1
32284 2 1
32285 2 1
32286 2 1
32295 2 1
32295 3 2
32296 3 1
323 2 1
323 3 1
32300 2 1
32301 2 1
32301 3 2
32302 2 1
32302 3 2
32303 3 1
32305 2 1
32305 3 1
32306 3 2
32310 2 2
32310 3 1
32311 2 2
32311 3 1
32312 2 1
32313 3 1
32315 2 1
32316 2 1
32317 2 1
3232 3 1
32320 3 1
32326 2 1
32327 3 1
32330 3 1
32334 2 1
32334 3 1
32335 2 1
32336 3 1
32338 2 1
32338 3 1
32339 3 2
32348 3 1
3235 2 1
32353 2 1
32354 3 1
32356 2 1
32356 3 1
32357 2 1
32357 3 2
32358 2 1
32358 3 2
3236 3 1
32360 2 1
32361 2 2
32362 2 2
32362 3 1
32363 3 1
32367 3 1
32370 2 1
32370 3 1
32371 2 1
32371 3 2
32372 2 1
32374 3 1
32376 3 1
32377 2 1
3238 3 1
32390 2 1
32390 3 1
32391 2 1
32392 2 1
32394 3 1
324 2 1
32403 2 1
32406 3 1
3241 3 1
32410 3 1
32416 2 1
32416 3 2
32417 2 1
32417 3 2
32418 3 1
32420 2 1
32420 3 1
32424 2 1
32425 2 1
32426 2 1
32427 3 1
32429 2 1
3243 3 1
32430 2 1
32431 2 1
32432 3 1
32438 3 1
32440 2 1
32440 3 2
32441 2 1
32442 2 2
32442 3 1
32447 3 1
32449 3 1
32453 3 1
32460 3 1
32468 3 1
32470 2 2
32470 3 1
32471 2 1
32472 3 1
32482 2 1
32483 3 1
32485 3 1
32492 2 1
32492 3 1
32493 3 1
32495 2 1
32495 3 1
325 3 1
32500 2 1
32501 3 1
32503 3 1
32506 3 1
32508 2 1
32509 2 1
32510 3 1
32521 3 1
32523 3 1
32528 2 1
3253 3 1
32532 2 1
32534 3 1
32536 3 1
32539 2 1
32540 2 1
32541 2 1
32542 2 1
32542 3 2
32543 3 1
32547 2 1
32548 3 1
32552 3 1
32557 3 1
32559 2 1
3256 3 1
32560 3 1
32562 2 1
32562 3 1
32563 2 1
32568 2 1
32568 3 1
32569 3 1
3257 2 1
3257 3 2
32571 2 1
32571 3 1
32572 2 1
32572 3 2
32575 2 1
32576 2 1
32577 3 1
3258 2 2
32580 2 2
32580 3 1
32581 3 1
32583 2 1
32584 3 1
3259 2 1
3259 3 1
32590 3 1
32599 2 1
3260 3 2
32604 3 1
32606 3 1
32608 2 1
32608 3 2
32609 2 1
3261 2 1
3261 3 2
32610 2 1
32617 2 1
3262 3 1
32621 2 1
32621 3 1
32622 3 1
32624 3 1
32626 2 1
32627 2 1
32630 3 1
32632 2 1
32633 2 2
32634 2 1
32634 3 1
32635 3 1
32637 2 1
32638 3 1
32640 2 1
32641 3 1
3265 2 1
3265 3 1
32657 2 1
32658 2 1
32659 2 2
32659 3 1
32660 3 1
32664 2 1
32665 2 2
32665 3 1
3267 2 1
32676 3 1
32680 3 1
32686 2 1
32687 2 1
32692 2 1
32693 3 1
32697 2 1
32698 3 1
327 2 1
327 3 1
32702 3 1
32705 2 1
32705 3 1
32706 2 1
32706 3 2
32707 2 1
32708 2 2
32709 2 1
32709 3 1
32710 3 1
32712 2 1
32712 3 2
32714 2 1
32715 3 1
32717 3 1
32719 2 1
32722 2 1
32723 2 2
32724 2 1
32724 3 1
32730 3 1
32736 2 1
32738 2 2
32739 2 1
32739 3 1
32742 3 1
32750 2 1
32751 3 1
32753 3 1
32755 2 1
32756 3 1
32759 3 1
32760 2 1
32760 3 2
32761 2 1
32762 2 2
32763 3 1
32765 3 1
32773 3 1
32776 3 1
32780 3 1
32785 2 1
32786 2 1
3279 2 1
32791 3 1
32795 2 1
32797 3 1
32799 3 1
328 2 1
32802 3 1
32804 3 1
32807 2 1
32808 3 1
32812 2 1
32812 3 1
32813 2 2
32814 2 1
32814 3 1
32820 2 1
32820 3 1
32821 2 1
32824 2 1
32824 3 1
32825 3 1
32827 2 1
32827 3 2
32834 3 1
32836 2 1
32838 2 2
32839 3 1
3284 2 1
32841 2 1
32842 3 1
32847 2 1
32847 3 2
32848 3 1
32850 2 1
32855 2 1
32856 3 1
32858 2 1
32858 3 1
32859 2 1
32866 2 1
32869 3 1
32874 2 1
32874 3 2
32875 2 2
32875 3 1
32876 2 1
32877 2 1
32877 3 2
32878 3 1
32887 3 1
32891 2 2
32891 3 1
32892 2 1
32892 3 2
32893 2 1
32893 3 2
32894 3 2
32898 3 1
32899 2 1
329 2 1
32904 2 2
32904 3 1
32905 2 1
32906 3 1
32908 3 1
32911 2 2
32911 3 1
32912 2 1
32912 3 1
32913 2 1
32915 3 2
32916 3 1
3292 2 1
3292 3 1
32927 3 1
32929 2 1
3293 2 1
32935 2 1
32935 3 2
32943 2 1
32944 3 1
32946 2 1
32947 3 1
32950 3 1
32953 2 2
32953 3 1
32954 3 1
32956 3 1
32959 2 1
32959 3 1
32961 3 1
32963 2 1
32963 3 2
32964 2 1
32964 3 2
32965 3 1
32968 2 1
32969 2 1
32970 2 1
32971 2 1
32972 3 2
32975 2 1
32976 3 1
32979 2 2
32979 3 1
32980 2 1
32981 2 1
32982 3 1
32985 2 1
32986 2 2
32986 3 1
32987 2 1
32988 3 1
3299 2 1
330 2 1
33006 2 2
33007 3 1
33008 2 1
33012 2 2
33012 3 1
33013 2 1
33013 3 1
33015 3 1
3302 3 1
33021 2 1
33021 3 2
33022 2 2
33022 3 1
33023 2 1
33024 3 1
33026 3 1
33029 2 1
33030 3 1
33033 2 1
33033 3 2
33034 2 2
33034 3 1
33035 2 1
33036 3 1
3304 2 1
3304 3 1
33040 3 1
33041 2 1
33042 2 1
33046 3 1
3305 2 2
33050 2 1
33050 3 2
33051 3 1
33059 2 1
3306 2 1
3306 3 1
33060 2 1
33063 3 1
33065 3 1
33067 2 1
33068 2 2
33068 3 1
33069 3 1
3307 2 1
33072 2 1
33072 3 2
33073 2 1
33074 2 2
33075 2 1
33075 3 1
33080 2 1
33080 3 1
33081 2 1
33088 2 1
33089 2 1
33094 2 2
33094 3 1
33096 2 1
33097 3 1
331 2 1
33102 2 1
33103 2 2
33103 3 1
33104 3 1
33112 2 1
33113 3 1
33115 2 1
33115 3 1
33116 2 1
33117 2 1
3312 2 1
33125 2 2
33126 2 1
3313 3 2
33131 2 1
33131 3 1
33132 2 1
33134 3 1
33140 2 1
33141 3 1
33143 2 1
33143 3 1
33144 2 1
33145 3 2
33147 2 1
33147 3 1
33148 2 2
33149 2 1
33149 3 1
33150 2 1
33157 2 1
33158 2 1
33158 3 2
33159 3 1
33161 2 1
33162 2 1
33163 2 1
33164 2 1
33165 3 1
33167 2 1
33167 3 1
33172 2 1
33172 3 1
33173 2 1
33181 2 1
33185 2 1
33185 3 1
33188 3 1
33195 3 1
33196 2 1
332 3 1
33204 2 1
33204 3 1
33205 3 1
33211 3 1
3322 2 1
33223 2 2
33223 3 1
33224 3 1
33226 2 1
33227 3 1
33229 3 1
3323 3 1
33232 2 1
33233 2 1
33234 2 1
33242 2 1
33242 3 1
33243 3 1
3325 2 1
3325 3 2
33252 2 1
33253 2 1
33254 3 1
33256 3 1
3326 2 2
3326 3 1
33267 3 1
33269 3 1
3327 2 1
33276 2 1
3328 2 1
3328 3 2
33282 2 1
33285 2 1
33286 3 1
3329 3 1
33290 2 1
33290 3 1
33291 2 1
33294 3 1
33296 3 1
33306 3 1
33308 3 1
33309 2 1
33310 3 2
33315 2 1
33315 3 1
33318 2 1
33318 3 1
33329 3 1
33332 2 1
33332 3 1
33333 3 2
33335 2 1
33336 3 1
33338 2 1
33338 3 2
33339 2 2
33340 2 1
33340 3 1
33341 2 1
33342 3 1
33353 2 1
33353 3 1
33358 3 1
33369 3 1
33371 3 1
33373 2 1
33379 3 1
3338 3 1
33383 2 2
33383 3 1
33384 2 1
33384 3 1
33390 2 1
33390 3 1
33391 3 1
33393 2 1
33393 3 1
33395 3 1
33397 3 1
33398 2 1
334 2 1
334 3 1
3340 2 1
3340 3 1
33400 2 1
33404 2 1
33404 3 2
33406 2 1
33407 3 1
3341 3 1
33415 2 1
33415 3 1
33419 3 1
33422 3 1
33423 3 2
33424 2 1
33425 3 1
33428 2 1
33428 3 1
33435 3 1
33437 3 1
33442 3 1
33445 2 1
33445 3 1
33448 2 1
33449 3 1
33455 3 1
33458 2 1
33461 2 1
33462 2 1
33463 3 1
33465 3 1
33470 2 1
33470 3 1
33471 2 1
33474 2 2
33475 2 1
33476 2 1
33477 3 2
33478 3 1
3348 2 1
3348 3 2
33481 2 1
33484 2 1
33485 3 1
33487 3 1
3349 2 1
33490 2 1
33491 3 1
33493 2 2
33493 3 1
33494 3 1
33498 2 1
335 3 1
3350 2 2
3350 3 1
33507 2 1
33507 3 1
33508 2 1
33509 3 1
3351 2 1
33511 2 1
33511 3 1
33512 2 2
33513 3 1
33516 3 1
33519 2 1
33520 2 1
33521 3 1
33524 2 1
33525 2 1
33536 2 1
33539 2 1
33541 3 1
33564 2 1
33568 2 1
33568 3 1
33569 2 1
33569 3 2
33574 2 1
33578 3 1
3358 2 2
33580 2 1
33580 3 1
33582 2 1
33583 2 1
33584 2 2
33584 3 1
33585 3 1
3359 2 1
3359 3 1
33594 3 1
33599 3 1
3360 2 1
33603 2 1
33604 3 1
33607 2 1
33608 3 1
3361 2 1
3361 3 2
33610 3 1
33612 2 1
33613 2 1
33614 2 1
3362 3 1
33620 2 2
33621 2 1
33621 3 1
33622 2 1
33623 3 2
33626 3 1
33627 2 1
33630 2 1
33630 3 1
33631 2 1
33632 3 1
33636 3 1
33637 2 1
33638 2 1
33639 3 2
3364 2 1
3364 3 1
33641 2 1
33642 3 1
33645 2 1
33645 3 1
33646 2 1
33648 2 1
3365 3 1
33653 2 1
33654 3 2
33657 2 1
33657 3 1
33658 2 1
33658 3 2
33659 2 1
33659 3 2
33660 2 2
33661 3 1
33663 3 1
33665 2 1
33673 2 1
33673 3 1
33674 3 1
33677 3 1
3368 3 1
33687 2 1
3369 2 1
33692 2 1
33693 3 1
33695 2 1
33695 3 2
33696 3 1
33698 3 1
3370 3 2
33703 2 1
33703 3 1
33704 2 1
33704 3 2
33705 3 2
33707 2 1
33708 2 1
33709 2 1
33710 3 1
33712 2 1
33713 3 1
33715 3 1
3372 2 1
33720 2 1
33721 2 1
33722 2 1
33723 2 1
33724 2 1
3373 2 1
33733 2 1
33734 2 2
33734 3 1
33735 2 1
33742 3 1
33744 3 1
33747 2 1
33747 3 1
3375 2 1
33755 2 1
33756 2 2
33756 3 1
33757 2 1
3376 2 1
33763 2 1
33766 2 1
33766 3 1
33768 3 1
33770 2 1
33770 3 1
33774 2 1
33775 2 1
33779 2 1
33779 3 2
33780 2 1
33784 2 1
33785 2 2
33785 3 1
33786 2 1
33789 3 1
33791 2 1
33792 3 1
3380 3 1
33801 3 1
33804 3 1
33806 3 1
33811 2 1
33811 3 2
33813 2 1
33814 3 1
3382 2 2
3382 3 1
33820 2 1
33820 3 1
33821 2 1
33823 2 1
33824 2 1
33825 2 1
3383 3 1
33830 2 1
33831 2 1
33832 3 1
33835 3 1
33836 2 1
33837 2 2
33837 3 1
33838 2 1
33842 3 1
33845 3 1
33846 2 1
33847 2 1
33848 3 2
3385 3 1
33854 2 1
33854 3 2
33855 2 2
33856 2 1
33856 3 1
33863 2 1
33864 3 2
33869 2 1
33870 2 1
33880 2 1
33881 3 1
33890 2 1
33891 3 2
33893 2 1
33893 3 1
33895 2 1
339 2 1
339 3 1
33900 3 1
33902 3 1
33904 3 1
33905 2 1
33909 2 1
33909 3 1
33910 3 1
33912 2 2
33912 3 1
33913 2 1
33913 3 1
33914 2 1
33915 3 2
33924 2 1
33924 3 1
33925 2 1
33926 2 2
33926 3 1
33927 2 1
33928 2 1
33929 3 1
3393 2 1
3393 3 1
33931 2 1
33939 3 1
3394 3 2
33940 2 1
33941 3 1
33943 2 2
33943 3 1
33944 2 1
33945 3 1
33958 3 1
33959 2 1
33959 3 2
33960 2 1
33961 3 1
33964 2 1
33965 2 1
33968 3 1
3397 3 1
33973 2 1
33974 2 1
33975 2 1
33976 3 1
33980 3 1
33983 2 1
33983 3 2
33984 2 2
33984 3 1
33985 2 1
33986 3 1
33998 2 1
33998 3 1
33999 3 1
340 2 1
3400 2 1
3400 3 2
34004 3 1
34006 3 1
34014 2 1
34015 2 1
34026 3 1
34029 3 1
34030 3 2
34031 2 1
34032 3 1
34035 2 1
34035 3 1
3404 2 1
34040 2 2
34041 3 1
34043 3 2
34044 3 1
34048 2 1
34049 3 1
34052 2 1
34052 3 1
34059 3 1
34062 2 1
34063 3 1
34066 2 1
34066 3 1
34067 2 1
34067 3 2
34069 3 1
34071 2 1
34072 2 1
34073 2 1
34076 2 2
34076 3 1
34077 2 1
34077 3 1
34078 2 1
34079 2 1
3408 2 1
3408 3 1
34080 2 1
34080 3 2
34081 3 1
34084 2 1
34084 3 2
34085 2 1
34086 3 1
3409 3 1
34090 3 1
341 2 1
341 3 2
34102 3 1
34105 3 1
34107 3 1
34109 3 1
3411 2 1
3411 3 2
34111 2 1
34114 2 1
34114 3 1
34118 2 1
34118 3 1
3412 3 1
34122 2 1
34123 2 1
34124 3 1
34132 3 1
34134 2 1
34134 3 1
34135 2 1
34135 3 2
34137 3 1
34141 3 1
34144 3 1
34148 2 1
34149 3 1
3415 3 1
34152 2 1
34156 2 1
34157 2 1
34159 3 1
34161 2 1
34161 3 1
34169 2 1
34169 3 1
34173 2 1
34178 2 1
34178 3 1
34179 2 2
34180 3 1
34182 2 1
34183 3 2
34185 2 1
34185 3 1
34186 2 1
34188 3 1
34190 2 1
34190 3 1
34191 2 1
34192 2 1
34193 2 2
34193 3 1
34194 3 1
34196 3 1
34199 3 1
342 2 1
342 3 2
3420 2 2
34202 3 1
34203 2 1
34207 2 1
34208 2 1
34209 3 2
34211 2 2
34211 3 1
34212 2 1
34212 3 1
34215 2 1
34222 3 1
34228 2 1
34229 3 1
3423 3 1
34232 2 1
34234 3 1
34238 2 1
34239 2 1
34240 2 1
34241 3 1
34246 3 1
34250 2 1
34256 3 1
34259 3 1
3426 3 1
34260 2 1
34262 2 1
34263 2 1
34263 3 2
34264 2 1
34264 3 2
34265 2 1
34265 3 2
34266 3 1
34268 2 2
34268 3 1
34269 2 1
34270 2 1
34276 2 1
34286 3 1
34287 2 1
34288 3 1
34291 2 1
34291 3 1
34293 2 1
34294 3 1
34297 2 1
34298 2 2
34298 3 1
34299 2 1
343 2 1
343 3 2
3430 3 1
34300 3 1
34302 2 1
34303 2 1
34307 2 1
34307 3 1
3431 2 1
34310 2 1
34311 3 2
34313 2 1
34313 3 1
34314 2 2
34315 2 1
34315 3 1
34316 3 2
34318 2 2
34319 2 1
34320 2 1
34321 2 1
34324 3 1
34327 2 1
34328 2 1
34333 2 1
34333 3 2
34334 2 1
34335 2 2
34335 3 1
34336 2 1
34337 3 1
34339 2 1
34340 3 1
34346 2 1
34347 3 2
3435 2 1
34350 2 1
34350 3 1
34353 2 1
34353 3 1
34354 3 1
34356 3 1
34358 2 1
34358 3 1
34362 3 1
34363 2 1
34364 2 1
34365 2 1
34366 2 1
34367 3 1
34371 2 1
34371 3 1
34372 3 2
34374 2 1
34374 3 1
34375 2 2
34376 2 1
34376 3 1
34379 3 1
3438 3 1
34384 3 1
34387 2 1
34387 3 1
34388 2 2
34389 3 1
34394 3 1
34396 3 1
34398 3 1
344 2 1
3440 3 1
34402 2 1
34403 2 2
34403 3 1
34404 2 1
34405 3 1
34407 2 1
34408 3 1
3441 2 1
3441 3 2
34411 3 1
34414 3 1
34419 3 1
3442 2 1
34422 2 2
34423 3 1
34425 3 2
34426 3 1
34429 2 1
3443 2 1
34430 2 1
34431 2 2
34432 3 1
34436 2 1
34437 2 1
34438 2 1
34439 3 2
34446 2 1
34446 3 1
34447 2 1
34450 2 1
34451 3 1
34453 2 1
34453 3 1
34459 2 1
34463 2 2
34463 3 1
34464 3 1
34466 2 1
34466 3 2
34467 3 1
34469 3 1
34471 2 1
34471 3 1
34472 3 2
34474 3 1
34476 3 1
34479 2 1
34479 3 1
34480 2 2
34480 3 1
34481 2 1
34486 3 1
3449 3 1
34490 3 1
34492 2 1
34496 3 1
34499 2 1
345 2 1
345 3 2
34502 3 1
34504 2 1
34504 3 2
34505 3 1
3451 3 1
34512 2 1
34513 3 1
34515 2 1
34515 3 1
34518 2 1
34518 3 1
34519 3 1
34521 3 1
34524 3 1
34527 2 1
34528 2 1
34529 3 2
3453 3 1
34533 2 1
34534 2 1
34535 2 1
34536 2 2
34537 2 1
34537 3 1
34538 3 2
34541 3 1
34544 2 1
34545 3 1
34554 2 1
34554 3 1
34555 2 1
34556 3 2
34558 3 1
34570 3 1
34575 2 2
34576 2 1
34576 3 1
34581 2 1
34581 3 1
34582 2 1
34585 2 1
34586 2 1
34588 3 1
34594 2 1
34597 3 1
346 2 1
346 3 2
34601 2 1
34601 3 1
34602 2 1
34602 3 2
34603 3 1
34605 3 1
34607 3 1
34610 2 1
34611 3 1
34617 2 1
34617 3 1
34618 2 1
34619 2 2
34619 3 1
34620 3 1
34623 2 2
34623 3 1
34625 2 1
34630 2 1
34637 2 1
34638 3 1
34641 2 1
34642 2 1
34646 3 1
34649 2 1
3465 3 1
34650 3 1
34652 2 1
34652 3 1
34653 2 1
34653 3 2
34654 3 2
34656 2 1
34656 3 1
34659 2 1
34663 2 1
34664 2 2
34665 2 1
34665 3 1
34669 2 1
3467 3 1
34670 2 1
34671 3 1
34673 3 1
34675 3 1
34679 2 1
34680 2 2
34680 3 1
34681 2 1
34682 3 1
34684 2 1
34684 3 2
34685 2 1
34687 3 1
34689 3 1
34691 3 1
34692 2 1
34693 3 2
34695 2 1
34695 3 1
34696 2 2
34697 2 1
34697 3 1
34698 3 1
347 3 1
3470 3 1
34702 2 1
34709 2 1
34709 3 1
34710 2 1
34711 2 1
34713 2 1
34714 3 1
34716 3 1
34723 2 2
34724 3 1
34725 2 1
34726 2 1
34727 2 1
34729 3 1
34733 2 1
34733 3 2
34734 2 2
34735 2 1
34735 3 1
34739 3 1
34741 2 1
34742 2 1
34743 2 2
34743 3 1
34744 3 1
34746 3 1
34748 2 1
34748 3 1
34749 2 2
3475 2 1
34750 3 1
34753 2 1
34753 3 1
34754 3 1
34756 2 1
34759 2 1
3476 2 1
34766 2 1
34766 3 2
34767 3 1
34770 3 1
34771 2 1
34771 3 2
34772 2 2
34773 2 1
34773 3 1
34774 2 1
34777 2 1
34777 3 1
34778 2 1
34778 3 2
34779 2 1
34779 3 2
34780 2 1
34785 3 1
34788 2 2
34788 3 1
34789 3 1
3479 2 1
3479 3 1
34791 3 1
34794 2 1
34795 2 1
34797 3 1
34799 2 1
34799 3 1
3480 2 1
34800 2 1
34807 2 1
34808 2 1
34809 2 1
3481 2 2
34817 2 1
34818 2 1
34819 2 1
3482 3 1
34823 2 1
34826 2 1
34826 3 1
34831 3 1
3484 2 1
3484 3 1
34841 2 1
34842 3 1
34844 3 1
34845 2 1
34846 3 2
34848 2 1
34848 3 1
34849 2 1
3485 2 1
34850 2 2
34850 3 1
34851 3 1
34858 2 1
34859 2 1
3486 2 2
3486 3 1
34860 3 1
34867 2 1
3487 3 1
34877 2 1
34878 2 1
34879 3 1
34881 2 1
34881 3 2
34882 3 1
34884 2 1
34884 3 1
34885 2 1
34886 2 2
34886 3 1
34887 3 1
34889 2 1
34889 3 2
34897 2 1
34897 3 1
34899 3 1
3490 2 1
34901 3 1
34902 2 1
34903 3 1
34909 2 1
34910 3 1
34916 3 1
34920 3 1
34922 2 1
34923 2 1
34924 2 1
3493 2 1
3493 3 2
34931 3 1
34933 3 1
34935 3 1
3494 2 1
3494 3 2
34941 3 1
34943 2 1
34944 2 1
34945 2 2
34946 2 1
34946 3 1
3495 2 2
3495 3 1
34953 2 1
34954 3 1
34957 2 1
34957 3 2
34958 2 2
34958 3 1
34959 2 1
3496 2 1
34963 2 1
34963 3 1
34964 2 1
34964 3 2
34967 2 2
34967 3 1
34969 2 1
34970 2 1
34971 3 1
34976 2 1
34977 2 1
34978 2 2
34978 3 1
34979 3 1
34984 2 1
34985 2 2
34985 3 1
34987 2 1
34988 3 1
3499 2 1
3499 3 1
34990 2 1
34990 3 1
34993 2 1
34999 2 1
3500 2 1
35001 2 1
35002 2 1
35002 3 2
35003 3 1
35007 2 1
35008 2 2
35008 3 1
35009 3 1
3501 2 1
35013 2 1
35016 2 1
35017 2 2
35017 3 1
35018 3 1
35020 3 1
35023 2 2
35023 3 1
35024 3 1
35035 2 1
35035 3 1
35036 2 1
35040 2 1
35041 3 1
35043 3 1
35047 2 1
35048 2 1
35048 3 2
35049 3 1
35052 3 1
35057 2 1
35057 3 1
35058 2 2
35059 3 1
3506 3 1
35061 2 1
35062 2 1
35063 3 1
35067 3 1
35069 3 1
35073 2 2
35074 2 1
35074 3 1
35075 2 1
35076 3 1
3508 3 1
35080 3 1
35081 2 1
35087 3 1
35098 3 1
351 2 1
351 3 1
35101 3 1
35103 3 1
3511 2 1
35111 2 2
35112 2 1
35116 2 1
35116 3 1
35120 2 2
35120 3 1
35121 3 1
35130 2 1
35131 2 1
35132 2 1
35133 3 1
35138 3 1
35145 2 1
35146 3 1
35154 3 1
35156 2 1
35157 2 2
35158 2 1
35158 3 1
35159 3 1
35165 2 1
35166 2 1
35173 2 1
35177 2 1
35182 2 1
35182 3 1
35184 3 1
35186 2 1
35187 2 1
35188 3 1
35190 3 1
35197 2 1
35198 2 1
352 2 1
35208 3 1
35209 2 1
35210 2 2
35210 3 1
35211 2 1
35212 3 1
35221 2 1
35226 2 1
35226 3 1
35227 2 1
35228 3 2
35233 2 1
35234 3 1
35241 2 1
35248 2 1
35248 3 2
35249 2 2
35250 2 1
35250 3 1
35251 2 1
35252 3 1
35255 2 1
3526 2 1
35266 2 1
35266 3 1
35267 3 1
3527 3 1
35272 2 1
35278 2 1
35287 2 1
35292 2 1
35293 2 2
35294 3 1
35296 2 1
35296 3 1
35299 2 2
353 2 1
35300 2 1
35300 3 1
35301 2 1
35304 2 1
3531 2 1
35311 3 1
35313 3 1
35318 2 1
35318 3 1
35322 2 1
35322 3 2
35325 2 1
35329 3 1
35333 2 1
35334 2 1
35334 3 2
35335 3 1
35337 2 1
35337 3 2
35338 2 2
35338 3 1
35339 2 1
35340 3 1
35342 3 1
35343 2 1
35347 2 1
35348 2 1
35349 2 1
3535 3 1
35356 2 1
35360 2 1
35360 3 1
35363 2 1
35364 2 1
35365 2 1
35367 2 2
35367 3 1
35368 3 1
35371 3 1
35373 2 1
35383 3 1
35384 2 1
35384 3 2
35385 2 1
35386 2 2
3539 2 1
3539 3 1
35390 2 1
35391 2 2
35392 2 1
35392 3 1
35396 2 1
35397 2 1
35397 3 2
35398 3 1
354 2 1
354 3 2
3540 2 1
3540 3 2
35403 3 1
35405 2 1
35405 3 1
35406 2 1
35407 2 2
35407 3 1
35408 3 1
35418 2 1
35418 3 1
35428 2 2
35428 3 1
35429 2 1
35431 2 1
35432 2 1
35433 3 2
35434 3 1
35438 2 1
35438 3 1
35441 3 1
35444 3 1
35447 3 1
35451 2 1
35454 3 1
35458 2 1
35458 3 2
35459 2 1
35464 2 1
35464 3 1
35465 3 2
35469 3 1
35471 2 1
35480 3 1
35482 2 1
35483 2 1
35484 2 1
35485 2 1
35491 3 1
35493 3 1
35494 2 1
35498 2 1
35498 3 1
35499 2 1
35499 3 2
355 2 1
355 3 2
3550 3 1
35501 3 1
35504 3 1
35512 3 1
35515 3 1
35516 2 1
35517 2 1
35518 3 1
35520 3 1
35522 2 1
35523 3 1
35530 2 1
35531 2 1
35532 3 1
35534 2 1
35534 3 1
35535 2 1
35536 2 2
35539 2 1
3554 3 1
35545 3 1
35546 2 1
35547 3 1
35555 2 1
35555 3 1
35556 3 1
35559 2 1
35559 3 1
35561 3 2
35562 3 1
35564 3 1
35566 3 1
35568 3 1
35569 2 1
3557 3 1
35570 3 2
35572 3 1
35573 3 2
35574 3 1
35579 2 1
35579 3 1
3558 3 2
35583 2 1
35584 2 1
35585 2 1
35586 2 1
3559 2 1
35590 2 1
35590 3 1
35591 2 1
35592 3 1
35599 2 1
35599 3 2
356 3 1
3560 2 1
35600 3 1
35604 2 1
35604 3 1
35605 2 2
35606 2 1
35606 3 1
35607 2 1
35610 2 1
35611 2 1
35612 3 2
35626 3 1
35637 2 1
3564 3 1
35641 2 1
35642 3 1
35653 2 1
35654 3 1
3566 3 2
35667 2 1
3567 3 1
35671 2 1
35671 3 1
35675 3 1
35677 2 2
35677 3 1
35678 3 1
35694 2 1
35695 2 1
35696 2 1
3570 3 1
35703 2 1
35703 3 1
35706 2 1
35706 3 1
35707 2 1
3571 2 1
35711 2 2
35711 3 1
35712 2 1
35712 3 1
35713 2 1
35714 3 2
35717 3 1
35726 2 1
35727 2 1
35727 3 2
35728 3 1
35734 2 1
35735 2 1
35737 3 1
35739 3 1
3574 3 1
35742 3 1
35748 2 1
3576 3 1
35762 2 1
35765 3 1
35766 2 1
35767 2 2
35767 3 1
35768 2 1
35769 3 1
35771 3 1
35773 2 1
35773 3 1
35774 2 2
35775 2 1
35775 3 1
35780 2 1
35781 2 1
35785 3 1
3579 3 1
35793 3 1
35795 2 1
35795 3 1
35796 2 1
35797 3 2
35798 3 1
358 2 1
358 3 1
3580 2 1
35802 2 1
35807 3 1
35809 3 1
3581 3 1
35811 3 1
35812 2 1
35813 2 1
35814 2 1
35817 2 1
35819 2 1
35820 3 1
35825 2 2
35825 3 1
35826 2 1
35827 2 1
3583 2 1
3583 3 1
35831 2 1
35831 3 1
35834 2 1
35834 3 2
35835 2 2
35835 3 1
35836 2 1
3584 3 1
35840 2 1
35840 3 1
35841 2 2
35841 3 1
35842 2 1
35848 2 1
35848 3 1
35849 2 2
3586 2 1
3586 3 1
35863 2 1
35864 3 1
35867 2 2
35868 2 1
35868 3 1
35869 2 1
35873 2 1
35873 3 1
35876 3 1
3588 2 1
35882 2 1
35882 3 1
35883 3 1
35886 3 1
35888 2 1
35889 3 1
35897 2 1
35898 3 1
359 2 1
3590 3 1
35903 2 1
35904 2 1
35905 3 1
35915 3 1
3592 2 2
35924 3 1
3593 2 1
35937 3 1
3594 2 1
35943 2 1
35947 2 1
35947 3 2
35948 2 2
35949 2 1
35949 3 1
35950 2 1
35961 3 1
35967 3 1
35968 2 1
35969 2 2
35969 3 1
35973 3 1
35976 3 1
35979 2 1
35979 3 1
3598 2 1
3598 3 1
35980 2 2
35980 3 1
35981 2 1
35982 3 2
35984 2 1
35984 3 1
35985 2 1
35986 2 2
35986 3 1
3599 2 2
35991 2 1
35992 2 1
35993 2 1
35997 2 1
35998 2 2
35999 2 1
35999 3 1
360 3 1
3600 2 1
3600 3 1
36000 2 1
36001 2 1
36001 3 2
36002 2 1
36002 3 2
36003 3 1
36007 2 1
36011 2 1
36011 3 1
36015 3 1
36017 3 1
36019 3 1
36020 2 1
36020 3 2
36021 2 1
36023 2 1
36026 2 1
36027 2 1
36029 3 1
36035 3 1
36037 3 1
36039 3 1
36048 3 1
36050 3 1
36057 2 1
36060 2 1
36061 3 1
36063 2 1
36064 2 1
36067 2 1
36067 3 1
36068 2 2
36069 2 1
36069 3 1
3607 2 1
36070 2 1
36071 3 1
36079 2 1
36080 2 1
36081 3 2
36091 2 1
36092 3 1
36094 2 1
36094 3 1
36095 3 2
36098 3 1
3610 2 2
3610 3 1
36103 2 1
36103 3 1
36104 2 1
36107 3 1
36108 2 1
36108 3 2
36109 2 1
3611 3 1
36110 2 2
36111 3 1
36116 2 1
36116 3 1
36126 2 1
36126 3 1
36127 3 2
3613 3 1
36130 2 1
36131 2 1
36134 2 2
36135 2 1
36135 3 1
36137 2 1
36138 3 2
3614 2 1
36141 2 1
36141 3 1
36146 2 1
36147 3 1
36149 2 1
36149 3 1
3615 2 1
36150 2 1
36152 2 2
36153 3 1
36156 2 1
3616 2 1
3617 2 1
36176 2 1
36177 2 1
36177 3 2
36178 3 1
3618 3 1
36181 2 1
36181 3 1
36184 2 1
36187 3 1
36191 2 1
36192 3 1
36194 2 1
362 2 1
362 3 1
3620 3 1
36207 3 1
36209 2 1
36209 3 1
36210 2 1
36212 3 1
36214 3 1
36216 2 1
36217 3 1
36219 3 1
36224 3 1
36231 2 1
36231 3 2
36235 2 1
36236 2 1
36239 2 1
3624 2 1
36241 3 1
36243 3 1
36245 2 1
36245 3 1
36246 3 2
36248 2 1
36248 3 1
36249 2 2
3625 3 1
36250 3 1
36252 2 1
36252 3 1
36253 2 2
36253 3 1
36254 3 1
36256 2 1
36265 3 1
36267 3 1
36269 3 1
3627 3 1
36271 2 1
36271 3 1
36272 2 1
36272 3 2
36275 2 1
36275 3 1
36276 3 1
36278 3 1
36279 2 1
3628 2 1
36280 2 1
36281 3 2
36284 2 1
36284 3 1
36287 2 1
36288 2 2
36288 3 1
36289 2 1
3629 3 2
36290 3 1
36293 2 2
36294 3 1
36296 3 1
363 2 1
36300 2 1
36302 3 1
36305 3 1
36308 2 1
36309 2 2
3631 2 1
3631 3 1
36310 2 1
36310 3 1
36314 2 1
36317 2 1
36331 3 1
36336 2 1
36336 3 1
36339 3 1
3634 2 2
3634 3 1
36341 2 1
3635 2 1
36351 2 1
36351 3 1
36352 3 1
36356 2 1
36356 3 1
36357 2 1
36359 3 1
3636 2 1
36364 2 1
36365 2 1
36366 3 1
36368 2 1
36371 2 1
36377 2 1
36378 3 1
36381 2 1
36382 2 1
36384 3 1
36388 2 1
36396 2 1
36397 2 1
364 2 1
3640 2 1
3640 3 1
36403 3 1
36404 2 1
36408 2 1
36408 3 1
36409 2 1
36409 3 2
3641 3 1
36410 2 1
36410 3 2
36411 2 2
36414 2 1
36415 3 1
36417 2 1
36421 2 1
36422 2 2
36423 3 1
36427 3 1
36429 3 1
36431 2 1
36431 3 1
36434 2 1
36435 2 1
36442 2 1
36443 2 1
36444 2 2
36444 3 1
36447 2 1
36451 3 1
36457 3 1
36462 2 1
36463 3 1
36465 3 1
36472 3 1
36478 2 1
36482 3 1
36484 2 1
36484 3 2
36488 2 1
36492 2 1
36492 3 1
36493 2 1
36498 3 1
36499 2 1
3650 3 1
36500 2 1
36501 3 1
36503 3 1
36505 3 1
36512 2 1
36515 2 1
36515 3 2
36516 2 1
36517 2 2
36517 3 1
36518 3 1
3652 2 1
3652 3 2
36520 2 1
36520 3 2
36521 2 1
36522 2 2
36523 2 2
36523 3 1
36524 3 1
36534 2 1
36534 3 1
36537 3 1
36539 3 1
36541 2 1
36542 3 1
36545 2 2
36545 3 1
36546 2 1
36547 2 1
36551 2 1
36551 3 1
36552 2 1
36552 3 2
36553 2 1
36553 3 2
36558 3 1
36560 3 1
36562 3 1
36563 2 1
36564 3 2
36567 2 1
36568 2 1
36570 3 1
36572 2 1
36573 2 1
36574 2 2
36574 3 1
36575 2 1
36576 2 1
36577 3 2
36578 3 1
36580 3 1
36589 2 1
36589 3 1
3659 2 1
36596 2 2
36596 3 1
36597 3 1
366 2 1
3660 2 1
36600 2 1
36600 3 1
36603 2 1
36603 3 1
36605 2 1
36608 2 1
36608 3 1
36609 3 2
3661 3 1
36612 3 1
36617 2 1
36618 2 1
36619 3 1
36621 2 2
36621 3 1
36625 2 1
36629 2 1
3663 2 1
3663 3 2
36636 3 1
3664 2 1
3664 3 2
36642 3 1
36643 2 1
36644 3 1
36649 2 1
3665 2 1
3665 3 2
36650 3 1
36655 2 1
36657 3 1
3666 2 2
3666 3 1
36664 2 1
36664 3 1
36665 3 1
3667 2 1
36676 2 1
36676 3 1
36677 2 2
36677 3 1
36678 2 1
36679 2 1
36679 3 2
36680 3 1
36688 3 1
3669 2 1
36690 2 1
36692 2 1
36693 3 2
36695 2 1
36695 3 1
36696 2 2
36696 3 1
36697 3 1
36699 3 1
367 3 1
3670 3 1
36701 3 1
36714 2 1
36721 3 1
36727 2 1
36728 2 1
36728 3 2
36729 2 1
36729 3 2
36730 3 1
36733 2 1
36742 2 1
36744 2 1
36745 2 1
36750 2 1
36750 3 1
36751 2 1
36751 3 2
36752 2 2
36753 2 1
36753 3 1
36754 3 1
36756 3 1
36760 2 1
36760 3 1
36765 2 1
36765 3 1
36766 2 1
36772 2 1
36775 2 1
36776 2 1
36777 3 1
3678 2 2
3678 3 1
36780 2 1
36780 3 1
36782 3 1
36784 2 1
36784 3 1
36785 3 1
36787 2 1
36787 3 2
36788 2 2
36789 2 1
36789 3 1
36790 3 1
36793 2 1
36793 3 2
36798 2 1
36798 3 1
36804 3 1
36807 3 1
36809 2 1
36809 3 2
36810 3 1
36812 2 1
36813 2 1
36814 2 1
36815 3 2
36821 2 1
36822 2 1
36823 3 1
36825 2 1
36825 3 1
36826 3 1
36828 2 1
36829 2 2
36829 3 1
36831 2 1
36834 2 1
36834 3 1
36835 2 1
36835 3 2
36837 3 1
3684 2 1
3684 3 1
36840 3 1
36844 3 1
36847 2 1
36847 3 1
36848 2 2
36849 2 1
36849 3 1
3685 2 2
36850 3 2
36853 3 1
36854 2 1
36855 3 1
36857 2 1
36857 3 1
3686 2 1
3686 3 1
36861 3 1
36863 3 1
36866 2 2
36866 3 1
36867 3 1
36869 2 1
36869 3 1
3687 3 2
36872 2 1
36872 3 1
36873 2 2
36878 2 1
36879 2 1
36880 3 1
36882 3 1
36884 3 1
36889 2 1
36890 2 2
36890 3 1
36903 2 1
36904 3 1
36908 2 1
36910 3 1
36912 3 1
36915 2 1
36916 2 1
36917 2 1
36922 2 1
36922 3 1
36923 2 1
36925 3 1
36927 2 1
3693 3 1
36934 2 2
36934 3 1
36936 2 1
36937 2 1
36938 2 1
36943 2 1
36944 2 1
36945 2 1
36946 2 2
36947 3 1
36949 2 1
36949 3 1
36955 2 1
36956 3 1
36958 2 1
36958 3 2
3696 2 1
36960 3 1
36963 2 1
36963 3 1
36964 2 1
36965 2 2
36966 2 2
36966 3 1
36967 3 1
36969 2 1
3697 3 1
36970 2 2
36970 3 1
36971 3 1
36973 3 1
36974 2 1
36975 3 1
36986 3 1
36987 2 1
36988 3 1
3699 2 1
3699 3 1
36991 3 1
36995 2 1
36995 3 1
36996 3 1
36998 2 1
36998 3 1
36999 2 1
370 2 1
370 3 1
37018 2 1
37018 3 2
37019 2 2
37019 3 1
37020 2 1
37021 3 1
37023 2 2
37023 3 1
37024 3 1
37026 2 1
37028 2 1
37029 2 2
37029 3 1
37034 2 1
37034 3 1
37037 3 1
37038 2 1
37039 3 1
37047 2 1
37048 3 1
37050 3 1
37052 3 1
37054 2 2
37054 3 1
37055 2 1
37056 2 1
37057 3 1
37059 2 2
37059 3 1
37060 2 2
37060 3 1
37061 2 1
37061 3 1
37062 2 1
37063 3 1
3708 3 1
37085 2 1
37085 3 1
37086 2 1
37087 2 1
37088 2 1
37089 3 1
37093 3 1
37095 2 2
37095 3 1
37096 2 1
37097 3 1
37099 2 1
37099 3 2
371 2 1
3710 2 1
37101 3 1
37104 2 1
37105 3 1
37107 2 1
37108 2 1
37109 2 2
37109 3 1
3711 3 1
37110 2 1
37111 2 1
37111 3 2
37112 3 1
37114 2 1
37114 3 2
37115 2 1
37119 2 1
37120 2 1
37121 2 1
37122 2 2
37122 3 1
37123 3 1
37129 2 2
37130 2 1
37130 3 1
37133 3 1
37136 2 1
37136 3 2
37137 2 2
37138 2 1
37138 3 1
37142 3 1
37144 3 1
37145 2 1
37146 2 1
37146 3 2
37147 3 1
37154 2 1
37160 2 1
37160 3 2
37167 2 1
37167 3 1
37168 2 1
37169 3 1
37176 3 1
37178 3 1
3718 2 1
37180 2 1
37181 2 2
37181 3 1
37182 2 1
37183 2 1
37184 3 2
37185 3 1
37195 3 1
37198 3 1
372 3 1
37201 3 1
3721 3 1
37217 2 1
37222 3 1
37227 2 1
37228 3 1
3723 2 1
3723 3 2
37230 2 1
37231 2 1
37236 2 2
37236 3 1
37237 3 1
37240 2 1
37240 3 2
37241 2 2
37242 2 1
37242 3 1
37243 3 2
37245 3 1
37247 3 1
37248 2 1
37249 3 1
37251 3 1
37252 2 1
37253 2 1
37254 2 1
37258 3 1
37261 2 1
37262 2 1
37263 2 1
37265 2 2
37266 3 1
37268 3 1
37281 2 1
37281 3 1
37282 2 1
37283 2 1
37284 3 1
37286 3 1
37287 2 1
37288 2 1
37289 3 2
37291 3 1
37293 2 2
37293 3 1
37294 2 1
37295 3 1
37299 2 1
37299 3 2
37304 3 1
37307 3 1
37319 2 1
3732 3 1
37323 2 1
37327 3 1
37329 2 2
37329 3 1
37330 2 1
37331 3 2
37333 3 1
37337 2 1
37337 3 1
37341 2 1
37341 3 2
37342 3 1
3735 3 1
37350 2 1
37351 2 1
37352 3 1
37355 3 1
37359 2 1
37360 2 1
37361 2 1
37362 2 2
37362 3 1
37363 2 1
37368 2 1
37369 3 1
3737 3 1
37371 3 1
37375 2 1
37376 3 1
37379 3 1
37381 2 1
37381 3 1
37382 2 2
37383 2 1
37383 3 1
37384 3 1
37386 3 1
37387 2 1
37388 3 1
37392 2 1
37393 2 2
37394 2 1
37394 3 1
37399 2 1
3740 2 1
37403 2 1
37404 2 1
37404 3 2
37405 2 1
37405 3 2
37406 3 1
37408 3 1
3741 2 2
3741 3 1
37410 2 1
37410 3 1
37411 2 2
37411 3 1
37412 2 1
37416 2 1
37416 3 1
37417 2 2
37418 2 1
37418 3 1
37419 2 1
37422 2 1
37422 3 2
37423 3 1
37426 3 1
37427 2 1
37428 2 1
37429 2 1
37430 3 1
37437 3 1
37439 3 1
37443 3 1
37444 2 1
37445 2 1
37448 3 1
37451 3 1
37454 2 1
37454 3 1
37455 2 2
37456 2 1
37456 3 1
37464 2 1
37468 2 1
37470 2 2
37470 3 1
37471 3 1
37476 2 1
37477 3 1
37483 2 1
37484 2 1
37485 2 1
37485 3 2
37486 3 1
37488 3 1
37489 2 1
3749 3 1
37490 3 1
37492 2 1
37492 3 2
37494 3 1
37497 2 2
37498 2 1
37499 3 1
37502 3 1
37503 2 1
37504 3 1
37506 2 1
37509 2 1
37509 3 1
37510 3 1
37519 2 2
37519 3 1
3752 3 1
37520 2 1
37520 3 1
37525 3 1
37526 2 1
37527 2 2
37527 3 1
37528 3 1
37534 3 1
37538 2 1
3754 3 1
37541 2 1
37546 2 1
37548 2 1
37548 3 2
37549 3 1
37551 3 1
37554 2 1
37555 2 1
37556 3 2
37559 2 1
37559 3 1
3756 2 2
3756 3 1
37560 2 2
37560 3 1
37561 2 1
37562 2 1
37563 3 2
37565 3 1
37567 2 1
37567 3 1
37568 2 1
37569 3 1
3757 2 1
37574 2 1
37574 3 2
37575 2 1
37576 2 2
37576 3 1
3758 3 1
37584 2 1
37584 3 1
37585 3 1
37595 2 1
37595 3 1
37596 2 1
37596 3 2
37597 2 2
37598 2 1
37598 3 1
37601 2 1
37601 3 1
37602 2 2
37602 3 1
37603 2 1
37604 2 1
37604 3 2
37605 3 1
37610 2 1
37611 2 1
37612 2 2
37613 2 1
37613 3 1
37617 3 1
37619 3 1
3762 2 1
3762 3 1
37622 2 1
37623 2 1
37626 2 1
37627 2 1
37628 3 1
3763 2 1
37632 3 1
37634 3 1
37635 2 1
37636 2 1
37638 2 2
37638 3 1
3764 2 1
37647 2 1
37648 2 1
37651 3 1
37653 2 2
37653 3 1
37654 2 1
37655 2 1
37658 2 1
37659 2 1
37660 3 1
37668 3 1
37674 2 1
37674 3 1
37675 2 1
37678 2 1
37679 2 1
37680 2 2
37681 3 1
37683 3 1
37684 2 1
37688 3 1
3769 3 1
37690 3 1
37692 2 1
37695 2 1
37695 3 1
377 2 1
377 3 1
37700 3 1
37705 2 1
37706 2 1
37706 3 2
37707 3 2
37709 3 1
37711 3 1
37712 2 1
37713 3 2
37718 3 1
37721 3 1
37724 3 1
37732 3 1
37734 3 1
37740 2 1
37740 3 2
37743 2 1
37743 3 1
37745 3 1
37747 2 1
37755 2 1
37755 3 1
37756 2 2
37757 2 1
37757 3 1
37758 3 2
37761 2 1
37762 3 1
37764 2 1
37765 2 2
37765 3 1
37769 2 1
3777 2 1
37770 2 1
37774 3 1
37779 2 2
37779 3 1
37780 2 1
37787 2 1
37788 2 2
37788 3 1
37789 2 1
37790 3 2
37792 2 1
37792 3 1
37794 2 1
37797 2 1
37797 3 2
378 3 1
37804 2 1
37806 3 1
37809 3 1
37811 2 2
37811 3 1
37816 3 1
37818 2 1
37818 3 1
37819 2 2
3782 3 1
37820 2 1
37820 3 1
37821 3 2
37826 2 1
37826 3 1
37827 2 1
37827 3 2
37828 2 1
37829 2 2
3783 2 1
37830 3 1
37833 2 1
37833 3 1
37836 2 1
37839 2 2
37839 3 1
3784 2 1
37840 2 1
37840 3 1
37842 2 1
37842 3 2
37843 2 1
37843 3 2
37844 3 1
37846 2 1
37846 3 2
37853 2 1
37854 2 2
37855 3 1
37857 2 1
37857 3 1
37859 2 1
37860 3 1
37865 2 1
37866 3 1
37868 3 1
37871 2 2
37871 3 1
37872 3 1
37874 2 1
37874 3 1
37885 3 1
37886 2 1
37889 2 1
37890 3 1
37894 3 1
37899 2 1
37900 2 1
37904 3 1
37908 2 1
37911 2 1
37912 3 1
37921 3 1
37923 3 1
3793 2 1
37935 3 1
37938 2 1
37938 3 2
37939 3 1
3794 3 1
37942 2 1
37942 3 1
37951 2 1
37951 3 2
37952 2 1
37955 3 1
37956 2 1
37960 2 1
37962 3 1
37964 2 1
37964 3 1
37965 3 2
37967 2 1
37967 3 1
37968 2 1
37968 3 2
37969 2 1
3797 3 1
37972 3 1
37976 2 1
37976 3 1
37977 2 1
37978 2 1
37979 2 2
37980 2 1
37980 3 1
37981 3 2
37983 2 1
37983 3 1
37984 2 1
37985 3 1
37988 2 1
37989 3 1
3799 3 1
37997 3 1
38000 3 1
38001 2 1
38004 2 1
38005 2 1
38006 2 1
38008 2 1
38009 2 1
3801 3 1
38010 3 1
38012 2 1
38012 3 1
38015 3 1
38025 3 1
3803 2 1
3803 3 1
38035 2 1
38037 2 1
38038 3 1
3804 2 1
3804 3 2
38041 3 1
38042 2 1
38047 2 1
38047 3 1
38048 2 1
3805 3 2
38051 3 1
38058 3 1
38060 2 1
38060 3 1
38066 2 1
38066 3 1
38067 3 1
3807 2 1
3807 3 1
38071 2 1
38071 3 1
38072 3 1
3808 2 2
3808 3 1
38081 2 1
38081 3 2
38086 2 1
38086 3 2
38087 2 1
3809 2 1
38090 2 1
38091 2 1
38092 2 1
38093 2 1
38094 3 1
38096 2 1
38097 3 1
381 2 1
381 3 1
38100 3 1
38109 2 1
38110 3 2
38112 2 1
38112 3 1
38113 2 1
38114 2 2
38115 2 1
38115 3 1
38116 3 1
38121 3 1
38123 3 1
38126 2 1
3813 3 1
38130 3 1
38141 2 2
38141 3 1
38142 3 1
38144 3 1
38147 3 1
38148 2 1
38149 3 1
38152 2 1
38152 3 1
38154 2 1
38161 2 1
38162 3 1
38164 2 1
38166 3 1
38171 3 1
38172 2 1
38173 2 2
38173 3 1
38174 2 1
38175 2 1
38175 3 2
38176 3 1
38182 3 1
38186 3 1
38187 2 1
38188 3 1
3819 2 1
38191 3 1
38194 2 1
38195 3 1
38198 2 1
38198 3 1
38199 2 1
382 2 1
38204 2 1
38207 2 1
38207 3 1
38214 3 1
38216 2 1
38216 3 1
38217 3 1
38220 2 1
38220 3 1
38221 3 1
38224 2 1
38224 3 1
38232 3 1
38235 2 1
38236 2 2
38236 3 1
38237 2 1
38238 3 1
3824 2 1
38242 2 1
38242 3 2
38244 2 1
3825 3 1
38250 2 1
38251 2 1
38252 2 1
38255 3 1
38259 2 1
38266 2 1
38269 2 1
38269 3 1
3827 2 1
3828 3 1
38284 2 1
38284 3 1
38285 2 2
38286 2 1
38286 3 1
38287 2 1
38287 3 2
38288 3 2
38291 3 1
38292 2 1
38294 2 1
38295 2 2
38296 2 1
38296 3 1
38297 3 2
383 2 1
38302 2 1
38303 3 1
38308 3 1
3831 3 1
38311 3 1
38313 3 1
38314 2 1
38315 3 1
38317 3 1
3832 2 1
38321 2 1
38326 3 1
38328 2 1
38336 2 2
38336 3 1
38337 2 1
38338 3 1
38341 2 2
38341 3 1
38342 2 1
38343 3 1
38345 2 1
38345 3 1
38350 2 1
38351 3 1
38353 3 1
38354 2 1
38355 2 1
38356 3 1
3836 2 1
3836 3 1
38364 2 1
38364 3 2
38365 3 1
38367 3 1
3837 2 2
38370 3 1
38372 2 1
38372 3 1
38374 2 2
38374 3 1
38375 3 1
38376 2 1
38377 3 1
3838 2 1
3838 3 1
38380 2 1
38380 3 1
38381 2 1
38381 3 2
38385 2 2
38385 3 1
38386 2 1
38387 2 1
3839 2 1
38390 2 2
38390 3 1
38391 3 1
38393 2 1
384 2 1
384 3 2
38400 3 1
38402 3 1
38403 2 1
38405 2 1
38410 2 1
38411 2 2
38412 3 1
38414 2 1
38415 2 1
38416 2 1
38431 2 2
38432 2 1
38433 3 1
38437 2 1
38439 2 1
3844 2 1
38443 3 1
38445 2 1
38445 3 1
38450 2 1
38450 3 1
38451 2 1
38452 3 2
38454 2 1
38454 3 1
38455 2 1
38458 2 1
38458 3 2
38459 3 1
38461 2 2
38461 3 1
38462 2 1
38462 3 1
38467 2 1
38467 3 1
38471 3 1
38473 3 1
38481 2 1
38483 2 2
38483 3 1
38484 3 1
38486 2 2
38486 3 1
38487 3 1
3849 3 1
38490 2 2
38490 3 1
38491 2 1
38492 2 1
38493 2 1
38496 2 1
38496 3 1
38498 3 1
385 2 1
385 3 2
38508 3 1
3851 2 1
38511 2 1
38511 3 1
38512 3 1
38515 3 1
38516 2 1
38517 2 1
38518 2 1
38518 3 2
38519 3 1
3852 2 2
3852 3 1
38525 2 1
38525 3 2
38526 3 1
3853 2 2
3853 3 1
38530 3 1
38538 2 1
38538 3 1
3854 3 1
38541 2 1
38541 3 1
38543 2 1
38544 2 1
38545 3 1
38552 2 1
38553 2 1
38556 2 1
38557 2 1
38560 2 1
38566 2 1
38571 3 1
38573 2 2
38573 3 1
38574 2 1
38574 3 1
38575 2 1
38576 3 1
38579 2 1
38580 2 1
38581 2 2
38582 2 1
38582 3 1
38583 3 2
38585 2 2
38585 3 1
38586 2 1
38586 3 1
38592 3 1
38593 3 2
38595 2 2
38595 3 1
38596 3 1
386 2 1
386 3 2
3860 2 1
38603 3 1
38604 2 1
38605 2 1
38606 3 2
38608 3 1
38611 3 1
38614 2 1
3862 3 1
38622 2 1
38627 2 1
38628 2 1
38628 3 2
38629 3 1
38633 2 1
38633 3 1
38634 2 1
38634 3 2
38635 3 2
38637 2 1
38638 3 1
38641 2 1
38644 2 1
38644 3 2
38648 2 1
38649 2 2
38649 3 1
3865 3 1
38650 2 1
38651 3 1
38653 2 1
38653 3 1
38654 2 1
38655 3 2
38660 2 1
38661 3 2
38669 2 1
38669 3 1
3867 2 1
38672 3 1
38677 3 1
38679 3 2
38680 3 1
38682 3 1
38689 3 1
38692 2 1
38693 3 1
38695 2 1
38695 3 1
38696 2 1
38696 3 2
38697 3 2
387 2 1
387 3 2
3870 3 1
38701 3 1
38703 2 2
38703 3 1
38704 2 1
38704 3 1
38705 2 1
38707 3 1
38713 3 1
38715 3 1
38717 2 1
38717 3 1
38718 2 1
38719 2 1
3872 3 1
38722 2 1
38722 3 1
38727 2 1
38727 3 1
38728 2 1
38728 3 2
38729 3 2
38731 2 1
38732 3 2
38734 3 1
38735 2 1
38736 2 1
38741 3 1
38743 2 1
38744 2 1
38745 3 1
38747 3 1
38751 3 1
38753 2 1
38753 3 2
38756 2 2
38756 3 1
38757 2 1
38765 2 1
38765 3 1
38768 2 1
38771 2 1
38776 2 1
38777 2 2
38777 3 1
38778 2 1
38779 3 1
38781 2 2
38781 3 1
38782 3 1
38784 2 1
38784 3 1
38788 2 1
38788 3 1
38793 2 1
38793 3 1
38794 2 1
38795 2 1
388 2 1
388 3 2
3880 2 2
3880 3 1
38800 2 1
38805 3 1
38806 2 1
3881 2 1
38816 2 1
38818 3 1
3882 2 1
38828 3 1
38830 3 1
38837 3 1
38839 3 1
38841 3 1
38843 2 1
38847 2 1
38849 3 1
38853 2 1
38854 2 2
38854 3 1
38855 2 1
38856 3 2
38859 2 1
38859 3 1
38860 2 1
38861 2 2
38861 3 1
38862 2 1
38863 3 1
38865 2 1
38868 2 1
38868 3 1
38872 2 1
38873 3 2
38876 2 1
38876 3 1
38877 2 1
38877 3 2
38882 2 1
38884 3 1
38886 2 1
38886 3 1
38887 2 1
38888 2 2
38888 3 1
38898 2 1
389 2 1
38903 2 1
38903 3 2
38904 2 1
38905 2 1
38906 3 1
38908 2 1
38911 3 1
38913 2 1
38913 3 1
38914 3 1
38916 2 1
38916 3 1
38925 2 1
38925 3 1
38926 2 1
38926 3 2
38927 2 1
38928 3 1
38931 2 1
38931 3 1
38932 2 1
38932 3 2
38933 2 1
38933 3 2
38935 3 1
38942 2 1
38946 2 1
38949 2 1
38949 3 1
38954 2 1
38955 2 1
38956 2 1
38957 3 1
38959 2 1
3896 2 1
38961 3 1
38963 2 1
38963 3 2
38964 2 2
38964 3 1
38965 2 1
38966 2 1
38970 2 1
38973 2 1
38978 2 1
38979 2 1
38981 3 1
38983 2 1
38987 3 1
3899 2 1
3899 3 1
38991 2 1
38991 3 1
38992 2 2
38997 2 1
38997 3 2
38998 2 1
38999 2 1
390 2 1
390 3 2
3900 2 1
39000 3 1
39002 2 1
39002 3 1
39008 2 1
39008 3 1
39009 2 1
39021 2 1
39022 2 1
39023 3 1
39025 2 1
39025 3 1
39028 3 1
3903 2 1
3903 3 1
39034 2 1
39039 3 1
39041 3 1
39047 3 1
39049 3 1
39051 2 2
39051 3 1
39052 2 1
39053 2 1
39056 2 1
39056 3 1
39063 3 1
39075 3 1
39077 3 1
39084 2 1
39086 3 1
39089 2 1
39092 2 2
39093 2 1
39093 3 1
39094 2 1
39095 2 1
391 3 1
3910 2 2
3910 3 1
39100 2 1
39101 3 1
39109 3 1
3911 3 1
39111 2 1
39112 3 1
39115 2 1
39115 3 1
39117 3 1
39119 3 1
39121 2 1
39121 3 1
39126 2 1
39126 3 1
39127 2 1
39128 2 2
39128 3 1
39129 3 1
3913 2 1
3913 3 1
39131 3 1
39133 3 1
39137 2 1
39137 3 1
39138 3 2
39143 2 1
39143 3 1
39144 2 1
39145 2 2
39145 3 1
39146 2 1
39147 3 1
3915 3 1
39158 2 1
39160 3 1
39164 2 1
39164 3 1
39172 2 1
39172 3 1
39173 3 1
39176 2 1
39176 3 2
39177 3 1
39179 3 1
39180 2 1
39183 2 2
39183 3 1
39184 2 1
39188 3 1
39189 2 1
39193 2 1
39194 2 2
39194 3 1
39195 2 1
39196 3 1
39198 3 1
39201 2 1
39202 2 1
39203 3 1
39205 2 1
39209 2 1
3921 2 1
39210 3 1
39218 2 1
39218 3 1
3922 3 1
39221 2 1
39221 3 1
39224 3 1
39227 3 1
39237 3 1
39239 3 1
3924 2 1
3924 3 1
39246 2 1
39246 3 1
39248 3 1
39251 2 1
39252 3 1
39258 2 1
39259 2 1
39263 3 1
39264 2 1
39265 2 1
39265 3 2
39266 2 1
39266 3 2
39267 3 1
39274 2 1
39275 2 1
39276 2 1
39277 2 1
39278 3 2
39283 2 1
39283 3 1
39284 2 1
39287 2 1
39288 2 1
39289 3 1
39293 2 1
39294 2 1
39298 2 1
39304 3 1
39307 2 1
39307 3 1
39308 2 1
3931 2 2
3931 3 1
39311 3 1
39315 2 1
39315 3 1
39316 2 1
39316 3 2
39317 3 2
39319 2 1
3932 2 1
3932 3 1
39325 2 1
39325 3 1
39326 2 2
39329 2 1
3933 2 1
39330 2 1
39331 3 1
39333 2 1
39333 3 2
39334 3 1
39337 2 1
39337 3 1
39338 2 1
39338 3 2
39339 3 1
3934 2 1
39345 2 1
39345 3 2
39346 2 2
39346 3 1
39347 2 1
3935 2 1
39356 2 2
39356 3 1
39357 2 1
39357 3 1
39359 3 1
39361 3 1
39362 2 1
39363 3 2
39366 3 1
39368 2 1
39369 3 1
39371 3 1
39377 2 1
39378 2 2
39378 3 1
39379 2 1
39380 3 1
39382 2 1
39383 2 1
39387 2 1
39389 2 2
39390 2 1
39390 3 1
39393 3 1
39394 2 1
39394 3 2
39395 2 1
39398 2 1
39401 2 1
39402 2 1
39407 2 1
39408 2 1
39409 2 1
3941 2 1
39410 3 1
39412 2 1
39412 3 1
39415 3 1
39417 2 1
39418 3 1
3942 2 1
39421 3 1
39422 2 1
39423 2 1
39426 3 1
3943 2 1
39430 2 1
39432 2 1
39433 2 2
39433 3 1
39438 2 1
39439 2 1
3944 2 1
39440 3 1
39442 2 2
39442 3 1
39443 2 1
39449 3 1
3945 2 1
39453 3 1
39455 3 1
39456 2 1
39457 2 1
3946 3 1
39466 3 1
39468 2 1
39468 3 2
39469 3 1
39473 3 1
39480 2 1
39481 2 1
39493 2 1
39497 2 1
39497 3 2
39498 2 1
39499 2 1
39500 2 1
39504 2 1
39505 2 1
39506 2 1
39509 2 1
39510 3 1
39516 3 1
39519 2 1
39520 3 1
39522 2 1
39528 3 1
3953 2 1
39533 3 1
39535 2 1
39535 3 1
39536 2 1
39536 3 2
39537 2 2
39538 2 1
39538 3 1
39548 2 1
39548 3 1
39549 2 1
39551 3 1
39553 3 1
39559 2 1
3956 2 1
39560 3 1
3957 2 1
39571 3 1
39573 2 1
39577 3 1
39581 2 1
39582 2 1
39582 3 2
39583 3 1
39585 2 1
39585 3 2
39586 2 1
39587 2 1
39588 3 1
39590 3 1
396 2 1
396 3 1
39607 2 1
39608 2 2
39608 3 1
39609 3 1
3961 2 1
39613 2 1
39614 2 1
39615 2 1
39616 3 2
39618 3 1
39624 2 1
39624 3 2
39625 2 2
39625 3 1
39626 2 1
39633 2 1
39633 3 1
39634 2 1
39635 2 1
39639 2 1
39640 2 2
39640 3 1
39641 3 1
39643 3 1
39646 3 1
39648 3 1
39650 2 1
39651 3 1
39654 3 1
39655 2 1
39656 3 1
39658 3 1
39659 2 1
39663 2 1
39664 3 1
3967 2 1
39685 3 1
39688 3 1
39691 3 1
39696 3 1
39703 2 1
3971 2 1
3971 3 1
39711 2 1
39714 3 1
39718 2 1
3972 2 1
39721 2 1
39721 3 1
39722 2 1
39725 3 1
3973 2 1
39735 2 1
39736 2 2
39737 2 1
39737 3 1
3974 2 1
39741 2 1
39741 3 1
39742 2 1
39742 3 2
39746 2 1
39746 3 1
39747 3 1
3975 2 1
3976 3 1
39761 3 1
39763 3 1
39766 2 1
39766 3 1
39767 3 1
3978 2 1
39780 2 1
3979 3 1
39793 3 1
39797 2 1
39798 2 2
39799 2 1
39799 3 1
39801 3 1
39803 2 1
39803 3 2
39804 2 2
39804 3 1
39805 2 1
39806 3 1
3981 2 1
39813 3 1
39815 2 1
39815 3 1
39817 2 1
39822 2 1
39823 2 2
39824 2 1
39824 3 1
39825 2 1
39826 3 1
3983 2 1
39831 2 1
39832 2 1
39833 3 1
39839 2 1
39839 3 1
3984 3 1
39840 2 2
39840 3 1
39841 2 1
39842 3 2
39843 3 1
39847 2 1
39847 3 2
39848 2 1
39848 3 2
39849 3 1
39852 2 1
39852 3 1
39853 2 2
39854 2 1
39854 3 1
39855 3 1
39858 2 1
39858 3 2
39859 2 2
39859 3 1
39860 2 1
39874 2 1
39875 3 1
39878 2 2
39878 3 1
39879 3 1
39886 2 1
39886 3 1
39887 2 1
39887 3 2
39890 3 1
39893 2 1
39894 2 1
3990 2 1
3990 3 1
39902 2 1
3991 2 2
39910 2 1
39913 3 1
39916 3 1
39918 2 1
39919 3 1
3992 2 1
3992 3 1
39921 3 1
39924 3 1
39926 2 1
3993 3 1
39934 2 1
39935 3 1
39939 2 1
39939 3 1
39940 2 1
39948 2 1
39949 2 1
3995 3 1
39952 2 1
39953 3 1
39955 2 1
39956 3 1
39958 3 1
39963 2 1
39964 2 1
39965 2 2
39965 3 1
39966 3 1
39977 2 1
39978 2 1
39984 3 1
39991 3 1
39995 2 1
39999 2 1
400 2 1
40009 2 1
4001 2 1
40010 2 2
40010 3 1
40011 2 1
40012 3 1
40016 2 2
40016 3 1
40017 2 1
40020 2 1
40021 2 1
40033 3 1
40036 2 2
40036 3 1
40037 2 1
40039 2 1
40040 2 1
40040 3 2
40041 3 1
40047 2 1
40047 3 1
40048 2 1
40049 3 1
4005 2 1
4005 3 2
40051 3 1
4006 2 2
4006 3 1
40060 2 1
40061 3 1
40063 2 2
40063 3 1
40064 3 1
40067 3 1
40069 3 1
4007 2 1
40071 2 2
40071 3 1
40072 2 1
40072 3 1
40073 2 1
40076 3 1
40078 3 1
4008 2 1
40081 3 1
40083 3 1
4009 3 1
40090 2 1
40090 3 1
40092 3 1
40094 3 1
40096 3 1
40098 2 1
40098 3 1
40099 2 1
401 2 1
40100 3 2
40101 3 1
40107 2 1
40108 2 1
40109 2 2
4011 2 1
4011 3 2
40110 3 1
40112 2 1
40112 3 1
40116 2 1
40116 3 1
40117 2 1
40118 2 1
40121 2 1
40121 3 1
40124 2 2
40124 3 1
40125 2 2
40125 3 1
40126 2 1
40126 3 1
40127 2 1
40131 3 1
40132 3 2
40134 3 1
40138 3 1
40140 3 2
40141 3 1
40145 3 1
40147 2 1
40147 3 1
40148 2 2
40149 3 1
40151 3 1
40152 2 1
40153 3 1
40156 2 1
40157 3 1
40160 3 1
40166 2 1
40166 3 1
40168 2 1
40170 3 1
40172 3 1
40175 2 1
40175 3 1
40176 2 1
40176 3 2
40177 3 1
4018 2 1
40184 2 1
40185 2 1
40189 2 1
40189 3 2
40190 2 2
40190 3 1
40191 2 1
40192 2 1
40193 2 1
40197 3 1
40198 2 1
40199 2 1
402 3 1
40200 3 1
40202 2 1
40202 3 1
40203 3 1
40205 2 2
40205 3 1
40206 2 1
40206 3 1
40207 2 1
4021 2 1
4021 3 1
40211 3 1
40218 3 1
4022 3 2
40223 2 1
40224 3 1
40231 3 1
40233 3 1
40235 2 1
40235 3 2
4024 3 1
40244 2 1
40244 3 1
40246 3 1
40251 2 1
40252 3 1
40254 3 1
40259 2 1
4026 3 1
40260 2 1
40261 3 2
40266 3 1
40275 2 1
40278 3 1
4028 2 1
40280 3 1
40283 2 1
40284 3 1
40286 3 1
40288 3 1
4029 2 1
4029 3 2
40290 3 1
40295 3 1
4030 3 1
40301 2 1
40301 3 2
40302 2 2
40302 3 1
40303 2 1
40304 3 1
40306 3 1
40310 2 1
40316 2 1
40316 3 1
40317 3 2
40319 3 1
4032 3 1
40321 3 1
40323 3 1
40326 3 1
40329 3 1
40331 3 1
40333 2 1
40341 2 1
40351 3 1
40353 2 1
40367 2 1
40370 2 1
40370 3 1
40373 3 1
40377 3 1
40380 3 1
40382 3 1
40386 3 1
4039 3 1
40391 3 1
40394 2 2
40394 3 1
40395 2 1
40396 3 2
404 2 1
404 3 1
40401 2 1
40402 3 1
40404 2 1
40404 3 2
40406 3 1
40407 2 1
4041 2 1
4041 3 1
40410 2 1
40410 3 1
40416 2 1
40419 3 1
4042 2 1
40421 3 1
40423 2 1
40423 3 2
40424 2 1
40425 3 1
40427 3 1
40429 2 1
40429 3 1
4043 2 1
40430 3 2
40435 2 1
40435 3 1
40436 2 2
40440 3 1
40442 2 1
40443 3 1
40445 2 2
40445 3 1
40446 2 1
40446 3 1
40447 2 2
40448 2 1
40448 3 1
40449 2 1
40450 2 1
40450 3 2
40451 3 1
40458 2 1
40458 3 1
40459 2 1
40465 2 1
40465 3 1
40466 2 1
40466 3 2
4047 3 1
40471 2 1
40472 2 2
40473 3 1
40475 2 1
40481 2 1
40485 3 1
40488 2 1
40489 2 1
40490 3 1
40495 2 1
40498 3 1
405 2 1
40501 3 1
40503 2 1
40504 2 1
40505 3 1
4051 2 1
4051 3 1
40511 2 1
40511 3 1
40512 3 1
40514 3 1
40516 2 2
40516 3 1
40517 2 1
40517 3 1
40518 2 1
40524 2 1
40525 3 1
40531 2 1
40531 3 1
40532 3 1
40536 2 1
40541 2 1
40541 3 1
40542 2 1
40544 3 1
40546 3 1
40547 2 1
40547 3 2
40548 2 2
40549 2 1
40549 3 1
40550 3 2
40555 2 1
40558 3 1
40560 2 1
40560 3 2
40561 2 1
40563 3 1
40565 2 1
40566 2 1
40570 2 1
40571 2 1
40574 3 1
40577 2 1
4058 3 1
40593 3 1
40596 3 1
406 2 1
40605 2 1
40605 3 1
40606 2 1
40609 2 1
40610 3 1
40614 2 1
40614 3 1
40615 2 1
40618 2 1
40619 2 1
40634 2 1
40635 2 2
40635 3 1
4064 2 1
40640 3 1
40642 2 1
40642 3 1
40643 3 2
40647 2 1
40648 3 1
4065 3 1
40651 2 1
40652 2 2
40653 2 1
40653 3 1
40654 3 1
40656 2 1
40657 2 1
40658 2 1
40660 2 1
40663 2 1
40663 3 1
40666 2 1
40666 3 1
4067 2 1
40672 2 1
40673 2 1
40674 3 1
40676 3 1
40680 3 1
40684 2 1
40684 3 1
40686 3 1
40690 2 1
40691 2 2
40692 2 1
40692 3 1
40693 3 1
40695 2 1
407 2 1
40702 2 1
40703 2 1
40704 2 2
40704 3 1
40705 3 1
40707 3 1
40708 2 1
40709 2 1
4071 3 1
40713 3 1
40715 2 2
40715 3 1
40716 3 1
40718 3 1
40720 2 1
40720 3 1
40723 3 1
40724 2 1
40725 2 1
40726 2 1
4073 2 1
40733 2 1
40733 3 1
40734 2 2
40734 3 1
40735 2 1
40736 3 1
40739 2 1
40739 3 1
4074 2 1
40741 3 1
40743 2 1
40743 3 2
40744 3 1
40747 2 1
40747 3 1
40749 3 1
4075 2 1
40755 2 1
40756 2 1
40756 3 2
40757 3 1
4076 2 1
40760 3 1
40763 2 1
40763 3 1
40765 3 1
40768 3 1
4077 2 2
40771 2 1
40772 3 1
40775 2 1
40776 2 1
40776 3 2
40777 3 1
4078 3 1
40781 2 2
40781 3 1
40782 2 1
40783 2 1
40784 3 2
40786 2 2
40786 3 1
40787 3 1
40791 3 1
40792 2 1
40793 3 1
408 2 1
40800 2 1
40801 2 2
40802 3 1
40807 3 1
40809 3 1
40811 3 1
40814 2 1
40814 3 2
40815 2 2
40815 3 1
40816 2 1
40817 3 1
40819 2 1
4082 2 1
40820 2 1
40821 2 1
40823 3 1
40828 2 1
40829 2 1
4083 3 2
40830 3 1
40833 2 1
40834 3 1
40844 3 1
40849 3 1
40850 2 1
40851 2 1
40852 3 1
40855 2 1
40855 3 1
40861 2 1
40862 2 1
40863 2 2
40864 2 1
40864 3 1
40868 2 1
40868 3 1
40871 2 1
40874 2 1
40880 3 1
40882 2 1
40882 3 1
40883 2 1
40883 3 2
4089 3 1
40897 3 1
409 3 1
40905 2 1
40905 3 2
40907 2 1
40908 3 1
4091 2 1
4091 3 1
40910 3 1
40913 2 1
40914 3 1
40918 3 1
4092 2 1
40923 2 2
40923 3 1
40924 2 1
40925 3 1
4093 3 1
40932 2 1
40932 3 1
40935 2 1
40935 3 1
40936 2 2
40937 3 1
40944 3 1
40946 3 1
40948 2 1
40948 3 1
4095 2 1
4095 3 2
40950 2 2
40951 2 1
40951 3 1
40952 2 1
40953 2 1
40954 3 2
40956 2 1
4096 3 1
40960 3 1
40962 2 2
40962 3 1
40963 3 1
40966 3 1
40967 2 1
40972 3 1
40974 2 1
40975 2 2
40976 2 1
40976 3 1
40977 3 2
4098 3 1
40981 2 1
40981 3 1
40985 2 2
40985 3 1
40986 2 1
40990 3 1
40992 2 1
40992 3 1
40993 3 2
40997 3 1
40998 2 1
40999 3 1
4100 2 1
4100 3 1
41003 2 2
41003 3 1
41004 3 1
41006 3 1
41008 2 1
41008 3 1
41009 3 2
41011 2 1
41016 2 1
41016 3 1
41019 3 1
41021 2 1
41021 3 1
41023 3 1
41026 2 1
41026 3 1
4103 3 1
41030 3 1
41033 3 1
41035 2 1
41035 3 2
41036 3 1
41038 3 1
4104 2 1
41042 3 1
41046 2 1
41046 3 1
41047 2 2
41048 2 1
41048 3 1
41049 3 1
4105 2 1
41051 3 1
41054 2 1
41054 3 1
41055 2 2
41055 3 1
41056 2 1
41057 3 2
41059 2 1
41059 3 1
41060 2 1
41063 3 1
41065 3 1
41066 3 2
41068 3 1
41070 3 1
41072 3 1
41075 2 1
41075 3 1
41076 2 1
4108 3 1
41081 2 2
41082 2 1
41082 3 1
41083 2 1
41087 3 1
41093 2 1
41095 2 1
41096 2 1
41097 3 1
41100 2 2
41100 3 1
41101 2 1
41101 3 1
41102 3 1
41104 2 1
41105 2 1
41106 3 1
41114 3 1
41122 3 1
41124 2 1
41124 3 1
41127 3 1
41129 3 1
41131 3 1
41136 2 1
41137 2 1
41142 3 1
41144 3 1
4115 3 1
41150 2 1
41151 2 2
41151 3 1
41152 2 1
41153 3 1
41156 2 1
41156 3 1
41157 2 1
4116 2 1
41166 2 1
41169 3 1
4117 2 1
41171 3 1
41172 2 1
41173 2 1
41173 3 2
41174 2 1
41174 3 2
41175 3 1
41178 2 1
4118 2 2
4118 3 1
41180 2 2
41181 2 1
41181 3 1
41186 2 1
41186 3 1
4119 3 1
41191 2 2
41192 2 1
41192 3 1
41196 2 1
41197 3 1
41199 3 1
41200 2 1
41201 2 1
41204 2 1
41204 3 1
41207 2 1
41209 3 1
41213 2 1
41213 3 1
4122 2 1
41220 2 1
41224 2 1
41224 3 1
41225 3 1
41227 3 1
41229 2 2
41229 3 1
4123 2 2
41230 3 1
41232 2 2
41232 3 1
41233 3 1
41235 2 1
41235 3 1
41238 3 1
4124 3 1
41241 2 1
41248 2 1
41249 2 1
41250 2 2
41250 3 1
41255 3 1
41257 3 1
41258 2 1
41264 2 1
41265 2 1
41266 2 2
41266 3 1
41267 3 1
41271 2 1
41272 2 1
41273 2 2
41274 3 1
41276 3 1
41278 2 1
41278 3 2
41279 2 1
41280 3 1
41282 3 1
41284 2 1
41285 2 2
41285 3 1
41286 3 1
41290 2 1
41293 2 1
41294 2 1
41295 2 2
41295 3 1
41296 3 1
41298 2 1
41298 3 1
41299 2 1
41299 3 2
41300 3 2
41302 2 1
41302 3 1
41303 2 2
41304 2 1
41304 3 1
41305 2 1
41305 3 2
41306 3 2
41308 3 1
41312 2 1
41312 3 2
41313 2 1
41314 3 1
41316 3 1
41318 2 2
41318 3 1
41319 2 1
4132 2 1
4132 3 2
41323 2 1
41323 3 1
41324 2 2
41325 3 1
41327 2 1
41327 3 1
4133 3 1
41333 2 1
41333 3 2
41334 2 2
41334 3 1
41335 2 1
41336 3 1
41338 3 1
41340 3 1
41342 2 1
41343 2 1
41344 2 2
41344 3 1
41345 3 1
41348 2 1
41348 3 1
4135 2 1
41351 2 1
41352 3 2
41354 3 1
41355 2 1
41367 2 1
41367 3 2
41368 3 1
4137 3 1
41370 2 2
41370 3 1
41371 2 2
41371 3 1
41372 2 1
41373 3 1
41376 3 1
41389 2 1
41390 3 1
41397 3 1
41399 3 1
414 2 1
414 3 1
41401 2 1
41406 3 1
41409 2 1
41409 3 1
41410 3 1
41412 3 1
41414 3 1
41417 2 1
41417 3 1
41418 3 1
41421 3 1
41428 3 1
41431 3 1
41439 3 1
41441 3 1
41443 2 1
41443 3 1
41444 2 1
41444 3 2
41445 2 2
41446 2 1
41446 3 1
41447 3 1
41449 3 1
41450 2 1
41453 3 1
41454 2 1
41455 2 1
41456 2 2
41460 3 1
41461 2 1
41473 2 1
41473 3 1
41479 2 1
41479 3 2
41480 2 1
41481 2 1
41482 2 2
41482 3 1
41483 3 1
41485 2 1
41485 3 1
41493 2 1
41493 3 1
41494 2 2
41495 3 1
41497 3 1
41499 2 1
41499 3 2
415 2 1
41502 2 2
41502 3 1
41503 3 1
41505 3 1
41508 3 1
41514 2 1
41514 3 1
41515 2 1
41517 3 2
41518 3 1
41520 2 1
41520 3 2
41527 3 1
41529 3 1
41530 2 1
41534 3 1
41536 2 1
41539 3 1
41541 3 1
41544 2 1
41545 2 2
41545 3 1
41547 2 1
41548 3 1
41555 2 1
41555 3 2
41565 2 1
41568 2 1
41569 2 1
41570 2 1
41571 2 1
41574 2 1
41575 2 1
41576 2 1
41577 2 2
41577 3 1
41578 3 1
41581 2 1
41581 3 1
41582 3 1
41584 3 1
416 2 1
416 3 2
41600 2 1
41601 2 1
41602 2 1
41603 2 1
4161 2 1
41610 3 1
41614 2 1
41614 3 2
41615 2 2
41616 2 1
41616 3 1
41617 2 1
41622 2 1
41622 3 1
41623 2 1
41626 3 1
41627 2 1
41628 2 1
41629 2 1
4163 3 1
41630 2 1
41630 3 2
41631 2 1
41631 3 2
41632 3 1
41636 2 1
41636 3 1
41640 2 1
41648 2 1
41648 3 1
41649 2 1
41649 3 2
41657 3 1
41662 3 1
41663 3 2
41664 2 1
41665 3 1
41667 3 1
41669 3 1
41672 3 1
41675 2 1
41679 2 2
41679 3 1
41680 3 1
41682 2 1
41682 3 2
41683 2 2
41683 3 1
41684 2 1
41685 3 1
41687 2 2
41687 3 1
41688 2 1
41689 3 1
4169 3 1
41691 2 1
41691 3 2
41692 2 1
417 3 1
41701 2 1
41708 2 1
41711 3 1
41713 2 1
41714 3 1
41716 2 2
41716 3 1
41717 2 1
41723 3 1
41727 3 1
41728 2 1
41729 2 1
4173 3 1
41748 2 1
41748 3 1
41749 3 1
4175 2 1
4175 3 1
41752 2 2
41752 3 1
41753 3 1
41755 3 1
41757 3 1
41758 3 2
41759 2 1
4176 2 1
41760 2 1
41761 3 1
41763 3 1
41766 2 1
41767 2 2
41768 2 1
41768 3 1
41769 3 1
41772 2 2
41772 3 1
41778 3 1
4178 3 1
41781 2 1
41781 3 1
41782 3 1
41784 3 1
41787 2 1
41787 3 1
41788 2 2
41789 2 1
41789 3 1
41790 3 1
41795 2 1
41796 2 1
41797 2 2
41798 2 1
41798 3 1
41799 3 2
4180 2 2
4180 3 1
41801 3 1
41803 2 1
41808 2 1
41808 3 1
41809 3 2
4181 3 1
41812 2 1
41813 3 1
41815 2 1
41815 3 2
41817 2 2
41817 3 1
41818 2 1
41819 2 1
41822 3 1
41824 2 1
41824 3 1
41825 3 1
41829 3 1
4183 3 1
41830 2 1
41831 3 1
41847 2 1
4185 2 1
4185 3 2
41851 2 2
41851 3 1
41852 3 1
41858 2 1
4186 3 1
41864 2 1
41870 3 1
41878 2 1
41879 2 2
41879 3 1
41880 2 1
41881 2 1
41882 2 1
41883 2 1
41884 3 1
41886 3 1
41890 2 1
41890 3 1
41895 2 1
41895 3 1
41900 2 1
41900 3 1
41901 2 1
41901 3 2
41902 2 2
41903 2 1
41903 3 1
41904 3 1
41908 2 1
41909 3 1
41913 3 1
41916 2 1
41917 2 2
41917 3 1
41918 2 1
41925 3 1
41927 3 1
41932 2 1
41933 3 1
41936 2 1
41939 2 1
41939 3 2
41940 3 1
41942 2 1
41945 3 1
41949 2 2
41949 3 1
41950 2 2
41950 3 1
41951 2 1
41951 3 1
41952 2 1
41953 3 2
41955 3 1
41957 3 1
41959 2 1
41960 2 1
41961 3 1
41964 3 1
41973 3 1
41978 3 1
4198 2 1
41981 3 1
41985 2 1
41988 3 1
4199 3 1
41992 2 1
41995 2 1
41995 3 1
41996 2 1
41997 3 2
42003 2 1
42003 3 1
4201 2 1
42014 2 1
42015 3 1
42018 2 2
42018 3 1
42019 3 1
42022 2 1
42022 3 2
42023 2 2
42024 2 1
42024 3 1
42025 3 2
42027 2 1
42028 3 1
42032 2 1
42038 2 2
42038 3 1
42039 2 1
42040 3 1
42045 2 1
42046 3 1
42048 2 1
42049 3 1
42051 2 2
42051 3 1
42052 2 1
42057 3 1
42059 2 2
42059 3 1
42060 2 1
42064 3 1
42068 2 1
42069 2 1
4207 2 1
4207 3 1
42070 2 2
42070 3 1
42071 2 1
42072 3 2
42073 3 1
42078 2 1
42078 3 2
42079 2 1
42082 2 2
42082 3 1
42083 2 1
42084 2 1
42084 3 2
42085 3 1
42087 3 1
4209 3 1
42092 3 1
42094 2 2
42094 3 1
42095 2 1
42096 2 1
42097 3 1
42099 3 1
42101 2 1
42103 2 1
42104 2 1
42111 2 1
42112 3 1
42121 2 2
42121 3 1
42122 2 2
42122 3 1
42123 2 1
42123 3 1
42125 3 2
42126 3 1
42139 2 1
42140 3 2
42142 2 1
42142 3 1
42143 2 1
42144 3 1
42154 3 1
42156 3 1
42158 2 1
42158 3 1
4216 3 1
42165 3 1
42167 2 1
42167 3 1
42168 2 1
42169 2 2
42169 3 1
42170 2 1
42171 3 1
42173 2 2
42173 3 1
42174 2 1
42175 2 1
42177 3 1
42179 2 1
42179 3 2
42180 3 1
42183 3 1
42187 3 1
42189 3 1
42193 3 1
42195 3 1
42197 2 1
42197 3 2
42198 2 1
422 2 1
422 3 1
4220 3 1
42200 3 1
42203 2 1
42204 2 1
42205 3 2
42206 3 1
42208 2 1
42208 3 1
42209 2 1
42213 3 1
42214 2 1
42215 2 2
42216 2 1
42216 3 1
42217 3 1
42219 2 2
42219 3 1
4222 3 2
42220 2 1
42223 2 1
42223 3 1
42224 2 1
42225 2 2
42226 2 1
42226 3 1
42227 3 2
4223 3 1
42231 3 1
42233 2 1
42238 2 1
42239 2 1
42241 2 1
42242 2 1
42245 3 1
42246 3 2
42247 2 1
42251 2 1
42251 3 2
42252 2 1
42258 2 2
42258 3 1
42259 3 1
42262 3 1
42265 3 1
42267 2 1
42267 3 1
42268 2 1
42269 2 1
42272 2 1
42273 2 2
42274 3 1
42279 3 1
42282 3 1
42284 2 2
42285 2 1
42286 3 1
42288 2 2
42288 3 1
42289 2 2
42289 3 1
42290 2 1
42290 3 1
42291 2 1
42292 3 1
42294 2 1
42294 3 2
42295 2 1
42295 3 2
42296 3 1
42298 3 1
423 2 1
42300 2 1
42300 3 1
42302 3 1
42305 3 1
42306 2 1
42307 2 1
42311 2 1
42313 3 1
42316 3 1
42319 2 1
42320 2 1
42321 3 2
42323 3 1
42324 2 1
42325 2 1
42326 2 2
42326 3 1
42328 2 1
42331 3 1
42333 2 1
42334 2 2
42335 2 1
42335 3 1
42336 2 1
42337 3 1
42340 3 1
42342 2 1
42342 3 1
42347 2 1
42347 3 1
42348 3 1
42350 3 1
42351 2 1
42352 3 2
42354 2 1
42354 3 1
42357 2 1
42357 3 2
42358 3 1
42362 2 1
42363 2 1
42364 3 2
42375 3 1
4238 3 1
42381 2 2
42382 3 1
4239 2 1
42391 2 2
42391 3 1
42392 2 1
42395 2 1
42395 3 1
42396 2 2
42397 2 1
42397 3 1
42398 2 1
424 2 1
424 3 2
4240 2 1
42404 2 1
42405 2 2
42405 3 1
42410 2 1
42410 3 1
42411 2 1
42411 3 2
42414 3 1
42416 3 1
42427 2 1
42428 2 2
42439 3 1
42442 2 1
42448 2 1
42449 2 1
42453 2 1
42454 3 1
42456 2 1
42456 3 1
42459 2 1
4246 2 1
42461 3 1
42463 3 1
42466 2 1
42467 3 1
4247 3 1
42470 2 1
42471 3 1
42475 2 1
42475 3 1
42476 2 2
42477 2 1
42477 3 1
42478 3 2
42483 3 1
42486 2 2
42486 3 1
4249 2 1
4249 3 2
42493 3 1
42496 2 1
42497 2 1
42498 2 1
42499 2 1
425 3 1
4250 3 1
42500 2 2
42500 3 1
42501 2 1
42505 2 1
42505 3 1
42507 3 1
42515 2 1
42516 3 1
4252 3 1
42520 2 1
42520 3 1
42521 3 1
42525 2 1
42526 2 1
42527 2 2
42527 3 1
42528 2 1
42529 3 2
42532 3 1
42534 2 1
42534 3 1
42535 3 2
42544 3 1
42548 2 1
42552 2 1
42554 3 1
42556 3 1
42558 2 2
42558 3 1
42559 2 1
42562 2 2
42562 3 1
42563 2 1
42563 3 1
42564 2 1
42565 2 1
42566 3 2
42572 3 1
42574 2 1
42574 3 1
42583 3 1
42587 2 1
42588 3 1
4259 2 1
42591 2 1
42591 3 1
42592 2 1
42596 2 1
42598 3 1
42601 3 1
42605 3 1
42607 3 1
42609 2 1
42609 3 1
42612 3 1
42617 2 2
42617 3 1
42618 3 1
4262 2 2
4262 3 1
42620 3 1
42622 2 1
42622 3 1
42623 2 1
42626 2 1
42626 3 1
42627 2 1
42627 3 2
42628 3 2
42630 2 1
42630 3 1
42631 3 1
42634 2 1
42634 3 1
42635 2 1
42636 2 2
42636 3 1
42637 3 1
42639 2 1
42641 2 1
42643 3 1
42645 3 1
42651 2 1
42661 3 1
42665 3 1
42667 3 1
42673 3 1
42675 2 1
42677 2 1
42678 2 1
42679 2 2
42679 3 1
42680 2 1
42681 3 1
42684 3 1
42686 2 1
42694 2 1
42697 3 1
42704 2 1
42704 3 1
42707 3 1
42716 2 1
42716 3 1
42718 3 1
42724 2 2
42724 3 1
42725 2 1
42725 3 1
42731 3 1
42736 2 2
42737 2 1
42738 3 1
4274 2 1
4274 3 1
42741 3 1
42743 2 1
42743 3 1
42744 2 2
42744 3 1
42745 3 1
42747 2 1
42748 2 1
42749 3 1
4275 2 1
42753 3 1
42759 2 1
42760 3 1
42763 2 1
42764 2 1
42765 3 1
42770 3 1
42777 2 1
42778 2 1
42779 2 2
42779 3 1
42786 2 1
42787 2 1
42788 3 1
4279 2 1
42790 2 2
42790 3 1
42791 2 1
42792 2 1
42793 3 2
42794 3 1
42797 3 1
42799 2 1
42799 3 1
4280 2 1
4280 3 2
42800 2 1
42801 2 2
42801 3 1
42802 3 1
42804 2 1
42805 2 1
42808 2 1
42809 2 1
4281 3 1
42818 3 1
42824 2 1
42825 2 2
42825 3 1
42832 2 2
42832 3 1
42833 3 1
42836 2 1
42836 3 1
42837 2 1
42837 3 2
42843 2 1
42846 2 1
42846 3 1
42847 2 1
42847 3 2
42849 2 1
4285 3 1
42851 3 1
42853 2 1
42860 2 1
42860 3 1
42868 2 1
42868 3 2
42869 2 1
42870 2 2
42870 3 1
42871 2 1
42877 2 1
4288 3 1
42882 2 1
42883 2 1
42884 2 1
42885 3 1
42887 2 2
42887 3 1
42888 2 1
42889 2 1
42890 3 2
42892 3 1
42896 2 1
42898 2 1
42899 2 1
42900 2 2
42901 3 1
42903 2 1
42903 3 1
42906 2 2
42906 3 1
42907 3 1
4291 2 1
42913 2 1
42914 2 2
42914 3 1
42915 3 1
4292 2 1
42925 2 1
42925 3 1
42926 3 1
42931 2 1
42932 2 1
42933 3 1
42935 2 1
42943 3 1
42949 3 1
42951 2 1
42952 3 1
42954 2 1
42955 3 1
42957 3 1
4296 2 1
42963 3 1
42965 3 1
42966 2 1
42966 3 2
4297 3 1
42973 2 1
42978 2 1
42984 2 1
42984 3 1
42985 2 1
42988 2 1
42989 3 1
4299 2 1
4299 3 1
42992 2 1
42992 3 1
42993 2 2
42993 3 1
42994 2 1
42995 3 2
42997 2 1
42997 3 1
42998 3 1
430 2 1
430 3 1
4300 2 2
43000 2 1
43000 3 1
43001 2 2
43002 2 1
43002 3 1
43008 2 1
43009 3 1
4301 2 1
4301 3 1
43012 2 1
43013 2 2
43014 2 2
43014 3 1
43015 3 1
43019 2 1
4302 3 2
43020 3 1
43023 2 1
43024 3 1
43026 3 1
43035 2 1
43036 3 1
43049 2 1
43051 3 1
43053 2 1
43053 3 1
43054 2 1
43055 3 1
43058 2 1
43059 2 1
4306 2 1
4306 3 1
43060 3 2
43063 2 1
43063 3 1
4307 3 1
43071 2 1
43083 2 1
43087 2 1
43088 2 2
43089 2 1
43089 3 1
4309 2 1
43090 3 1
43095 2 1
43098 2 1
43099 3 1
431 3 1
4310 2 1
43102 2 1
43106 2 1
4311 3 2
43116 2 1
43119 3 1
43121 3 1
43124 3 1
43128 2 1
43133 2 1
43133 3 1
43134 2 1
43136 2 1
43137 2 1
43137 3 2
43138 3 1
4314 3 1
43140 3 1
43142 3 1
43148 3 1
43149 2 1
43150 3 1
43156 2 1
4316 2 1
43160 2 1
43160 3 1
43162 2 2
43163 2 1
43163 3 1
43164 2 1
43165 3 1
43171 2 1
43172 2 2
43172 3 1
43173 3 1
43176 2 1
43176 3 2
43180 3 1
43181 2 1
43182 3 1
43184 2 1
43184 3 2
43190 3 1
43191 2 1
43192 2 1
43193 3 1
43195 2 2
43195 3 1
43196 2 1
43197 2 1
43197 3 2
43198 3 1
43203 3 1
43209 3 1
4321 3 1
43210 2 1
43211 3 1
43213 3 1
43216 2 1
43216 3 1
43217 3 1
43219 3 1
43222 3 1
43225 2 1
43226 2 2
43226 3 1
43227 2 1
43230 3 1
43233 2 1
43233 3 2
43234 2 2
43234 3 1
43235 2 1
43236 3 1
43238 2 1
43238 3 1
43251 3 1
43252 2 1
43259 3 1
4326 2 1
4326 3 1
43261 2 1
43261 3 1
43262 2 2
43263 3 1
43265 2 1
43265 3 1
43267 2 2
43268 3 1
4327 2 2
4327 3 1
43270 3 1
43272 3 1
4328 2 1
43280 2 1
43282 3 1
43284 2 1
43291 2 1
43292 3 1
43294 3 1
43296 2 1
43296 3 2
433 2 1
433 3 1
43300 2 1
43301 2 1
43302 3 1
43307 2 1
43308 3 1
43315 2 1
43316 2 1
43317 2 1
43318 3 1
4332 2 1
43321 3 1
43323 3 1
43325 3 1
4333 3 1
43330 2 1
43330 3 1
43331 2 1
43332 2 2
43332 3 1
43333 3 1
43336 2 1
43336 3 1
43339 2 1
43339 3 2
43340 3 1
43345 2 1
43345 3 1
4335 2 1
43359 2 2
43359 3 1
4336 3 1
43360 2 1
43361 2 1
43362 2 1
43363 3 1
43369 3 1
43377 3 1
43383 2 1
43383 3 2
43384 3 1
43387 3 1
43388 2 1
43388 3 2
43389 2 2
43390 2 1
43390 3 1
43393 2 1
43393 3 1
434 2 1
43403 3 1
43407 2 1
4341 2 1
43410 2 1
43410 3 2
43411 2 2
43411 3 1
43412 2 1
43417 2 1
43417 3 1
4342 3 1
43420 2 1
43421 3 1
43423 2 1
43423 3 1
43424 2 1
43424 3 2
43426 3 1
43428 2 1
43428 3 1
43429 2 1
43429 3 2
43430 2 2
43431 3 1
43432 2 1
43435 3 1
43437 3 1
43438 2 1
43439 2 1
43440 3 1
43442 2 1
43442 3 2
43443 2 2
43444 2 1
43444 3 1
43445 2 1
43446 3 1
43450 3 1
43452 2 2
43452 3 1
43453 2 1
43453 3 1
43454 3 1
43457 3 1
43458 2 1
43459 2 1
43460 3 2
43463 2 1
43467 2 1
43467 3 1
43475 2 1
43477 3 1
43479 3 1
4348 2 1
43481 3 1
43483 2 1
43484 3 1
43486 2 2
43486 3 1
43487 2 1
4349 2 1
43491 2 1
43491 3 1
43492 2 2
43493 2 1
43493 3 1
43494 3 1
43496 3 1
43498 3 1
43499 2 1
43499 3 2
43502 2 1
43502 3 1
43506 3 1
4351 3 1
43513 3 1
43520 2 1
43520 3 1
43525 2 1
43526 2 1
4353 2 1
4353 3 1
43531 3 1
4354 2 1
43541 2 1
43544 2 1
43544 3 1
43546 3 1
4355 2 2
4355 3 1
43552 3 1
43559 2 1
43559 3 1
43565 2 1
43566 3 1
43572 2 1
43572 3 2
43573 2 1
43573 3 2
43574 3 1
43578 2 2
43579 2 1
43579 3 1
4358 2 1
43588 3 1
4359 2 2
43592 2 1
43598 2 1
43599 2 1
436 2 1
4360 2 1
4360 3 1
43602 2 2
43602 3 1
43603 3 1
43608 2 1
43609 2 2
43609 3 1
43610 3 1
43623 2 1
43624 2 1
43626 3 1
43627 2 1
4363 2 1
43635 2 1
43636 2 1
43636 3 2
43637 3 1
43641 2 1
43642 2 1
43643 3 1
43645 2 1
43645 3 1
43646 2 1
43652 2 1
43653 2 1
43657 2 1
43658 3 1
43660 3 1
43663 3 1
43667 2 1
43667 3 1
43668 2 1
43670 3 1
43672 2 1
43672 3 1
43675 3 1
43679 2 1
43679 3 1
43680 2 1
43683 3 1
43685 3 1
43687 3 1
4369 2 1
43691 2 1
43691 3 2
43692 2 2
43692 3 1
43693 2 1
43694 3 1
43696 2 1
43696 3 2
43697 2 2
43697 3 1
43698 2 1
43699 3 1
437 2 1
437 3 2
43701 3 1
43711 2 1
43712 3 1
43714 3 1
43722 2 2
43722 3 1
43723 2 2
43723 3 1
43724 2 1
43725 3 1
43727 3 1
4373 3 1
43730 2 1
43730 3 1
43731 2 1
43732 3 1
43734 3 1
43735 2 1
43743 3 1
43745 3 1
43747 2 1
43748 2 1
43749 2 2
43750 2 1
43750 3 1
43751 3 2
43758 3 1
43760 2 1
43763 2 2
43763 3 1
43764 2 1
43764 3 2
43765 2 1
43765 3 2
43766 3 2
43768 2 1
43769 3 1
43774 2 1
43777 2 1
43779 3 1
4378 2 1
43783 2 1
43784 2 1
43785 3 1
43787 3 1
43788 2 1
43789 2 2
43789 3 1
4379 3 1
43790 3 1
438 3 1
43814 3 1
43816 2 1
43817 2 1
43818 2 2
43818 3 1
43822 2 1
43823 3 1
43826 2 1
43826 3 1
43827 3 1
43829 3 1
4383 2 1
4383 3 1
43831 3 1
43832 2 1
43835 2 2
43836 2 1
43837 2 1
43838 2 1
43838 3 2
43839 3 1
43841 2 1
43841 3 1
43842 2 1
43843 2 1
43848 2 1
43853 3 1
43855 3 1
43858 2 1
43862 3 1
43864 2 1
43864 3 1
43872 2 1
43872 3 2
43879 2 1
4388 2 1
43896 3 1
43898 3 1
43902 2 1
43906 2 1
43907 2 2
43908 2 1
43908 3 1
43910 3 2
43911 3 1
43914 3 1
43918 2 1
43918 3 1
43928 2 1
43933 2 1
43934 3 1
43936 2 1
43936 3 1
43937 3 2
43940 2 1
43941 2 1
43945 2 2
43945 3 1
43946 3 1
43947 2 1
4395 2 1
43952 2 1
43952 3 1
43955 2 1
43955 3 2
43956 2 2
43956 3 1
43957 2 1
43958 3 1
43960 2 1
43960 3 1
43961 2 1
4397 3 1
43970 2 1
43973 2 1
43973 3 1
43974 2 1
43977 2 1
43978 3 1
43983 2 1
43986 3 1
43990 2 1
43991 2 2
43991 3 1
43992 2 1
43995 2 1
440 2 1
440 3 1
44000 3 1
44002 2 1
44012 2 1
44012 3 1
44013 3 2
44015 2 1
44016 3 1
44020 2 1
44020 3 2
44021 2 1
44021 3 2
44022 3 1
44026 2 1
44027 2 2
44027 3 1
44028 2 1
44030 3 1
44033 2 1
44034 2 1
44035 2 1
44036 2 1
44037 3 1
44039 3 1
44041 2 1
44041 3 1
44043 3 1
44045 3 1
44049 2 1
44050 2 1
44050 3 2
44051 3 1
44059 2 1
44062 2 1
44062 3 1
4407 3 1
44078 3 1
44084 3 1
44088 2 1
44088 3 2
4409 2 1
4409 3 1
44090 3 1
44093 3 1
44096 2 2
44096 3 1
441 2 1
44101 3 1
44108 2 1
44108 3 1
44111 3 1
4412 2 1
44121 2 1
44121 3 1
44122 2 1
44122 3 2
44125 3 1
44129 3 1
4413 3 1
44131 2 1
44137 3 1
44139 2 1
44140 2 1
44141 2 1
44142 3 1
44157 2 1
44158 3 1
44161 3 1
44163 2 1
44164 3 1
44166 3 1
44168 2 1
44174 3 1
44176 3 1
44178 3 1
44180 2 1
44180 3 1
44181 2 2
44182 2 1
44182 3 1
44183 3 2
44184 3 2
44185 3 1
44191 2 1
44192 3 1
44199 3 1
4420 2 1
44200 2 1
44201 2 1
44202 3 1
44204 3 1
44207 2 1
44208 3 1
4421 3 1
44213 2 1
44213 3 1
44214 2 2
44214 3 1
44215 2 1
44218 3 1
44219 2 1
44220 2 1
44224 2 1
44224 3 1
44229 2 1
44237 2 1
44238 2 1
4424 2 1
4424 3 1
44240 3 1
44243 3 1
4425 2 1
44256 2 1
44259 3 1
4426 2 1
44261 3 1
44269 2 1
44269 3 1
44275 2 1
44277 2 1
44278 3 1
44282 2 1
44282 3 2
44283 2 1
44283 3 2
44284 3 1
44286 3 1
44289 2 1
44289 3 1
44290 2 1
44291 2 1
44300 3 1
44307 2 1
44307 3 2
44308 2 2
44308 3 1
44309 2 1
4431 3 1
44313 3 1
44315 2 1
44315 3 2
44317 3 1
44320 2 1
44320 3 1
44324 2 1
44324 3 1
44327 3 1
4433 2 1
44345 3 1
44348 2 1
44348 3 2
44349 2 1
44351 3 1
44354 3 1
44357 2 1
44357 3 1
44358 3 1
44360 2 1
44361 3 1
44363 3 1
44369 2 1
4437 2 1
44370 2 2
44370 3 1
44371 3 1
44375 2 1
44376 2 1
4438 2 2
4438 3 1
44380 2 1
44380 3 1
44381 3 2
44385 2 1
44385 3 1
44387 2 1
44388 2 1
44389 2 1
4439 2 1
44390 2 2
44390 3 1
44391 2 1
44392 3 1
44395 3 1
44397 2 1
44397 3 1
44398 2 2
44398 3 1
44399 2 1
444 2 1
4440 3 1
44401 3 1
44407 2 1
44407 3 2
44409 3 1
44412 2 1
44413 2 1
44414 3 1
44416 3 1
44417 2 1
4442 2 1
4442 3 1
44422 2 1
44423 3 1
44428 2 1
44428 3 2
44429 2 1
44429 3 2
44430 2 2
44430 3 1
44431 2 1
44434 2 1
44435 2 1
44439 3 1
44441 3 1
4445 3 1
44450 3 1
44452 2 1
44453 2 1
44454 2 1
44455 2 2
44456 2 1
44456 3 1
44464 2 1
44464 3 1
44465 3 1
44469 3 1
44475 2 1
4448 2 1
44481 2 1
44481 3 1
44482 2 1
44482 3 2
44483 2 2
44484 3 1
44487 2 1
44487 3 1
4449 2 1
44496 2 1
44497 2 1
44499 3 1
445 2 1
4450 2 2
44501 2 1
44501 3 1
44502 2 1
44502 3 2
44503 2 1
44503 3 2
44505 3 1
44507 3 1
4451 3 1
44510 2 1
44511 3 1
44513 3 1
44523 2 1
44524 3 1
44529 3 1
44532 2 1
44533 2 1
44534 2 1
44535 2 1
44537 3 1
44539 3 1
4454 2 1
44541 2 1
44541 3 1
44542 2 1
44548 3 1
4455 2 1
44551 2 1
44551 3 1
44552 2 1
44553 2 1
44554 3 2
4456 3 2
44564 3 1
44567 2 1
44568 2 1
44575 2 1
44575 3 1
44576 2 1
44577 2 1
4458 2 1
4458 3 1
44580 3 1
44581 2 1
44584 2 1
44585 3 1
44587 3 1
44589 2 1
44589 3 1
44592 2 1
44592 3 1
44593 2 1
44598 2 1
44599 2 1
44600 2 1
4461 3 1
44614 2 1
44617 2 1
44617 3 1
44618 3 1
4462 2 1
44621 2 1
44621 3 2
44622 2 1
44622 3 2
44623 2 2
44623 3 1
44624 2 1
44625 3 1
44627 2 2
44627 3 1
44628 3 1
4463 2 1
44631 3 1
44633 2 1
44638 3 1
4464 3 2
44640 2 1
44640 3 2
44643 3 1
44645 3 1
4465 3 1
44660 3 1
44663 2 1
44664 2 1
44665 3 2
44667 2 2
44667 3 1
44668 3 1
44671 3 1
44674 3 1
44675 2 1
44676 2 1
44676 3 2
44677 3 1
44679 2 1
44680 2 1
44681 3 1
44689 3 1
4469 2 1
4469 3 2
44690 3 2
44697 2 1
44698 2 1
44699 2 1
447 2 1
4470 3 1
44707 2 1
44707 3 1
44708 2 1
44708 3 2
44711 2 2
44711 3 1
44712 3 1
44714 2 1
44718 2 1
44718 3 2
44719 2 2
44719 3 1
44720 2 1
44721 3 1
4473 2 1
4473 3 1
44732 2 1
44734 2 2
44737 2 1
44738 2 1
4474 2 1
44741 2 1
44741 3 1
44747 3 1
44748 2 1
44749 3 1
4475 2 1
44751 2 1
44752 3 1
44754 2 1
44755 2 1
4476 2 2
4476 3 1
44761 3 1
44762 2 1
44763 2 1
44769 2 1
4477 3 1
44770 2 2
44770 3 1
44771 2 1
44772 2 1
44773 3 1
44775 3 1
44777 2 2
44777 3 1
44778 2 1
44778 3 1
44779 3 1
44782 2 1
4479 2 2
4479 3 1
44794 3 1
44797 2 1
44797 3 1
44798 2 1
448 3 1
4480 3 1
44807 2 1
44808 2 2
44808 3 1
44809 3 1
4481 2 1
44811 3 1
44813 3 1
44815 2 1
44816 3 1
44818 3 1
4482 2 1
44821 3 1
44824 2 1
44824 3 1
44825 2 1
44825 3 2
44826 3 2
44829 2 1
4483 3 1
44830 3 1
44832 2 1
44832 3 1
44833 2 2
44833 3 1
44834 2 1
44835 3 2
44836 3 1
44842 2 1
44842 3 1
44843 2 1
44844 2 1
44849 2 1
44849 3 1
44854 2 2
44854 3 1
44855 2 1
44856 2 1
44857 3 2
44859 3 1
4486 3 1
44861 2 1
44861 3 1
44871 3 1
44876 3 1
4488 3 1
44883 3 1
44887 2 2
44887 3 1
44888 3 1
4489 2 1
44890 2 1
44890 3 1
44891 2 1
44892 2 1
44895 3 1
44897 2 2
44897 3 1
44898 2 1
44899 3 1
44901 2 1
44901 3 2
44902 3 1
44904 3 1
44907 2 1
44908 2 2
44909 2 1
44909 3 1
44910 3 1
44912 2 1
44912 3 1
44915 3 1
44917 3 1
44918 2 1
4492 2 1
4492 3 1
44935 2 1
44935 3 1
44936 2 1
44937 2 2
44938 3 1
44942 2 1
44943 2 1
44944 3 2
44946 2 1
44946 3 1
4495 2 1
4495 3 1
44951 2 1
44952 3 1
44954 3 1
44956 2 1
44957 2 1
44958 2 2
44958 3 1
44959 2 1
4496 3 1
44960 3 1
44973 2 1
44973 3 1
44974 2 1
44975 3 1
44977 2 1
44978 3 1
44981 2 1
44985 3 1
44987 2 1
44988 2 1
44989 3 2
44991 2 2
44991 3 1
44992 2 1
44992 3 1
44993 2 1
45007 3 1
4501 2 1
4501 3 1
45015 2 1
45016 2 2
45016 3 1
45017 3 1
45019 2 1
45020 3 1
45022 3 1
45026 3 1
45027 2 1
45028 2 1
45028 3 2
45029 3 1
4503 2 1
45031 3 1
45037 2 1
45038 3 1
4504 2 1
4504 3 2
45040 3 1
45043 3 1
45045 3 1
45047 2 2
45047 3 1
45048 2 2
45048 3 1
45049 2 1
4505 3 1
45050 2 1
45052 3 1
45060 3 1
45061 2 1
45062 2 1
45063 2 1
45066 2 1
45066 3 1
4507 2 1
4507 3 1
45071 3 1
45072 2 1
45073 2 1
45074 2 1
45074 3 2
45075 2 1
45075 3 2
45076 3 1
45078 2 1
45079 2 2
45080 2 1
45080 3 1
45081 3 2
45083 3 1
45091 2 1
45092 3 1
45094 2 1
45095 2 1
45095 3 2
45096 3 1
45100 3 1
45102 2 2
45102 3 1
45103 3 1
45105 2 1
45105 3 1
45106 2 2
45107 2 1
45107 3 1
45111 2 1
45117 2 1
45117 3 1
45121 2 1
45121 3 1
45123 2 1
45127 2 1
45127 3 1
45128 2 2
45128 3 1
45129 2 1
45133 2 1
45133 3 1
45134 2 1
45134 3 2
45135 2 1
45136 2 1
45136 3 2
45137 3 2
45139 2 1
45140 2 2
45140 3 1
45141 2 1
45144 3 1
45146 2 1
45147 2 1
45153 2 1
45154 2 1
45155 3 1
45157 2 2
45157 3 1
45158 2 2
45158 3 1
45159 2 1
45159 3 1
45165 2 1
45174 2 1
45177 3 1
45179 2 2
45179 3 1
4518 2 1
45180 2 1
45184 2 1
45184 3 1
45185 2 2
45186 2 1
45186 3 1
45189 3 1
4519 2 1
45195 3 1
452 2 1
452 3 1
45205 3 1
45208 2 1
45209 2 1
45212 3 1
45214 2 1
45214 3 1
45215 2 1
45215 3 2
45218 2 1
45218 3 1
45219 3 1
4522 2 1
45222 2 1
45222 3 2
45223 2 2
45223 3 1
45224 2 1
45226 3 1
45228 3 1
45230 3 1
45237 2 1
45240 2 1
45241 2 1
45242 2 1
45245 2 1
45246 3 1
45249 2 1
45250 3 1
45254 2 1
45254 3 1
45259 2 1
45259 3 1
45260 2 2
45260 3 1
45261 2 1
45264 3 1
4527 3 1
45270 2 1
45270 3 1
45271 2 1
45272 2 1
45277 3 1
45279 2 1
45279 3 1
45280 2 1
45284 3 1
45286 2 2
45286 3 1
45287 3 1
4529 3 1
45290 3 1
45293 2 1
45294 3 1
45296 3 1
45298 2 1
45298 3 1
45299 2 2
453 2 1
45300 2 1
45300 3 1
45301 3 2
45309 2 1
45312 2 1
45312 3 1
45315 2 1
45315 3 2
45316 2 2
45316 3 1
45317 2 1
45322 2 1
45323 2 1
45324 2 1
45325 2 1
45325 3 2
45326 3 1
45328 3 1
45329 2 1
45330 3 2
45335 2 1
45335 3 1
45340 2 1
45340 3 1
45344 2 1
45344 3 1
45345 2 1
4535 2 1
45351 2 1
45352 2 1
45355 2 1
45355 3 1
45358 3 1
4536 3 1
45362 3 1
45365 2 1
45365 3 1
45366 2 2
45367 2 1
45367 3 1
45368 3 1
45370 2 1
45371 2 1
45372 2 2
45373 3 1
45375 3 1
4538 2 1
4538 3 1
45381 3 1
45383 2 1
45383 3 1
45384 2 1
45385 2 1
45386 2 2
45386 3 1
45389 2 1
45396 2 1
45396 3 1
45397 2 2
45398 3 1
454 3 1
45400 3 1
45401 2 1
45402 2 2
45402 3 1
45403 2 1
45404 3 1
45406 2 1
45406 3 1
45412 3 1
45413 2 1
45413 3 2
4542 2 1
45425 3 1
45427 2 2
45427 3 1
45428 2 1
45429 3 2
4543 2 1
45436 3 1
45437 2 1
45438 2 2
45438 3 1
45439 3 1
4544 3 2
45442 2 1
45443 3 1
45445 3 1
45446 2 1
45446 3 2
45447 2 2
45448 2 1
45448 3 1
45451 3 1
45452 2 1
45452 3 2
45453 2 1
45456 3 1
45459 2 1
45462 3 1
45465 2 1
45465 3 2
45467 3 1
45480 3 1
45481 2 1
45484 2 1
45485 3 1
45488 2 2
45488 3 1
45489 3 1
45491 2 1
45491 3 1
45492 2 1
45493 3 2
45497 2 1
4550 2 1
4550 3 1
45507 2 2
45508 3 1
45510 3 1
45516 2 1
45516 3 2
45517 2 1
45519 2 2
45519 3 1
45520 2 1
45521 3 1
45523 2 1
45523 3 1
45527 2 1
45527 3 1
45528 2 1
45529 2 2
4553 3 1
45530 3 1
45533 2 1
45533 3 1
45539 2 1
45539 3 1
4554 2 1
45540 3 2
45543 3 1
45545 2 1
45547 2 2
45548 2 1
45548 3 1
4555 3 2
45553 2 1
45554 2 2
45555 2 1
45555 3 1
45556 2 2
45556 3 2
45557 3 1
45568 3 1
45572 2 1
45573 2 1
4558 2 1
45581 2 1
45581 3 1
45584 2 1
45584 3 1
45585 2 1
4559 2 1
45595 2 1
45595 3 1
45598 3 1
4560 3 1
45600 2 1
45600 3 1
45601 2 1
45601 3 2
45602 2 1
45603 2 1
45604 2 2
45604 3 1
45605 3 1
45608 2 1
45608 3 1
45609 2 1
45610 3 2
45614 3 1
45619 2 1
45619 3 1
45621 3 1
45627 2 1
4563 3 1
45632 3 1
45634 2 1
45634 3 1
45637 2 2
45637 3 1
45638 2 1
45639 3 1
4564 2 1
45643 2 1
45643 3 2
45644 2 2
45644 3 1
45645 2 1
45649 3 1
4565 3 1
45651 3 1
45653 3 1
45656 2 1
45658 3 1
45664 2 1
45664 3 1
45668 2 1
45669 2 2
45669 3 1
4567 2 1
45670 3 1
45672 3 1
45674 2 1
45675 2 1
4568 2 2
4568 3 1
45682 2 1
45683 3 1
45688 2 1
45688 3 1
45689 3 2
4569 3 1
45693 2 1
45694 2 1
45695 2 2
45696 2 1
45696 3 1
45697 3 2
45699 2 1
45699 3 1
45700 3 1
45704 2 1
45704 3 1
45705 2 1
45708 2 2
45708 3 1
45709 3 1
45713 2 1
45713 3 2
45714 2 2
45714 3 1
45715 2 1
45716 3 1
45718 3 1
45721 2 1
45722 3 1
45726 2 1
45726 3 2
45727 2 1
45727 3 2
45728 3 1
4573 2 1
45730 3 1
45731 2 1
45731 3 2
45732 2 2
45733 2 1
45733 3 1
45734 2 1
45734 3 2
45735 3 1
45737 2 1
4574 2 1
45743 2 1
45748 2 1
45749 2 1
4575 2 2
4575 3 1
45755 2 1
45756 3 1
45758 2 2
45758 3 1
45759 2 1
4576 2 2
4576 3 1
45763 2 1
45763 3 1
45764 2 1
45764 3 2
45765 2 1
45767 3 1
4577 3 1
45777 2 1
45780 3 1
45783 2 1
45783 3 1
45784 2 1
45785 2 1
45786 3 1
45789 3 1
45791 3 1
45793 3 1
45795 2 1
45795 3 1
45796 2 1
45800 2 1
45802 2 1
45805 2 1
45805 3 1
45806 3 2
45807 3 1
45809 2 1
45809 3 2
4581 2 1
4581 3 1
45810 2 1
45811 3 1
45813 3 1
45816 3 1
45817 2 1
45818 3 2
4582 2 1
45820 2 1
45820 3 1
45825 2 1
45826 2 1
45827 2 2
45828 2 1
45828 3 1
4583 2 2
4583 3 1
45839 2 1
4584 2 1
45842 3 1
45851 3 1
45853 2 1
45853 3 1
45858 2 1
45858 3 1
4586 3 1
45864 2 1
45868 2 1
45868 3 2
45869 2 2
45869 3 1
45870 2 1
45871 3 1
45874 2 1
45874 3 2
45875 2 2
45876 2 1
45876 3 1
45880 2 1
45880 3 1
45883 2 1
45884 2 2
45885 2 1
45885 3 1
45891 2 1
45892 2 1
45893 3 1
45895 3 1
45897 3 1
45902 3 1
45904 3 1
45906 2 1
45906 3 1
4591 2 1
45910 2 1
45911 2 1
45912 2 1
45913 2 1
45919 3 1
4592 3 1
45929 2 1
45931 3 1
45936 3 1
45939 2 2
45939 3 1
45940 3 1
45942 2 1
45943 3 1
45947 2 1
45947 3 1
45948 2 1
45948 3 2
4595 2 1
4595 3 1
45950 3 1
45954 2 1
45955 3 1
45958 2 1
45959 2 1
4596 2 2
45961 3 1
45963 3 1
45966 2 1
45967 2 1
45968 2 1
45969 2 2
4597 3 1
45973 2 1
45978 2 1
45981 2 1
45981 3 1
45982 2 1
45983 2 1
45986 3 1
45988 3 1
4599 3 1
45992 3 1
45995 2 1
45995 3 1
45996 2 1
45997 2 1
45998 3 2
460 2 1
460 3 1
46000 2 1
46001 3 1
46003 2 2
46003 3 1
46004 2 1
46004 3 1
4601 3 1
46010 3 1
46011 3 2
46012 3 1
4603 2 1
46030 3 1
46031 2 1
46032 2 2
46032 3 1
46033 2 1
46034 3 1
46037 2 1
46037 3 2
46038 3 1
4604 3 1
46040 3 1
46050 2 1
46056 2 1
46057 3 1
46059 2 1
46065 3 1
46076 2 1
46077 2 2
46078 2 1
46078 3 1
46079 3 1
46082 2 1
46086 3 1
46088 2 1
46088 3 1
46089 2 1
461 2 1
46112 2 2
46112 3 1
46113 2 1
46113 3 1
46114 2 1
46121 2 1
46126 2 1
46126 3 1
46128 2 2
4613 2 1
46134 3 1
46137 2 1
46137 3 1
46138 2 1
4614 2 1
46141 2 2
46141 3 1
46142 2 1
46142 3 1
46143 2 1
46144 3 1
46148 2 1
46149 2 1
4615 2 1
46150 2 2
46151 3 1
46153 3 1
46159 2 1
4616 3 1
46160 3 1
46163 2 2
46163 3 1
46164 2 1
46164 3 1
46167 3 1
46172 2 1
46172 3 2
46173 2 1
46174 2 2
46175 2 1
46175 3 1
46185 2 1
46185 3 1
46187 3 1
46193 2 1
46193 3 2
46194 3 1
46197 2 1
46197 3 1
46198 3 2
46199 3 1
46201 2 1
46202 2 1
46203 2 1
46205 2 2
46205 3 1
46206 3 1
46209 2 1
46209 3 2
46213 2 1
46213 3 2
46214 2 1
46214 3 2
46215 2 1
46215 3 2
46216 2 2
46216 3 1
46217 2 1
46218 3 1
46220 2 1
46220 3 2
46221 2 1
46222 2 2
46222 3 1
46224 2 2
46225 2 1
46226 2 1
46226 3 2
46227 3 1
46231 3 1
46233 2 1
46234 3 1
46243 3 1
46246 2 1
46246 3 1
46247 3 1
4625 2 1
46250 2 1
46250 3 1
46268 2 1
46268 3 1
46269 3 1
46271 3 1
46273 2 2
46273 3 1
46274 3 1
46290 2 1
46291 3 1
46295 2 1
46295 3 1
46298 2 1
4630 3 1
46302 3 1
46304 2 1
46305 2 1
46310 2 1
46315 2 1
46316 2 1
46317 3 1
46321 3 1
46323 2 1
46324 3 1
46327 2 1
46328 3 1
46333 2 1
46334 2 2
46334 3 1
46335 2 1
46336 2 1
46337 2 1
46338 2 1
46339 3 1
4634 3 1
46341 3 1
46342 2 1
46343 3 1
46348 2 2
46348 3 1
46349 2 1
46352 3 1
46354 2 1
46354 3 1
46355 2 1
46358 3 1
4636 2 1
46362 3 1
46363 2 1
46364 2 1
46365 2 1
46369 3 1
46379 3 1
46382 2 1
46389 2 1
46390 3 1
46392 3 1
46393 2 1
46394 2 1
46395 2 2
46395 3 1
46398 2 1
46403 2 1
46404 2 2
46405 2 1
46405 3 1
46406 2 1
46406 3 2
46407 3 2
4641 2 1
4641 3 1
46411 2 2
46411 3 1
46412 3 1
46414 2 1
46418 3 1
4642 2 1
4642 3 2
46421 3 1
46423 2 1
46424 2 1
46430 2 1
46430 3 2
46431 2 1
46431 3 2
46432 2 2
46432 3 1
46433 2 1
46437 2 1
46438 3 1
46441 2 1
46441 3 1
46442 3 1
46445 3 1
46448 2 1
46448 3 1
46449 3 2
4645 2 1
4645 3 1
46450 2 1
46451 2 1
46452 2 1
46453 2 1
46457 2 1
46457 3 2
46458 2 1
4646 2 1
46462 2 1
46463 2 1
46468 2 1
4647 3 1
46475 2 1
46475 3 2
46476 2 2
46477 2 1
46477 3 1
46478 2 1
46479 3 1
46482 2 1
46482 3 1
46483 2 1
46484 2 1
46485 2 1
46486 3 2
46489 2 1
46490 3 1
46492 2 1
46492 3 2
46494 3 1
46496 2 1
46496 3 1
46497 2 2
46498 2 1
46498 3 1
46499 2 1
46499 3 2
465 2 1
4650 2 1
46500 2 1
46500 3 2
46501 3 2
46505 2 1
46506 3 1
46508 2 1
46508 3 1
46509 2 1
4651 2 1
46512 2 1
46516 2 2
46516 3 1
46517 2 1
46522 2 1
46522 3 1
46523 3 1
46526 3 1
46528 2 1
46529 3 1
46531 2 1
46531 3 1
46532 3 2
46533 3 2
46535 2 1
46536 3 1
46538 2 2
46538 3 1
46539 3 1
46541 3 1
46543 2 2
46543 3 1
46544 2 1
46545 2 1
46546 3 1
46565 3 1
46572 2 1
46573 3 1
46576 3 1
46578 3 1
46584 3 1
46587 3 1
46589 2 1
46589 3 1
46594 2 1
46595 2 1
46596 3 1
46598 2 1
466 3 1
46609 3 1
46611 3 1
46613 3 1
46615 3 1
46616 2 1
46620 3 1
46621 2 1
46622 2 2
46623 2 1
46623 3 1
46624 3 2
46628 2 1
46631 2 1
46638 2 1
46639 2 2
46640 2 1
46640 3 1
46641 2 1
46642 2 1
46649 2 1
46649 3 2
46650 2 1
46650 3 2
46651 3 1
46655 3 1
46656 3 2
46662 3 1
46665 2 1
46667 3 1
4667 2 1
46672 3 2
46673 3 1
46675 2 1
46676 2 1
46677 2 1
46678 2 1
46679 3 1
46681 2 1
46685 3 1
46687 2 1
46690 2 1
46690 3 1
46691 3 2
46695 3 1
46697 3 1
46699 2 1
46700 2 1
46701 2 1
46702 3 2
46708 3 1
46711 2 2
46711 3 1
46712 2 1
46712 3 2
46713 2 1
46713 3 2
46714 2 1
46714 3 2
46715 3 2
46718 2 1
46719 3 1
46726 2 1
46727 3 1
4673 2 1
46730 3 1
46732 3 1
4674 3 1
46742 2 1
46742 3 1
46743 2 1
46744 2 1
46745 3 1
46747 3 1
46750 2 1
46751 2 1
46756 2 1
46756 3 1
46757 2 1
46757 3 2
46761 2 1
46762 3 1
46764 2 1
46768 2 1
46768 3 2
46769 2 1
4677 3 1
46770 2 1
46771 2 1
46772 3 1
46784 2 1
46784 3 1
46785 2 1
46786 3 2
46788 3 1
4679 3 1
46790 2 1
46791 2 1
46792 2 2
46793 3 1
46796 2 1
46801 2 1
46802 2 1
46802 3 2
46803 3 1
46806 2 1
46808 2 2
46816 3 1
4683 2 1
46833 2 1
46833 3 1
46843 2 1
46844 3 1
46846 3 1
46848 2 1
46848 3 2
46849 2 1
4685 2 1
46850 2 1
46854 3 1
46857 2 1
46858 2 2
46858 3 1
46862 2 1
46863 3 1
46866 2 1
46866 3 2
46867 3 1
46872 3 1
46874 2 1
46875 3 1
46879 2 1
4688 3 1
46883 2 2
46883 3 1
46884 2 1
46884 3 1
46887 3 1
46888 2 1
46893 2 1
46893 3 2
46894 2 1
46895 3 1
46899 3 1
469 2 1
469 3 1
46901 3 1
46903 2 1
46903 3 1
46904 2 1
46904 3 2
46905 2 1
46905 3 2
4691 3 1
46910 3 1
46914 3 1
46916 3 1
46918 2 1
46919 2 1
46920 2 1
46925 2 1
46926 3 1
46928 3 1
46932 2 1
46933 3 1
46937 2 1
46937 3 2
46938 2 1
4694 3 1
46940 3 1
46942 2 1
46942 3 1
46949 2 1
46950 3 1
46953 2 1
46953 3 1
46954 2 2
46954 3 1
46955 2 1
46957 3 1
46964 2 1
46967 2 1
46969 3 1
46972 2 1
46972 3 1
46973 3 1
46978 3 1
46981 2 1
46982 2 1
46983 2 1
46984 2 1
46985 2 1
46986 3 1
46989 3 1
4699 3 1
46993 2 1
46993 3 1
470 2 1
47002 2 1
47003 3 1
47007 3 1
47008 2 1
47009 2 1
4701 2 1
47010 3 1
47012 3 1
4702 3 1
47024 2 1
47024 3 1
47025 2 2
47025 3 1
47026 2 1
47027 3 1
47031 2 2
47032 2 1
47033 3 1
47035 3 1
47036 2 1
47037 2 1
47038 3 1
4704 3 1
47042 2 1
47043 2 2
47043 3 1
47053 2 1
47056 2 1
47056 3 1
47057 2 2
47057 3 1
47058 3 1
47063 2 1
47063 3 2
47064 3 1
47067 3 1
47069 3 1
47072 2 1
47072 3 1
47081 3 1
47083 2 1
47084 3 1
47086 2 1
471 2 1
4710 2 1
47101 2 1
47102 2 1
47103 2 2
47114 2 1
47114 3 2
47115 2 1
47116 2 2
47117 2 1
47117 3 1
47118 3 1
47122 2 1
47123 2 2
47123 3 1
47124 2 1
47125 3 1
47128 2 1
47128 3 2
47135 2 1
47135 3 1
47136 2 1
47137 3 2
47142 3 1
47145 3 1
4715 3 1
47153 2 1
47154 3 2
47156 2 1
47156 3 1
47160 2 2
47161 2 1
47161 3 1
47162 2 1
47163 3 1
47165 3 1
47169 3 1
47171 3 1
47173 2 1
47174 2 1
47174 3 2
47175 3 1
47178 2 2
47179 2 1
47179 3 1
47184 3 1
47186 2 1
47188 3 1
47196 3 1
47198 2 1
47198 3 2
472 2 1
47200 3 1
47203 2 1
47204 2 1
47205 2 1
47205 3 2
47206 2 1
47206 3 2
47207 3 1
4721 2 1
47210 3 1
47212 3 1
47217 2 1
47217 3 1
47218 3 1
4722 2 1
47221 2 1
47222 2 1
47223 2 2
47224 3 1
47227 3 1
4724 3 1
47241 2 1
47242 2 2
47247 2 1
47256 3 1
47259 2 1
4726 2 1
4726 3 1
47260 2 1
4727 2 1
4727 3 2
47270 2 1
47271 3 1
47273 3 1
47276 2 1
47276 3 1
4728 2 2
47285 3 1
47287 2 1
47288 2 1
4729 3 1
47290 2 1
47291 3 1
47293 2 1
47293 3 1
47294 2 2
47295 3 1
47297 3 1
473 2 1
473 3 2
4730 2 1
47303 2 1
47304 2 1
47305 3 2
47308 2 1
47309 2 1
47309 3 2
47310 2 1
47310 3 2
47311 3 1
47313 2 1
47313 3 2
47325 2 1
47325 3 1
47326 2 2
47327 2 2
47327 3 1
47328 3 1
47330 2 1
47330 3 1
47331 2 1
47337 3 1
47339 2 1
4734 2 1
4734 3 1
47340 2 1
47344 2 1
47344 3 1
47345 2 1
47346 2 1
4735 2 2
47351 2 1
4736 2 1
4736 3 1
47367 3 2
47368 3 1
4737 2 1
47378 2 1
47378 3 1
4738 2 1
47380 3 1
47383 2 1
47383 3 1
47384 3 1
47387 2 2
47387 3 1
47388 2 1
47389 2 1
4739 2 1
47390 2 1
47397 2 1
47398 3 1
474 2 1
474 3 2
47403 2 2
47404 2 1
47404 3 1
47407 2 1
47407 3 1
47408 2 1
47410 3 1
47412 3 1
47415 3 1
47417 2 1
47417 3 1
47418 2 1
47418 3 2
47419 2 1
47419 3 2
4742 2 1
4742 3 1
47421 3 1
47424 2 1
47424 3 1
47425 2 1
47425 3 2
47429 3 1
47430 2 1
47433 3 1
47435 2 1
47435 3 2
47436 3 1
47439 3 1
47441 3 1
47444 2 1
47444 3 1
47447 3 1
47448 2 1
47449 3 2
47451 2 1
47451 3 1
47452 2 1
47453 2 1
47459 2 1
4746 2 2
4746 3 1
47460 3 1
47463 2 1
47463 3 1
47464 2 1
47464 3 2
47465 2 1
47465 3 2
47466 2 2
47467 2 1
47467 3 1
47468 3 1
4747 3 1
47470 3 1
47475 2 1
47475 3 1
47476 2 1
47480 2 1
47483 2 1
47484 3 1
47487 2 2
47487 3 1
47488 2 1
4749 2 1
47491 3 1
47494 2 1
47495 2 1
47497 2 2
47498 2 1
47498 3 1
47499 2 1
475 3 1
47508 2 1
47508 3 1
47511 3 1
47521 2 1
47521 3 1
47522 3 1
47524 2 1
47524 3 1
47525 2 1
4753 3 1
47531 3 1
47533 3 1
47548 2 1
47548 3 1
47552 2 1
47553 3 1
47555 2 1
47557 3 1
47565 2 1
47566 2 2
47566 3 1
47567 3 1
47571 2 1
47572 3 1
47575 2 1
47575 3 1
47576 3 1
47579 2 1
47579 3 1
47580 2 1
47580 3 2
47581 2 2
47582 2 1
47582 3 1
47583 3 1
47593 3 1
47595 3 1
47597 2 2
47597 3 1
47598 3 1
47600 3 1
47602 3 1
47604 2 1
47605 3 1
47607 3 1
47614 3 1
47618 3 1
47619 2 1
4762 3 1
47620 3 1
47622 3 1
47623 3 2
47624 2 1
47628 3 2
47629 3 1
47637 2 1
47637 3 1
47641 2 1
47641 3 1
47642 2 1
47643 2 1
47645 2 1
4765 2 2
4765 3 1
47650 2 1
47651 3 1
47653 2 2
47653 3 1
47654 2 1
47655 3 1
47657 3 1
4766 2 1
47664 3 1
47668 3 1
4767 2 1
4767 3 2
47673 2 1
47677 3 1
4768 2 1
4768 3 2
47682 2 2
47683 2 1
47683 3 1
47684 2 1
47687 2 1
47688 2 1
47688 3 2
47689 3 1
4769 3 1
47691 2 1
47691 3 2
47692 2 1
47692 3 2
47693 2 2
47693 3 1
47694 2 1
47695 3 1
47698 2 1
47698 3 1
47699 3 2
477 2 1
477 3 1
47703 2 1
47708 2 1
47708 3 1
47709 2 2
4771 3 1
47710 2 1
47710 3 1
47711 3 2
47713 2 1
47713 3 1
47716 2 1
47716 3 1
47719 2 1
47719 3 1
47720 2 1
47720 3 2
47727 2 1
47727 3 1
47728 3 2
47733 2 1
47734 2 1
47735 3 1
47737 2 2
47737 3 1
47738 2 1
47738 3 2
4774 2 1
4774 3 1
47743 2 1
47743 3 1
4775 2 2
47753 2 2
47754 2 1
47755 3 1
47757 3 1
47759 3 1
4776 2 1
4776 3 1
47760 2 1
47760 3 2
47766 3 1
47767 2 1
47774 2 1
47775 3 1
47778 3 1
47781 2 1
47782 2 1
47787 2 1
47788 3 1
47791 2 2
47791 3 1
47792 2 1
47799 2 1
47799 3 1
478 2 1
4780 2 1
4780 3 1
47803 2 1
47804 2 1
47806 3 1
47809 3 1
4781 2 1
4781 3 2
47816 2 1
47817 2 1
47818 2 2
47819 3 1
4782 3 2
47827 2 1
47828 2 1
47829 2 1
47833 2 1
47833 3 2
47834 3 1
47836 2 1
47836 3 2
47837 2 2
47838 2 1
47838 3 1
47840 3 1
47844 2 1
47845 2 2
47846 3 1
47849 2 1
4785 2 1
47850 3 1
47852 2 2
47852 3 1
47853 3 1
47855 2 1
47855 3 1
47859 3 1
4786 2 1
47861 3 1
47862 2 1
47863 3 2
47865 3 1
47867 2 1
47868 2 2
47869 2 1
47869 3 1
47872 3 1
47875 2 1
47875 3 2
47876 2 2
47876 3 1
47877 2 1
47878 2 1
47878 3 2
47879 3 1
4788 3 1
47883 2 1
47886 2 1
47886 3 1
47887 2 1
47887 3 2
47890 2 1
47890 3 2
47891 2 2
47891 3 1
47892 2 1
47893 3 1
47896 3 1
47898 2 1
47898 3 1
479 2 1
479 3 2
47906 2 1
47909 2 1
47909 3 1
47922 2 1
47925 3 1
47927 2 1
47928 3 1
47934 3 1
47937 2 1
47937 3 1
47942 3 1
47945 2 1
47945 3 1
47946 2 1
47949 2 1
47949 3 1
47952 2 1
47958 2 1
47958 3 1
47959 2 2
47960 2 1
47960 3 1
47961 2 1
47962 2 1
47963 3 2
47965 3 1
4797 3 1
47970 2 1
47971 3 1
47974 3 1
47981 2 1
47982 2 1
47985 2 1
47985 3 1
47986 3 2
47989 2 1
4799 3 1
47990 3 1
47997 2 1
480 3 1
48000 2 1
48001 3 1
48005 3 1
48007 2 1
48010 2 1
48011 3 1
48015 3 1
48017 2 1
48017 3 1
48018 3 1
4802 3 1
48020 2 1
48020 3 1
48025 3 1
48027 2 1
48027 3 2
48028 2 2
48028 3 1
48029 2 1
48030 3 1
48035 2 1
48035 3 1
48036 3 2
48039 2 1
48039 3 1
4804 3 1
48045 2 1
48046 3 1
48048 2 1
48048 3 2
48049 2 1
48050 3 1
48053 3 1
48058 3 1
48061 3 1
48063 3 1
48064 2 1
48065 3 1
48068 2 1
48068 3 1
48069 2 2
4807 2 1
48070 3 1
48071 2 1
48072 3 1
48076 2 1
48077 3 1
48079 2 1
48084 3 1
48089 3 1
48091 3 1
48093 2 1
48094 2 1
48095 3 1
48103 2 1
48103 3 1
48104 2 2
48105 2 1
48105 3 1
48106 3 1
48108 3 1
48110 2 2
48110 3 1
48111 2 1
48111 3 1
48114 3 1
48116 2 1
48117 3 1
48120 3 1
48122 2 2
48122 3 1
48123 2 1
48127 3 1
48128 2 1
48129 2 2
48130 2 1
48130 3 1
48131 3 2
48133 2 1
48133 3 1
48134 2 2
48134 3 1
48135 3 1
48139 3 1
4814 2 1
4814 3 1
48141 2 1
48141 3 1
48144 2 1
48144 3 1
48145 2 1
48146 3 2
48148 2 1
48148 3 1
48149 2 2
4815 2 1
4815 3 2
48150 2 1
48150 3 1
48156 2 1
48157 3 1
48159 2 1
48159 3 1
48160 2 1
48163 2 1
48164 3 1
4817 2 1
48170 2 1
48170 3 1
48173 3 1
48175 3 1
4818 2 1
48181 2 1
48182 3 1
48186 3 1
48188 2 1
48189 3 1
48195 2 1
48196 3 1
48198 2 1
48199 2 1
48203 2 1
48203 3 1
48207 3 1
48209 2 1
48209 3 1
48211 2 1
48214 2 1
48214 3 1
48218 2 1
48218 3 1
48219 3 2
48225 2 1
48225 3 1
48227 2 1
4823 3 1
48230 3 1
48233 2 1
48233 3 1
48234 2 1
48237 2 1
48237 3 1
48238 3 2
48244 2 1
48249 2 1
4825 2 1
4825 3 1
48251 3 1
48255 2 1
48255 3 2
48256 2 1
48256 3 2
48257 2 1
48257 3 2
48258 3 1
4826 2 1
48260 2 1
48261 2 1
48262 2 1
48262 3 2
48263 2 1
48263 3 2
48264 2 1
48264 3 2
48265 3 1
4827 3 1
48271 2 1
48272 2 1
48273 2 1
48274 2 2
48274 3 1
48275 2 1
48276 3 1
48281 2 1
48281 3 2
48282 2 1
48284 2 2
48284 3 1
48285 3 1
48287 2 2
48287 3 1
48300 2 1
48301 2 1
48301 3 2
48302 2 1
48302 3 2
48303 3 1
48306 2 1
48307 2 1
48308 2 2
48308 3 1
48309 3 1
4831 2 1
48316 2 1
48317 2 1
48318 3 1
4832 2 1
48320 2 1
48321 2 1
48322 2 2
48322 3 1
48323 2 1
48326 2 1
48327 2 1
4833 3 2
48331 2 1
48340 3 1
48342 2 1
48343 2 1
48343 3 2
48344 2 1
48344 3 2
48345 3 1
48347 3 1
4835 2 1
48351 3 1
48353 2 1
48354 2 2
48355 2 1
48355 3 1
48356 3 1
48358 2 1
48358 3 1
48359 3 2
4836 3 1
48361 2 1
48362 3 2
48363 3 1
48366 2 1
48367 2 1
48368 2 1
48369 2 1
48371 3 1
48373 3 1
48375 2 2
48375 3 1
48376 3 1
48378 2 1
48378 3 2
48379 2 2
48379 3 1
4838 2 1
48380 2 1
48381 3 2
48384 3 1
48387 2 1
48388 2 1
4839 2 2
48390 2 2
48391 2 1
48391 3 1
48394 3 1
48395 2 1
48396 2 2
48396 3 1
48397 3 1
484 2 1
484 3 1
4840 2 1
4840 3 1
48402 2 1
48403 2 2
48404 2 2
48404 3 1
48405 3 1
48413 2 1
48413 3 1
48414 3 2
48416 2 1
48416 3 1
48417 2 1
48417 3 2
48423 2 1
48424 3 1
48427 3 1
48429 3 1
4843 3 1
48435 2 1
48438 3 1
48442 2 1
48445 3 1
48447 2 1
48447 3 1
48448 2 1
4845 2 1
48456 2 1
48459 2 1
48459 3 2
4846 2 2
48460 2 1
48462 2 1
48463 3 1
48466 3 1
48483 2 1
48483 3 1
48488 2 1
48488 3 2
48489 2 1
4849 2 1
48490 3 1
48493 2 1
48493 3 1
485 3 1
4850 2 1
48500 2 1
48502 2 1
48507 2 1
48508 2 1
48511 2 1
48512 3 1
48515 3 1
48517 3 1
48521 3 1
48523 2 1
48523 3 1
48524 2 1
48525 2 1
48526 2 1
48527 2 1
4853 3 1
48532 2 1
48532 3 1
48533 2 1
48534 2 1
48544 3 1
48546 3 1
48548 3 1
48549 2 1
48550 2 1
48550 3 2
48551 3 1
48554 2 1
48554 3 2
4856 3 1
48568 2 1
48569 3 1
48571 2 1
48571 3 1
48572 2 1
48572 3 2
48578 2 1
48578 3 2
48579 2 2
48580 2 1
48580 3 1
48588 3 1
48592 3 1
48594 3 1
48604 2 1
48608 3 1
48610 3 1
48613 2 1
48613 3 1
48614 2 1
48617 2 1
48618 2 1
48619 2 1
4862 3 1
48620 2 2
48620 3 1
48621 2 1
48622 3 2
48623 3 1
48625 2 2
48625 3 1
48626 3 1
48628 2 1
48629 2 1
48630 3 1
48632 2 1
48632 3 1
48633 2 2
48634 2 1
48634 3 1
48636 3 1
4864 2 1
4864 3 1
48642 2 1
48645 2 2
48645 3 1
48646 2 1
48647 2 1
48651 2 1
48651 3 1
48652 2 1
48653 2 2
48653 3 1
48654 2 1
48655 3 1
48659 3 1
48660 2 1
48663 2 1
48663 3 1
48666 2 2
48666 3 1
48667 3 1
48669 2 1
48669 3 1
48672 3 1
48674 2 1
48678 2 1
48678 3 1
4868 3 1
48681 3 1
48683 2 1
48684 2 1
48685 2 2
48685 3 1
48686 2 1
48687 3 1
48689 2 1
48689 3 1
48697 3 1
48699 3 1
487 2 1
487 3 1
48702 2 1
48702 3 1
48703 2 1
48705 3 1
48708 3 1
4871 2 1
48715 2 1
48719 3 1
4872 3 1
48720 3 2
48722 3 1
48724 2 1
48725 3 1
48728 2 1
48729 3 1
48733 2 1
4874 2 2
4874 3 1
48744 3 1
4875 2 1
4875 3 1
48751 2 1
48751 3 1
48755 2 1
48755 3 1
48756 2 1
48757 2 1
48757 3 2
48758 3 1
48767 2 1
48768 2 1
48768 3 2
48769 3 1
48782 2 1
48783 2 1
48784 2 2
48784 3 1
48785 3 1
48787 2 1
48789 2 1
48791 2 2
48792 2 1
48792 3 1
48799 2 1
48799 3 1
488 2 1
48800 2 1
48800 3 2
48801 2 1
48801 3 2
48808 3 1
48809 2 1
4881 2 1
48810 3 1
48814 2 1
48817 2 1
48820 2 1
48820 3 1
48821 2 2
48822 2 1
48822 3 1
48823 2 1
48824 3 1
48826 2 1
48826 3 1
4883 3 1
48835 3 1
48837 3 1
48839 2 1
48839 3 2
48840 2 2
48840 3 1
48841 2 1
48842 3 1
48845 3 1
48846 2 1
48847 2 1
48848 3 1
48853 2 1
48854 2 1
48855 3 1
48858 2 1
48859 3 1
4886 2 1
48861 2 1
48861 3 1
48864 2 2
48864 3 1
48865 3 1
48866 2 1
48867 2 1
48868 3 1
4887 3 1
48871 2 1
48871 3 1
48878 3 1
48880 2 1
48880 3 2
48881 3 1
48883 3 1
48890 3 1
48892 2 1
48892 3 1
48895 2 2
48895 3 1
48896 2 1
48897 3 1
489 2 1
4890 2 1
4890 3 1
48900 3 1
48902 3 1
48904 3 1
48906 2 1
48907 3 1
48909 2 1
48909 3 1
48910 2 1
48912 3 1
48914 2 1
48914 3 1
48918 3 1
48919 2 1
4892 3 2
48920 2 2
48920 3 1
48921 3 1
48923 3 1
48925 2 1
48926 2 1
4893 2 1
4893 3 2
48933 3 1
48936 2 1
48937 2 2
48938 2 1
48938 3 1
48939 3 2
4894 3 1
48942 3 1
48950 2 1
48955 3 1
48957 3 1
48964 2 1
48965 3 1
48967 3 1
48969 2 1
4897 3 1
48970 3 1
48972 3 1
48975 2 1
48976 2 1
48977 2 1
48978 2 2
48979 2 1
48979 3 1
4898 2 1
48986 3 1
48987 2 1
48988 2 2
48988 3 1
48989 2 1
48990 3 1
48992 3 1
48994 3 1
490 2 1
490 3 2
49014 3 1
49023 2 1
49027 2 1
49027 3 1
49028 2 2
49029 2 1
49029 3 1
4903 2 1
4903 3 1
49030 3 2
49038 2 1
49038 3 1
49043 2 1
49044 2 1
49045 2 1
49047 2 1
49048 3 1
49054 2 1
49060 3 1
49061 2 1
49069 2 1
4907 3 1
49070 2 1
49071 3 1
49075 2 1
49075 3 1
49076 2 1
49076 3 2
49077 2 1
49077 3 2
49078 3 2
49081 2 1
49082 3 1
49085 3 1
49090 3 1
49092 3 1
49094 2 1
491 3 1
49104 2 1
49107 2 1
49108 2 1
49109 2 1
4911 2 1
49112 2 1
49118 2 1
4912 3 1
49123 3 1
49125 2 1
49126 2 1
49127 3 1
49129 2 1
49130 2 1
49131 3 2
49134 2 1
49135 3 2
49138 3 1
49144 3 1
49146 2 1
49146 3 1
49147 2 1
49148 2 2
49149 2 1
49149 3 1
4915 3 1
49150 2 1
49153 2 1
49154 2 1
49157 2 1
49158 3 1
49160 2 1
49164 2 1
49164 3 1
49167 3 1
4917 2 1
49170 2 1
49174 3 1
49177 2 1
4918 2 1
49186 2 1
49186 3 1
49190 2 1
49190 3 2
49193 2 1
49194 3 1
49197 3 1
49198 3 2
49199 2 1
4920 3 1
49200 3 1
49204 2 1
49205 3 1
49208 2 1
49208 3 2
49209 2 1
49210 3 1
49212 2 1
49213 3 1
49215 2 1
49215 3 1
49216 3 1
49218 3 1
49220 3 1
49225 2 1
49225 3 2
49226 2 2
49226 3 1
49227 2 1
49228 2 1
49232 3 1
49235 3 1
49237 3 1
49240 2 1
49243 2 1
49244 3 1
4925 2 1
49250 2 1
49251 2 1
49252 3 1
49255 2 1
49255 3 1
49258 3 1
4926 3 1
49260 3 1
49262 2 1
49265 3 1
49270 2 1
49272 2 1
49273 3 1
4928 2 1
4928 3 1
4929 2 1
49290 2 1
49292 3 1
49294 3 1
49296 2 1
49299 2 1
4930 2 1
4930 3 2
49300 2 1
49304 3 1
49308 3 1
4931 2 1
4931 3 2
49313 3 1
49319 2 1
4932 3 1
49320 2 1
49321 3 1
49327 2 1
49327 3 1
49333 2 1
49333 3 1
49334 3 1
4934 3 1
49341 2 1
49342 2 1
49342 3 2
49343 3 1
49345 2 1
49345 3 2
49346 2 1
49347 2 1
49348 2 1
4935 2 1
49351 2 2
49352 2 1
49353 3 1
49355 2 1
49355 3 2
49357 2 1
49358 2 1
4936 3 1
49362 3 1
49365 3 1
49366 2 1
49373 3 1
49383 3 1
49385 3 1
49392 2 1
49397 2 1
49397 3 2
49398 3 1
494 2 1
494 3 1
49401 2 1
49401 3 1
49402 2 1
49403 3 1
49405 2 1
49405 3 1
49407 2 1
49414 3 1
49416 3 1
49419 3 1
49425 3 1
49434 3 1
49437 2 1
49438 2 1
49439 3 1
4944 2 1
4945 2 1
49452 3 1
49454 2 1
49455 2 1
49456 2 2
49457 3 1
49459 2 1
49460 3 1
49465 2 1
49466 2 2
49466 3 1
49467 2 1
49468 3 1
49472 2 1
49475 2 2
49476 2 1
49476 3 1
49477 2 1
49478 3 1
49480 3 1
49483 3 1
49485 2 2
49485 3 1
49486 2 1
4949 2 1
49490 2 1
49491 3 1
49494 2 1
49494 3 1
49495 2 1
495 3 1
4950 3 1
49502 3 1
49505 2 1
49506 2 2
49506 3 1
49507 3 1
49515 2 1
49516 2 1
49517 3 1
49522 3 1
49525 3 1
49527 2 1
49527 3 1
49528 3 2
49530 3 1
49533 2 1
49540 3 1
49541 2 1
49542 2 2
49543 3 1
49548 2 1
49548 3 1
49549 2 1
49550 2 1
49552 3 2
49553 3 1
49555 3 1
49559 3 1
49562 2 1
49562 3 2
49563 2 2
49563 3 1
49564 2 1
49566 3 1
49574 2 2
49574 3 1
49575 3 1
49576 2 1
4958 3 1
49581 3 1
49582 2 1
49585 2 1
49585 3 1
49587 3 1
49591 2 2
49591 3 1
49592 2 1
49592 3 1
49593 2 1
49594 2 1
49594 3 2
49595 3 1
49600 2 1
49601 2 1
49602 2 2
49602 3 1
49603 2 2
49603 3 1
49604 3 1
49607 2 1
49607 3 1
49608 3 1
49612 2 1
49612 3 1
49613 2 2
49614 2 1
49614 3 1
49615 3 1
49623 2 1
49624 2 1
49624 3 2
49625 3 1
49629 3 1
4963 2 1
49630 2 1
49631 2 1
49635 3 1
49637 3 1
49643 3 1
49646 2 1
49646 3 1
49656 2 1
49657 2 1
49666 2 1
49666 3 1
49667 2 1
4967 3 1
49670 2 1
49670 3 1
49675 2 2
4968 2 1
49684 3 1
49686 3 1
49689 2 1
49689 3 2
49690 2 1
49691 2 1
49692 3 1
49695 3 1
49700 2 1
49700 3 1
49702 3 1
49704 2 1
49704 3 2
49705 3 1
49709 3 1
49714 2 1
49715 3 1
49722 2 1
49723 3 2
49724 3 1
49727 2 1
49729 2 2
49729 3 1
49730 2 1
49731 3 1
49733 2 1
49733 3 1
49738 3 1
49740 3 1
49742 3 1
49744 3 1
49745 2 1
49746 3 2
49748 3 1
49750 2 1
49750 3 2
49751 3 1
49757 3 1
49758 2 1
49759 3 1
4976 3 1
49761 3 1
49763 2 1
49763 3 1
49767 2 1
49767 3 1
49773 2 1
49774 3 1
49776 2 1
4978 2 1
49780 2 1
49780 3 1
49785 3 1
49787 2 2
49787 3 1
49788 2 1
49788 3 1
49789 3 1
4979 3 1
49794 2 1
49799 2 1
49812 2 1
49813 2 2
49814 2 1
49814 3 1
49815 3 1
49822 2 1
49822 3 1
49823 2 2
49824 2 1
49824 3 1
49828 2 1
49831 2 1
49831 3 1
49836 3 1
49838 2 1
49838 3 1
49839 2 1
4984 2 1
49840 3 1
49844 2 1
49847 3 1
49848 2 1
49854 2 1
49854 3 1
49857 2 1
49859 3 1
49861 2 1
49862 3 2
49864 2 1
49864 3 1
49865 2 2
49866 2 1
49866 3 1
49870 3 1
49872 2 1
49873 2 2
49876 2 1
49877 2 2
49878 3 1
49880 2 1
49880 3 1
49884 2 2
49884 3 1
49885 2 1
49886 2 1
49886 3 2
49887 3 1
49894 2 1
49894 3 1
49898 2 1
49898 3 1
49899 3 2
499 2 1
499 3 1
49904 2 1
49904 3 1
49907 3 1
49923 2 1
49926 3 1
49930 3 1
49931 2 1
49932 2 1
49932 3 2
49933 3 1
49935 2 1
49935 3 1
4994 2 1
4994 3 2
49940 3 1
49942 2 1
49942 3 1
49945 2 2
49945 3 1
49946 3 1
49947 2 1
49948 3 1
4995 2 2
4995 3 1
49954 2 1
49955 2 2
49955 3 1
49956 3 1
49958 2 1
49958 3 1
49959 3 1
4996 2 1
49962 2 1
49962 3 2
49963 2 1
49964 2 2
49964 3 1
49965 3 1
4997 3 1
49970 3 1
49977 2 1
49977 3 1
49987 2 1
49987 3 1
49989 3 1
4999 3 1
49993 2 1
49993 3 1
49994 2 2
49995 2 1
49995 3 1
49996 3 1
49999 3 1
500 2 1
50005 3 1
50006 2 1
50008 2 2
50009 2 1
50009 3 1
50012 2 2
50012 3 1
50013 2 1
50013 3 1
50016 2 1
50016 3 1
50017 2 2
50017 3 1
50018 2 1
50023 3 1
50025 2 1
50026 2 2
50026 3 1
50027 3 1
50030 3 1
50036 2 1
50036 3 1
50037 2 2
50038 3 1
5004 3 1
50053 3 1
50054 2 1
50057 2 2
50057 3 1
50058 2 2
50058 3 1
50059 2 1
5006 3 1
50060 3 1
50062 3 1
50064 3 1
50066 2 1
50066 3 1
50069 3 1
50073 2 1
50074 2 1
50084 2 2
50084 3 1
50085 2 1
50086 3 1
50089 2 1
50090 3 1
50092 3 1
50094 3 1
501 3 1
50103 2 1
50104 3 1
50106 3 1
50108 3 1
50110 2 1
50111 3 1
50116 2 1
50116 3 1
5012 3 1
50121 2 1
50122 2 1
50123 2 2
50123 3 1
50124 3 1
50129 3 1
50132 2 1
50132 3 1
50133 2 1
50133 3 2
50139 2 1
50144 3 1
50146 3 1
50148 3 1
50153 2 1
50156 2 1
50156 3 1
50157 2 2
50158 2 1
50158 3 1
5016 2 1
50163 2 1
50173 2 1
50176 2 1
50176 3 1
50177 3 2
50192 3 1
50194 3 1
50195 2 1
50198 3 1
50199 2 1
50200 3 2
50202 2 1
50202 3 1
50205 3 1
50208 2 1
50208 3 1
50209 2 1
50209 3 2
50210 2 2
50211 2 1
50211 3 1
50212 3 2
50215 2 1
50216 3 2
50218 3 1
50225 2 1
50225 3 2
50228 2 2
50228 3 1
50229 2 2
50229 3 1
5023 2 1
50230 2 1
50230 3 1
50231 2 1
50232 3 1
50234 2 1
50234 3 2
50237 3 1
50238 2 1
50239 2 1
5024 2 1
50240 3 2
50242 3 1
50255 2 1
50256 2 1
50261 2 1
50262 2 1
50265 2 2
50265 3 1
50266 3 1
50268 2 1
50268 3 1
50271 3 1
50272 3 2
50273 2 1
50274 2 2
50274 3 1
50275 3 1
50277 3 1
50278 2 1
50279 3 2
5028 2 1
50282 2 1
50283 3 2
50285 2 1
50285 3 1
50286 2 2
50287 3 1
50289 3 1
5029 3 1
50296 2 1
50296 3 2
50297 2 2
50298 2 1
50298 3 1
50299 3 2
50305 2 1
50308 2 1
50308 3 2
50310 3 1
50319 2 1
50319 3 1
50321 3 1
50323 3 1
50327 2 1
50330 3 1
50332 3 1
50335 2 1
50340 2 1
50341 2 1
50356 2 1
50357 2 1
50360 2 1
50360 3 2
50361 2 2
50361 3 1
50362 2 1
50363 2 1
50368 3 1
5037 2 1
5037 3 1
50370 2 1
50370 3 1
50372 3 1
50374 2 1
50374 3 2
50375 2 2
50375 3 1
50376 2 1
50377 2 1
50378 3 2
5038 2 1
50388 2 1
50388 3 1
5039 2 2
50393 2 1
50393 3 2
50394 2 2
50395 2 1
50395 3 1
50396 3 1
5040 2 1
5040 3 1
50400 2 1
50401 2 2
50401 3 1
50402 2 1
50403 3 1
5041 3 2
50413 2 1
50413 3 1
50416 3 1
50418 2 1
50426 3 1
50433 3 1
50438 3 1
5044 3 1
50443 3 1
50446 2 1
50446 3 2
50447 2 1
50448 2 2
50448 3 1
50451 3 1
5046 3 1
50462 2 1
50463 2 2
50463 3 1
50464 3 1
50467 2 1
50467 3 1
50470 2 1
50470 3 1
50471 2 2
50471 3 1
50472 3 1
50475 2 1
50475 3 2
50476 3 1
50478 2 1
50479 3 1
50481 2 1
50481 3 2
50482 2 1
50483 3 1
50486 2 1
50486 3 1
50491 3 1
50492 2 1
50493 2 1
50494 2 1
50494 3 2
50495 3 1
50498 2 2
50498 3 1
50499 2 1
5050 2 1
50503 2 1
50504 3 1
50506 2 1
50506 3 1
50507 3 2
5051 2 1
50510 2 1
50510 3 1
50511 2 2
50511 3 1
50512 2 1
50524 3 1
50529 3 1
50531 3 1
50535 2 2
50535 3 1
50536 2 1
50537 2 1
50541 2 1
50542 3 1
50544 2 1
50545 2 2
50546 2 1
50546 3 1
50549 2 1
50549 3 1
5055 3 1
50550 3 1
50553 2 1
50553 3 1
50557 2 1
50557 3 2
50558 2 2
50558 3 1
50559 2 1
50565 2 1
50565 3 1
50566 3 1
50568 2 1
50569 2 1
50571 3 1
50575 3 1
50577 2 1
50577 3 1
50578 3 1
5058 2 1
50581 2 1
50583 3 1
50584 2 1
50585 2 1
50585 3 2
50586 2 1
50586 3 2
50587 3 1
50589 3 1
5059 3 1
506 2 1
506 3 1
50600 2 1
50601 2 1
50615 3 1
50629 2 1
50630 2 1
50631 3 2
50637 2 1
50637 3 1
50638 2 2
50639 2 1
50639 3 1
50642 2 2
50642 3 1
50643 2 1
50643 3 1
50644 2 1
50645 3 2
50648 2 1
50648 3 1
50649 2 1
50649 3 2
5065 2 1
50650 2 1
50650 3 2
50656 2 1
5066 2 1
50660 3 1
50661 2 1
50662 2 1
50662 3 2
50663 3 1
50665 2 2
50665 3 1
50666 3 1
50668 2 1
50668 3 1
50673 3 1
50676 3 1
50677 2 1
50678 2 1
50679 2 1
50680 3 1
50682 2 1
50682 3 1
50686 3 1
50689 3 1
5069 3 1
50692 3 1
50693 2 1
50694 2 1
507 2 1
50702 2 1
50703 2 2
50704 2 1
50704 3 1
50705 2 1
50706 3 1
50708 3 1
50710 3 1
50712 2 1
50713 2 2
50714 2 1
50714 3 1
50715 2 1
50716 3 1
50718 2 1
5072 3 1
50720 2 2
50720 3 1
50721 3 1
50726 3 1
50727 2 1
50728 2 1
50729 2 1
50730 2 1
50730 3 2
50731 3 1
50733 2 1
50736 2 1
50736 3 1
50737 3 2
50739 2 1
50739 3 1
5074 3 1
50740 2 2
50741 2 2
50741 3 1
50742 3 1
50744 2 1
50744 3 1
50745 2 1
50749 2 1
50750 2 1
50751 3 1
50758 3 1
50761 3 1
50764 2 1
50764 3 1
50767 2 1
50767 3 1
50768 3 2
50777 2 1
50778 2 1
50779 2 1
50780 2 2
50781 3 1
50794 2 1
50796 2 1
50797 3 1
50799 3 1
50801 3 1
50804 2 1
50804 3 1
50809 2 1
50809 3 1
50810 3 1
50812 3 1
50816 3 1
50819 2 2
50819 3 1
5082 2 1
50820 3 1
50825 2 1
5083 2 2
5083 3 1
50830 3 1
50835 2 2
50835 3 1
50836 3 1
5084 2 1
50841 3 1
50843 3 1
50844 2 1
50847 2 2
50847 3 1
50848 2 1
50853 3 1
50855 2 1
50855 3 1
50856 2 1
50857 2 2
50858 2 1
50858 3 1
50859 3 2
50861 3 1
50862 3 2
50863 2 1
50864 3 1
50867 2 1
50867 3 1
50868 3 1
50878 2 1
50880 3 1
50882 2 1
50882 3 1
50883 2 1
50883 3 2
50884 2 1
5089 3 1
5090 2 1
50901 2 1
50901 3 1
50902 2 1
50902 3 2
50903 2 1
50903 3 2
50904 2 1
50905 3 1
50907 3 1
50909 3 1
5091 3 1
50912 2 2
50912 3 1
50913 3 1
50915 2 1
50915 3 1
50916 3 1
50918 2 1
50919 2 1
50919 3 2
50920 3 1
50927 3 1
50928 2 1
50932 2 1
50932 3 1
50935 2 2
50935 3 1
50936 2 1
50936 3 2
50937 2 1
50937 3 2
50938 3 2
5094 2 1
50940 3 1
50941 2 1
50945 2 1
50945 3 1
50950 2 1
50951 2 1
50954 2 1
50954 3 1
50955 2 1
50959 2 1
50961 2 2
50961 3 1
50962 3 1
50974 3 1
5098 2 1
50980 2 1
50981 3 2
50982 3 1
50984 3 1
50986 2 1
50987 3 1
5099 2 1
50990 2 1
50990 3 2
50995 2 1
50995 3 1
50996 3 2
51000 2 1
51000 3 1
51006 2 1
51007 2 1
51008 2 1
5101 3 1
51011 2 1
51012 2 2
51013 2 1
51013 3 1
51014 3 2
51027 2 1
5103 2 1
5103 3 1
51031 2 1
51032 3 1
51034 3 1
51037 2 1
51037 3 2
51038 2 1
5104 3 1
51041 2 1
51043 3 1
51044 2 1
51047 3 1
51051 2 1
51051 3 2
51052 3 1
51059 2 1
5106 2 1
51060 3 1
5107 3 1
51072 2 1
51073 2 1
51074 3 2
51077 2 1
51077 3 1
51078 2 1
51078 3 2
51079 2 2
51080 3 1
51082 3 1
51086 2 1
51087 2 1
51088 2 1
51089 2 2
51090 3 1
51092 2 1
51092 3 1
51094 3 1
51096 3 1
51098 3 1
5110 3 1
51100 3 1
51105 2 2
51105 3 1
51106 3 1
51111 3 1
51113 3 1
51116 2 1
51116 3 1
51125 3 1
51128 2 1
51128 3 2
51129 2 1
5113 2 1
51130 2 2
51130 3 1
51131 2 1
51132 3 1
51134 2 1
51134 3 2
51135 2 1
51136 2 2
51136 3 1
51137 2 2
51137 3 1
51139 2 1
5114 3 1
51140 2 1
51143 2 1
51145 3 1
51148 3 1
51150 2 1
51150 3 2
51151 2 2
51151 3 1
51152 2 1
51153 3 1
51165 2 1
51166 3 1
51169 2 1
5117 3 1
51170 2 2
51170 3 1
51171 2 1
51172 2 1
51172 3 2
51173 3 1
51176 2 1
51179 2 1
51179 3 2
51180 3 1
51182 2 2
51182 3 1
51183 2 1
51184 2 1
51185 2 2
51186 3 1
51189 2 1
51189 3 1
5119 3 1
51190 2 2
51191 2 1
51191 3 1
51192 3 1
51195 2 1
51195 3 1
51196 2 1
51199 3 1
512 2 1
51200 2 1
51205 2 1
51206 2 1
51207 2 1
51208 2 1
51212 3 1
51213 2 1
51214 2 1
51215 3 2
51224 3 1
5123 2 1
5123 3 2
51231 2 1
51232 2 2
51233 2 1
51233 3 1
5124 2 1
51246 3 1
51248 2 1
51249 3 1
5125 2 2
5125 3 1
51251 2 1
51251 3 1
51254 2 1
51254 3 2
51255 3 1
51257 2 2
51257 3 1
51258 2 1
51258 3 1
51259 2 1
5126 3 1
51260 3 1
51267 2 1
51268 2 1
51273 2 1
51273 3 1
51274 3 1
51286 2 1
51287 2 1
51288 3 1
513 2 1
51302 2 1
51303 2 2
51303 3 1
51304 2 1
51306 2 1
51307 3 1
51309 3 1
51311 3 1
51313 3 1
51315 3 1
51316 2 1
51316 3 2
51320 2 1
51320 3 1
51321 2 1
51321 3 2
51322 3 2
5133 2 1
51330 3 1
51333 2 1
51333 3 1
51334 2 1
51337 3 1
51340 3 1
51344 2 1
51344 3 1
51345 2 1
51346 2 2
51346 3 1
51347 2 1
51348 3 1
51350 2 1
51351 2 2
51351 3 1
51352 3 1
5136 2 1
5136 3 1
51361 2 1
51368 2 1
51369 2 2
51369 3 1
5137 3 2
51371 2 1
51373 3 1
51375 2 2
51375 3 1
51376 2 1
51377 2 1
51377 3 2
51378 2 1
51378 3 2
51379 3 1
5138 3 2
51381 2 1
51382 2 2
51382 3 1
51383 2 1
51385 2 1
51388 2 1
51388 3 1
5139 3 1
51390 2 2
51390 3 1
51391 3 1
51393 2 1
51395 2 2
51396 2 1
51396 3 1
51397 2 1
51398 3 1
514 2 1
51400 3 1
51402 2 2
51402 3 1
51403 2 1
51403 3 1
51404 3 1
51406 2 1
51406 3 2
51407 2 2
51411 3 1
51413 3 1
51415 3 1
51418 2 2
51418 3 1
51419 2 1
51419 3 1
5142 2 1
5142 3 2
51420 2 1
51424 2 1
51425 2 1
5143 2 2
5143 3 1
5144 2 1
51442 2 1
51442 3 1
51443 2 2
51444 2 1
51444 3 1
51446 3 1
51448 2 1
51448 3 1
51449 2 1
51450 3 2
51452 3 1
51456 2 1
51456 3 2
51457 3 1
51459 3 1
51461 2 2
51461 3 1
51462 2 1
51469 3 1
51482 3 1
51485 2 1
51485 3 1
51490 2 1
51491 2 1
51492 3 1
51494 2 1
51495 2 1
51496 2 1
51497 3 1
515 2 1
5151 3 1
51514 2 1
51515 2 2
51515 3 1
51516 3 1
51519 3 1
51521 3 1
51523 2 1
51523 3 1
51524 2 1
51527 2 1
51528 3 2
5153 2 1
51530 2 2
51530 3 1
51531 2 1
51531 3 1
51532 3 1
51534 2 1
51534 3 1
51537 3 1
51539 3 1
5154 2 1
51540 2 1
51541 3 1
51543 2 2
51543 3 1
51544 2 1
51545 2 1
51546 2 1
51548 2 1
51549 3 1
5155 3 1
51551 2 1
51551 3 1
51552 2 1
51558 2 1
51558 3 2
51559 2 1
51560 2 2
51560 3 1
51564 3 1
51566 3 1
51567 2 1
51568 3 1
51573 3 1
51575 3 1
51581 3 1
51583 2 1
51583 3 2
51584 2 2
51584 3 1
51585 2 1
51586 3 1
51590 2 1
51590 3 2
51591 2 1
51592 2 1
51593 2 1
51594 3 1
51600 2 1
51600 3 2
51601 2 1
51602 2 2
51602 3 1
51603 3 1
51606 2 1
51610 3 1
51616 3 1
51618 3 1
5162 2 1
5162 3 1
51621 2 2
51621 3 1
51622 3 1
51628 2 1
51628 3 1
51629 2 1
5163 2 1
5163 3 2
51630 3 2
51631 3 1
51633 2 1
51633 3 1
51636 3 1
51639 2 1
51639 3 2
51641 3 1
51644 2 1
51647 2 1
51647 3 1
51648 2 1
51652 3 1
51657 2 1
51657 3 1
51660 2 1
51664 3 1
51665 2 1
51669 2 1
5167 3 1
51672 2 2
51672 3 1
51673 2 2
51673 3 1
51674 2 1
51675 2 1
51676 3 1
51678 3 1
51679 2 1
51680 2 1
51681 3 2
51688 2 1
51689 3 2
5169 3 1
517 2 1
5170 2 1
5171 3 1
51714 3 1
51717 3 1
51720 2 1
51720 3 1
51721 2 1
51721 3 2
51724 2 1
51724 3 1
51725 2 1
51726 2 1
51729 2 2
51729 3 1
5173 3 1
51730 2 1
51730 3 1
51733 3 1
51735 3 1
51737 2 1
51737 3 1
51738 2 2
51738 3 1
51739 3 1
51741 3 1
51742 2 1
51743 2 1
51744 3 1
51747 2 1
51747 3 1
51748 2 1
51760 3 1
51762 3 1
51767 2 1
51768 2 1
5177 2 1
51770 2 1
51771 3 1
51777 3 1
51785 2 1
51785 3 2
51789 3 1
5179 3 1
51792 3 1
51798 2 1
51798 3 1
51799 2 1
51799 3 2
518 2 1
51800 2 2
51801 2 2
51801 3 1
51802 2 1
51811 2 1
51812 2 1
51813 3 2
51818 2 2
51819 2 1
5182 3 1
51823 3 1
51827 2 1
51828 3 1
51830 2 1
51830 3 2
51832 3 1
51834 2 1
51838 3 1
5184 2 1
5184 3 1
51843 2 1
51843 3 2
51844 2 2
51844 3 1
51845 2 1
51849 2 1
5185 3 2
51850 2 2
51850 3 1
51851 2 1
51852 2 1
51857 2 1
51858 2 1
51859 2 1
51860 3 1
51864 3 1
51866 2 2
51866 3 1
51867 3 1
51868 2 1
51869 2 1
51869 3 2
51870 3 1
51872 2 1
51872 3 2
51873 2 2
51874 2 1
51874 3 1
51875 2 1
51884 3 1
51886 2 1
51886 3 2
51887 2 1
51888 2 2
51889 2 1
51889 3 1
51890 2 1
51890 3 2
51891 2 2
51891 3 2
51892 3 1
51897 2 1
51897 3 1
51898 3 2
5190 2 1
51900 2 1
51900 3 1
51901 2 2
51902 2 1
51902 3 1
51903 3 2
51906 3 1
51908 2 1
51908 3 1
51909 3 1
51911 2 1
51916 2 1
51916 3 1
51923 2 1
51925 3 1
51927 3 1
51933 2 1
51933 3 1
51942 2 1
51951 2 1
51951 3 1
51952 2 1
51952 3 2
51955 2 1
51956 2 1
51957 3 1
51959 2 1
51959 3 1
51962 2 1
51964 3 1
5197 2 1
51986 3 1
51987 3 2
51988 2 1
51988 3 2
51989 2 2
51989 3 1
51990 2 1
51991 3 1
51993 2 1
51993 3 1
51999 2 1
520 2 1
5200 2 1
5200 3 1
52003 3 1
52005 2 1
52005 3 2
52006 2 1
52007 2 2
52008 2 2
52008 3 1
52009 3 1
5201 2 1
5201 3 2
52011 3 1
52019 3 1
52022 2 1
52023 2 1
52024 2 1
52026 3 1
52028 3 1
52029 2 1
52032 2 1
52032 3 2
52033 3 1
52039 3 1
5204 3 1
52046 2 1
52049 2 1
52049 3 1
52054 2 1
52055 3 1
52057 2 1
52057 3 1
52058 2 1
52059 3 2
52061 3 1
52062 3 2
52063 2 1
52063 3 2
52064 3 1
52068 2 1
52069 3 1
52071 3 1
52073 3 1
52074 2 1
52074 3 2
52075 2 1
52076 2 1
52079 2 1
52080 3 1
52083 2 1
52083 3 1
52084 2 1
52084 3 2
52086 2 1
52088 3 1
5209 2 1
52090 3 1
52091 2 1
52092 2 2
52092 3 1
52093 3 1
52095 3 1
52097 2 2
52098 2 1
52099 2 1
521 2 1
5210 2 1
5210 3 2
52100 3 1
52102 2 1
52103 3 1
52105 3 1
52106 2 1
52107 2 2
52107 3 1
52108 3 1
5211 3 1
52111 2 1
52111 3 1
52112 2 1
52113 2 1
52130 2 2
52130 3 1
52131 2 1
52131 3 1
52132 2 1
52133 2 1
52136 2 1
52137 3 2
52139 2 1
52139 3 1
52140 2 2
52141 2 1
52141 3 1
52142 3 1
52144 3 1
52146 3 1
52147 2 1
52148 2 1
52153 2 1
52154 2 2
52155 2 1
52155 3 1
52156 3 1
52159 2 1
52160 2 1
52161 2 1
52162 2 2
52163 2 1
52163 3 1
52164 3 1
52167 2 1
52168 2 1
52172 2 1
52173 2 1
52174 2 1
52178 2 2
52178 3 1
52179 2 1
52180 3 1
52186 3 1
52191 2 1
52191 3 1
52193 3 1
52195 2 1
52195 3 2
52196 2 2
52196 3 1
52197 2 1
52198 2 1
52199 2 1
522 3 1
5220 2 1
52200 2 1
52201 3 1
52203 3 1
52206 2 1
52206 3 1
52207 2 1
52207 3 2
52209 2 1
5221 2 1
52210 3 1
52214 2 1
52214 3 1
52218 2 1
52219 3 1
5222 2 1
52221 2 1
52224 3 1
52227 2 1
52228 2 2
52228 3 1
5223 2 1
52232 3 1
52234 3 1
52246 2 1
52247 2 1
5225 3 1
52256 2 1
52257 2 1
52258 2 1
52259 3 2
52261 2 2
52261 3 1
52262 2 1
52262 3 1
52265 2 1
52265 3 1
52266 2 1
52266 3 2
52267 3 1
52274 2 1
52275 3 1
52278 2 1
52279 2 2
5228 2 2
5228 3 1
52280 2 1
52280 3 1
52281 3 2
52284 3 1
52287 2 1
52288 2 2
52288 3 1
52289 2 1
5229 2 1
5229 3 1
52291 3 2
52292 3 1
52296 2 1
5230 2 1
52301 2 1
52301 3 1
52302 2 1
52302 3 2
52303 3 2
52305 2 1
52305 3 1
52306 2 1
52307 3 1
52309 2 1
52316 3 1
52319 3 1
52321 3 1
52322 3 2
52326 2 1
52329 2 1
52329 3 1
5233 3 1
52330 2 2
52330 3 1
52331 2 1
52332 2 1
52333 2 1
52339 2 1
52340 2 1
52343 2 1
52344 3 1
52350 2 1
52350 3 2
52351 3 1
52353 2 1
52356 3 1
52358 2 1
52359 2 2
52359 3 1
52360 3 1
52362 2 2
52362 3 1
52363 3 1
52365 2 1
52367 3 1
5237 3 1
52370 3 1
52373 3 1
52375 3 1
52377 2 1
52381 3 1
52385 2 1
52385 3 1
52387 3 1
52389 3 1
52397 2 1
52398 2 1
52399 2 2
52399 3 1
52400 2 1
52401 3 2
52407 2 1
52407 3 1
5241 2 1
5241 3 1
52411 2 2
52411 3 1
52412 2 1
52413 2 1
52416 2 1
52425 2 2
52425 3 1
52426 2 1
52427 3 1
52433 2 2
52433 3 1
52435 2 1
52436 3 1
52439 3 1
52440 2 1
52441 3 1
52448 3 1
5245 2 1
52450 2 1
52454 2 1
52455 2 2
52455 3 1
52456 2 1
52457 3 1
52461 3 1
52463 2 1
52464 2 1
52465 2 1
52471 3 1
52473 2 1
52473 3 2
52474 2 1
52474 3 2
52475 2 2
52475 3 1
52476 2 1
52477 3 1
52484 2 2
52485 3 1
52487 3 1
52489 2 1
52489 3 2
52490 3 1
52492 3 1
52493 2 1
52498 2 1
525 2 1
525 3 1
5250 2 1
52500 3 1
52502 3 1
52504 3 1
5252 3 1
52525 3 1
52529 2 1
52529 3 1
52530 2 2
52530 3 1
52531 2 1
52535 2 1
52536 2 2
52536 3 1
52537 3 1
5254 3 1
52541 2 1
52541 3 1
52542 2 1
52546 2 1
52547 3 1
52553 2 1
52558 3 1
52561 2 1
52561 3 1
52562 2 2
52563 2 1
52563 3 1
52564 3 1
52567 3 1
52568 2 1
52569 3 1
52571 2 1
52573 2 1
52574 2 1
52577 3 1
52586 3 1
52588 2 1
52588 3 1
52589 3 2
5259 2 1
5259 3 1
52591 2 1
52592 3 1
52598 2 1
52598 3 1
52599 2 2
526 2 1
5260 2 1
52600 3 1
52606 2 1
52606 3 1
52607 2 1
52608 3 1
5261 3 1
52615 2 1
52616 2 1
52617 3 1
52619 2 1
52619 3 1
52620 2 1
52621 3 2
52624 3 1
52625 2 1
52629 2 1
5263 2 1
5263 3 1
52630 2 2
52631 2 1
52631 3 1
52632 2 2
52632 3 2
52633 3 1
52637 3 1
5264 2 1
5264 3 2
52640 3 1
52643 3 1
52645 2 1
52646 3 1
5265 3 2
52651 3 1
52655 3 1
52657 3 1
52659 2 1
52667 3 1
52669 3 1
5267 3 1
52671 2 1
52671 3 1
52675 2 1
52676 2 1
52677 2 2
52678 3 1
5269 2 1
52690 3 1
52698 2 1
52699 3 1
527 2 1
527 3 2
5270 3 1
52707 2 1
52708 2 1
52711 3 1
52714 2 1
52714 3 1
52716 3 1
52718 2 1
52718 3 2
52719 3 1
5272 2 1
5272 3 1
52721 3 1
52727 2 2
52727 3 1
52728 2 1
52728 3 1
52729 2 1
5273 2 1
52737 2 1
52737 3 1
5274 2 2
52740 2 1
52741 2 2
52742 2 1
52742 3 1
52743 2 1
52744 2 1
52745 3 2
52747 3 1
52749 2 1
52749 3 1
5275 2 1
5275 3 1
52754 2 1
5276 3 2
52762 3 1
52765 2 1
52765 3 1
52766 3 1
52770 2 1
52771 2 2
52771 3 1
52777 3 1
52795 2 1
52796 3 1
52798 2 1
52798 3 1
52799 2 2
528 2 1
528 3 2
52800 3 1
52806 2 2
52810 2 1
5282 2 1
52826 2 1
52826 3 1
52827 2 1
5283 2 1
52830 2 1
52830 3 1
52833 2 2
52833 3 1
52834 2 1
52839 3 1
5284 3 1
52847 2 1
52848 3 1
52850 3 1
52854 2 1
52859 2 1
52860 3 1
52862 2 1
52867 2 1
52870 2 1
52870 3 2
52871 3 1
52874 2 1
52874 3 1
52878 2 1
52878 3 2
52879 2 1
52880 3 1
52887 2 1
52888 2 1
52891 2 1
52891 3 1
52892 2 1
52892 3 2
52893 2 1
52893 3 2
529 3 1
52901 2 1
52901 3 2
52902 2 1
52903 2 2
52904 2 1
52904 3 1
52905 3 1
52907 2 1
52908 3 1
52910 2 1
52911 3 1
52913 2 1
52914 3 1
52916 2 1
52917 2 1
52918 3 1
52921 3 1
52923 2 1
52923 3 1
52924 2 2
52924 3 1
52925 2 1
52930 3 1
52932 3 1
52936 2 1
52941 2 2
52942 3 1
52944 3 2
52945 3 1
52948 2 1
52948 3 2
5295 3 1
52956 2 1
52960 3 1
52965 2 1
52968 2 2
52968 3 1
52969 2 1
52970 2 1
52970 3 2
52971 3 1
52982 2 1
52983 2 1
52984 3 2
52987 2 1
52988 2 1
52989 3 2
52991 3 1
52995 2 1
52996 2 2
52996 3 1
52997 2 1
53000 3 1
53001 2 1
53002 3 1
5301 2 1
5301 3 1
53010 3 1
53012 3 1
53015 2 1
53015 3 1
53018 2 1
53027 3 1
53030 2 1
53031 2 2
53031 3 1
53032 2 1
53035 2 2
53036 2 1
53037 2 1
53038 3 1
53041 2 1
53044 2 1
53046 2 1
53049 3 1
5305 2 1
53066 2 1
53067 2 2
53067 3 1
53068 3 1
53070 2 1
53070 3 2
53071 3 1
53075 2 1
53075 3 1
53084 3 1
53095 2 1
53095 3 1
53099 2 1
53099 3 1
531 2 1
531 3 1
5310 2 1
53102 2 1
53102 3 1
53103 3 2
53105 3 1
53107 2 1
53108 2 1
5311 2 1
53113 2 2
53114 2 1
53114 3 1
53115 2 1
53116 3 1
53119 2 1
5312 2 1
53125 3 1
53126 2 1
53133 3 1
53135 3 1
53137 3 1
53139 2 1
53139 3 1
53143 2 1
53143 3 1
53144 2 2
53145 3 1
53147 2 1
53148 3 1
53150 2 1
53151 2 1
53152 3 1
5316 2 1
53161 2 1
53162 2 1
53163 3 1
53165 2 1
53165 3 1
53166 2 1
53167 3 1
5317 2 1
53170 2 1
53170 3 1
53171 3 1
53174 2 2
53174 3 1
53175 2 1
53176 3 1
53178 2 1
53179 3 1
5318 2 1
53181 3 1
53184 2 1
53184 3 2
53185 3 1
53188 3 1
5319 3 1
53191 3 1
53193 2 2
53193 3 1
53194 3 1
53196 3 1
53197 2 1
53198 3 1
532 3 1
53200 3 1
53202 3 1
53208 2 1
53208 3 1
53211 2 1
53214 2 1
53214 3 1
53217 2 1
53217 3 1
53218 3 1
53220 3 1
53226 3 1
53231 3 1
53233 3 2
53234 3 1
53236 3 1
53237 2 1
53240 2 1
53240 3 1
53249 2 1
53250 2 1
53252 3 1
53254 2 1
53254 3 1
53259 2 1
53259 3 1
5326 2 1
53261 2 2
53262 2 1
53262 3 1
53269 2 1
53269 3 1
5327 3 1
53272 2 1
53273 3 1
53275 2 1
53275 3 1
53276 2 1
53278 3 1
53280 2 2
53280 3 1
53281 2 1
53281 3 1
53284 2 1
53284 3 1
53285 2 2
53286 3 1
5329 2 1
53295 2 1
53295 3 1
53296 2 2
53296 3 1
53297 2 1
53298 3 2
53299 3 1
5330 3 1
53301 3 1
53303 3 1
53305 3 1
53309 2 1
53310 3 1
53318 2 1
53318 3 1
53337 2 1
53337 3 2
53338 2 2
53339 2 1
53339 3 1
53340 2 1
53340 3 2
53341 3 2
53343 2 1
53343 3 1
53349 3 1
53350 2 1
53369 3 1
53372 2 1
53372 3 2
53373 2 1
53373 3 2
53374 2 2
53374 3 1
53375 2 1
53377 3 1
53382 3 1
53383 2 1
53384 3 2
53386 2 2
53386 3 1
53387 2 1
53387 3 1
53389 3 1
5339 2 1
53394 2 1
53394 3 1
53397 3 1
534 2 1
534 3 1
5340 3 1
53400 2 1
53401 2 1
53405 3 1
53407 3 1
53412 2 1
53415 2 1
53415 3 2
5342 3 1
53422 3 1
53424 3 1
53425 2 1
53425 3 2
53426 3 1
53433 3 1
53435 3 1
53437 2 1
53438 3 1
5344 3 1
53440 2 2
53440 3 1
53441 2 1
53442 3 1
53444 3 1
53446 3 1
53449 3 1
53452 2 1
53453 2 1
53454 2 1
53455 3 2
53458 3 1
5346 3 1
53461 2 1
53462 2 1
53463 2 2
53464 3 1
53466 3 1
53468 2 1
53469 2 2
53469 3 1
5347 2 1
53470 3 1
53472 3 1
53476 2 2
53477 2 1
53477 3 1
5348 2 1
53484 3 1
53487 2 2
53487 3 1
53488 2 1
53489 2 1
5349 2 1
53496 3 1
535 2 1
53501 3 1
53503 2 1
53503 3 1
53504 2 2
53505 2 1
53505 3 1
53506 3 2
53509 2 1
53509 3 1
53523 2 1
53524 2 2
53528 2 1
53529 2 2
53530 3 1
53531 2 1
53534 3 1
53544 3 1
53548 2 1
53548 3 2
53549 2 2
53549 3 1
53550 2 1
53554 3 1
53556 2 1
53556 3 2
53558 2 1
53559 3 1
53563 2 1
53563 3 1
53564 2 1
53565 2 2
53566 3 1
53568 2 1
53568 3 1
53569 2 2
53570 2 1
53570 3 1
53571 3 2
53573 3 1
53575 2 1
53575 3 2
53576 3 1
53580 2 2
53581 2 1
53581 3 1
53582 2 1
53583 3 1
53586 2 2
53587 2 1
53587 3 1
5359 3 1
536 2 1
536 3 2
53606 2 1
53606 3 1
53607 3 1
53609 2 1
53609 3 2
5361 3 1
53610 2 1
53611 2 1
53612 2 2
53612 3 1
53617 3 1
53618 2 1
53621 3 1
53624 2 1
53625 2 1
53627 3 1
53629 3 1
53632 2 2
53632 3 1
53633 3 1
53635 2 1
53636 3 1
53638 2 1
53638 3 1
53641 2 1
53641 3 1
53642 2 1
53643 2 1
53644 3 2
53647 2 1
53648 3 1
53651 2 1
53651 3 1
53652 3 2
53654 2 1
53654 3 1
53655 2 2
53655 3 1
53656 2 1
53659 2 2
53659 3 1
53660 2 1
53660 3 1
53661 2 1
53667 2 1
53669 3 2
53670 3 1
53672 3 1
53682 3 1
53684 2 1
53684 3 1
53685 3 1
53687 3 1
53688 2 1
53690 2 1
53691 2 1
53694 2 1
53699 2 1
53699 3 1
537 2 1
537 3 2
53700 2 1
53701 3 1
53703 3 1
53705 2 1
53705 3 2
53706 3 1
53708 2 1
5371 2 1
53712 3 1
53714 2 1
53714 3 2
53715 2 2
53715 3 1
53716 2 1
53717 2 1
53718 2 1
53719 3 2
5372 2 2
5372 3 1
53725 2 1
53725 3 1
53726 2 1
53726 3 2
53727 2 1
53727 3 2
5373 2 2
5373 3 1
53734 2 1
53735 2 2
53735 3 1
53736 3 1
53739 2 1
5374 3 1
53745 3 1
53746 2 1
53749 2 1
53749 3 1
53750 2 1
53751 2 1
53752 3 1
53754 2 1
53755 2 1
53756 2 1
53757 3 2
53762 2 1
53762 3 1
53764 2 1
53765 2 1
53773 3 1
53776 2 1
53777 2 1
53782 2 1
53782 3 1
53788 3 1
53789 2 1
53790 2 1
53791 2 1
53793 3 1
53795 3 1
53797 3 2
53798 3 1
538 3 1
53800 3 1
53804 2 1
53811 2 1
53811 3 1
53812 2 1
53812 3 2
53813 3 2
53814 3 2
53815 3 1
53817 2 1
53817 3 1
53822 2 1
53822 3 1
53823 2 1
53824 2 2
53825 2 1
53825 3 1
53826 3 1
53829 3 1
53831 2 1
53831 3 1
53836 3 1
53838 3 1
5384 2 2
5384 3 1
53840 2 1
53840 3 2
53841 2 1
53842 2 2
53842 3 1
53844 2 1
53845 2 1
5385 2 1
5385 3 1
53850 2 1
53853 3 1
53855 3 1
53856 2 1
5386 2 1
53876 2 2
53876 3 1
53877 2 1
53878 2 1
53879 3 1
53882 2 1
53884 3 1
53886 2 1
5389 3 1
53891 2 1
53893 3 1
53898 2 1
53902 2 1
53906 2 1
53907 2 2
53907 3 1
53908 3 1
53911 3 1
53914 2 1
53914 3 1
53915 2 1
53916 3 1
53918 3 1
5392 2 1
5392 3 1
53921 2 1
53922 2 1
53923 2 1
53924 2 2
53925 3 1
53929 2 1
5393 3 1
53932 3 1
53934 3 1
53939 2 1
53939 3 1
53940 2 2
53941 2 1
53941 3 1
53942 2 2
53942 3 2
53943 3 1
53945 2 1
5395 2 1
53951 2 1
53954 2 2
53954 3 1
53956 2 1
53969 3 1
53971 2 1
53973 2 2
53974 2 1
53974 3 1
53975 2 1
53976 3 2
53982 2 1
53989 2 1
53989 3 1
53993 2 1
53994 2 2
53994 3 1
53995 2 1
53996 2 1
53996 3 2
53997 3 1
54001 2 1
54001 3 1
54002 3 1
54005 2 1
5401 2 1
5401 3 1
54011 2 1
54011 3 1
54014 2 1
54019 3 1
5402 3 2
54022 3 1
54027 2 1
54027 3 1
5403 3 1
54031 2 1
54032 2 2
54041 2 1
54042 2 2
54042 3 1
54043 2 1
54044 2 1
54045 3 2
54046 3 1
54049 2 2
54050 2 1
54050 3 1
54051 2 1
54052 3 2
54057 2 1
54058 3 2
5406 2 1
54064 2 1
54067 2 1
54067 3 1
5407 2 1
54070 2 1
54070 3 2
54071 3 1
54075 3 1
54076 3 2
5408 2 1
54081 2 1
54081 3 2
54082 2 1
54083 2 1
54084 2 1
54089 2 1
54090 2 1
54095 2 2
54095 3 1
54096 2 1
54097 3 1
541 3 1
54101 2 2
54102 3 1
54103 2 1
54104 3 1
54106 2 1
54106 3 2
54107 2 1
54108 2 2
54109 2 1
54109 3 1
5411 2 1
5411 3 1
54110 3 1
54112 2 1
54112 3 2
54114 3 1
54150 2 1
54151 3 1
54154 2 1
54156 3 1
54163 2 2
54163 3 1
54164 2 1
54164 3 1
54165 2 1
54166 2 1
54168 3 1
54177 2 1
54178 2 2
54179 2 1
54179 3 1
54180 2 1
54184 3 1
54186 3 1
54188 2 1
54189 2 1
54189 3 2
54190 3 1
54195 2 1
54196 3 1
5420 2 1
54202 3 1
54204 3 1
54207 2 1
54207 3 1
54211 2 1
54211 3 2
54212 2 1
54221 3 1
54226 3 1
54228 2 1
54228 3 1
54230 3 1
54232 2 1
54232 3 1
54233 2 1
54233 3 2
54234 2 1
54234 3 2
54236 3 1
54238 2 1
54238 3 1
54242 3 1
54243 2 1
54244 3 2
54246 2 1
54246 3 1
54247 2 1
54247 3 2
54248 2 1
54248 3 2
5425 2 1
54250 3 1
54253 3 1
54255 3 1
54266 2 1
54266 3 1
54271 2 2
54271 3 1
54272 2 1
54273 2 1
54273 3 2
54274 3 1
54278 2 1
54278 3 1
54279 2 1
54279 3 2
54280 2 1
54280 3 2
54281 3 2
54288 2 1
54288 3 1
54293 2 1
54294 2 1
54295 2 1
543 2 1
543 3 1
5430 2 1
54301 3 1
54303 3 1
54304 2 1
54305 2 1
54305 3 2
54306 3 1
54308 3 1
5431 2 2
5431 3 1
54315 2 1
54315 3 1
54318 3 1
54319 2 1
5432 2 1
54322 2 1
54322 3 1
54323 2 1
54325 3 1
54328 2 1
54328 3 1
54329 2 1
5433 3 1
54332 2 1
54334 3 1
54337 3 1
54339 2 1
54339 3 1
54340 2 1
54341 3 2
54343 2 1
54343 3 1
54344 2 2
54344 3 1
54345 2 1
54346 3 1
54350 2 1
54351 3 1
54356 2 1
54356 3 1
54359 3 1
54362 2 2
54363 2 1
54363 3 1
54364 2 1
54368 2 1
5437 3 1
54371 2 1
54372 3 2
54375 2 1
54376 3 1
54379 2 2
54379 3 1
54380 2 1
54381 2 1
54382 3 1
54384 2 1
54384 3 2
54385 3 1
5439 3 1
54395 2 1
54396 3 1
5441 2 1
54417 2 1
54417 3 1
54418 2 1
54418 3 2
5442 2 2
5442 3 1
54420 2 2
54420 3 1
54421 2 1
54422 2 1
54422 3 2
54423 3 1
54426 2 1
54426 3 2
54427 3 1
54429 2 1
54429 3 1
5443 2 1
54430 2 1
54431 3 1
54433 2 1
54434 3 2
54439 2 1
5444 2 1
5444 3 2
54440 3 1
54444 2 1
54444 3 1
54445 2 1
54446 3 1
54449 3 1
5445 2 1
5445 3 2
54453 2 1
54453 3 1
54454 2 2
54455 2 1
54455 3 1
54459 2 1
54459 3 1
5446 3 1
54460 2 2
54461 2 1
54461 3 1
54462 2 1
54463 2 1
54463 3 2
54464 3 1
54466 2 1
54466 3 2
54467 2 1
54467 3 2
54468 2 1
54468 3 2
54469 2 1
54469 3 2
54470 3 1
54472 3 1
54474 2 1
54475 3 1
54480 2 1
54481 3 1
54491 2 1
54492 3 1
54494 3 1
54495 2 1
54498 3 1
54500 2 1
54500 3 2
54501 2 2
54501 3 1
54502 2 1
54503 2 1
54504 3 1
54507 2 1
54511 2 1
54511 3 1
54512 3 2
54514 2 1
54514 3 1
54515 2 2
54515 3 1
54516 2 1
54517 2 1
54518 3 1
54520 3 1
54522 2 1
54522 3 1
54525 3 1
54527 2 1
54527 3 1
54528 2 1
54528 3 2
54530 3 1
54532 3 1
54534 3 1
54536 3 1
5454 2 1
54541 3 1
54543 2 1
54543 3 1
54544 2 2
54545 2 1
54545 3 1
54546 3 1
54548 2 1
54548 3 2
54549 2 1
5455 2 1
54550 2 1
54551 2 1
54552 3 1
54554 2 1
54554 3 1
54555 2 1
54555 3 2
54556 2 1
54557 2 2
54557 3 1
54558 3 1
5456 2 1
54566 3 1
5457 2 1
54572 2 1
54575 2 1
54575 3 1
54576 2 2
54577 2 1
54577 3 1
54578 3 2
5458 2 1
54581 3 1
54582 2 1
54582 3 2
54583 2 1
54584 2 2
54584 3 1
54585 3 1
54588 3 1
5459 3 1
54592 3 1
54595 2 1
54596 3 1
54598 3 1
54600 3 1
54602 3 1
54604 2 1
54604 3 2
54605 3 1
54607 2 1
54608 2 1
54609 3 2
5461 3 1
54611 2 1
54611 3 1
54612 2 1
54613 2 2
54614 3 1
54616 3 1
5462 3 2
54621 2 2
54622 2 1
54622 3 1
54623 2 1
54624 3 1
54626 3 1
54629 2 2
54629 3 1
54630 2 1
54630 3 1
54632 2 2
54632 3 1
54633 3 1
54636 2 1
54636 3 1
54638 3 1
5464 2 1
54642 2 1
54642 3 1
54653 2 1
54654 2 1
54658 3 1
54663 3 1
54666 3 1
54687 2 1
54688 3 1
54690 3 1
54692 2 1
54692 3 1
54695 2 1
54695 3 1
54696 2 1
54699 3 1
547 3 1
5470 2 1
54701 3 1
54704 2 1
54704 3 1
54705 3 1
5471 3 1
54712 2 1
54712 3 1
54713 2 1
54716 3 1
54718 2 1
54718 3 1
54721 2 1
54721 3 1
54722 2 2
54722 3 1
54723 3 1
54725 3 1
54729 3 1
54731 3 1
54733 2 1
54733 3 1
54734 2 2
54735 2 1
54735 3 1
54736 2 1
54737 2 1
54738 2 1
54739 2 1
5474 3 1
54740 3 2
54742 3 1
54746 2 1
54748 3 1
54752 2 1
54753 3 1
54758 2 1
54758 3 2
54759 3 1
5476 3 1
54762 2 2
54762 3 1
54763 2 1
54763 3 1
54769 2 1
54770 2 1
54774 2 2
54774 3 1
54775 2 1
54775 3 1
54777 3 1
54782 2 1
54783 2 1
54784 2 2
54785 3 1
54788 3 1
54791 3 1
54794 2 1
54794 3 1
54795 3 2
54797 2 1
54798 3 1
548 2 1
5480 2 1
54801 2 1
54804 2 1
54804 3 2
54805 2 2
54805 3 1
54806 2 1
54807 2 1
54808 3 1
54811 3 1
54813 3 1
54815 2 2
54815 3 1
54816 2 1
54817 2 1
54818 3 1
54822 2 1
54822 3 2
54823 2 2
54823 3 1
54824 2 1
54825 3 1
54827 2 2
54827 3 1
54828 3 1
54832 3 1
54833 2 1
54834 3 1
54836 2 1
54836 3 2
54838 2 1
54839 3 1
54845 3 1
54847 2 1
54847 3 2
54848 2 1
54849 3 1
5485 2 1
5485 3 1
54851 2 1
54852 3 1
54854 2 1
54854 3 2
54855 2 2
54856 2 1
54856 3 1
54857 2 1
54858 3 2
54863 2 1
54864 3 1
54866 2 1
54866 3 2
54867 2 2
54867 3 1
54868 2 1
5487 2 1
5487 3 2
54872 2 1
54873 2 1
54874 2 1
54879 2 1
54879 3 1
5488 2 1
5488 3 2
54880 2 1
54880 3 2
54884 2 1
54885 2 1
54886 2 2
54887 2 1
54887 3 1
54888 3 2
5489 3 1
54891 2 1
54894 3 1
54897 2 1
54898 2 2
54898 3 1
54899 2 1
549 2 1
54902 2 1
54903 3 2
54906 3 1
54909 2 1
54910 2 1
54919 2 1
54920 3 1
54928 2 1
54932 2 1
54935 2 1
54935 3 1
54936 3 2
5495 2 1
54955 2 1
54956 3 1
54958 3 1
5496 3 1
54960 3 1
54962 3 1
54964 2 1
54964 3 1
54968 2 1
54968 3 1
54969 2 2
54970 2 1
54970 3 1
54973 2 1
54973 3 1
54974 2 2
54975 3 1
54977 2 1
54977 3 1
5498 2 2
5498 3 1
54987 2 1
5499 3 1
54990 2 1
54990 3 1
54991 2 2
54992 2 2
54992 3 1
54993 3 1
54995 3 1
54997 2 1
54997 3 1
54998 2 1
54999 2 2
55000 2 1
55000 3 1
55001 3 2
55003 3 1
55005 3 1
5501 3 1
55010 2 1
55010 3 1
55012 2 2
55013 2 1
55013 3 1
55014 2 1
55015 3 2
55016 3 1
55018 2 1
5502 2 1
55027 2 1
55028 2 1
55032 2 1
55033 3 2
55036 2 1
55036 3 1
55037 2 1
55039 3 1
55044 2 1
55045 3 2
55047 2 1
55050 2 1
55052 3 1
55055 3 1
55057 2 1
55057 3 1
55058 2 2
55059 2 1
55059 3 1
55060 3 2
55061 3 2
55062 3 1
55065 2 1
55066 3 1
55068 2 2
55068 3 1
55069 2 1
55069 3 1
5507 2 1
5507 3 2
55071 3 1
55073 2 1
55073 3 1
55074 2 1
55074 3 2
55075 3 2
55078 3 1
5508 2 1
55081 2 1
55082 2 2
55082 3 1
55088 2 1
55089 3 1
5509 3 1
55091 2 1
55091 3 1
55092 2 1
55095 3 1
55097 2 1
55101 2 1
55101 3 1
55105 2 1
55106 3 1
55109 3 1
5511 3 1
55111 3 1
55113 2 1
55114 2 2
55114 3 1
55115 2 1
55116 2 1
55117 3 1
55119 3 1
55123 2 1
55124 3 1
55126 3 1
55128 2 1
55128 3 1
55129 2 1
55129 3 2
5513 3 1
55130 3 1
55133 2 2
55134 2 1
55135 2 1
55139 3 1
55140 2 1
55141 3 1
55147 2 1
55147 3 1
55148 2 2
55148 3 1
55149 2 1
5515 3 1
55150 3 1
55157 2 1
55158 2 1
55160 3 1
55165 2 1
55173 2 1
55173 3 1
55174 2 1
55174 3 2
55175 2 1
55176 2 2
55177 2 1
55177 3 1
55179 3 1
5518 2 1
5518 3 1
55191 2 1
55193 2 1
55194 3 1
5520 3 1
55205 2 1
55205 3 2
55206 2 1
55207 3 1
5522 3 1
55224 2 1
55236 2 1
55236 3 1
55237 2 1
55237 3 2
5524 2 1
55240 3 1
55243 3 1
55246 2 1
5525 2 1
55252 2 1
55253 2 1
55254 3 1
55259 2 1
55259 3 1
5526 2 1
55262 2 2
55262 3 1
55263 3 1
55265 2 1
55266 2 2
55266 3 1
55267 3 1
5527 2 1
55271 3 1
55272 2 1
55273 2 2
55274 2 1
55274 3 1
55275 3 2
55278 2 1
55278 3 1
5528 2 1
55282 2 1
55285 2 1
55285 3 1
55290 3 1
55297 3 1
55303 2 1
55303 3 1
55304 2 1
55304 3 2
55309 2 1
5531 3 1
55310 3 1
55315 2 1
55315 3 1
55316 3 1
55318 3 1
55320 3 1
55322 3 1
55329 2 1
5533 2 1
55330 2 1
55331 2 1
55332 2 2
55333 2 1
55333 3 1
55338 2 2
55338 3 1
55339 3 1
5534 2 1
55341 3 1
55343 2 1
55344 2 1
55347 2 1
5535 2 1
55355 2 1
55356 2 1
55357 3 1
55359 2 1
55365 3 1
55371 3 1
55375 2 2
55376 2 1
55377 3 1
55379 2 1
55379 3 2
55380 2 2
55380 3 1
55381 2 1
55387 3 1
55389 3 1
55398 2 1
55399 2 2
55399 3 1
554 3 1
55400 3 1
55406 3 1
55407 2 1
55408 2 2
55408 3 1
55409 3 1
5541 2 1
55411 2 1
55411 3 2
55412 3 1
55416 2 1
55416 3 1
55417 2 2
55418 3 1
55420 2 1
55421 2 1
55422 3 1
55430 3 1
55437 3 1
55438 2 1
55439 3 1
55441 2 1
55441 3 1
55442 2 2
55442 3 1
55443 2 1
55444 3 1
55447 3 1
55449 3 1
5545 2 1
55453 3 1
55459 2 1
55459 3 1
5546 2 1
55461 3 1
55464 2 1
55465 3 1
55467 2 1
55467 3 1
55468 2 1
55468 3 2
5547 3 1
55470 2 2
55470 3 1
55471 3 1
55473 2 1
55473 3 1
55474 2 1
55475 3 1
55477 3 1
5549 2 1
5549 3 1
55498 3 1
555 2 1
5550 2 1
55500 2 1
55504 2 1
55505 2 2
55505 3 1
55506 2 1
55507 3 1
5551 3 1
55510 2 1
55511 2 1
55512 2 2
55512 3 1
55513 3 1
55515 2 1
55518 2 1
55518 3 1
55522 3 1
55525 2 1
55527 2 1
55532 2 1
55536 2 1
5554 2 1
55540 3 1
55542 3 1
55545 2 1
55546 2 1
55547 2 1
55548 2 2
55549 3 1
5555 3 1
55555 3 1
55560 2 1
55560 3 2
55563 3 1
55565 3 1
55567 3 1
55571 2 1
55571 3 1
55572 2 2
55572 3 1
55573 2 1
55582 2 1
55583 2 1
55584 2 2
55584 3 1
55585 2 2
55585 3 1
55586 3 1
55588 3 1
55590 3 1
55592 2 2
55592 3 1
55593 2 1
55593 3 1
55594 2 1
55597 3 1
5560 2 1
5560 3 1
55603 3 1
55605 3 1
55606 2 1
55607 2 2
55607 3 1
55608 2 1
5561 3 1
55611 2 1
55612 3 1
55615 3 1
55617 3 1
55621 2 1
55621 3 1
55623 3 1
55627 2 1
55628 3 1
55630 3 1
55631 2 1
55632 3 1
55635 3 1
55639 2 1
55639 3 1
5564 2 1
5564 3 1
55640 2 1
55640 3 2
55641 3 2
5565 3 2
55652 3 1
55654 2 1
55655 3 1
55657 3 1
55659 3 1
55666 2 1
55667 3 1
55669 2 2
55669 3 1
55670 3 1
55672 3 1
55673 2 1
55674 2 1
55678 2 1
55678 3 2
55679 2 2
5568 3 1
55680 2 1
55680 3 1
55684 2 1
55684 3 1
55688 3 1
55692 3 1
55700 2 1
55700 3 2
55701 2 1
55702 3 1
55704 3 1
55705 2 1
55709 2 1
55709 3 2
55710 2 1
55711 2 2
55712 3 1
55714 3 1
55717 3 1
55723 2 1
55723 3 2
55728 2 1
55728 3 1
55731 3 1
55735 2 1
55735 3 2
55736 2 2
55736 3 1
55737 2 1
55738 3 1
55740 2 2
55740 3 1
55741 3 1
55743 3 1
55746 2 1
55749 3 1
55752 3 1
5576 3 1
55767 2 1
5577 2 1
55771 3 1
55777 2 1
55778 2 1
55779 3 1
5578 2 1
55782 2 1
55782 3 2
55785 3 1
55786 2 1
5579 3 1
55790 3 1
55791 2 1
55792 2 2
55793 2 1
55793 3 1
55794 3 2
55795 3 1
55798 3 1
55799 2 1
55800 2 1
55801 3 1
55809 2 1
55809 3 1
55812 2 1
55813 2 1
55814 3 2
55815 3 1
55819 2 1
55819 3 2
55824 2 1
55829 2 1
55829 3 1
5583 3 1
55830 3 1
55833 3 1
55835 3 1
55837 2 1
55838 2 1
5584 2 1
55840 2 1
55841 2 2
55842 3 1
5585 3 1
55852 3 1
55854 2 1
55855 2 2
55856 3 1
55858 3 1
55860 2 1
55860 3 2
55861 2 2
55861 3 1
55862 2 1
55865 3 1
55866 2 1
55872 2 1
55872 3 1
55875 3 1
55877 3 1
55882 3 1
55885 3 1
55887 3 1
5589 3 1
55891 3 1
55893 2 1
55894 2 1
55895 3 1
55898 3 1
559 2 2
559 3 1
55900 3 1
55902 3 1
55904 2 1
55904 3 1
55909 2 1
5591 2 1
5591 3 1
55910 2 1
55911 2 1
55912 3 1
55920 2 1
55921 2 2
55921 3 1
55922 3 1
55925 2 1
55927 2 2
55928 2 1
55928 3 1
5593 3 1
55931 2 1
55931 3 1
55937 2 1
55937 3 2
55938 2 1
55939 2 2
55940 3 1
55942 3 1
55947 2 1
55948 3 1
55952 2 1
55953 2 1
55954 2 2
55958 2 1
55958 3 2
55959 2 1
55960 3 1
55962 2 1
55969 2 1
55970 3 1
55972 2 1
55972 3 2
55973 2 1
55976 3 1
55978 2 1
55979 3 1
55983 2 1
55984 2 2
55985 2 1
55985 3 1
55986 2 1
55991 2 1
55992 2 1
55993 3 1
5600 2 1
5600 3 2
56001 2 1
56002 3 1
56004 2 1
56004 3 1
56005 2 1
56006 3 2
56008 3 1
5601 3 1
56010 2 2
56010 3 1
56011 3 1
56013 2 1
56014 2 2
56014 3 1
56015 2 1
56019 3 1
56022 2 1
56023 3 1
5603 3 1
5604 2 1
56041 3 1
56043 3 1
56045 2 1
56046 3 1
56049 2 1
5605 3 1
56050 2 1
56051 2 1
56051 3 2
56052 3 1
56055 3 1
56057 3 1
56058 2 1
56064 2 1
56067 2 1
56067 3 1
56071 2 1
56072 2 1
56073 3 1
56078 2 1
56078 3 1
56084 2 1
56084 3 1
56088 2 1
56088 3 1
56089 3 1
56091 3 1
56094 3 1
56099 2 2
56099 3 1
561 2 1
5610 3 1
56100 2 1
56101 3 1
56103 2 1
56103 3 2
56104 2 2
56104 3 1
56105 2 1
56106 3 1
5612 2 1
5612 3 2
56121 2 1
56126 2 1
56127 2 2
56127 3 1
56129 2 1
5613 2 2
5613 3 1
56130 2 1
56131 3 2
56134 2 1
56134 3 1
5614 2 1
56141 2 1
56141 3 1
56142 3 2
56145 3 1
56147 3 1
5615 2 1
56150 2 1
56150 3 1
56151 2 2
56151 3 1
56152 2 1
56157 3 1
5616 3 2
56161 3 1
56165 3 1
56176 2 1
56176 3 1
56177 3 1
56182 2 1
56188 3 1
56191 2 1
56196 3 1
56197 2 1
56198 3 2
56200 2 1
56200 3 1
56204 3 1
56205 2 1
56206 2 1
56206 3 2
56207 3 1
56213 2 1
56214 2 1
56216 2 2
56216 3 1
56217 2 2
56217 3 1
56218 2 1
5622 3 1
56227 2 1
56228 3 1
56230 3 1
56233 3 1
56239 2 2
5624 2 1
56240 2 1
56241 2 1
56242 3 1
56246 2 1
56246 3 2
56251 2 1
56251 3 1
56253 3 1
56255 3 1
56263 3 1
56268 2 1
56269 3 1
56276 2 1
56276 3 1
56280 2 2
56280 3 1
56281 3 1
56284 2 1
56284 3 2
56286 2 1
56287 3 1
56289 3 1
5629 3 1
56293 3 1
56308 3 1
5631 3 1
56312 2 1
56316 2 1
56317 2 1
56318 3 1
56321 2 1
56321 3 1
56325 3 1
56327 3 1
5633 3 1
56336 2 1
56336 3 1
5634 2 1
56344 2 1
56345 3 1
56347 2 1
56347 3 1
5635 3 1
56351 2 1
56351 3 1
56352 2 1
56358 2 2
56358 3 1
56364 2 1
56365 2 1
56366 3 1
56369 3 1
56376 2 1
56377 3 1
56379 3 1
56380 2 1
56381 2 1
56388 3 1
56397 2 1
56399 3 1
56401 2 1
56401 3 1
56402 2 1
56403 2 2
56403 3 1
56404 3 1
56408 2 1
56408 3 1
56409 3 1
56411 2 1
56411 3 2
56412 2 1
56413 3 1
56415 3 1
56417 3 1
56419 2 1
56419 3 1
5642 2 1
56420 2 2
56421 3 1
56423 3 1
56425 3 1
56427 3 1
5643 2 2
56434 2 1
56435 2 2
56436 2 1
56436 3 1
56437 2 1
5644 3 1
56441 2 1
56444 3 1
56446 2 2
56446 3 1
56447 3 1
56449 2 1
56449 3 1
56450 2 1
56451 3 1
56458 3 1
56465 2 1
56465 3 1
56466 3 2
56468 2 1
56468 3 1
56469 2 2
56469 3 1
5647 3 1
56470 3 1
56474 3 1
56476 2 1
56476 3 1
56477 2 2
56478 2 1
56478 3 1
56479 2 1
56486 2 2
56486 3 1
56487 3 1
56489 3 1
56494 2 1
56494 3 1
5650 2 1
56501 2 1
56502 2 2
56502 3 1
56503 2 1
56509 3 1
5651 3 1
56513 2 1
56514 2 1
56515 2 1
56516 3 1
56519 2 2
56520 2 1
56520 3 1
56527 2 1
56527 3 1
56528 2 1
56534 3 1
56536 3 1
56539 2 1
56539 3 2
5654 2 2
5654 3 1
56540 3 1
56542 3 1
5655 3 1
56550 2 1
56550 3 2
56553 2 1
56553 3 1
56554 3 1
56557 2 1
56557 3 2
56558 2 2
56558 3 1
56559 2 1
56562 2 1
56572 3 1
56580 2 1
56580 3 1
56582 3 1
56588 3 1
5659 2 1
56591 3 1
56594 2 1
56594 3 1
56598 2 1
5660 3 1
56600 3 1
56603 3 1
56604 2 1
56605 2 1
56606 3 2
56610 2 1
56610 3 1
56611 2 1
56612 2 2
56612 3 1
56615 2 2
56616 2 1
56616 3 1
5662 2 2
5662 3 1
56620 2 1
56620 3 1
56623 3 1
56624 2 1
56625 2 1
56626 3 1
5663 2 1
56631 2 1
56632 3 1
56636 2 1
56637 3 1
56639 3 1
5664 3 1
56641 3 1
56644 2 1
56645 3 1
56648 2 1
56652 3 1
56654 3 1
56658 3 1
56660 2 1
56660 3 1
56661 2 1
56662 2 1
56662 3 2
56663 3 1
56669 2 1
56673 2 1
56678 2 2
56678 3 1
56679 2 1
56680 2 1
56681 3 1
56687 2 1
56691 3 1
56693 3 1
56701 3 1
56703 3 2
56704 3 1
56706 3 1
56709 3 1
56711 3 1
56714 3 1
56716 2 2
56716 3 1
56717 2 2
56717 3 1
56718 2 1
56718 3 1
5672 2 1
56721 3 1
56726 2 1
56726 3 2
56727 2 2
56727 3 1
56728 2 1
56729 2 1
56730 2 1
56731 2 1
56732 2 1
56732 3 2
56733 3 1
56735 2 1
56736 2 1
56737 2 1
56738 2 2
56739 2 2
56739 3 1
56740 3 1
56743 2 1
56743 3 1
56744 3 2
56746 3 1
56748 3 1
56750 3 1
56753 2 1
56754 3 1
56756 2 1
56759 3 1
56767 3 1
56768 2 1
56774 3 1
56776 3 1
56778 2 1
56786 3 1
56788 3 1
56789 2 1
56793 3 1
56794 3 2
56795 2 1
56800 3 1
56802 3 1
56804 3 1
56812 2 1
56819 2 1
56820 3 1
56823 2 2
56823 3 1
56824 2 1
56825 2 1
56830 3 1
56832 3 1
56842 3 1
56852 3 1
56855 2 1
56855 3 1
56858 2 1
56858 3 2
56859 2 1
56859 3 2
5686 2 1
56860 2 2
56860 3 1
56861 2 1
56862 2 1
56863 2 1
56866 2 1
56866 3 1
56868 3 1
56870 3 1
56873 3 1
56876 2 1
56876 3 1
56877 2 1
56877 3 2
56878 2 1
56878 3 2
56879 2 1
56879 3 2
5688 3 1
56882 2 1
56884 3 1
56885 2 1
56886 3 2
56888 2 1
56888 3 1
56889 2 1
56889 3 2
56892 2 1
56892 3 1
56897 2 1
569 2 1
5690 3 1
56900 3 1
56902 2 1
56903 2 1
56904 3 1
56911 3 1
56915 2 1
56920 2 1
56920 3 1
56921 2 1
56921 3 2
56924 2 1
56926 2 1
56927 2 2
56927 3 1
56928 2 1
56932 2 1
56932 3 1
56936 2 1
56936 3 1
56937 2 1
56938 3 1
56940 3 1
56941 2 1
56942 3 1
56947 2 1
56947 3 1
56952 2 1
56955 3 1
5696 3 1
56961 2 1
56962 2 2
56962 3 1
56963 2 1
56964 2 1
56971 3 1
56973 2 1
56973 3 1
56974 2 2
56975 2 1
56975 3 1
56976 3 2
56979 3 1
5698 3 1
56981 2 1
56982 2 1
56983 2 2
56983 3 1
56984 3 1
56986 2 2
56986 3 1
56987 2 1
56991 3 1
56993 3 1
56995 2 1
56996 2 1
570 2 1
57002 2 1
57002 3 1
57009 2 1
57009 3 2
5701 3 1
57014 2 1
57015 2 1
57018 2 1
57024 2 1
57025 3 1
57028 2 1
57028 3 1
57029 2 2
5703 2 2
5703 3 1
57030 2 1
57030 3 1
57033 2 1
57035 3 1
57037 3 1
57039 3 1
5704 2 1
5704 3 1
57043 2 1
57046 3 1
5705 3 1
57050 2 1
57050 3 1
57051 2 1
57051 3 2
57053 2 1
57054 2 1
57058 3 1
57061 2 1
57061 3 1
57062 2 2
57062 3 1
57063 2 1
57064 3 1
57066 3 1
57067 2 1
57072 2 1
57073 2 1
57074 3 2
57076 3 1
57080 2 1
57081 3 1
57083 3 1
57085 3 1
57090 2 2
57091 2 1
57091 3 1
57092 2 1
57093 3 2
57096 3 1
57098 2 1
57099 2 2
57099 3 1
571 3 2
57100 3 1
57112 2 1
57113 2 1
5712 3 1
57122 2 1
57126 2 1
57127 2 1
57128 2 1
57129 2 1
57135 2 1
57135 3 1
57138 2 1
57138 3 2
57139 2 2
57139 3 1
5714 2 1
5714 3 1
57140 2 1
57141 3 1
57143 2 1
57143 3 2
57144 3 1
57146 2 2
57146 3 1
57147 2 1
57147 3 1
57148 2 1
57149 3 1
5715 2 1
57154 3 1
57156 2 1
57156 3 1
57157 2 2
57157 3 1
57158 2 1
57159 3 1
5716 2 2
57161 2 1
57161 3 1
57162 3 2
57164 2 1
57164 3 1
57165 2 1
57165 3 2
57167 3 1
5717 2 1
5717 3 1
57170 2 1
57171 3 1
57174 2 1
57174 3 2
57175 3 1
57177 3 1
57179 2 1
5718 2 1
57188 2 1
57188 3 2
57189 2 2
57189 3 1
57190 2 1
57191 3 1
57197 3 1
57199 3 1
57206 3 1
57212 2 2
57212 3 1
57213 2 1
57213 3 1
57214 2 1
57215 2 1
57220 2 1
57220 3 1
57222 3 1
57225 3 1
57227 2 1
57227 3 1
57229 3 1
57232 3 1
57237 2 1
57238 3 1
57241 2 1
57246 2 1
57247 2 1
57248 2 2
57248 3 1
57249 3 1
57253 2 1
57254 2 2
57255 2 1
57255 3 1
57256 3 2
57262 2 1
57270 2 1
57270 3 1
57271 2 2
57271 3 1
57272 3 1
57274 2 1
57274 3 1
57275 2 1
57276 2 1
57277 2 1
57278 2 1
57278 3 2
57279 3 1
57282 2 1
57282 3 1
57284 3 1
57289 3 1
5729 2 1
5729 3 2
57290 2 1
57291 2 1
57292 2 1
57292 3 2
57293 3 1
57295 2 1
57296 2 1
5730 2 2
5730 3 1
57300 3 1
57306 2 1
57309 2 2
57309 3 1
5731 2 1
57310 3 1
57313 3 1
57316 2 1
57317 2 1
57318 3 1
5732 3 1
57320 2 1
57321 3 1
57325 3 1
57326 2 1
57327 2 1
57330 2 1
57330 3 1
57331 2 2
57332 3 1
57335 2 1
57338 3 1
57340 2 1
57341 3 1
57344 2 1
57344 3 1
57345 2 2
57345 3 1
57346 2 1
57349 3 1
57355 2 1
57357 3 1
57360 2 1
57361 3 2
57363 2 1
57363 3 1
57364 2 1
57364 3 2
57365 2 1
57365 3 2
57369 2 1
57369 3 2
5737 2 1
5737 3 2
5738 3 1
57381 3 1
57385 2 1
57390 2 1
57391 3 1
57401 2 1
57401 3 1
57402 2 1
57403 2 1
57404 2 2
57404 3 1
57405 3 1
57407 2 1
57407 3 1
57408 2 1
57408 3 2
57409 3 2
57412 2 1
57413 2 1
57414 3 2
57416 2 2
57416 3 1
57417 3 1
57419 2 1
57420 2 1
57420 3 2
57421 2 1
57421 3 2
57422 3 1
57424 2 1
57426 2 2
57427 3 1
57429 3 1
57431 2 1
57431 3 2
57432 2 1
57433 2 2
57433 3 1
57434 2 1
57435 3 1
57437 3 1
57447 3 1
57450 3 1
57451 2 1
57452 2 1
57453 2 1
57454 3 1
57456 3 1
57457 2 1
57458 2 1
57459 3 2
5746 2 2
5746 3 1
57462 2 1
57463 2 1
57464 2 1
57465 3 1
57467 3 1
57469 2 1
5747 3 1
57480 2 1
57481 2 2
57481 3 1
57482 2 1
57483 3 2
57486 3 1
57487 2 1
57488 3 1
57490 3 1
57493 2 1
57494 2 1
57495 2 2
57496 2 1
57496 3 1
57497 3 2
575 2 1
5750 3 1
57500 2 1
57501 2 1
57502 3 2
57504 2 1
57504 3 1
57506 3 1
57508 3 1
57512 3 1
57513 2 1
57516 3 1
57518 2 1
57525 2 1
57525 3 2
57526 2 1
57527 2 1
57528 2 1
57529 3 1
57537 2 1
57537 3 1
57539 2 1
57540 2 2
57541 2 2
57541 3 1
57542 3 1
57544 3 1
57548 2 1
57548 3 1
57549 2 2
5755 3 1
57550 2 1
57550 3 1
57551 2 1
57551 3 2
57552 3 2
57554 3 1
57557 2 1
57557 3 1
57558 2 1
57559 3 2
57562 2 1
57562 3 1
5757 2 1
5757 3 1
57570 2 1
57571 2 2
57571 3 1
57579 2 1
5758 2 1
5758 3 2
57584 2 1
57585 3 1
57588 3 1
57591 2 1
57592 3 1
57594 2 1
57594 3 1
576 3 1
57600 3 1
57602 2 1
57602 3 2
57603 2 1
57605 3 1
57608 3 1
5761 2 1
5761 3 1
57611 3 1
57614 2 2
57614 3 1
57615 3 1
57617 3 1
57618 2 1
57618 3 2
57619 2 2
5762 2 1
57620 2 1
57620 3 1
57627 2 1
57629 3 1
5763 2 1
57631 2 1
57631 3 1
57632 2 2
57632 3 1
57633 2 1
57634 2 1
57635 3 1
57637 2 1
57637 3 1
57638 2 1
57638 3 2
57639 3 1
5764 3 1
57642 2 1
57642 3 1
57651 2 1
5766 3 1
57661 3 1
57663 3 1
57665 2 1
57666 2 1
57667 2 1
57670 2 1
57674 2 2
57674 3 1
57675 3 1
57677 2 1
57679 2 1
5768 2 1
57680 2 1
57682 3 1
57684 2 1
57684 3 1
57685 2 2
57685 3 1
57686 2 1
57690 2 1
57690 3 1
57691 2 1
57699 2 1
57700 2 1
57700 3 2
57701 3 1
57703 3 1
57705 3 1
57707 3 1
5771 3 1
57715 2 1
57716 2 1
57717 2 2
57718 2 1
57718 3 1
57719 2 1
57724 2 1
57725 2 1
57729 2 1
57729 3 1
57735 2 1
57745 2 1
57745 3 1
57748 3 1
57751 3 1
57753 2 1
57753 3 1
57754 2 1
57755 2 2
57755 3 1
57756 3 1
57759 2 1
5776 2 1
5776 3 1
57760 2 2
57761 2 1
57761 3 1
57763 3 1
57768 2 1
5777 3 1
57770 3 1
57772 2 1
57772 3 1
57776 2 1
57777 2 2
57777 3 1
57778 3 1
57781 2 1
57781 3 1
57784 3 1
57785 2 1
5779 2 1
57793 2 1
57793 3 1
57794 2 1
57795 3 1
57799 3 1
5780 2 1
57801 3 1
57802 2 1
57803 2 1
57804 2 1
57805 2 1
57806 2 2
57806 3 1
5781 2 2
57811 2 1
57811 3 2
57812 2 2
57813 2 1
57813 3 1
57814 3 2
57817 2 1
57817 3 1
5782 2 1
5782 3 1
57820 2 1
57821 2 1
57822 2 1
57825 2 1
57826 2 1
57827 3 2
57829 2 1
57829 3 1
5783 3 2
57830 2 1
57831 2 2
57831 3 1
57832 3 1
57836 2 1
57836 3 1
57838 2 1
57839 3 1
57841 2 1
57841 3 2
57843 3 1
57845 3 1
57846 2 1
57847 3 1
5785 3 1
57852 2 1
57852 3 1
57858 2 1
57858 3 2
57859 3 1
57867 2 1
57867 3 1
57868 2 1
57869 2 1
57870 2 2
57871 2 1
57871 3 1
57872 3 1
57875 2 1
57875 3 2
57876 2 1
57876 3 2
57877 2 2
57877 3 1
57878 2 1
57879 3 1
5788 3 1
57881 2 1
57881 3 2
57882 2 1
57883 2 2
57883 3 1
57884 2 2
57884 3 1
57885 3 1
57887 2 1
57888 3 1
57899 2 1
57899 3 2
579 2 2
579 3 1
5790 2 1
57900 2 1
57901 2 2
57902 3 1
57905 3 1
57907 2 2
57907 3 1
57908 2 1
57908 3 1
57913 2 1
57931 2 1
57932 2 2
57932 3 1
57933 2 1
57938 3 1
57940 3 1
57944 2 1
57944 3 2
57953 2 1
57954 2 2
57955 3 1
57959 2 1
57959 3 1
57964 2 1
57964 3 1
57967 2 1
57968 3 1
57970 2 1
57970 3 1
57973 2 1
57974 2 1
57975 2 2
57976 2 1
57976 3 1
57979 2 1
57979 3 1
57980 2 1
57982 3 1
57985 3 1
57988 3 1
57997 2 1
57997 3 1
57998 2 1
57999 2 2
580 2 2
580 3 1
5800 2 1
5800 3 1
58002 2 1
58003 3 1
58009 2 1
58009 3 1
58014 2 1
58014 3 1
58015 3 2
58018 2 1
58023 3 1
58025 2 1
58025 3 2
58031 3 1
58033 2 1
58034 2 1
58035 2 1
58038 3 1
58040 2 1
58041 2 2
58041 3 1
58044 3 1
58047 2 1
58051 3 1
58054 3 1
58058 2 1
58058 3 1
58059 2 1
58060 3 1
58063 3 1
58065 2 1
58066 3 1
58069 3 1
58071 3 1
58076 2 1
58076 3 2
58078 3 1
58079 2 1
58080 2 1
58081 3 1
58083 2 1
58084 2 1
58085 2 1
58086 2 2
58086 3 1
58087 3 1
58097 2 1
58097 3 1
581 2 1
581 3 1
58101 2 2
58101 3 1
58102 3 1
58104 2 1
58104 3 1
58105 2 1
58110 2 1
58111 3 1
58113 2 1
58117 3 1
58119 2 1
58119 3 1
58120 2 1
58124 3 1
58125 2 1
58131 2 1
58131 3 1
58132 3 2
58133 3 2
58134 2 1
58135 3 1
58137 3 1
58141 2 2
58141 3 1
58142 2 1
58143 2 1
58144 2 1
58145 2 1
58146 2 1
58147 3 2
58150 2 1
58151 3 1
58153 2 1
58154 2 2
58155 3 1
58158 2 2
58158 3 1
58159 2 1
58159 3 1
58162 3 2
58163 2 1
58163 3 2
58164 3 1
58167 2 1
58167 3 1
58168 2 1
58169 3 1
5817 2 1
58177 2 2
58177 3 1
58178 3 1
58191 3 1
58202 3 1
58206 2 1
5821 3 1
58210 2 1
58211 2 1
58212 2 1
58212 3 2
58213 2 1
58213 3 2
58214 3 1
58218 3 1
58219 2 1
58223 3 1
58225 3 1
58227 2 1
58227 3 1
58240 3 1
58246 3 1
58249 3 1
5825 2 2
5825 3 1
58252 3 1
58255 2 2
58255 3 1
58256 2 1
58256 3 1
58257 2 1
58258 3 2
5826 2 1
5826 3 1
58260 2 1
58260 3 1
58261 2 1
58261 3 2
58262 2 1
58262 3 2
58263 2 1
58263 3 2
58264 2 1
58265 2 1
58266 2 2
58266 3 1
58267 3 1
5827 3 1
58270 3 1
58275 2 1
58275 3 1
58277 3 1
58279 3 1
58284 2 1
58284 3 2
58285 2 1
58286 3 1
58289 3 1
58290 3 2
58291 2 1
58292 2 2
58292 3 1
58294 2 1
58295 3 1
5830 2 2
5830 3 1
58300 2 1
58306 3 1
58307 2 1
5831 3 1
58311 2 1
58313 2 2
58313 3 1
58314 3 1
58321 2 1
58322 3 1
58324 2 1
58325 2 1
58326 3 1
58328 3 1
58330 2 1
58331 3 1
58333 2 1
58334 3 1
58337 2 1
58338 2 1
5834 2 1
5834 3 2
58341 2 1
58342 3 1
58344 2 1
58344 3 1
58345 2 1
58346 3 1
58348 3 1
5835 2 1
58351 3 1
58356 2 2
58356 3 1
58357 2 1
58358 3 1
5836 3 1
58361 2 1
58361 3 1
58362 2 1
58365 2 1
58366 2 1
58367 2 2
58371 2 2
58371 3 1
58372 3 1
58374 3 1
58378 2 1
58378 3 1
5838 2 1
58380 2 2
58380 3 1
58381 2 1
58382 3 1
58387 3 1
58389 3 1
58394 3 1
58399 2 1
584 2 1
584 3 1
58400 2 2
58400 3 1
58401 2 1
58402 2 1
58402 3 2
58403 3 1
58405 2 1
58405 3 2
58406 2 2
58406 3 1
58407 2 1
58408 3 1
58410 2 1
58410 3 1
58411 3 2
58417 2 1
58417 3 1
58418 2 1
5842 2 1
58420 2 2
58420 3 1
58421 2 1
58422 3 1
58426 2 1
58427 2 2
58427 3 1
58428 2 1
5843 3 1
58432 2 1
58432 3 1
58433 2 1
58437 3 1
58440 2 1
58441 2 1
58444 3 2
58445 3 1
58447 2 2
58447 3 1
58448 2 1
5845 2 1
5845 3 1
58450 2 1
58451 3 1
58453 3 1
58477 3 1
58478 2 1
58479 3 1
58482 2 1
58482 3 1
58483 2 1
58484 2 2
58485 2 1
58485 3 1
58486 2 1
58486 3 2
58487 2 1
58487 3 2
58488 3 2
5849 3 1
58490 3 1
58492 2 2
58492 3 1
58493 3 1
58495 2 1
58496 2 1
58497 2 2
585 2 1
58501 2 1
58501 3 1
58502 2 1
58509 3 1
5851 2 1
5851 3 1
58519 2 1
5852 2 1
58520 3 1
58522 2 1
58522 3 2
58523 2 1
58523 3 2
58524 2 2
58524 3 1
58525 2 1
58528 2 1
58528 3 1
58529 2 2
58529 3 1
58530 2 1
58531 2 1
58532 2 1
58532 3 2
58533 3 1
58536 2 2
58536 3 1
58537 3 1
58539 2 1
58539 3 1
58540 3 2
58542 3 1
58543 2 1
58548 2 1
58549 2 2
5855 2 1
58550 2 1
58550 3 1
58553 2 1
58554 3 1
58556 2 1
58557 3 1
58559 2 1
5856 3 1
58560 3 1
58562 2 1
58572 2 1
58572 3 1
58573 2 1
58573 3 2
5858 2 1
5858 3 1
58583 2 1
58583 3 2
58592 2 1
58593 3 1
58596 2 2
58596 3 1
58597 2 1
58597 3 1
586 2 1
58601 2 1
58602 3 1
58604 3 1
5861 3 1
58613 3 1
58616 2 2
58616 3 1
58617 2 1
58617 3 1
58620 2 1
58620 3 1
58625 2 1
58625 3 1
58626 3 2
5863 2 1
5864 2 1
58641 2 1
58647 2 1
58650 3 1
58652 2 2
58652 3 1
58653 2 1
58653 3 1
58655 3 1
58657 2 1
58658 2 2
58658 3 1
58660 2 1
58662 3 1
58672 2 1
58672 3 1
58673 2 2
58674 2 1
58674 3 1
58675 2 1
58675 3 2
58676 3 2
58678 3 1
58680 2 1
58681 2 1
58682 2 1
58683 2 1
58684 2 1
58685 2 1
58686 2 2
58686 3 1
58687 3 1
58690 3 1
58692 3 1
58694 2 1
58694 3 1
587 2 2
587 3 1
58701 2 1
58701 3 1
58706 2 1
58706 3 1
58714 2 1
58714 3 1
58715 2 2
58716 2 1
58716 3 1
58717 3 2
58720 2 2
5873 3 1
58746 2 1
58749 2 1
5875 2 1
58750 3 1
58752 3 1
58755 2 1
58755 3 2
58756 2 1
58757 2 1
58758 2 1
5876 3 1
58762 2 1
58762 3 2
58768 3 1
58769 2 1
58773 3 1
58779 3 1
5878 2 1
5878 3 1
58786 3 1
5879 2 2
5879 3 1
58791 2 1
58792 2 1
58793 2 1
58797 2 1
58797 3 1
58798 2 2
58799 3 1
588 3 1
5880 2 1
58802 2 1
58802 3 1
58806 2 2
58806 3 1
58807 3 1
58809 2 1
58810 2 1
58814 3 1
58815 2 1
58818 3 1
58820 3 1
58827 2 1
58828 3 1
58830 3 1
58834 3 1
58835 2 1
58836 3 1
58840 2 1
58841 2 2
58841 3 1
58842 2 1
58847 2 1
58848 2 1
58849 3 1
58851 2 1
58851 3 1
58852 2 1
58853 3 1
5886 2 1
5886 3 1
58863 2 1
58864 3 1
58866 2 1
5887 2 1
58873 2 1
58876 3 1
58877 2 1
58877 3 2
58878 3 1
5888 3 1
58882 3 1
58883 3 2
58884 2 1
58884 3 2
58885 2 2
58885 3 1
58886 2 1
58887 3 2
58889 2 1
58889 3 1
5890 2 1
5890 3 1
58901 2 1
5891 2 2
5891 3 1
58913 2 1
58913 3 1
58917 3 1
5892 2 1
58920 3 1
58922 2 1
58925 2 1
58926 3 1
58928 2 1
58928 3 2
58930 3 1
58933 2 1
5894 3 1
58940 3 1
58942 3 1
58944 2 1
58945 2 1
58946 2 1
58947 2 1
58956 2 1
58959 2 1
58959 3 1
58963 3 1
58966 3 1
58969 2 1
58970 2 1
58973 2 1
58973 3 1
58974 2 1
58975 2 1
58976 3 2
58979 3 1
58980 2 1
58983 2 1
58987 2 1
58988 2 1
5899 3 1
58990 2 2
58990 3 1
58991 3 1
58993 2 1
58994 2 1
590 2 2
590 3 1
59024 2 1
59025 3 1
59029 3 1
59030 2 1
59031 2 1
59031 3 2
59032 3 1
59037 2 1
59037 3 1
59040 3 1
59041 2 1
59042 2 2
59042 3 1
59043 2 1
59049 2 1
5905 3 1
59056 2 1
59057 3 1
59059 2 1
59059 3 1
59061 3 1
59067 3 1
59069 3 1
5907 3 1
59071 2 1
59071 3 1
59074 2 1
59074 3 1
59075 2 1
59075 3 2
59076 2 2
59076 3 2
59077 3 1
5908 2 1
59083 2 1
59086 3 1
59087 2 1
59087 3 2
5909 2 1
59090 3 1
59095 2 1
59096 3 1
59098 2 1
59099 2 1
591 2 1
5910 3 1
59104 3 1
59106 3 1
59108 3 1
59113 3 1
59115 3 1
59119 2 1
59120 2 1
59121 3 2
59123 3 1
59134 3 1
59138 2 1
59138 3 1
59140 2 1
59141 2 1
59143 3 1
59146 2 1
59152 2 1
59153 2 1
59154 2 1
59155 3 2
59157 2 1
59157 3 1
5916 2 1
59161 2 1
59161 3 1
59162 2 1
59170 3 1
59177 2 1
59177 3 1
59179 2 2
59179 3 1
59180 2 1
59180 3 1
59181 3 1
59183 3 1
59187 2 1
59188 3 1
59190 2 1
59190 3 2
59191 3 1
59197 2 1
59198 3 1
59200 3 1
59208 3 1
5921 2 1
59211 2 1
59219 2 1
59219 3 1
5922 2 1
59220 2 1
59221 2 1
59221 3 2
59222 3 1
59224 2 1
59224 3 1
59225 3 1
59228 2 1
59228 3 1
5923 2 2
5923 3 1
59232 3 1
59233 3 2
59234 2 1
59234 3 2
59235 2 2
59235 3 1
59236 2 1
59239 3 1
5924 2 1
59242 2 1
59242 3 1
59243 3 2
59246 2 1
59246 3 1
59248 2 1
5925 3 2
59251 3 1
59253 3 1
59260 2 1
59265 2 1
59291 3 1
59295 3 1
59297 2 1
59297 3 1
59298 2 1
5930 2 1
59301 2 1
59301 3 1
59302 2 2
59303 2 1
59303 3 1
59304 2 1
59309 2 1
59309 3 1
59312 3 1
59317 2 1
59318 3 1
59322 3 1
59323 2 1
59324 3 1
59327 2 1
59328 2 2
59328 3 1
59329 3 1
59336 2 1
59337 2 2
59338 2 1
59338 3 1
59339 3 2
59341 3 1
59344 2 1
59344 3 2
59345 2 1
59346 2 1
5935 2 1
59350 2 1
59350 3 1
59356 2 1
59357 3 1
59359 2 1
59359 3 1
5936 3 1
59360 3 2
59365 2 2
59366 2 1
59367 3 1
59374 2 1
59374 3 2
59375 2 2
59375 3 1
59376 2 1
59377 2 1
59382 2 1
59385 2 1
59387 3 1
59391 2 1
59391 3 1
59392 2 2
59392 3 1
59393 3 1
59401 2 1
59401 3 1
59402 3 1
59404 2 1
59405 3 1
59413 2 1
59414 3 1
59417 3 1
59418 2 1
59419 3 1
59425 2 1
59425 3 1
59426 2 1
59427 2 2
59428 3 1
59429 2 1
59430 2 1
59431 3 2
59433 3 1
59437 3 1
59441 2 1
59445 3 1
59447 3 1
59449 2 2
59449 3 1
59450 2 2
59450 3 1
59451 2 1
59459 2 1
59460 2 1
59461 3 2
59467 2 2
59468 2 1
59469 2 1
5947 2 1
5947 3 1
59472 3 1
59473 2 1
59474 2 1
59476 3 1
59478 2 1
5948 3 1
59487 2 1
59487 3 1
59491 2 1
59491 3 1
59494 2 2
59494 3 1
59495 3 1
59497 2 1
59497 3 1
595 2 1
59500 2 1
59500 3 1
59501 2 2
59501 3 1
59502 2 1
59503 2 1
59504 2 1
59507 3 1
59508 2 1
59512 2 1
59513 2 1
59514 3 1
59520 2 1
59520 3 1
59523 2 1
59524 3 1
59526 3 1
59527 2 1
59528 2 1
59529 3 1
59564 2 1
59565 2 2
59566 2 1
59566 3 1
59567 3 2
59571 3 1
59573 3 1
59575 3 1
59577 3 1
59579 3 1
5958 3 1
59583 2 1
59585 3 1
59587 3 1
59589 3 1
59591 2 2
59591 3 1
59592 3 1
59594 2 1
59595 3 1
59598 2 1
59598 3 2
596 2 1
5960 2 1
59601 3 1
59606 3 1
59608 2 1
59608 3 2
59609 2 1
5961 2 1
5961 3 2
59610 2 2
59610 3 1
59612 2 1
59613 2 1
59614 3 1
5962 3 1
59623 2 1
59624 2 1
59625 3 1
59627 3 1
59629 2 1
59630 2 1
59631 2 2
59631 3 1
59637 2 1
59638 2 1
5964 2 1
5964 3 1
59640 2 1
59641 3 1
59643 2 1
59643 3 1
59644 2 1
5965 2 1
59650 3 1
59657 2 1
59657 3 2
59658 2 1
59660 2 1
59661 2 2
59662 2 2
59662 3 1
59663 3 1
59671 2 2
59671 3 1
59672 3 1
59675 2 1
59675 3 2
59676 3 1
5968 3 1
59680 2 1
59681 2 1
59681 3 2
59682 3 1
59684 2 1
59685 2 1
59689 2 1
59692 2 1
59693 2 1
59698 3 1
5970 2 1
5970 3 1
59701 2 1
59701 3 1
59709 2 1
59711 3 1
59715 3 1
59717 2 1
59717 3 2
59718 2 2
59718 3 1
59719 2 1
59720 3 2
59725 2 1
59725 3 1
59726 2 1
59727 2 1
59729 3 1
5973 2 2
5973 3 1
59731 2 1
59731 3 1
59732 3 1
5974 2 2
5974 3 1
59742 3 1
59746 2 1
59746 3 2
59747 3 1
5975 2 1
59752 2 1
59753 2 1
59754 2 1
59755 3 1
59760 2 1
59764 2 2
59764 3 1
59765 2 1
59769 2 1
59769 3 1
59770 2 2
59771 3 1
59777 3 1
59788 2 1
59789 2 1
5979 2 1
59790 3 2
59799 3 1
5980 3 1
59802 2 1
59803 3 1
59805 2 1
5982 2 1
5983 2 2
5983 3 1
59833 3 1
59836 2 1
59837 2 1
59838 2 1
59839 3 1
5984 3 1
59841 2 2
59841 3 1
59842 2 1
59842 3 1
59845 3 1
59847 2 1
59849 2 2
59850 2 1
59850 3 1
59851 2 1
59852 3 2
59853 3 1
59855 3 1
59857 3 1
59859 3 1
59861 2 1
59862 3 2
59866 2 1
59867 2 1
59868 3 1
5987 3 1
59870 2 1
59870 3 1
59876 2 1
59877 2 1
59878 3 1
59880 2 1
59880 3 2
59882 3 1
59885 2 1
59886 3 1
59888 2 1
59888 3 1
5989 3 1
59891 3 1
59901 2 1
59905 2 1
59906 3 1
5991 3 1
59910 2 2
59916 2 1
59916 3 1
59917 2 1
59918 3 1
59920 2 2
59920 3 1
59921 3 1
59922 2 1
59923 2 1
59925 2 1
59926 2 1
59926 3 2
59927 3 1
5993 2 1
59932 2 1
59933 2 2
59934 2 1
59934 3 1
59937 2 1
59938 3 1
5994 3 1
59941 2 2
59941 3 1
59942 2 1
59943 2 1
59951 2 1
59951 3 1
59960 3 1
59962 3 1
59968 3 1
59970 2 1
59970 3 1
59971 2 2
59972 3 1
59973 2 1
59974 3 1
59976 2 1
59976 3 1
59979 3 1
5998 2 1
5998 3 1
5999 2 1
59990 2 1
59990 3 1
59991 2 1
59993 3 1
59995 3 1
59999 2 1
60000 2 1
60001 2 2
60002 3 1
60006 3 1
60007 2 1
60007 3 2
60008 3 1
60012 3 1
60014 2 1
60014 3 1
60015 2 1
60016 2 1
60017 3 2
6002 3 1
60025 3 1
60027 3 1
60030 3 1
60033 2 1
60033 3 1
60034 3 2
60036 3 1
60037 2 1
60038 2 2
60038 3 1
60039 3 1
6004 2 1
6004 3 1
60041 2 1
60042 3 1
60044 2 1
60044 3 1
60045 3 1
60048 2 1
60049 2 1
60050 3 1
60052 2 1
60052 3 1
60053 2 1
6006 2 1
60060 2 1
60060 3 1
60069 2 1
6007 2 1
60072 3 1
6008 3 2
6010 2 1
6010 3 1
60103 2 1
60104 2 1
60105 3 1
60109 3 1
6011 3 2
60111 2 1
60115 3 1
60118 3 1
60119 2 1
60120 3 2
60122 2 1
60122 3 1
60123 2 2
60124 2 1
60124 3 1
60125 3 2
60129 2 1
60130 3 1
60132 2 1
60132 3 1
60134 2 1
60136 3 1
60139 2 1
6014 2 1
60149 2 1
6015 2 2
6015 3 1
60150 3 1
60152 2 1
60155 2 2
60155 3 1
60156 2 1
6016 2 1
60160 2 1
60163 2 1
60163 3 1
60164 2 1
60167 3 1
6017 3 2
60178 2 1
60180 2 2
60180 3 1
60181 3 1
60183 2 1
60184 2 1
60188 3 1
60190 2 1
60191 3 2
60196 2 1
602 3 1
6020 3 1
60211 3 1
60214 3 1
60219 2 1
6022 2 1
6022 3 1
60225 2 1
60225 3 1
60227 2 1
60229 2 1
6023 2 1
60233 2 1
60235 2 1
60235 3 2
60236 3 1
60239 2 1
6024 2 1
60242 3 1
60244 2 2
60244 3 1
60245 2 1
60245 3 1
60249 2 2
60249 3 1
60250 2 1
60250 3 1
60259 2 1
60266 2 1
60267 3 1
6027 2 1
60272 2 1
60273 3 1
60276 2 1
6028 3 1
60280 2 1
60281 2 1
60284 3 1
60287 2 1
60287 3 1
60295 2 1
6030 2 1
6030 3 1
60300 3 1
60303 2 1
60304 2 1
60308 2 1
60314 2 2
60315 3 1
60324 3 1
60327 2 1
60328 2 1
60331 3 1
60341 2 1
60375 2 1
60378 2 1
60385 3 1
60387 2 1
60387 3 1
60388 3 2
60390 2 1
60390 3 1
60391 2 2
60391 3 1
60392 3 1
60394 2 1
60395 2 1
604 2 2
604 3 1
60404 3 1
60406 2 1
6041 2 1
60411 2 1
60411 3 1
60413 2 1
60414 2 1
60415 2 1
60416 3 1
6042 2 1
6042 3 2
60423 3 1
60424 2 1
6043 2 1
6043 3 2
60430 3 1
60432 2 1
60432 3 1
60437 3 1
6044 3 1
60446 3 1
60448 3 1
60450 2 1
60455 2 1
60456 2 2
60457 2 1
60457 3 1
6046 2 2
6046 3 1
60461 2 1
60461 3 1
60462 2 1
60469 3 1
6047 2 1
60470 2 1
60471 2 1
60472 3 1
60474 3 1
6048 3 1
60481 2 1
60482 3 1
60484 2 1
60488 3 1
60490 3 1
60491 2 1
60492 2 1
60493 2 1
60494 2 1
60505 2 1
60505 3 1
60506 2 2
60507 2 1
60507 3 1
60509 3 1
60512 2 1
60513 2 2
60513 3 1
60514 2 1
60517 2 1
60517 3 1
60518 2 2
60518 3 1
60519 2 1
6052 2 1
60520 3 2
60523 3 1
6053 2 1
60531 2 1
60531 3 1
60532 2 1
60536 2 2
60537 2 1
60538 2 1
60539 2 1
60540 2 1
60540 3 2
60541 3 1
60543 3 1
6055 2 2
60550 3 1
60554 3 1
60556 2 1
60556 3 1
60557 2 2
60558 3 1
6056 2 1
6056 3 1
60568 2 1
60569 2 1
6057 2 1
60581 2 1
60581 3 1
60587 3 1
60593 2 1
60599 2 1
6061 3 1
60631 3 1
60638 2 1
60639 3 1
60642 2 1
60642 3 1
60643 3 1
60646 3 1
60648 3 1
60657 2 1
60658 2 1
60659 2 1
60660 2 2
60661 2 2
60661 3 1
60662 3 1
60669 3 1
6067 2 1
60673 2 1
6068 2 1
60683 3 1
60687 2 1
60692 2 1
60692 3 1
60696 2 1
60696 3 1
60698 3 1
60700 2 2
60700 3 1
60701 2 1
60701 3 1
60707 2 1
60709 2 1
60710 2 1
60710 3 2
60711 2 1
60711 3 2
60712 2 1
60712 3 2
60713 3 1
60715 2 1
60715 3 1
60716 3 2
60718 3 1
60724 2 1
60724 3 1
60726 2 1
60729 2 1
60729 3 1
60738 2 1
6074 2 1
6074 3 1
60742 2 1
6075 2 1
60752 3 1
60755 3 1
60757 2 1
60758 2 2
60759 2 1
60759 3 1
60767 2 1
60767 3 1
60769 3 1
60771 2 1
60771 3 1
60773 3 1
60775 3 1
60777 3 1
60779 2 2
60779 3 1
6078 3 1
60780 2 1
60780 3 1
60781 3 1
60783 3 1
60786 2 1
60786 3 1
60787 2 2
60788 3 1
60790 2 1
60790 3 1
60791 2 1
60801 3 1
60803 3 1
60804 3 2
60806 3 1
60810 2 1
60810 3 1
60811 2 2
60812 2 1
60812 3 1
60813 3 2
60815 2 1
60815 3 1
60816 2 1
60818 3 1
6082 2 1
60820 3 1
60822 2 1
60822 3 1
60823 2 1
60824 3 2
60826 3 1
60828 2 1
6083 2 1
60834 2 1
60835 2 1
6084 2 1
60843 2 1
60843 3 1
60846 3 1
60848 2 1
60848 3 1
60849 2 1
60849 3 2
6085 3 1
60850 2 1
60850 3 2
60851 3 2
60854 3 1
60855 2 1
60855 3 2
60856 2 2
60856 3 1
60857 2 1
60863 3 1
60867 2 1
60867 3 1
60872 2 1
60873 2 1
60878 2 1
6088 2 1
60903 2 1
60909 3 1
6091 2 1
6091 3 2
60911 2 1
60911 3 1
60912 2 2
60913 3 1
60915 2 1
6092 3 1
60931 2 1
60938 2 1
60946 2 1
60946 3 1
6095 2 2
6095 3 1
60952 2 1
60955 2 1
60955 3 1
60957 3 1
60959 3 1
6096 2 2
6096 3 1
60960 2 1
60961 2 1
60966 3 1
60968 2 1
60968 3 2
60969 2 2
60969 3 1
6097 2 1
60970 2 1
60971 3 2
60978 3 1
6098 3 1
60980 2 1
60981 2 1
60982 2 2
60982 3 1
60983 3 1
60985 2 1
60985 3 2
60986 2 1
60986 3 2
60987 2 2
60987 3 1
60988 2 1
60989 2 1
60990 2 1
6100 2 2
6100 3 1
61003 3 1
6101 2 1
61013 3 1
61015 2 1
61022 3 1
61025 2 1
61026 3 2
61027 3 1
61029 3 1
6103 2 1
61032 2 1
61032 3 1
61033 3 1
61035 2 1
61035 3 1
61039 3 1
6104 3 1
61041 3 1
61043 2 1
61045 2 2
61046 2 1
61046 3 1
61049 2 2
61049 3 1
61050 2 2
61050 3 1
61051 2 1
61055 2 1
61055 3 1
61058 2 1
61059 2 2
61059 3 1
6106 2 1
61060 3 1
61065 3 1
6107 3 1
61071 2 1
61072 2 2
61072 3 1
61073 2 1
61074 3 1
61078 2 1
61079 2 1
61088 2 1
61088 3 2
61089 2 2
61089 3 1
61090 2 1
61091 2 1
61094 2 1
61094 3 1
61095 2 1
611 2 1
611 3 1
61104 3 1
61107 3 1
61108 2 1
61109 2 1
61110 2 1
61111 3 1
61115 2 1
61118 2 1
61119 2 1
6112 2 2
61120 2 1
61121 2 1
61122 3 1
61124 2 1
61128 3 1
6113 2 1
61131 3 1
61133 2 1
61134 3 1
61136 2 1
61136 3 1
6114 2 1
61175 2 1
61175 3 1
61176 3 1
61178 2 1
61178 3 1
61179 3 2
61181 3 1
61183 2 1
6119 2 2
6119 3 1
612 2 1
6120 2 1
6120 3 1
61200 3 1
61216 3 1
61219 3 1
61225 3 1
61228 2 1
61234 2 1
61234 3 1
61235 2 1
61236 2 2
61237 2 1
61237 3 1
61238 2 1
61238 3 2
61239 3 2
61241 2 1
61241 3 1
61242 3 1
61245 2 1
61245 3 1
61246 3 1
61248 2 1
61250 3 1
61252 2 1
61253 2 2
61254 2 1
61254 3 1
61255 2 1
61256 2 1
61257 3 2
6126 2 1
61261 3 1
61264 2 1
61265 3 1
61267 2 1
61267 3 1
6127 2 1
61273 3 1
61275 2 1
61276 2 1
6128 3 2
61280 2 1
61280 3 1
61281 2 1
61282 2 2
61282 3 1
61283 2 1
61285 3 1
61291 2 1
61291 3 1
61292 3 2
61296 2 1
61296 3 1
61297 2 2
61298 2 1
61298 3 1
61299 3 2
613 3 1
61301 2 1
61301 3 1
61302 2 2
61303 3 1
6131 3 1
61310 2 1
61314 3 1
61315 2 1
61316 3 2
61319 2 1
61320 3 2
61322 3 1
61323 2 1
61329 2 1
61329 3 2
61332 3 1
61333 2 1
61342 3 1
61344 2 1
61351 2 1
61351 3 1
61356 2 1
61357 2 1
61358 2 1
61364 3 1
61369 2 1
61369 3 1
61370 3 2
61374 2 1
61375 2 1
61381 2 1
61385 3 1
61392 3 1
61398 3 1
61401 2 1
61405 2 1
61408 3 1
6141 2 1
61416 3 1
61418 3 1
6142 2 2
6142 3 1
61421 2 1
6143 2 1
6144 3 1
61445 2 2
61445 3 1
61446 3 1
6146 2 1
6146 3 2
6147 2 1
6148 2 2
61486 2 1
61486 3 2
61487 2 1
61487 3 2
61488 2 2
61488 3 1
61489 2 1
6149 3 1
61492 2 1
615 2 1
615 3 1
61501 2 1
61501 3 1
61502 2 1
61502 3 2
61503 2 1
61503 3 2
61507 2 1
61507 3 2
61508 2 1
61509 2 1
6151 3 1
61510 2 1
61511 2 2
61512 3 1
61515 2 2
61515 3 1
61516 3 1
6152 3 2
61520 3 1
61524 3 1
61527 2 1
61527 3 1
61528 2 1
61529 2 1
6153 2 1
61536 2 1
61537 2 2
61538 3 1
6154 3 1
61549 2 1
61552 3 1
61555 3 1
6156 3 1
61561 2 1
61562 2 1
61563 3 1
61566 3 1
61568 2 1
61569 2 1
61570 2 2
61570 3 1
61571 3 1
61573 2 1
61574 2 1
61576 3 1
61578 2 1
61580 3 1
61582 2 1
61582 3 1
61583 2 1
61584 3 2
61586 2 1
61586 3 1
61587 3 1
6159 2 1
61590 2 1
61590 3 1
61591 2 1
61594 3 1
61595 2 1
61596 2 1
61596 3 2
61597 2 1
61597 3 2
61598 2 1
61598 3 2
61599 3 1
616 2 1
6160 2 2
61601 2 1
61601 3 1
61604 3 1
61605 2 1
61606 2 1
6161 3 1
61611 2 1
61611 3 1
61615 3 1
61626 3 1
61632 2 1
61632 3 1
61633 2 2
61633 3 1
61634 2 1
61635 2 1
61636 2 1
61636 3 2
61637 3 1
61639 2 1
6164 3 1
61640 2 1
61642 2 1
61643 3 1
61646 3 1
61648 2 1
61649 3 1
61652 3 1
61654 2 2
61654 3 1
61655 3 1
61658 2 1
61658 3 1
61659 2 1
61660 3 1
61668 2 1
61669 2 1
61670 3 1
61673 2 1
61675 3 1
61686 3 1
617 2 2
61715 2 2
61715 3 1
61716 2 1
61717 2 1
61721 3 1
61723 2 1
61723 3 1
6173 2 1
61733 3 1
6174 2 2
6174 3 1
61742 2 1
6175 2 1
61755 2 1
61756 2 1
61757 2 1
61758 3 2
61763 3 1
61765 2 1
61766 2 1
61768 3 1
61771 2 1
61772 2 1
61773 3 1
61776 2 1
61776 3 1
61777 3 1
61782 2 1
61783 2 1
61784 2 1
61785 2 2
61786 3 1
61788 2 1
61788 3 1
61789 2 2
61789 3 1
61790 2 1
61793 2 1
61796 2 1
61796 3 1
618 2 1
618 3 1
6180 2 2
6180 3 1
61808 2 1
6181 2 1
6181 3 1
61810 3 1
61812 2 1
61819 3 1
6182 2 1
61822 2 1
61822 3 2
61823 3 1
61826 2 1
61828 3 1
61833 3 1
61836 3 1
61840 2 1
61846 2 1
61848 3 1
61854 2 1
61854 3 1
61855 2 1
61856 2 2
61857 3 1
6186 3 1
61860 3 1
61863 2 1
61863 3 1
61866 2 1
61866 3 1
61867 2 1
61867 3 2
61868 2 1
61869 2 2
61870 2 1
61870 3 1
61871 3 2
61874 3 1
61881 3 1
61884 2 1
61884 3 1
61888 2 2
61889 2 1
61889 3 1
61890 2 1
61892 3 1
61896 2 1
61897 3 1
619 3 1
61900 2 1
61900 3 1
61901 2 1
61901 3 2
61902 2 2
61903 3 1
61906 2 1
61906 3 1
61913 3 1
61916 2 1
61922 3 1
61924 2 1
61928 3 1
6193 3 1
61945 2 1
6195 2 1
6195 3 1
6196 2 1
6197 3 1
61991 3 1
61999 2 1
6201 3 1
6202 2 1
62028 2 1
62028 3 1
62029 2 1
62031 3 1
62033 2 1
62034 3 2
62035 3 1
62038 3 1
62043 3 1
62046 2 2
62046 3 1
62047 3 1
62049 2 1
62049 3 1
6205 2 2
6205 3 1
62050 2 1
62051 3 1
62058 2 2
62059 3 1
6206 2 1
62061 3 1
62063 3 1
62066 3 1
6207 2 1
6207 3 2
62070 3 1
62071 2 1
62072 2 1
62073 3 1
6208 3 1
62080 2 1
62080 3 2
62082 3 1
62086 3 1
62088 2 1
62089 2 2
62090 2 1
62090 3 1
62091 2 1
62092 2 1
62093 3 2
62098 3 1
621 3 1
62103 2 1
62104 3 1
62106 3 1
6211 3 1
62118 2 1
6212 2 1
62122 2 1
62127 3 1
62129 2 1
62129 3 1
6213 2 1
62130 2 2
62131 2 1
62131 3 1
62132 2 1
62132 3 2
62133 3 2
62136 2 1
62137 3 1
6214 2 1
62140 2 1
62141 2 1
62142 2 1
62143 2 1
62147 2 1
62147 3 1
62148 3 2
62149 3 1
6215 3 1
62151 2 1
62151 3 2
62152 2 1
62153 2 2
62153 3 1
62154 3 1
62157 3 1
62158 2 1
62162 2 1
62163 2 1
62164 3 1
62167 2 1
62168 2 1
62169 2 2
62169 3 1
6217 2 2
6217 3 1
62170 2 1
62171 3 1
62173 2 1
62174 3 1
62176 3 1
62180 2 1
62180 3 1
62181 3 1
62183 2 1
62184 3 1
62187 3 1
62189 3 1
62192 2 1
62193 3 1
62197 2 1
62197 3 1
62200 3 1
62206 2 1
62256 2 1
62257 3 1
62261 2 1
62266 2 1
62267 2 1
62271 2 1
62272 3 1
62276 2 1
6228 2 1
6228 3 2
6229 3 1
62295 2 1
62296 2 1
62301 2 1
62302 3 1
62304 2 1
62304 3 1
62308 2 1
62308 3 2
62309 2 1
62309 3 2
6231 2 1
6231 3 1
62310 3 1
62313 2 1
62316 2 2
62318 2 1
6232 2 2
62322 2 1
62323 2 1
6233 2 1
6233 3 1
62331 3 1
62333 3 1
62336 3 1
62339 2 1
62339 3 1
62340 3 2
62343 3 1
62345 3 1
62346 2 1
62347 2 1
62349 2 1
62350 3 1
62352 2 1
62352 3 2
62353 2 1
62353 3 2
62354 3 1
62356 2 1
62357 3 2
62358 3 1
62360 3 1
62363 2 1
62363 3 1
62364 2 1
62364 3 2
62366 3 1
62368 3 1
62371 2 1
62371 3 1
62372 3 1
62374 2 1
62383 2 1
62383 3 1
62384 2 1
62385 3 1
62389 3 1
62391 3 1
62396 2 1
62396 3 1
62399 3 1
624 2 1
624 3 1
62401 2 1
62402 2 1
62403 2 1
62404 2 1
62405 3 1
62408 2 1
62409 3 1
62418 2 1
62419 2 2
62420 2 1
62420 3 1
62421 3 1
62423 2 1
62424 2 2
62425 2 1
62425 3 1
6243 2 1
62430 2 1
62430 3 1
62431 3 1
62434 2 2
62434 3 1
62435 2 1
62435 3 1
62436 3 1
62439 3 1
6244 3 2
62441 3 1
62444 2 1
62444 3 2
62445 2 2
62445 3 1
62446 2 1
62450 2 2
62451 3 1
62454 3 1
62456 2 1
62456 3 1
62459 2 1
6246 3 1
62460 3 1
62464 2 1
62465 3 1
62467 3 1
62470 2 1
62472 3 1
6248 3 1
62484 2 1
625 2 1
6250 3 1
62527 2 1
6253 2 1
6253 3 2
62535 3 1
6254 2 2
62540 2 1
62547 2 1
6255 2 1
6255 3 1
6256 2 1
6256 3 2
62569 2 1
6257 3 2
62570 3 1
62576 2 1
62576 3 1
62577 2 1
62578 2 1
62579 2 1
62580 3 2
62584 3 1
62586 2 2
62586 3 1
6259 3 1
62594 3 1
62599 2 1
626 2 2
62603 2 1
62604 3 1
62606 3 1
62609 2 1
62609 3 2
6261 2 1
6261 3 2
62610 2 1
62611 2 1
62612 2 2
62612 3 1
62613 2 1
62621 2 1
62622 2 1
62623 2 1
62627 2 1
62627 3 1
6263 2 2
6263 3 1
62630 2 1
62630 3 2
62631 3 1
62633 2 1
62634 3 1
62636 2 1
62637 2 2
62637 3 1
62638 3 1
6264 2 1
62641 2 2
62641 3 1
62642 2 1
62643 3 1
62649 2 1
62649 3 1
6265 2 1
62650 2 1
62651 3 1
62653 3 1
62656 2 1
62657 2 1
6266 3 1
62665 2 1
62669 3 1
62678 2 2
62678 3 1
62679 2 1
6268 3 1
62684 2 1
62685 3 1
62690 2 2
62690 3 1
62691 2 1
62692 3 1
62699 2 1
627 2 1
627 3 1
62700 2 2
62701 3 1
62704 2 2
62704 3 1
62705 2 2
62705 3 1
62706 2 1
62707 3 1
6271 2 1
6271 3 1
62710 2 1
62713 2 1
62713 3 1
62714 2 1
62715 3 2
6272 2 2
62724 3 1
62726 3 1
6273 2 1
6273 3 1
62730 2 1
62730 3 2
62731 3 1
62734 2 2
62735 2 1
62736 2 1
62737 3 2
62743 2 1
62744 3 1
62746 2 1
62746 3 1
6278 2 1
6278 3 1
6279 2 2
6279 3 1
628 3 2
6280 2 1
62802 3 1
62805 2 1
62806 2 1
62807 2 1
6281 3 1
62815 3 1
62822 2 1
62822 3 1
62836 2 1
62836 3 1
62840 2 2
62841 2 1
62841 3 1
62844 2 1
62845 2 1
6285 3 1
62850 2 1
62850 3 1
62852 2 1
62853 2 1
62856 2 1
62856 3 2
62858 2 1
62859 3 1
62861 3 1
62862 2 1
62863 2 2
62863 3 1
62864 2 1
6287 2 1
6287 3 1
62870 3 1
62871 2 1
62872 3 1
62874 2 1
62878 2 1
62878 3 1
62879 3 1
6288 2 1
62882 3 1
62886 2 1
62887 2 1
62889 3 1
6289 2 2
6289 3 1
62896 2 1
62896 3 1
62899 2 1
62899 3 1
6290 3 1
62900 2 1
62900 3 2
62901 3 2
62904 2 1
62905 3 1
62907 2 1
62911 3 1
62913 2 1
62916 2 1
62917 3 1
62919 3 1
6292 3 1
62921 3 1
62923 2 1
62928 3 1
62935 3 1
62939 3 1
62944 2 1
62944 3 1
62947 2 1
62950 3 1
62957 3 1
62958 2 1
62963 2 1
62964 2 1
62969 3 1
62971 3 1
62974 2 2
62974 3 1
62975 3 1
62977 2 1
6298 2 1
62980 3 1
62982 2 1
62982 3 1
62983 3 2
62985 2 1
62985 3 1
62986 2 1
62991 2 2
62992 2 1
62992 3 1
62993 2 1
62996 3 1
62998 2 1
62998 3 1
62999 2 1
630 2 1
63000 2 1
63001 3 2
63007 2 1
63007 3 1
63008 3 1
63013 2 2
63014 2 1
6302 2 1
6302 3 1
6306 2 1
6307 3 1
63071 2 1
63089 2 1
63089 3 1
6309 2 1
6309 3 1
63096 3 1
631 2 1
6310 3 1
63109 3 1
63110 2 1
63111 3 2
63117 2 1
63117 3 1
63118 2 1
63119 2 2
63119 3 1
6312 2 1
6312 3 1
63125 2 1
63125 3 1
63126 3 1
63129 2 1
6313 2 1
6313 3 2
63130 2 2
63130 3 1
63131 3 1
63133 3 1
63139 2 1
63139 3 1
6314 2 2
63140 3 2
63142 3 1
63148 2 2
63148 3 1
63149 2 1
6315 2 1
6315 3 1
63159 2 1
63161 3 1
63164 2 1
63164 3 1
63169 2 1
63169 3 2
63170 2 1
63171 2 1
63172 3 1
63175 3 1
6318 2 2
6318 3 1
63181 3 1
63184 3 1
6319 2 1
6319 3 1
63191 2 1
63192 3 1
63196 2 1
63197 2 2
63197 3 1
63198 2 1
6320 2 1
6321 3 1
63214 3 1
63220 3 1
63224 3 1
63225 2 1
63226 2 1
63231 2 1
63233 3 1
63239 3 1
6324 3 1
63241 2 1
63242 3 1
63244 2 1
63245 3 2
63248 3 1
63249 2 1
6325 2 1
63252 2 1
63253 2 1
63258 3 1
6326 3 2
63261 2 1
63266 3 1
63268 3 1
63271 2 1
63271 3 1
63272 2 1
63272 3 2
63275 2 1
63276 2 1
63277 2 2
63278 3 1
63285 3 1
63286 2 1
63286 3 2
63287 2 1
63288 3 1
6331 2 1
63336 3 1
63344 2 1
63360 2 1
63366 3 1
63375 2 1
63375 3 1
63377 3 1
63379 3 1
63381 2 1
63381 3 1
63382 3 1
63384 2 1
63384 3 1
63385 2 1
63389 2 1
63391 3 1
63392 2 1
63393 3 1
63395 2 2
63395 3 1
63396 2 1
63397 3 1
63400 2 1
63400 3 2
63401 2 2
63402 2 1
63402 3 1
6341 2 1
63411 2 1
63414 2 1
63414 3 1
63416 3 1
63418 3 1
6342 2 1
63420 3 1
63425 3 1
63426 2 1
63427 3 1
6343 2 1
63431 2 1
63432 2 1
63433 2 1
63434 2 2
63435 3 1
63437 2 1
63438 2 1
63439 3 1
6344 3 2
63442 2 1
63442 3 2
63443 2 1
63444 2 2
63444 3 1
63445 3 1
63451 3 1
63454 2 1
63459 2 1
6346 2 1
63460 3 1
6347 2 1
63471 2 1
63480 2 1
63481 3 1
63484 2 1
63489 2 1
63493 2 1
63493 3 1
63494 3 2
63503 2 1
63504 3 1
63509 2 1
63510 3 1
63512 2 1
63512 3 2
63513 3 1
63515 2 1
63515 3 1
63517 2 1
63528 2 1
63528 3 2
63530 3 1
63534 2 1
63534 3 1
63539 2 1
63540 2 2
63540 3 1
63541 2 1
63545 3 1
63548 2 1
63548 3 2
63549 3 1
6355 3 1
63555 2 1
63556 3 1
63558 3 1
6357 2 1
6357 3 1
63579 2 1
63584 2 1
63586 3 1
6359 2 1
6360 2 1
6361 2 1
63615 2 1
63616 3 1
63632 3 1
63633 3 2
63634 2 1
63635 2 2
63635 3 1
63636 2 1
63638 2 1
63639 3 1
6364 2 1
6364 3 1
63645 3 1
63647 3 1
63649 2 1
6365 2 2
63650 2 1
63651 2 2
63652 3 1
63654 3 1
6366 3 1
63661 3 1
63664 3 1
63667 2 1
63668 2 1
63669 2 1
63669 3 2
63670 3 1
63672 3 1
63674 2 1
63674 3 1
63676 3 1
63677 2 1
6368 3 1
63683 2 1
63683 3 1
63686 3 1
63688 2 1
63688 3 2
63689 2 2
63689 3 1
63690 2 1
63694 2 1
63697 2 1
63699 2 1
6370 3 1
63700 3 1
63705 2 1
63707 3 1
63709 2 1
63710 2 1
63710 3 2
63711 2 1
63711 3 2
63712 3 1
63714 2 1
63714 3 2
63721 2 1
63722 2 1
63723 3 1
63730 3 1
63732 3 1
63737 2 1
63738 2 1
63740 3 1
63742 3 1
63750 3 1
63752 2 1
63753 3 1
63755 3 1
63758 3 2
63759 3 1
63763 2 1
63764 2 1
63765 3 1
6377 2 1
63771 2 1
63772 3 1
63775 2 1
63776 3 1
6378 2 1
63793 2 1
63793 3 1
63795 2 1
63795 3 2
63796 2 1
63796 3 2
63797 2 1
63797 3 2
63798 3 1
638 2 1
63800 2 1
63801 3 1
63803 2 1
63803 3 1
63804 2 2
63807 2 1
63814 2 1
63817 2 1
63817 3 1
63821 2 1
63821 3 1
63823 2 1
63824 3 1
63828 2 1
63829 3 1
63852 2 1
63853 3 1
63855 2 1
6389 2 2
6389 3 1
63899 2 1
639 2 1
6390 3 1
63900 3 1
63902 2 1
63903 3 1
63905 3 1
63911 3 1
63913 3 1
63915 2 1
63922 2 1
63923 2 2
63923 3 1
63924 3 1
63930 2 1
63930 3 1
63933 3 1
63934 3 2
63935 2 1
63935 3 2
63936 3 1
63939 2 1
63939 3 1
63946 3 1
63948 3 1
63952 2 1
63961 3 1
63963 3 1
63971 2 1
63972 2 1
63973 2 1
63974 3 1
63977 2 1
63978 3 1
6398 2 1
6398 3 1
63980 2 1
63980 3 1
63981 2 1
63981 3 2
63982 2 2
63983 2 1
63983 3 1
63984 3 1
6399 3 1
63993 2 1
63993 3 2
63994 3 1
64000 2 1
64000 3 2
64001 2 2
64001 3 1
64002 2 1
64007 3 1
6401 2 1
64010 2 1
64011 2 2
64011 3 1
64012 2 1
64018 2 1
64019 2 1
6402 2 1
64023 2 2
64024 2 1
64024 3 1
64028 2 1
64028 3 1
64029 2 2
6403 2 1
64030 2 1
64030 3 1
64031 2 1
64032 3 1
6404 2 1
64042 2 1
64043 2 1
64048 2 1
64048 3 1
64049 2 1
6405 2 1
64053 2 1
64059 2 1
64060 2 1
64060 3 2
64061 3 1
64063 3 1
64065 2 1
64065 3 1
64066 2 1
64067 2 2
64067 3 1
64068 3 1
64071 2 1
64072 2 2
64072 3 1
64073 3 1
64079 3 1
64080 2 1
64080 3 2
64081 2 1
64094 2 1
6410 3 1
6412 3 1
64121 3 1
6415 2 1
6416 3 1
64167 2 1
64170 2 1
64171 3 1
64173 3 1
64175 2 1
64181 3 1
64183 3 1
64186 3 1
64187 2 1
64188 2 1
64189 2 1
6419 2 1
6419 3 2
64190 2 1
64191 3 1
64193 2 2
64193 3 1
64194 3 1
64196 3 1
64197 2 1
64198 2 1
6420 2 2
6420 3 1
64203 2 1
64204 2 1
64205 2 1
64209 3 1
6421 2 1
64211 2 1
64211 3 1
64214 3 1
64217 2 1
6422 3 1
64226 3 1
64227 3 2
64229 2 1
64230 2 2
64230 3 1
64231 3 1
64233 2 1
64234 2 1
64235 2 1
64236 2 1
64237 2 2
64237 3 1
64241 3 1
64244 3 1
64248 2 1
64248 3 2
64249 2 2
64249 3 1
6425 2 1
64250 2 1
64251 3 1
64253 2 2
64253 3 1
64254 2 1
64255 2 1
64255 3 2
64256 2 1
64256 3 2
64257 3 1
64261 2 1
64261 3 1
64262 2 1
64262 3 2
64263 2 1
64263 3 2
64264 3 2
64275 3 1
64276 2 1
64277 2 2
64278 2 1
64278 3 1
64279 3 1
64281 3 1
64283 3 1
64284 3 2
64293 2 1
64297 2 1
64297 3 1
643 2 1
64300 3 1
64303 2 1
64304 2 1
64310 2 1
64311 3 1
64314 3 1
64330 2 1
64331 2 2
64332 2 1
64332 3 1
64335 3 1
64337 2 1
64338 2 2
64339 2 1
64339 3 1
64340 3 1
64342 2 1
64343 2 2
64344 2 1
64344 3 1
64347 2 1
64348 2 2
64348 3 1
64349 2 1
64350 3 1
64353 3 1
64354 2 1
64355 2 1
64356 2 1
6436 3 1
64362 2 1
64363 3 1
6437 2 1
64399 2 1
64399 3 1
644 3 1
64441 2 1
64442 2 1
64448 3 1
64449 2 1
64450 2 1
64453 2 1
64454 2 1
6446 3 1
64461 3 1
64463 2 1
64463 3 2
64466 3 1
64469 3 1
6447 2 1
64470 2 1
64471 3 1
64477 2 1
64477 3 1
64478 2 1
64479 2 2
6448 3 1
64480 2 1
64480 3 1
64481 3 2
64484 2 1
64485 2 1
64487 3 1
64494 2 1
64494 3 1
64495 2 2
64495 3 1
64496 2 1
64497 3 1
6450 2 1
64500 2 2
64500 3 1
64501 3 1
64507 2 1
64507 3 2
64509 3 1
64510 2 1
64514 2 1
64521 3 1
64523 3 1
64525 2 1
64525 3 1
64526 2 1
64526 3 2
64531 2 1
64532 2 1
64533 2 1
64534 2 1
64541 2 1
64542 2 1
64543 2 1
64544 2 2
64544 3 1
64545 3 1
64548 2 2
64548 3 1
64549 2 1
64549 3 2
6455 2 1
64550 2 1
64550 3 2
64551 3 2
64553 2 1
64554 3 1
64557 3 1
6456 2 2
64566 2 1
64566 3 1
64569 2 1
64569 3 1
6457 2 1
6457 3 1
64570 3 2
64575 3 1
6458 2 1
64584 2 1
64588 2 1
64589 3 1
6459 3 1
64597 3 1
64600 3 1
64602 3 1
64605 2 1
64606 3 1
64609 2 2
64609 3 1
64610 2 1
64611 3 1
64620 2 1
64621 2 1
64622 2 1
6463 2 1
64632 2 2
64633 2 1
64634 2 1
64638 3 1
6464 2 2
6464 3 1
6465 3 1
6467 3 1
647 2 2
647 3 1
6471 3 1
64714 2 1
64714 3 1
64715 2 1
64717 2 1
64725 3 1
64726 2 1
64727 3 1
64729 2 1
64729 3 1
6473 3 1
64730 2 1
64731 2 2
64732 2 1
64732 3 1
64733 3 1
64735 2 1
64735 3 1
64739 3 1
6474 2 1
64741 3 1
64744 2 1
64744 3 1
64745 2 1
6475 3 2
64750 2 1
64751 2 1
64752 3 1
64758 2 1
64759 2 1
64762 2 1
64763 2 1
64764 2 2
64765 3 1
64767 3 1
6477 2 1
6477 3 1
64770 2 1
64770 3 2
64775 2 1
64775 3 1
64776 2 1
64777 3 1
64779 3 1
64782 2 1
64782 3 1
64783 3 1
64785 3 1
64789 2 1
64790 2 2
64790 3 1
64791 2 1
64795 2 1
64796 3 1
648 2 1
64808 3 1
6481 3 1
64810 3 1
64814 2 1
64814 3 2
64818 2 1
64818 3 2
64819 2 1
64820 2 1
64821 2 1
64822 3 1
64824 2 2
64824 3 1
64825 2 1
64825 3 1
64826 2 1
64829 3 1
64832 3 1
64834 2 1
64834 3 1
64835 2 1
64845 3 1
6485 3 1
64851 2 1
64852 3 1
64855 3 1
64857 3 1
64859 2 1
64865 3 1
64867 3 1
64876 3 1
64878 2 1
64878 3 1
64881 3 1
64888 2 1
64889 3 1
64894 2 1
64894 3 1
64895 2 1
64895 3 2
64896 2 1
649 3 1
64906 2 1
64907 2 1
64935 2 1
64938 3 1
64942 3 1
6497 2 1
6498 2 1
64981 2 1
64981 3 1
64989 2 1
64989 3 1
6499 3 2
64990 2 1
64990 3 2
64991 2 1
64992 2 1
64993 3 1
64995 3 1
64997 2 1
64997 3 2
64998 2 1
65002 2 2
65002 3 1
65003 2 1
65003 3 2
65004 2 1
65004 3 2
65005 3 2
65008 2 1
65008 3 1
65009 2 2
6501 3 1
65010 2 1
65010 3 1
65011 3 2
65013 2 1
65013 3 1
65022 2 1
65023 3 1
65025 2 1
65025 3 1
65026 2 1
65028 3 1
6503 3 1
65035 2 1
65035 3 2
65036 2 2
65036 3 1
65037 2 1
65038 2 1
65038 3 2
65039 2 1
65039 3 2
65040 3 1
65044 2 1
65044 3 1
65045 3 2
65047 2 1
65051 2 1
65051 3 1
65052 2 2
65053 3 1
65055 3 1
65060 3 1
65066 2 1
65067 2 1
65068 3 1
65073 2 1
65073 3 1
65074 2 1
65077 2 1
6508 3 1
65080 3 1
65082 2 1
65082 3 1
65083 2 1
65084 3 1
65087 2 1
65087 3 1
65088 3 1
6509 3 2
65092 3 1
65094 2 2
65094 3 1
65095 3 1
65099 3 1
651 3 1
6510 2 1
65107 2 1
65107 3 1
65108 2 1
6511 3 1
65125 3 1
65127 2 1
65128 3 1
65134 2 1
65137 2 1
65137 3 2
65138 3 1
6514 2 1
6514 3 1
65140 3 1
65142 2 1
65143 2 1
65144 3 1
65146 2 1
6515 2 1
65151 2 1
65152 3 1
65154 3 1
65157 3 1
65159 2 1
65160 2 1
65161 3 1
65164 2 1
65165 3 1
65172 2 1
65180 3 1
6519 2 1
65199 2 1
65214 3 1
65218 2 1
6522 2 1
6522 3 1
6523 3 1
65238 3 1
6525 2 1
65250 2 1
65257 2 1
65257 3 1
65258 2 2
65258 3 1
65259 2 1
6526 2 1
65260 3 1
65264 2 1
65265 2 2
65266 2 1
65266 3 1
65267 3 1
6527 2 1
65272 2 1
65273 2 1
65274 2 1
65275 2 1
65276 2 1
6528 2 2
6528 3 1
65280 2 1
65281 2 1
65285 2 1
65285 3 1
65289 2 1
65289 3 2
6529 2 1
65290 2 1
65290 3 2
65291 3 1
65298 2 1
6530 2 1
65301 3 1
65302 2 1
65303 2 1
65304 2 1
65305 2 1
65308 2 1
65308 3 1
65309 2 1
6531 3 1
65314 2 1
65314 3 2
65315 2 1
65316 3 1
65318 3 1
65319 2 1
65319 3 2
65320 2 1
65323 2 1
65328 2 1
65328 3 1
6533 3 1
65338 3 1
65341 2 1
65341 3 1
65342 2 1
65342 3 2
65343 3 2
65354 2 1
65355 3 1
65357 2 2
65357 3 1
65358 2 1
65359 3 1
6536 3 1
65362 3 1
65364 2 1
65369 2 1
65374 2 1
65380 3 1
65382 3 1
65385 2 1
65387 3 1
65394 2 1
65398 2 1
654 2 1
654 3 1
65406 2 1
65406 3 1
65407 2 1
65408 3 2
65410 3 1
65414 2 1
65415 3 1
65417 3 1
65418 2 1
65419 3 1
65423 2 1
65427 3 1
6543 3 1
65431 3 1
65435 2 1
65444 3 1
65450 2 1
65451 3 1
6546 2 1
6546 3 1
65468 2 1
65468 3 1
65475 2 1
65476 3 1
6548 2 2
6549 3 1
655 2 1
65507 3 1
6551 2 1
6552 2 1
65526 2 1
65526 3 1
65527 2 2
65528 3 1
6553 3 1
65530 2 1
65536 2 2
65536 3 1
65537 3 1
65540 2 1
65540 3 1
65541 3 1
65547 3 1
65548 2 1
65549 3 1
6555 2 1
65554 2 1
65559 2 1
65560 2 1
65561 2 2
65562 2 1
65562 3 1
65565 3 1
65569 3 1
65570 2 1
65571 3 2
65578 3 1
65583 2 1
65583 3 1
65584 3 1
65586 2 1
65586 3 2
65587 2 2
65587 3 1
65588 2 1
65589 3 1
6559 2 1
65594 3 1
65595 2 1
65596 3 1
656 2 1
65600 2 1
65601 2 1
65603 3 1
65605 2 1
65605 3 1
65606 2 1
65607 2 2
65607 3 1
65608 3 1
65611 2 1
65612 2 1
65613 2 1
65614 3 1
65617 2 1
65617 3 1
65618 2 1
65618 3 2
65619 2 1
65619 3 2
6562 2 1
6562 3 2
65620 3 2
65622 2 1
65623 3 1
65625 3 1
65627 3 1
6563 2 1
65630 2 1
65631 2 1
65632 3 2
6564 3 1
65645 3 1
65652 2 1
65654 3 1
65656 2 1
6566 2 1
6566 3 1
65664 3 1
6567 3 1
65678 2 1
65678 3 1
65679 2 1
65680 2 2
65681 2 1
65681 3 1
65682 2 1
65682 3 2
65683 3 1
65689 2 1
6569 3 1
65690 3 1
657 2 1
6570 2 1
65703 2 1
65703 3 1
65704 3 1
6571 2 2
6571 3 1
65721 3 1
65739 2 1
65740 2 1
65741 2 1
6575 3 1
65759 2 1
65777 2 1
6578 2 1
6579 2 2
65796 3 1
65798 3 1
658 3 1
6580 3 1
65801 3 1
65806 2 2
65806 3 1
65807 2 1
65808 3 1
65810 2 2
65810 3 1
65811 2 1
65816 2 1
65819 3 1
6582 2 1
65821 2 1
65821 3 1
6583 3 1
65832 3 1
65836 2 1
65837 3 1
65839 3 1
65841 2 1
65841 3 1
65842 3 1
65844 2 1
65844 3 1
65845 2 1
65845 3 2
6585 3 1
65853 2 2
65853 3 1
65854 2 1
65855 2 1
65859 2 1
65862 2 1
65863 2 1
65866 2 1
65870 3 1
65874 3 1
65877 2 2
65877 3 1
65878 3 1
6588 2 1
65884 2 1
65884 3 2
65885 3 1
65887 2 2
65887 3 1
65888 2 1
65888 3 1
65889 2 1
6589 3 2
65890 3 2
65891 3 1
65893 2 1
65893 3 2
65894 2 2
65894 3 1
65895 2 1
65896 2 1
65897 3 2
65902 2 1
65902 3 1
65903 3 1
65908 2 1
65908 3 1
65909 2 1
65909 3 2
6591 2 1
65911 3 1
65915 2 1
65928 2 1
65928 3 1
65933 2 1
65936 2 1
65936 3 1
65937 2 1
65937 3 2
65946 2 1
65951 2 2
65951 3 1
65952 2 1
65952 3 1
65953 2 2
65954 2 1
65954 3 1
65957 3 1
6596 2 1
6596 3 1
65960 3 1
65965 2 1
65965 3 1
65966 2 1
6597 2 1
65971 2 1
65972 2 1
65973 2 2
65974 3 1
6598 3 1
65984 2 1
65985 3 1
65988 2 1
65988 3 1
65989 3 1
65991 3 1
65995 2 1
660 2 1
660 3 1
66019 2 1
6602 3 1
66020 2 1
6603 3 2
66045 2 1
66046 3 1
66064 2 1
66065 2 2
66065 3 1
66066 3 1
66068 2 1
66069 2 1
66076 3 1
66078 3 1
66080 3 1
66082 3 1
66086 3 1
66088 2 1
66088 3 1
66089 2 2
66090 2 1
66090 3 1
66091 3 2
66102 2 1
66103 3 1
66109 2 1
66109 3 2
66110 2 1
66111 2 2
66112 3 1
66114 2 1
66118 3 1
66122 2 1
66122 3 1
66123 3 2
66126 3 1
66127 2 1
66128 3 1
66130 3 1
66132 3 1
66139 2 1
6614 2 1
6614 3 1
66142 2 1
66142 3 1
66143 3 2
66144 3 2
66145 3 1
66147 2 1
66151 2 1
66151 3 1
66152 2 1
66152 3 2
66153 2 1
66153 3 2
66154 2 1
66154 3 2
66155 3 2
66157 2 1
66158 3 2
66160 2 1
66160 3 1
66161 2 2
66162 2 1
66162 3 1
66167 2 1
66167 3 1
66168 2 1
66170 2 1
66171 2 1
66172 2 2
66173 3 1
66175 2 1
66175 3 1
66176 2 1
66177 2 2
66177 3 1
66178 2 1
66179 3 1
66181 2 1
66181 3 2
66183 3 1
66186 3 1
6619 2 1
6619 3 1
66193 2 1
66193 3 1
66200 3 1
66203 3 1
66206 2 1
66217 3 1
66218 2 1
66219 3 1
66221 2 2
66221 3 1
66222 3 1
66226 2 1
66229 2 1
66229 3 1
66230 3 2
66232 3 1
66233 2 1
66239 3 1
6624 2 1
6624 3 1
66241 3 1
66245 2 1
6625 2 2
66255 2 1
66255 3 2
66256 2 1
66257 2 1
66258 2 2
66259 3 1
6626 2 1
6626 3 1
66269 2 1
6627 3 2
66281 2 1
66281 3 1
66282 2 1
66283 2 1
66295 3 1
66316 2 1
66317 2 1
66322 2 1
66323 2 1
66335 2 1
6634 3 1
66343 3 1
66344 2 1
66348 2 1
66349 2 1
66352 2 1
66354 3 1
66356 2 1
66357 2 2
66357 3 1
66358 3 1
6636 2 1
6636 3 2
66360 2 1
66360 3 2
66361 2 1
66362 2 2
66362 3 1
66369 2 1
6637 2 2
6637 3 1
66370 2 1
66371 3 1
66373 3 1
66377 2 1
66378 2 1
66379 3 1
6638 2 1
66382 3 1
66385 3 1
66387 2 2
66387 3 1
66388 3 1
66393 2 1
66394 2 1
66395 2 2
66395 3 1
66396 3 1
66398 2 1
66402 2 1
66402 3 2
66403 2 1
66405 2 1
66406 2 1
66412 2 1
66412 3 2
66413 2 1
66414 2 1
66421 2 1
66422 2 1
66423 2 1
66424 2 1
66425 2 1
66426 3 1
66428 2 1
66428 3 1
66429 2 1
66429 3 2
66434 2 1
66435 3 1
66437 3 1
66443 2 1
66447 3 1
66449 2 1
66450 2 1
66450 3 2
66451 3 1
66453 3 1
66455 2 1
66455 3 1
66462 2 1
66462 3 1
66463 3 2
66469 2 1
66474 2 1
66475 3 1
66486 2 1
66489 3 1
66491 2 2
66491 3 1
66492 2 1
66496 3 1
66504 3 1
66505 2 1
66506 2 1
66507 3 1
66509 3 1
66511 2 1
66517 3 1
66523 2 1
66523 3 1
66524 2 1
66525 3 1
66529 2 1
6653 2 1
66530 3 1
66532 3 1
66534 2 1
66535 2 1
66538 3 1
6654 3 1
66543 2 1
66550 2 1
66550 3 1
66555 2 1
66556 2 1
66564 2 1
66564 3 1
6659 2 2
6659 3 1
6660 3 1
66609 2 1
66609 3 1
66611 3 1
66613 3 1
66624 3 1
66627 2 1
66627 3 2
66628 2 2
66629 2 1
66629 3 1
66630 3 1
66632 2 1
66632 3 2
66634 3 1
66636 2 1
66636 3 1
66638 3 1
66649 2 1
6665 2 1
6665 3 1
66650 3 1
66657 2 1
66657 3 2
6666 2 1
66661 2 1
66661 3 1
66663 3 1
66665 2 1
66665 3 2
66669 3 1
66670 2 1
66671 2 1
66671 3 2
66672 3 1
66678 3 1
66679 2 1
6668 2 2
66680 2 1
66681 2 1
66682 3 1
6669 3 1
66696 2 1
66696 3 2
66697 2 2
66697 3 1
66698 2 1
66699 3 1
66701 2 1
66701 3 1
66703 3 1
66705 2 1
66717 2 1
66717 3 2
66718 3 1
66720 2 1
66720 3 1
66723 2 1
66727 2 1
66727 3 1
66728 2 1
66730 3 1
66735 2 1
66737 3 1
66741 2 1
66741 3 1
66747 3 1
66759 2 1
66763 3 1
66765 2 2
66765 3 1
66766 3 1
66768 2 1
66768 3 1
66772 3 1
66774 3 1
66777 2 1
66778 2 1
66779 3 2
66782 3 1
66787 2 1
6679 2 1
66792 2 1
66792 3 1
66796 2 1
66797 2 1
66798 3 1
66800 3 1
66802 3 1
66812 3 1
66817 3 1
66819 2 1
66819 3 1
6682 2 1
6683 2 1
6686 2 2
6687 2 1
6687 3 1
66872 2 1
66873 3 1
66878 2 1
66878 3 1
6688 2 1
66881 2 1
66882 2 1
66883 3 2
66888 2 1
66888 3 1
66889 2 1
66889 3 2
6689 2 1
66890 2 1
66891 2 1
66892 3 1
66895 2 1
66896 2 1
66896 3 2
66897 3 1
66899 2 2
66899 3 1
6690 3 2
66900 2 1
66901 2 1
66902 3 1
66908 2 1
66909 3 1
66911 3 1
66913 2 1
66914 2 1
66916 2 1
66917 3 1
6692 3 1
66920 2 2
66920 3 1
66921 2 1
66921 3 1
66925 2 1
66926 2 1
66927 3 1
66931 3 1
66933 2 1
66934 2 1
66935 3 1
66938 2 1
66938 3 1
66941 2 1
66941 3 1
66946 2 1
66947 2 1
66952 3 1
66954 2 1
66954 3 1
66955 2 1
66956 2 1
66957 2 1
66958 3 1
66964 2 1
66964 3 1
66965 2 1
66969 3 1
66971 3 1
66973 2 1
66974 3 1
66976 3 1
66977 2 1
66978 2 1
66978 3 2
66979 2 1
66979 3 2
6698 3 1
66980 3 1
66984 3 1
66986 2 1
66987 2 1
6699 2 1
66990 3 1
66997 3 1
670 3 1
6700 2 1
67000 2 1
67001 2 1
67008 2 1
67009 2 1
67014 3 1
67015 2 1
67019 3 1
67026 2 1
67027 3 1
67030 3 1
67032 2 1
67035 2 1
67036 2 2
67037 2 1
67037 3 1
67038 3 2
67040 3 1
67041 2 1
67042 2 2
67043 2 1
67043 3 1
67049 2 1
67049 3 1
6705 2 1
67050 2 1
67050 3 2
67051 2 1
67051 3 2
67059 3 1
67060 2 1
67061 2 1
67068 2 1
67072 2 1
6708 3 1
67082 3 1
67089 3 1
6710 3 1
6712 3 1
6713 3 2
67136 2 1
6714 2 1
67145 2 1
67146 3 1
67148 3 1
6715 2 1
67153 2 1
67153 3 1
67154 2 1
67154 3 2
67156 3 1
67158 2 1
67159 3 1
67162 2 1
67163 2 2
67163 3 1
67166 2 1
67167 2 2
67168 2 1
67168 3 1
67169 3 2
67172 2 2
67172 3 1
67173 2 1
67173 3 1
67175 3 2
67176 2 1
67176 3 2
67177 3 1
67179 2 1
67179 3 2
6718 2 1
67180 2 2
67180 3 1
67181 2 1
67183 3 1
67187 2 1
67188 3 1
6719 3 1
67190 2 1
67191 3 2
67197 3 1
67201 2 1
67201 3 2
67202 3 1
67205 3 1
67207 2 1
67207 3 1
67210 2 1
67210 3 1
67216 3 1
67222 2 1
67228 3 1
67232 2 1
67232 3 1
67233 2 1
67233 3 2
67234 3 2
67236 3 1
67237 2 1
67238 2 2
67238 3 1
67239 3 1
67241 3 1
67245 2 1
67248 2 1
67248 3 1
67249 2 1
67250 2 2
67251 2 1
67251 3 1
67252 3 1
67254 2 1
67256 3 1
67260 2 1
67261 3 1
67263 2 1
67263 3 1
67264 3 2
67265 3 1
67267 3 1
6727 3 1
67272 3 1
67274 3 1
67275 2 1
67283 2 1
67284 3 2
67288 2 1
6729 2 2
6729 3 1
67291 3 1
6730 2 1
6730 3 1
67300 2 1
67301 3 2
67302 3 1
67307 2 1
67307 3 2
67308 2 1
67309 2 2
67309 3 1
6731 2 1
67310 3 1
67313 3 1
67315 2 1
67315 3 1
67316 2 1
67316 3 2
67317 2 1
67318 2 2
67318 3 1
67319 2 1
6732 3 1
67320 2 1
67320 3 2
67321 3 1
67323 2 1
67323 3 1
67325 3 1
67328 2 1
67328 3 1
67335 3 1
67336 2 1
67337 3 1
67339 3 1
6734 2 1
6734 3 2
67340 2 1
67341 3 1
6735 2 2
67358 2 1
6736 2 1
6736 3 1
67368 2 1
67369 3 1
6737 3 2
6739 2 1
6739 3 1
6740 2 1
6740 3 2
67408 3 1
6741 2 2
67412 3 1
67418 2 1
67419 3 1
6742 2 1
6742 3 1
67421 2 1
67421 3 1
67422 2 2
67422 3 1
67423 2 1
67424 3 1
67426 2 1
67427 3 1
6743 3 2
67430 2 1
67431 3 1
67433 2 1
67438 2 1
67439 2 1
67440 3 1
67442 2 1
67445 2 1
67445 3 1
67446 2 1
67446 3 2
67447 2 2
67448 2 1
67448 3 1
6745 2 1
6745 3 1
67453 2 1
67455 2 1
67456 3 1
67458 3 1
67461 2 1
67461 3 1
67462 2 1
67463 2 1
67464 2 1
67465 3 1
67467 3 1
67470 2 1
67470 3 1
67479 2 1
67479 3 1
67484 3 1
67485 2 1
67486 3 2
67498 3 1
67502 2 1
67502 3 2
67503 2 1
67504 2 1
67508 2 1
67508 3 2
67509 2 2
67510 2 1
67510 3 1
67511 3 2
67517 2 1
67517 3 1
67521 2 2
67521 3 1
67522 2 1
67523 3 1
67526 2 1
67527 2 1
67528 3 1
67531 3 1
67534 2 1
67538 2 1
67539 3 1
6754 2 1
67542 3 1
67544 3 1
67548 2 2
67549 2 1
67549 3 1
6755 2 2
67554 2 1
67554 3 1
67555 2 1
67555 3 2
6756 2 1
6756 3 1
67561 2 1
67567 2 1
67568 2 1
67569 3 1
67571 2 1
67571 3 1
67576 2 1
67576 3 1
67577 3 1
67579 2 1
67579 3 2
67583 3 1
67585 2 1
67586 3 1
67588 3 1
6759 3 1
67590 2 1
67590 3 1
67591 2 2
67592 2 1
67592 3 1
67593 3 2
67595 3 1
67597 2 1
67597 3 1
67604 2 1
67604 3 1
67615 3 1
67637 2 1
67681 2 1
67689 2 1
67689 3 2
6769 2 1
6769 3 1
67690 2 1
67691 2 2
67692 3 1
67694 3 1
67697 2 1
67700 2 2
67701 2 1
67702 3 1
67710 3 1
67715 2 1
67716 3 1
67720 2 1
67721 3 1
67724 2 1
67725 2 2
67726 3 1
67728 2 1
67729 2 1
6773 3 1
67735 3 1
67737 3 1
67752 2 1
67752 3 1
67753 2 1
67754 3 2
67756 2 1
67756 3 1
6776 2 1
6776 3 1
67761 2 1
67762 2 1
67764 3 1
67766 2 1
67766 3 1
67767 2 2
67767 3 1
67768 3 1
6777 2 2
6777 3 1
67771 2 1
67771 3 1
67772 3 1
67775 3 1
67776 2 1
67777 2 1
67778 3 1
6778 2 1
67785 2 1
67789 2 1
67789 3 1
6779 3 1
67790 2 1
67794 2 1
67795 3 1
67806 2 1
67806 3 1
6781 2 1
67811 2 1
67811 3 1
67812 2 2
67813 2 1
67813 3 1
67814 3 2
67818 2 1
6782 2 1
67824 2 1
67825 3 1
67827 3 1
67828 2 1
67829 2 1
67830 3 1
67832 3 1
67837 3 1
67839 2 1
67846 2 2
67846 3 1
67847 2 1
67848 2 1
67848 3 2
67849 3 1
67853 3 1
67856 3 1
67858 2 1
67862 2 1
67862 3 2
67863 2 1
67866 2 1
67869 2 1
67869 3 1
6787 2 1
6787 3 1
67870 3 1
67872 2 1
67872 3 1
67885 3 1
67888 3 1
6789 3 1
679 3 1
67906 3 1
67912 2 1
67913 2 1
67914 2 1
6792 2 2
6792 3 1
67921 3 1
6793 3 1
67937 3 1
67949 2 1
67956 3 1
67958 2 1
67958 3 1
67959 3 1
67962 2 1
67963 2 2
67963 3 1
67964 3 1
67972 2 1
67973 3 1
67975 3 1
67976 2 1
67977 2 1
67978 3 1
6798 3 1
67980 2 1
67980 3 2
67981 3 1
67986 2 1
67987 2 1
67993 2 1
67993 3 1
67995 2 2
67995 3 1
67996 3 1
68000 3 1
68001 2 1
68002 3 1
68005 2 1
68006 2 2
68006 3 1
68007 3 1
68009 2 1
68009 3 1
68019 2 1
68020 3 1
68022 3 1
68024 2 1
68024 3 1
68025 2 1
68026 2 2
68027 3 1
68035 2 1
68036 2 2
68037 2 2
68037 3 1
68038 3 1
68041 2 2
68041 3 1
68042 2 1
68043 2 1
68044 2 1
68048 2 1
68049 2 1
68054 3 1
68067 2 1
68067 3 1
6807 2 1
68075 2 1
68078 3 1
68080 2 1
68083 2 1
68084 2 1
68085 2 1
68087 3 1
68095 2 1
68100 3 1
68102 3 1
68104 3 1
68106 2 1
6811 3 1
68111 2 2
68112 2 1
68112 3 1
68113 2 1
68114 3 1
68116 3 1
68118 2 1
68118 3 1
68119 2 2
68120 2 1
68120 3 1
68121 3 1
68123 2 1
68124 2 1
68129 3 1
68131 2 1
68132 3 1
68134 3 1
68138 2 1
68138 3 1
68139 2 2
68140 3 1
68144 2 1
68145 2 1
68146 2 1
68157 2 1
68158 3 2
68160 2 1
68160 3 1
68176 3 1
68179 2 1
68180 3 1
68191 2 1
68191 3 2
68192 2 1
68193 2 1
68209 2 1
68209 3 1
68223 3 1
68225 3 1
68228 2 2
68228 3 1
68229 2 1
6823 3 1
68230 2 1
68231 3 1
68233 2 1
68243 2 2
68243 3 1
68244 2 1
68244 3 1
68249 2 1
68250 2 1
68253 2 1
68253 3 1
68254 2 1
68255 3 1
68259 3 1
6826 3 1
68265 2 2
68265 3 1
68266 3 1
68268 2 1
68268 3 1
6827 2 1
68272 2 1
68273 2 1
68273 3 2
68274 3 1
68276 2 1
68277 2 2
68278 2 1
68278 3 1
68279 3 2
6828 3 1
68294 3 1
68297 3 1
68302 2 1
68303 2 1
68304 3 2
68305 3 1
68307 2 1
6831 2 1
6831 3 1
68311 3 1
6832 3 1
68320 3 1
68323 2 1
68324 2 2
68325 2 1
68325 3 1
68332 2 1
68334 3 1
68335 2 1
68339 3 1
68348 2 1
68349 3 2
6835 2 1
68350 3 1
68358 2 1
68359 2 1
6836 2 2
68360 2 1
68362 3 1
68366 3 1
68367 2 1
68368 3 1
6837 3 1
68374 2 1
68375 3 2
68376 3 1
68380 3 1
68381 2 1
68388 3 1
6839 3 1
68390 2 2
68390 3 1
68391 2 1
68392 3 1
68399 2 1
68399 3 2
684 3 1
68404 2 1
68404 3 2
68406 3 1
68408 3 1
6841 2 1
6841 3 2
68410 2 1
68410 3 2
68411 2 1
68413 3 1
68428 2 1
68428 3 1
6843 3 1
68436 3 1
68448 2 1
6845 2 1
68458 2 1
68460 2 1
68461 3 1
68478 2 1
68482 3 1
68490 3 1
68492 2 1
68492 3 1
68495 2 1
6850 2 1
68501 3 1
68505 2 1
68505 3 1
6851 3 1
68510 2 1
68511 3 1
68513 2 1
68514 3 2
68516 2 1
68516 3 1
68517 2 1
68519 3 1
68522 2 1
68522 3 1
68525 2 1
68526 3 1
68529 2 1
6853 3 1
68535 2 1
68535 3 2
68540 2 1
68541 3 1
68543 2 1
68543 3 1
68549 2 1
6855 2 1
6855 3 2
68550 2 1
68551 2 1
68552 3 1
68556 2 1
68556 3 1
68557 2 1
68558 2 1
6856 3 1
68566 2 1
68566 3 1
68574 2 1
68574 3 1
68581 2 1
68582 3 1
68584 2 1
68584 3 1
68585 2 1
68585 3 2
68586 2 1
68586 3 2
68587 3 2
68589 2 1
6859 2 1
6859 3 1
68597 3 1
686 2 1
686 3 1
6860 3 1
68601 3 2
68602 3 1
68604 3 1
68606 3 1
68607 2 1
68608 2 2
68608 3 1
68609 2 1
68615 3 1
68619 2 1
68619 3 1
6862 3 1
68620 2 2
68621 2 1
68621 3 1
68622 3 1
68625 2 1
68625 3 1
68628 3 1
6863 3 2
68632 2 1
68632 3 2
68633 3 1
68635 2 1
68635 3 1
68638 3 1
6864 2 1
68640 3 1
68642 2 1
68643 3 1
68645 2 1
68645 3 1
68648 2 1
68648 3 1
68649 2 1
6865 2 1
68650 3 2
68653 2 1
68653 3 1
68654 3 2
68655 3 2
68656 2 1
68658 2 2
68659 2 1
68659 3 1
68662 3 1
68668 2 1
68668 3 1
68669 3 1
68671 3 1
68672 2 1
68673 2 1
68674 3 1
68676 2 1
68677 2 2
68677 3 1
68679 2 1
6868 3 1
68680 3 1
68683 2 1
68683 3 2
68684 2 1
68685 3 1
68687 3 1
68689 3 1
687 2 2
6870 2 1
6870 3 1
68700 2 1
68705 2 1
6871 2 2
6871 3 1
68715 2 1
68718 3 1
6872 2 1
68726 3 1
68728 3 1
68729 2 1
6873 3 1
68733 2 1
68752 2 1
6876 3 1
68760 2 1
68769 2 1
68770 2 2
68770 3 1
68771 2 1
68772 3 1
6878 2 1
68784 2 1
68784 3 1
68790 2 1
68791 2 1
68796 3 1
688 2 1
688 3 1
68800 3 1
68802 3 1
68804 2 1
68805 3 1
68807 2 1
68807 3 1
68813 3 1
68817 2 1
68817 3 1
68819 3 1
68829 3 1
68834 2 1
68835 2 1
68843 2 1
68852 2 1
68852 3 2
68853 2 2
68853 3 1
68854 2 1
68855 2 1
68856 2 1
68863 2 1
68863 3 1
68864 2 1
68866 2 1
68871 2 1
68871 3 1
68874 2 1
68874 3 2
68875 2 1
68878 3 1
6888 2 1
6888 3 1
68880 3 1
68885 2 1
68886 2 1
68887 3 1
68889 3 1
6889 3 2
68891 2 2
68891 3 1
68892 2 1
68893 3 1
68897 2 1
68898 2 2
68899 2 1
68899 3 1
68900 2 1
68905 3 1
68908 3 1
68910 2 1
68915 3 1
68918 3 1
68920 2 1
68920 3 1
68921 2 1
68922 2 2
68922 3 1
68923 2 1
68924 2 1
68924 3 2
68925 3 1
68927 3 1
68928 2 1
6893 2 1
68932 2 1
68933 3 1
68938 2 2
68938 3 1
68940 2 1
68944 3 1
68947 2 1
68947 3 2
68949 2 2
68949 3 1
68950 2 1
68951 2 1
68951 3 2
68952 2 1
68952 3 2
68953 3 1
68959 2 1
68960 3 1
68963 2 1
68963 3 1
68964 2 1
68965 3 1
68977 2 1
68977 3 1
6898 2 1
68982 3 1
6899 3 1
68999 3 1
69006 2 1
69011 3 1
69031 3 1
69032 2 1
69033 3 1
69035 2 1
69035 3 1
69038 2 1
6904 2 2
6904 3 1
69042 2 1
69044 2 1
69046 3 1
6905 2 1
6905 3 1
69053 2 1
69053 3 1
69054 2 2
69058 2 1
69058 3 1
6906 2 1
69060 3 1
69063 2 1
69063 3 1
69064 3 1
69066 2 1
69067 2 1
69068 2 1
6907 3 2
69072 2 1
69075 2 2
69076 2 1
69076 3 1
69079 3 1
69081 3 1
69083 3 1
69086 2 1
69086 3 1
69087 3 2
6909 3 1
69096 3 1
69098 2 1
69098 3 1
691 2 1
6910 2 1
69102 3 1
69104 3 1
69108 2 1
69108 3 1
6911 2 1
69110 3 1
69115 2 1
69115 3 1
69116 2 1
69117 3 1
69121 2 1
69121 3 1
69122 2 1
69122 3 2
69123 3 2
69130 2 1
69131 3 1
69133 3 1
69139 2 1
69139 3 1
69140 2 1
69140 3 2
69143 2 1
69143 3 1
69144 3 1
69158 2 1
69161 3 1
69163 3 1
69165 3 1
69167 3 1
69169 3 1
69171 3 1
69172 3 2
69173 2 1
69174 2 2
69174 3 1
69176 2 1
69177 2 1
69178 3 2
69181 3 1
69183 2 1
69186 2 1
69187 2 1
69188 3 2
6919 2 1
6919 3 1
69190 3 1
69192 3 1
69194 2 1
69194 3 1
69195 2 2
69196 2 1
69196 3 1
69197 3 2
692 3 2
69203 2 2
69203 3 1
69204 2 1
69204 3 1
69206 3 1
69214 2 1
69215 2 1
69216 2 1
69216 3 2
69217 3 1
69219 3 1
69221 2 1
69221 3 1
69222 2 1
69222 3 2
69223 2 2
69224 2 1
69224 3 1
69227 2 1
69228 3 1
69230 2 1
69231 2 1
69232 2 2
69232 3 1
69233 3 1
69235 2 1
69236 2 1
69237 2 1
69239 3 1
69252 3 1
69255 2 1
69256 3 1
69259 3 1
69269 2 1
6927 2 1
6927 3 1
6928 2 2
6928 3 1
69281 3 1
69283 3 1
6929 2 1
69291 2 1
69292 2 1
69293 2 1
69299 2 1
69303 2 1
69317 2 1
69318 2 1
69323 3 1
69328 3 1
69330 3 1
69333 2 2
69333 3 1
69334 2 1
69335 3 1
69339 3 1
6934 2 1
6934 3 1
69340 2 1
69341 3 1
69344 3 1
69345 2 1
69349 3 1
69351 2 1
69352 2 2
69352 3 1
69353 3 1
69357 2 1
69358 2 1
69365 2 1
69366 2 2
69367 2 1
69367 3 1
69368 3 2
69370 2 1
69370 3 1
69374 3 1
69378 3 1
69380 2 1
69380 3 2
69383 2 2
69384 2 1
69384 3 1
69387 2 1
69388 3 1
69391 2 1
69392 2 1
69393 2 1
69394 3 1
69396 2 1
69396 3 1
694 2 1
694 3 1
69403 2 1
69403 3 2
69404 2 1
69404 3 2
69405 3 1
69409 2 1
69410 3 1
69413 2 2
69413 3 1
69414 2 1
69415 2 1
69416 2 1
69417 2 1
6942 2 1
6942 3 1
69420 3 1
69422 3 1
69423 2 1
69424 3 1
69426 2 1
69426 3 1
69428 3 1
6943 2 1
6943 3 2
69430 2 1
69430 3 1
69431 3 2
69433 2 2
69433 3 1
69434 2 1
69434 3 1
69437 2 1
69438 2 1
69439 3 2
69441 2 1
69442 3 1
69444 2 1
69444 3 2
69446 3 1
69448 2 1
69448 3 1
69449 3 1
69451 3 1
69458 2 1
69458 3 1
6946 2 1
69462 2 1
69466 2 1
69466 3 2
69467 2 1
69468 2 1
69469 3 1
69471 2 1
69471 3 1
69472 2 2
69472 3 1
69473 2 1
69476 3 1
69480 2 1
69481 2 1
69482 2 1
69483 3 1
69486 2 1
69486 3 1
69489 2 1
69489 3 2
69490 2 2
69490 3 1
69491 2 1
69492 3 1
69494 3 1
69498 3 1
695 2 2
69502 2 2
69502 3 1
69503 3 1
69509 2 1
69510 3 1
69512 2 1
69513 2 1
69522 2 1
69523 2 1
69529 2 1
6955 3 1
69553 3 1
6956 2 1
69570 3 1
69571 2 1
69572 3 1
69577 2 1
69577 3 1
69578 2 1
69578 3 2
69579 2 1
69579 3 2
69580 2 1
69580 3 2
69581 2 1
69582 2 1
69584 3 1
69593 3 1
69595 3 1
69597 2 1
696 2 1
696 3 1
6960 2 1
6960 3 1
69600 2 1
69605 3 1
69607 2 1
69607 3 1
69608 2 1
69611 2 1
69612 3 1
69614 3 1
69617 2 1
69617 3 1
69618 2 2
69618 3 1
69619 2 1
69620 3 1
69622 2 1
69629 3 1
69631 3 1
69638 2 1
69639 2 1
69640 2 2
69641 3 1
69643 2 1
69646 2 1
69646 3 1
69647 2 1
69648 2 2
69649 2 1
69649 3 1
69650 3 1
69652 3 1
69653 2 1
69658 3 1
69672 2 1
69673 2 1
69674 2 1
69690 2 2
69690 3 1
69691 2 1
69691 3 1
69694 2 1
69695 2 1
69696 3 2
69698 3 1
697 2 1
69701 2 1
69702 2 2
69702 3 1
69703 2 1
69709 2 1
69709 3 1
6971 3 1
69710 3 1
69712 2 1
69713 2 1
69714 3 1
69716 2 1
69717 2 2
69717 3 1
69718 2 2
69718 3 1
69719 3 1
69721 2 1
69722 2 1
69727 2 1
69728 2 2
69733 3 1
69735 2 1
69736 3 1
69739 2 1
69740 2 1
69741 2 2
69742 3 1
69746 3 1
69748 3 1
69750 3 1
69756 3 1
69758 2 1
69758 3 1
69759 2 1
69760 3 2
69767 2 1
69767 3 1
69768 2 2
69769 2 1
69769 3 1
69770 3 1
69772 2 1
69777 2 1
69778 3 1
6978 3 1
69780 2 1
69789 2 1
69790 3 1
698 3 1
6980 2 1
69807 2 1
69808 3 1
6981 2 2
6981 3 1
6982 2 1
69824 2 1
6983 3 1
69833 2 1
69836 3 1
69838 2 1
69838 3 1
69839 2 1
69842 2 1
69843 2 2
69843 3 1
69847 2 1
69848 2 1
69849 2 1
69850 3 1
69855 2 1
69857 3 1
69863 3 1
69865 2 1
69867 3 1
69871 3 1
69876 2 1
69882 2 1
69886 2 1
69886 3 1
69887 2 2
69888 3 1
6989 2 1
6989 3 2
69890 3 1
69897 2 2
69898 2 1
69898 3 1
6990 3 1
69902 2 1
69903 3 1
69906 2 1
69906 3 1
69908 3 1
69911 2 1
69913 3 1
69915 2 1
69915 3 1
69919 2 2
69919 3 1
69920 2 1
69926 2 1
69926 3 1
69932 2 1
69932 3 1
69933 2 1
69936 3 1
69955 2 1
69956 3 1
69960 2 1
69966 2 1
69966 3 1
69967 2 1
69968 2 2
69969 2 1
69969 3 1
69976 2 1
69976 3 1
69977 2 1
69979 2 2
69980 3 1
69984 2 1
69985 3 1
69987 2 1
69987 3 2
69988 2 2
69989 3 1
6999 2 1
69993 3 1
69995 3 1
69997 3 1
700 2 2
700 3 1
7000 3 2
70003 2 1
70003 3 2
70005 2 2
70005 3 1
70006 2 1
70007 2 1
70007 3 2
70008 3 1
70012 2 1
70012 3 2
70013 3 1
70016 2 1
70017 2 1
70018 3 2
70025 2 1
70025 3 1
70028 3 1
7003 2 1
70030 2 1
70030 3 1
70031 2 1
70031 3 2
70034 2 1
70035 3 1
70037 3 1
70039 2 2
70039 3 1
7004 3 1
70040 2 1
70041 3 1
7006 2 1
7006 3 2
70060 2 1
70061 2 1
70062 3 1
70069 2 1
70069 3 1
7007 2 1
7007 3 2
70078 3 1
7008 2 2
7008 3 1
7009 2 1
70090 2 1
70091 2 1
70092 2 2
70092 3 1
701 2 1
7010 3 1
70105 2 1
70105 3 1
70108 3 1
70113 2 1
70113 3 2
70115 3 1
70120 2 1
70123 2 1
70125 3 1
70127 2 1
70128 2 1
70129 2 1
70131 3 1
70133 3 1
70137 2 1
70138 3 1
7014 2 1
70141 2 1
70146 3 1
7015 2 2
70153 3 1
70155 2 1
70158 3 1
7016 3 1
70160 3 1
70163 2 1
70163 3 1
70164 3 1
70166 3 1
70167 2 1
7017 2 1
70170 2 1
70170 3 1
70176 3 1
70178 3 1
7018 3 1
70183 2 1
70188 2 1
70188 3 1
70191 3 1
70192 2 1
70193 3 1
70198 3 1
70201 2 1
70201 3 1
7021 3 1
70212 2 1
70213 3 1
70216 2 1
70216 3 1
70217 2 1
70218 3 1
7023 3 2
70233 2 1
70233 3 1
70234 2 1
70234 3 2
70235 2 1
70235 3 2
7024 3 1
70242 2 1
70243 3 1
70245 2 1
70245 3 1
70248 3 1
70256 2 1
70257 3 1
70259 2 1
7026 3 1
70260 2 1
70261 2 1
70265 3 1
70267 2 1
70271 2 1
70272 2 1
70273 3 1
70275 3 1
70277 2 1
70277 3 1
70278 2 2
70279 2 1
70279 3 1
70280 2 1
70280 3 2
70281 2 1
70281 3 2
70282 2 1
70282 3 2
70283 3 2
70288 2 1
70288 3 1
7029 3 1
70297 2 1
70297 3 1
70298 3 2
70300 2 1
70301 3 1
70311 2 1
70312 2 1
70320 2 1
70320 3 1
70332 3 1
70334 3 1
70358 3 1
70362 2 1
70362 3 2
70364 3 1
70367 2 1
70367 3 1
70368 2 1
70373 3 1
70375 3 1
70378 2 1
70380 2 1
70381 2 1
70381 3 2
70382 2 1
70382 3 2
70383 3 1
70385 3 1
70391 3 1
70393 3 1
70395 3 1
70401 2 1
70402 2 2
70402 3 1
70403 2 1
70404 2 1
70404 3 2
70405 2 1
70405 3 2
70406 3 1
70408 2 1
70408 3 2
70409 3 1
7041 2 1
70412 3 1
70414 3 1
70415 2 1
70418 2 1
70418 3 1
70419 2 1
70420 3 1
70423 2 1
70425 3 1
70429 2 1
70433 2 2
70433 3 1
70434 2 1
70439 2 1
70439 3 1
70442 3 1
70443 2 1
70444 3 1
70446 2 1
70446 3 2
70447 2 2
70447 3 1
70448 2 1
7045 2 1
7045 3 1
70450 2 1
70451 2 1
70451 3 2
70452 3 1
7046 2 2
70461 3 1
70465 2 1
70467 2 2
70467 3 1
70468 3 1
7047 3 1
70471 3 1
70474 2 1
70474 3 1
70485 2 1
70485 3 1
70488 3 1
7049 3 1
70490 3 1
70496 2 1
70497 3 1
70499 2 1
70499 3 1
70500 2 1
70501 3 1
70503 2 1
70504 2 1
70505 3 1
70509 3 1
70511 3 1
70513 2 1
70514 2 2
70514 3 1
70515 3 1
70518 2 1
70518 3 2
70520 3 1
70522 2 1
70522 3 1
70523 2 1
70523 3 2
70524 2 1
70524 3 2
70534 2 1
70538 3 1
7054 2 2
70541 3 1
70547 3 1
70549 2 1
70549 3 2
7055 2 1
7055 3 1
70550 2 1
70551 2 1
70552 2 1
70553 2 1
70554 2 1
70555 2 1
70556 3 1
7056 2 1
70568 2 1
70569 3 1
70571 2 1
70572 2 1
70572 3 2
70573 2 1
70573 3 2
70574 3 1
70583 3 1
70588 2 1
70589 2 1
7059 3 1
70590 3 2
7062 2 2
7062 3 1
70628 2 1
7063 2 1
70630 2 1
70631 2 1
70632 3 1
70634 2 1
70634 3 2
70635 2 1
7064 2 1
7064 3 2
70640 3 1
70642 2 1
70642 3 1
70645 2 1
70646 2 1
70647 3 1
7065 3 1
70651 2 1
70652 2 1
70655 3 1
70658 2 1
70658 3 1
70659 2 1
70660 2 2
70660 3 1
70661 3 1
70663 2 1
70663 3 2
70664 2 2
70664 3 1
70665 2 1
70666 2 1
70669 2 1
70670 3 1
70672 3 1
70674 2 1
70674 3 1
70675 2 1
70676 2 2
70677 2 1
70677 3 1
70681 2 1
70681 3 1
70684 3 1
70688 3 1
7069 2 1
70690 3 1
70695 2 1
707 2 1
7070 2 1
70703 3 1
70705 3 1
70706 2 1
70706 3 2
70707 2 1
70708 2 2
70708 3 1
70709 3 1
70711 2 1
70711 3 1
70714 2 2
70714 3 1
70715 2 1
70715 3 1
70716 2 1
70719 3 1
70721 2 1
70728 2 1
70729 2 1
7073 2 1
70733 3 1
70735 3 1
70737 2 1
70737 3 2
7074 3 1
70741 2 1
70742 3 1
70753 2 1
70754 2 2
70754 3 1
70755 3 1
70758 3 1
70760 3 1
70768 3 1
70771 3 1
70775 3 1
70778 2 1
70778 3 1
70781 2 1
70782 3 1
70784 2 1
70787 2 1
70787 3 1
70788 3 1
70790 2 1
70790 3 2
70791 2 2
70791 3 1
70792 2 1
70793 2 1
70794 3 1
70796 3 1
70797 2 1
70798 2 1
70801 2 1
70808 3 1
70811 2 1
70812 2 2
70812 3 1
70816 2 1
70817 2 2
70818 2 1
70818 3 1
70819 3 1
7082 2 1
70826 3 1
70829 3 1
70835 2 1
70842 2 1
70842 3 1
70843 2 1
70860 2 1
70860 3 1
70869 2 1
70870 2 1
7089 3 1
70895 2 1
70902 2 1
70903 2 1
70903 3 2
70904 3 1
7091 2 1
7091 3 1
70910 3 1
70912 3 1
70918 2 1
7092 2 1
70925 3 1
70927 2 1
70927 3 1
7093 2 2
70930 2 1
70931 2 2
70932 2 1
70932 3 1
70933 2 1
70937 3 1
7094 2 1
7094 3 1
7095 2 1
7095 3 2
70950 2 1
7096 3 2
70960 3 1
70966 3 1
70968 3 1
70970 2 1
70971 3 1
70973 2 1
70973 3 2
70974 2 2
70974 3 1
70975 2 1
70976 3 1
70978 2 1
70979 2 2
7098 3 1
70980 2 1
70980 3 1
70981 3 2
70984 2 1
70985 3 2
70989 2 1
70991 3 1
710 3 1
71005 2 1
71006 2 1
71007 3 1
7101 2 2
7101 3 1
71012 2 1
71013 2 2
71013 3 1
7102 2 1
71020 3 1
71022 3 1
71024 2 1
71028 2 1
71028 3 2
71029 2 2
71029 3 1
71030 2 1
71031 2 1
71031 3 2
71032 2 1
71032 3 2
71033 3 1
71036 2 1
71036 3 1
71038 3 2
71039 3 1
71041 2 1
71042 2 1
71043 2 1
71044 2 2
71044 3 1
71045 2 1
71046 2 1
71052 3 1
71057 2 2
71057 3 1
71058 2 1
71064 2 2
71064 3 1
71065 2 1
71065 3 1
71069 3 1
7107 2 1
7107 3 2
71071 3 1
71073 3 1
71074 2 1
71075 2 1
71076 3 1
71078 3 1
7108 2 2
7108 3 1
71082 2 1
71084 3 1
71086 3 1
71088 2 2
71088 3 1
71089 2 1
7109 2 1
71090 2 1
71091 2 1
71092 2 1
71093 3 1
71096 3 1
71098 2 1
71098 3 1
7110 2 1
7110 3 2
71106 3 1
71109 2 1
7111 3 1
71110 3 1
71112 3 1
71115 2 1
71115 3 1
7113 2 1
71134 3 1
7114 3 1
71144 3 1
71145 2 1
71153 2 1
71153 3 1
71158 3 1
71159 2 1
71167 2 1
71167 3 1
71168 2 1
71170 3 1
71173 2 1
71173 3 1
71174 2 2
71175 2 1
71175 3 1
71177 3 1
71179 2 1
71179 3 1
71180 3 2
71182 2 1
71183 2 1
71183 3 2
71184 3 1
71186 2 1
71186 3 1
71188 3 1
71190 3 1
71191 2 1
71192 2 1
71197 3 1
712 3 1
71202 3 1
71206 2 1
71206 3 1
7121 3 1
71210 2 2
71211 2 1
71211 3 1
71214 2 2
71214 3 1
71215 2 1
71215 3 1
71216 2 1
71219 3 2
71220 3 1
71222 2 1
71222 3 1
71223 2 1
7123 2 2
7123 3 1
71232 2 1
71232 3 1
71233 2 1
71233 3 2
71234 2 1
71234 3 2
71238 2 1
7124 2 1
7124 3 1
71240 2 2
71240 3 1
71241 2 1
71243 2 1
71246 3 1
7125 2 1
71250 2 1
71251 2 1
71252 3 1
71255 2 1
71255 3 1
71256 3 1
71262 2 1
71263 2 1
71265 3 1
71273 2 1
71274 3 1
71277 2 1
71278 3 1
71283 2 1
71283 3 2
71285 3 1
71287 3 1
7129 2 2
7129 3 1
71290 3 1
71292 3 1
71297 2 1
71297 3 1
71298 2 1
7130 3 1
71301 2 1
71301 3 1
71302 2 1
71302 3 2
71303 2 2
71304 2 1
71304 3 1
71305 2 1
71308 2 1
71308 3 1
71314 3 1
71317 3 1
71318 2 1
71318 3 2
71319 2 1
7132 2 1
71320 3 1
71322 2 1
71325 2 1
71326 2 1
71329 3 1
7133 3 1
71331 2 1
71332 3 1
71334 2 1
71335 3 2
71337 2 1
71337 3 1
71338 2 1
71341 2 1
71342 2 1
71346 3 1
71348 2 1
71349 3 1
71354 3 1
71356 2 1
71363 2 1
71364 3 1
71366 3 1
71368 3 1
71376 2 1
71377 3 2
71378 3 1
7138 2 1
7138 3 2
71380 3 1
71382 2 1
71384 2 1
71387 3 1
7139 2 1
71399 3 1
714 3 1
7140 2 2
71404 3 1
71409 3 1
7141 3 1
71413 2 1
71414 3 2
71421 2 1
71422 2 2
71422 3 1
71423 3 1
71427 2 1
7143 2 1
71437 3 1
7144 3 1
71440 2 1
71441 2 1
71445 3 1
71447 3 1
71449 2 1
71449 3 2
71450 2 1
71451 3 1
71453 2 1
71453 3 1
71454 2 2
71455 2 1
71455 3 1
71456 3 2
71458 3 1
7146 2 1
7146 3 2
71460 3 1
71463 3 1
71465 2 1
71466 2 2
71466 3 1
71467 2 1
71471 2 1
71474 2 1
71474 3 1
71475 2 1
71475 3 2
71478 2 1
71478 3 1
7148 2 2
7148 3 1
71480 2 1
71484 2 1
71489 2 1
71489 3 1
71490 2 2
71491 2 1
71491 3 1
71492 3 2
71494 3 1
71500 2 1
71501 2 2
71501 3 1
71502 2 1
71503 2 1
71510 3 1
71516 2 1
71517 2 1
71518 3 1
71524 2 1
71525 2 2
71526 3 1
71535 2 1
71536 2 1
71537 2 1
71539 2 1
71548 3 1
71551 2 1
71551 3 1
71552 2 1
71553 3 1
71555 3 1
71562 2 1
71571 2 1
71572 3 1
71574 3 1
71577 2 1
71577 3 1
7158 2 1
71582 2 1
71582 3 1
71583 2 1
71584 3 2
71587 2 1
71588 3 1
7159 2 1
71590 3 1
71593 3 1
71595 3 1
71598 2 1
71598 3 1
71602 3 1
71605 2 1
71605 3 1
71606 2 2
71606 3 1
71607 3 1
71616 2 1
71616 3 2
71617 3 1
71620 2 1
71621 2 1
71627 3 1
71628 2 1
71629 3 1
71638 2 1
71641 2 1
71644 2 1
71645 3 1
71647 2 1
71647 3 1
7165 2 1
7165 3 1
71650 3 1
71657 3 1
71669 3 1
71679 2 1
71682 3 1
71684 2 1
71684 3 1
71685 2 1
71686 2 2
71686 3 1
71692 2 2
71692 3 1
71693 3 1
71699 3 1
71705 2 1
71705 3 1
71706 2 2
71706 3 1
71707 3 1
71712 3 1
71713 2 1
71717 2 1
71718 2 1
71718 3 2
71719 3 1
71721 2 1
71722 2 2
71722 3 1
71723 3 1
71726 2 1
71727 2 2
71727 3 1
71728 2 1
71733 3 1
71736 3 1
71738 3 1
7174 2 1
71741 3 1
71744 2 1
71745 3 1
71747 2 1
71747 3 1
71748 3 2
7175 3 2
71752 2 1
71752 3 1
71753 3 1
71759 3 1
71762 2 1
71763 2 2
71763 3 1
71764 2 1
71768 3 1
7177 2 1
7177 3 1
71771 3 1
71776 2 1
71779 2 1
7178 2 1
7178 3 2
71788 2 1
71789 2 1
71794 3 1
71796 2 1
71796 3 2
71797 3 1
71800 2 1
71800 3 1
71802 2 1
71803 3 1
71812 3 1
71814 3 1
71817 2 1
71817 3 1
71821 3 1
71823 2 1
71823 3 2
71824 2 1
71824 3 2
71825 3 2
71827 3 1
71830 2 1
71831 3 1
71833 3 1
71837 3 1
71842 3 1
71844 2 1
71845 3 1
71847 3 1
71850 2 1
71850 3 1
71851 2 1
71851 3 2
71852 3 2
71854 2 1
71854 3 1
71855 2 1
71856 3 1
71858 3 1
71860 2 1
71861 3 1
71863 3 1
71865 2 1
71866 2 1
71867 2 2
71867 3 1
71868 3 1
71871 2 1
71871 3 1
71872 3 2
71874 2 1
71874 3 1
71875 2 2
71876 2 2
71876 3 1
71877 3 1
71883 2 1
71883 3 1
71884 2 1
71884 3 2
71885 2 1
71885 3 2
71886 2 1
71886 3 2
71887 3 2
71892 3 1
71894 2 1
71895 3 1
71897 3 1
71899 2 1
71900 3 1
71902 2 1
71902 3 1
71903 2 1
71906 2 1
71907 3 1
71909 3 1
71911 2 2
71911 3 1
71917 3 1
71919 2 1
71919 3 1
71920 3 2
71922 2 1
71922 3 1
71924 3 1
71926 3 1
71933 3 1
71937 3 1
71939 3 1
71943 3 1
71947 3 1
71952 2 1
71953 2 2
71953 3 1
71954 3 1
71957 3 1
7196 2 1
71961 2 1
71961 3 1
71962 2 2
71962 3 2
71963 3 1
71968 2 1
71968 3 1
71969 3 2
7197 2 2
71974 2 1
71975 2 2
71976 2 2
71976 3 1
71977 3 1
7198 3 1
71980 2 1
71980 3 1
71981 2 1
71981 3 2
71982 3 2
71984 3 1
71985 2 1
71986 3 1
71988 2 1
71988 3 1
71992 2 1
71993 2 2
71994 2 1
71994 3 1
71995 3 2
71999 3 1
72000 2 1
72001 2 1
72002 2 2
72002 3 1
72003 3 1
72005 2 1
72005 3 1
72006 3 2
72008 3 1
72011 3 1
72015 3 1
72017 2 1
72018 2 1
72019 3 1
7202 2 1
7202 3 1
72021 2 1
72021 3 1
72022 2 2
72023 3 1
72025 2 1
72025 3 1
72026 2 1
72027 2 1
72028 2 1
72029 2 2
72030 2 1
72030 3 1
72031 3 2
72035 3 1
72037 2 2
72037 3 1
72038 3 1
72040 2 1
72040 3 1
72041 3 2
72043 2 1
72043 3 1
72045 3 1
72047 3 1
72049 3 1
72051 2 1
72051 3 1
72053 3 1
72055 2 1
72055 3 1
72056 2 1
72057 3 1
72060 3 1
72063 2 1
72064 2 2
72065 2 1
72065 3 1
72066 2 1
72066 3 2
72067 3 2
72070 3 1
72073 3 1
72075 2 1
72075 3 1
72076 2 1
72077 2 1
72079 3 1
72081 2 1
72081 3 1
72084 2 1
72085 3 1
72087 3 1
72091 2 1
72092 2 1
72093 2 1
72094 2 1
72095 2 1
72096 2 1
72101 2 1
72102 2 1
72107 2 1
72108 2 1
72109 2 1
72110 2 1
72111 2 1
72115 2 1
72116 2 1
7212 2 1
72120 2 1
72121 2 1
72122 2 1
72123 2 1
72126 2 1
72127 2 1
72131 2 1
72132 2 1
72137 2 1
72141 2 1
72142 2 1
72143 2 1
72146 2 1
72153 2 1
72154 2 1
72155 2 1
72156 2 1
72157 2 1
72158 2 1
7216 3 1
72160 2 1
72161 2 1
72165 2 1
72166 2 1
72170 2 1
72171 2 1
72177 2 1
72178 2 1
7218 3 1
72181 2 1
72186 2 1
72189 2 1
7219 2 1
72190 2 1
72191 2 1
72194 2 1
72195 2 1
7220 3 1
72200 2 1
72201 2 1
72202 2 1
72207 2 1
72208 2 1
72213 2 1
72216 2 1
72223 2 1
72226 2 1
72231 2 1
72232 2 1
72238 2 1
72239 2 1
7224 2 1
7224 3 1
72240 2 1
72241 2 1
72242 2 1
72246 2 1
7225 3 2
72250 2 1
72251 2 1
72252 2 1
72253 2 1
72256 2 1
72257 2 1
72264 2 1
72265 2 1
72267 2 1
72268 2 1
72272 2 1
72275 2 1
72276 2 1
72277 2 1
72281 2 1
72282 2 1
72283 2 1
72284 2 1
72289 2 1
72290 2 1
72293 2 1
72294 2 1
72300 2 1
72301 2 1
72303 2 1
72304 2 1
72307 2 1
72310 2 1
72311 2 1
72312 2 1
72315 2 1
72316 2 1
72319 2 1
7232 2 1
72320 2 1
72323 2 1
72324 2 1
72327 2 1
72328 2 1
72329 2 1
72335 2 1
72336 2 1
72337 2 1
72338 2 1
72339 2 1
72343 2 1
72344 2 1
72349 2 1
72350 2 1
72355 2 1
72356 2 1
7240 2 1
7247 2 1
7247 3 1
725 2 1
7251 3 1
7253 2 1
7258 2 1
7259 2 1
726 2 1
7260 3 2
7262 2 1
7262 3 1
7267 2 1
7268 3 1
727 3 1
7270 2 1
7270 3 1
7273 2 2
7273 3 1
7274 2 1
7275 2 1
7277 2 1
7280 2 1
7284 3 1
7286 3 1
7288 3 1
7291 3 1
7293 2 1
7293 3 1
7297 2 1
7298 2 1
7299 2 2
730 3 1
7300 2 1
7300 3 1
7301 2 1
7312 3 1
7313 2 1
7314 2 1
7317 2 1
732 3 1
7320 2 1
7321 3 1
7323 3 1
7324 2 1
7325 3 2
7328 2 1
7328 3 1
7332 3 1
7334 2 1
7334 3 1
7344 2 1
7344 3 2
7345 2 1
7347 2 1
7348 3 1
735 2 2
735 3 1
7354 3 1
7360 2 1
7364 2 1
7364 3 2
7365 2 1
7366 2 1
7368 2 2
7369 2 1
7369 3 1
737 2 1
7370 2 1
7371 3 2
7373 3 1
738 2 1
7380 2 1
7380 3 1
7385 2 1
7387 3 1
7393 2 1
7394 3 2
7398 2 1
7398 3 1
7399 2 2
7400 3 1
7403 3 1
7405 2 1
7405 3 1
7406 2 1
7407 2 1
7408 3 1
7411 2 1
7412 3 1
7414 2 1
7415 2 1
7415 3 2
7416 3 1
7418 2 1
743 2 1
743 3 1
7434 2 1
7437 3 1
7439 2 1
744 2 1
7440 3 1
7445 2 1
7445 3 1
7446 2 2
7446 3 1
7447 2 1
7448 3 1
745 2 2
7452 2 1
7452 3 1
7453 3 2
7454 3 1
7456 2 1
7456 3 1
7457 3 1
7459 3 1
746 2 1
746 3 1
7461 3 1
7464 3 1
7466 3 1
7469 2 1
7470 2 1
7471 2 2
7471 3 1
7483 3 1
7485 2 1
7486 2 2
7487 2 1
7487 3 1
749 2 1
749 3 1
7490 2 1
7491 2 1
7491 3 2
7492 3 1
7494 2 1
7495 2 1
7496 3 1
7499 2 1
7499 3 1
7501 3 1
7503 3 1
7505 3 1
7510 3 1
7512 2 1
7512 3 1
7513 3 2
7517 3 1
7519 2 1
7519 3 1
7520 2 1
7524 3 1
7525 3 2
7528 3 1
7530 2 1
7530 3 1
7538 2 1
754 2 2
754 3 1
7542 2 1
7543 3 2
7551 3 1
7553 2 2
7553 3 1
7554 3 1
7557 3 1
756 2 1
7561 2 1
7570 3 1
7580 3 1
7582 3 1
7590 2 2
7591 2 1
7592 2 1
7593 3 2
7595 2 1
7595 3 1
7596 2 1
7597 2 2
7597 3 1
7598 3 1
760 2 1
760 3 1
7600 2 1
7600 3 1
7601 2 1
7602 3 2
7604 3 1
7608 3 1
7609 2 1
7610 2 1
7613 2 1
7614 3 1
7618 3 1
7624 3 1
7626 3 1
7627 2 1
7628 2 1
7629 3 2
7630 3 1
7632 2 1
7632 3 1
7633 2 1
7633 3 2
7634 3 1
7637 3 1
7638 2 1
7639 3 2
764 2 2
764 3 1
7641 2 1
7641 3 1
7642 2 2
7642 3 1
7643 2 1
7648 2 1
7653 2 1
7653 3 1
7655 3 1
7657 2 1
766 2 1
7661 2 1
7662 3 1
7664 2 1
7664 3 1
7665 2 1
7665 3 2
7666 2 1
7666 3 2
7667 2 1
767 3 1
7671 2 1
7672 2 2
7672 3 1
7673 2 1
7678 2 1
7679 3 1
7682 2 1
7682 3 2
7683 3 1
7685 2 1
7685 3 1
769 3 1
7697 2 1
7698 3 1
7707 3 1
7710 2 1
7710 3 2
7711 2 1
7712 2 1
7713 3 1
7715 2 2
7715 3 1
7716 3 1
7718 2 2
7718 3 1
7719 2 1
7719 3 1
772 2 1
7720 3 1
7723 2 1
7726 2 2
7726 3 1
7727 2 1
7727 3 2
7728 2 1
7728 3 2
7729 3 2
773 3 1
7731 2 2
7731 3 1
7732 2 1
7732 3 1
7733 2 1
7734 3 2
7736 2 2
7736 3 1
7737 2 1
7737 3 1
7739 3 1
7741 2 1
7741 3 2
7746 2 1
7746 3 1
7751 2 1
7751 3 1
7752 2 2
7752 3 1
7753 2 1
7755 3 1
7757 3 1
776 3 1
7761 2 1
7761 3 1
7766 2 1
7766 3 2
7767 2 1
7771 2 1
7775 3 1
7779 2 1
778 3 1
7782 2 1
7783 2 1
7792 2 1
7792 3 1
7793 2 2
7793 3 1
7794 2 1
7795 3 1
7798 3 1
7805 2 1
7805 3 1
7806 2 1
7807 3 1
7811 3 1
7813 2 1
7813 3 1
7814 2 1
7820 2 1
7820 3 1
7823 2 1
7824 2 2
7825 2 1
7825 3 1
7826 3 2
7827 3 2
7828 3 1
7832 3 1
7833 2 1
7834 3 1
7836 3 1
7837 2 1
7838 2 1
7839 2 1
7844 2 1
7845 2 1
7846 3 2
7847 3 1
7850 2 1
7854 2 1
7854 3 1
7855 2 1
7856 2 1
7863 2 1
7863 3 1
7864 2 1
7864 3 2
7867 2 1
7868 2 2
7869 2 1
7869 3 1
7870 3 2
7872 2 1
7872 3 1
7873 2 2
7873 3 1
7874 2 1
7875 2 1
7876 2 1
7877 2 1
7878 3 2
7881 3 1
7885 2 1
7886 3 1
7888 2 1
7888 3 2
7889 3 1
7891 3 1
7892 2 1
7892 3 2
7893 2 2
7893 3 1
7894 2 1
7895 2 1
7899 2 1
7899 3 1
7902 2 2
7902 3 1
7903 2 1
7903 3 1
7904 2 2
7905 2 1
7905 3 1
7906 2 1
7909 2 1
7909 3 1
7910 2 1
7911 2 2
7912 3 1
792 3 1
7923 3 1
7925 3 1
7932 2 1
7932 3 2
7933 2 2
7933 3 1
7934 2 1
7935 2 1
7935 3 2
7936 3 1
7939 2 1
7939 3 1
794 2 1
794 3 1
7944 2 1
7949 3 1
795 3 2
7951 2 1
7951 3 1
7952 2 1
7955 3 1
7961 2 1
7961 3 1
7962 2 1
7963 2 1
7964 2 1
7966 3 1
797 2 1
797 3 1
7974 2 1
7975 2 1
7978 2 1
7979 2 1
798 2 1
798 3 2
7980 3 1
7985 2 2
7986 3 1
7988 2 2
7988 3 1
7989 2 2
7989 3 1
7990 2 1
7993 3 1
7996 2 1
7997 2 1
7998 2 1
7999 2 1
8000 2 2
8000 3 1
8001 2 1
8004 2 1
8004 3 1
8005 2 2
8005 3 1
8006 2 1
8007 3 2
8009 2 1
801 2 2
801 3 1
8010 2 1
8011 3 1
8013 3 1
8015 2 1
8018 3 1
8019 2 1
8020 2 1
8021 2 2
8022 3 1
8025 3 1
8027 2 1
8027 3 2
8028 3 1
803 2 1
8031 3 1
8035 2 1
8035 3 1
8036 3 1
8043 2 2
8044 2 1
8044 3 1
8047 3 1
8054 3 1
8059 2 1
806 2 1
806 3 1
8060 2 1
8061 2 1
8062 2 2
8063 3 1
8065 3 1
8068 2 1
8069 2 1
807 2 1
8078 2 1
8080 2 1
8083 3 1
8089 2 1
8089 3 1
8095 2 1
8096 2 1
8097 2 1
8101 2 1
8101 3 1
8104 2 2
8104 3 1
8105 2 1
8105 3 1
811 2 1
8111 2 1
8111 3 1
8113 3 1
8116 2 1
8116 3 1
8117 2 2
8118 2 1
8118 3 1
8119 3 1
812 2 2
812 3 1
8124 3 1
8127 3 1
813 3 1
8130 2 1
8131 2 1
8132 2 2
8132 3 1
8133 2 1
8134 3 1
8141 2 1
8142 2 2
8143 3 1
8148 2 1
8148 3 1
8149 2 1
8149 3 2
8150 2 1
8153 3 1
8155 2 2
8156 2 1
8157 2 1
816 3 1
8161 2 1
8167 2 1
8167 3 1
8168 2 1
8168 3 2
8172 2 2
8172 3 1
8173 3 1
8175 3 1
8179 3 1
818 3 1
8183 2 1
8193 3 1
8197 2 1
8197 3 2
8198 2 1
8198 3 2
8199 3 1
8201 2 1
8201 3 1
8205 2 1
8205 3 1
8213 2 1
8215 3 1
8217 2 1
8217 3 1
8218 2 1
8219 2 2
8220 2 1
8220 3 1
8221 3 2
8225 2 1
8228 2 1
8229 2 1
823 3 1
8230 2 1
8236 2 1
8241 3 1
825 3 1
8250 3 1
8252 2 1
8252 3 1
8258 2 1
8261 3 1
8262 2 1
8270 3 1
8273 2 1
8273 3 1
8274 2 2
8275 3 1
8277 2 1
8277 3 1
8278 3 1
8281 3 1
8283 2 1
8283 3 2
8285 3 1
8288 3 1
829 2 2
829 3 1
8292 2 1
8293 3 1
8296 2 1
8297 2 1
8298 3 2
830 2 1
8302 2 1
8303 3 1
8305 2 2
8305 3 1
8306 2 1
8313 2 1
8317 2 2
8317 3 1
8318 3 1
8319 2 1
8320 2 1
8320 3 2
8321 3 1
8324 3 1
8326 3 1
833 2 1
833 3 1
8336 2 1
8337 3 1
8346 3 1
8353 2 1
8354 2 1
8357 2 1
8358 2 1
836 2 1
8361 2 1
8361 3 1
8362 2 1
8363 3 1
837 2 1
8371 3 1
8374 2 1
8379 2 1
8379 3 1
8383 3 1
8385 2 1
8385 3 1
8388 2 2
8388 3 1
839 3 1
8397 2 1
8400 3 1
8402 3 1
8404 2 1
8405 2 1
8406 3 1
8408 2 1
8408 3 1
841 2 1
841 3 1
8411 3 1
8413 2 1
8413 3 2
8414 3 1
8418 2 1
8419 3 1
842 2 1
8423 2 1
8423 3 2
8425 3 1
8428 3 1
8429 2 1
8430 3 1
8432 3 1
8433 2 1
8434 3 1
8437 2 1
8438 3 1
8442 2 2
8442 3 1
8447 2 1
8447 3 1
845 2 2
8455 3 1
8456 2 1
8457 3 1
8459 3 1
846 2 1
8460 2 1
8461 2 1
8462 2 1
8467 2 1
8468 2 1
847 3 1
8473 2 1
8474 2 2
8474 3 1
8475 3 1
8478 2 1
8478 3 1
8483 3 1
8485 2 1
8486 2 2
8486 3 1
8487 3 1
849 2 2
849 3 1
8490 2 1
8490 3 2
8491 2 1
8492 3 1
8496 3 1
8498 3 1
850 2 1
8503 2 1
8503 3 1
8504 3 1
851 3 2
8511 3 1
8525 3 1
8526 2 1
8527 3 1
853 2 1
853 3 1
8530 2 1
8530 3 1
8536 2 1
8536 3 1
8537 3 1
8540 3 1
8542 2 1
8542 3 1
8545 3 1
8547 2 2
8547 3 1
8549 2 1
8550 2 1
8551 2 2
8552 2 1
8552 3 1
8553 3 1
8555 2 1
8555 3 2
8556 2 1
8557 2 2
8557 3 1
8558 3 1
8563 3 1
8568 2 1
8568 3 1
857 2 1
8570 2 1
8572 2 2
8572 3 1
8573 2 1
8574 2 1
8575 3 2
8577 3 1
8582 3 1
8587 2 1
8588 3 2
8590 2 1
8590 3 1
8591 2 2
8592 2 1
8592 3 1
8596 2 2
8596 3 1
8597 3 1
8598 2 1
8599 3 1
860 3 1
8602 2 1
8602 3 1
8608 2 1
8609 2 1
8610 2 1
8616 3 1
8618 2 1
8619 3 1
862 3 1
863 2 1
8630 2 1
8630 3 1
8631 3 2
8633 3 1
864 3 1
8641 3 1
8646 2 1
8646 3 1
8647 2 1
8648 2 2
8648 3 1
8653 3 1
8664 2 1
8665 3 1
8668 3 1
8669 2 1
8669 3 2
8672 2 1
8672 3 2
8673 3 1
8676 2 1
8681 2 1
8691 2 1
8692 2 1
8692 3 2
8693 3 1
8695 2 1
8696 2 1
8704 2 1
8705 3 1
8709 2 1
871 2 1
871 3 1
8710 3 1
8715 2 1
8719 2 1
8720 3 1
8724 2 1
8727 2 1
8744 2 1
8745 2 2
8746 2 1
8746 3 1
8751 3 1
8752 2 1
8752 3 2
8756 2 1
8756 3 2
8757 2 2
8758 2 1
8758 3 1
8759 2 1
8760 3 1
8762 2 1
8765 2 1
8768 2 1
8769 2 1
8770 2 1
8771 2 1
8772 2 2
8772 3 1
8773 2 2
8773 3 1
8774 3 1
8776 2 1
8776 3 1
8788 2 1
8789 2 2
8789 3 1
879 2 1
8790 3 1
8792 2 1
8793 2 1
8794 2 2
8794 3 1
8795 3 1
8797 2 1
8797 3 2
8798 2 1
8802 2 1
8802 3 1
8803 2 1
8804 3 1
8806 2 2
8806 3 1
8807 2 1
8808 3 1
8811 2 1
8814 2 1
8814 3 1
8815 3 2
8822 2 2
8822 3 1
8823 2 1
8824 2 1
8824 3 2
8825 3 1
8827 2 2
8827 3 1
8828 2 1
8829 2 1
8829 3 2
883 2 1
8830 3 1
8834 2 1
8836 2 1
884 2 2
884 3 1
8842 3 1
8845 2 1
8845 3 1
885 3 1
8852 2 1
8853 3 1
8858 2 1
8858 3 1
8859 2 1
8864 2 1
8865 2 2
8865 3 1
8866 2 1
8867 3 2
8870 2 1
8871 2 1
8872 3 2
8875 3 1
888 2 2
888 3 1
8882 2 1
8883 3 1
889 2 1
8897 2 1
8898 3 1
8900 2 1
8900 3 2
8901 2 1
8902 2 2
8902 3 1
8903 2 1
8904 2 1
8904 3 2
8905 2 1
8905 3 2
8906 2 1
8906 3 2
8907 2 1
8907 3 2
8908 3 1
8915 2 1
8918 2 1
8918 3 2
8920 3 1
8922 2 1
8926 2 1
8927 2 1
8928 3 2
8929 3 1
893 2 1
893 3 1
8935 2 1
8936 2 1
8937 2 2
8937 3 1
8938 2 1
8939 3 1
8941 2 1
8941 3 1
8942 2 1
8943 3 2
8947 3 1
8948 2 1
8949 3 1
8952 3 1
8954 2 1
8955 3 1
8957 2 1
8957 3 1
8962 2 1
8968 2 2
8969 2 1
8969 3 1
897 2 1
8972 3 1
8975 2 1
8975 3 2
8976 2 1
8979 2 2
8979 3 1
898 2 1
8980 2 1
8981 2 1
8983 3 2
8984 3 1
899 3 1
8990 3 1
8998 3 1
8999 2 1
9000 2 1
9001 3 1
9007 2 1
9008 2 1
9009 3 1
9018 2 1
9019 3 1
9021 2 1
9022 3 1
9025 2 1
9025 3 1
9026 3 1
9028 3 1
903 2 1
903 3 1
9030 2 1
9031 3 1
9033 3 1
9035 3 1
904 2 1
904 3 2
9042 2 1
9043 2 2
9044 3 1
9046 3 1
9053 3 1
9055 3 1
9057 3 1
9059 2 1
906 3 1
9064 2 1
9064 3 2
9065 2 2
9066 2 1
9066 3 1
9067 3 1
9069 3 1
9070 2 1
9074 3 1
9076 3 1
9079 2 1
9081 3 1
9084 2 1
9085 2 1
9092 3 1
9094 2 1
9094 3 1
9095 2 2
9096 2 1
9096 3 1
9097 3 2
9099 2 1
9099 3 1
9100 2 2
9101 2 1
9101 3 1
9102 2 1
9103 3 2
9104 3 1
9110 2 1
9111 2 1
9112 3 2
9119 2 1
9119 3 1
9120 2 1
9121 3 1
9123 3 1
9125 2 1
9125 3 1
9126 2 1
9126 3 2
9127 2 1
913 2 2
9131 2 1
9131 3 1
9133 3 1
9135 3 1
9137 2 1
9137 3 1
9138 2 1
914 2 1
9140 3 1
9142 2 1
9142 3 1
9143 3 1
9145 2 1
915 2 1
9168 2 1
9169 2 1
9169 3 2
9170 3 1
9172 3 1
9174 2 1
9174 3 1
9175 2 1
9175 3 2
9176 2 1
9177 2 2
9177 3 1
9178 3 1
9185 3 1
9187 2 1
9187 3 1
9188 3 1
919 3 1
9190 2 1
9190 3 2
9192 3 1
9198 2 1
9198 3 1
9199 2 2
9200 2 1
9200 3 1
9201 2 1
9202 2 1
9203 2 1
9204 3 1
9207 3 1
9209 3 1
921 2 1
921 3 2
9211 3 1
9213 2 1
9213 3 1
9214 2 1
9214 3 2
9215 2 1
9215 3 2
9216 2 1
9216 3 2
9219 3 1
922 2 1
9222 3 1
9225 2 1
9226 2 1
9227 2 2
923 2 2
923 3 1
9230 3 1
9232 3 1
9236 2 1
9236 3 1
9238 2 1
924 3 1
9242 3 1
9244 2 1
9244 3 1
9245 3 1
9247 3 1
9248 2 1
9253 2 1
9253 3 1
9260 3 1
9264 2 1
9265 3 1
9268 3 1
9271 2 1
9271 3 2
9272 3 1
9279 3 1
928 2 1
928 3 2
9281 3 1
9282 2 1
929 2 1
9292 3 1
9295 2 2
9295 3 1
9296 2 1
9301 2 1
9305 2 1
9306 2 1
9307 3 1
9315 2 1
9318 3 1
9323 2 1
9327 3 1
9333 2 1
9333 3 1
9334 3 1
9336 2 2
9336 3 1
9337 2 1
9341 3 1
9342 2 1
9343 2 2
9343 3 1
9344 2 1
9345 2 1
9346 3 2
9351 2 1
9352 2 1
9353 3 1
9356 3 1
9360 2 1
9361 2 1
9364 3 1
9366 2 1
9367 2 1
9368 2 2
9368 3 1
9369 3 1
9371 3 1
9373 2 1
9373 3 1
9376 2 1
9376 3 1
9382 2 1
9382 3 1
9383 2 1
9387 2 1
9388 2 1
9389 3 2
9392 2 1
9395 2 1
9396 3 1
940 3 1
9400 2 1
9400 3 1
9403 2 1
9407 3 1
9411 2 1
9412 2 2
9413 3 1
942 3 1
9429 2 1
9430 3 1
9434 2 1
9434 3 1
9436 2 1
9437 3 1
9439 2 1
9439 3 1
944 2 1
9442 3 1
9444 2 1
9445 3 1
9447 2 1
945 3 1
9453 3 1
9455 3 1
9457 2 2
9457 3 1
9458 2 1
9459 2 1
9460 3 1
9462 2 1
9463 2 1
9464 2 2
9464 3 1
9474 3 1
9477 2 1
9478 2 1
9479 2 2
9480 2 1
9480 3 1
9481 3 2
9483 2 1
9484 2 1
9485 2 1
9485 3 2
9486 3 1
9489 2 1
9489 3 2
949 2 1
9490 3 1
9492 3 1
9498 3 1
9499 2 1
9503 2 1
9504 3 1
9506 3 1
9512 3 1
9514 2 2
9514 3 1
9515 2 1
9520 2 1
9520 3 1
9521 2 1
9521 3 2
9522 2 1
9522 3 2
9525 2 1
9525 3 1
9528 2 1
9529 2 2
9529 3 1
9530 2 1
9531 2 1
9537 2 1
9537 3 1
9538 2 2
9539 2 1
9539 3 1
9545 3 1
9546 2 1
9547 2 1
9549 2 2
9550 2 1
9550 3 1
9553 3 1
9559 3 1
956 3 1
9562 2 1
9563 3 1
9565 3 1
9567 3 1
9568 2 1
9568 3 2
9569 2 1
9570 3 1
9572 3 1
9573 2 1
9574 3 1
9578 2 1
9579 2 1
9580 2 1
9581 2 1
9581 3 2
9582 3 1
9588 2 2
9588 3 1
9589 3 1
9591 2 1
9592 3 1
9594 3 1
9595 2 1
9603 2 2
9603 3 1
9604 2 1
9608 3 1
9609 2 1
9610 2 2
9610 3 1
9611 3 1
9613 3 1
9616 2 1
9616 3 1
9619 2 1
962 2 1
9620 3 1
9623 2 1
9624 3 1
9626 2 1
963 2 1
9634 2 1
9635 3 1
9638 2 1
9639 2 2
9640 2 1
9640 3 1
9643 3 1
9649 2 1
9650 2 1
9659 2 1
9659 3 1
966 3 1
9660 2 1
9662 3 1
9666 2 1
9667 3 1
9669 2 1
9669 3 1
9670 3 2
968 2 1
9681 3 1
9685 2 1
969 2 1
9694 3 1
9700 2 1
9701 3 1
9704 3 1
9707 3 1
9709 3 1
9711 2 1
9711 3 1
9715 3 1
972 3 1
9721 3 1
9722 2 1
9730 3 1
9734 2 1
9742 2 1
9742 3 1
9743 2 2
9743 3 1
9744 2 1
9745 3 1
9750 2 1
9750 3 2
9751 2 1
9755 2 1
9755 3 1
9756 2 2
9757 2 1
9757 3 1
9758 2 1
9758 3 2
9759 2 1
9759 3 2
9760 3 2
9762 2 1
9763 3 1
9766 2 1
9766 3 1
9773 2 2
9774 2 1
9775 2 1
9776 3 2
9778 2 1
9778 3 1
9779 3 1
9783 2 1
9786 3 1
9788 2 1
9789 2 2
9789 3 1
979 2 1
979 3 1
9790 2 1
9791 2 1
9792 3 1
9802 3 1
9805 2 1
9812 2 1
9813 2 1
9814 2 2
9814 3 1
9815 3 1
9818 3 1
9819 2 1
982 3 1
9823 2 1
9825 3 1
9829 3 1
9833 2 1
9834 2 1
9837 2 1
9838 3 1
9841 2 1
9846 2 1
9848 3 1
9851 2 1
9851 3 1
9854 3 1
9855 2 1
9856 3 1
9858 2 1
9858 3 2
9863 2 1
9866 3 1
9867 2 1
9868 2 1
9869 2 1
9869 3 2
9870 2 1
9870 3 2
9871 3 1
9873 3 1
9880 2 1
9883 2 1
9884 2 1
9894 3 1
9900 3 1
9905 3 1
9910 3 1
9914 2 1
9915 2 1
9918 3 1
992 2 1
9921 3 1
9922 2 1
9932 2 1
9933 3 1
9937 3 1
9941 2 1
9942 2 1
9943 2 2
9943 3 1
995 3 1
9950 2 1
9953 3 1
9955 3 1
9965 2 1
9966 2 1
9967 3 1
997 2 1
9971 3 1
9974 3 1
9976 2 1
9976 3 1
998 2 1
9980 2 1
9985 2 1
9986 2 1
9986 3 2
9987 2 1
9987 3 2
9988 3 1
9991 3 1
