278
280
283
287
290
291
293
298
299
307
308
312
313
316
318
320
325
326
328
334
335
336
338
341
342
344
348
352
353
355
356
357
359
360
362
363
364
367
368
374
377
380
381
384
385
389
392
393
397
398
399
401
402
404
407
408
409
411
413
415
416
417
419
421
425
426
429
430
431
436
440
449
450
451
459
460
461
462
464
465
469
470
471
472
473
474
477
478
482
483
485
489
490
493
494
495
500
506
507
508
513
521
522
523
525
527
528
531
532
533
534
536
539
540
541
543
544
551
552
555
560
568
569
577
583
588
593
597
603
605
630
632
639
642
654
658
659
666
671
672
681
692
694
706
709
713
728
732
733
734
744
753
758
779
780
781
786
787
788
800
802
805
806
808
811
813
818
819
840
844
848
856
857
858
863
867
889
901
903
905
907
916
917
921
933
936
956
962
969
972
978
982
986
994
995
1007
1009
1025
1026
1027
1032
1033
1038
1042
1049
1050
1056
1077
1080
1081
1094
1114
1119
1123
1127
1133
1146
1151
1153
1154
1156
1158
1160
1169
1175
1176
1178
1182
1185
1195
1196
1205
1208
1209
1219
1225
1231
1233
1234
1238
1246
1250
1254
1255
1259
1261
1265
1266
1273
1278
1288
1302
1308
1313
1320
1321
1322
1328
1329
1331
1332
1335
1336
1339
1341
1342
1346
1347
1352
1354
1355
1356
1363
1366
1368
1372
1373
1383
1386
1390
1398
1399
1404
1412
1422
1428
1435
1437
1438
1464
1465
1466
1474
1480
1490
1493
1495
1500
1515
1517
1521
1523
1524
1530
1531
1533
1539
1541
1542
1544
1550
1562
1572
1582
1593
1595
1600
1605
1611
1615
1617
1629
1630
1633
1638
1652
1658
1660
1663
1667
1669
1677
1684
1686
1688
1691
1706
1709
1712
1713
1727
1731
1736
1746
1747
1748
1762
1763
1764
1772
1778
1782
1786
1788
1792
1793
1805
1809
1810
1812
1813
1818
1824
1833
1841
1844
1846
1855
1859
1861
1866
1868
1869
1874
1877
1879
1880
1887
1888
1890
1900
1905
1907
1909
1911
1914
1915
1919
1927
1930
1931
1937
1940
1941
1945
1948
1950
1952
1957
1963
1967
1976
1977
1981
1987
2002
2006
2021
2025
2027
2035
2036
2050
2053
2059
2067
2070
2076
2078
2079
2081
2085
2086
2094
2097
2108
2109
2115
2122
2131
2144
2147
2148
2149
2159
2164
2182
2190
2193
2194
2212
2213
2214
2220
2222
2227
2232
2236
2237
2252
2260
2264
2272
2273
2290
2291
2296
2300
2311
2317
2321
2331
2345
2346
2353
2358
2365
2366
2368
2373
2380
2388
2391
2396
2398
2399
2409
2414
2419
2424
2427
2430
2431
2432
2441
2443
2455
2457
2460
2464
2478
2481
2496
2501
2505
2512
2522
2527
2537
2539
2540
2547
2550
2552
2557
2584
2589
2595
2600
2603
2605
2612
2620
2624
2629
2634
2637
2638
2640
2646
2647
2649
2650
2652
2655
2660
2661
2670
2673
2677
2684
2686
2691
2695
2696
2700
2701
2703
2713
2714
2715
2726
2735
2744
2746
2747
2757
2758
2771
2775
2782
2784
2785
2790
2794
2805
2838
2844
2845
2846
2851
2861
2863
2865
2870
2874
2876
2878
2879
2882
2893
2895
2898
2904
2911
2913
2924
2928
2929
2933
2935
2936
2939
2942
2948
2954
2959
2962
2967
2972
2975
2980
2982
2983
2984
2992
2994
3001
3002
3010
3019
3022
3023
3031
3036
3048
3062
3064
3065
3067
3068
3074
3076
3077
3080
3085
3090
3093
3100
3103
3114
3124
3125
3130
3133
3142
3147
3153
3154
3158
3161
3164
3172
3173
3177
3183
3186
3190
3192
3193
3205
3207
3213
3216
3218
3225
3226
3232
3237
3239
3246
3247
3250
3253
3254
3261
3262
3263
3268
3276
3286
3288
3292
3293
3298
3299
3306
3313
3321
3322
3328
3337
3340
3347
3349
3352
3353
3355
3364
3368
3373
3376
3387
3389
3391
3393
3395
3397
3405
3411
3416
3434
3438
3441
3448
3454
3458
3467
3469
3476
3484
3488
3492
3495
3497
3500
3503
3507
3508
3512
3521
3525
3533
3536
3545
3557
3561
3562
3563
3567
3573
3578
3586
3596
3602
3607
3619
3620
3627
3629
3632
3634
3639
3640
3648
3649
3665
3670
3684
3686
3687
3695
3700
3703
3706
3707
3713
3718
3733
3735
3736
3741
3742
3748
3751
3753
3760
3771
3772
3778
3782
3787
3788
3793
3805
3815
3823
3829
3830
3834
3843
3847
3848
3850
3851
3854
3860
3862
3865
3879
3883
3885
3895
3896
3909
3920
3940
3949
3950
3952
3955
3966
3970
3983
3987
3991
3996
4003
4009
4010
4027
4028
4034
4039
4040
4042
4047
4058
4062
4063
4078
4088
4091
4105
4109
4111
4113
4114
4120
4137
4142
4147
4148
4150
4153
4156
4184
4195
4198
4199
4201
4206
4210
4220
4224
4225
4230
4235
4236
4237
4245
4249
4250
4252
4254
4266
4271
4272
4277
4290
4296
4307
4311
4317
4326
4327
4328
4333
4335
4337
4341
4349
4356
4357
4361
4368
4370
4382
4404
4410
4415
4439
4440
4443
4450
4463
4464
4475
4481
4487
4496
4504
4505
4507
4509
4510
4516
4518
4526
4528
4529
4531
4534
4536
4541
4542
4547
4551
4552
4553
4558
4559
4560
4562
4567
4571
4572
4578
4580
4583
4584
4588
4595
4598
4600
4603
4607
4610
4644
4647
4651
4656
4670
4673
4688
4698
4705
4710
4726
4733
4739
4742
4751
4753
4754
4756
4760
4763
4767
4768
4769
4773
4778
4786
4789
4790
4793
4798
4800
4804
4805
4812
4816
4817
4824
4839
4840
4841
4843
4844
4846
4849
4850
4854
4860
4862
4866
4870
4877
4880
4884
4887
4888
4890
4892
4894
4897
4901
4903
4904
4905
4910
4911
4912
4919
4937
4945
4963
4964
4965
4977
4982
4987
4989
4992
4993
4994
4995
5005
5009
5017
5018
5024
5026
5029
5034
5035
5042
5055
5056
5063
5065
5069
5070
5073
5079
5081
5084
5089
5091
5092
5094
5096
5097
5100
5108
5122
5123
5129
5133
5138
5141
5143
5157
5160
5163
5167
5171
5176
5180
5184
5185
5192
5193
5201
5206
5210
5214
5220
5223
5226
5248
5266
5284
5286
5287
5297
5305
5306
5309
5318
5320
5327
5331
5340
5342
5346
5349
5353
5354
5355
5357
5358
5361
5365
5369
5383
5390
5392
5393
5394
5404
5405
5413
5418
5420
5425
5435
5449
5450
5452
5454
5459
5463
5464
5474
5475
5476
5480
5482
5487
5489
5492
5497
5500
5502
5515
5519
5520
5521
5523
5524
5537
5544
5548
5549
5550
5552
5560
5572
5577
5579
5582
5584
5589
5593
5609
5611
5615
5634
5636
5642
5645
5661
5667
5669
5675
5678
5679
5681
5696
5699
5708
5720
5727
5728
5733
5739
5746
5751
5757
5759
5763
5771
5772
5777
5779
5781
5787
5791
5795
5810
5832
5839
5840
5844
5851
5856
5866
5868
5871
5893
5895
5901
5902
5905
5906
5909
5910
5913
5916
5918
5922
5930
5931
5936
5946
5947
5948
5949
5954
5956
5971
5981
5983
6018
6019
6020
6023
6032
6034
6042
6046
6051
6072
6074
6075
6086
6092
6099
6101
6106
6107
6111
6113
6118
6119
6123
6125
6127
6130
6135
6137
6146
6164
6170
6173
6180
6184
6189
6191
6192
6203
6204
6205
6211
6214
6218
6219
6220
6221
6228
6249
6263
6270
6273
6280
6283
6294
6297
6304
6306
6307
6310
6318
6330
6344
6353
6365
6369
6372
6386
6397
6398
6399
6400
6412
6419
6428
6450
6457
6464
6471
6477
6485
6486
6487
6489
6494
6495
6498
6500
6501
6506
6518
6524
6531
6533
6536
6549
6551
6555
6576
6583
6585
6606
6622
6623
6626
6627
6641
6645
6646
6652
6653
6655
6656
6662
6672
6695
6699
6705
6706
6716
6725
6731
6732
6734
6735
6736
6737
6743
6744
6756
6757
6760
6769
6775
6776
6780
6794
6798
6799
6801
6802
6806
6815
6816
6825
6826
6843
6858
6863
6866
6872
6882
6902
6914
6918
6926
6927
6930
6932
6941
6942
6945
6954
6963
6964
6965
6967
6980
6986
7009
7010
7019
7026
7034
7050
7051
7055
7056
7061
7068
7071
7073
7076
7079
7084
7090
7091
7094
7100
7104
7109
7111
7115
7131
7133
7141
7151
7157
7164
7168
7171
7175
7190
7193
7194
7203
7207
7211
7213
7215
7220
7221
7222
7224
7225
7242
7248
7252
7261
7263
7278
7284
7292
7305
7312
7322
7323
7326
7328
7329
7339
7350
7352
7353
7355
7356
7358
7359
7380
7381
7390
7408
7409
7412
7413
7416
7425
7429
7439
7443
7445
7449
7453
7456
7480
7483
7489
7490
7492
7495
7497
7510
7519
7522
7529
7535
7537
7538
7551
7559
7561
7562
7574
7583
7590
7598
7606
7607
7608
7614
7619
7621
7626
7629
7632
7639
7642
7644
7655
7656
7659
7666
7672
7675
7681
7683
7688
7692
7694
7703
7704
7708
7714
7715
7722
7725
7730
7732
7735
7736
7739
7746
7747
7753
7754
7764
7775
7779
7780
7785
7793
7801
7804
7805
7806
7808
7813
7814
7819
7841
7847
7852
7857
7873
7875
7876
7881
7889
7891
7897
7898
7908
7911
7916
7920
7930
7931
7934
7945
7951
7952
7967
7969
7971
7978
7982
7989
7998
8001
8002
8007
8009
8010
8016
8018
8029
8031
8034
8041
8054
8060
8061
8064
8069
8072
8074
8076
8079
8080
8088
8104
8106
8108
8110
8114
8117
8128
8129
8148
8150
8151
8158
8159
8160
8163
8167
8177
8179
8180
8185
8190
8191
8195
8197
8199
8204
8205
8208
8209
8218
8222
8226
8227
8230
8236
8251
8259
8261
8263
8264
8268
8272
8276
8281
8287
8292
8293
8299
8302
8308
8311
8317
8335
8340
8341
8361
8362
8366
8367
8368
8370
8375
8385
8389
8392
8395
8405
8414
8420
8433
8437
8441
8442
8446
8453
8454
8468
8470
8471
8483
8484
8493
8495
8497
8498
8509
8522
8524
8525
8526
8531
8533
8534
8536
8542
8545
8547
8551
8562
8574
8575
8577
8582
8585
8588
8594
8596
8607
8612
8615
8616
8619
8632
8635
8641
8645
8653
8657
8658
8665
8666
8668
8669
8671
8677
8680
8701
8703
8714
8715
8716
8725
8726
8735
8740
8747
8753
8758
8774
8777
8779
8781
8790
8792
8801
8804
8813
8818
8824
8825
8829
8836
8846
8849
8857
8860
8861
8862
8865
8866
8869
8871
8873
8875
8878
8882
8886
8887
8894
8895
8898
8899
8914
8919
8920
8923
8928
8932
8935
8938
8945
8947
8948
8955
8956
8969
8973
8978
8984
8989
8993
9014
9026
9027
9030
9035
9037
9058
9070
9080
9092
9099
9100
9111
9121
9125
9135
9144
9150
9157
9160
9161
9170
9171
9174
9184
9188
9199
9200
9203
9206
9207
9211
9214
9218
9222
9224
9241
9246
9249
9251
9253
9263
9268
9272
9273
9277
9278
9280
9282
9302
9304
9305
9313
9314
9316
9322
9324
9329
9336
9345
9346
9350
9352
9357
9363
9367
9373
9377
9383
9392
9398
9404
9412
9413
9415
9416
9425
9426
9433
9440
9441
9442
9443
9446
9449
9453
9459
9466
9467
9474
9478
9479
9486
9487
9493
9506
9508
9514
9515
9520
9524
9528
9530
9532
9535
9537
9538
9539
9552
9557
9567
9584
9599
9600
9615
9616
9618
9623
9625
9650
9652
9656
9666
9667
9672
9674
9676
9681
9690
9696
9704
9720
9721
9726
9737
9741
9742
9746
9747
9749
9761
9762
9770
9772
9773
9775
9776
9805
9809
9818
9830
9835
9837
9838
9840
9848
9857
9866
9869
9870
9871
9877
9881
9883
9884
9891
9900
9907
9912
9914
9916
9926
9929
9945
9947
9948
9953
9964
9973
9977
9979
9986
9993
9995
9996
10004
10012
10017
10021
10022
10023
10026
10034
10047
10054
10065
10070
10075
10087
10088
10091
10097
10110
10112
10113
10125
10127
10131
10150
10151
10155
10160
10164
10165
10172
10191
10192
10205
10206
10220
10235
10243
10244
10247
10252
10261
10271
10275
10279
10281
10291
10292
10294
10302
10325
10326
10335
10343
10350
10354
10359
10365
10367
10383
10385
10392
10394
10404
10406
10411
10426
10439
10440
10447
10452
10454
10467
10471
10472
10476
10481
10487
10489
10498
10500
10502
10503
10510
10519
10520
10527
10528
10541
10551
10566
10577
10579
10580
10586
10592
10600
10601
10604
10605
10606
10608
10609
10610
10618
10627
10629
10630
10632
10641
10644
10646
10652
10660
10665
10667
10671
10683
10696
10705
10706
10707
10708
10710
10719
10721
10737
10740
10747
10751
10754
10761
10762
10764
10765
10777
10778
10779
10787
10799
10800
10804
10815
10825
10826
10828
10834
10835
10841
10848
10854
10857
10861
10867
10869
10874
10880
10881
10885
10888
10890
10891
10894
10898
10899
10905
10906
10909
10913
10914
10920
10938
10944
10946
10951
10961
10966
10967
10973
10975
10976
10981
10985
10987
11005
11007
11011
11016
11022
11026
11032
11036
11037
11038
11044
11045
11051
11053
11057
11058
11064
11065
11068
11073
11074
11075
11083
11092
11099
11100
11106
11114
11119
11124
11125
11134
11135
11139
11141
11142
11144
11147
11149
11151
11153
11163
11178
11180
11184
11185
11188
11194
11230
11236
11238
11241
11243
11246
11252
11259
11260
11264
11273
11274
11275
11276
11290
11301
11316
11317
11323
11326
11330
11332
11336
11354
11355
11371
11378
11383
11394
11396
11401
11403
11404
11405
11406
11415
11416
11418
11421
11422
11427
11435
11436
11443
11453
11454
11455
11465
11467
11468
11469
11474
11485
11487
11493
11503
11516
11522
11527
11529
11534
11549
11554
11559
11564
11565
11587
11588
11592
11597
11600
11601
11606
11607
11613
11617
11619
11625
11629
11630
11632
11635
11636
11638
11645
11646
11652
11655
11661
11665
11668
11669
11679
11680
11683
11687
11695
11699
11706
11712
11733
11734
11744
11747
11766
11782
11783
11785
11788
11789
11790
11792
11801
11802
11818
11828
11829
11843
11844
11863
11867
11882
11885
11894
11895
11896
11900
11902
11903
11904
11909
11919
11929
11936
11940
11947
11958
11962
11968
11970
11974
11975
11980
11993
11997
11998
12002
12007
12012
12013
12018
12020
12021
12029
12031
12038
12039
12053
12056
12058
12063
12080
12086
12098
12104
12112
12119
12120
12123
12132
12136
12138
12140
12150
12155
12162
12175
12181
12186
12189
12192
12207
12208
12214
12224
12233
12235
12261
12265
12267
12268
12269
12272
12274
12277
12280
12294
12300
12307
12310
12320
12330
12332
12337
12338
12352
12354
12355
12357
12364
12374
12382
12387
12398
12409
12411
12415
12417
12428
12430
12432
12434
12435
12440
12444
12450
12451
12452
12457
12458
12466
12470
12473
12474
12476
12481
12482
12486
12491
12503
12507
12508
12523
12525
12527
12528
12533
12538
12543
12546
12550
12556
12557
12559
12562
12564
12565
12566
12569
12576
12584
12586
12592
12593
12594
12597
12606
12609
12616
12632
12634
12640
12651
12653
12657
12662
12663
12665
12692
12693
12701
12703
12717
12723
12725
12726
12727
12734
12739
12745
12765
12767
12769
12782
12783
12788
12789
12797
12800
12802
12803
12808
12813
12818
12825
12843
12844
12845
12855
12863
12869
12871
12872
12874
12878
12885
12889
12895
12897
12907
12909
12911
12919
12920
12921
12923
12924
12926
12929
12932
12933
12935
12937
12938
12940
12953
12955
12966
12967
12981
12982
12983
12987
12988
12990
12993
12995
13001
13006
13021
13023
13029
13033
13034
13046
13055
13058
13061
13066
13072
13075
13081
13083
13101
13103
13104
13105
13122
13131
13141
13146
13149
13150
13164
13186
13194
13195
13204
13206
13211
13215
13222
13224
13244
13246
13247
13252
13256
13261
13268
13270
13274
13280
13283
13289
13292
13297
13308
13310
13314
13325
13334
13343
13347
13349
13366
13367
13369
13371
13378
13384
13386
13397
13409
13423
13427
13432
13451
13456
13462
13474
13481
13491
13503
13508
13513
13521
13526
13534
13536
13537
13538
13543
13545
13546
13550
13553
13554
13564
13570
13574
13578
13579
13589
13593
13604
13605
13607
13610
13611
13613
13622
13646
13648
13652
13656
13660
13668
13676
13684
13690
13691
13694
13701
13707
13709
13721
13723
13731
13741
13750
13753
13760
13761
13775
13800
13803
13807
13812
13827
13832
13845
13847
13851
13868
13869
13870
13881
13895
13900
13904
13922
13924
13928
13931
13939
13943
13952
13958
13962
13963
13964
13965
13966
13968
13980
14000
14006
14011
14017
14031
14034
14035
14046
14052
14056
14061
14066
14068
14075
14078
14082
14084
14087
14092
14093
14096
14097
14107
14112
14118
14119
14121
14122
14132
14133
14161
14167
14182
14183
14201
14203
14209
14213
14214
14218
14225
14231
14237
14243
14256
14265
14266
14267
14270
14271
14275
14276
14278
14285
14286
14296
14303
14306
14310
14316
14326
14327
14365
14374
14375
14377
14380
14386
14387
14389
14391
14396
14398
14401
14402
14405
14406
14408
14412
14434
14444
14448
14449
14453
14462
14475
14484
14488
14489
14500
14512
14513
14519
14522
14523
14525
14527
14528
14539
14542
14544
14545
14550
14560
14561
14563
14565
14566
14572
14573
14580
14585
14589
14616
14618
14621
14627
14637
14639
14640
14643
14647
14650
14652
14658
14668
14670
14672
14677
14682
14685
14686
14687
14688
14694
14712
14713
14723
14732
14737
14751
14752
14757
14762
14763
14764
14774
14787
14790
14802
14805
14811
14818
14825
14828
14831
14844
14845
14851
14860
14864
14866
14879
14881
14889
14901
14918
14919
14920
14927
14930
14933
14940
14941
14942
14949
14956
14959
14961
14965
14969
14976
14977
14979
14982
14983
14998
15001
15009
15017
15028
15034
15072
15077
15080
15084
15090
15098
15103
15115
15121
15123
15126
15127
15128
15142
15155
15156
15171
15174
15175
15176
15179
15180
15194
15202
15205
15219
15221
15238
15246
15249
15254
15266
15272
15295
15308
15309
15315
15323
15325
15337
15345
15348
15362
15366
15373
15389
15402
15403
15407
15408
15415
15421
15423
15435
15442
15445
15459
15471
15472
15474
15486
15492
15496
15498
15504
15514
15516
15517
15530
15532
15534
15556
15562
15568
15569
15588
15590
15595
15611
15615
15617
15623
15624
15625
15627
15634
15639
15649
15655
15682
15686
15690
15696
15698
15708
15710
15715
15724
15729
15731
15732
15747
15765
15769
15770
15771
15775
15778
15784
15791
15799
15817
15835
15847
15850
15859
15862
15865
15867
15870
15874
15875
15880
15881
15884
15890
15903
15909
15917
15937
15940
15942
15944
15946
15956
15957
15969
15970
15971
15973
15978
15980
15985
15994
16008
16024
16035
16036
16041
16044
16057
16061
16064
16067
16068
16070
16075
16082
16087
16089
16093
16106
16112
16120
16122
16124
16128
16132
16138
16141
16144
16146
16149
16153
16157
16159
16166
16170
16173
16178
16182
16186
16188
16192
16194
16201
16219
16220
16224
16225
16227
16246
16250
16263
16272
16273
16294
16295
16299
16311
16314
16319
16321
16322
16328
16330
16331
16336
16337
16339
16341
16344
16346
16355
16362
16364
16368
16372
16376
16403
16407
16423
16427
16428
16430
16431
16432
16434
16436
16437
16439
16440
16441
16445
16447
16456
16461
16465
16471
16477
16499
16508
16509
16511
16519
16522
16525
16533
16535
16547
16564
16568
16569
16574
16589
16590
16596
16600
16607
16612
16616
16618
16621
16629
16630
16646
16659
16660
16661
16664
16667
16670
16679
16684
16699
16719
16720
16721
16731
16735
16737
16755
16756
16758
16764
16770
16771
16773
16777
16778
16783
16784
16787
16788
16795
16801
16812
16823
16825
16841
16842
16844
16846
16847
16849
16852
16865
16866
16869
16872
16873
16875
16877
16883
16885
16907
16915
16917
16923
16925
16929
16930
16933
16935
16939
16941
16945
16963
16978
16982
16989
16994
16996
17000
17002
17010
17011
17020
17033
17049
17064
17067
17073
17088
17089
17109
17112
17116
17122
17134
17144
17145
17148
17151
17152
17155
17156
17158
17161
17167
17179
17182
17183
17204
17220
17225
17226
17232
17235
17240
17242
17243
17251
17256
17261
17274
17276
17280
17285
17289
17295
17301
17308
17329
17332
17335
17339
17354
17356
17358
17374
17376
17377
17378
17386
17387
17391
17394
17404
17407
17412
17421
17427
17430
17440
17441
17455
17458
17483
17490
17501
17505
17510
17511
17512
17514
17542
17555
17557
17559
17560
17570
17572
17573
17574
17575
17583
17593
17597
17604
17626
17627
17633
17637
17642
17643
17649
17650
17657
17661
17662
17667
17669
17679
17681
17696
17698
17699
17711
17719
17720
17729
17734
17741
17743
17744
17765
17768
17776
17780
17781
17784
17785
17787
17795
17796
17803
17804
17806
17809
17814
17819
17827
17831
17838
17842
17847
17854
17857
17858
17869
17872
17880
17884
17894
17906
17909
17911
17920
17922
17940
17942
17944
17946
17947
17949
17960
17961
17992
17995
17996
18000
18003
18008
18009
18010
18011
18013
18019
18020
18040
18054
18058
18062
18065
18066
18068
18069
18071
18078
18081
18083
18098
18101
18108
18110
18113
18122
18124
18128
18132
18134
18138
18142
18144
18147
18157
18172
18180
18184
18192
18195
18198
18201
18212
18213
18215
18219
18221
18228
18253
18254
18258
18260
18270
18271
18272
18280
18284
18296
18298
18303
18318
18343
18345
18347
18348
18364
18368
18369
18374
18376
18391
18392
18397
18399
18400
18407
18409
18414
18417
18422
18424
18436
18437
18447
18448
18454
18459
18460
18461
18463
18469
18473
18475
18477
18490
18500
18504
18506
18516
18530
18536
18541
18546
18560
18561
18565
18566
18597
18607
18608
18622
18627
18631
18633
18634
18641
18643
18644
18651
18674
18683
18693
18695
18703
18710
18716
18727
18731
18739
18745
18754
18765
18795
18807
18810
18811
18820
18825
18828
18831
18834
18837
18839
18851
18858
18887
18889
18892
18898
18904
18909
18916
18918
18919
18929
18930
18932
18937
18949
18951
18953
18967
18970
18972
18980
18983
18988
18991
18992
18999
19000
19002
19003
19004
19006
19010
19013
19015
19016
19022
19023
19029
19030
19041
19043
19053
19057
19058
19059
19067
19079
19084
19086
19087
19096
19097
19105
19111
19114
19121
19142
19161
19164
19168
19170
19180
19194
19197
19198
19211
19219
19230
19237
19242
19247
19260
19263
19271
19284
19285
19286
19290
19298
19309
19318
19325
19328
19330
19331
19333
19334
19337
19343
19356
19358
19360
19361
19363
19375
19380
19381
19383
19384
19388
19391
19404
19405
19407
19416
19417
19421
19438
19442
19449
19450
19451
19455
19462
19467
19471
19483
19485
19486
19509
19511
19512
19516
19518
19522
19535
19536
19545
19547
19558
19565
19571
19584
19585
19591
19598
19600
19602
19603
19605
19606
19621
19629
19633
19640
19658
19663
19668
19669
19670
19674
19682
19686
19695
19717
19718
19730
19740
19752
19776
19790
19791
19809
19813
19815
19816
19831
19835
19837
19838
19848
19857
19862
19864
19877
19880
19894
19911
19915
19919
19951
19952
19954
19959
19970
19972
19975
19979
19981
19983
19985
19992
19993
19997
20002
20003
20005
20007
20009
20012
20026
20028
20054
20055
20059
20065
20066
20075
20088
20098
20100
20114
20127
20145
20152
20154
20158
20169
20174
20182
20183
20194
20196
20222
20223
20224
20225
20233
20239
20241
20243
20254
20256
20258
20261
20272
20280
20289
20305
20307
20321
20329
20333
20334
20348
20364
20366
20370
20372
20373
20375
20384
20386
20388
20389
20391
20392
20397
20401
20403
20422
20433
20435
20440
20442
20444
20446
20449
20456
20460
20462
20469
20499
20502
20504
20509
20514
20526
20533
20538
20540
20546
20547
20548
20550
20555
20558
20560
20561
20571
20572
20573
20575
20576
20581
20583
20584
20596
20601
20612
20613
20630
20638
20645
20649
20658
20663
20666
20675
20676
20677
20689
20700
20707
20709
20721
20723
20731
20739
20749
20751
20752
20766
20768
20776
20779
20788
20796
20812
20817
20821
20825
20829
20830
20838
20839
20843
20845
20846
20860
20862
20863
20874
20875
20884
20889
20906
20908
20909
20911
20921
20927
20928
20929
20932
20939
20941
20944
20952
20954
20956
20960
20963
20966
20967
20968
20980
20984
20986
20988
20990
20991
20993
20995
20998
21005
21009
21013
21018
21036
21038
21046
21050
21053
21054
21055
21057
21067
21069
21074
21087
21094
21096
21099
21100
21101
21102
21107
21113
21118
21129
21130
21139
21142
21144
21157
21160
21163
21168
21171
21186
21200
21207
21211
21212
21213
21221
21228
21231
21238
21239
21246
21249
21255
21259
21267
21273
21277
21279
21285
21306
21325
21327
21332
21345
21349
21351
21352
21360
21364
21372
21376
21391
21392
21394
21397
21398
21410
21415
21417
21421
21422
21436
21442
21459
21460
21462
21482
21483
21492
21496
21506
21511
21514
21515
21522
21523
21527
21533
21534
21535
21539
21546
21548
21558
21559
21560
21561
21562
21564
21565
21568
21591
21594
21597
21598
21599
21604
21607
21608
21609
21612
21624
21632
21633
21635
21640
21641
21647
21649
21651
21656
21657
21659
21660
21665
21666
21672
21673
21685
21690
21693
21697
21700
21706
21710
21715
21716
21721
21724
21728
21729
21731
21739
21741
21745
21762
21766
21769
21785
21786
21793
21794
21798
21801
21802
21806
21809
21814
21822
21832
21843
21844
21845
21855
21861
21869
21873
21879
21881
21884
21889
21900
21902
21903
21904
21905
21914
21915
21917
21929
21930
21936
21940
21965
21968
21972
21974
21988
21989
21993
21999
22001
22003
22018
22024
22032
22035
22040
22047
22068
22072
22073
22087
22092
22093
22102
22103
22108
22111
22112
22113
22116
22120
22124
22144
22146
22147
22158
22163
22169
22175
22196
22205
22214
22215
22217
22218
22219
22231
22232
22234
22247
22253
22259
22261
22272
22280
22284
22287
22288
22292
22294
22295
22303
22304
22315
22333
22335
22340
22342
22345
22346
22347
22359
22360
22362
22364
22377
22395
22397
22398
22400
22401
22405
22409
22412
22414
22426
22442
22450
22456
22460
22466
22473
22496
22498
22509
22513
22514
22522
22525
22534
22541
22552
22556
22567
22570
22574
22575
22577
22586
22587
22588
22593
22601
22608
22610
22611
22617
22619
22621
22625
22634
22643
22648
22652
22653
22657
22658
22666
22684
22686
22691
22697
22700
22702
22715
22716
22721
22725
22730
22733
22747
22773
22780
22782
22784
22787
22788
22800
22801
22807
22820
22827
22829
22842
22843
22845
22850
22854
22861
22866
22868
22870
22877
22883
22900
22902
22910
22912
22917
22920
22925
22927
22958
22959
22962
22970
22974
22977
22981
22982
22983
22986
22995
23000
23002
23011
23012
23013
23032
23035
23036
23042
23048
23051
23052
23054
23056
23062
23068
23072
23075
23076
23080
23081
23083
23087
23088
23090
23095
23096
23104
23127
23131
23141
23156
23162
23163
23164
23166
23173
23174
23177
23180
23181
23185
23186
23187
23189
23195
23200
23202
23211
23233
23241
23243
23246
23251
23252
23253
23255
23258
23260
23266
23272
23279
23281
23288
23291
23300
23306
23307
23318
23321
23326
23335
23337
23339
23340
23341
23342
23347
23353
23354
23356
23365
23370
23375
23379
23383
23394
23395
23396
23398
23416
23418
23436
23438
23439
23441
23461
23469
23475
23493
23497
23503
23512
23518
23533
23539
23541
23543
23549
23555
23557
23558
23566
23567
23568
23578
23585
23589
23596
23599
23609
23612
23619
23620
23628
23629
23631
23632
23640
23642
23643
23649
23650
23669
23677
23683
23689
23690
23692
23700
23714
23715
23721
23724
23726
23728
23729
23731
23734
23739
23744
23745
23752
23756
23771
23772
23779
23791
23800
23801
23806
23808
23816
23818
23823
23826
23834
23836
23837
23841
23843
23846
23853
23857
23859
23860
23867
23873
23874
23879
23887
23889
23891
23892
23893
23897
23903
23907
23928
23933
23936
23949
23950
23959
23964
23966
23969
23971
23972
23973
23975
23978
23983
23994
24006
24008
24024
24027
24037
24039
24049
24050
24052
24053
24058
24059
24061
24066
24067
24071
24073
24074
24076
24077
24082
24083
24097
24109
24111
24116
24117
24118
24120
24122
24123
24125
24126
24142
24149
24152
24154
24158
24162
24164
24168
24171
24172
24182
24184
24187
24196
24201
24203
24212
24216
24218
24223
24224
24232
24234
24248
24252
24253
24255
24257
24258
24269
24274
24278
24283
24287
24295
24296
24297
24301
24312
24313
24322
24329
24332
24335
24347
24357
24358
24364
24371
24374
24380
24393
24396
24399
24406
24412
24413
24414
24417
24419
24424
24430
24431
24435
24440
24458
24463
24467
24471
24482
24485
24487
24489
24494
24495
24512
24513
24525
24535
24536
24543
24546
24547
24551
24552
24557
24558
24561
24570
24574
24576
24577
24592
24601
24602
24605
24607
24611
24612
24618
24625
24631
24643
24648
24654
24659
24664
24666
24678
24679
24688
24692
24694
24696
24702
24710
24715
24719
24725
24731
24733
24735
24736
24745
24746
24754
24758
24769
24771
24774
24785
24794
24796
24797
24806
24810
24814
24826
24827
24835
24836
24842
24848
24856
24863
24867
24868
24869
24874
24876
24878
24880
24883
24888
24890
24895
24900
24909
24910
24911
24916
24927
24928
24933
24937
24938
24939
24948
24949
24954
24956
24957
24959
24966
24979
24983
24984
24985
24988
24989
24991
24992
25005
25008
25010
25011
25013
25029
25043
25044
25046
25047
25050
25053
25054
25059
25062
25066
25068
25069
25075
25080
25081
25083
25089
25090
25096
25097
25098
25099
25101
25102
25104
25105
25110
25111
25119
25131
25138
25141
25149
25158
25170
25188
25191
25198
25203
25208
25209
25212
25214
25218
25219
25229
25232
25249
25255
25258
25259
25262
25270
25283
25284
25285
25288
25289
25296
25305
25310
25317
25326
25329
25333
25337
25343
25345
25349
25352
25356
25358
25362
25376
25383
25385
25386
25389
25394
25406
25415
25417
25418
25422
25423
25425
25433
25438
25443
25448
25467
25474
25482
25485
25487
25488
25489
25491
25496
25507
25509
25533
25538
25539
25541
25568
25571
25573
25583
25600
25602
25616
25622
25624
25630
25631
25643
25651
25652
25653
25658
25661
25663
25664
25672
25675
25684
25685
25693
25694
25696
25704
25711
25722
25723
25730
25733
25735
25752
25756
25764
25768
25772
25777
25788
25791
25793
25794
25799
25811
25812
25814
25815
25817
25841
25842
25846
25848
25853
25858
25862
25869
25870
25877
25885
25893
25897
25900
25905
25907
25909
25911
25936
25951
25955
25957
25964
25972
25973
25975
25981
25983
25986
25987
25991
25996
26000
26010
26011
26020
26029
26031
26043
26047
26051
26062
26065
26068
26078
26086
26090
26091
26093
26094
26099
26108
26109
26126
26127
26141
26143
26144
26145
26155
26162
26172
26174
26175
26183
26184
26186
26190
26200
26206
26207
26231
26232
26243
26256
26258
26261
26262
26268
26273
26274
26278
26285
26295
26296
26305
26308
26310
26311
26313
26318
26329
26331
26332
26339
26347
26352
26365
26370
26375
26376
26387
26388
26396
26397
26399
26411
26413
26420
26422
26423
26424
26428
26432
26438
26444
26455
26458
26464
26466
26467
26473
26475
26479
26484
26486
26490
26491
26502
26510
26518
26527
26530
26535
26553
26554
26557
26562
26566
26575
26584
26586
26587
26590
26593
26604
26608
26618
26627
26635
26649
26650
26654
26660
26663
26664
26666
26672
26696
26712
26717
26727
26728
26736
26737
26738
26739
26743
26750
26752
26753
26761
26769
26770
26772
26774
26780
26784
26792
26793
26795
26796
26804
26814
26820
26822
26828
26836
26861
26863
26865
26866
26867
26887
26900
26913
26918
26931
26937
26943
26947
26951
26952
26955
26968
26983
26986
26987
26992
26997
27011
27026
27041
27043
27045
27046
27051
27055
27062
27068
27083
27085
27095
27099
27103
27104
27112
27114
27118
27119
27136
27138
27142
27147
27151
27157
27177
27192
27205
27212
27213
27218
27226
27227
27237
27265
27267
27270
27282
27297
27300
27304
27305
27312
27320
27321
27322
27325
27329
27330
27334
27341
27347
27351
27372
27377
27379
27390
27408
27416
27420
27421
27424
27426
27452
27465
27466
27473
27476
27477
27488
27490
27492
27496
27506
27510
27512
27515
27523
27535
27539
27540
27544
27549
27552
27570
27574
27579
27583
27584
27594
27601
27608
27609
27619
27657
27661
27665
27667
27669
27671
27672
27674
27684
27687
27689
27691
27695
27701
27704
27720
27728
27730
27736
27738
27740
27745
27746
27747
27751
27755
27758
27761
27765
27771
27772
27775
27779
27780
27786
27787
27790
27791
27798
27807
27811
27824
27825
27845
27847
27852
27853
27859
27863
27864
27865
27877
27878
27880
27889
27892
27904
27905
27907
27909
27910
27928
27930
27932
27934
27938
27940
27946
27947
27955
27963
27966
27971
27981
27995
27997
28005
28009
28014
28032
28047
28054
28065
28073
28075
28078
28081
28089
28090
28091
28093
28099
28103
28105
28119
28122
28123
28124
28129
28134
28138
28140
28145
28161
28165
28166
28179
28182
28185
28192
28194
28198
28207
28221
28222
28234
28239
28245
28252
28255
28256
28267
28271
28272
28283
28284
28291
28295
28310
28316
28318
28331
28335
28336
28339
28348
28350
28357
28362
28372
28385
28394
28397
28398
28402
28417
28420
28424
28425
28430
28433
28434
28435
28440
28451
28457
28460
28464
28468
28471
28483
28491
28493
28499
28501
28511
28518
28523
28524
28526
28537
28539
28542
28547
28561
28572
28577
28578
28586
28595
28605
28609
28610
28611
28612
28625
28628
28629
28631
28632
28639
28642
28644
28648
28650
28664
28665
28677
28679
28693
28698
28701
28703
28709
28716
28721
28726
28732
28733
28745
28747
28754
28769
28774
28777
28790
28793
28803
28804
28805
28806
28817
28818
28828
28836
28850
28860
28867
28869
28871
28880
28886
28890
28898
28900
28904
28908
28919
28921
28925
28926
28964
28967
28971
28972
28973
28975
28977
28980
28991
28997
29004
29014
29015
29017
29024
29026
29027
29028
29029
29034
29040
29044
29050
29052
29064
29066
29067
29069
29074
29079
29083
29090
29097
29104
29109
29116
29125
29133
29141
29142
29156
29164
29167
29177
29183
29185
29186
29188
29194
29203
29205
29220
29224
29232
29234
29237
29248
29250
29252
29262
29264
29271
29272
29275
29276
29303
29308
29309
29314
29323
29329
29340
29342
29346
29347
29353
29356
29358
29359
29360
29367
29372
29373
29387
29388
29394
29396
29405
29418
29421
29423
29424
29436
29439
29449
29453
29460
29464
29477
29489
29490
29499
29509
29512
29514
29515
29519
29520
29528
29537
29539
29544
29547
29550
29555
29568
29570
29583
29584
29588
29593
29605
29609
29613
29621
29627
29629
29630
29632
29635
29650
29655
29657
29667
29668
29671
29675
29684
29688
29691
29693
29702
29711
29712
29713
29717
29721
29726
29734
29739
29745
29760
29762
29773
29777
29780
29785
29789
29798
29803
29812
29817
29818
29820
29826
29831
29841
29845
29858
29863
29867
29869
29884
29885
29888
29889
29900
29905
29911
29917
29926
29937
29943
29951
29963
29968
29971
29976
29979
29981
29998
30002
30010
30014
30021
30035
30041
30042
30048
30051
30052
30059
30060
30064
30066
30067
30068
30077
30079
30081
30082
30087
30090
30092
30097
30099
30100
30106
30116
30133
30146
30151
30160
30164
30166
30176
30180
30182
30184
30190
30191
30209
30215
30216
30220
30226
30238
30241
30243
30244
30246
30254
30259
30262
30265
30269
30280
30285
30287
30288
30289
30298
30300
30321
30325
30326
30327
30335
30337
30341
30357
30359
30367
30376
30384
30387
30391
30393
30401
30405
30416
30437
30442
30446
30447
30455
30468
30471
30472
30475
30476
30481
30486
30507
30518
30525
30526
30529
30537
30542
30543
30546
30551
30555
30557
30560
30567
30577
30581
30582
30586
30588
30589
30590
30595
30600
30601
30612
30623
30624
30626
30627
30632
30636
30640
30648
30652
30655
30659
30661
30677
30679
30688
30708
30714
30716
30717
30719
30731
30733
30734
30738
30745
30756
30759
30775
30782
30793
30797
30806
30812
30814
30816
30820
30826
30833
30835
30836
30842
30846
30849
30850
30851
30854
30861
30869
30872
30876
30878
30879
30892
30894
30896
30897
30898
30915
30920
30938
30940
30941
30942
30947
30948
30956
30964
30985
30990
30991
31001
31009
31013
31020
31022
31025
31030
31036
31043
31049
31062
31063
31066
31071
31072
31076
31082
31093
31098
31101
31108
31130
31135
31139
31166
31169
31171
31173
31181
31191
31193
31196
31201
31213
31215
31221
31222
31224
31226
31242
31243
31245
31247
31248
31251
31263
31270
31272
31273
31274
31280
31283
31286
31287
31288
31296
31299
31311
31312
31324
31326
31328
31337
31339
31342
31344
31346
31347
31350
31354
31355
31361
31369
31373
31377
31380
31381
31382
31384
31388
31389
31397
31414
31422
31432
31446
31448
31449
31450
31452
31466
31475
31487
31490
31491
31496
31497
31499
31500
31501
31507
31508
31510
31517
31532
31534
31536
31540
31542
31543
31544
31547
31555
31562
31575
31576
31583
31585
31597
31599
31601
31603
31605
31618
31619
31622
31624
31625
31627
31629
31631
31634
31637
31639
31641
31648
31656
31659
31661
31666
31673
31685
31690
31692
31699
31712
31715
31734
31735
31741
31752
31754
31766
31768
31769
31779
31785
31787
31789
31792
31795
31796
31798
31799
31802
31808
31822
31825
31829
31830
31835
31836
31839
31841
31849
31851
31852
31861
31862
31864
31875
31876
31880
31882
31883
31884
31886
31888
31894
31895
31897
31899
31902
31911
31913
31914
31916
31920
31922
31923
31932
31935
31936
31940
31941
31944
31950
31952
31958
31959
31964
31967
31971
31973
31975
31978
31983
31989
31991
32001
32003
32004
32005
32013
32019
32027
32040
32048
32054
32059
32066
32070
32077
32095
32097
32110
32114
32116
32120
32121
32123
32127
32138
32155
32156
32163
32173
32174
32186
32190
32196
32197
32228
32233
32234
32241
32246
32247
32248
32250
32253
32257
32261
32270
32298
32302
32314
32315
32317
32324
32329
32337
32338
32343
32345
32347
32351
32354
32377
32380
32384
32389
32391
32396
32399
32406
32410
32411
32413
32416
32417
32424
32428
32429
32434
32435
32436
32439
32440
32448
32449
32450
32453
32455
32464
32465
32475
32476
32484
32486
32491
32494
32495
32497
32499
32511
32516
32517
32521
32523
32530
32533
32549
32568
32580
32581
32584
32587
32603
32604
32612
32618
32620
32622
32628
32633
32635
32650
32654
32663
32664
32673
32680
32699
32700
32706
32707
32708
32711
32724
32730
32740
32743
32749
32750
32755
32759
32765
32769
32771
32774
32776
32781
32786
32790
32791
32796
32798
32800
32801
32802
32822
32851
32859
32861
32862
32869
32877
32900
32903
32909
32919
32920
32928
32929
32931
32933
32943
32949
32961
32964
32965
32966
32974
32975
32977
32978
32982
32985
32986
32987
32999
33005
33006
33014
33015
33019
33020
33024
33030
33032
33037
33044
33046
33050
33053
33055
33059
33063
33070
33075
33076
33079
33083
33085
33096
33097
33099
33113
33124
33133
33137
33148
33158
33162
33164
33165
33170
33175
33182
33183
33184
33187
33188
33195
33197
33203
33204
33206
33208
33210
33214
33222
33226
33228
33241
33249
33253
33255
33259
33261
33283
33299
33304
33305
33307
33312
33314
33319
33328
33336
33345
33351
33358
33360
33362
33372
33374
33375
33385
33389
33393
33401
33404
33408
33412
33414
33415
33420
33437
33444
33452
33453
33455
33458
33462
33468
33470
33472
33481
33487
33488
33492
33495
33506
33518
33523
33525
33528
33530
33535
33538
33554
33567
33568
33576
33580
33581
33586
33593
33595
33599
33601
33603
33605
33606
33618
33628
33638
33642
33645
33647
33649
33650
33668
33676
33679
33680
33681
33687
33699
33703
33705
33712
33715
33719
33721
33727
33730
33732
33733
33736
33737
33743
33746
33747
33763
33772
33777
33790
33792
33800
33804
33808
33812
33823
33831
33833
33834
33850
33853
33855
33857
33861
33862
33876
33877
33888
33890
33902
33907
33917
33920
33921
33945
33947
33967
33968
33970
33975
33978
33980
33981
34002
34007
34010
34014
34023
34025
34030
34031
34040
34043
34047
34053
34059
34065
34069
34072
34077
34093
34101
34102
34107
34110
34112
34115
34129
34148
34152
34159
34169
34177
34182
34183
34184
34187
34193
34202
34204
34234
34238
34245
34248
34250
34254
34255
34259
34265
34266
34271
34272
34274
34275
34280
34281
34282
34284
34289
34292
34306
34309
34310
34315
34317
34318
34326
34331
34332
34338
34343
34344
34346
34349
34372
34373
34374
34376
34378
34394
34406
34408
34413
34416
34417
34431
34432
34443
34448
34452
34455
34457
34463
34464
34468
34476
34485
34488
34500
34506
34512
34513
34520
34524
34529
34533
34534
34554
34559
34563
34574
34576
34584
34592
34606
34610
34611
34617
34618
34621
34626
34638
34640
34649
34657
34667
34669
34685
34686
34692
34693
34701
34703
34707
34716
34720
34722
34730
34739
34740
34742
34744
34752
34758
34782
34785
34787
34794
34803
34810
34814
34830
34831
34833
34834
34847
34854
34855
34856
34859
34864
34865
34867
34872
34877
34884
34903
34904
34907
34913
34914
34916
34936
34937
34939
34944
34950
34958
34969
34972
34978
34979
34981
34995
34997
35001
35006
35015
35016
35019
35023
35031
35034
35035
35039
35040
35043
35047
35048
35051
35059
35066
35067
35077
35078
35079
35090
35096
35107
35110
35116
35121
35124
35126
35127
35129
35136
35142
35145
35148
35149
35153
35154
35156
35163
35172
35173
35175
35182
35200
35203
35207
35211
35215
35239
35246
35249
35251
35253
35256
35263
35264
35265
35294
35295
35297
35300
35305
35313
35314
35322
35324
35330
35352
35353
35358
35365
35368
35375
35377
35378
35383
35385
35388
35391
35398
35400
35419
35420
35422
35424
35428
35437
35447
35450
35454
35457
35459
35467
35469
35474
35475
35483
35489
35490
35504
35510
35513
35514
35523
35527
35532
35533
35536
35540
35544
35555
35560
35574
35576
35582
35584
35590
35595
35600
35601
35604
35605
35613
35614
35627
35631
35633
35643
35651
35658
35666
35669
35679
35681
35682
35691
35701
35703
35704
35710
35712
35716
35722
35723
35726
35731
35734
35737
35738
35744
35745
35749
35756
35768
35789
35796
35800
35802
35806
35808
35813
35818
35819
35839
35844
35847
35855
35860
35861
35865
35867
35870
35871
35873
35874
35879
35884
35885
35887
35893
35906
35918
35930
35940
35941
35945
35956
35957
35961
35965
35966
35967
35973
35977
35982
35987
35989
36004
36014
36017
36020
36028
36030
36032
36046
36063
36065
36066
36068
36078
36086
36093
36108
36114
36115
36122
36126
36127
36129
36133
36134
36139
36140
36144
36146
36159
36161
36168
36186
36195
36205
36213
36215
36216
36223
36231
36248
36256
36257
36266
36277
36285
36288
36292
36299
36303
36307
36321
36327
36335
36336
36338
36340
36353
36366
36371
36372
36392
36397
36401
36418
36423
36426
36429
36434
36437
36438
36440
36441
36447
36448
36452
36464
36483
36488
36491
36498
36506
36512
36514
36518
36532
36540
36542
36543
36545
36547
36554
36557
36562
36565
36578
36580
36585
36604
36606
36611
36613
36614
36615
36626
36638
36642
36647
36648
36650
36651
36659
36661
36667
36668
36673
36680
36687
36691
36697
36698
36699
36717
36724
36727
36731
36749
36753
36755
36758
36762
36765
36766
36773
36784
36785
36788
36789
36802
36804
36807
36809
36810
36816
36822
36823
36824
36826
36838
36839
36845
36847
36852
36857
36867
36873
36874
36880
36888
36893
36894
36895
36899
36903
36908
36911
36917
36924
36927
36938
36945
36952
36967
36973
36978
36981
36983
36984
36986
36993
36996
36999
37003
37008
37010
37019
37041
37051
37059
37065
37070
37071
37076
37082
37084
37087
37095
37097
37102
37107
37111
37115
37119
37120
37127
37131
37136
37140
37142
37147
37148
37158
37165
37168
37169
37174
37177
37178
37181
37191
37192
37195
37196
37204
37205
37207
37213
37220
37221
37223
37226
37234
37242
37244
37247
37248
37250
37254
37258
37268
37273
37277
37287
37289
37301
37308
37315
37318
37328
37340
37344
37345
37351
37357
37363
37364
37369
37370
37375
37376
37377
37381
37386
37390
37393
37401
37402
37415
37421
37426
37430
37433
37435
37445
37448
37452
37456
37460
37462
37463
37465
37466
37469
37473
37477
37478
37479
37482
37492
37507
37512
37515
37516
37518
37523
37533
37543
37545
37563
37566
37585
37596
37597
37606
37621
37626
37645
37647
37649
37650
37668
37670
37678
37682
37683
37684
37686
37690
37697
37710
37711
37713
37715
37720
37731
37733
37734
37742
37746
37752
37757
37772
37782
37784
37791
37794
37798
37802
37803
37805
37807
37812
37826
37832
37834
37838
37840
37841
37842
37843
37845
37848
37858
37859
37863
37873
37876
37882
37893
37898
37910
37912
37914
37917
37919
37920
37922
37930
37932
37942
37944
37945
37950
37955
37957
37958
37959
37961
37965
37967
37974
37976
37985
37988
37992
37994
37998
38007
38011
38021
38024
38025
38026
38028
38031
38032
38053
38063
38069
38073
38074
38080
38082
38089
38091
38092
38096
38103
38104
38113
38121
38122
38124
38131
38134
38138
38139
38142
38143
38150
38152
38153
38171
38182
38188
38189
38194
38200
38208
38216
38218
38220
38221
38223
38224
38227
38234
38238
38250
38252
38271
38272
38277
38285
38286
38303
38305
38307
38313
38316
38327
38328
38332
38341
38344
38357
38361
38365
38369
38376
38388
38393
38397
38401
38405
38406
38414
38416
38417
38427
38431
38435
38436
38447
38450
38451
38463
38477
38479
38485
38486
38491
38493
38510
38517
38519
38520
38527
38542
38546
38551
38566
38578
38582
38606
38607
38616
38619
38627
38635
38640
38655
38657
38664
38670
38676
38685
38687
38689
38694
38696
38697
38711
38717
38718
38724
38732
38737
38743
38744
38745
38748
38752
38756
38758
38761
38766
38775
38782
38784
38789
38791
38796
38799
38803
38813
38816
38843
38849
38860
38863
38866
38869
38875
38882
38903
38904
38911
38912
38914
38916
38921
38922
38924
38929
38930
38938
38939
38943
38945
38950
38956
38967
38973
38982
38993
38996
38999
39000
39006
39007
39024
39035
39041
39044
39058
39059
39063
39076
39080
39084
39095
39102
39103
39107
39108
39117
39118
39126
39142
39143
39146
39153
39161
39162
39163
39168
39173
39174
39176
39186
39188
39191
39193
39195
39196
39197
39207
39215
39217
39221
39223
39226
39233
39242
39244
39252
39263
39272
39273
39275
39283
39285
39288
39292
39304
39307
39309
39310
39317
39318
39320
39323
39327
39329
39332
39335
39341
39346
39351
39359
39363
39371
39372
39382
39389
39392
39404
39405
39415
39416
39419
39434
39435
39443
39445
39448
39449
39450
39456
39463
39466
39469
39472
39487
39494
39495
39496
39498
39500
39501
39514
39519
39527
39530
39532
39538
39552
39555
39556
39557
39559
39567
39569
39584
39587
39592
39594
39602
39612
39617
39622
39637
39647
39650
39651
39652
39657
39658
39662
39664
39669
39671
39684
39689
39700
39708
39710
39712
39713
39714
39715
39731
39741
39744
39752
39758
39759
39760
39762
39778
39788
39789
39796
39798
39799
39806
39809
39818
39827
39831
39832
39834
39843
39844
39846
39850
39855
39857
39858
39859
39860
39861
39870
39873
39876
39884
39885
39896
39897
39899
39902
39904
39918
39927
39937
39939
39941
39945
39948
39950
39955
39959
39962
39964
39969
39981
39987
39988
39992
39998
40002
40006
40013
40020
40021
40033
40042
40053
40054
40064
40067
40075
40078
40082
40083
40085
40087
40088
40119
40120
40128
40129
40140
40141
40149
40151
40152
40162
40167
40170
40193
40211
40216
40217
40224
40226
40227
40233
40234
40253
40262
40263
40266
40267
40283
40294
40295
40299
40300
40307
40308
40309
40313
40344
40351
40357
40362
40383
40386
40387
40398
40401
40403
40407
40410
40414
40415
40429
40431
40436
40437
40440
40444
40451
40452
40454
40461
40468
40470
40472
40482
40483
40486
40490
40491
40492
40496
40500
40501
40503
40506
40510
40523
40525
40529
40535
40537
40540
40545
40547
40555
40557
40561
40562
40566
40568
40569
40574
40575
40576
40579
40590
40593
40595
40619
40630
40635
40637
40679
40680
40682
40704
40712
40717
40720
40729
40732
40743
40761
40779
40780
40788
40789
40792
40800
40804
40806
40810
40812
40832
40836
40838
40841
40844
40848
40854
40855
40857
40861
40865
40867
40871
40872
40877
40879
40884
40888
40898
40904
40905
40910
40923
40925
40926
40928
40929
40935
40942
40951
40969
40975
40989
40991
40992
40997
41004
41007
41008
41031
41032
41039
41041
41042
41044
41045
41047
41056
41059
41061
41065
41070
41076
41082
41092
41093
41095
41100
41101
41110
41111
41119
41121
41123
41136
41137
41142
41151
41152
41154
41159
41166
41170
41172
41182
41183
41184
41186
41190
41203
41207
41210
41212
41213
41214
41230
41232
41234
41244
41245
41255
41256
41258
41266
41267
41270
41271
41274
41282
41306
41316
41317
41321
41331
41335
41336
41340
41341
41359
41363
41367
41370
41384
41385
41393
41396
41401
41412
41415
41422
41426
41428
41445
41453
41456
41461
41465
41479
41484
41497
41500
41507
41508
41517
41524
41530
41534
41535
41538
41544
41551
41557
41561
41565
41568
41573
41578
41586
41587
41592
41596
41600
41611
41612
41619
41624
41635
41642
41648
41659
41671
41676
41678
41684
41689
41690
41692
41696
41697
41699
41703
41707
41710
41712
41713
41715
41723
41725
41731
41735
41736
41743
41759
41765
41766
41767
41769
41776
41787
41796
41808
41813
41831
41836
41843
41844
41845
41853
41854
41856
41858
41859
41860
41862
41866
41869
41874
41885
41894
41901
41914
41918
41922
41938
41940
41948
41953
41956
41961
41963
41965
41971
41974
41981
41992
41998
42002
42005
42012
42018
42022
42029
42034
42037
42042
42046
42055
42058
42062
42072
42075
42078
42083
42087
42088
42097
42102
42105
42106
42112
42116
42118
42131
42137
42141
42143
42144
42169
42186
42187
42197
42201
42203
42216
42217
42219
42239
42251
42253
42260
42261
42262
42266
42267
42268
42281
42290
42296
42297
42306
42307
42312
42319
42324
42331
42333
42335
42362
42363
42372
42373
42382
42387
42391
42395
42396
42398
42399
42419
42423
42427
42430
42435
42439
42454
42456
42466
42469
42470
42472
42473
42474
42477
42479
42480
42491
42493
42495
42501
42507
42511
42516
42518
42525
42530
42534
42535
42536
42540
42541
42543
42546
42556
42558
42560
42561
42565
42575
42582
42587
42589
42595
42608
42613
42632
42639
42641
42652
42653
42659
42661
42662
42665
42673
42698
42704
42718
42739
42744
42748
42752
42755
42758
42762
42784
42787
42788
42802
42803
42805
42809
42810
42815
42821
42831
42833
42841
42843
42849
42850
42856
42861
42862
42864
42866
42870
42871
42875
42880
42888
42899
42901
42917
42918
42920
42925
42926
42928
42930
42936
42937
42938
42940
42944
42947
42959
42969
42971
42974
42982
42994
43009
43012
43014
43021
43023
43028
43034
43044
43046
43051
43056
43066
43067
43069
43071
43076
43077
43080
43084
43088
43103
43105
43106
43109
43128
43137
43146
43150
43151
43158
43163
43166
43177
43178
43187
43189
43203
43207
43217
43219
43221
43222
43226
43279
43289
43300
43303
43307
43309
43310
43315
43317
43318
43319
43322
43323
43326
43342
43343
43345
43348
43352
43356
43357
43359
43364
43374
43384
43386
43402
43403
43415
43416
43419
43423
43424
43426
43433
43441
43442
43446
43459
43467
43473
43486
43487
43490
43493
43494
43496
43502
43503
43513
43515
43519
43523
43524
43538
43541
43545
43549
43568
43576
43578
43579
43581
43582
43584
43588
43589
43594
43597
43599
43603
43607
43608
43615
43619
43622
43630
43636
43650
43653
43654
43655
43656
43661
43662
43665
43670
43690
43695
43701
43704
43708
43711
43713
43721
43730
43731
43732
43735
43742
43757
43760
43762
43767
43775
43783
43791
43792
43794
43797
43798
43814
43816
43824
43825
43827
43831
43832
43834
43835
43836
43843
43847
43851
43853
43854
43859
43865
43874
43876
43879
43880
43887
43891
43892
43898
43906
43907
43909
43910
43912
43919
43922
43928
43929
43933
43935
43936
43937
43939
43940
43942
43943
43944
43954
43972
43975
43979
43983
43991
43992
43998
43999
44009
44012
44014
44016
44018
44020
44026
44028
44034
44038
44039
44041
44046
44049
44062
44066
44076
44078
44079
44080
44087
44096
44097
44099
44102
44103
44106
44111
44116
44121
44129
44133
44134
44141
44143
44154
44163
44170
44172
44177
44188
44189
44195
44197
44206
44207
44210
44211
44212
44214
44217
44218
44224
44225
44226
44237
44244
44248
44253
44254
44257
44261
44266
44268
44284
44286
44287
44293
44295
44296
44301
44309
44312
44313
44315
44318
44322
44326
44330
44333
44335
44336
44341
44344
44358
44367
44368
44376
44380
44382
44393
44402
44408
44412
44420
44422
44435
44437
44438
44441
44445
44447
44450
44451
44453
44457
44461
44462
44467
44476
44481
44484
44485
44486
44492
44497
44498
44499
44508
44509
44511
44512
44517
44522
44523
44532
44542
44543
44548
44554
44556
44558
44562
44579
44581
44583
44587
44594
44595
44598
44606
44610
44617
44618
44621
44631
44633
44634
44640
44647
44650
44656
44657
44659
44666
44667
44668
44670
44675
44682
44687
44688
44691
44694
44700
44716
44717
44718
44720
44722
44725
44733
44741
44744
44748
44758
44763
44766
44767
44771
44778
44781
44792
44798
44801
44827
44829
44830
44835
44837
44846
44849
44851
44854
44858
44862
44866
44870
44875
44881
44917
44919
44920
44926
44928
44931
44933
44936
44957
44963
44964
44970
44976
44979
44985
44988
44997
44998
45013
45016
45017
45026
45035
45038
45052
45062
45063
45065
45066
45067
45069
45078
45079
45085
45092
45095
45099
45101
45106
45112
45123
45126
45130
45137
45139
45147
45159
45162
45164
45168
45172
45176
45188
45194
45195
45196
45202
45203
45210
45213
45217
45225
45228
45229
45237
45238
45242
45260
45263
45265
45267
45269
45270
45272
45273
45286
45297
45301
45305
45321
45337
45340
45342
45344
45345
45353
45368
45371
45375
45376
45380
45384
45385
45390
45402
45407
45408
45412
45414
45419
45422
45425
45426
45434
45441
45443
45449
45451
45452
45455
45474
45475
45487
45492
45494
45496
45498
45506
45513
45514
45518
45519
45525
45536
45539
45544
45551
45552
45563
45566
45567
45572
45607
45612
45615
45617
45622
45623
45631
45648
45649
45650
45652
45661
45667
45672
45677
45682
45683
45689
45693
45694
45696
45697
45712
45719
45720
45726
45728
45731
45739
45743
45749
45753
45763
45764
45773
45781
45783
45788
45790
45793
45795
45797
45806
45816
45818
45822
45824
45825
45826
45837
45838
45840
45842
45843
45848
45852
45854
45871
45873
45874
45875
45880
45882
45885
45897
45904
45906
45914
45916
45921
45927
45930
45932
45935
45937
45940
45943
45951
45975
45986
45987
45989
45990
45996
46003
46005
46013
46018
46019
46024
46034
46037
46038
46044
46050
46053
46054
46058
46063
46065
46070
46074
46081
46088
46089
46091
46097
46099
46104
46105
46109
46119
46122
46123
46126
46127
46130
46153
46161
46164
46170
46178
46183
46186
46189
46193
46200
46201
46202
46211
46212
46214
46215
46218
46221
46226
46267
46275
46276
46278
46284
46288
46294
46298
46302
46309
46313
46323
46330
46333
46336
46338
46348
46349
46363
46367
46369
46370
46372
46374
46381
46383
46384
46390
46399
46401
46405
46412
46420
46424
46428
46429
46433
46450
46458
46462
46471
46473
46477
46480
46485
46493
46507
46510
46542
46543
46572
46585
46592
46595
46596
46597
46599
46604
46605
46608
46609
46611
46616
46617
46619
46628
46629
46630
46642
46654
46664
46669
46672
46673
46685
46688
46707
46708
46710
46723
46724
46725
46733
46741
46743
46744
46752
46763
46766
46768
46775
46776
46779
46787
46789
46790
46792
46797
46806
46814
46827
46855
46864
46874
46876
46878
46887
46891
46896
46898
46901
46907
46911
46918
46922
46925
46929
46948
46952
46957
46961
46967
46981
46982
46988
47003
47004
47022
47028
47033
47039
47045
47055
47060
47061
47070
47071
47085
47100
47102
47103
47109
47114
47127
47129
47133
47139
47151
47157
47162
47166
47173
47175
47176
47187
47190
47193
47196
47197
47203
47209
47210
47222
47225
47228
47229
47235
47236
47241
47245
47247
47258
47262
47267
47270
47274
47280
47293
47294
47317
47321
47324
47332
47334
47335
47342
47345
47346
47350
47355
47361
47377
47380
47382
47383
47389
47393
47404
47408
47414
47420
47426
47429
47434
47436
47437
47442
47444
47454
47459
47462
47466
47475
47478
47486
47496
47497
47499
47505
47515
47516
47520
47522
47523
47533
47543
47546
47548
47553
47555
47556
47557
47572
47577
47583
47587
47592
47596
47602
47611
47613
47614
47625
47626
47630
47645
47648
47655
47658
47659
47663
47677
47678
47682
47683
47685
47697
47699
47700
47701
47703
47710
47711
47715
47719
47729
47736
47737
47740
47743
47751
47752
47780
47782
47790
47791
47792
47797
47798
47802
47803
47807
47825
47832
47836
47844
47848
47849
47861
47865
47875
47876
47877
47885
47887
47890
47892
47898
47905
47908
47914
47916
47919
47924
47931
47938
47944
47946
47955
47957
47965
47967
47971
47980
47981
47982
47984
47985
47991
47996
47998
47999
48004
48015
48018
48030
48031
48032
48033
48036
48041
48042
48045
48050
48051
48053
48054
48057
48062
48070
48073
48075
48076
48078
48084
48086
48088
48100
48101
48109
48111
48112
48113
48115
48119
48123
48125
48129
48130
48136
48144
48145
48164
48166
48171
48175
48178
48180
48181
48183
48188
48189
48192
48199
48203
48210
48211
48212
48218
48219
48230
48238
48240
48246
48251
48252
48253
48261
48267
48268
48270
48275
48277
48283
48290
48293
48297
48300
48307
48310
48317
48324
48325
48333
48346
48347
48350
48355
48361
48384
48386
48388
48392
48404
48405
48410
48420
48422
48425
48438
48439
48460
48471
48478
48479
48483
48485
48486
48489
48493
48494
48499
48505
48509
48510
48515
48520
48522
48525
48526
48530
48534
48537
48539
48543
48544
48559
48566
48570
48572
48573
48576
48585
48586
48587
48590
48596
48602
48608
48612
48615
48616
48617
48622
48625
48626
48629
48634
48644
48647
48654
48658
48663
48665
48666
48669
48686
48689
48708
48714
48718
48720
48721
48730
48733
48738
48739
48741
48742
48743
48745
48748
48754
48757
48758
48764
48765
48766
48773
48775
48793
48801
48802
48804
48808
48809
48816
48822
48823
48832
48837
48838
48841
48843
48845
48846
48852
48855
48862
48865
48869
48870
48873
48875
48888
48891
48896
48897
48905
48906
48908
48909
48923
48940
48943
48948
48952
48960
48963
48965
48970
48975
48977
48979
48980
48982
48983
48997
49005
49014
49015
49031
49045
49048
49054
49069
49083
49096
49097
49101
49103
49116
49120
49129
49133
49135
49138
49140
49150
49155
49156
49157
49163
49171
49180
49192
49195
49198
49209
49210
49212
49213
49215
49219
49220
49232
49242
49246
49251
49256
49261
49273
49274
49283
49284
49288
49289
49295
49301
49303
49304
49318
49322
49326
49328
49340
49348
49356
49361
49363
49368
49369
49374
49376
49378
49379
49391
49398
49399
49403
49413
49420
49421
49423
49430
49435
49442
49443
49450
49454
49460
49461
49493
49508
49510
49515
49525
49526
49528
49537
49553
49554
49556
49563
49564
49565
49570
49571
49586
49607
49610
49624
49626
49640
49648
49649
49653
49669
49688
49695
49700
49705
49711
49712
49716
49717
49722
49723
49726
49729
49733
49738
49743
49745
49746
49748
49755
49757
49760
49772
49773
49775
49789
49792
49793
49794
49809
49811
49812
49824
49826
49828
49829
49833
49835
49837
49844
49845
49863
49873
49874
49876
49877
49885
49887
49888
49903
49911
49919
49921
49925
49931
49932
49937
49966
49986
49987
49988
49990
49991
50006
50007
50009
50014
50035
50037
50043
50048
50051
50057
50058
50063
50067
50071
50072
50073
50080
50083
50090
50093
50100
50104
50108
50114
50118
50119
50125
50126
50145
50151
50153
50160
50162
50163
50166
50171
50173
50180
50190
50193
50196
50197
50216
50218
50233
50241
50245
50248
50261
50267
50272
50273
50281
50282
50288
50291
50293
50299
50303
50311
50312
50318
50342
50345
50347
50351
50352
50357
50359
50360
50363
50364
50365
50379
50383
50390
50397
50400
50409
50412
50415
50416
50437
50450
50455
50458
50465
50466
50468
50472
50482
50493
50497
50502
50504
50508
50515
50516
50521
50523
50525
50531
50532
50544
50545
50547
50557
50564
50567
50578
50579
50590
50598
50601
50605
50606
50607
50620
50624
50626
50635
50636
50639
50644
50659
50661
50669
50671
50672
50676
50678
50679
50692
50708
50713
50715
50728
50732
50737
50741
50774
50788
50793
50796
50798
50805
50809
50817
50818
50819
50820
50826
50827
50828
50830
50832
50835
50843
50846
50848
50849
50858
50861
50864
50867
50873
50876
50877
50880
50886
50897
50900
50906
50907
50910
50937
50951
50952
50953
50955
50964
50965
50969
50970
50983
50988
50992
51013
51016
51020
51033
51035
51036
51046
51047
51048
51049
51051
51058
51060
51061
51062
51068
51076
51077
51079
51084
51085
51092
51097
51098
51102
51112
51115
51117
51128
51130
51132
51142
51150
51151
51154
51155
51157
51158
51162
51165
51175
51176
51177
51179
51190
51192
51197
51238
51242
51243
51248
51249
51255
51263
51267
51285
51286
51287
51288
51290
51292
51313
51314
51321
51330
51331
51344
51346
51352
51381
51398
51399
51409
51413
51414
51417
51419
51428
51432
51435
51436
51437
51441
51443
51444
51450
51455
51456
51465
51467
51469
51475
51477
51487
51491
51504
51505
51506
51513
51517
51520
51533
51534
51536
51547
51552
51565
51588
51592
51600
51606
51610
51615
51617
51623
51638
51650
51651
51661
51665
51675
51678
51685
51696
51697
51698
51699
51700
51705
51707
51709
51715
51726
51744
51749
51750
51766
51770
51779
51784
51785
51791
51795
51796
51797
51800
51808
51809
51815
51822
51825
51826
51828
51830
51838
51842
51847
51848
51854
51865
51867
51880
51886
51887
51889
51892
51902
51929
51936
51944
51946
51954
51955
51959
51966
51967
51972
51979
51980
51982
51990
51991
52005
52010
52024
52026
52028
52032
52036
52044
52059
52077
52086
52099
52105
52117
52122
52123
52127
52129
52133
52134
52143
52155
52156
52161
52171
52182
52214
52218
52219
52224
52233
52234
52238
52244
52249
52250
52257
52260
52265
52270
52277
52284
52288
52295
52296
52297
52301
52302
52303
52308
52312
52316
52321
52325
52326
52330
52332
52334
52338
52350
52365
52366
52367
52368
52380
52381
52385
52390
52398
52402
52406
52407
52416
52420
52422
52423
52433
52441
52445
52448
52451
52457
52464
52465
52482
52490
52503
52507
52509
52510
52529
52535
52537
52542
52561
52563
52570
52575
52576
52581
52586
52587
52589
52591
52595
52596
52604
52607
52632
52645
52652
52654
52657
52662
52665
52675
52677
52678
52686
52695
52697
52702
52708
52709
52711
52712
52715
52716
52720
52737
52740
52742
52755
52756
52759
52764
52765
52772
52778
52785
52788
52790
52791
52792
52793
52798
52803
52808
52812
52824
52825
52827
52839
52850
52857
52858
52863
52870
52871
52873
52876
52879
52881
52882
52884
52885
52891
52905
52908
52909
52911
52922
52924
52925
52927
52928
52936
52937
52939
52942
52943
52945
52956
52960
52965
52966
52974
52977
52978
52986
52990
52991
52998
53006
53008
53009
53010
53017
53030
53037
53040
53043
53046
53057
53058
53077
53084
53097
53111
53114
53127
53128
53130
53132
53137
53142
53152
53156
53159
53173
53182
53185
53190
53196
53199
53207
53216
53222
53224
53231
53232
53233
53235
53241
53242
53247
53254
53258
53260
53263
53264
53278
53281
53287
53289
53290
53304
53307
53312
53317
53318
53322
53325
53330
53333
53338
53343
53345
53346
53347
53367
53369
53373
53385
53390
53397
53398
53403
53407
53412
53416
53431
53436
53437
53443
53451
53452
53453
53466
53477
53478
53515
53520
53521
53529
53530
53531
53533
53537
53538
53546
53555
53557
53561
53562
53564
53571
53576
53577
53578
53581
53591
53592
53595
53600
53610
53611
53620
53632
53633
53634
53636
53642
53645
53651
53652
53664
53669
53672
53673
53683
53685
53692
53695
53706
53711
53719
53743
53746
53749
53752
53755
53762
53765
53767
53770
53771
53773
53778
53779
53782
53786
53788
53796
53800
53811
53813
53815
53816
53819
53821
53822
53833
53834
53836
53839
53846
53852
53853
53858
53860
53866
53877
53881
53883
53886
53893
53900
53902
53919
53921
53922
53926
53936
53938
53939
53941
53943
53945
53946
53953
53962
53967
53969
53974
53977
53980
53984
54006
54011
54013
54021
54022
54026
54034
54048
54050
54063
54064
54083
54084
54085
54090
54097
54099
54100
54104
54110
54114
54118
54121
54135
54141
54147
54148
54154
54155
54156
54159
54165
54168
54169
54175
54185
54188
54191
54193
54198
54200
54207
54211
54213
54214
54216
54227
54231
54232
54238
54240
54241
54244
54251
54252
54256
54259
54266
54269
54274
54283
54287
54288
54290
54293
54294
54296
54297
54301
54319
54321
54322
54323
54332
54333
54336
54346
54357
54358
54362
54366
54369
54372
54374
54375
54385
54392
54396
54404
54406
54407
54409
54413
54419
54425
54430
54438
54441
54448
54453
54458
54472
54489
54494
54496
54500
54507
54508
54510
54517
54520
54523
54524
54526
54535
54537
54543
54552
54556
54558
54562
54567
54576
54581
54596
54598
54603
54605
54615
54616
54618
54619
54622
54643
54645
54652
54667
54674
54683
54689
54695
54700
54702
54707
54714
54716
54718
54728
54730
54734
54748
54764
54769
54774
54775
54777
54779
54780
54782
54787
54789
54791
54797
54804
54822
54829
54834
54842
54844
54847
54852
54855
54856
54857
54858
54860
54871
54873
54876
54880
54881
54882
54884
54885
54888
54891
54895
54901
54910
54913
54922
54924
54925
54927
54928
54937
54940
54947
54949
54953
54955
54957
54962
54966
54968
54972
54980
54985
54993
54997
54999
55005
55009
55012
55015
55027
55039
55047
55049
55060
55061
55066
55076
55085
55086
55088
55098
55111
55113
55119
55143
55149
55162
55165
55173
55177
55178
55185
55196
55207
55209
55221
55227
55228
55230
55239
55248
55253
55259
55260
55279
55280
55285
55287
55292
55303
55307
55312
55314
55316
55317
55322
55327
55345
55349
55352
55364
55365
55367
55369
55377
55382
55384
55389
55390
55395
55405
55411
55412
55413
55414
55418
55422
55424
55432
55435
55438
55444
55456
55457
55465
55471
55473
55474
55477
55482
55487
55489
55496
55502
55512
55525
55534
55535
55537
55538
55542
55543
55546
55550
55557
55559
55560
55564
55590
55591
55600
55602
55613
55618
55624
55631
55639
55640
55641
55644
55651
55653
55669
55688
55695
55707
55715
55719
55724
55732
55736
55737
55738
55739
55740
55760
55761
55764
55775
55776
55788
55789
55804
55807
55811
55817
55821
55825
55827
55832
55834
55836
55842
55845
55846
55850
55851
55867
55874
55875
55880
55888
55896
55900
55903
55916
55926
55930
55940
55944
55946
55948
55952
55955
55963
55975
55976
55981
55987
55994
56007
56009
56011
56017
56020
56028
56042
56044
56052
56055
56059
56065
56068
56079
56080
56083
56086
56088
56090
56092
56093
56103
56104
56114
56121
56125
56135
56138
56142
56146
56147
56149
56155
56162
56164
56166
56175
56182
56186
56188
56190
56192
56196
56201
56205
56206
56209
56221
56223
56224
56225
56245
56248
56250
56254
56255
56256
56260
56273
56279
56280
56284
56294
56295
56296
56300
56302
56303
56305
56307
56308
56312
56314
56317
56323
56326
56327
56336
56338
56342
56343
56353
56354
56361
56363
56367
56371
56380
56387
56391
56395
56398
56400
56401
56406
56411
56412
56414
56416
56417
56433
56437
56441
56454
56469
56472
56477
56481
56482
56488
56489
56490
56491
56495
56498
56510
56518
56534
56535
56549
56555
56559
56564
56565
56582
56586
56587
56591
56593
56601
56612
56615
56617
56618
56622
56623
56624
56625
56634
56638
56640
56642
56643
56645
56646
56650
56659
56669
56681
56691
56692
56696
56697
56704
56709
56714
56715
56716
56717
56719
56728
56739
56741
56743
56744
56754
56756
56760
56761
56775
56776
56779
56780
56781
56782
56797
56800
56803
56807
56809
56814
56826
56832
56836
56837
56838
56840
56841
56844
56846
56847
56849
56851
56853
56854
56855
56862
56863
56865
56878
56879
56880
56881
56882
56889
56892
56909
56919
56922
56924
56935
56936
56938
56942
56948
56953
56955
56956
56961
56966
56967
56969
56971
56972
56973
56995
56996
57003
57005
57007
57015
57016
57033
57034
57036
57041
57042
57043
57050
57054
57059
57068
57069
57084
57090
57096
57098
57101
57103
57104
57120
57125
57126
57137
57154
57160
57161
57167
57175
57176
57179
57184
57198
57211
57212
57214
57215
57217
57227
57239
57240
57251
57252
57257
57262
57271
57272
57285
57287
57296
57303
57309
57311
57316
57320
57321
57329
57341
57347
57377
57387
57390
57395
57397
57399
57400
57404
57408
57417
57432
57433
57435
57439
57440
57443
57454
57468
57477
57490
57494
57495
57496
57506
57513
57514
57518
57520
57522
57526
57537
57539
57544
57546
57547
57548
57552
57560
57562
57568
57569
57571
57581
57588
57589
57594
57595
57598
57601
57604
57611
57614
57617
57618
57622
57623
57624
57629
57632
57659
57681
57686
57699
57706
57707
57711
57716
57719
57729
57731
57738
57744
57765
57769
57770
57788
57792
57793
57795
57800
57801
57814
57823
57831
57844
57851
57855
57857
57858
57864
57869
57880
57887
57891
57894
57896
57897
57903
57907
57932
57933
57934
57936
57938
57946
57948
57957
57961
57965
57970
57975
57981
57985
57991
57997
58005
58009
58010
58023
58025
58030
58032
58042
58043
58048
58051
58058
58066
58067
58070
58075
58079
58080
58086
58089
58092
58099
58104
58127
58137
58141
58142
58145
58146
58148
58153
58166
58167
58168
58173
58175
58176
58182
58202
58207
58211
58215
58216
58225
58236
58239
58240
58246
58255
58257
58264
58266
58269
58284
58300
58312
58314
58318
58337
58341
58343
58347
58349
58350
58356
58358
58359
58364
58367
58369
58374
58375
58376
58379
58387
58392
58395
58406
58410
58412
58414
58419
58422
58430
58431
58448
58449
58451
58456
58457
58483
58501
58502
58519
58520
58525
58537
58538
58539
58540
58550
58556
58558
58560
58577
58603
58604
58605
58611
58613
58614
58616
58617
58623
58626
58630
58633
58639
58643
58644
58648
58655
58666
58672
58679
58682
58685
58689
58691
58692
58693
58694
58701
58705
58713
58720
58728
58730
58732
58733
58753
58755
58756
58758
58761
58770
58771
58777
58783
58784
58786
58791
58799
58814
58828
58846
58853
58862
58867
58882
58889
58890
58892
58893
58896
58905
58909
58911
58917
58934
58935
58936
58941
58942
58945
58946
58954
58957
58961
58965
58966
58971
58976
58977
58978
58984
58985
58997
59002
59009
59011
59016
59021
59033
59036
59046
59047
59056
59064
59068
59078
59094
59095
59099
59104
59107
59109
59115
59123
59130
59132
59135
59137
59140
59146
59148
59149
59151
59153
59155
59164
59168
59169
59172
59173
59176
59184
59186
59188
59192
59196
59199
59200
59201
59203
59219
59225
59231
59234
59236
59239
59240
59242
59244
59247
59250
59251
59256
59261
59275
59276
59279
59288
59290
59295
59302
59308
59316
59325
59326
59329
59330
59334
59355
59367
59368
59382
59384
59386
59390
59394
59395
59398
59401
59403
59404
59405
59408
59410
59412
59413
59415
59417
59427
59428
59433
59434
59439
59448
59449
59451
59462
59463
59467
59475
59476
59478
59490
59491
59496
59506
59509
59514
59517
59518
59526
59530
59531
59538
59539
59547
59548
59551
59564
59574
59576
59582
59583
59590
59591
59599
59601
59602
59604
59605
59611
59617
59618
59623
59625
59635
59636
59637
59640
59643
59645
59652
59659
59662
59674
59677
59687
59690
59699
59706
59708
59717
59719
59722
59725
59727
59728
59730
59732
59737
59741
59745
59756
59760
59766
59771
59778
59779
59780
59787
59788
59793
59803
59805
59814
59817
59822
59830
59833
59834
59843
59847
59849
59857
59859
59877
59878
59882
59886
59897
59898
59902
59909
59912
59914
59915
59949
59950
59951
59956
59969
59976
59983
59986
59987
59996
59997
60001
60002
60004
60006
60007
60015
60017
60022
60031
60035
60036
60051
60053
60054
60059
60063
60067
60070
60078
60088
60098
60110
60117
60143
60146
60157
60158
60161
60164
60166
60168
60170
60186
60194
60196
60198
60206
60230
60244
60249
60261
60262
60263
60272
60275
60276
60277
60283
60285
60290
60292
60296
60299
60301
60303
60306
60308
60315
60317
60319
60326
60328
60331
60333
60338
60342
60343
60344
60349
60371
60372
60375
60387
60389
60390
60392
60398
60420
60421
60428
60434
60437
60441
60449
60450
60456
60467
60473
60477
60487
60491
60494
60502
60509
60516
60519
60526
60530
60531
60538
60542
60547
60561
60562
60572
60575
60578
60579
60595
60596
60605
60612
60613
60623
60624
60633
60635
60636
60640
60645
60646
60658
60664
60666
60669
60670
60684
60696
60699
60704
60713
60714
60716
60717
60720
60721
60723
60725
60731
60735
60738
60739
60744
60755
60756
60760
60767
60773
60777
60801
60816
60817
60818
60821
60822
60828
60832
60838
60840
60844
60858
60859
60860
60861
60864
60871
60872
60874
60876
60877
60882
60883
60888
60896
60897
60900
60920
60921
60926
60927
60931
60941
60945
60947
60951
60959
60973
60975
60976
60989
60990
60996
61000
61002
61003
61009
61013
61027
61038
61042
61048
61049
61057
61061
61062
61063
61065
61071
61079
61091
61095
61096
61101
61116
61117
61122
61130
61140
61141
61145
61146
61148
61151
61156
61157
61165
61167
61168
61174
61175
61187
61195
61196
61202
61211
61222
61224
61225
61234
61237
61251
61254
61258
61269
61270
61271
61273
61281
61284
61290
61297
61301
61309
61310
61315
61320
61321
61323
61326
61327
61340
61350
61365
61373
61383
61391
61413
61423
61425
61426
61431
61435
61441
61442
61444
61447
61448
61475
61476
61478
61479
61481
61483
61485
61486
61489
61495
61496
61506
61512
61516
61518
61523
61528
61535
61537
61539
61544
61548
61554
61557
61560
61576
61591
61606
61607
61612
61619
61620
61622
61629
61632
61642
61644
61645
61646
61647
61648
61650
61653
61666
61667
61671
61673
61674
61675
61686
61701
61709
61710
61718
61721
61723
61729
61740
61742
61744
61747
61748
61749
61750
61753
61758
61760
61778
61789
61791
61814
61815
61817
61829
61831
61832
61838
61839
61845
61848
61855
61860
61864
61869
61873
61878
61879
61896
61903
61904
61910
61916
61921
61925
61936
61941
61948
61954
61955
61958
61962
61963
61971
61974
61976
61994
62002
62003
62006
62008
62018
62019
62021
62024
62027
62028
62035
62036
62038
62046
62049
62052
62053
62059
62060
62067
62073
62074
62080
62082
62083
62084
62090
62093
62102
62107
62109
62110
62127
62131
62133
62135
62144
62146
62150
62152
62156
62161
62171
62179
62185
62192
62195
62196
62200
62205
62219
62229
62232
62244
62248
62249
62253
62262
62267
62268
62269
62272
62275
62276
62278
62282
62283
62295
62298
62299
62302
62303
62305
62306
62313
62323
62330
62331
62352
62355
62359
62370
62372
62375
62379
62391
62392
62397
62406
62408
62414
62421
62422
62427
62431
62432
62433
62438
62443
62446
62448
62458
62459
62464
62471
62480
62482
62491
62494
62500
62502
62507
62509
62510
62516
62519
62524
62528
62539
62551
62552
62554
62555
62557
62563
62580
62581
62587
62589
62592
62593
62606
62610
62611
62612
62613
62617
62620
62625
62638
62639
62645
62662
62663
62669
62670
62679
62682
62703
62717
62722
62733
62753
62755
62764
62784
62785
62788
62790
62806
62813
62816
62831
62836
62841
62844
62856
62861
62864
62872
62877
62883
62886
62891
62892
62897
62898
62913
62914
62915
62923
62925
62932
62934
62935
62943
62944
62945
62956
62959
62961
62967
62970
62975
62982
62985
62999
63005
63012
63022
63028
63035
63045
63056
63060
63074
63076
63081
63083
63091
63102
63106
63116
63120
63131
63139
63149
63159
63165
63166
63177
63178
63200
63207
63211
63217
63222
63224
63235
63238
63242
63245
63246
63248
63268
63280
63282
63291
63293
63306
63313
63314
63318
63322
63324
63326
63331
63333
63343
63351
63381
63392
63408
63414
63434
63436
63443
63444
63445
63446
63447
63448
63449
63452
63453
63456
63467
63476
63480
63482
63485
63490
63491
63496
63497
63501
63503
63514
63516
63542
63543
63544
63549
63552
63558
63559
63568
63575
63579
63589
63590
63599
63602
63608
63619
63621
63626
63627
63628
63630
63636
63638
63639
63640
63649
63651
63655
63658
63661
63668
63669
63680
63696
63700
63705
63708
63714
63726
63741
63742
63755
63756
63765
63766
63768
63770
63774
63775
63777
63780
63791
63793
63801
63805
63809
63811
63812
63823
63828
63835
63837
63845
63851
63859
63872
63877
63879
63881
63887
63906
63907
63909
63919
63928
63933
63936
63942
63943
63947
63948
63956
63962
63968
63971
63975
63982
63988
63990
63991
63993
63996
63999
64003
64017
64021
64022
64031
64034
64035
64037
64040
64049
64050
64055
64064
64067
64072
64076
64078
64084
64087
64088
64090
64091
64095
64096
64105
64114
64119
64129
64130
64131
64134
64138
64144
64145
64147
64157
64170
64174
64175
64176
64181
64185
64186
64188
64191
64193
64198
64202
64206
64217
64223
64224
64226
64235
64240
64252
64255
64256
64257
64260
64261
64265
64270
64276
64282
64296
64301
64305
64310
64311
64317
64318
64320
64325
64330
64342
64345
64346
64348
64351
64353
64357
64362
64364
64367
64370
64374
64388
64393
64394
64398
64400
64414
64420
64422
64427
64432
64434
64439
64445
64447
64459
64465
64467
64470
64473
64474
64475
64478
64481
64486
64503
64505
64510
64514
64519
64520
64521
64529
64530
64532
64534
64538
64545
64546
64556
64558
64559
64572
64578
64583
64587
64589
64590
64593
64595
64597
64602
64608
64610
64623
64625
64626
64636
64641
64644
64649
64651
64663
64666
64677
64679
64689
64698
64702
64705
64717
64718
64723
64728
64729
64734
64741
64744
64746
64747
64749
64750
64755
64757
64780
64782
64787
64789
64793
64798
64799
64803
64805
64813
64816
64819
64831
64835
64837
64846
64862
64866
64901
64917
64920
64921
64923
64926
64929
64933
64941
64953
64956
64977
64980
64996
65011
65014
65018
65020
65022
65023
65026
65029
65030
65031
65040
65051
65068
65069
65076
65080
65087
65089
65091
65093
65096
65106
65108
65110
65111
65112
65114
65121
65127
65130
65133
65136
65137
65138
65150
65163
65172
65197
65204
65205
65209
65211
65216
65223
65225
65230
65232
65233
65238
65241
65242
65244
65250
65259
65260
65272
65273
65275
65280
65282
65283
65284
65297
65299
65301
65302
65303
65305
65306
65310
65315
65317
65335
65342
65344
65346
65347
65349
65355
65356
65364
65387
65391
65393
65394
65395
65396
65409
65410
65419
65421
65434
65442
65443
65451
65457
65461
65474
65476
65479
65494
65495
65502
65509
65520
65521
65523
65525
65529
65535
65536
65543
65545
65551
65559
65563
65569
65574
65578
65581
65582
65590
65592
65595
65600
65604
65624
65639
65646
65650
65661
65663
65666
65669
65673
65679
65685
65688
65689
65690
65698
65701
65703
65713
65721
65727
65729
65730
65735
65736
65738
65742
65753
65764
65774
65776
65777
65785
65786
65794
65795
65799
65800
65803
65807
65818
65820
65821
65825
65828
65837
65838
65839
65841
65846
65855
65856
65858
65860
65861
65870
65899
65904
65911
65934
65940
65942
65948
65956
65960
65965
65970
65975
65979
65980
65983
65987
65998
66000
66002
66006
66008
66010
66013
66018
66024
66028
66030
66031
66033
66034
66036
66064
66069
66071
66073
66074
66078
66082
66083
66084
66086
66095
66098
66100
66103
66104
66107
66110
66113
66114
66116
66126
66128
66133
66135
66136
66137
66147
66149
66179
66181
66194
66201
66204
66209
66215
66221
66222
66228
66235
66243
66245
66259
66262
66273
66282
66288
66292
66293
66295
66299
66302
66303
66305
66308
66309
66339
66340
66346
66347
66350
66363
66374
66375
66378
66383
66384
66386
66394
66396
66401
66403
66407
66409
66410
66415
66416
66425
66426
66428
66438
66442
66456
66457
66460
66461
66467
66478
66481
66485
66486
66490
66496
66497
66511
66512
66526
66534
66542
66547
66551
66557
66561
66564
66571
66574
66578
66579
66582
66583
66588
66589
66590
66592
66597
66603
66622
66638
66655
66663
66664
66665
66667
66668
66669
66673
66675
66681
66685
66686
66691
66700
66705
66706
66717
66721
66723
66726
66727
66742
66755
66783
66787
66788
66798
66801
66817
66826
66827
66830
66847
66848
66852
66853
66860
66863
66868
66872
66878
66887
66889
66914
66931
66937
66938
66942
66949
66950
66952
66960
66964
66965
66966
66968
66976
66981
66996
66998
67006
67009
67010
67021
67028
67030
67031
67038
67039
67042
67046
67047
67048
67052
67066
67077
67091
67094
67096
67106
67112
67113
67114
67122
67126
67132
67134
67135
67136
67142
67152
67161
67162
67180
67182
67192
67193
67200
67210
67215
67216
67222
67223
67236
67238
67239
67241
67243
67254
67259
67260
67274
67287
67330
67331
67341
67342
67356
67365
67366
67370
67372
67373
67375
67385
67388
67391
67397
67401
67403
67405
67409
67427
67429
67431
67432
67438
67450
67459
67466
67469
67471
67472
67482
67486
67490
67493
67494
67497
67504
67505
67506
67508
67511
67513
67520
67523
67546
67549
67563
67569
67572
67583
67591
67592
67594
67601
67605
67609
67631
67644
67654
67660
67663
67676
67683
67684
67687
67702
67711
67713
67716
67720
67725
67729
67731
67733
67745
67765
67768
67769
67771
67776
67777
67783
67786
67798
67799
67807
67812
67813
67815
67819
67824
67826
67836
67837
67838
67847
67854
67855
67860
67866
67872
67873
67894
67897
67901
67906
67910
67911
67914
67919
67921
67929
67930
67944
67950
67951
67956
67958
67962
67974
67978
67980
67982
67983
68001
68004
68009
68014
68015
68018
68019
68020
68024
68036
68037
68043
68047
68048
68050
68058
68059
68064
68068
68070
68084
68086
68099
68101
68102
68107
68109
68110
68111
68122
68128
68129
68136
68137
68139
68140
68143
68145
68147
68156
68163
68170
68173
68174
68180
68182
68186
68190
68192
68197
68208
68212
68214
68215
68216
68217
68225
68233
68242
68248
68251
68253
68255
68256
68260
68264
68266
68271
68275
68284
68294
68308
68312
68322
68327
68334
68340
68345
68366
68373
68374
68376
68388
68389
68398
68404
68415
68420
68428
68435
68448
68449
68452
68456
68465
68468
68469
68480
68481
68482
68483
68497
68503
68509
68517
68528
68531
68535
68554
68555
68559
68567
68571
68572
68573
68576
68586
68592
68600
68601
68614
68615
68619
68620
68621
68624
68629
68637
68638
68641
68646
68649
68650
68664
68670
68674
68681
68683
68684
68686
68690
68694
68720
68723
68743
68761
68780
68792
68793
68806
68810
68811
68817
68820
68828
68829
68840
68846
68847
68863
68867
68876
68880
68887
68890
68906
68910
68916
68920
68921
68925
68931
68932
68937
68941
68951
68953
68955
68956
68957
68974
68975
68988
68990
68993
69004
69007
69011
69021
69035
69036
69050
69053
69058
69062
69071
69072
69079
69095
69099
69104
69112
69113
69114
69131
69132
69145
69148
69150
69151
69159
69160
69164
69165
69169
69176
69191
69196
69202
69204
69205
69206
69212
69217
69220
69223
69225
69231
69234
69236
69237
69239
69241
69251
69253
69254
69267
69270
69271
69274
69282
69284
69291
69293
69300
69302
69304
69310
69314
69321
69332
69333
69335
69340
69341
69342
69343
69345
69351
69353
69365
69367
69372
69375
69381
69383
69384
69391
69393
69394
69403
69412
69419
69423
69424
69429
69430
69434
69437
69438
69439
69446
69447
69450
69458
69459
69465
69466
69467
69468
69471
69475
69476
69478
69496
69499
69501
69502
69506
69510
69528
69530
69532
69542
69546
69548
69549
69556
69557
69559
69569
69570
69583
69587
69588
69591
69592
69593
69604
69605
69606
69607
69610
69611
69626
69628
69630
69635
69640
69644
69652
69656
69658
69662
69665
69667
69668
69670
69672
69674
69675
69678
69682
69686
69687
69691
69694
69698
69699
69703
69704
69705
69709
69711
69712
69716
69717
69729
69734
69747
69755
69759
69760
69763
69772
69791
69793
69794
69795
69796
69799
69805
69806
69807
69809
69812
69824
69831
69834
69842
69848
69853
69855
69863
69867
69871
69884
69885
69893
69894
69895
69897
69899
69900
69903
69918
69923
69938
69943
69946
69947
69950
69953
69958
69974
69976
69979
69982
69989
69991
69994
70008
70013
70019
70036
70042
70043
70050
70056
70070
70087
70091
70103
70104
70124
70128
70131
70134
70138
70142
70148
70158
70159
70164
70166
70172
70180
70185
70188
70189
70191
70193
70198
70199
70204
70205
70225
70227
70229
70237
70241
70244
70246
70247
70253
70254
70255
70261
70268
70270
70271
70296
70297
70304
70311
70313
70314
70316
70333
70340
70350
70351
70352
70353
70356
70359
70363
70364
70368
70369
70371
70374
70382
70387
70430
70432
70436
70442
70447
70450
70454
70455
70456
70459
70462
70464
70468
70477
70488
70496
70497
70502
70506
70515
70516
70527
70529
70537
70543
70544
70547
70553
70558
70562
70572
70574
70575
70584
70588
70591
70595
70596
70605
70611
70612
70626
70627
70633
70643
70644
70647
70650
70657
70659
70664
70666
70670
70674
70679
70693
70698
70701
70706
70725
70730
70733
70734
70739
70741
70743
70746
70752
70758
70759
70769
70776
70777
70779
70783
70790
70793
70802
70808
70814
70822
70829
70831
70832
70833
70839
70841
70844
70850
70852
70853
70858
70863
70866
70867
70887
70900
70901
70903
70905
70916
70917
70922
70929
70930
70934
70941
70958
70962
70972
70978
70979
70981
70984
70985
70991
71000
71005
71014
71015
71016
71018
71022
71032
71037
71043
71047
71049
71050
71051
71061
71062
71065
71068
71070
71071
71072
71079
71081
71082
71084
71088
71096
71097
71102
71113
71118
71127
71130
71132
71133
71135
71137
71138
71141
71149
71156
71165
71167
71168
71175
71186
71190
71191
71196
71197
71200
71201
71205
71209
71223
71224
71225
71227
71241
71246
71254
71258
71261
71279
71283
71287
71288
71295
71296
71318
71322
71324
71325
71326
71330
71333
71340
71345
71358
71360
71363
71366
71367
71371
71374
71375
71380
71394
71397
71404
71411
71412
71416
71418
71420
71428
71431
71440
71444
71447
71456
71458
71461
71464
71470
71475
71476
71478
71483
71488
71493
71495
71509
71510
71520
71525
71527
71531
71533
71534
71536
71537
71538
71555
71558
71568
71569
71583
71593
71608
71620
71624
71627
71631
71632
71635
71637
71655
71657
71667
71680
71688
71690
71691
71693
71695
71696
71697
71699
71704
71707
71717
71730
71732
71733
71737
71739
71741
71744
71747
71749
71750
71751
71758
71764
71772
71778
71784
71787
71789
71795
71797
71813
71825
71829
71842
71843
71846
71848
71849
71850
71851
71877
71882
71885
71893
71895
71899
71907
71911
71912
71916
71921
71922
71923
71924
71927
71937
71938
71952
71966
71984
71994
71998
71999
72001
72011
72012
72014
72015
72030
72031
72035
72051
72072
72076
72082
72083
72084
72086
72090
72093
72104
72108
72115
72121
72123
72125
72129
72136
72142
72147
72154
72164
72186
72191
72195
72202
72204
72210
72216
72222
72228
72237
72239
72241
72246
72248
72251
72252
72254
72260
72261
72263
72264
72266
72267
72273
72281
72287
72294
72295
72304
72312
72342
72349
72350
72352
72361
72370
72376
72378
72385
72390
72398
72404
72405
72408
72409
72410
72412
72413
72415
72417
72425
72427
72429
72432
72433
72434
72437
72440
72448
72449
72450
72452
72462
72466
72471
72472
72476
72477
72491
72492
72507
72516
72518
72523
72525
72531
72542
72543
72545
72551
72552
72556
72558
72559
72567
72568
72572
72575
72583
72585
72588
72591
72616
72619
72624
72625
72627
72629
72632
72636
72639
72643
72654
72655
72660
72662
72674
72684
72691
72692
72700
72702
72711
72717
72719
72720
72733
72735
72740
72741
72743
72744
72752
72753
72757
72763
72771
72774
72778
72779
72783
72804
72810
72813
72816
72822
72824
72838
72842
72847
72849
72870
72872
72873
72891
72894
72902
72907
72909
72914
72918
72919
72924
72929
72935
72937
72938
72943
72944
72953
72959
72970
72971
72979
72982
72990
72996
72998
72999
73001
73003
73004
73005
73006
73015
73026
73032
73035
73041
73046
73047
73053
73055
73058
73060
73070
73073
73076
73077
73080
73085
73089
73095
73096
73097
73099
73101
73106
73110
73117
73126
73129
73140
73143
73152
73162
73163
73176
73177
73184
73191
73197
73198
73210
73213
73221
73229
73232
73241
73244
73245
73247
73249
73250
73258
73273
73275
73280
73287
73294
73307
73316
73319
73324
73326
73327
73335
73336
73341
73342
73344
73347
73351
73358
73359
73360
73366
73368
73369
73374
73376
73383
73385
73400
73402
73403
73406
73408
73417
73427
73428
73431
73437
73451
73452
73454
73463
73472
73483
73490
73498
73500
73505
73508
73510
73513
73523
73524
73537
73548
73550
73551
73552
73554
73556
73559
73566
73569
73594
73596
73601
73602
73603
73606
73610
73613
73624
73626
73635
73639
73645
73648
73649
73663
73675
73679
73683
73684
73689
73702
73705
73708
73716
73717
73718
73721
73727
73729
73732
73747
73749
73751
73765
73772
73773
73775
73780
73796
73800
73802
73803
73818
73831
73834
73843
73881
73884
73888
73889
73906
73916
73929
73938
73948
73953
73955
73956
73961
73970
73977
73978
73979
73983
73987
73990
73993
73996
73999
74000
74006
74028
74030
74036
74044
74047
74050
74051
74058
74064
74075
74078
74079
74091
74093
74116
74120
74122
74123
74139
74142
74143
74147
74148
74150
74151
74154
74156
74157
74166
74170
74179
74183
74184
74188
74190
74192
74193
74201
74203
74204
74208
74213
74215
74218
74229
74244
74245
74247
74248
74252
74257
74258
74263
74264
74266
74272
74285
74286
74287
74291
74292
74296
74314
74320
74325
74326
74328
74341
74343
74344
74349
74363
74369
74370
74391
74392
74393
74395
74399
74412
74418
74421
74425
74427
74436
74437
74452
74456
74458
74459
74463
74467
74478
74487
74488
74502
74503
74510
74516
74528
74533
74534
74543
74544
74545
74553
74557
74559
74560
74562
74566
74584
74585
74589
74601
74605
74624
74628
74641
74644
74648
74652
74654
74661
74667
74673
74677
74684
74692
74696
74704
74711
74714
74719
74722
74726
74727
74736
74742
74743
74747
74748
74749
74760
74761
74762
74766
74777
74782
74784
74791
74792
74798
74799
74801
74810
74816
74818
74819
74822
74830
74831
74832
74839
74842
74847
74856
74859
74860
74867
74870
74871
74874
74875
74880
74888
74890
74894
74898
74899
74903
74916
74918
74923
74929
74934
74935
74938
74944
74946
74947
74949
74966
74971
74976
74980
74993
75007
75012
75017
75027
75028
75029
75031
75037
75042
75045
75049
75053
75055
75056
75061
75065
75068
75073
75083
75086
75090
75093
75099
75106
75117
75121
75124
75132
75134
75135
75144
75151
75160
75165
75193
75197
75198
75199
75208
75209
75212
75213
75223
75226
75228
75243
75244
75257
75261
75262
75269
75277
75278
75282
75283
75284
75295
75300
75301
75303
75304
75306
75323
75324
75331
75345
75347
75348
75356
75361
75368
75384
75399
75405
75409
75411
75422
75423
75424
75427
75428
75430
75435
75437
75443
75445
75449
75450
75462
75465
75471
75482
75484
75485
75487
75490
75499
75502
75505
75507
75519
75521
75525
75527
75529
75531
75532
75533
75542
75546
75548
75553
75557
75563
75569
75570
75576
75588
75590
75591
75593
75595
75597
75598
75610
75622
75623
75624
75628
75629
75631
75632
75633
75635
75636
75638
75639
75643
75645
75646
75647
75650
75652
75653
75654
75655
75657
75658
75659
75661
75668
75670
75672
75673
75674
75676
75677
75681
75682
75684
75685
75688
75689
75690
75691
75694
75695
75697
75701
75702
75703
75704
75707
75708
75712
75714
75715
75716
75718
75719
75720
75724
75725
75727
75728
75735
75737
75738
75739
75742
75743
75744
75746
75747
75748
75750
75751
75752
75753
75754
75757
75759
75760
75761
75764
75765
75766
75767
75769
75772
75774
75775
75776
75779
75780
75781
75782
75784
75785
75788
75790
75791
75793
75794
75796
75798
75799
75800
75802
75803
75804
75806
75807
75808
75810
75811
75814
75815
75816
75817
75820
75821
75822
75823
75826
75827
75828
75832
75833
75840
75841
75842
75843
75844
75847
75848
75849
75850
75851
75853
75854
75858
75859
75860
75863
75868
75869
75870
75872
75873
75874
75880
75886
75887
75890
75896
279
284
285
286
288
289
294
295
296
297
317
321
322
323
324
329
330
331
332
333
339
340
345
346
347
349
350
351
369
370
371
372
373
378
379
390
391
405
406
412
420
437
438
439
441
442
443
444
445
446
447
448
486
487
488
491
492
496
497
498
499
514
515
516
517
518
519
520
526
537
538
557
561
563
565
566
570
572
573
574
576
584
585
589
590
595
598
599
601
609
610
613
614
615
616
617
619
620
623
624
626
627
628
634
635
637
641
643
644
646
651
656
661
662
668
670
673
674
676
677
678
679
683
686
687
688
690
695
696
698
702
703
708
716
718
719
720
723
725
735
736
739
740
741
742
745
746
751
752
754
755
759
760
762
764
765
768
769
773
774
777
782
783
785
789
792
793
794
797
803
815
820
821
828
829
833
834
839
842
843
851
852
853
854
859
860
862
864
865
871
872
877
878
879
880
883
884
885
887
888
890
891
894
895
896
897
899
908
910
911
912
914
918
920
923
927
928
932
937
939
944
945
946
947
950
951
952
954
959
960
961
964
966
967
974
975
979
980
983
984
985
991
993
998
999
1001
1002
1003
1004
1005
1008
1012
1013
1014
1015
1017
1019
1020
1023
1028
1029
1034
1035
1037
1039
1040
1045
1046
1047
1048
1052
1053
1054
1059
1060
1061
1062
1066
1067
1068
1072
1074
1083
1084
1085
1086
1087
1088
1091
1092
1093
1098
1099
1100
1101
1102
1103
1104
1105
1106
1110
1111
1115
1116
1121
1122
1124
1125
1128
1129
1131
1132
1136
1138
1139
1141
1142
1143
1144
1147
1149
1152
1157
1162
1163
1164
1165
1168
1170
1172
1179
1180
1186
1187
1190
1191
1197
1200
1201
1203
1206
1207
1214
1215
1216
1220
1221
1223
1224
1226
1227
1229
1235
1236
1240
1242
1243
1244
1249
1251
1252
1257
1258
1267
1269
1274
1275
1276
1280
1283
1284
1285
1289
1291
1293
1294
1295
1296
1297
1300
1306
1307
1311
1312
1314
1317
1318
1319
1324
1325
1333
1334
1338
1343
1345
1348
1351
1358
1359
1360
1361
1364
1365
1370
1371
1375
1376
1377
1378
1381
1387
1388
1391
1393
1394
1395
1396
1401
1402
1406
1407
1408
1409
1413
1416
1417
1418
1420
1421
1423
1426
1429
1439
1440
1442
1443
1444
1445
1447
1448
1449
1456
1457
1458
1459
1467
1468
1475
1476
1477
1479
1483
1484
1491
1496
1498
1503
1504
1505
1506
1507
1512
1513
1519
1525
1526
1529
1534
1535
1538
1545
1546
1551
1553
1554
1555
1556
1560
1565
1567
1568
1569
1575
1576
1577
1578
1579
1583
1586
1587
1588
1591
1592
1594
1601
1602
1618
1620
1621
1622
1625
1626
1627
1634
1635
1636
1643
1644
1645
1646
1647
1650
1651
1656
1657
1665
1666
1671
1672
1673
1678
1679
1681
1682
1683
1689
1692
1694
1695
1696
1697
1701
1702
1703
1707
1708
1717
1718
1719
1720
1721
1723
1724
1726
1732
1733
1735
1745
1752
1755
1756
1760
1761
1765
1766
1768
1770
1771
1774
1775
1777
1779
1780
1784
1785
1790
1795
1796
1797
1798
1802
1803
1804
1806
1814
1816
1823
1828
1829
1830
1831
1834
1835
1836
1837
1838
1839
1842
1843
1849
1850
1851
1852
1856
1857
1858
1862
1863
1864
1865
1875
1876
1881
1882
1891
1892
1894
1896
1899
1901
1902
1904
1908
1913
1921
1923
1924
1928
1932
1933
1943
1946
1953
1954
1956
1958
1959
1965
1969
1970
1971
1973
1974
1978
1980
1984
1986
1990
1991
1992
1993
1994
1995
1999
2001
2004
2007
2011
2012
2022
2028
2029
2030
2034
2037
2042
2043
2045
2046
2048
2051
2052
2054
2056
2057
2060
2063
2065
2071
2072
2074
2075
2083
2084
2091
2093
2095
2096
2098
2099
2101
2105
2106
2116
2117
2118
2123
2124
2125
2130
2134
2135
2143
2150
2151
2152
2153
2158
2167
2170
2171
2172
2173
2175
2178
2179
2180
2181
2185
2186
2187
2188
2196
2199
2200
2201
2205
2206
2207
2209
2211
2219
2223
2224
2226
2229
2231
2233
2238
2239
2240
2241
2244
2246
2248
2250
2251
2253
2255
2256
2258
2261
2262
2265
2266
2270
2276
2277
2280
2281
2282
2289
2292
2293
2294
2295
2298
2299
2302
2303
2305
2308
2310
2314
2315
2316
2318
2319
2323
2325
2326
2327
2333
2334
2337
2340
2341
2343
2348
2349
2350
2351
2354
2355
2360
2361
2369
2375
2376
2377
2378
2381
2382
2383
2386
2387
2389
2390
2394
2395
2401
2406
2408
2411
2412
2413
2420
2421
2433
2434
2435
2444
2447
2451
2453
2454
2461
2462
2465
2466
2467
2470
2471
2472
2476
2482
2484
2486
2488
2502
2503
2506
2507
2510
2511
2515
2516
2518
2521
2523
2526
2530
2531
2536
2542
2553
2554
2559
2560
2564
2565
2569
2570
2571
2572
2573
2574
2575
2577
2578
2579
2580
2582
2585
2586
2590
2591
2592
2593
2596
2597
2598
2601
2604
2608
2609
2610
2611
2614
2615
2616
2618
2619
2622
2623
2625
2627
2628
2631
2632
2635
2641
2643
2656
2657
2658
2662
2663
2664
2666
2669
2671
2674
2675
2678
2679
2682
2687
2688
2690
2698
2699
2704
2710
2712
2718
2719
2720
2722
2723
2724
2727
2728
2731
2734
2736
2739
2743
2749
2753
2754
2755
2760
2761
2763
2765
2772
2773
2774
2780
2781
2787
2789
2792
2793
2797
2801
2802
2803
2806
2809
2810
2811
2813
2817
2818
2821
2823
2827
2828
2829
2831
2832
2833
2834
2835
2836
2839
2840
2842
2843
2852
2853
2855
2858
2860
2866
2867
2875
2885
2886
2889
2890
2891
2899
2902
2903
2906
2907
2908
2909
2912
2917
2920
2925
2926
2941
2943
2946
2951
2953
2957
2961
2964
2966
2976
2981
2987
2988
2995
2996
2998
2999
3003
3004
3006
3007
3008
3009
3011
3013
3014
3016
3020
3026
3029
3032
3033
3034
3039
3042
3049
3051
3052
3053
3054
3055
3056
3057
3058
3069
3072
3078
3081
3084
3089
3094
3095
3097
3099
3106
3108
3109
3110
3112
3113
3117
3118
3119
3120
3131
3132
3134
3135
3136
3137
3140
3141
3144
3145
3146
3156
3157
3159
3162
3163
3166
3169
3170
3175
3179
3180
3184
3194
3197
3202
3204
3208
3209
3210
3221
3222
3223
3228
3229
3230
3233
3234
3235
3238
3241
3243
3249
3264
3265
3269
3270
3271
3274
3281
3282
3283
3289
3290
3296
3297
3303
3310
3311
3314
3315
3316
3317
3318
3319
3326
3327
3330
3332
3333
3335
3336
3339
3346
3350
3358
3360
3365
3366
3369
3370
3374
3380
3381
3382
3383
3384
3385
3394
3398
3399
3400
3402
3403
3404
3414
3415
3417
3418
3421
3422
3423
3431
3432
3433
3436
3437
3443
3450
3451
3452
3453
3456
3457
3461
3462
3463
3472
3473
3474
3477
3478
3479
3481
3485
3486
3487
3489
3491
3493
3498
3504
3505
3509
3510
3513
3514
3518
3520
3523
3524
3526
3527
3531
3532
3534
3535
3542
3543
3544
3547
3549
3550
3551
3552
3558
3559
3560
3566
3579
3582
3587
3588
3597
3599
3603
3604
3608
3610
3611
3612
3615
3616
3617
3621
3622
3623
3624
3637
3641
3643
3645
3651
3652
3653
3654
3655
3656
3657
3661
3662
3663
3664
3666
3668
3669
3675
3677
3678
3680
3681
3682
3683
3688
3691
3692
3696
3697
3698
3701
3702
3708
3709
3714
3719
3720
3721
3722
3723
3724
3725
3727
3728
3737
3740
3744
3745
3746
3749
3755
3757
3758
3759
3766
3767
3768
3770
3774
3775
3777
3781
3790
3792
3795
3796
3798
3799
3800
3804
3808
3809
3811
3813
3814
3816
3817
3818
3821
3824
3827
3855
3859
3863
3874
3876
3881
3882
3886
3888
3890
3891
3892
3894
3898
3899
3901
3902
3903
3904
3905
3906
3911
3915
3916
3919
3922
3923
3924
3926
3927
3928
3929
3931
3932
3934
3935
3936
3937
3938
3943
3944
3945
3946
3953
3956
3957
3960
3961
3962
3963
3965
3968
3973
3974
3975
3978
3980
3986
4002
4004
4005
4006
4007
4008
4014
4016
4019
4020
4021
4023
4025
4026
4031
4032
4036
4038
4043
4045
4046
4051
4052
4053
4055
4065
4066
4067
4068
4070
4072
4074
4077
4081
4082
4085
4086
4089
4093
4094
4098
4099
4100
4102
4103
4104
4107
4108
4121
4122
4123
4125
4128
4129
4130
4131
4133
4134
4135
4139
4141
4151
4152
4157
4160
4163
4164
4165
4166
4167
4169
4170
4171
4175
4176
4177
4180
4182
4186
4187
4188
4189
4194
4196
4202
4204
4207
4208
4212
4213
4214
4215
4216
4217
4221
4223
4226
4227
4233
4234
4239
4240
4241
4243
4247
4255
4257
4260
4261
4262
4263
4264
4267
4268
4273
4278
4279
4283
4284
4285
4291
4293
4297
4299
4300
4301
4302
4308
4309
4313
4315
4319
4320
4321
4322
4323
4330
4331
4332
4336
4339
4340
4342
4343
4346
4347
4350
4353
4355
4358
4359
4362
4363
4366
4367
4372
4373
4374
4376
4377
4378
4379
4383
4386
4387
4388
4390
4391
4398
4399
4400
4403
4405
4406
4409
4412
4413
4414
4418
4424
4426
4427
4434
4438
4444
4445
4449
4451
4452
4454
4455
4458
4459
4461
4467
4469
4470
4471
4473
4474
4479
4484
4485
4488
4489
4493
4495
4498
4499
4500
4519
4520
4523
4525
4533
4537
4538
4539
4543
4545
4548
4550
4554
4557
4569
4570
4574
4575
4576
4579
4586
4587
4590
4593
4594
4596
4613
4614
4615
4616
4620
4621
4622
4623
4624
4628
4629
4630
4631
4632
4636
4637
4638
4640
4641
4642
4643
4648
4649
4652
4653
4655
4660
4661
4662
4664
4666
4667
4668
4671
4672
4674
4675
4678
4680
4684
4685
4686
4689
4690
4693
4695
4696
4697
4701
4704
4711
4713
4714
4715
4722
4725
4728
4729
4730
4731
4734
4735
4737
4738
4743
4744
4745
4748
4749
4750
4757
4765
4766
4772
4775
4777
4782
4783
4784
4797
4802
4808
4809
4810
4813
4821
4822
4825
4826
4827
4832
4834
4851
4853
4857
4858
4859
4863
4864
4867
4868
4869
4873
4874
4875
4893
4899
4908
4909
4913
4914
4916
4917
4918
4925
4926
4929
4930
4931
4932
4939
4940
4941
4942
4943
4946
4947
4948
4949
4951
4952
4955
4958
4959
4960
4961
4967
4968
4969
4970
4971
4973
4975
4980
4996
4997
4998
4999
5001
5007
5008
5012
5013
5014
5016
5019
5020
5022
5023
5025
5030
5031
5036
5040
5041
5047
5048
5052
5053
5057
5058
5061
5066
5067
5074
5075
5078
5085
5087
5090
5103
5104
5111
5118
5119
5120
5131
5132
5136
5139
5150
5153
5154
5155
5156
5161
5162
5165
5166
5175
5178
5179
5202
5203
5208
5209
5216
5217
5228
5229
5230
5231
5233
5234
5235
5236
5238
5244
5245
5246
5249
5252
5254
5257
5258
5259
5264
5265
5273
5274
5275
5277
5279
5280
5281
5282
5283
5288
5292
5293
5298
5300
5308
5313
5315
5316
5321
5322
5323
5324
5325
5328
5330
5334
5336
5338
5344
5345
5350
5352
5363
5364
5370
5372
5373
5375
5376
5377
5378
5379
5382
5385
5389
5395
5396
5397
5398
5399
5406
5408
5409
5411
5412
5415
5417
5426
5427
5428
5430
5432
5433
5436
5437
5439
5441
5442
5443
5448
5455
5456
5460
5461
5477
5478
5483
5484
5485
5488
5491
5493
5494
5503
5504
5505
5507
5508
5509
5514
5526
5527
5529
5531
5532
5533
5535
5541
5542
5545
5546
5547
5553
5556
5558
5565
5566
5570
5571
5575
5576
5580
5581
5586
5590
5591
5595
5596
5597
5600
5602
5603
5606
5608
5612
5614
5617
5618
5619
5620
5622
5626
5627
5628
5629
5637
5638
5639
5640
5643
5644
5647
5649
5650
5651
5652
5655
5658
5660
5662
5663
5664
5665
5666
5676
5677
5683
5684
5687
5688
5692
5693
5694
5697
5700
5701
5702
5703
5706
5709
5710
5712
5714
5716
5718
5721
5722
5723
5724
5725
5729
5730
5731
5736
5740
5741
5747
5748
5749
5750
5754
5755
5761
5765
5766
5767
5768
5773
5774
5782
5783
5784
5786
5788
5789
5790
5796
5801
5802
5803
5805
5806
5807
5808
5811
5814
5818
5819
5821
5823
5824
5830
5831
5834
5835
5836
5837
5841
5842
5845
5846
5848
5849
5850
5852
5857
5858
5861
5864
5865
5869
5870
5873
5875
5877
5878
5883
5884
5886
5889
5890
5891
5894
5897
5900
5903
5911
5914
5917
5920
5924
5925
5928
5929
5932
5934
5958
5959
5960
5965
5966
5967
5968
5969
5973
5975
5976
5978
5980
5984
5987
5988
5991
5993
5994
5995
5998
6000
6002
6007
6009
6010
6011
6012
6015
6027
6031
6036
6037
6040
6044
6045
6050
6054
6055
6056
6060
6061
6062
6063
6065
6066
6067
6073
6078
6081
6082
6084
6088
6090
6091
6095
6097
6098
6102
6103
6104
6105
6114
6115
6116
6129
6138
6139
6140
6142
6149
6150
6151
6152
6153
6155
6158
6159
6161
6163
6165
6168
6174
6177
6185
6186
6188
6195
6196
6197
6198
6201
6202
6210
6213
6226
6227
6231
6232
6233
6234
6236
6238
6239
6240
6241
6243
6244
6245
6246
6247
6248
6250
6251
6252
6254
6255
6256
6257
6258
6261
6262
6269
6272
6274
6275
6276
6278
6279
6284
6286
6288
6292
6293
6301
6308
6311
6313
6319
6320
6321
6323
6324
6325
6326
6327
6331
6334
6335
6336
6337
6339
6340
6341
6342
6352
6355
6359
6360
6363
6366
6374
6379
6380
6381
6382
6387
6388
6392
6393
6402
6403
6404
6406
6407
6413
6414
6418
6423
6424
6425
6426
6430
6431
6432
6433
6434
6436
6437
6438
6439
6442
6445
6446
6447
6452
6453
6454
6461
6465
6466
6469
6470
6472
6473
6475
6476
6478
6491
6503
6505
6507
6509
6511
6512
6513
6514
6515
6519
6520
6529
6530
6535
6538
6539
6541
6545
6546
6553
6554
6557
6558
6559
6560
6562
6564
6565
6567
6568
6570
6571
6572
6573
6574
6577
6578
6580
6587
6588
6589
6594
6597
6598
6599
6604
6605
6607
6609
6611
6612
6613
6614
6615
6616
6618
6620
6621
6628
6630
6632
6635
6637
6640
6643
6644
6650
6651
6659
6660
6661
6663
6665
6669
6670
6673
6674
6679
6682
6684
6690
6692
6693
6694
6703
6707
6708
6711
6712
6714
6719
6720
6721
6723
6726
6728
6729
6740
6746
6747
6750
6751
6752
6753
6755
6761
6762
6766
6767
6768
6770
6771
6777
6778
6781
6784
6785
6786
6787
6788
6791
6792
6793
6796
6797
6807
6810
6811
6812
6813
6818
6821
6823
6824
6828
6829
6830
6831
6834
6835
6836
6837
6838
6839
6840
6841
6845
6846
6847
6849
6852
6853
6854
6856
6857
6860
6861
6862
6864
6867
6871
6873
6874
6876
6879
6880
6884
6885
6886
6887
6892
6894
6895
6896
6897
6900
6901
6903
6905
6906
6907
6908
6912
6915
6916
6919
6921
6936
6937
6938
6946
6947
6949
6952
6953
6956
6961
6971
6976
6985
6988
6992
6993
6994
6995
6996
6998
6999
7000
7001
7003
7006
7015
7016
7017
7018
7021
7022
7023
7024
7027
7028
7030
7031
7032
7037
7040
7041
7042
7043
7047
7048
7049
7058
7059
7060
7064
7065
7070
7085
7086
7088
7095
7098
7101
7105
7106
7108
7118
7119
7120
7122
7125
7126
7129
7135
7136
7137
7138
7145
7146
7147
7150
7153
7154
7155
7159
7160
7161
7162
7169
7170
7174
7176
7177
7178
7180
7181
7182
7185
7196
7198
7208
7210
7231
7233
7237
7238
7239
7240
7245
7253
7256
7262
7265
7269
7271
7272
7273
7274
7275
7276
7280
7281
7283
7287
7288
7289
7290
7291
7295
7297
7298
7299
7301
7302
7303
7306
7309
7311
7313
7320
7321
7324
7333
7334
7335
7336
7337
7340
7342
7345
7346
7347
7362
7363
7365
7368
7369
7370
7371
7373
7375
7378
7379
7383
7384
7385
7386
7388
7389
7391
7392
7395
7396
7397
7398
7399
7402
7404
7405
7406
7410
7415
7417
7418
7419
7420
7421
7422
7424
7426
7427
7430
7432
7433
7435
7436
7437
7440
7442
7450
7451
7455
7457
7459
7462
7463
7467
7471
7472
7473
7474
7475
7481
7482
7485
7486
7488
7493
7494
7503
7504
7505
7506
7507
7508
7513
7516
7517
7523
7524
7531
7533
7534
7542
7546
7547
7548
7553
7554
7555
7556
7557
7564
7565
7568
7572
7573
7576
7577
7580
7584
7587
7588
7591
7595
7596
7601
7602
7603
7609
7611
7616
7622
7625
7627
7635
7636
7641
7645
7646
7649
7650
7652
7660
7661
7663
7664
7665
7668
7669
7670
7671
7677
7680
7687
7696
7697
7698
7699
7700
7701
7706
7709
7712
7717
7718
7721
7726
7728
7741
7745
7748
7749
7752
7758
7761
7762
7770
7772
7774
7788
7790
7794
7795
7796
7809
7811
7812
7820
7822
7824
7825
7828
7829
7830
7831
7833
7834
7835
7836
7839
7840
7843
7846
7848
7849
7853
7854
7862
7865
7869
7871
7878
7880
7886
7888
7892
7895
7900
7901
7902
7904
7905
7906
7909
7912
7913
7917
7918
7921
7924
7925
7926
7928
7929
7935
7936
7938
7939
7940
7941
7947
7948
7954
7956
7957
7960
7961
7962
7963
7964
7965
7968
7972
7973
7977
7983
7984
7987
7988
7992
7993
7994
7996
7997
8004
8005
8019
8020
8022
8026
8027
8028
8035
8039
8042
8043
8044
8045
8046
8047
8050
8052
8055
8056
8062
8065
8068
8073
8077
8078
8081
8086
8087
8098
8099
8100
8103
8105
8112
8113
8115
8116
8120
8122
8123
8125
8126
8132
8133
8139
8142
8146
8147
8153
8154
8155
8156
8164
8166
8169
8172
8173
8174
8181
8183
8186
8187
8188
8194
8198
8200
8201
8203
8211
8214
8215
8216
8224
8225
8228
8231
8232
8234
8235
8237
8240
8242
8243
8244
8245
8249
8250
8252
8253
8254
8269
8271
8273
8277
8278
8282
8283
8284
8288
8289
8290
8291
8298
8303
8304
8305
8313
8316
8319
8320
8323
8325
8329
8330
8333
8336
8337
8339
8343
8346
8351
8352
8353
8354
8358
8359
8360
8363
8364
8371
8372
8373
8374
8377
8378
8379
8380
8386
8387
8396
8398
8400
8401
8402
8403
8409
8410
8411
8412
8413
8416
8419
8421
8422
8423
8428
8429
8430
8431
8444
8447
8448
8450
8452
8459
8460
8464
8465
8477
8479
8480
8486
8487
8491
8499
8500
8501
8505
8506
8507
8511
8512
8515
8517
8518
8520
8529
8530
8538
8539
8540
8543
8544
8550
8552
8555
8560
8561
8565
8566
8567
8568
8578
8579
8590
8591
8592
8598
8599
8600
8601
8602
8603
8604
8605
8608
8610
8613
8614
8620
8623
8624
8625
8626
8627
8629
8631
8637
8642
8643
8646
8647
8648
8651
8654
8663
8672
8675
8678
8681
8683
8684
8685
8686
8688
8691
8692
8693
8694
8695
8698
8700
8704
8706
8708
8709
8710
8720
8721
8727
8728
8729
8736
8737
8741
8743
8744
8745
8757
8760
8761
8762
8768
8770
8771
8772
8778
8782
8784
8786
8787
8793
8795
8797
8798
8800
8805
8806
8810
8812
8815
8816
8817
8819
8821
8826
8827
8830
8832
8837
8839
8840
8841
8842
8845
8850
8851
8854
8858
8859
8867
8896
8901
8904
8905
8906
8907
8909
8913
8926
8927
8930
8931
8939
8940
8941
8950
8952
8958
8959
8960
8961
8962
8963
8964
8965
8966
8967
8972
8974
8975
8976
8979
8985
8988
8997
8998
9006
9007
9008
9009
9010
9011
9012
9015
9016
9017
9019
9023
9024
9025
9031
9032
9033
9039
9044
9045
9047
9050
9051
9056
9057
9060
9062
9063
9067
9071
9073
9075
9077
9081
9083
9087
9088
9089
9097
9098
9103
9104
9108
9110
9113
9115
9116
9117
9119
9122
9123
9126
9128
9129
9130
9133
9145
9146
9148
9149
9152
9153
9154
9155
9158
9159
9173
9178
9180
9187
9189
9190
9209
9210
9212
9215
9216
9219
9220
9221
9227
9228
9229
9233
9234
9235
9244
9245
9256
9259
9260
9264
9267
9269
9270
9274
9275
9281
9283
9287
9288
9289
9292
9293
9294
9295
9298
9300
9310
9311
9312
9320
9328
9330
9331
9332
9334
9337
9339
9341
9348
9349
9353
9354
9359
9360
9364
9366
9368
9369
9374
9380
9381
9384
9388
9390
9391
9395
9396
9397
9400
9401
9402
9406
9407
9408
9410
9422
9423
9429
9432
9434
9435
9438
9439
9447
9450
9451
9454
9458
9462
9463
9464
9475
9476
9480
9481
9482
9483
9489
9490
9491
9496
9497
9498
9501
9502
9503
9504
9509
9513
9516
9517
9518
9521
9522
9525
9526
9533
9534
9542
9543
9544
9546
9548
9549
9553
9555
9558
9561
9562
9563
9566
9568
9569
9572
9574
9576
9577
9578
9579
9582
9583
9585
9586
9588
9594
9595
9597
9602
9603
9604
9607
9608
9609
9610
9611
9612
9613
9621
9631
9632
9633
9634
9635
9636
9637
9640
9642
9643
9645
9646
9651
9654
9655
9657
9658
9660
9665
9677
9679
9682
9683
9686
9687
9691
9693
9697
9698
9699
9700
9705
9706
9708
9712
9713
9714
9715
9716
9723
9725
9728
9729
9736
9738
9739
9748
9751
9754
9755
9758
9766
9768
9777
9781
9782
9783
9785
9789
9790
9793
9794
9795
9796
9797
9799
9800
9801
9803
9806
9807
9816
9817
9819
9821
9822
9823
9826
9831
9832
9841
9842
9843
9845
9846
9849
9851
9852
9853
9855
9856
9858
9860
9862
9865
9873
9874
9878
9879
9889
9896
9898
9901
9902
9910
9917
9918
9919
9921
9923
9924
9925
9931
9932
9935
9936
9941
9946
9949
9950
9951
9955
9956
9959
9960
9963
9968
9970
9974
9975
9980
9981
9982
9984
9985
9987
9988
9991
9998
9999
10000
10002
10011
10015
10016
10019
10020
10025
10028
10032
10037
10039
10040
10041
10042
10043
10045
10048
10049
10055
10057
10059
10061
10064
10067
10068
10069
10073
10074
10077
10079
10080
10083
10084
10086
10092
10093
10094
10096
10098
10099
10101
10103
10109
10114
10118
10120
10121
10123
10129
10130
10132
10135
10138
10139
10141
10143
10144
10145
10146
10156
10157
10158
10166
10168
10173
10175
10178
10179
10184
10187
10188
10189
10193
10197
10198
10199
10201
10203
10204
10208
10209
10212
10219
10221
10222
10223
10227
10229
10231
10232
10233
10238
10239
10240
10245
10246
10254
10255
10257
10259
10260
10264
10266
10268
10270
10272
10273
10276
10278
10282
10283
10284
10287
10295
10297
10305
10307
10309
10311
10313
10314
10315
10316
10319
10321
10322
10333
10334
10336
10337
10338
10339
10340
10344
10346
10353
10356
10358
10360
10362
10363
10368
10369
10371
10372
10373
10376
10377
10381
10382
10387
10391
10395
10396
10398
10400
10401
10402
10409
10410
10412
10415
10417
10418
10419
10420
10421
10422
10423
10424
10425
10434
10436
10438
10441
10444
10446
10448
10449
10451
10456
10461
10462
10463
10465
10470
10473
10474
10477
10478
10479
10485
10486
10490
10491
10492
10496
10508
10512
10515
10518
10529
10530
10534
10536
10537
10542
10544
10545
10546
10547
10550
10553
10554
10555
10562
10564
10567
10568
10572
10575
10576
10582
10583
10585
10588
10589
10594
10596
10597
10598
10599
10617
10619
10620
10622
10623
10624
10625
10626
10633
10635
10638
10640
10642
10648
10650
10662
10668
10669
10673
10674
10675
10676
10678
10680
10682
10686
10687
10690
10691
10692
10693
10694
10701
10702
10703
10704
10711
10712
10713
10714
10715
10718
10723
10725
10726
10727
10728
10731
10733
10738
10741
10744
10750
10756
10757
10758
10770
10773
10774
10775
10781
10782
10785
10789
10790
10791
10793
10795
10807
10812
10819
10820
10821
10823
10824
10827
10830
10832
10839
10840
10843
10845
10849
10850
10851
10852
10853
10859
10860
10862
10865
10866
10870
10871
10872
10878
10879
10883
10884
10889
10896
10897
10901
10902
10903
10911
10912
10915
10916
10919
10921
10922
10923
10925
10927
10929
10932
10936
10939
10940
10941
10942
10947
10949
10950
10953
10954
10955
10959
10962
10963
10964
10970
10972
10977
10978
10992
10993
10994
10995
10996
10999
11000
11001
11002
11004
11014
11015
11018
11023
11024
11027
11031
11033
11034
11035
11042
11043
11046
11047
11048
11049
11052
11060
11062
11066
11070
11071
11072
11076
11077
11081
11082
11090
11091
11096
11098
11107
11109
11111
11113
11115
11116
11120
11122
11136
11154
11156
11160
11161
11164
11165
11166
11168
11169
11170
11171
11172
11173
11181
11182
11186
11193
11195
11196
11199
11200
11201
11204
11206
11207
11208
11210
11213
11214
11215
11219
11220
11221
11224
11225
11226
11231
11233
11235
11239
11247
11249
11254
11255
11258
11261
11263
11269
11271
11278
11279
11280
11281
11284
11286
11288
11291
11293
11294
11295
11298
11300
11303
11305
11306
11307
11308
11318
11320
11333
11334
11339
11343
11344
11346
11347
11358
11359
11361
11364
11365
11366
11372
11374
11379
11380
11381
11382
11385
11386
11388
11390
11392
11393
11398
11400
11413
11414
11424
11425
11426
11428
11430
11432
11433
11437
11438
11439
11441
11444
11447
11449
11451
11452
11458
11459
11460
11461
11463
11464
11470
11472
11473
11475
11476
11478
11481
11482
11483
11488
11489
11491
11492
11496
11498
11499
11500
11501
11508
11509
11510
11511
11518
11519
11520
11523
11525
11526
11531
11532
11535
11538
11539
11540
11546
11548
11555
11557
11558
11560
11562
11567
11568
11569
11571
11573
11576
11577
11580
11585
11586
11593
11595
11602
11603
11609
11611
11614
11615
11616
11620
11624
11639
11640
11643
11644
11647
11659
11663
11671
11672
11673
11674
11677
11688
11689
11690
11691
11700
11702
11705
11707
11708
11710
11711
11716
11718
11721
11722
11725
11726
11729
11735
11737
11739
11740
11741
11748
11749
11752
11753
11754
11755
11757
11759
11760
11761
11762
11767
11768
11770
11771
11772
11774
11776
11777
11778
11779
11780
11786
11793
11794
11797
11799
11804
11805
11806
11807
11809
11811
11813
11814
11815
11817
11823
11824
11826
11827
11830
11832
11833
11834
11837
11839
11846
11847
11848
11849
11854
11857
11860
11861
11865
11866
11869
11871
11872
11873
11879
11880
11883
11886
11888
11898
11899
11906
11907
11917
11918
11921
11924
11927
11928
11933
11938
11943
11944
11948
11949
11951
11954
11955
11956
11959
11960
11963
11964
11966
11969
11972
11973
11977
11978
11979
11981
11982
11985
11986
11987
11988
11994
11995
12000
12001
12004
12006
12008
12009
12010
12014
12016
12025
12027
12028
12033
12035
12036
12044
12046
12047
12051
12057
12059
12060
12067
12068
12069
12071
12074
12075
12076
12077
12081
12082
12084
12085
12088
12093
12095
12099
12102
12103
12107
12108
12110
12113
12116
12126
12127
12131
12134
12135
12142
12145
12146
12148
12156
12157
12159
12161
12164
12165
12183
12185
12190
12191
12193
12194
12195
12197
12198
12199
12200
12203
12209
12210
12212
12215
12216
12220
12221
12222
12223
12226
12227
12228
12229
12230
12232
12236
12238
12239
12240
12242
12243
12246
12247
12248
12249
12250
12252
12253
12254
12258
12259
12263
12281
12282
12285
12286
12287
12292
12295
12296
12297
12301
12302
12305
12308
12313
12321
12323
12325
12326
12327
12328
12331
12339
12340
12341
12342
12343
12344
12346
12348
12349
12350
12359
12360
12361
12365
12366
12367
12368
12369
12370
12371
12372
12375
12377
12378
12379
12383
12384
12385
12388
12390
12393
12394
12395
12396
12399
12400
12401
12402
12403
12405
12407
12419
12421
12422
12424
12425
12426
12427
12429
12438
12441
12443
12460
12462
12468
12472
12477
12478
12479
12480
12483
12484
12488
12489
12490
12493
12494
12495
12496
12497
12499
12500
12504
12509
12514
12515
12517
12518
12519
12520
12529
12530
12531
12534
12536
12539
12540
12541
12542
12544
12549
12551
12552
12553
12554
12570
12573
12575
12577
12578
12580
12582
12585
12588
12590
12599
12600
12601
12602
12605
12608
12618
12619
12620
12622
12623
12624
12625
12627
12628
12629
12636
12639
12641
12649
12650
12656
12658
12659
12660
12667
12668
12669
12671
12674
12675
12676
12678
12680
12681
12685
12686
12687
12688
12694
12696
12697
12699
12700
12706
12707
12708
12709
12713
12714
12715
12716
12719
12722
12737
12738
12744
12747
12748
12749
12760
12761
12762
12763
12770
12775
12776
12777
12781
12786
12787
12791
12793
12794
12795
12810
12811
12812
12821
12822
12823
12824
12826
12829
12831
12832
12833
12836
12837
12838
12839
12847
12848
12849
12852
12856
12859
12864
12867
12875
12876
12879
12880
12881
12883
12890
12891
12892
12893
12898
12899
12901
12902
12903
12913
12915
12916
12918
12927
12930
12941
12943
12944
12946
12947
12948
12951
12956
12958
12960
12962
12964
12971
12972
12975
12976
12977
12980
12985
12996
13000
13002
13007
13008
13009
13010
13011
13012
13013
13014
13024
13025
13026
13027
13028
13035
13036
13037
13039
13041
13042
13043
13044
13048
13049
13050
13052
13054
13060
13063
13064
13068
13070
13074
13076
13077
13080
13084
13086
13087
13095
13096
13097
13098
13099
13107
13109
13110
13111
13112
13113
13116
13123
13129
13130
13133
13136
13142
13144
13152
13153
13157
13161
13163
13166
13168
13169
13170
13171
13172
13175
13176
13177
13178
13180
13181
13182
13183
13184
13187
13188
13190
13191
13193
13198
13199
13200
13201
13207
13208
13209
13212
13218
13221
13223
13226
13228
13229
13230
13233
13234
13235
13236
13238
13239
13240
13242
13248
13250
13251
13254
13255
13257
13262
13263
13265
13266
13267
13271
13272
13275
13276
13279
13287
13290
13291
13298
13299
13300
13304
13305
13306
13307
13312
13313
13316
13317
13318
13320
13321
13322
13323
13328
13329
13330
13332
13335
13336
13338
13340
13341
13345
13346
13350
13351
13353
13354
13355
13356
13358
13360
13364
13368
13372
13373
13374
13376
13377
13383
13388
13389
13391
13392
13393
13394
13395
13396
13400
13403
13404
13405
13407
13408
13410
13411
13412
13413
13420
13421
13428
13430
13433
13442
13443
13444
13448
13450
13452
13454
13455
13457
13461
13464
13466
13469
13470
13475
13476
13478
13479
13480
13485
13486
13488
13490
13492
13493
13494
13497
13504
13506
13507
13510
13511
13514
13515
13517
13519
13522
13523
13531
13532
13540
13541
13542
13548
13549
13555
13557
13561
13569
13576
13577
13580
13581
13584
13585
13586
13587
13595
13596
13597
13599
13600
13601
13602
13608
13609
13614
13616
13617
13618
13620
13621
13627
13628
13629
13630
13632
13636
13637
13641
13642
13643
13645
13651
13653
13654
13657
13658
13659
13663
13664
13665
13666
13671
13674
13675
13677
13679
13682
13683
13695
13696
13698
13700
13705
13706
13710
13711
13712
13713
13714
13715
13716
13719
13722
13725
13727
13729
13730
13734
13735
13736
13737
13738
13739
13747
13751
13755
13756
13757
13762
13763
13764
13767
13770
13771
13772
13773
13774
13781
13782
13783
13785
13786
13787
13788
13791
13793
13794
13796
13799
13808
13809
13810
13811
13813
13817
13818
13823
13824
13825
13833
13834
13838
13840
13846
13852
13853
13857
13859
13860
13861
13863
13865
13867
13872
13875
13876
13878
13880
13892
13893
13896
13898
13901
13902
13903
13906
13907
13908
13913
13915
13916
13917
13919
13921
13925
13932
13935
13936
13940
13941
13944
13945
13948
13949
13950
13955
13957
13959
13960
13969
13970
13974
13975
13976
13978
13981
13982
13994
13995
13996
13999
14002
14004
14007
14014
14016
14019
14020
14024
14027
14029
14030
14032
14036
14037
14041
14042
14045
14047
14057
14060
14063
14065
14070
14072
14073
14076
14079
14080
14083
14090
14091
14094
14095
14100
14103
14104
14105
14106
14111
14115
14117
14129
14130
14131
14134
14139
14140
14144
14149
14154
14155
14157
14162
14163
14164
14165
14166
14169
14170
14173
14176
14177
14180
14185
14190
14191
14192
14194
14195
14196
14197
14198
14202
14204
14205
14210
14211
14215
14216
14221
14222
14227
14228
14229
14232
14234
14238
14239
14246
14247
14249
14250
14253
14255
14257
14259
14273
14274
14281
14284
14289
14290
14291
14292
14294
14298
14301
14304
14305
14309
14313
14314
14317
14318
14320
14322
14324
14325
14329
14330
14331
14332
14335
14336
14339
14340
14341
14343
14346
14347
14348
14350
14352
14353
14355
14358
14359
14360
14364
14366
14367
14368
14378
14379
14382
14385
14388
14392
14393
14413
14414
14416
14418
14421
14426
14428
14429
14430
14431
14433
14438
14443
14446
14447
14450
14451
14452
14455
14456
14457
14458
14459
14466
14468
14470
14472
14481
14483
14492
14493
14494
14495
14498
14499
14502
14503
14506
14507
14508
14510
14511
14515
14516
14520
14530
14531
14535
14536
14537
14538
14546
14547
14551
14555
14559
14569
14570
14571
14575
14578
14586
14587
14590
14591
14593
14595
14597
14598
14600
14601
14602
14604
14605
14606
14611
14613
14614
14615
14619
14620
14622
14623
14625
14626
14629
14631
14635
14641
14645
14646
14648
14649
14659
14662
14673
14674
14675
14678
14679
14692
14693
14695
14698
14703
14704
14708
14709
14710
14715
14716
14717
14719
14735
14740
14742
14743
14744
14749
14761
14766
14767
14768
14769
14771
14773
14775
14777
14778
14782
14784
14786
14791
14793
14796
14798
14799
14807
14808
14809
14810
14812
14814
14817
14819
14823
14824
14832
14833
14834
14835
14836
14840
14841
14842
14846
14852
14853
14854
14855
14856
14857
14861
14862
14868
14869
14870
14873
14874
14876
14877
14882
14884
14888
14890
14892
14899
14900
14902
14906
14913
14914
14915
14916
14922
14923
14925
14926
14929
14934
14935
14937
14938
14939
14945
14946
14947
14951
14953
14954
14960
14973
14975
14981
14984
14987
14989
14990
14991
14992
14995
14996
14997
15000
15010
15011
15014
15018
15021
15025
15026
15035
15036
15037
15041
15042
15046
15048
15050
15052
15053
15058
15059
15060
15061
15062
15063
15068
15069
15070
15071
15073
15074
15075
15076
15079
15081
15083
15086
15087
15089
15091
15094
15096
15097
15099
15100
15102
15105
15106
15107
15108
15113
15114
15116
15119
15133
15135
15136
15137
15139
15141
15143
15144
15145
15146
15148
15149
15151
15153
15154
15159
15160
15161
15164
15168
15169
15170
15183
15184
15185
15186
15189
15190
15192
15193
15199
15200
15207
15210
15213
15214
15222
15223
15224
15225
15227
15228
15229
15230
15231
15232
15233
15237
15242
15243
15244
15245
15251
15255
15256
15257
15261
15262
15265
15268
15270
15271
15274
15276
15277
15278
15287
15288
15289
15290
15291
15296
15297
15301
15303
15304
15305
15314
15318
15319
15320
15321
15322
15326
15327
15328
15333
15334
15340
15341
15342
15343
15344
15354
15355
15356
15358
15359
15360
15363
15364
15369
15370
15371
15374
15376
15377
15378
15379
15380
15382
15383
15384
15385
15386
15387
15388
15390
15391
15393
15396
15397
15398
15400
15401
15409
15410
15413
15416
15417
15418
15424
15425
15427
15428
15429
15430
15436
15437
15439
15441
15443
15444
15447
15448
15449
15450
15451
15457
15458
15460
15464
15465
15467
15468
15469
15475
15478
15479
15482
15485
15487
15491
15502
15503
15509
15510
15519
15520
15522
15526
15528
15529
15535
15536
15537
15538
15540
15542
15545
15547
15548
15551
15552
15553
15555
15563
15564
15573
15575
15578
15579
15582
15585
15586
15587
15591
15592
15605
15606
15609
15614
15618
15621
15628
15629
15630
15631
15633
15635
15637
15638
15641
15642
15643
15644
15645
15646
15648
15651
15652
15653
15657
15658
15659
15663
15664
15665
15668
15669
15670
15672
15674
15676
15677
15678
15683
15684
15688
15689
15694
15695
15701
15702
15703
15704
15706
15707
15711
15712
15714
15716
15717
15720
15721
15726
15733
15735
15737
15738
15739
15740
15741
15742
15744
15746
15749
15750
15751
15756
15759
15760
15761
15762
15766
15767
15773
15774
15779
15785
15786
15787
15793
15794
15795
15796
15798
15803
15804
15806
15807
15808
15809
15812
15813
15815
15818
15819
15820
15821
15822
15823
15825
15826
15827
15828
15830
15831
15833
15836
15837
15838
15839
15841
15846
15851
15853
15854
15856
15864
15869
15871
15872
15882
15885
15886
15887
15889
15892
15896
15898
15899
15900
15904
15906
15907
15912
15913
15914
15915
15918
15919
15921
15922
15923
15924
15926
15928
15930
15932
15933
15936
15938
15939
15945
15948
15949
15950
15953
15955
15958
15961
15963
15964
15965
15975
15976
15977
15981
15982
15983
15986
15990
15991
15997
15998
16001
16002
16006
16010
16013
16014
16015
16016
16017
16019
16020
16021
16022
16025
16027
16029
16030
16031
16034
16039
16040
16048
16049
16050
16051
16055
16062
16072
16074
16080
16081
16083
16085
16086
16091
16092
16097
16098
16100
16101
16104
16105
16107
16110
16115
16117
16118
16119
16123
16130
16131
16135
16139
16148
16151
16152
16164
16165
16168
16169
16174
16176
16179
16180
16184
16185
16189
16190
16196
16197
16198
16202
16203
16204
16208
16209
16212
16215
16216
16221
16228
16229
16230
16231
16232
16235
16239
16240
16242
16252
16253
16254
16259
16260
16264
16268
16271
16274
16275
16278
16283
16284
16285
16287
16288
16289
16290
16296
16297
16302
16305
16306
16309
16310
16315
16318
16325
16326
16332
16334
16347
16349
16351
16356
16357
16360
16361
16366
16367
16370
16371
16374
16375
16377
16378
16380
16385
16386
16387
16390
16392
16393
16394
16396
16397
16398
16399
16404
16405
16410
16412
16415
16417
16418
16419
16420
16421
16424
16425
16451
16452
16454
16457
16458
16459
16462
16467
16468
16469
16472
16476
16481
16485
16487
16488
16489
16490
16491
16492
16493
16498
16500
16501
16512
16516
16518
16523
16526
16527
16528
16529
16531
16532
16536
16537
16542
16543
16546
16548
16552
16553
16554
16555
16556
16557
16558
16559
16561
16562
16567
16576
16577
16578
16579
16583
16584
16585
16586
16591
16593
16594
16599
16602
16603
16605
16606
16610
16611
16613
16614
16623
16624
16625
16628
16632
16635
16636
16637
16638
16641
16642
16644
16647
16649
16650
16651
16656
16657
16658
16662
16668
16671
16672
16673
16675
16677
16678
16680
16682
16687
16689
16690
16691
16692
16693
16694
16696
16698
16701
16702
16703
16704
16709
16710
16711
16714
16715
16716
16722
16723
16724
16728
16736
16739
16740
16741
16742
16743
16746
16749
16754
16759
16762
16767
16768
16774
16775
16790
16791
16792
16793
16799
16800
16802
16803
16805
16807
16808
16810
16814
16815
16816
16817
16818
16819
16821
16822
16826
16827
16828
16831
16836
16837
16838
16839
16850
16851
16855
16857
16858
16859
16861
16862
16863
16871
16876
16879
16880
16881
16882
16886
16887
16891
16892
16893
16894
16895
16898
16899
16900
16902
16903
16904
16908
16913
16921
16927
16928
16949
16950
16951
16955
16958
16959
16960
16961
16964
16965
16967
16968
16971
16972
16973
16974
16976
16977
16980
16986
16987
16988
16991
16993
17001
17005
17007
17014
17015
17016
17017
17018
17021
17022
17023
17024
17025
17029
17030
17037
17038
17039
17040
17041
17044
17045
17048
17050
17052
17060
17061
17070
17071
17072
17074
17075
17076
17080
17081
17082
17084
17086
17087
17091
17096
17097
17098
17103
17104
17105
17106
17107
17108
17113
17114
17119
17120
17121
17124
17125
17126
17127
17130
17133
17136
17137
17138
17140
17141
17142
17146
17162
17164
17169
17171
17172
17175
17178
17181
17185
17188
17189
17190
17191
17192
17194
17199
17200
17201
17202
17207
17208
17209
17210
17211
17212
17216
17217
17218
17221
17222
17228
17231
17237
17239
17244
17245
17248
17249
17252
17254
17257
17259
17262
17263
17266
17267
17268
17269
17271
17272
17273
17275
17279
17282
17284
17287
17288
17290
17292
17302
17303
17304
17305
17307
17310
17311
17312
17313
17314
17317
17318
17321
17322
17323
17324
17325
17328
17333
17334
17337
17338
17341
17342
17343
17344
17345
17346
17348
17351
17353
17357
17360
17361
17362
17363
17368
17370
17371
17372
17375
17379
17380
17388
17389
17392
17393
17395
17397
17399
17400
17401
17402
17408
17410
17413
17416
17417
17418
17419
17423
17424
17426
17428
17431
17432
17435
17436
17437
17438
17444
17445
17446
17447
17449
17452
17454
17460
17461
17462
17464
17468
17470
17471
17472
17476
17478
17479
17480
17482
17486
17488
17489
17493
17496
17497
17499
17502
17506
17507
17516
17522
17523
17524
17525
17526
17529
17530
17531
17532
17533
17535
17536
17537
17540
17543
17544
17546
17547
17548
17549
17552
17553
17554
17556
17562
17563
17564
17567
17568
17569
17582
17584
17585
17587
17591
17592
17594
17595
17598
17600
17602
17603
17605
17609
17612
17613
17614
17616
17617
17618
17619
17620
17622
17625
17628
17629
17631
17632
17639
17641
17645
17646
17656
17665
17666
17672
17673
17674
17675
17677
17686
17687
17688
17689
17691
17692
17693
17700
17703
17705
17706
17707
17709
17715
17721
17724
17725
17726
17730
17735
17736
17737
17738
17740
17745
17747
17750
17753
17754
17755
17757
17758
17759
17761
17762
17763
17767
17769
17772
17773
17775
17778
17779
17792
17793
17794
17797
17798
17801
17810
17811
17812
17815
17817
17821
17822
17823
17824
17826
17828
17829
17839
17840
17841
17843
17844
17852
17853
17859
17862
17863
17864
17866
17867
17874
17876
17877
17878
17882
17883
17886
17887
17888
17890
17892
17893
17897
17898
17899
17900
17901
17907
17908
17912
17913
17914
17915
17916
17918
17923
17927
17928
17929
17930
17931
17932
17933
17938
17939
17952
17953
17954
17956
17957
17958
17962
17963
17965
17966
17967
17968
17970
17971
17972
17973
17978
17981
17982
17983
17985
17986
17988
17991
17998
17999
18001
18007
18015
18016
18017
18023
18024
18027
18029
18031
18033
18034
18036
18037
18038
18041
18042
18043
18044
18046
18047
18048
18050
18051
18052
18055
18064
18074
18088
18089
18093
18094
18095
18096
18099
18102
18103
18105
18106
18111
18112
18114
18115
18120
18121
18125
18126
18127
18129
18131
18136
18137
18140
18146
18149
18150
18153
18155
18156
18159
18161
18162
18163
18165
18166
18169
18173
18175
18178
18179
18188
18190
18194
18197
18200
18202
18203
18204
18208
18211
18217
18218
18224
18225
18227
18229
18231
18232
18236
18237
18239
18240
18241
18242
18244
18245
18246
18250
18255
18256
18257
18262
18263
18264
18265
18266
18267
18275
18276
18278
18279
18290
18291
18292
18295
18299
18302
18304
18306
18308
18312
18313
18315
18320
18321
18322
18323
18325
18326
18329
18331
18332
18333
18334
18336
18337
18338
18339
18340
18341
18351
18353
18354
18358
18359
18360
18365
18366
18370
18372
18373
18379
18380
18382
18383
18384
18385
18387
18389
18402
18403
18404
18411
18412
18413
18416
18419
18420
18421
18423
18426
18427
18428
18429
18430
18431
18433
18439
18440
18441
18444
18445
18446
18449
18451
18452
18455
18458
18464
18467
18470
18471
18474
18479
18480
18482
18483
18484
18486
18487
18488
18492
18493
18494
18495
18498
18499
18501
18502
18503
18507
18515
18518
18519
18520
18521
18523
18524
18525
18527
18537
18538
18539
18544
18545
18547
18552
18553
18555
18556
18567
18568
18570
18571
18572
18575
18579
18582
18583
18584
18588
18589
18591
18592
18593
18594
18595
18599
18601
18602
18606
18610
18611
18613
18615
18617
18619
18620
18623
18624
18628
18629
18637
18645
18647
18648
18649
18652
18653
18656
18657
18658
18659
18661
18663
18664
18666
18677
18678
18679
18681
18682
18684
18686
18687
18688
18689
18696
18697
18708
18709
18718
18719
18720
18729
18730
18733
18735
18740
18744
18747
18748
18749
18750
18756
18757
18758
18759
18761
18762
18763
18766
18767
18768
18770
18772
18773
18774
18775
18776
18784
18788
18789
18792
18797
18798
18799
18800
18803
18804
18812
18813
18815
18817
18818
18821
18822
18824
18830
18832
18833
18840
18841
18842
18845
18846
18847
18849
18850
18852
18856
18859
18861
18863
18864
18866
18867
18868
18870
18873
18875
18876
18877
18878
18880
18881
18882
18891
18894
18895
18896
18897
18900
18901
18906
18907
18908
18910
18912
18914
18915
18922
18923
18926
18933
18935
18936
18938
18939
18940
18942
18943
18944
18945
18946
18947
18948
18954
18957
18958
18959
18961
18962
18963
18964
18966
18974
18975
18976
18977
18978
18979
18984
18985
18989
18990
18993
18994
18995
18997
18998
19007
19011
19012
19018
19020
19024
19026
19028
19031
19032
19033
19035
19036
19037
19040
19045
19047
19048
19049
19050
19051
19060
19061
19064
19068
19069
19072
19073
19074
19076
19077
19080
19081
19089
19090
19092
19099
19100
19101
19102
19106
19116
19120
19122
19125
19126
19127
19130
19133
19135
19137
19138
19139
19141
19143
19146
19152
19155
19156
19157
19159
19160
19165
19167
19171
19175
19176
19177
19178
19181
19182
19184
19187
19188
19189
19190
19192
19193
19196
19199
19203
19209
19210
19212
19217
19218
19221
19226
19227
19228
19232
19233
19234
19236
19238
19239
19241
19243
19244
19249
19250
19253
19254
19255
19256
19261
19262
19265
19267
19272
19273
19275
19277
19278
19279
19291
19292
19295
19297
19301
19302
19303
19304
19305
19310
19311
19312
19314
19315
19316
19320
19321
19322
19323
19339
19342
19346
19347
19348
19352
19353
19354
19366
19367
19369
19372
19376
19377
19379
19393
19394
19395
19396
19397
19400
19402
19408
19410
19411
19414
19418
19422
19423
19424
19428
19430
19431
19432
19435
19436
19437
19444
19447
19448
19452
19453
19456
19457
19459
19461
19464
19465
19468
19469
19472
19473
19477
19478
19481
19482
19489
19490
19491
19492
19493
19494
19495
19498
19500
19502
19504
19505
19506
19508
19513
19521
19523
19525
19526
19529
19533
19534
19540
19541
19544
19546
19550
19552
19554
19557
19563
19564
19568
19569
19572
19573
19575
19576
19577
19578
19579
19582
19583
19588
19590
19593
19594
19596
19597
19608
19609
19610
19614
19615
19616
19620
19622
19628
19631
19632
19635
19636
19637
19643
19644
19646
19649
19650
19651
19652
19654
19655
19656
19661
19662
19664
19665
19677
19678
19679
19688
19690
19691
19702
19703
19704
19706
19707
19708
19710
19711
19712
19720
19721
19722
19723
19724
19733
19734
19735
19736
19737
19739
19741
19742
19745
19746
19749
19750
19751
19753
19754
19756
19757
19760
19761
19762
19766
19768
19770
19772
19773
19774
19775
19778
19779
19780
19781
19783
19784
19785
19793
19794
19795
19796
19797
19798
19800
19802
19804
19807
19808
19810
19811
19817
19818
19820
19823
19824
19825
19826
19829
19832
19833
19834
19839
19842
19843
19844
19846
19850
19851
19852
19854
19856
19859
19860
19865
19867
19870
19873
19883
19884
19885
19886
19887
19888
19889
19890
19891
19892
19895
19896
19899
19902
19903
19904
19908
19909
19912
19916
19917
19921
19923
19924
19925
19927
19928
19929
19930
19933
19935
19936
19937
19938
19939
19941
19942
19956
19957
19958
19963
19964
19965
19966
19968
19969
19973
19974
19986
19987
19989
19990
19991
19994
19995
19999
20006
20010
20014
20015
20016
20019
20020
20021
20022
20023
20030
20031
20032
20033
20035
20036
20038
20040
20041
20042
20043
20044
20046
20047
20048
20051
20057
20058
20060
20062
20063
20064
20068
20069
20070
20071
20073
20077
20079
20081
20083
20085
20089
20090
20091
20092
20096
20097
20102
20105
20106
20116
20117
20118
20120
20121
20122
20123
20124
20125
20128
20130
20131
20132
20134
20136
20138
20139
20140
20141
20143
20144
20147
20149
20150
20153
20157
20160
20161
20165
20166
20167
20173
20175
20178
20181
20185
20186
20187
20188
20190
20191
20193
20197
20198
20199
20200
20202
20203
20204
20207
20211
20212
20213
20214
20216
20217
20219
20229
20230
20231
20234
20235
20240
20244
20247
20250
20253
20260
20263
20264
20265
20268
20273
20275
20276
20277
20278
20281
20282
20283
20286
20288
20291
20293
20296
20297
20298
20300
20301
20302
20303
20304
20309
20310
20312
20313
20314
20319
20322
20323
20325
20330
20331
20337
20338
20341
20343
20344
20345
20346
20350
20351
20354
20355
20356
20357
20359
20361
20362
20363
20368
20369
20376
20378
20379
20380
20381
20383
20387
20393
20395
20396
20402
20405
20406
20407
20409
20410
20411
20412
20413
20415
20417
20418
20419
20420
20424
20425
20427
20428
20429
20430
20434
20437
20438
20441
20450
20452
20455
20457
20458
20464
20465
20467
20468
20470
20476
20477
20478
20481
20482
20483
20487
20488
20491
20492
20493
20496
20505
20512
20513
20515
20516
20521
20523
20524
20527
20532
20535
20536
20537
20542
20545
20551
20552
20563
20564
20565
20568
20570
20579
20586
20587
20588
20589
20591
20599
20600
20602
20605
20607
20608
20609
20610
20614
20618
20619
20621
20623
20624
20625
20627
20629
20631
20634
20635
20636
20640
20641
20642
20643
20647
20648
20653
20654
20655
20659
20661
20664
20670
20671
20673
20680
20681
20684
20685
20686
20691
20692
20693
20694
20696
20697
20699
20701
20702
20704
20705
20710
20714
20715
20716
20717
20718
20726
20728
20729
20730
20734
20735
20736
20737
20741
20742
20743
20744
20747
20748
20753
20755
20756
20757
20759
20760
20763
20765
20769
20771
20772
20773
20780
20783
20786
20789
20790
20792
20794
20795
20797
20798
20799
20801
20802
20803
20805
20809
20813
20819
20820
20832
20833
20834
20835
20840
20842
20854
20857
20858
20865
20866
20867
20868
20869
20872
20876
20880
20881
20882
20883
20886
20888
20892
20893
20894
20896
20899
20900
20902
20904
20905
20913
20914
20916
20917
20919
20922
20923
20924
20925
20930
20936
20937
20938
20943
20947
20950
20951
20957
20958
20959
20962
20970
20971
20973
20974
20975
20976
20979
20981
20982
20987
20999
21000
21003
21004
21010
21011
21014
21015
21016
21020
21022
21023
21026
21027
21028
21030
21031
21032
21034
21035
21039
21040
21041
21043
21047
21048
21058
21059
21061
21064
21065
21072
21076
21077
21078
21079
21080
21081
21084
21085
21086
21090
21091
21092
21093
21109
21112
21117
21119
21120
21131
21134
21135
21136
21138
21147
21149
21150
21151
21153
21154
21155
21156
21164
21165
21169
21173
21174
21176
21178
21180
21181
21188
21189
21190
21195
21196
21197
21202
21203
21204
21208
21209
21216
21217
21219
21220
21224
21226
21232
21233
21247
21248
21250
21252
21254
21256
21260
21261
21265
21266
21270
21271
21272
21276
21280
21286
21288
21292
21293
21295
21296
21297
21301
21302
21304
21305
21307
21310
21311
21312
21318
21319
21320
21324
21336
21337
21338
21342
21344
21347
21353
21354
21358
21359
21367
21370
21373
21384
21385
21386
21387
21388
21390
21399
21400
21401
21402
21403
21404
21405
21406
21409
21413
21414
21418
21419
21423
21424
21425
21427
21428
21429
21432
21433
21437
21445
21446
21447
21448
21449
21450
21452
21453
21454
21463
21464
21465
21466
21468
21469
21472
21474
21475
21476
21477
21479
21485
21486
21487
21488
21493
21494
21495
21501
21503
21505
21509
21510
21512
21513
21529
21531
21537
21538
21540
21541
21542
21543
21547
21550
21551
21552
21553
21556
21569
21571
21573
21575
21576
21577
21579
21580
21581
21585
21586
21587
21589
21590
21595
21600
21601
21614
21616
21617
21620
21621
21622
21625
21631
21644
21650
21652
21653
21662
21667
21669
21670
21671
21676
21677
21678
21679
21680
21684
21686
21694
21696
21702
21703
21704
21707
21708
21713
21719
21720
21722
21726
21727
21732
21733
21735
21737
21738
21743
21744
21747
21748
21749
21750
21755
21756
21757
21758
21760
21761
21764
21765
21767
21768
21778
21780
21781
21783
21789
21790
21799
21803
21804
21807
21808
21812
21813
21817
21818
21820
21821
21823
21827
21830
21831
21833
21834
21847
21848
21849
21850
21851
21852
21854
21856
21858
21862
21864
21865
21868
21871
21872
21877
21878
21890
21891
21892
21893
21895
21896
21897
21899
21906
21907
21908
21910
21911
21912
21921
21923
21933
21935
21938
21939
21944
21945
21947
21950
21951
21952
21953
21958
21960
21961
21963
21964
21967
21969
21970
21977
21978
21981
21985
21986
21987
21990
21991
21996
21997
22011
22012
22013
22015
22020
22021
22027
22028
22029
22030
22031
22036
22038
22041
22044
22045
22048
22049
22050
22051
22052
22053
22054
22055
22056
22058
22059
22060
22061
22062
22066
22067
22070
22071
22075
22077
22078
22080
22081
22086
22089
22090
22094
22095
22097
22098
22100
22101
22104
22106
22114
22115
22128
22130
22131
22134
22135
22138
22140
22143
22148
22150
22151
22152
22153
22154
22156
22157
22161
22162
22170
22171
22172
22174
22176
22177
22183
22185
22186
22189
22191
22192
22194
22195
22198
22201
22202
22203
22204
22210
22211
22212
22221
22225
22226
22227
22235
22236
22238
22239
22243
22244
22246
22249
22250
22252
22258
22262
22263
22268
22269
22270
22274
22275
22276
22277
22278
22281
22282
22283
22290
22297
22298
22301
22302
22313
22317
22319
22320
22322
22324
22326
22327
22328
22331
22338
22339
22343
22350
22351
22352
22355
22357
22358
22363
22366
22367
22368
22369
22372
22373
22374
22375
22378
22382
22383
22384
22385
22391
22394
22406
22408
22411
22415
22416
22417
22419
22425
22427
22428
22429
22430
22431
22432
22434
22438
22440
22441
22448
22449
22451
22454
22455
22461
22463
22465
22468
22470
22471
22472
22475
22482
22483
22484
22485
22486
22487
22489
22490
22491
22499
22500
22501
22503
22505
22506
22507
22510
22511
22515
22521
22523
22526
22527
22528
22529
22531
22533
22536
22537
22538
22540
22545
22548
22549
22550
22554
22555
22558
22561
22562
22563
22564
22568
22571
22578
22579
22589
22590
22591
22594
22599
22602
22606
22607
22612
22613
22614
22615
22620
22626
22627
22628
22630
22632
22633
22637
22638
22639
22645
22646
22649
22650
22655
22656
22659
22661
22663
22664
22665
22667
22672
22675
22676
22677
22687
22688
22695
22696
22701
22709
22711
22718
22719
22720
22728
22729
22731
22732
22738
22739
22740
22741
22745
22746
22752
22756
22757
22758
22760
22763
22764
22765
22768
22779
22793
22794
22797
22802
22806
22808
22809
22813
22816
22817
22818
22821
22822
22825
22830
22831
22833
22834
22835
22837
22839
22840
22841
22847
22849
22856
22857
22858
22859
22860
22862
22863
22872
22879
22880
22881
22882
22890
22893
22894
22898
22899
22903
22905
22906
22907
22908
22913
22914
22915
22916
22921
22923
22930
22931
22932
22933
22936
22937
22938
22942
22944
22949
22950
22951
22952
22953
22954
22961
22964
22965
22966
22967
22968
22971
22972
22978
22987
22988
22997
22999
23005
23006
23014
23015
23016
23018
23019
23020
23021
23022
23029
23031
23039
23043
23045
23046
23047
23050
23055
23059
23060
23061
23069
23070
23073
23074
23079
23086
23093
23097
23098
23100
23101
23102
23107
23109
23110
23111
23113
23114
23115
23116
23120
23121
23122
23123
23132
23134
23135
23137
23139
23140
23143
23144
23145
23147
23148
23149
23154
23159
23167
23168
23169
23171
23175
23176
23183
23190
23194
23198
23199
23203
23205
23206
23208
23210
23212
23214
23216
23218
23219
23220
23224
23225
23227
23228
23231
23232
23235
23236
23237
23239
23244
23245
23247
23249
23265
23274
23278
23282
23284
23285
23286
23287
23293
23294
23296
23297
23298
23299
23314
23317
23323
23325
23327
23329
23330
23331
23332
23336
23345
23358
23359
23361
23362
23363
23368
23369
23376
23377
23380
23382
23386
23388
23389
23390
23392
23393
23397
23400
23403
23409
23410
23413
23414
23415
23419
23423
23424
23425
23427
23430
23431
23434
23442
23443
23447
23448
23449
23450
23459
23460
23467
23468
23470
23472
23480
23484
23485
23486
23487
23489
23491
23494
23498
23499
23500
23502
23504
23506
23507
23508
23511
23514
23517
23525
23526
23530
23531
23532
23535
23536
23537
23538
23542
23551
23554
23560
23561
23562
23563
23564
23570
23572
23577
23586
23587
23588
23590
23595
23598
23600
23601
23604
23605
23607
23622
23623
23633
23634
23644
23645
23653
23654
23657
23658
23659
23661
23664
23665
23668
23680
23684
23685
23686
23687
23696
23697
23699
23702
23703
23704
23705
23706
23708
23709
23710
23711
23712
23719
23720
23722
23723
23727
23732
23733
23735
23736
23738
23747
23748
23749
23757
23758
23760
23763
23764
23766
23768
23777
23778
23782
23783
23784
23786
23788
23792
23794
23802
23803
23807
23810
23811
23813
23815
23824
23825
23828
23830
23847
23849
23855
23858
23861
23864
23865
23868
23871
23875
23878
23881
23882
23883
23884
23885
23886
23899
23900
23901
23902
23905
23906
23911
23914
23916
23921
23922
23926
23927
23930
23931
23934
23937
23940
23941
23943
23945
23955
23956
23957
23960
23962
23979
23980
23984
23987
23989
23990
23991
23995
23996
23999
24000
24010
24012
24014
24015
24016
24026
24029
24030
24031
24032
24033
24036
24041
24043
24045
24054
24055
24063
24064
24065
24070
24080
24081
24087
24090
24091
24092
24095
24096
24100
24102
24105
24108
24112
24113
24130
24133
24134
24135
24138
24139
24140
24146
24148
24155
24156
24165
24166
24170
24174
24175
24176
24178
24180
24181
24188
24190
24192
24193
24197
24200
24205
24206
24207
24208
24210
24211
24214
24215
24220
24226
24228
24229
24230
24231
24235
24236
24238
24239
24241
24242
24243
24244
24245
24246
24261
24263
24264
24266
24267
24268
24271
24273
24276
24277
24286
24289
24291
24293
24294
24302
24304
24306
24311
24316
24319
24320
24321
24327
24328
24338
24339
24340
24344
24345
24346
24350
24351
24352
24353
24366
24368
24369
24372
24373
24377
24379
24382
24383
24384
24385
24386
24389
24391
24392
24397
24410
24415
24423
24426
24427
24428
24429
24433
24434
24439
24442
24443
24444
24446
24447
24449
24450
24452
24453
24454
24455
24456
24461
24462
24464
24466
24469
24470
24473
24476
24479
24480
24483
24490
24491
24497
24498
24499
24501
24502
24505
24506
24507
24508
24515
24517
24518
24519
24521
24522
24524
24530
24531
24532
24537
24538
24539
24541
24542
24548
24549
24553
24555
24556
24560
24562
24563
24566
24568
24571
24579
24580
24581
24583
24587
24588
24593
24594
24596
24603
24604
24608
24609
24615
24617
24621
24622
24623
24626
24627
24629
24630
24642
24645
24646
24655
24657
24658
24663
24667
24668
24669
24673
24675
24676
24677
24683
24687
24697
24698
24699
24700
24703
24704
24705
24711
24716
24717
24721
24724
24728
24738
24739
24741
24742
24743
24748
24749
24750
24752
24755
24756
24757
24760
24761
24762
24763
24764
24767
24768
24776
24777
24778
24781
24792
24793
24798
24800
24801
24807
24808
24809
24816
24817
24818
24819
24830
24831
24832
24833
24837
24839
24840
24845
24851
24852
24853
24854
24858
24859
24860
24862
24865
24866
24872
24873
24877
24884
24886
24891
24893
24896
24897
24898
24902
24905
24906
24908
24917
24918
24919
24922
24923
24924
24925
24932
24934
24935
24940
24941
24946
24947
24952
24960
24963
24965
24969
24970
24971
24974
24977
24978
24982
24994
24995
24996
24998
24999
25000
25003
25014
25017
25018
25020
25021
25022
25025
25026
25028
25035
25036
25038
25040
25042
25048
25049
25051
25056
25058
25063
25064
25065
25077
25079
25087
25088
25091
25093
25094
25106
25107
25108
25114
25115
25116
25117
25120
25121
25122
25125
25126
25127
25129
25132
25134
25135
25136
25142
25143
25151
25152
25153
25154
25157
25159
25160
25162
25163
25164
25165
25167
25169
25173
25174
25175
25176
25178
25179
25180
25181
25182
25184
25185
25192
25193
25197
25199
25201
25202
25204
25205
25223
25224
25227
25231
25234
25235
25236
25238
25240
25241
25243
25246
25251
25253
25266
25267
25268
25271
25274
25275
25277
25278
25279
25280
25281
25291
25292
25293
25294
25298
25300
25301
25302
25303
25311
25315
25319
25328
25334
25336
25340
25350
25351
25354
25355
25360
25361
25363
25365
25368
25369
25371
25378
25379
25388
25390
25392
25399
25400
25401
25402
25409
25410
25411
25413
25414
25420
25421
25426
25427
25428
25429
25431
25432
25434
25436
25437
25439
25441
25444
25445
25449
25450
25453
25455
25460
25463
25464
25465
25468
25469
25471
25473
25476
25477
25478
25500
25502
25503
25504
25505
25508
25511
25512
25513
25514
25515
25516
25518
25521
25522
25523
25526
25528
25530
25532
25534
25535
25542
25544
25545
25546
25547
25549
25553
25554
25556
25558
25559
25560
25566
25567
25574
25577
25578
25580
25581
25582
25587
25588
25589
25590
25591
25592
25595
25596
25597
25598
25599
25603
25605
25606
25611
25612
25613
25614
25617
25619
25625
25626
25627
25628
25635
25636
25637
25638
25640
25642
25645
25649
25650
25655
25657
25660
25665
25667
25670
25671
25676
25677
25678
25680
25681
25682
25686
25688
25689
25690
25691
25697
25698
25700
25701
25702
25706
25707
25708
25709
25712
25713
25716
25717
25718
25719
25725
25727
25731
25732
25736
25740
25741
25742
25743
25744
25746
25747
25749
25753
25755
25757
25758
25759
25762
25763
25773
25780
25782
25783
25784
25801
25804
25807
25808
25809
25818
25820
25823
25824
25826
25827
25830
25832
25833
25834
25837
25838
25839
25840
25843
25844
25847
25851
25852
25855
25856
25857
25860
25861
25863
25864
25871
25872
25874
25879
25881
25883
25886
25887
25888
25889
25891
25892
25895
25896
25899
25901
25902
25910
25912
25913
25915
25916
25918
25920
25921
25922
25926
25927
25932
25935
25938
25942
25943
25947
25949
25950
25952
25959
25960
25961
25963
25965
25966
25968
25969
25970
25976
25979
25984
25989
25990
25993
25994
26001
26004
26012
26016
26021
26022
26026
26034
26035
26036
26039
26040
26044
26046
26049
26050
26055
26056
26057
26058
26060
26061
26066
26067
26072
26074
26075
26082
26083
26085
26096
26097
26100
26102
26103
26105
26107
26111
26112
26113
26115
26116
26117
26121
26122
26123
26124
26128
26132
26133
26137
26138
26140
26148
26149
26151
26152
26153
26156
26157
26158
26159
26160
26163
26164
26166
26167
26168
26169
26176
26179
26180
26181
26182
26187
26192
26195
26196
26197
26198
26201
26202
26204
26205
26209
26210
26211
26214
26215
26216
26217
26218
26219
26220
26221
26222
26223
26224
26225
26226
26227
26229
26230
26234
26235
26237
26238
26239
26240
26244
26247
26248
26249
26253
26264
26265
26266
26269
26271
26279
26281
26282
26283
26284
26290
26294
26299
26302
26303
26306
26307
26316
26319
26325
26326
26328
26335
26336
26343
26344
26348
26349
26350
26356
26357
26358
26360
26361
26362
26366
26367
26373
26374
26378
26381
26382
26383
26390
26391
26392
26394
26395
26398
26401
26402
26403
26405
26406
26407
26408
26409
26410
26415
26416
26417
26426
26430
26431
26437
26441
26442
26443
26446
26447
26448
26449
26453
26454
26456
26457
26469
26471
26480
26482
26488
26489
26493
26494
26495
26504
26505
26506
26507
26513
26516
26517
26521
26522
26523
26525
26526
26532
26539
26540
26541
26542
26543
26546
26548
26551
26552
26559
26561
26571
26573
26574
26578
26580
26581
26582
26594
26596
26597
26603
26606
26612
26614
26615
26616
26619
26621
26624
26625
26629
26630
26631
26632
26633
26636
26639
26642
26645
26646
26648
26655
26658
26667
26668
26669
26670
26671
26678
26681
26682
26685
26688
26689
26690
26691
26693
26695
26697
26702
26703
26704
26705
26707
26708
26713
26714
26715
26718
26719
26723
26729
26731
26740
26742
26746
26749
26757
26758
26759
26763
26764
26765
26766
26773
26779
26781
26782
26787
26790
26791
26797
26798
26800
26801
26802
26808
26809
26810
26811
26812
26815
26816
26817
26823
26824
26825
26829
26831
26832
26833
26834
26837
26843
26845
26849
26850
26851
26853
26855
26856
26859
26871
26872
26873
26875
26876
26879
26882
26883
26884
26886
26888
26894
26895
26898
26901
26902
26904
26905
26910
26914
26916
26919
26920
26921
26922
26925
26933
26934
26935
26938
26939
26940
26958
26960
26962
26963
26964
26966
26970
26971
26972
26974
26975
26976
26977
26978
26979
26981
26982
26984
26985
26988
26989
26990
26993
26994
26996
27000
27002
27003
27006
27007
27008
27012
27013
27017
27019
27023
27025
27030
27031
27032
27033
27034
27036
27037
27039
27040
27050
27056
27059
27060
27061
27064
27065
27066
27074
27075
27076
27079
27081
27082
27087
27090
27091
27092
27094
27097
27098
27102
27106
27107
27108
27109
27110
27111
27115
27116
27117
27121
27123
27124
27126
27128
27129
27130
27131
27133
27140
27141
27148
27150
27152
27154
27155
27156
27158
27159
27161
27162
27163
27165
27169
27171
27173
27174
27175
27179
27180
27181
27185
27187
27193
27194
27195
27200
27201
27202
27206
27207
27208
27209
27210
27215
27216
27217
27219
27220
27221
27222
27223
27224
27228
27229
27233
27234
27235
27238
27240
27244
27245
27246
27247
27249
27250
27253
27256
27257
27258
27271
27272
27274
27277
27278
27280
27281
27283
27285
27286
27287
27288
27290
27294
27301
27306
27308
27309
27310
27311
27313
27316
27326
27327
27332
27333
27335
27337
27339
27340
27343
27344
27345
27348
27349
27350
27353
27356
27357
27360
27362
27363
27367
27369
27370
27371
27374
27375
27378
27381
27382
27383
27384
27389
27392
27393
27394
27397
27398
27399
27400
27402
27404
27405
27406
27410
27411
27412
27415
27417
27418
27429
27430
27431
27435
27436
27437
27438
27440
27441
27442
27444
27445
27447
27448
27449
27450
27453
27455
27456
27457
27459
27460
27461
27463
27464
27471
27472
27479
27480
27481
27482
27483
27484
27486
27487
27498
27499
27500
27501
27502
27503
27516
27520
27521
27524
27525
27528
27529
27531
27532
27534
27542
27543
27550
27551
27554
27556
27557
27558
27560
27561
27564
27566
27567
27571
27572
27573
27578
27580
27581
27591
27592
27593
27602
27604
27606
27607
27612
27613
27614
27615
27617
27620
27621
27622
27623
27626
27627
27630
27631
27632
27634
27635
27638
27639
27640
27641
27642
27643
27644
27645
27647
27651
27652
27653
27654
27655
27658
27659
27666
27676
27677
27678
27679
27680
27681
27683
27685
27686
27692
27696
27698
27703
27706
27708
27709
27710
27711
27712
27714
27716
27717
27718
27722
27723
27724
27726
27727
27731
27732
27734
27735
27743
27744
27748
27750
27752
27753
27756
27757
27762
27763
27767
27768
27769
27770
27773
27783
27784
27785
27789
27793
27794
27795
27796
27802
27803
27804
27806
27808
27809
27816
27817
27818
27820
27829
27830
27831
27833
27835
27836
27841
27842
27843
27844
27854
27855
27857
27858
27866
27867
27868
27871
27872
27873
27874
27875
27876
27881
27882
27883
27893
27894
27895
27896
27900
27902
27911
27913
27914
27915
27922
27923
27924
27936
27937
27941
27942
27949
27950
27951
27952
27953
27958
27959
27960
27968
27969
27970
27973
27975
27978
27979
27980
27983
27984
27986
27989
27990
27991
27992
27993
27998
28002
28003
28011
28012
28015
28016
28017
28020
28021
28025
28026
28027
28029
28031
28039
28040
28041
28042
28043
28045
28050
28051
28052
28053
28060
28061
28062
28066
28068
28069
28070
28079
28082
28083
28086
28087
28088
28095
28097
28098
28101
28102
28106
28107
28109
28110
28112
28116
28117
28131
28132
28136
28137
28143
28148
28149
28152
28153
28159
28172
28173
28177
28178
28184
28188
28189
28190
28193
28199
28201
28202
28203
28204
28205
28208
28209
28211
28212
28213
28214
28217
28220
28224
28225
28226
28227
28229
28230
28231
28232
28235
28238
28240
28243
28244
28247
28248
28249
28250
28251
28260
28262
28263
28264
28265
28270
28275
28281
28282
28286
28287
28288
28289
28293
28294
28297
28298
28302
28305
28306
28307
28308
28311
28312
28313
28314
28315
28320
28322
28324
28325
28326
28327
28328
28330
28337
28342
28343
28344
28347
28351
28352
28355
28356
28359
28360
28364
28368
28369
28370
28373
28375
28376
28377
28378
28380
28381
28382
28384
28386
28387
28389
28391
28392
28396
28403
28404
28405
28406
28407
28409
28411
28412
28416
28421
28427
28428
28436
28438
28441
28442
28449
28450
28452
28453
28454
28458
28459
28462
28465
28466
28467
28470
28475
28477
28478
28479
28485
28486
28487
28489
28494
28495
28497
28502
28504
28505
28506
28508
28510
28513
28514
28515
28517
28520
28521
28538
28543
28544
28552
28555
28556
28557
28558
28562
28564
28566
28567
28569
28570
28574
28575
28579
28582
28585
28587
28591
28592
28596
28600
28601
28603
28606
28607
28614
28615
28616
28617
28618
28619
28621
28622
28623
28634
28635
28637
28640
28641
28645
28646
28647
28651
28652
28654
28655
28656
28658
28659
28660
28661
28666
28667
28669
28670
28672
28673
28675
28676
28682
28684
28687
28688
28689
28692
28704
28705
28707
28708
28710
28714
28715
28717
28720
28722
28723
28724
28725
28729
28730
28731
28734
28735
28738
28739
28740
28741
28752
28753
28757
28759
28760
28761
28762
28764
28766
28767
28768
28770
28773
28776
28779
28780
28784
28785
28787
28792
28794
28795
28797
28798
28799
28800
28820
28822
28823
28824
28829
28831
28835
28839
28841
28842
28847
28849
28851
28852
28853
28854
28857
28861
28862
28865
28866
28870
28873
28877
28879
28883
28884
28891
28892
28894
28897
28902
28903
28911
28914
28928
28929
28930
28931
28933
28934
28937
28938
28944
28945
28946
28951
28954
28957
28959
28960
28961
28962
28963
28968
28978
28982
28983
28984
28985
28987
28988
28989
28990
28995
28996
28999
29000
29001
29002
29005
29006
29012
29013
29018
29019
29020
29021
29022
29035
29038
29039
29041
29042
29047
29048
29049
29054
29056
29058
29061
29063
29072
29073
29076
29077
29078
29091
29092
29093
29094
29095
29101
29105
29107
29108
29112
29113
29117
29119
29124
29126
29130
29132
29136
29138
29139
29147
29148
29149
29155
29160
29161
29163
29165
29166
29169
29170
29171
29173
29174
29178
29181
29182
29189
29190
29192
29193
29196
29197
29198
29207
29208
29209
29211
29214
29215
29216
29217
29218
29219
29222
29225
29226
29227
29228
29229
29230
29231
29235
29245
29246
29247
29254
29256
29257
29258
29260
29265
29267
29279
29280
29283
29284
29285
29286
29287
29288
29290
29296
29299
29300
29301
29312
29313
29315
29319
29320
29321
29324
29326
29330
29331
29332
29334
29336
29339
29343
29348
29350
29355
29370
29375
29376
29378
29381
29382
29383
29384
29386
29389
29390
29397
29399
29400
29403
29404
29407
29408
29409
29411
29412
29413
29414
29415
29416
29422
29426
29428
29432
29437
29438
29440
29442
29443
29446
29447
29451
29452
29455
29456
29457
29459
29463
29468
29471
29472
29476
29480
29481
29482
29483
29484
29486
29488
29491
29493
29494
29495
29496
29498
29521
29522
29524
29527
29529
29530
29533
29535
29543
29548
29551
29552
29556
29559
29561
29562
29563
29567
29571
29572
29575
29577
29578
29579
29580
29585
29586
29589
29590
29592
29594
29595
29596
29597
29598
29599
29600
29602
29603
29604
29610
29611
29616
29619
29625
29645
29647
29651
29652
29654
29658
29660
29661
29662
29663
29669
29670
29677
29678
29679
29680
29683
29686
29687
29695
29696
29697
29698
29699
29703
29704
29706
29710
29719
29720
29723
29725
29728
29731
29732
29735
29736
29741
29746
29747
29749
29750
29751
29752
29755
29756
29758
29761
29763
29764
29768
29769
29770
29774
29775
29778
29779
29786
29792
29793
29794
29795
29796
29800
29801
29802
29804
29807
29809
29810
29813
29816
29824
29827
29829
29832
29834
29836
29837
29838
29842
29843
29847
29852
29853
29854
29856
29857
29859
29860
29864
29865
29871
29872
29876
29877
29878
29879
29881
29882
29883
29891
29892
29893
29894
29895
29898
29901
29902
29903
29906
29909
29910
29912
29918
29919
29920
29921
29922
29925
29928
29930
29931
29934
29936
29939
29940
29941
29942
29946
29947
29952
29954
29956
29958
29960
29964
29969
29970
29974
29983
29984
29987
29994
29995
29996
30000
30001
30005
30009
30012
30013
30016
30019
30020
30024
30025
30026
30030
30045
30047
30054
30057
30058
30062
30069
30073
30075
30076
30084
30085
30093
30095
30096
30102
30105
30108
30110
30111
30112
30114
30115
30120
30121
30122
30124
30125
30126
30127
30128
30130
30132
30136
30137
30141
30143
30144
30148
30150
30152
30153
30155
30157
30158
30162
30163
30167
30168
30171
30177
30178
30183
30185
30187
30189
30194
30196
30197
30198
30200
30201
30204
30205
30208
30211
30212
30213
30218
30223
30225
30228
30229
30230
30233
30235
30249
30250
30251
30252
30253
30256
30257
30258
30260
30263
30264
30270
30273
30274
30276
30277
30281
30282
30284
30291
30292
30293
30294
30295
30296
30297
30301
30303
30307
30310
30311
30319
30320
30322
30323
30331
30332
30333
30338
30347
30348
30350
30352
30353
30356
30361
30362
30364
30365
30366
30369
30371
30372
30373
30378
30379
30380
30381
30382
30385
30386
30389
30390
30394
30395
30396
30400
30407
30408
30409
30413
30414
30415
30418
30420
30421
30422
30423
30425
30427
30429
30430
30431
30432
30435
30439
30441
30444
30445
30448
30452
30456
30457
30462
30465
30466
30477
30479
30480
30483
30484
30487
30488
30490
30491
30492
30495
30496
30500
30503
30504
30505
30508
30511
30512
30513
30515
30520
30521
30522
30523
30531
30532
30534
30549
30552
30553
30554
30558
30568
30569
30579
30580
30584
30585
30596
30597
30604
30605
30606
30607
30608
30610
30611
30615
30616
30617
30629
30631
30634
30638
30639
30641
30642
30643
30646
30647
30650
30651
30653
30657
30666
30667
30671
30672
30676
30680
30681
30683
30684
30686
30687
30689
30690
30692
30693
30694
30696
30699
30700
30702
30705
30706
30710
30712
30720
30721
30726
30727
30728
30729
30730
30739
30740
30741
30743
30754
30755
30760
30761
30764
30765
30766
30769
30772
30773
30774
30777
30778
30779
30781
30786
30787
30788
30791
30794
30795
30799
30800
30801
30802
30807
30815
30824
30825
30832
30837
30843
30844
30855
30856
30859
30860
30867
30868
30874
30875
30881
30886
30887
30888
30899
30900
30906
30908
30910
30912
30913
30914
30921
30922
30923
30927
30928
30930
30931
30932
30934
30935
30943
30944
30950
30952
30962
30963
30966
30967
30968
30969
30971
30972
30973
30974
30975
30977
30979
30980
30981
30984
30987
30989
30997
30998
30999
31000
31002
31003
31007
31008
31014
31015
31019
31026
31027
31028
31029
31031
31032
31038
31039
31040
31041
31044
31046
31051
31052
31053
31054
31056
31057
31058
31065
31067
31068
31069
31074
31075
31078
31079
31080
31081
31084
31085
31086
31087
31089
31092
31097
31109
31110
31114
31115
31116
31117
31118
31119
31121
31123
31124
31125
31126
31128
31129
31132
31134
31136
31137
31140
31141
31142
31143
31144
31146
31147
31148
31149
31151
31153
31156
31157
31158
31159
31160
31161
31162
31163
31165
31176
31177
31178
31179
31180
31183
31186
31187
31188
31189
31194
31195
31198
31199
31200
31204
31205
31206
31209
31211
31212
31216
31217
31229
31234
31236
31237
31239
31246
31252
31253
31254
31255
31256
31259
31260
31261
31264
31265
31271
31276
31277
31279
31284
31290
31293
31294
31295
31302
31306
31309
31310
31313
31314
31318
31322
31323
31330
31332
31333
31336
31351
31352
31357
31358
31359
31360
31365
31367
31368
31374
31375
31378
31379
31385
31387
31391
31395
31398
31399
31404
31405
31406
31407
31409
31411
31415
31418
31420
31424
31427
31428
31431
31434
31440
31441
31444
31445
31453
31455
31456
31458
31460
31463
31468
31469
31470
31473
31478
31479
31480
31481
31483
31486
31488
31493
31494
31503
31506
31511
31512
31515
31518
31519
31533
31538
31539
31548
31553
31554
31556
31560
31561
31565
31566
31567
31568
31569
31570
31572
31579
31586
31587
31591
31593
31594
31595
31596
31607
31608
31609
31611
31615
31616
31621
31640
31642
31644
31645
31649
31650
31652
31653
31654
31662
31663
31664
31667
31672
31676
31678
31679
31680
31681
31684
31686
31688
31689
31693
31694
31696
31697
31698
31701
31703
31704
31706
31707
31708
31710
31711
31716
31721
31722
31729
31730
31731
31732
31737
31739
31740
31742
31743
31744
31746
31748
31749
31750
31759
31760
31762
31765
31771
31773
31774
31780
31781
31782
31793
31803
31804
31805
31806
31807
31811
31812
31814
31816
31821
31826
31827
31828
31833
31834
31837
31842
31843
31848
31856
31858
31859
31865
31866
31867
31869
31873
31874
31878
31879
31889
31890
31891
31892
31893
31898
31903
31904
31906
31907
31908
31917
31925
31926
31927
31928
31931
31933
31945
31948
31953
31954
31960
31961
31966
31979
31981
31982
31985
31986
31987
31992
31997
31999
32000
32006
32008
32009
32014
32015
32021
32022
32023
32024
32025
32028
32029
32031
32034
32035
32036
32038
32039
32042
32043
32047
32050
32051
32055
32056
32062
32063
32064
32075
32076
32079
32082
32083
32084
32085
32086
32087
32093
32094
32099
32103
32104
32105
32111
32117
32118
32124
32125
32128
32133
32134
32136
32137
32142
32146
32147
32148
32149
32150
32180
32181
32182
32187
32188
32194
32195
32200
32201
32202
32205
32206
32207
32210
32211
32212
32223
32226
32227
32229
32231
32232
32237
32238
32242
32243
32252
32256
32258
32259
32262
32264
32266
32267
32268
32271
32274
32276
32278
32279
32280
32283
32284
32285
32287
32288
32289
32290
32292
32293
32294
32295
32296
32301
32305
32306
32307
32308
32309
32310
32313
32318
32321
32322
32323
32327
32328
32331
32334
32335
32336
32339
32340
32341
32346
32352
32356
32357
32358
32363
32364
32365
32366
32367
32369
32371
32372
32374
32375
32376
32382
32383
32388
32394
32395
32398
32400
32402
32404
32414
32418
32421
32422
32425
32454
32456
32457
32459
32460
32462
32467
32468
32469
32470
32471
32472
32477
32479
32480
32481
32482
32487
32490
32496
32500
32501
32502
32503
32506
32507
32508
32509
32514
32515
32519
32520
32527
32528
32529
32536
32537
32538
32540
32542
32543
32544
32545
32550
32551
32553
32554
32556
32558
32559
32560
32561
32563
32569
32570
32571
32572
32573
32574
32575
32576
32577
32578
32582
32588
32589
32590
32595
32598
32599
32600
32606
32607
32608
32609
32610
32611
32623
32629
32630
32632
32636
32637
32638
32639
32640
32645
32646
32648
32649
32651
32657
32658
32659
32661
32665
32666
32668
32669
32670
32671
32674
32675
32678
32679
32683
32691
32692
32693
32695
32696
32697
32703
32704
32713
32714
32715
32716
32725
32731
32733
32734
32735
32736
32738
32739
32744
32747
32751
32752
32757
32758
32761
32762
32763
32766
32768
32773
32780
32782
32783
32784
32788
32789
32794
32795
32804
32805
32810
32811
32812
32815
32817
32818
32819
32828
32829
32830
32831
32832
32835
32836
32838
32839
32840
32844
32853
32854
32855
32856
32857
32865
32867
32868
32872
32874
32878
32879
32880
32883
32884
32895
32896
32897
32901
32902
32907
32908
32913
32917
32918
32922
32924
32925
32934
32935
32937
32938
32939
32940
32945
32946
32947
32948
32951
32952
32953
32954
32955
32958
32967
32970
32971
32972
32980
32981
32988
32989
32994
32995
32996
32997
32998
33001
33003
33004
33008
33009
33010
33012
33013
33017
33018
33022
33023
33028
33029
33033
33034
33038
33040
33047
33048
33056
33057
33061
33062
33065
33066
33071
33072
33081
33082
33086
33087
33092
33093
33094
33100
33101
33102
33103
33104
33105
33106
33109
33110
33111
33114
33116
33118
33121
33122
33123
33128
33129
33130
33134
33135
33136
33139
33140
33141
33142
33143
33145
33146
33149
33150
33151
33155
33159
33161
33171
33174
33178
33179
33180
33181
33189
33192
33193
33199
33212
33213
33216
33217
33220
33221
33230
33233
33234
33235
33238
33244
33245
33246
33248
33252
33256
33257
33260
33266
33270
33276
33277
33278
33279
33281
33285
33288
33289
33294
33295
33310
33311
33316
33317
33318
33320
33321
33324
33325
33326
33327
33330
33331
33334
33337
33339
33342
33343
33346
33347
33349
33350
33353
33354
33355
33356
33363
33365
33366
33367
33368
33370
33371
33377
33378
33381
33383
33384
33386
33388
33391
33392
33395
33397
33399
33400
33405
33406
33407
33418
33422
33423
33424
33425
33428
33429
33430
33431
33432
33434
33436
33439
33440
33442
33445
33446
33447
33450
33463
33464
33466
33467
33473
33475
33476
33479
33483
33484
33485
33490
33493
33494
33497
33498
33503
33504
33505
33507
33508
33509
33510
33511
33513
33514
33515
33519
33520
33521
33529
33533
33534
33537
33543
33546
33548
33551
33552
33557
33558
33559
33560
33562
33565
33566
33571
33572
33584
33585
33587
33589
33590
33591
33597
33598
33611
33614
33615
33616
33619
33620
33621
33625
33626
33627
33630
33631
33632
33633
33634
33635
33637
33640
33641
33652
33653
33654
33656
33657
33658
33660
33661
33663
33664
33666
33672
33673
33674
33685
33686
33688
33689
33693
33695
33696
33698
33701
33702
33708
33710
33711
33713
33716
33717
33718
33723
33725
33735
33739
33741
33750
33751
33752
33754
33755
33756
33757
33758
33760
33762
33766
33767
33768
33769
33773
33776
33778
33779
33781
33788
33789
33796
33798
33802
33803
33805
33809
33810
33813
33814
33820
33825
33826
33827
33829
33830
33836
33838
33839
33841
33845
33846
33847
33849
33854
33864
33865
33868
33869
33870
33872
33873
33874
33878
33879
33880
33884
33885
33886
33887
33891
33893
33894
33895
33898
33899
33901
33911
33913
33914
33915
33918
33922
33923
33924
33927
33928
33929
33930
33932
33933
33935
33936
33939
33944
33948
33949
33951
33952
33953
33954
33955
33956
33962
33963
33965
33966
33971
33973
33974
33983
33985
33986
33987
33990
33991
33992
33999
34000
34003
34011
34012
34015
34018
34020
34021
34022
34026
34027
34029
34034
34036
34037
34038
34045
34050
34052
34055
34056
34057
34058
34066
34073
34075
34079
34080
34082
34083
34084
34085
34087
34090
34091
34092
34097
34098
34099
34104
34105
34106
34113
34114
34117
34118
34119
34120
34121
34125
34127
34128
34131
34132
34133
34134
34141
34143
34144
34146
34147
34156
34158
34160
34161
34167
34170
34172
34173
34174
34175
34188
34189
34190
34192
34195
34196
34197
34200
34205
34208
34209
34210
34211
34221
34224
34227
34228
34229
34231
34232
34233
34239
34240
34241
34242
34258
34260
34261
34263
34264
34270
34276
34277
34288
34293
34295
34297
34298
34299
34302
34305
34311
34312
34313
34319
34321
34322
34323
34324
34327
34328
34336
34337
34351
34352
34354
34355
34358
34359
34361
34363
34364
34365
34366
34367
34369
34370
34381
34382
34387
34388
34389
34396
34400
34403
34404
34405
34410
34412
34418
34419
34421
34422
34423
34426
34428
34429
34430
34433
34434
34435
34437
34438
34444
34445
34450
34451
34454
34458
34459
34467
34469
34470
34472
34475
34479
34482
34483
34484
34489
34490
34491
34492
34493
34494
34498
34501
34502
34504
34507
34508
34511
34514
34515
34518
34519
34522
34523
34525
34526
34527
34530
34531
34535
34538
34539
34540
34544
34547
34549
34550
34551
34561
34562
34564
34565
34571
34572
34579
34580
34581
34582
34585
34586
34590
34591
34596
34598
34601
34602
34603
34605
34607
34608
34612
34615
34622
34623
34628
34629
34630
34631
34632
34633
34634
34635
34637
34642
34644
34646
34648
34653
34654
34655
34658
34659
34664
34665
34666
34670
34671
34673
34674
34675
34676
34678
34679
34680
34690
34696
34697
34698
34699
34700
34704
34712
34713
34725
34726
34727
34731
34732
34734
34736
34743
34747
34748
34751
34754
34755
34756
34759
34761
34772
34775
34776
34777
34780
34781
34784
34788
34791
34792
34795
34797
34798
34799
34800
34804
34805
34808
34812
34813
34815
34816
34817
34821
34824
34825
34828
34835
34837
34838
34839
34841
34842
34848
34849
34851
34852
34853
34861
34868
34873
34875
34878
34881
34882
34885
34886
34887
34889
34893
34894
34895
34899
34900
34905
34912
34917
34919
34921
34923
34925
34930
34932
34933
34934
34940
34941
34945
34949
34953
34954
34955
34957
34964
34967
34973
34974
34982
34983
34984
34989
34993
34994
34999
35000
35002
35005
35007
35009
35010
35011
35013
35020
35027
35033
35037
35038
35041
35042
35049
35050
35053
35055
35056
35057
35060
35061
35064
35065
35068
35069
35071
35073
35074
35075
35082
35083
35085
35087
35088
35089
35094
35095
35098
35099
35100
35102
35105
35106
35112
35113
35114
35118
35119
35120
35128
35137
35140
35151
35157
35159
35164
35165
35168
35169
35170
35176
35177
35184
35185
35186
35187
35188
35189
35193
35195
35196
35198
35201
35202
35208
35210
35214
35216
35218
35222
35225
35226
35230
35233
35234
35235
35240
35241
35244
35252
35259
35260
35261
35266
35268
35269
35271
35272
35273
35274
35276
35277
35280
35281
35282
35284
35285
35286
35287
35289
35290
35291
35292
35301
35302
35303
35304
35308
35309
35310
35318
35320
35321
35334
35337
35338
35339
35340
35341
35346
35347
35350
35356
35357
35359
35361
35363
35364
35369
35370
35371
35374
35379
35380
35381
35386
35387
35389
35392
35394
35395
35397
35401
35414
35415
35417
35425
35429
35435
35436
35442
35443
35444
35451
35452
35458
35461
35462
35466
35470
35472
35480
35481
35482
35485
35486
35487
35491
35494
35496
35497
35498
35501
35503
35507
35509
35512
35515
35517
35519
35520
35521
35526
35529
35530
35531
35538
35539
35546
35547
35548
35550
35552
35553
35554
35556
35557
35559
35561
35562
35564
35565
35566
35568
35569
35570
35572
35575
35585
35587
35596
35598
35599
35608
35609
35612
35616
35619
35620
35621
35622
35623
35630
35634
35636
35637
35640
35644
35645
35646
35647
35649
35650
35660
35661
35662
35663
35670
35671
35672
35673
35674
35677
35678
35693
35694
35697
35698
35699
35702
35706
35707
35708
35709
35714
35715
35717
35718
35719
35721
35724
35725
35728
35730
35735
35740
35741
35742
35746
35748
35757
35758
35760
35762
35765
35766
35771
35778
35779
35781
35784
35785
35792
35794
35798
35799
35803
35804
35814
35816
35821
35822
35825
35826
35829
35833
35835
35836
35840
35843
35845
35848
35849
35852
35853
35854
35859
35863
35864
35875
35880
35881
35882
35888
35889
35899
35901
35902
35903
35907
35908
35911
35912
35915
35916
35917
35920
35921
35924
35925
35926
35931
35932
35933
35934
35935
35936
35937
35938
35943
35944
35950
35951
35952
35953
35954
35958
35959
35962
35963
35964
35968
35969
35971
35981
35983
35991
35992
35994
35997
35998
36002
36003
36007
36012
36013
36019
36023
36024
36025
36029
36033
36036
36038
36044
36045
36048
36049
36051
36054
36056
36057
36058
36061
36062
36071
36073
36074
36075
36076
36079
36081
36082
36083
36085
36091
36092
36095
36096
36097
36101
36103
36106
36107
36110
36113
36117
36118
36119
36131
36132
36135
36136
36142
36143
36147
36148
36152
36153
36154
36155
36156
36157
36166
36167
36171
36172
36176
36177
36178
36180
36181
36182
36183
36185
36187
36188
36191
36196
36198
36201
36204
36206
36209
36210
36211
36218
36219
36220
36222
36224
36225
36226
36227
36229
36230
36236
36237
36238
36239
36240
36241
36246
36247
36250
36254
36255
36258
36261
36262
36263
36268
36269
36270
36271
36275
36278
36279
36282
36283
36284
36289
36290
36293
36294
36295
36297
36300
36302
36305
36309
36311
36312
36313
36316
36317
36318
36319
36320
36323
36324
36325
36329
36330
36331
36332
36333
36341
36342
36345
36346
36347
36348
36349
36350
36351
36355
36357
36358
36361
36362
36363
36367
36368
36374
36375
36376
36378
36380
36382
36384
36385
36386
36389
36393
36394
36396
36398
36400
36404
36405
36406
36407
36408
36412
36413
36414
36415
36416
36419
36420
36425
36432
36436
36442
36445
36450
36451
36454
36455
36456
36460
36461
36462
36466
36468
36473
36474
36475
36478
36480
36481
36484
36485
36490
36493
36494
36496
36501
36505
36513
36519
36520
36521
36522
36523
36527
36528
36529
36530
36535
36536
36537
36538
36549
36550
36552
36555
36556
36558
36559
36567
36568
36569
36570
36572
36574
36575
36576
36582
36583
36586
36587
36589
36591
36592
36600
36603
36609
36610
36618
36619
36620
36621
36622
36628
36629
36631
36632
36633
36634
36636
36637
36640
36641
36643
36645
36654
36655
36657
36658
36663
36665
36666
36670
36672
36675
36679
36681
36682
36684
36686
36688
36689
36692
36693
36694
36695
36700
36701
36703
36707
36708
36709
36711
36712
36713
36719
36720
36721
36722
36733
36734
36735
36736
36738
36739
36740
36741
36743
36745
36750
36752
36756
36768
36770
36775
36776
36777
36778
36782
36796
36797
36798
36801
36812
36817
36818
36819
36828
36829
36835
36836
36842
36843
36844
36848
36850
36853
36854
36855
36859
36860
36861
36862
36865
36866
36868
36869
36877
36879
36883
36884
36885
36886
36897
36904
36907
36912
36913
36918
36921
36923
36931
36932
36933
36934
36939
36941
36946
36947
36948
36949
36953
36956
36959
36960
36961
36963
36965
36966
36971
36972
36979
36980
36988
36990
36994
37000
37002
37004
37013
37014
37015
37017
37020
37022
37026
37028
37030
37033
37034
37035
37039
37040
37044
37046
37047
37049
37052
37053
37054
37056
37061
37062
37072
37073
37077
37079
37081
37089
37091
37092
37096
37103
37104
37105
37106
37113
37125
37126
37132
37133
37135
37138
37139
37146
37150
37151
37154
37155
37159
37160
37164
37170
37175
37182
37183
37189
37190
37198
37199
37200
37208
37210
37212
37216
37218
37231
37235
37236
37237
37239
37240
37241
37251
37252
37253
37259
37260
37263
37264
37265
37267
37270
37272
37278
37279
37281
37282
37283
37284
37285
37286
37290
37293
37294
37295
37298
37300
37303
37305
37306
37307
37310
37312
37313
37314
37321
37323
37325
37327
37331
37332
37333
37334
37335
37338
37339
37341
37342
37346
37347
37349
37350
37355
37356
37359
37361
37362
37366
37367
37374
37378
37379
37384
37385
37388
37389
37392
37410
37412
37417
37418
37419
37420
37422
37423
37425
37427
37428
37432
37436
37438
37439
37441
37447
37454
37455
37474
37475
37484
37485
37486
37490
37493
37495
37497
37498
37500
37501
37502
37503
37508
37510
37514
37521
37522
37524
37528
37529
37532
37536
37537
37540
37541
37547
37548
37549
37556
37557
37558
37561
37568
37569
37570
37572
37573
37574
37579
37580
37581
37586
37588
37590
37591
37593
37594
37598
37600
37601
37604
37607
37609
37612
37613
37614
37615
37618
37619
37623
37624
37628
37629
37630
37631
37632
37635
37636
37637
37639
37643
37644
37651
37655
37657
37658
37661
37663
37664
37665
37669
37689
37692
37693
37695
37699
37700
37701
37702
37705
37706
37707
37708
37717
37718
37719
37722
37723
37724
37726
37727
37728
37730
37737
37738
37739
37740
37751
37756
37759
37760
37761
37763
37768
37769
37771
37774
37776
37777
37781
37786
37787
37788
37789
37795
37799
37801
37808
37810
37813
37814
37817
37818
37820
37821
37822
37823
37824
37833
37836
37837
37847
37849
37850
37851
37852
37853
37856
37864
37865
37867
37868
37870
37871
37878
37883
37886
37889
37892
37894
37896
37900
37901
37902
37903
37905
37906
37907
37908
37909
37915
37916
37923
37924
37925
37926
37928
37929
37933
37936
37937
37938
37939
37941
37951
37952
37953
37954
37963
37964
37969
37972
37973
37978
37979
37980
37981
37983
37989
37991
37996
37997
37999
38000
38002
38003
38006
38012
38013
38015
38017
38018
38020
38023
38034
38036
38037
38038
38039
38040
38047
38048
38051
38052
38055
38059
38060
38061
38065
38066
38067
38068
38071
38072
38076
38077
38078
38086
38088
38094
38095
38098
38100
38101
38105
38106
38107
38108
38109
38132
38133
38136
38137
38144
38145
38147
38148
38155
38157
38158
38161
38163
38166
38168
38172
38173
38175
38176
38177
38179
38181
38187
38195
38196
38202
38203
38204
38207
38211
38212
38213
38214
38231
38239
38240
38244
38245
38246
38248
38253
38254
38255
38257
38258
38259
38260
38261
38262
38266
38267
38268
38273
38278
38279
38281
38282
38289
38290
38293
38294
38295
38299
38300
38308
38310
38312
38318
38320
38321
38325
38333
38334
38335
38337
38339
38340
38342
38346
38347
38348
38351
38352
38353
38355
38358
38359
38360
38363
38364
38370
38371
38374
38377
38378
38382
38383
38384
38385
38386
38389
38390
38391
38392
38398
38402
38403
38404
38411
38412
38413
38422
38423
38425
38428
38429
38432
38433
38438
38439
38440
38443
38445
38446
38452
38455
38456
38457
38458
38464
38472
38473
38481
38482
38483
38487
38488
38495
38496
38497
38500
38501
38505
38506
38509
38511
38516
38521
38522
38524
38525
38528
38529
38531
38533
38534
38538
38539
38543
38545
38550
38555
38557
38558
38559
38562
38563
38568
38570
38573
38577
38580
38581
38584
38586
38587
38588
38589
38593
38594
38595
38596
38599
38600
38603
38604
38612
38613
38614
38615
38620
38621
38623
38625
38628
38629
38631
38632
38637
38638
38639
38647
38649
38650
38651
38652
38658
38659
38663
38665
38666
38668
38674
38679
38680
38681
38683
38684
38688
38698
38702
38705
38706
38707
38708
38710
38713
38714
38715
38719
38720
38721
38723
38730
38731
38735
38736
38740
38741
38749
38751
38754
38755
38760
38764
38765
38767
38768
38769
38770
38772
38773
38774
38776
38778
38785
38786
38788
38792
38793
38801
38802
38805
38807
38808
38809
38810
38812
38815
38819
38821
38823
38827
38828
38832
38834
38836
38837
38838
38839
38840
38845
38846
38847
38850
38853
38855
38856
38858
38861
38862
38871
38873
38874
38876
38878
38879
38880
38881
38883
38884
38889
38890
38897
38898
38899
38902
38906
38907
38908
38909
38925
38927
38932
38933
38934
38936
38940
38946
38951
38953
38958
38959
38960
38963
38964
38968
38969
38970
38972
38975
38977
38978
38979
38984
38985
38986
38988
38990
38992
38998
39012
39014
39017
39019
39020
39022
39023
39025
39027
39028
39029
39030
39031
39032
39037
39038
39046
39047
39048
39049
39053
39055
39064
39067
39068
39071
39072
39073
39077
39078
39082
39083
39088
39090
39091
39092
39096
39097
39098
39099
39100
39104
39105
39109
39112
39113
39114
39115
39120
39121
39122
39124
39125
39128
39129
39130
39132
39135
39136
39137
39147
39148
39149
39151
39154
39155
39166
39167
39177
39178
39183
39184
39198
39199
39203
39204
39208
39210
39212
39214
39220
39227
39229
39231
39232
39235
39236
39238
39241
39249
39253
39256
39257
39258
39259
39260
39261
39264
39265
39266
39268
39270
39271
39286
39287
39289
39291
39294
39297
39298
39300
39302
39303
39312
39313
39314
39315
39321
39325
39326
39330
39331
39342
39344
39347
39348
39349
39350
39354
39355
39356
39358
39364
39365
39366
39368
39369
39370
39377
39378
39379
39383
39384
39387
39388
39395
39396
39397
39399
39401
39402
39407
39408
39409
39411
39413
39414
39426
39427
39428
39431
39432
39433
39440
39441
39442
39446
39447
39455
39460
39462
39465
39467
39468
39470
39476
39477
39478
39479
39480
39481
39485
39486
39489
39491
39497
39503
39505
39506
39507
39509
39512
39513
39515
39516
39517
39522
39523
39533
39535
39537
39543
39546
39547
39548
39560
39562
39564
39571
39572
39573
39575
39578
39579
39580
39588
39590
39597
39598
39599
39600
39604
39605
39606
39613
39614
39615
39616
39620
39621
39628
39629
39630
39631
39633
39635
39638
39639
39640
39641
39643
39644
39645
39653
39656
39660
39661
39672
39673
39675
39676
39678
39679
39680
39681
39685
39687
39688
39690
39693
39694
39695
39696
39697
39698
39699
39701
39702
39703
39705
39706
39707
39717
39718
39719
39723
39724
39733
39737
39739
39742
39747
39748
39749
39753
39754
39756
39766
39768
39779
39782
39785
39786
39787
39794
39795
39801
39802
39804
39807
39808
39811
39812
39813
39814
39819
39823
39825
39826
39829
39830
39836
39837
39838
39841
39847
39848
39852
39853
39854
39865
39867
39869
39871
39872
39874
39877
39878
39879
39881
39883
39890
39891
39892
39895
39900
39901
39905
39906
39907
39908
39909
39913
39914
39915
39916
39919
39922
39924
39925
39926
39930
39932
39935
39936
39942
39943
39944
39946
39947
39952
39954
39957
39958
39967
39968
39970
39972
39974
39975
39976
39978
39982
39984
39993
39994
39996
39997
40000
40001
40003
40004
40005
40008
40011
40012
40014
40016
40018
40019
40024
40026
40027
40028
40029
40032
40037
40038
40039
40046
40047
40048
40049
40050
40051
40052
40056
40060
40061
40062
40068
40069
40070
40071
40072
40080
40081
40090
40091
40095
40101
40102
40104
40106
40107
40111
40112
40113
40115
40118
40124
40125
40126
40127
40142
40145
40146
40155
40157
40158
40159
40171
40172
40177
40179
40180
40181
40186
40188
40190
40196
40200
40201
40202
40203
40207
40208
40209
40212
40213
40219
40220
40221
40229
40230
40231
40236
40237
40238
40239
40240
40241
40244
40245
40248
40249
40250
40251
40254
40257
40260
40261
40265
40270
40272
40273
40276
40277
40280
40285
40286
40289
40292
40293
40301
40302
40304
40306
40314
40316
40319
40323
40324
40329
40331
40332
40333
40340
40341
40345
40346
40347
40349
40350
40352
40353
40354
40355
40363
40364
40367
40368
40369
40370
40371
40372
40373
40374
40375
40376
40378
40380
40381
40384
40388
40391
40394
40399
40400
40408
40409
40411
40412
40413
40416
40417
40420
40424
40425
40426
40432
40434
40439
40449
40450
40455
40457
40459
40460
40462
40464
40466
40467
40477
40480
40481
40484
40487
40488
40494
40495
40498
40499
40508
40509
40513
40514
40515
40517
40519
40520
40521
40522
40527
40528
40531
40534
40541
40542
40544
40548
40549
40551
40558
40559
40564
40580
40581
40582
40592
40596
40597
40599
40602
40606
40607
40609
40611
40612
40617
40618
40624
40625
40626
40627
40631
40632
40633
40634
40636
40640
40641
40642
40643
40644
40646
40647
40648
40654
40656
40657
40658
40661
40662
40663
40666
40672
40673
40674
40675
40677
40683
40686
40688
40689
40690
40693
40694
40695
40696
40699
40700
40701
40702
40703
40705
40707
40708
40710
40711
40714
40715
40716
40721
40722
40723
40724
40725
40727
40733
40737
40739
40741
40745
40746
40747
40749
40753
40754
40757
40758
40764
40765
40769
40770
40771
40772
40775
40776
40783
40784
40785
40786
40790
40794
40795
40796
40797
40801
40803
40808
40809
40813
40814
40818
40819
40820
40822
40826
40827
40828
40829
40830
40831
40842
40845
40849
40850
40851
40859
40860
40862
40863
40864
40868
40869
40875
40876
40882
40885
40887
40890
40891
40893
40896
40897
40901
40902
40913
40914
40915
40916
40917
40919
40920
40921
40930
40931
40933
40938
40940
40943
40944
40945
40953
40954
40955
40956
40959
40963
40964
40965
40967
40968
40970
40972
40982
40985
40986
40987
40999
41006
41010
41012
41013
41014
41015
41018
41020
41021
41022
41023
41025
41029
41033
41036
41037
41038
41046
41049
41050
41051
41052
41053
41060
41063
41064
41067
41068
41069
41071
41074
41075
41078
41080
41083
41084
41085
41090
41091
41097
41098
41099
41103
41104
41112
41114
41115
41122
41124
41125
41128
41131
41133
41134
41139
41145
41146
41147
41148
41157
41163
41164
41167
41169
41175
41178
41179
41187
41192
41194
41195
41196
41198
41199
41200
41204
41205
41209
41215
41218
41219
41223
41227
41233
41236
41238
41239
41241
41242
41247
41248
41249
41251
41259
41260
41261
41263
41264
41276
41277
41278
41280
41283
41285
41286
41287
41288
41292
41294
41295
41297
41298
41301
41303
41304
41305
41310
41311
41314
41326
41328
41330
41332
41333
41344
41345
41348
41349
41350
41351
41354
41357
41361
41372
41373
41374
41378
41379
41380
41381
41386
41387
41389
41392
41403
41405
41408
41410
41411
41416
41418
41424
41425
41431
41432
41433
41434
41435
41440
41441
41443
41444
41446
41449
41452
41454
41455
41463
41466
41468
41469
41470
41472
41474
41475
41476
41478
41481
41482
41485
41486
41493
41495
41496
41504
41511
41512
41513
41514
41516
41518
41519
41525
41527
41528
41529
41532
41533
41540
41541
41547
41548
41552
41553
41556
41559
41560
41563
41569
41570
41572
41574
41575
41579
41589
41590
41591
41594
41595
41598
41599
41603
41606
41607
41609
41610
41620
41621
41622
41625
41627
41629
41631
41632
41633
41634
41636
41637
41640
41643
41644
41647
41649
41652
41653
41654
41656
41658
41660
41661
41663
41664
41665
41668
41670
41673
41674
41675
41679
41682
41685
41686
41694
41695
41700
41701
41704
41706
41708
41709
41714
41717
41719
41720
41726
41728
41737
41739
41741
41744
41745
41747
41748
41751
41754
41756
41758
41762
41763
41770
41771
41774
41775
41778
41780
41781
41785
41786
41789
41791
41792
41793
41802
41803
41804
41806
41807
41809
41814
41815
41817
41818
41821
41822
41823
41825
41829
41830
41832
41833
41839
41840
41841
41842
41847
41848
41849
41852
41863
41870
41873
41875
41877
41880
41884
41886
41895
41896
41897
41899
41900
41903
41905
41906
41907
41915
41916
41917
41919
41921
41923
41924
41927
41931
41932
41933
41934
41935
41937
41942
41943
41946
41947
41950
41957
41959
41964
41967
41968
41970
41977
41978
41982
41983
41991
41994
42000
42001
42004
42008
42009
42010
42011
42014
42024
42027
42028
42031
42033
42035
42038
42040
42044
42045
42048
42049
42050
42053
42056
42063
42065
42066
42067
42071
42073
42076
42077
42079
42081
42086
42090
42093
42094
42095
42098
42099
42100
42101
42109
42110
42113
42124
42126
42127
42128
42129
42133
42134
42135
42139
42140
42147
42148
42149
42153
42155
42156
42157
42159
42160
42163
42164
42165
42166
42167
42168
42170
42172
42174
42175
42177
42180
42181
42182
42184
42185
42200
42204
42205
42207
42211
42212
42213
42214
42221
42222
42223
42227
42229
42235
42236
42238
42241
42242
42243
42247
42254
42255
42271
42272
42275
42277
42278
42285
42286
42288
42294
42299
42300
42301
42303
42308
42309
42314
42317
42318
42321
42322
42325
42326
42327
42328
42329
42330
42340
42341
42342
42344
42346
42347
42348
42350
42351
42354
42357
42358
42359
42360
42365
42366
42367
42370
42374
42386
42389
42390
42392
42393
42401
42402
42404
42406
42408
42409
42413
42414
42415
42416
42418
42421
42422
42424
42426
42433
42437
42438
42440
42442
42445
42447
42448
42449
42451
42457
42459
42460
42461
42462
42464
42465
42483
42484
42485
42486
42487
42488
42490
42496
42497
42498
42500
42504
42506
42512
42514
42520
42521
42522
42523
42524
42528
42529
42532
42533
42539
42547
42548
42550
42552
42553
42555
42562
42564
42567
42568
42569
42571
42573
42574
42577
42579
42580
42581
42586
42591
42592
42593
42598
42600
42601
42609
42610
42612
42614
42615
42616
42617
42620
42621
42622
42625
42626
42631
42633
42634
42636
42638
42642
42643
42645
42646
42647
42651
42663
42666
42669
42670
42675
42676
42678
42680
42681
42684
42690
42692
42693
42694
42695
42696
42699
42701
42702
42703
42708
42710
42712
42713
42714
42715
42720
42723
42724
42726
42727
42730
42733
42734
42735
42736
42737
42741
42743
42746
42747
42749
42753
42754
42756
42759
42760
42763
42764
42765
42766
42767
42770
42771
42772
42774
42776
42778
42781
42782
42785
42786
42790
42791
42792
42795
42796
42797
42806
42813
42814
42816
42818
42819
42820
42823
42826
42827
42828
42830
42835
42836
42837
42839
42840
42844
42847
42848
42853
42855
42858
42860
42863
42867
42868
42872
42879
42886
42887
42889
42891
42892
42893
42895
42896
42897
42902
42903
42904
42905
42906
42907
42910
42911
42912
42913
42914
42915
42921
42922
42924
42942
42943
42946
42950
42951
42953
42955
42957
42960
42966
42968
42973
42976
42977
42979
42983
42984
42985
42988
42990
42992
42993
42995
42997
43002
43003
43004
43008
43010
43016
43017
43018
43019
43026
43027
43029
43030
43033
43035
43037
43043
43047
43048
43049
43052
43053
43054
43055
43057
43059
43062
43063
43072
43075
43083
43089
43091
43093
43094
43095
43096
43098
43099
43100
43101
43102
43107
43110
43112
43115
43116
43117
43120
43121
43122
43123
43124
43129
43132
43135
43136
43144
43145
43149
43153
43157
43159
43160
43161
43162
43167
43168
43170
43171
43172
43174
43175
43176
43184
43185
43186
43192
43193
43194
43198
43199
43200
43201
43204
43206
43223
43227
43228
43230
43232
43234
43238
43239
43242
43244
43245
43248
43249
43251
43253
43257
43258
43259
43261
43263
43265
43266
43267
43268
43270
43272
43273
43274
43278
43282
43285
43287
43288
43291
43292
43293
43294
43296
43297
43298
43299
43304
43313
43314
43320
43334
43336
43339
43340
43346
43350
43351
43354
43355
43360
43362
43363
43365
43368
43370
43371
43373
43375
43376
43387
43388
43389
43390
43391
43392
43394
43395
43396
43397
43399
43400
43401
43405
43410
43411
43412
43420
43421
43428
43429
43430
43432
43436
43437
43438
43439
43444
43445
43447
43450
43452
43460
43461
43463
43466
43468
43472
43474
43475
43477
43478
43481
43483
43491
43492
43500
43501
43506
43508
43509
43512
43517
43521
43522
43525
43528
43530
43532
43535
43537
43540
43546
43547
43550
43552
43553
43554
43559
43560
43561
43562
43563
43565
43569
43571
43572
43573
43574
43585
43586
43590
43592
43593
43611
43612
43613
43616
43617
43623
43624
43626
43627
43631
43632
43638
43639
43640
43643
43644
43645
43647
43648
43669
43671
43672
43673
43674
43675
43676
43680
43681
43682
43689
43691
43693
43696
43698
43702
43703
43706
43712
43716
43717
43719
43725
43729
43736
43737
43739
43740
43741
43743
43745
43746
43749
43751
43752
43754
43755
43758
43759
43763
43764
43769
43773
43774
43777
43778
43785
43787
43790
43795
43803
43804
43805
43807
43808
43810
43813
43817
43828
43829
43840
43842
43846
43848
43849
43855
43856
43862
43863
43864
43867
43868
43869
43870
43884
43886
43888
43890
43894
43895
43896
43897
43901
43902
43905
43913
43914
43915
43917
43918
43920
43923
43926
43927
43945
43946
43952
43953
43955
43956
43958
43960
43963
43964
43965
43968
43969
43970
43974
43982
43985
43986
43987
43988
43989
43993
43994
43996
44000
44001
44003
44004
44005
44021
44022
44024
44025
44029
44030
44032
44045
44050
44051
44052
44054
44055
44061
44064
44065
44072
44073
44074
44077
44082
44083
44085
44088
44089
44090
44093
44095
44098
44105
44109
44110
44117
44118
44120
44122
44123
44126
44127
44128
44135
44136
44137
44138
44139
44144
44145
44147
44148
44149
44150
44151
44153
44155
44156
44161
44162
44165
44166
44167
44171
44174
44175
44176
44178
44180
44181
44182
44187
44191
44193
44194
44200
44201
44203
44222
44223
44227
44228
44229
44232
44233
44235
44238
44239
44242
44243
44245
44247
44249
44250
44251
44256
44258
44259
44264
44272
44273
44277
44278
44279
44282
44283
44288
44289
44291
44292
44298
44300
44307
44308
44311
44329
44331
44332
44337
44338
44345
44346
44347
44348
44352
44353
44354
44359
44362
44370
44371
44372
44375
44386
44387
44395
44396
44397
44399
44401
44404
44406
44407
44414
44415
44416
44417
44418
44423
44424
44429
44430
44432
44434
44442
44444
44455
44456
44459
44460
44463
44464
44468
44470
44474
44475
44477
44479
44480
44491
44495
44496
44504
44505
44507
44516
44519
44520
44524
44527
44528
44530
44531
44533
44535
44536
44538
44545
44546
44547
44549
44550
44559
44561
44565
44567
44568
44569
44573
44574
44575
44577
44580
44584
44588
44590
44591
44592
44593
44599
44600
44601
44602
44603
44611
44612
44614
44615
44626
44627
44629
44635
44637
44638
44639
44645
44646
44649
44651
44652
44663
44664
44672
44674
44676
44678
44680
44681
44683
44685
44689
44695
44696
44697
44702
44703
44707
44709
44710
44712
44713
44714
44724
44726
44727
44730
44731
44732
44736
44737
44740
44746
44747
44751
44752
44754
44755
44756
44768
44769
44772
44773
44779
44780
44783
44784
44794
44796
44804
44806
44807
44810
44811
44812
44813
44815
44816
44818
44822
44823
44824
44831
44832
44833
44839
44840
44841
44844
44850
44853
44856
44860
44861
44864
44865
44867
44868
44877
44879
44880
44882
44883
44888
44889
44891
44893
44894
44899
44900
44901
44902
44905
44907
44908
44909
44910
44912
44913
44914
44921
44923
44929
44930
44940
44941
44942
44943
44945
44946
44947
44949
44950
44954
44956
44961
44962
44966
44967
44968
44969
44973
44974
44977
44981
44982
44984
44986
44990
44991
44992
44993
44999
45000
45001
45003
45004
45005
45006
45008
45014
45021
45022
45023
45025
45028
45029
45030
45033
45036
45037
45039
45041
45042
45043
45046
45047
45048
45050
45051
45055
45057
45060
45061
45070
45071
45072
45075
45081
45086
45088
45090
45091
45094
45104
45105
45109
45111
45114
45115
45119
45120
45122
45133
45134
45140
45141
45145
45146
45152
45153
45155
45160
45161
45165
45166
45169
45170
45171
45179
45180
45181
45182
45184
45186
45189
45191
45198
45199
45200
45207
45208
45219
45220
45221
45226
45227
45231
45233
45243
45244
45246
45247
45248
45249
45251
45253
45255
45257
45258
45277
45278
45279
45280
45282
45283
45284
45285
45291
45292
45293
45298
45299
45300
45303
45307
45310
45313
45314
45316
45317
45318
45319
45320
45322
45326
45327
45329
45332
45334
45349
45351
45352
45356
45357
45358
45359
45361
45363
45366
45367
45378
45379
45382
45388
45391
45395
45398
45399
45403
45410
45411
45417
45418
45423
45429
45432
45433
45438
45440
45453
45454
45458
45460
45461
45462
45463
45464
45467
45468
45477
45478
45479
45484
45485
45490
45491
45499
45501
45508
45510
45521
45522
45523
45526
45527
45528
45529
45535
45537
45540
45541
45542
45549
45550
45553
45554
45556
45557
45558
45559
45568
45571
45573
45574
45579
45580
45581
45582
45584
45585
45587
45590
45592
45593
45599
45600
45603
45605
45606
45608
45611
45614
45618
45619
45624
45625
45627
45630
45633
45634
45637
45638
45639
45640
45641
45642
45643
45655
45656
45658
45659
45660
45663
45665
45666
45669
45675
45676
45679
45681
45685
45686
45687
45691
45692
45700
45701
45703
45706
45708
45710
45711
45715
45717
45733
45735
45736
45737
45741
45742
45745
45750
45751
45754
45756
45761
45762
45767
45769
45770
45771
45777
45778
45779
45780
45785
45787
45794
45800
45810
45811
45814
45815
45819
45820
45821
45830
45831
45832
45833
45835
45836
45846
45847
45850
45851
45855
45856
45858
45860
45861
45863
45864
45867
45870
45876
45878
45879
45886
45887
45889
45890
45892
45895
45896
45901
45902
45903
45907
45908
45910
45911
45920
45929
45933
45941
45946
45948
45952
45954
45955
45956
45957
45958
45960
45961
45965
45966
45967
45969
45974
45976
45980
45983
45985
45992
45995
46008
46009
46010
46011
46014
46015
46016
46021
46022
46023
46026
46028
46029
46030
46032
46033
46045
46047
46049
46056
46060
46061
46062
46066
46067
46071
46075
46076
46077
46078
46079
46080
46084
46085
46086
46092
46100
46101
46106
46107
46110
46111
46112
46115
46116
46117
46129
46131
46133
46135
46139
46140
46141
46144
46145
46146
46148
46149
46150
46154
46155
46159
46160
46166
46168
46169
46171
46172
46174
46175
46176
46177
46185
46187
46188
46190
46192
46197
46198
46203
46204
46205
46207
46210
46220
46222
46225
46228
46229
46230
46232
46235
46236
46237
46242
46244
46247
46248
46249
46250
46251
46253
46257
46260
46261
46268
46272
46277
46280
46281
46282
46286
46292
46293
46300
46301
46303
46304
46306
46308
46311
46312
46314
46322
46324
46326
46334
46337
46343
46344
46355
46358
46359
46360
46361
46366
46371
46377
46379
46380
46388
46392
46393
46394
46395
46396
46402
46403
46406
46409
46410
46413
46416
46418
46419
46421
46423
46425
46426
46427
46431
46432
46436
46438
46441
46442
46443
46444
46448
46449
46451
46454
46459
46460
46467
46468
46469
46472
46474
46475
46482
46484
46486
46487
46492
46495
46496
46497
46499
46500
46501
46503
46504
46505
46508
46509
46512
46513
46515
46517
46518
46519
46520
46527
46528
46529
46530
46531
46532
46534
46537
46538
46539
46540
46541
46545
46549
46550
46551
46552
46554
46555
46556
46559
46561
46564
46565
46566
46567
46568
46569
46571
46575
46576
46577
46581
46582
46583
46584
46588
46589
46591
46593
46594
46602
46603
46607
46612
46613
46620
46621
46626
46627
46632
46633
46634
46636
46639
46640
46641
46644
46648
46649
46650
46651
46655
46656
46657
46665
46667
46676
46677
46678
46680
46682
46684
46686
46687
46691
46692
46693
46694
46696
46698
46699
46700
46706
46713
46715
46716
46717
46719
46721
46722
46729
46730
46731
46732
46735
46738
46739
46740
46746
46747
46748
46749
46753
46754
46757
46758
46759
46760
46764
46765
46769
46770
46772
46774
46778
46780
46782
46793
46798
46802
46803
46810
46811
46816
46817
46818
46820
46821
46822
46824
46825
46828
46829
46830
46831
46833
46834
46835
46836
46837
46838
46839
46840
46841
46843
46844
46847
46849
46852
46853
46854
46858
46859
46865
46866
46867
46868
46870
46871
46879
46882
46883
46884
46886
46889
46892
46894
46902
46904
46908
46909
46913
46914
46915
46916
46920
46921
46927
46934
46935
46936
46937
46938
46939
46940
46941
46943
46944
46945
46946
46947
46953
46954
46956
46959
46960
46965
46966
46968
46971
46974
46977
46983
46987
46990
46991
46993
46995
46996
46997
46999
47005
47006
47009
47011
47015
47017
47018
47019
47020
47023
47024
47026
47027
47030
47032
47034
47035
47037
47038
47042
47044
47047
47048
47049
47050
47058
47059
47062
47063
47064
47076
47077
47078
47080
47081
47082
47083
47086
47088
47091
47092
47093
47095
47096
47097
47098
47107
47108
47110
47118
47119
47120
47122
47123
47124
47125
47126
47132
47135
47136
47140
47141
47144
47145
47147
47148
47152
47153
47155
47156
47159
47161
47164
47167
47169
47170
47171
47178
47181
47185
47188
47189
47195
47199
47200
47201
47202
47204
47206
47211
47212
47213
47214
47215
47216
47217
47218
47219
47220
47224
47231
47232
47233
47242
47243
47248
47249
47250
47254
47260
47261
47263
47265
47268
47271
47275
47276
47282
47283
47286
47290
47291
47292
47296
47298
47299
47301
47302
47303
47306
47307
47308
47309
47312
47313
47316
47319
47320
47325
47327
47328
47329
47330
47331
47339
47348
47349
47351
47352
47353
47357
47362
47365
47368
47369
47370
47371
47372
47373
47375
47376
47384
47387
47388
47391
47392
47394
47398
47399
47405
47406
47410
47412
47415
47418
47421
47422
47424
47425
47430
47431
47432
47440
47441
47445
47446
47448
47449
47450
47453
47455
47458
47463
47470
47471
47472
47476
47477
47482
47484
47485
47500
47501
47508
47511
47512
47517
47518
47524
47528
47529
47531
47532
47535
47536
47537
47538
47540
47541
47542
47545
47559
47560
47561
47562
47566
47573
47574
47575
47576
47578
47579
47581
47582
47586
47588
47591
47594
47595
47604
47605
47608
47615
47616
47617
47619
47622
47623
47628
47632
47633
47634
47637
47640
47642
47650
47651
47653
47656
47657
47661
47662
47664
47667
47668
47669
47671
47672
47676
47686
47687
47688
47689
47690
47692
47693
47696
47708
47709
47716
47717
47722
47723
47724
47727
47730
47733
47734
47744
47745
47746
47747
47749
47759
47761
47762
47777
47778
47779
47785
47786
47787
47788
47789
47794
47795
47801
47804
47805
47809
47810
47811
47813
47815
47816
47817
47820
47821
47822
47823
47826
47827
47828
47829
47830
47838
47839
47840
47841
47843
47856
47857
47858
47862
47863
47866
47867
47871
47872
47878
47880
47881
47883
47888
47895
47896
47899
47900
47906
47910
47912
47913
47917
47918
47922
47923
47925
47927
47930
47932
47933
47939
47942
47943
47947
47948
47950
47951
47952
47956
47968
47969
47972
47973
47992
47995
48001
48006
48008
48009
48011
48014
48016
48017
48021
48022
48023
48025
48027
48028
48037
48039
48040
48043
48044
48056
48059
48060
48061
48071
48081
48082
48089
48090
48091
48094
48095
48096
48098
48103
48104
48105
48106
48107
48121
48122
48133
48137
48140
48148
48150
48151
48152
48155
48159
48160
48161
48165
48167
48168
48169
48172
48173
48177
48185
48193
48200
48202
48204
48206
48216
48217
48224
48225
48226
48227
48229
48233
48234
48235
48236
48237
48241
48242
48245
48250
48259
48260
48271
48272
48278
48279
48280
48288
48289
48291
48295
48296
48298
48302
48306
48314
48315
48316
48320
48323
48327
48328
48329
48330
48336
48337
48338
48349
48353
48354
48358
48359
48362
48363
48368
48369
48370
48372
48373
48375
48378
48379
48380
48396
48397
48398
48401
48402
48406
48407
48411
48412
48414
48418
48419
48429
48432
48433
48436
48445
48446
48447
48448
48450
48451
48452
48453
48455
48457
48459
48462
48463
48464
48469
48477
48482
48500
48501
48503
48504
48506
48507
48512
48514
48517
48527
48535
48536
48540
48541
48542
48549
48550
48551
48552
48553
48554
48557
48558
48561
48562
48563
48564
48568
48569
48575
48577
48578
48579
48580
48583
48591
48592
48597
48600
48603
48604
48606
48607
48610
48611
48613
48623
48630
48631
48636
48639
48640
48645
48648
48649
48651
48653
48655
48656
48657
48659
48660
48661
48673
48674
48676
48679
48680
48681
48684
48685
48691
48692
48697
48698
48699
48703
48704
48706
48709
48711
48713
48716
48717
48722
48724
48726
48727
48728
48731
48732
48734
48736
48746
48747
48759
48762
48763
48774
48776
48779
48780
48784
48785
48786
48789
48790
48794
48795
48797
48799
48800
48807
48810
48812
48817
48818
48819
48826
48827
48828
48830
48834
48836
48858
48860
48861
48866
48867
48876
48877
48880
48881
48882
48883
48885
48886
48887
48890
48894
48895
48899
48900
48901
48902
48911
48913
48916
48917
48921
48922
48925
48926
48928
48929
48930
48936
48937
48938
48946
48947
48950
48951
48953
48955
48957
48958
48961
48962
48966
48967
48968
48971
48973
48976
48985
48987
48988
48989
48991
48992
48993
48995
48999
49000
49001
49002
49003
49012
49013
49020
49021
49022
49032
49033
49034
49036
49037
49038
49039
49046
49047
49049
49050
49051
49055
49058
49059
49060
49061
49063
49066
49068
49070
49073
49075
49077
49081
49082
49084
49087
49089
49099
49100
49105
49106
49109
49111
49112
49117
49118
49132
49136
49141
49142
49144
49147
49148
49149
49154
49159
49161
49162
49167
49168
49172
49174
49175
49176
49178
49179
49181
49182
49186
49187
49188
49191
49193
49200
49201
49202
49204
49205
49207
49208
49216
49218
49223
49226
49227
49231
49234
49235
49236
49237
49244
49245
49249
49250
49254
49255
49262
49264
49266
49267
49269
49271
49272
49276
49277
49280
49281
49282
49296
49300
49309
49310
49311
49312
49317
49324
49333
49334
49335
49336
49337
49339
49343
49345
49347
49349
49350
49354
49357
49359
49364
49366
49380
49382
49387
49390
49392
49395
49397
49404
49405
49406
49407
49408
49410
49415
49416
49417
49418
49424
49425
49426
49431
49436
49438
49444
49445
49449
49451
49453
49455
49458
49459
49463
49464
49466
49467
49468
49471
49472
49473
49474
49475
49477
49478
49480
49482
49483
49484
49485
49487
49488
49489
49494
49495
49500
49501
49502
49503
49504
49505
49506
49507
49511
49513
49514
49519
49520
49521
49523
49524
49529
49530
49532
49538
49540
49542
49546
49547
49548
49557
49558
49561
49562
49572
49578
49580
49581
49589
49590
49594
49595
49600
49601
49602
49603
49605
49606
49614
49615
49616
49620
49622
49628
49632
49635
49636
49638
49639
49642
49643
49644
49646
49650
49652
49657
49658
49661
49667
49670
49673
49674
49676
49677
49678
49679
49680
49682
49684
49689
49690
49691
49693
49703
49704
49707
49708
49714
49715
49718
49719
49724
49725
49732
49734
49735
49739
49742
49750
49753
49754
49758
49762
49763
49764
49765
49766
49776
49777
49782
49783
49784
49787
49788
49790
49796
49797
49798
49799
49801
49806
49807
49808
49814
49816
49817
49822
49825
49838
49839
49846
49847
49850
49854
49855
49856
49858
49864
49865
49866
49868
49869
49870
49872
49879
49881
49882
49884
49891
49893
49897
49900
49901
49905
49907
49908
49909
49910
49913
49914
49915
49916
49922
49923
49927
49928
49929
49933
49936
49939
49940
49944
49948
49949
49951
49953
49954
49955
49956
49958
49960
49961
49962
49963
49964
49968
49970
49971
49972
49973
49974
49975
49976
49977
49980
49982
49984
49985
49995
49996
50001
50002
50011
50012
50013
50016
50019
50023
50024
50025
50026
50030
50039
50040
50044
50045
50046
50047
50050
50052
50054
50059
50061
50062
50064
50076
50079
50088
50089
50091
50092
50095
50099
50103
50105
50106
50109
50110
50111
50112
50116
50117
50120
50121
50123
50124
50130
50133
50135
50141
50142
50143
50147
50148
50149
50156
50157
50158
50165
50168
50170
50174
50175
50176
50177
50178
50181
50183
50191
50200
50201
50202
50203
50204
50206
50207
50208
50210
50211
50212
50219
50221
50222
50223
50224
50225
50227
50229
50230
50235
50237
50242
50243
50246
50250
50251
50252
50253
50254
50257
50260
50278
50280
50284
50285
50286
50290
50294
50296
50300
50301
50304
50305
50306
50307
50308
50309
50310
50314
50315
50321
50323
50326
50327
50330
50331
50332
50333
50334
50336
50337
50339
50341
50343
50344
50346
50353
50354
50355
50356
50372
50375
50377
50378
50380
50384
50385
50386
50388
50391
50392
50393
50394
50398
50399
50404
50405
50408
50410
50411
50417
50418
50420
50421
50422
50423
50426
50428
50429
50430
50431
50432
50433
50435
50436
50440
50441
50443
50445
50446
50448
50449
50459
50460
50470
50471
50474
50475
50476
50478
50480
50483
50486
50487
50489
50490
50491
50492
50499
50505
50506
50507
50509
50510
50512
50519
50520
50526
50527
50534
50537
50546
50555
50556
50559
50560
50561
50562
50563
50565
50572
50573
50574
50575
50576
50585
50586
50587
50595
50599
50602
50604
50609
50610
50611
50612
50617
50618
50623
50627
50628
50640
50645
50646
50647
50648
50649
50653
50654
50655
50657
50658
50663
50664
50665
50666
50680
50681
50683
50684
50685
50694
50695
50696
50698
50700
50701
50704
50705
50706
50709
50710
50711
50712
50716
50721
50724
50725
50726
50729
50730
50731
50742
50743
50745
50746
50747
50749
50751
50755
50756
50757
50758
50761
50764
50766
50767
50768
50769
50776
50778
50786
50787
50789
50791
50799
50800
50803
50804
50810
50813
50814
50823
50824
50825
50829
50836
50837
50842
50844
50845
50851
50852
50853
50856
50857
50862
50868
50869
50870
50871
50872
50889
50890
50896
50903
50911
50912
50916
50918
50919
50920
50921
50922
50925
50927
50928
50930
50932
50933
50936
50938
50940
50941
50943
50944
50945
50946
50949
50950
50957
50958
50959
50960
50962
50963
50971
50973
50976
50977
50979
50980
50981
50999
51001
51003
51004
51007
51008
51014
51017
51018
51021
51023
51025
51026
51027
51030
51031
51038
51039
51042
51043
51053
51055
51056
51057
51063
51067
51070
51071
51072
51073
51080
51082
51083
51087
51088
51089
51091
51093
51094
51099
51100
51106
51107
51108
51109
51114
51118
51119
51122
51123
51124
51125
51133
51135
51138
51139
51140
51141
51163
51164
51166
51168
51171
51172
51173
51180
51181
51182
51184
51185
51186
51189
51193
51194
51195
51196
51200
51201
51202
51203
51204
51206
51208
51209
51211
51212
51215
51216
51218
51220
51224
51225
51226
51227
51232
51233
51234
51236
51237
51240
51254
51256
51258
51259
51260
51261
51262
51265
51266
51270
51272
51273
51274
51275
51277
51278
51279
51283
51291
51293
51295
51298
51300
51301
51302
51304
51306
51308
51309
51310
51315
51317
51320
51326
51327
51328
51333
51334
51335
51336
51337
51340
51341
51342
51343
51347
51348
51349
51351
51356
51358
51359
51360
51362
51363
51364
51366
51367
51368
51370
51371
51376
51378
51379
51382
51383
51385
51387
51388
51389
51390
51392
51394
51396
51401
51402
51403
51404
51405
51406
51407
51411
51412
51415
51438
51439
51447
51451
51452
51459
51460
51461
51462
51463
51464
51476
51480
51482
51483
51485
51489
51490
51492
51495
51497
51499
51502
51509
51512
51516
51527
51528
51529
51530
51535
51538
51540
51541
51544
51548
51553
51554
51556
51559
51560
51571
51572
51573
51574
51576
51578
51579
51581
51583
51584
51594
51595
51596
51598
51599
51603
51613
51614
51618
51619
51620
51627
51629
51630
51631
51632
51635
51637
51639
51642
51645
51647
51648
51653
51657
51660
51667
51668
51669
51671
51673
51680
51681
51683
51686
51687
51688
51692
51693
51694
51708
51716
51717
51718
51722
51724
51725
51728
51729
51730
51731
51732
51736
51737
51745
51746
51751
51752
51753
51757
51758
51759
51761
51762
51763
51764
51767
51771
51772
51773
51775
51777
51783
51786
51789
51792
51793
51801
51802
51803
51804
51807
51816
51818
51821
51827
51831
51832
51835
51837
51850
51851
51853
51855
51857
51858
51859
51861
51862
51868
51870
51871
51873
51874
51875
51877
51883
51890
51897
51898
51899
51900
51903
51904
51905
51907
51909
51910
51911
51912
51913
51914
51917
51923
51924
51925
51927
51928
51939
51940
51941
51947
51950
51952
51953
51957
51958
51960
51961
51964
51969
51970
51971
51977
51978
51983
51984
51985
51994
51996
51997
51998
51999
52000
52002
52003
52007
52008
52009
52013
52014
52022
52023
52030
52031
52033
52034
52037
52038
52040
52041
52050
52051
52052
52053
52054
52055
52060
52064
52066
52067
52071
52072
52078
52082
52083
52084
52093
52094
52097
52104
52109
52112
52113
52115
52118
52119
52124
52136
52137
52138
52140
52141
52144
52147
52148
52149
52151
52153
52158
52159
52160
52162
52163
52166
52167
52169
52170
52174
52178
52180
52183
52185
52190
52191
52194
52195
52200
52202
52203
52204
52207
52211
52212
52215
52216
52220
52221
52225
52228
52229
52230
52239
52240
52242
52245
52246
52254
52255
52262
52263
52264
52267
52269
52271
52272
52275
52279
52280
52281
52282
52287
52290
52291
52298
52299
52305
52306
52307
52310
52311
52314
52315
52317
52318
52322
52323
52324
52327
52333
52336
52337
52339
52340
52342
52344
52356
52361
52362
52363
52370
52374
52375
52376
52386
52387
52388
52391
52392
52394
52396
52399
52401
52403
52404
52413
52417
52418
52426
52429
52430
52431
52434
52435
52439
52440
52443
52444
52452
52453
52454
52455
52456
52460
52462
52463
52467
52469
52470
52471
52473
52477
52478
52480
52481
52484
52486
52487
52489
52491
52493
52497
52498
52504
52505
52516
52517
52519
52522
52523
52527
52528
52531
52533
52534
52539
52544
52546
52550
52551
52552
52553
52555
52556
52558
52560
52564
52565
52567
52569
52571
52572
52582
52583
52599
52600
52601
52610
52611
52612
52613
52616
52617
52620
52624
52627
52633
52637
52639
52641
52642
52647
52649
52650
52653
52669
52670
52671
52673
52676
52680
52681
52684
52685
52690
52692
52703
52706
52718
52719
52723
52724
52738
52744
52749
52750
52751
52752
52753
52760
52762
52766
52769
52771
52774
52775
52776
52777
52782
52783
52784
52786
52789
52795
52797
52800
52806
52809
52810
52814
52815
52816
52818
52821
52830
52832
52833
52834
52835
52836
52837
52840
52842
52843
52844
52845
52846
52848
52849
52860
52861
52862
52866
52867
52869
52878
52886
52887
52889
52890
52892
52893
52895
52897
52898
52899
52900
52902
52903
52904
52912
52915
52919
52931
52932
52933
52935
52946
52947
52949
52950
52957
52958
52961
52962
52963
52967
52969
52972
52973
52979
52981
52982
52983
52992
52995
52996
52999
53000
53001
53007
53015
53016
53019
53020
53021
53022
53023
53026
53038
53039
53047
53050
53051
53053
53054
53055
53056
53060
53063
53064
53065
53066
53072
53073
53074
53076
53080
53083
53087
53088
53090
53091
53092
53094
53096
53098
53099
53100
53102
53103
53105
53106
53108
53116
53118
53119
53120
53123
53124
53125
53129
53133
53134
53139
53146
53148
53149
53150
53153
53154
53155
53163
53164
53165
53166
53169
53170
53172
53177
53178
53179
53191
53205
53206
53208
53209
53210
53212
53214
53215
53220
53221
53225
53227
53236
53237
53240
53245
53246
53248
53250
53256
53257
53265
53266
53267
53269
53270
53271
53274
53275
53276
53282
53283
53284
53292
53293
53296
53297
53301
53302
53303
53308
53309
53310
53311
53320
53321
53326
53329
53336
53337
53339
53341
53348
53349
53351
53352
53353
53357
53358
53359
53361
53362
53363
53364
53366
53371
53372
53377
53378
53388
53389
53391
53392
53393
53394
53395
53400
53406
53409
53415
53419
53420
53421
53422
53423
53424
53427
53428
53429
53438
53439
53440
53442
53446
53448
53449
53454
53455
53456
53457
53458
53459
53462
53463
53464
53465
53469
53470
53471
53472
53476
53482
53483
53488
53489
53490
53492
53497
53498
53502
53503
53504
53505
53506
53507
53508
53513
53514
53516
53517
53522
53525
53528
53534
53542
53543
53544
53549
53551
53553
53554
53558
53559
53565
53567
53569
53570
53573
53574
53585
53586
53587
53589
53596
53599
53604
53605
53606
53612
53613
53616
53618
53621
53622
53625
53626
53627
53631
53637
53640
53646
53647
53648
53653
53656
53657
53658
53660
53661
53665
53666
53675
53676
53677
53678
53679
53680
53686
53689
53696
53701
53702
53703
53705
53708
53709
53710
53715
53718
53723
53727
53728
53734
53735
53736
53739
53753
53759
53760
53763
53764
53768
53769
53776
53777
53783
53784
53785
53789
53790
53793
53794
53797
53799
53802
53805
53812
53824
53825
53827
53828
53829
53831
53842
53843
53844
53848
53849
53851
53861
53862
53865
53868
53869
53873
53875
53884
53885
53889
53890
53894
53895
53898
53899
53904
53905
53906
53907
53908
53914
53915
53917
53924
53927
53928
53930
53931
53932
53950
53951
53952
53957
53958
53959
53960
53961
53964
53965
53966
53970
53971
53973
53978
53981
53982
53988
53992
53994
53995
54000
54005
54016
54018
54019
54023
54027
54028
54031
54032
54035
54037
54038
54041
54051
54054
54065
54067
54070
54071
54073
54074
54075
54078
54079
54082
54089
54093
54094
54095
54096
54101
54102
54106
54108
54113
54115
54117
54119
54123
54124
54127
54136
54140
54142
54145
54146
54150
54152
54158
54161
54163
54164
54166
54167
54172
54173
54174
54177
54178
54179
54180
54181
54186
54187
54189
54190
54194
54195
54196
54201
54202
54204
54205
54209
54210
54218
54219
54220
54221
54222
54228
54233
54234
54236
54247
54248
54249
54254
54258
54261
54265
54270
54272
54273
54277
54280
54281
54298
54300
54304
54305
54310
54313
54315
54318
54324
54325
54329
54331
54334
54335
54343
54344
54345
54347
54349
54350
54352
54355
54370
54371
54379
54380
54382
54383
54384
54387
54388
54389
54390
54393
54394
54398
54399
54400
54408
54414
54417
54420
54421
54422
54427
54433
54434
54436
54439
54446
54447
54449
54450
54451
54454
54455
54457
54463
54464
54466
54467
54473
54474
54476
54477
54479
54480
54481
54483
54484
54486
54488
54491
54492
54493
54495
54498
54499
54505
54506
54512
54513
54514
54515
54521
54529
54530
54531
54533
54538
54541
54547
54548
54551
54554
54555
54560
54561
54563
54564
54575
54577
54578
54583
54590
54592
54594
54601
54602
54606
54607
54611
54612
54613
54614
54620
54625
54628
54632
54639
54640
54641
54642
54646
54653
54654
54655
54656
54659
54664
54671
54672
54673
54675
54676
54678
54679
54680
54685
54686
54687
54688
54692
54693
54694
54697
54698
54699
54704
54705
54706
54710
54723
54724
54732
54733
54740
54741
54743
54745
54746
54747
54751
54752
54755
54756
54757
54759
54761
54762
54763
54766
54767
54768
54783
54792
54793
54794
54798
54799
54800
54803
54806
54807
54809
54810
54811
54812
54813
54814
54816
54818
54819
54820
54823
54827
54830
54831
54835
54836
54837
54838
54840
54841
54848
54849
54850
54851
54861
54865
54867
54869
54870
54875
54877
54878
54893
54894
54897
54898
54899
54902
54909
54911
54912
54916
54917
54918
54919
54923
54930
54931
54932
54934
54936
54941
54943
54948
54958
54959
54960
54964
54969
54973
54974
54977
54978
54979
54981
54986
54987
54988
54991
54994
54995
54998
55000
55001
55006
55007
55010
55013
55014
55017
55018
55020
55025
55026
55028
55030
55031
55032
55034
55035
55036
55037
55043
55044
55048
55050
55051
55054
55055
55057
55062
55063
55064
55070
55071
55077
55078
55079
55081
55083
55084
55090
55091
55092
55093
55094
55096
55099
55104
55107
55109
55110
55115
55116
55117
55120
55121
55124
55128
55139
55140
55141
55144
55145
55146
55150
55151
55152
55154
55155
55163
55164
55168
55169
55170
55171
55174
55175
55176
55180
55181
55182
55183
55184
55188
55190
55191
55192
55193
55202
55203
55204
55205
55210
55211
55212
55214
55215
55216
55217
55219
55220
55222
55223
55224
55231
55232
55235
55236
55238
55241
55242
55245
55246
55247
55250
55252
55255
55258
55262
55263
55266
55267
55268
55271
55272
55273
55274
55275
55278
55283
55284
55289
55294
55295
55297
55300
55301
55305
55306
55309
55310
55311
55318
55319
55320
55321
55323
55324
55325
55328
55329
55330
55334
55339
55340
55341
55343
55344
55347
55348
55350
55351
55355
55359
55360
55371
55372
55373
55374
55378
55385
55386
55387
55392
55393
55394
55397
55398
55401
55415
55416
55423
55425
55426
55428
55429
55431
55436
55437
55440
55441
55446
55448
55449
55450
55466
55468
55475
55476
55479
55480
55483
55484
55490
55495
55499
55500
55501
55504
55505
55508
55509
55514
55515
55518
55519
55520
55521
55522
55524
55527
55528
55529
55531
55532
55539
55540
55545
55547
55548
55552
55553
55554
55555
55562
55563
55566
55567
55568
55571
55572
55574
55575
55576
55578
55579
55580
55582
55583
55586
55587
55595
55596
55606
55609
55610
55611
55614
55615
55616
55619
55622
55627
55629
55632
55633
55634
55635
55637
55646
55647
55648
55649
55652
55656
55659
55664
55665
55666
55672
55673
55675
55678
55680
55681
55692
55694
55702
55703
55705
55706
55708
55712
55717
55718
55721
55725
55727
55733
55743
55744
55745
55748
55752
55754
55756
55757
55767
55768
55769
55772
55779
55780
55781
55782
55785
55786
55791
55793
55794
55795
55797
55798
55799
55800
55801
55806
55808
55809
55818
55819
55822
55824
55829
55839
55840
55843
55848
55849
55853
55854
55856
55857
55858
55859
55860
55863
55864
55872
55873
55877
55878
55879
55881
55882
55884
55885
55889
55890
55893
55897
55899
55901
55904
55907
55908
55913
55914
55915
55921
55922
55923
55924
55929
55933
55934
55935
55936
55937
55938
55939
55941
55942
55943
55949
55950
55951
55956
55958
55959
55960
55961
55962
55965
55966
55967
55968
55969
55970
55971
55979
55980
55982
55985
55986
55989
55990
55991
55996
55997
55998
56000
56003
56004
56005
56006
56010
56012
56013
56021
56023
56024
56025
56029
56031
56033
56034
56041
56047
56048
56049
56057
56062
56063
56069
56070
56071
56072
56073
56074
56077
56078
56081
56089
56095
56096
56098
56100
56101
56106
56108
56111
56112
56113
56116
56117
56119
56120
56123
56124
56130
56132
56137
56139
56141
56143
56145
56152
56153
56154
56158
56159
56160
56163
56168
56170
56178
56179
56180
56183
56184
56185
56189
56197
56199
56202
56203
56210
56214
56215
56216
56233
56234
56235
56240
56241
56242
56243
56244
56249
56252
56253
56259
56262
56265
56266
56268
56269
56270
56271
56274
56276
56277
56278
56282
56283
56289
56290
56298
56299
56310
56311
56313
56318
56319
56321
56322
56324
56328
56329
56332
56334
56335
56339
56340
56350
56352
56358
56359
56360
56366
56369
56370
56373
56375
56379
56383
56385
56388
56389
56393
56394
56396
56407
56409
56420
56421
56422
56424
56425
56426
56429
56430
56434
56435
56440
56443
56444
56445
56447
56452
56453
56455
56457
56463
56464
56465
56466
56473
56476
56479
56480
56486
56487
56493
56494
56511
56513
56514
56516
56526
56527
56528
56529
56536
56537
56539
56540
56541
56542
56543
56544
56548
56551
56552
56553
56567
56573
56574
56575
56576
56580
56581
56590
56594
56596
56597
56599
56605
56606
56607
56608
56610
56620
56621
56627
56629
56635
56636
56649
56652
56656
56660
56662
56663
56664
56666
56667
56668
56670
56673
56674
56675
56682
56683
56685
56686
56687
56688
56699
56700
56702
56703
56706
56708
56710
56712
56720
56721
56723
56724
56729
56730
56733
56734
56740
56746
56747
56748
56749
56751
56752
56762
56763
56770
56772
56788
56789
56790
56792
56793
56794
56795
56798
56799
56805
56806
56810
56811
56815
56816
56821
56822
56824
56828
56830
56843
56850
56856
56858
56866
56867
56870
56872
56873
56876
56884
56885
56888
56895
56896
56897
56898
56902
56903
56904
56906
56910
56911
56913
56914
56915
56916
56917
56925
56926
56929
56932
56933
56940
56941
56943
56944
56947
56950
56951
56952
56957
56960
56962
56964
56965
56976
56978
56981
56982
56983
56984
56985
56988
56989
56998
56999
57002
57010
57011
57012
57013
57014
57021
57022
57026
57028
57030
57031
57037
57039
57040
57047
57049
57053
57055
57056
57065
57071
57073
57074
57077
57080
57081
57082
57086
57089
57092
57093
57094
57095
57100
57105
57108
57109
57115
57116
57117
57123
57124
57133
57135
57138
57139
57142
57144
57145
57146
57149
57151
57152
57153
57163
57164
57165
57168
57169
57170
57171
57173
57180
57182
57183
57185
57189
57190
57191
57193
57194
57195
57196
57199
57201
57203
57204
57205
57208
57210
57221
57222
57223
57224
57225
57230
57231
57232
57234
57235
57236
57241
57244
57245
57246
57247
57248
57253
57256
57259
57265
57266
57275
57278
57280
57282
57283
57284
57289
57290
57291
57297
57298
57299
57300
57301
57302
57305
57313
57315
57324
57325
57327
57328
57330
57332
57333
57334
57335
57336
57342
57344
57348
57350
57352
57353
57354
57357
57359
57361
57362
57363
57368
57369
57371
57373
57374
57375
57383
57385
57386
57391
57393
57394
57405
57406
57407
57409
57412
57414
57415
57416
57419
57420
57422
57426
57427
57428
57431
57436
57437
57442
57444
57445
57447
57448
57450
57453
57457
57458
57459
57462
57465
57466
57469
57470
57472
57473
57475
57478
57479
57481
57482
57485
57486
57487
57491
57497
57500
57502
57503
57504
57510
57511
57521
57524
57525
57527
57528
57531
57533
57535
57536
57540
57541
57553
57554
57556
57558
57559
57564
57565
57566
57572
57573
57574
57582
57586
57590
57591
57592
57602
57605
57607
57608
57609
57612
57613
57620
57621
57626
57628
57631
57634
57637
57638
57639
57641
57642
57647
57648
57649
57651
57652
57653
57654
57660
57661
57664
57665
57666
57667
57669
57672
57673
57674
57675
57676
57684
57687
57690
57691
57694
57695
57696
57697
57700
57702
57704
57705
57708
57710
57712
57714
57722
57723
57724
57726
57727
57728
57730
57734
57736
57741
57743
57746
57747
57748
57751
57752
57753
57756
57757
57758
57760
57761
57763
57764
57767
57768
57774
57777
57778
57781
57783
57791
57796
57797
57804
57805
57806
57807
57810
57811
57812
57817
57821
57822
57833
57835
57839
57840
57841
57842
57843
57846
57847
57848
57849
57852
57853
57854
57860
57861
57862
57863
57871
57872
57873
57874
57875
57879
57882
57883
57886
57904
57905
57909
57911
57914
57916
57917
57918
57920
57921
57922
57924
57926
57927
57928
57930
57931
57941
57942
57943
57945
57949
57950
57952
57954
57955
57956
57959
57960
57966
57969
57972
57974
57978
57979
57980
57986
57987
57990
57993
57994
57995
57996
57998
58001
58002
58003
58011
58013
58015
58018
58019
58021
58026
58027
58028
58033
58035
58037
58039
58040
58044
58047
58052
58053
58055
58060
58061
58062
58064
58068
58073
58074
58076
58077
58081
58083
58084
58085
58088
58091
58094
58096
58097
58105
58106
58107
58108
58110
58111
58112
58116
58117
58121
58122
58123
58124
58126
58129
58132
58133
58134
58150
58152
58156
58158
58159
58162
58164
58165
58171
58172
58184
58187
58188
58191
58193
58196
58197
58200
58203
58206
58212
58213
58217
58218
58220
58221
58222
58227
58228
58229
58230
58231
58234
58244
58245
58248
58249
58250
58252
58263
58267
58272
58275
58276
58277
58279
58280
58281
58282
58285
58286
58289
58291
58292
58293
58294
58296
58298
58305
58306
58307
58308
58309
58311
58315
58316
58317
58321
58322
58323
58325
58330
58331
58334
58340
58345
58346
58353
58354
58360
58365
58368
58371
58372
58380
58381
58382
58386
58389
58390
58391
58393
58394
58398
58399
58401
58402
58403
58404
58408
58411
58420
58421
58425
58426
58427
58428
58432
58435
58437
58438
58439
58441
58442
58452
58453
58458
58459
58461
58462
58463
58464
58466
58467
58468
58470
58475
58476
58477
58478
58481
58482
58489
58490
58494
58495
58496
58499
58504
58505
58509
58510
58511
58512
58513
58516
58517
58521
58527
58530
58531
58532
58533
58534
58543
58544
58546
58549
58551
58552
58554
58555
58559
58561
58564
58565
58568
58571
58572
58575
58578
58579
58580
58581
58582
58583
58585
58586
58587
58588
58595
58596
58597
58598
58602
58607
58620
58621
58622
58631
58632
58637
58638
58641
58642
58649
58656
58657
58660
58662
58663
58667
58668
58675
58676
58677
58678
58681
58684
58697
58698
58702
58703
58709
58712
58714
58716
58717
58735
58737
58738
58741
58742
58743
58745
58746
58747
58748
58749
58750
58751
58752
58762
58763
58764
58765
58766
58767
58773
58776
58778
58781
58789
58790
58793
58794
58795
58796
58798
58802
58803
58808
58810
58812
58813
58820
58821
58823
58824
58825
58829
58830
58831
58832
58839
58840
58845
58848
58850
58851
58852
58855
58857
58858
58860
58861
58864
58865
58866
58872
58873
58874
58876
58877
58878
58883
58886
58887
58897
58898
58903
58904
58912
58913
58914
58916
58918
58926
58927
58928
58929
58930
58931
58932
58937
58938
58940
58949
58950
58951
58952
58958
58959
58974
58975
58980
58981
58982
58986
58988
58991
58992
58993
58994
58995
58996
59003
59004
59005
59006
59007
59012
59018
59022
59023
59035
59037
59040
59041
59042
59044
59045
59050
59051
59052
59055
59057
59058
59059
59061
59062
59063
59065
59066
59069
59070
59072
59074
59076
59079
59080
59081
59082
59083
59084
59085
59086
59089
59090
59097
59098
59100
59102
59103
59116
59118
59119
59121
59124
59125
59126
59133
59138
59141
59143
59144
59145
59160
59161
59162
59165
59166
59175
59180
59183
59190
59195
59204
59205
59209
59215
59216
59217
59223
59224
59226
59227
59228
59229
59237
59238
59245
59246
59248
59249
59257
59259
59264
59265
59268
59269
59281
59283
59285
59286
59287
59293
59296
59297
59300
59301
59309
59311
59312
59314
59315
59319
59320
59322
59327
59331
59332
59336
59337
59339
59342
59343
59346
59347
59348
59349
59354
59363
59365
59371
59373
59374
59377
59378
59381
59387
59388
59389
59392
59393
59397
59407
59418
59419
59420
59422
59423
59424
59425
59430
59431
59432
59435
59436
59437
59442
59443
59444
59445
59452
59453
59457
59461
59466
59469
59470
59471
59472
59473
59483
59484
59486
59494
59497
59498
59499
59500
59501
59508
59510
59511
59519
59521
59523
59532
59533
59535
59536
59541
59542
59545
59552
59553
59557
59558
59559
59562
59568
59569
59570
59577
59579
59584
59589
59596
59608
59609
59613
59615
59616
59619
59620
59627
59631
59641
59642
59648
59651
59653
59656
59657
59661
59664
59667
59668
59669
59678
59682
59683
59685
59691
59692
59696
59697
59701
59702
59703
59704
59707
59712
59714
59716
59721
59733
59736
59742
59743
59746
59748
59750
59751
59752
59755
59762
59763
59767
59769
59770
59774
59775
59776
59783
59784
59785
59791
59792
59796
59797
59800
59806
59807
59809
59811
59812
59813
59816
59818
59819
59823
59825
59826
59827
59828
59836
59839
59840
59841
59844
59845
59850
59852
59853
59855
59856
59861
59862
59865
59873
59875
59885
59888
59889
59890
59891
59899
59900
59903
59908
59920
59921
59922
59923
59924
59927
59930
59932
59934
59935
59936
59937
59939
59941
59943
59945
59947
59948
59954
59955
59959
59961
59962
59963
59964
59968
59973
59974
59977
59978
59980
59982
59988
59992
59993
59994
59998
60009
60011
60012
60016
60018
60020
60024
60025
60026
60029
60033
60037
60038
60040
60043
60045
60046
60057
60058
60060
60062
60068
60069
60073
60077
60080
60081
60082
60085
60086
60087
60091
60092
60093
60096
60097
60100
60101
60102
60103
60104
60105
60106
60107
60113
60114
60115
60119
60120
60122
60124
60125
60129
60130
60131
60132
60134
60135
60136
60137
60138
60140
60141
60142
60147
60148
60149
60150
60152
60153
60154
60159
60160
60162
60165
60169
60176
60177
60180
60181
60184
60187
60188
60189
60192
60193
60197
60200
60202
60205
60207
60209
60211
60212
60214
60215
60216
60218
60220
60222
60223
60224
60225
60231
60233
60234
60235
60236
60237
60240
60241
60245
60250
60251
60254
60255
60256
60259
60265
60269
60271
60278
60281
60282
60286
60287
60289
60293
60297
60298
60304
60305
60309
60310
60311
60312
60316
60320
60321
60322
60323
60324
60325
60334
60335
60340
60341
60350
60353
60355
60356
60357
60358
60360
60361
60362
60368
60370
60373
60374
60377
60378
60383
60384
60395
60396
60399
60400
60405
60408
60410
60411
60412
60414
60415
60416
60417
60422
60423
60426
60430
60432
60433
60439
60440
60446
60447
60448
60451
60452
60454
60457
60459
60460
60461
60464
60465
60466
60469
60472
60478
60480
60481
60482
60485
60488
60489
60493
60495
60498
60499
60503
60504
60505
60506
60508
60510
60512
60514
60515
60517
60518
60520
60522
60528
60529
60533
60536
60543
60546
60548
60549
60555
60556
60557
60558
60559
60564
60565
60567
60570
60571
60588
60589
60601
60603
60608
60609
60610
60614
60615
60617
60618
60625
60626
60628
60631
60632
60637
60639
60654
60656
60657
60659
60661
60672
60673
60677
60679
60680
60682
60687
60689
60690
60691
60693
60694
60695
60701
60703
60705
60707
60709
60710
60728
60733
60734
60736
60740
60741
60746
60748
60749
60757
60759
60761
60762
60763
60766
60768
60769
60770
60774
60775
60776
60780
60781
60782
60783
60784
60788
60790
60791
60792
60797
60800
60803
60804
60805
60806
60810
60814
60815
60826
60827
60833
60834
60836
60837
60841
60842
60843
60847
60850
60851
60852
60856
60857
60865
60866
60875
60878
60880
60885
60886
60887
60891
60892
60893
60895
60902
60904
60908
60914
60915
60917
60934
60936
60938
60943
60944
60949
60950
60952
60953
60955
60958
60961
60962
60963
60964
60965
60968
60969
60970
60972
60978
60979
60982
60983
60984
60985
60987
60988
60997
60999
61004
61005
61007
61010
61017
61018
61021
61022
61023
61024
61026
61034
61035
61036
61040
61041
61043
61046
61047
61054
61055
61056
61067
61069
61070
61074
61078
61080
61081
61083
61084
61085
61086
61087
61089
61090
61102
61105
61111
61112
61113
61114
61123
61133
61134
61138
61139
61143
61144
61152
61160
61161
61162
61170
61171
61176
61177
61179
61186
61188
61189
61190
61191
61192
61193
61194
61197
61198
61203
61204
61209
61210
61213
61215
61218
61219
61220
61221
61226
61229
61230
61233
61235
61238
61242
61244
61246
61247
61248
61249
61252
61255
61256
61259
61260
61262
61263
61264
61265
61275
61276
61283
61286
61288
61289
61294
61295
61298
61299
61302
61305
61306
61307
61308
61311
61314
61317
61318
61331
61332
61333
61343
61344
61345
61346
61348
61351
61354
61358
61359
61362
61363
61378
61381
61382
61384
61385
61386
61387
61388
61389
61392
61393
61399
61401
61402
61403
61407
61410
61411
61414
61416
61420
61421
61429
61430
61436
61439
61453
61454
61456
61461
61463
61465
61466
61467
61484
61492
61503
61504
61505
61508
61510
61514
61515
61519
61521
61525
61526
61529
61530
61531
61533
61534
61540
61542
61543
61545
61546
61549
61550
61552
61553
61558
61563
61564
61566
61571
61572
61573
61574
61579
61580
61584
61585
61589
61590
61594
61595
61598
61599
61600
61604
61605
61608
61610
61611
61613
61614
61615
61616
61617
61624
61625
61626
61627
61630
61631
61635
61637
61638
61640
61641
61651
61652
61655
61656
61657
61661
61664
61669
61670
61676
61677
61681
61683
61684
61687
61689
61690
61693
61697
61698
61699
61700
61703
61704
61705
61708
61712
61714
61715
61716
61717
61722
61730
61731
61733
61736
61737
61739
61754
61755
61761
61766
61768
61769
61779
61780
61781
61782
61785
61786
61787
61793
61794
61795
61797
61798
61799
61801
61802
61803
61807
61808
61809
61811
61818
61820
61822
61823
61826
61827
61834
61836
61837
61840
61842
61843
61844
61850
61852
61853
61854
61856
61858
61859
61862
61863
61865
61866
61870
61872
61875
61876
61877
61881
61882
61885
61886
61888
61890
61893
61894
61899
61900
61901
61909
61911
61913
61915
61917
61918
61928
61929
61930
61931
61932
61934
61935
61938
61944
61945
61946
61949
61950
61959
61961
61965
61966
61968
61969
61970
61978
61979
61984
61987
61988
61989
61990
61999
62000
62001
62009
62012
62014
62015
62016
62031
62032
62039
62040
62041
62042
62043
62044
62050
62051
62055
62056
62061
62062
62064
62065
62066
62068
62070
62072
62076
62077
62078
62086
62089
62092
62095
62096
62097
62098
62099
62100
62103
62104
62106
62113
62117
62118
62119
62121
62122
62123
62124
62125
62129
62139
62140
62142
62143
62148
62158
62159
62162
62166
62167
62169
62173
62174
62175
62186
62188
62189
62190
62198
62199
62201
62202
62208
62210
62211
62213
62215
62216
62217
62220
62223
62226
62227
62228
62236
62237
62238
62242
62243
62245
62250
62251
62255
62258
62259
62260
62261
62264
62265
62271
62280
62281
62286
62288
62289
62290
62294
62301
62308
62309
62316
62317
62318
62319
62321
62322
62326
62328
62332
62333
62338
62339
62340
62342
62345
62346
62347
62348
62353
62356
62358
62363
62368
62369
62377
62378
62381
62382
62384
62388
62389
62390
62394
62396
62398
62400
62401
62402
62405
62410
62411
62412
62415
62417
62418
62419
62424
62425
62426
62429
62430
62435
62436
62440
62441
62442
62445
62449
62454
62456
62462
62463
62465
62467
62468
62469
62470
62473
62474
62475
62476
62478
62479
62485
62486
62487
62489
62490
62492
62496
62503
62505
62506
62513
62515
62522
62523
62527
62530
62531
62532
62534
62541
62542
62546
62547
62548
62549
62558
62564
62567
62570
62571
62576
62577
62578
62583
62584
62585
62586
62590
62596
62597
62598
62599
62603
62605
62614
62615
62618
62619
62622
62623
62626
62627
62628
62630
62633
62634
62635
62640
62644
62649
62650
62651
62652
62654
62655
62658
62659
62660
62661
62664
62665
62671
62672
62675
62676
62677
62685
62686
62689
62690
62691
62693
62695
62696
62699
62700
62701
62706
62707
62712
62713
62715
62716
62726
62727
62729
62730
62732
62735
62736
62737
62738
62739
62742
62743
62744
62745
62747
62749
62750
62751
62757
62758
62759
62760
62761
62762
62765
62766
62769
62770
62771
62772
62776
62779
62780
62781
62782
62787
62791
62793
62794
62795
62796
62799
62801
62802
62803
62804
62808
62810
62811
62812
62818
62820
62821
62822
62824
62826
62827
62828
62835
62845
62846
62848
62849
62850
62851
62852
62853
62855
62858
62859
62860
62866
62867
62868
62869
62874
62876
62880
62881
62884
62885
62899
62900
62903
62905
62908
62909
62910
62912
62918
62920
62924
62926
62927
62928
62929
62930
62931
62941
62942
62949
62950
62951
62952
62954
62962
62963
62964
62965
62969
62972
62973
62979
62980
62983
62984
62986
62987
62988
62989
62990
62991
62993
63000
63001
63002
63003
63007
63008
63009
63014
63015
63016
63019
63020
63024
63025
63026
63030
63031
63033
63034
63037
63038
63039
63042
63043
63046
63047
63049
63053
63058
63059
63062
63063
63064
63065
63068
63069
63071
63072
63073
63077
63079
63080
63084
63085
63086
63087
63089
63090
63093
63094
63095
63096
63097
63103
63105
63108
63109
63110
63111
63113
63117
63119
63123
63124
63125
63129
63133
63134
63135
63136
63140
63142
63143
63145
63146
63150
63151
63152
63154
63157
63161
63164
63179
63180
63181
63183
63186
63187
63188
63189
63195
63196
63197
63201
63218
63223
63226
63227
63228
63230
63231
63232
63233
63236
63237
63244
63250
63252
63256
63257
63258
63259
63263
63264
63265
63269
63270
63277
63284
63286
63287
63288
63289
63294
63295
63296
63297
63298
63300
63301
63303
63304
63305
63310
63316
63317
63319
63320
63330
63334
63335
63337
63338
63339
63340
63342
63344
63347
63354
63355
63356
63363
63364
63365
63366
63368
63369
63371
63375
63377
63378
63383
63384
63385
63386
63387
63388
63390
63393
63397
63398
63399
63401
63403
63404
63407
63410
63411
63413
63415
63420
63421
63423
63429
63431
63435
63438
63441
63458
63459
63462
63465
63466
63468
63469
63470
63471
63472
63474
63475
63478
63479
63481
63484
63488
63489
63494
63500
63505
63506
63507
63509
63510
63511
63512
63517
63518
63519
63520
63521
63525
63528
63529
63532
63535
63536
63537
63538
63539
63540
63547
63548
63553
63554
63555
63556
63561
63562
63564
63565
63566
63571
63572
63576
63577
63578
63580
63581
63584
63588
63593
63594
63597
63598
63601
63604
63605
63606
63611
63612
63613
63615
63617
63618
63622
63624
63631
63633
63634
63635
63642
63644
63645
63646
63647
63648
63652
63653
63659
63660
63666
63667
63671
63672
63673
63675
63677
63678
63682
63683
63684
63687
63689
63690
63692
63695
63698
63699
63706
63707
63715
63717
63718
63729
63731
63732
63733
63735
63739
63740
63745
63746
63747
63750
63751
63752
63753
63758
63759
63760
63762
63771
63772
63782
63785
63786
63788
63789
63790
63795
63797
63798
63802
63803
63804
63807
63814
63815
63816
63817
63821
63822
63826
63829
63830
63833
63834
63838
63839
63840
63841
63843
63844
63848
63850
63858
63861
63863
63865
63870
63871
63873
63875
63878
63883
63884
63885
63888
63890
63892
63893
63894
63895
63900
63901
63902
63903
63911
63912
63913
63914
63915
63920
63921
63926
63927
63930
63931
63932
63950
63951
63952
63953
63955
63957
63958
63959
63961
63963
63964
63965
63966
63967
63969
63970
63989
63995
64000
64001
64002
64006
64008
64009
64010
64011
64014
64015
64025
64026
64027
64030
64038
64039
64045
64046
64047
64052
64053
64054
64056
64057
64059
64063
64065
64071
64074
64075
64085
64094
64097
64098
64099
64101
64104
64107
64108
64109
64110
64111
64117
64118
64120
64121
64125
64128
64135
64136
64139
64141
64142
64143
64150
64152
64153
64154
64158
64159
64162
64164
64166
64167
64168
64172
64173
64177
64179
64180
64182
64183
64192
64203
64204
64207
64208
64210
64211
64212
64213
64218
64219
64227
64228
64230
64231
64232
64236
64237
64238
64259
64266
64271
64273
64279
64283
64284
64288
64290
64292
64293
64294
64297
64298
64302
64304
64306
64308
64321
64322
64323
64324
64327
64328
64329
64333
64334
64335
64338
64339
64344
64355
64356
64371
64376
64377
64378
64381
64384
64385
64386
64391
64392
64399
64402
64403
64404
64408
64409
64410
64411
64413
64416
64417
64418
64423
64424
64428
64430
64431
64436
64441
64442
64443
64448
64450
64454
64455
64456
64460
64461
64462
64466
64479
64482
64483
64485
64487
64491
64492
64493
64496
64497
64498
64499
64500
64507
64509
64515
64516
64517
64535
64536
64543
64544
64548
64550
64554
64555
64561
64562
64563
64564
64567
64569
64570
64571
64573
64575
64579
64580
64581
64584
64585
64591
64592
64598
64604
64605
64609
64612
64614
64616
64617
64618
64619
64620
64621
64628
64629
64630
64631
64634
64637
64638
64639
64640
64647
64648
64652
64654
64656
64658
64659
64660
64661
64665
64667
64669
64676
64681
64682
64683
64684
64685
64686
64687
64688
64690
64691
64693
64695
64697
64700
64701
64706
64707
64709
64710
64712
64715
64720
64721
64722
64725
64726
64727
64730
64733
64738
64740
64743
64756
64759
64760
64761
64762
64765
64772
64774
64776
64777
64783
64785
64788
64794
64795
64796
64804
64807
64808
64809
64812
64815
64820
64821
64823
64824
64827
64838
64839
64840
64841
64842
64843
64844
64851
64852
64857
64858
64863
64865
64868
64871
64872
64875
64876
64877
64878
64879
64881
64883
64884
64885
64886
64889
64892
64893
64894
64895
64897
64898
64900
64903
64904
64906
64908
64911
64912
64915
64924
64930
64931
64934
64936
64939
64940
64942
64944
64946
64958
64961
64968
64969
64970
64973
64974
64975
64979
64983
64984
64985
64992
64993
64994
64997
64998
65000
65001
65002
65007
65008
65009
65015
65016
65017
65034
65035
65036
65038
65039
65042
65045
65046
65049
65052
65054
65055
65056
65057
65060
65062
65065
65066
65067
65072
65073
65083
65084
65085
65086
65092
65098
65099
65103
65104
65107
65122
65123
65134
65135
65140
65142
65145
65148
65149
65152
65156
65157
65158
65161
65166
65167
65169
65174
65175
65176
65178
65180
65181
65182
65183
65184
65185
65187
65189
65192
65193
65194
65200
65202
65203
65208
65212
65215
65219
65220
65221
65222
65226
65227
65228
65229
65235
65245
65246
65248
65249
65252
65253
65254
65255
65257
65262
65264
65265
65267
65268
65270
65277
65279
65286
65287
65288
65289
65290
65291
65308
65309
65313
65319
65320
65321
65324
65325
65326
65329
65330
65334
65337
65338
65339
65350
65351
65352
65353
65358
65360
65366
65367
65368
65373
65374
65375
65379
65381
65382
65383
65384
65399
65400
65404
65406
65407
65408
65415
65416
65417
65418
65422
65424
65427
65428
65429
65430
65432
65436
65437
65438
65440
65441
65445
65447
65448
65449
65450
65453
65454
65455
65463
65464
65465
65468
65470
65471
65472
65473
65477
65478
65482
65483
65484
65486
65489
65490
65491
65496
65497
65503
65504
65505
65506
65512
65514
65518
65519
65530
65532
65539
65540
65546
65548
65552
65554
65555
65557
65558
65564
65566
65575
65576
65585
65586
65588
65589
65593
65594
65596
65598
65599
65601
65603
65605
65609
65610
65612
65613
65614
65616
65617
65618
65619
65620
65621
65628
65631
65632
65633
65635
65638
65640
65641
65643
65651
65653
65656
65657
65659
65664
65667
65668
65670
65674
65675
65678
65681
65682
65692
65693
65700
65704
65705
65708
65709
65710
65711
65715
65716
65718
65722
65724
65725
65732
65733
65734
65739
65740
65743
65744
65745
65746
65747
65749
65750
65759
65765
65766
65768
65769
65770
65771
65783
65784
65789
65791
65802
65809
65810
65811
65816
65817
65823
65829
65830
65831
65832
65834
65835
65842
65852
65853
65862
65863
65864
65865
65873
65874
65876
65878
65879
65880
65882
65883
65885
65887
65888
65889
65892
65895
65897
65898
65900
65901
65905
65906
65907
65908
65910
65912
65915
65917
65918
65919
65923
65928
65929
65930
65931
65932
65935
65936
65937
65938
65941
65943
65944
65947
65951
65952
65953
65958
65959
65962
65963
65964
65967
65968
65969
65976
65977
65982
65984
65985
65988
65989
65991
65992
65995
66003
66004
66009
66016
66017
66023
66026
66027
66037
66040
66042
66043
66044
66048
66051
66052
66055
66056
66057
66058
66059
66060
66061
66065
66068
66075
66076
66079
66080
66088
66089
66090
66091
66092
66093
66101
66109
66111
66112
66119
66120
66121
66122
66127
66129
66130
66141
66142
66143
66144
66145
66146
66150
66152
66153
66155
66158
66159
66161
66162
66163
66165
66167
66170
66171
66172
66173
66174
66177
66178
66185
66186
66187
66190
66192
66196
66200
66205
66206
66214
66224
66226
66227
66231
66232
66237
66238
66241
66244
66253
66254
66255
66256
66261
66266
66267
66268
66270
66271
66272
66274
66275
66276
66277
66280
66281
66283
66284
66285
66289
66291
66300
66310
66311
66315
66317
66318
66319
66321
66325
66326
66327
66334
66336
66338
66341
66344
66348
66352
66353
66354
66355
66357
66358
66359
66365
66371
66373
66380
66382
66393
66399
66400
66404
66417
66418
66420
66421
66422
66423
66430
66431
66436
66440
66441
66444
66445
66446
66450
66451
66452
66453
66454
66458
66462
66464
66468
66469
66470
66472
66473
66474
66475
66476
66483
66484
66491
66499
66500
66503
66504
66508
66509
66514
66518
66519
66520
66527
66528
66529
66530
66532
66533
66535
66537
66538
66543
66545
66546
66553
66555
66556
66563
66565
66568
66572
66573
66576
66577
66593
66595
66596
66601
66604
66605
66606
66607
66610
66612
66613
66614
66615
66619
66621
66625
66626
66627
66628
66629
66631
66632
66633
66637
66639
66640
66642
66646
66650
66657
66658
66659
66670
66671
66678
66684
66692
66694
66695
66696
66697
66701
66702
66707
66713
66714
66715
66729
66730
66731
66735
66736
66737
66740
66741
66747
66748
66749
66753
66754
66758
66759
66760
66761
66767
66768
66773
66775
66776
66777
66778
66779
66781
66782
66785
66786
66791
66793
66794
66796
66802
66803
66808
66809
66812
66815
66816
66819
66820
66821
66823
66828
66833
66839
66840
66843
66844
66845
66850
66851
66861
66862
66867
66870
66871
66875
66876
66877
66885
66886
66891
66892
66893
66894
66895
66897
66899
66900
66901
66902
66903
66905
66906
66907
66908
66910
66913
66916
66917
66918
66921
66922
66924
66927
66928
66929
66930
66932
66933
66934
66936
66943
66944
66948
66953
66956
66957
66958
66959
66961
66969
66970
66971
66973
66975
66978
66979
66980
66985
66988
66989
66991
66992
66993
66995
66999
67001
67002
67003
67008
67012
67014
67015
67016
67017
67019
67020
67022
67023
67024
67026
67027
67035
67036
67040
67041
67044
67045
67050
67051
67056
67057
67060
67061
67062
67067
67068
67069
67071
67072
67075
67078
67079
67081
67082
67086
67089
67090
67093
67098
67099
67100
67101
67102
67103
67105
67108
67110
67111
67116
67117
67118
67119
67120
67123
67124
67127
67133
67138
67140
67143
67145
67147
67148
67166
67167
67168
67170
67172
67175
67176
67178
67184
67185
67187
67189
67195
67196
67197
67199
67201
67203
67205
67206
67207
67211
67212
67213
67220
67221
67224
67225
67231
67232
67233
67234
67247
67248
67250
67253
67255
67257
67258
67261
67264
67266
67267
67268
67270
67271
67273
67276
67281
67282
67283
67284
67285
67288
67290
67292
67294
67295
67297
67299
67300
67301
67302
67305
67312
67313
67317
67318
67319
67320
67321
67325
67326
67327
67332
67336
67338
67340
67343
67344
67346
67347
67351
67352
67353
67354
67357
67358
67360
67361
67364
67378
67381
67383
67386
67392
67393
67395
67396
67400
67404
67410
67413
67414
67415
67417
67419
67420
67421
67423
67424
67425
67428
67443
67446
67447
67448
67451
67452
67454
67455
67456
67457
67461
67463
67464
67465
67474
67475
67476
67479
67481
67484
67485
67489
67501
67503
67516
67517
67518
67524
67525
67527
67528
67529
67532
67533
67534
67538
67539
67540
67541
67542
67545
67547
67551
67552
67553
67554
67555
67556
67557
67558
67559
67561
67562
67565
67567
67570
67573
67574
67575
67576
67579
67581
67582
67589
67590
67597
67599
67600
67602
67603
67604
67606
67607
67610
67614
67615
67617
67621
67622
67625
67627
67630
67634
67635
67636
67637
67639
67641
67645
67646
67647
67648
67649
67652
67653
67655
67659
67664
67665
67669
67670
67671
67672
67677
67682
67688
67689
67691
67693
67694
67695
67696
67699
67700
67703
67704
67705
67708
67710
67712
67715
67723
67734
67735
67736
67738
67739
67740
67746
67747
67748
67751
67753
67754
67755
67757
67758
67761
67764
67766
67774
67775
67778
67779
67780
67785
67787
67789
67790
67793
67796
67797
67800
67802
67803
67804
67806
67809
67811
67820
67821
67827
67829
67840
67841
67842
67843
67844
67852
67853
67856
67857
67869
67870
67871
67874
67877
67883
67884
67888
67889
67891
67893
67898
67899
67900
67903
67904
67905
67907
67913
67916
67918
67923
67925
67926
67933
67934
67935
67941
67942
67945
67946
67948
67949
67953
67954
67955
67959
67961
67965
67966
67969
67970
67972
67973
67976
67977
67985
67987
67989
67990
67991
67993
67998
68002
68003
68006
68007
68008
68012
68013
68017
68021
68022
68025
68026
68027
68028
68029
68031
68032
68033
68035
68038
68041
68045
68046
68051
68052
68057
68060
68061
68062
68065
68066
68067
68071
68073
68077
68078
68082
68083
68087
68090
68091
68092
68098
68104
68106
68117
68118
68121
68123
68124
68134
68135
68146
68152
68155
68160
68161
68164
68165
68167
68169
68184
68185
68187
68193
68194
68196
68199
68201
68202
68203
68209
68210
68218
68219
68221
68223
68228
68229
68230
68232
68235
68237
68238
68239
68244
68247
68249
68257
68262
68263
68268
68276
68277
68280
68282
68283
68286
68287
68288
68289
68298
68299
68303
68304
68306
68307
68310
68311
68316
68317
68318
68320
68321
68329
68330
68331
68332
68333
68338
68339
68349
68350
68354
68359
68364
68365
68369
68375
68379
68380
68381
68382
68384
68385
68386
68394
68395
68400
68401
68405
68411
68412
68416
68417
68421
68422
68429
68434
68436
68438
68440
68443
68444
68445
68446
68450
68453
68454
68455
68457
68458
68459
68461
68462
68464
68466
68467
68471
68472
68473
68474
68476
68478
68484
68487
68489
68490
68491
68496
68498
68500
68502
68505
68508
68512
68514
68516
68518
68519
68521
68522
68523
68526
68527
68530
68534
68536
68538
68539
68543
68544
68545
68546
68548
68557
68558
68563
68575
68580
68582
68583
68584
68587
68588
68593
68595
68596
68597
68598
68604
68605
68606
68607
68608
68609
68610
68617
68618
68622
68625
68627
68630
68631
68634
68635
68636
68642
68644
68645
68656
68657
68659
68660
68661
68662
68666
68667
68668
68669
68671
68672
68675
68676
68677
68678
68682
68687
68688
68689
68691
68692
68698
68699
68700
68701
68702
68703
68704
68705
68707
68708
68711
68713
68714
68715
68716
68717
68718
68719
68724
68725
68727
68728
68729
68731
68732
68735
68737
68738
68739
68740
68741
68748
68749
68751
68752
68755
68762
68765
68766
68767
68768
68769
68770
68771
68772
68773
68776
68778
68779
68782
68784
68785
68789
68795
68796
68797
68798
68800
68801
68802
68803
68804
68807
68808
68813
68816
68821
68824
68825
68832
68833
68834
68841
68844
68850
68851
68852
68857
68858
68859
68861
68862
68865
68866
68869
68870
68871
68872
68873
68875
68877
68879
68881
68882
68891
68894
68895
68899
68900
68901
68904
68907
68909
68915
68919
68926
68933
68934
68935
68936
68940
68943
68944
68946
68949
68950
68961
68962
68963
68964
68968
68969
68970
68971
68977
68978
68979
68983
68984
68986
68987
69001
69002
69005
69009
69010
69014
69017
69018
69020
69025
69026
69027
69032
69040
69042
69046
69049
69054
69055
69059
69060
69066
69067
69068
69074
69075
69076
69077
69078
69081
69082
69083
69085
69086
69087
69090
69091
69092
69094
69098
69100
69102
69105
69106
69109
69110
69111
69119
69121
69122
69124
69127
69129
69133
69134
69136
69137
69139
69142
69144
69146
69152
69155
69156
69167
69168
69171
69172
69177
69179
69180
69181
69184
69185
69186
69192
69193
69203
69207
69208
69222
69226
69227
69230
69238
69242
69243
69244
69245
69247
69248
69257
69262
69263
69275
69276
69277
69278
69279
69285
69287
69289
69294
69295
69296
69298
69301
69305
69309
69312
69313
69317
69318
69319
69322
69323
69324
69325
69337
69338
69339
69346
69347
69348
69358
69361
69364
69369
69370
69371
69377
69378
69379
69385
69386
69395
69396
69397
69399
69400
69401
69404
69407
69408
69410
69411
69413
69416
69420
69425
69432
69433
69442
69443
69444
69448
69449
69454
69455
69456
69460
69464
69470
69472
69473
69477
69484
69485
69489
69490
69491
69492
69493
69494
69495
69497
69504
69505
69507
69508
69511
69512
69513
69519
69520
69521
69522
69524
69525
69533
69534
69541
69544
69545
69550
69553
69554
69562
69563
69564
69565
69566
69567
69573
69575
69576
69577
69578
69584
69585
69589
69594
69596
69597
69598
69599
69602
69603
69612
69613
69615
69623
69624
69625
69636
69637
69638
69639
69642
69643
69646
69647
69653
69654
69663
69664
69676
69679
69680
69683
69684
69685
69692
69693
69697
69702
69707
69708
69719
69721
69727
69728
69731
69733
69737
69738
69741
69749
69750
69751
69752
69754
69761
69762
69766
69767
69770
69774
69775
69776
69777
69778
69781
69782
69785
69786
69787
69789
69800
69802
69810
69813
69815
69816
69819
69821
69823
69827
69828
69829
69836
69837
69838
69839
69844
69845
69846
69849
69850
69851
69862
69866
69873
69874
69876
69877
69878
69879
69880
69890
69892
69898
69905
69906
69907
69919
69920
69924
69930
69931
69932
69933
69935
69936
69937
69941
69942
69944
69949
69956
69957
69971
69972
69973
69984
69985
69990
69996
69998
69999
70000
70001
70002
70003
70004
70006
70009
70011
70012
70014
70016
70017
70018
70024
70025
70026
70028
70029
70030
70031
70040
70041
70045
70047
70049
70051
70052
70054
70055
70058
70059
70060
70061
70062
70065
70066
70067
70068
70077
70078
70079
70094
70095
70096
70097
70099
70101
70102
70106
70107
70108
70111
70112
70113
70116
70117
70118
70119
70121
70125
70126
70130
70132
70133
70139
70140
70143
70145
70146
70147
70150
70151
70153
70154
70155
70157
70162
70163
70167
70168
70173
70174
70175
70181
70183
70184
70192
70194
70195
70197
70201
70202
70203
70206
70207
70209
70210
70211
70215
70216
70217
70218
70221
70222
70223
70226
70230
70231
70232
70233
70235
70236
70242
70243
70248
70249
70250
70256
70257
70258
70259
70262
70267
70273
70274
70276
70278
70279
70280
70282
70283
70286
70287
70289
70291
70292
70293
70301
70303
70305
70307
70308
70309
70310
70317
70318
70322
70325
70326
70329
70330
70331
70334
70335
70337
70338
70341
70342
70345
70346
70347
70354
70360
70361
70362
70375
70376
70377
70379
70383
70385
70388
70389
70391
70392
70394
70397
70398
70399
70400
70403
70404
70405
70406
70407
70410
70412
70413
70414
70415
70417
70418
70419
70421
70422
70423
70424
70427
70429
70433
70434
70439
70441
70443
70445
70446
70452
70453
70458
70465
70466
70469
70471
70473
70474
70476
70478
70480
70483
70484
70485
70486
70489
70491
70493
70494
70495
70498
70500
70508
70511
70512
70514
70518
70521
70522
70523
70528
70534
70535
70536
70539
70540
70541
70542
70550
70551
70554
70557
70559
70560
70563
70565
70566
70568
70571
70578
70579
70582
70583
70586
70592
70593
70597
70598
70599
70604
70608
70614
70615
70619
70620
70621
70622
70624
70631
70632
70636
70638
70639
70646
70648
70649
70654
70656
70661
70662
70668
70669
70671
70672
70673
70677
70678
70680
70681
70683
70684
70687
70694
70697
70704
70705
70710
70711
70712
70713
70716
70717
70720
70721
70722
70724
70727
70728
70729
70735
70748
70751
70753
70756
70757
70760
70762
70763
70767
70768
70770
70780
70781
70782
70785
70786
70787
70788
70795
70796
70797
70799
70801
70805
70806
70807
70809
70810
70811
70816
70818
70819
70823
70824
70827
70834
70837
70838
70843
70845
70849
70855
70856
70859
70860
70864
70869
70870
70874
70875
70877
70878
70881
70883
70884
70885
70886
70891
70892
70893
70894
70895
70898
70906
70907
70908
70909
70913
70914
70920
70921
70923
70926
70928
70931
70932
70935
70936
70938
70939
70942
70944
70945
70954
70955
70960
70961
70964
70965
70966
70967
70968
70969
70973
70974
70986
70987
70989
70990
70993
70995
70996
70997
70998
71002
71003
71004
71012
71013
71020
71021
71023
71024
71027
71030
71031
71033
71039
71040
71044
71057
71058
71059
71067
71074
71075
71076
71077
71078
71086
71087
71091
71092
71094
71099
71100
71101
71103
71104
71106
71111
71112
71114
71115
71119
71120
71123
71125
71143
71144
71145
71148
71151
71152
71153
71154
71157
71158
71159
71160
71163
71164
71170
71180
71181
71182
71184
71194
71195
71203
71204
71212
71213
71214
71216
71219
71228
71229
71230
71231
71232
71235
71236
71237
71239
71240
71251
71252
71253
71256
71257
71263
71265
71266
71268
71269
71270
71273
71275
71276
71277
71280
71284
71285
71286
71289
71290
71298
71301
71304
71307
71308
71310
71311
71312
71313
71314
71316
71317
71320
71328
71329
71334
71336
71337
71338
71341
71342
71343
71344
71351
71352
71361
71368
71369
71370
71376
71382
71383
71384
71385
71386
71387
71388
71389
71392
71393
71396
71400
71402
71405
71406
71407
71415
71422
71427
71430
71436
71437
71442
71443
71448
71451
71457
71460
71463
71471
71472
71479
71480
71484
71485
71486
71487
71489
71491
71496
71497
71498
71499
71502
71503
71506
71507
71512
71514
71515
71517
71521
71522
71523
71524
71528
71529
71530
71540
71543
71544
71546
71548
71549
71550
71551
71553
71554
71557
71560
71562
71563
71567
71574
71575
71576
71577
71581
71586
71587
71588
71592
71595
71596
71599
71605
71607
71610
71612
71613
71614
71615
71616
71617
71618
71625
71626
71628
71629
71638
71639
71640
71641
71642
71643
71653
71654
71658
71659
71661
71662
71663
71664
71666
71669
71671
71672
71673
71677
71679
71682
71684
71685
71686
71687
71692
71703
71713
71714
71719
71720
71726
71727
71728
71729
71740
71745
71746
71752
71753
71756
71757
71760
71762
71766
71767
71768
71769
71776
71777
71779
71782
71790
71792
71793
71794
71799
71801
71803
71804
71817
71818
71819
71821
71824
71828
71832
71833
71834
71835
71837
71838
71840
71841
71844
71853
71855
71856
71857
71858
71859
71860
71863
71866
71869
71872
71874
71875
71876
71883
71887
71888
71889
71896
71897
71900
71903
71906
71908
71909
71918
71919
71920
71928
71929
71930
71932
71935
71936
71941
71942
71944
71946
71947
71949
71950
71951
71953
71955
71957
71958
71959
71960
71962
71963
71964
71967
71977
71978
71979
71990
71991
71992
71993
71996
72002
72003
72006
72008
72009
72016
72021
72023
72032
72033
72037
72040
72041
72043
72044
72046
72047
72048
72049
72052
72053
72054
72057
72060
72061
72062
72063
72064
72067
72068
72069
72075
72078
72081
72087
72088
72089
72094
72096
72097
72100
72101
72105
72109
72110
72112
72113
72114
72117
72118
72130
72131
72138
72139
72140
72143
72148
72149
72150
72160
72161
72162
72163
72166
72167
72168
72169
72170
72173
72174
72175
72180
72181
72182
72183
72187
72188
72192
72193
72201
72205
72206
72208
72209
72211
72212
72217
72219
72220
72221
72223
72224
72225
72226
72230
72232
72233
72235
72243
72245
72249
72250
72256
72257
72258
72259
72269
72270
72274
72276
72277
72280
72283
72285
72286
72288
72289
72293
72298
72300
72301
72302
72303
72309
72311
72314
72315
72316
72317
72318
72319
72322
72327
72328
72329
72331
72332
72333
72334
72337
72339
72341
72344
72346
72355
72356
72357
72362
72363
72364
72366
72371
72372
72375
72381
72382
72387
72388
72389
72394
72395
72400
72401
72402
72406
72418
72419
72421
72422
72423
72428
72431
72438
72443
72444
72445
72446
72447
72453
72456
72458
72460
72461
72464
72465
72468
72479
72483
72484
72485
72488
72490
72493
72495
72502
72503
72504
72505
72508
72510
72513
72515
72519
72527
72529
72530
72533
72534
72536
72540
72541
72546
72547
72555
72560
72561
72566
72569
72570
72576
72578
72579
72582
72586
72587
72596
72597
72603
72604
72606
72607
72608
72610
72612
72613
72614
72617
72621
72623
72634
72635
72642
72649
72650
72651
72658
72659
72663
72665
72671
72673
72675
72676
72677
72680
72681
72683
72687
72688
72689
72695
72696
72697
72698
72705
72706
72707
72708
72715
72716
72731
72732
72736
72738
72739
72747
72755
72756
72760
72761
72762
72764
72765
72766
72767
72772
72773
72781
72782
72785
72786
72787
72788
72789
72792
72796
72798
72799
72803
72806
72807
72812
72817
72830
72831
72843
72846
72853
72854
72855
72857
72860
72861
72862
72868
72869
72875
72878
72879
72881
72882
72884
72886
72887
72888
72889
72896
72897
72898
72899
72904
72905
72906
72910
72913
72916
72917
72925
72926
72928
72930
72931
72940
72941
72942
72948
72950
72955
72957
72958
72960
72961
72964
72965
72966
72967
72968
72972
72974
72975
72976
72977
72984
72985
72986
72987
72988
72991
72993
73000
73007
73008
73013
73014
73022
73024
73027
73028
73029
73034
73036
73037
73044
73045
73050
73051
73052
73061
73063
73067
73068
73069
73074
73078
73079
73083
73084
73086
73087
73093
73107
73108
73111
73112
73113
73114
73115
73116
73119
73120
73121
73122
73123
73130
73133
73134
73136
73138
73139
73144
73147
73148
73149
73153
73154
73156
73157
73158
73161
73165
73166
73168
73169
73170
73172
73173
73174
73179
73180
73181
73182
73187
73188
73189
73193
73194
73201
73203
73204
73205
73207
73208
73209
73212
73215
73216
73217
73225
73228
73230
73233
73238
73239
73240
73251
73253
73254
73255
73256
73259
73260
73261
73263
73264
73265
73266
73269
73270
73277
73278
73279
73284
73286
73290
73291
73295
73296
73297
73298
73299
73301
73303
73309
73310
73311
73313
73314
73315
73318
73321
73322
73329
73330
73331
73332
73338
73339
73340
73355
73356
73363
73365
73370
73371
73378
73379
73380
73381
73382
73386
73387
73391
73393
73394
73395
73396
73398
73409
73410
73412
73413
73414
73415
73418
73419
73420
73423
73425
73426
73433
73434
73436
73442
73443
73444
73445
73446
73447
73449
73455
73457
73459
73460
73462
73464
73466
73467
73468
73470
73471
73474
73475
73476
73477
73479
73481
73482
73484
73486
73487
73488
73489
73492
73494
73501
73504
73507
73511
73512
73515
73516
73517
73528
73529
73530
73532
73533
73534
73535
73538
73539
73540
73543
73545
73547
73560
73561
73562
73564
73567
73568
73570
73575
73577
73578
73579
73584
73586
73588
73589
73590
73592
73593
73595
73598
73599
73608
73609
73614
73615
73619
73620
73621
73622
73623
73627
73628
73632
73634
73640
73642
73651
73652
73653
73654
73659
73665
73668
73669
73670
73672
73673
73676
73687
73688
73691
73692
73695
73696
73698
73699
73700
73710
73711
73712
73713
73719
73725
73726
73733
73734
73735
73738
73739
73741
73742
73743
73745
73753
73754
73757
73758
73761
73762
73763
73769
73771
73776
73779
73784
73785
73788
73791
73792
73794
73795
73804
73808
73809
73811
73812
73816
73817
73820
73822
73824
73825
73833
73835
73837
73840
73841
73847
73853
73854
73856
73859
73860
73861
73862
73863
73864
73866
73867
73868
73869
73875
73876
73882
73883
73885
73887
73891
73892
73893
73894
73895
73897
73899
73900
73903
73905
73909
73911
73918
73920
73921
73922
73926
73927
73928
73931
73934
73936
73939
73940
73942
73944
73946
73949
73950
73962
73963
73965
73968
73969
73972
73973
73974
73975
73982
73984
73985
73989
73998
74001
74002
74004
74005
74012
74013
74014
74016
74017
74018
74019
74021
74023
74024
74026
74027
74032
74034
74035
74038
74041
74042
74045
74046
74053
74055
74059
74060
74061
74062
74065
74068
74069
74070
74073
74074
74077
74081
74086
74088
74090
74095
74096
74097
74099
74101
74103
74104
74105
74106
74107
74108
74109
74110
74112
74113
74114
74117
74118
74124
74131
74132
74135
74141
74145
74152
74153
74158
74159
74162
74163
74164
74167
74168
74171
74172
74173
74174
74175
74177
74180
74181
74186
74187
74191
74195
74200
74209
74210
74212
74219
74221
74223
74224
74227
74228
74230
74231
74232
74239
74240
74243
74249
74251
74259
74261
74262
74270
74271
74273
74274
74275
74278
74280
74281
74282
74288
74289
74293
74294
74298
74301
74302
74304
74307
74308
74309
74310
74313
74315
74318
74319
74321
74322
74330
74331
74333
74334
74335
74337
74339
74340
74347
74348
74351
74352
74353
74354
74358
74359
74360
74361
74362
74365
74368
74372
74373
74375
74376
74377
74380
74381
74382
74383
74384
74386
74388
74389
74396
74398
74402
74407
74409
74416
74417
74422
74423
74431
74432
74433
74439
74441
74444
74445
74453
74454
74461
74462
74468
74472
74473
74474
74475
74476
74477
74489
74493
74494
74497
74498
74500
74501
74504
74505
74508
74518
74519
74520
74526
74527
74536
74537
74538
74547
74548
74551
74552
74555
74556
74565
74571
74572
74574
74577
74579
74580
74581
74587
74588
74590
74593
74594
74599
74600
74602
74603
74606
74607
74609
74610
74611
74613
74614
74615
74617
74630
74631
74632
74633
74634
74635
74642
74643
74649
74650
74655
74656
74663
74666
74674
74675
74678
74683
74686
74688
74694
74697
74698
74700
74701
74702
74705
74706
74707
74708
74709
74716
74718
74721
74731
74732
74733
74737
74739
74745
74746
74770
74771
74774
74776
74785
74786
74787
74793
74794
74795
74797
74802
74803
74804
74813
74814
74815
74824
74826
74827
74828
74837
74838
74848
74854
74855
74858
74864
74865
74877
74883
74884
74885
74886
74892
74901
74902
74905
74906
74907
74909
74912
74913
74914
74915
74924
74925
74927
74928
74933
74940
74941
74942
74948
74952
74953
74954
74958
74959
74963
74965
74969
74973
74977
74978
74979
74982
74983
74984
74987
74988
74989
74990
74991
74994
74996
74997
74998
75003
75004
75008
75011
75014
75015
75016
75018
75021
75022
75023
75032
75033
75034
75035
75036
75039
75040
75041
75043
75044
75047
75048
75051
75052
75059
75060
75064
75071
75072
75074
75076
75077
75078
75079
75081
75082
75087
75094
75097
75098
75101
75104
75105
75114
75115
75118
75119
75120
75126
75127
75129
75130
75137
75138
75139
75140
75141
75142
75153
75154
75155
75156
75157
75162
75164
75167
75168
75169
75170
75175
75177
75180
75182
75184
75185
75186
75187
75188
75190
75195
75196
75200
75203
75204
75205
75210
75215
75216
75217
75219
75220
75221
75222
75225
75229
75230
75232
75234
75236
75237
75238
75239
75240
75241
75246
75247
75250
75251
75252
75258
75259
75263
75264
75266
75267
75268
75271
75272
75273
75276
75280
75281
75286
75287
75288
75289
75290
75291
75296
75298
75307
75312
75313
75316
75317
75318
75321
75322
75326
75327
75328
75332
75333
75336
75337
75341
75342
75351
75352
75353
75354
75358
75360
75363
75365
75366
75367
75371
75374
75375
75378
75379
75380
75383
75391
75393
75394
75395
75397
75398
75401
75402
75403
75407
75408
75414
75415
75416
75417
75419
75420
75421
75432
75439
75440
75441
75444
75447
75448
75452
75458
75459
75460
75467
75468
75469
75472
75473
75478
75480
75492
75495
75496
75497
75509
75511
75513
75515
75516
75518
75523
75524
75535
75536
75540
75541
75543
75549
75551
75552
75555
75556
75567
75568
75574
75575
75578
75579
75580
75584
75587
75603
75606
75607
75608
75613
75615
75616
75617
75619
75640
75641
75642
75648
75649
75660
75669
75678
75679
75680
75696
75709
75710
75711
75729
75730
75731
75732
75733
75734
75755
75756
75770
75771
75786
75787
75795
75812
75813
75855
75856
75857
75861
75862
75881
75882
75883
75884
75885
75891
75892
75893
75894
75895
556
562
571
594
600
606
607
608
621
622
636
647
648
649
650
655
667
682
689
697
714
715
721
722
724
763
775
776
790
791
795
796
814
898
909
913
924
925
926
938
953
963
992
1016
1021
1022
1073
1137
1148
1171
1202
1230
1241
1268
1281
1282
1292
1298
1299
1349
1350
1379
1380
1392
1414
1415
1424
1425
1497
1518
1557
1558
1559
1566
1584
1585
1722
1753
1754
1767
1789
1815
1895
1897
1898
1920
1942
1966
1985
2000
2003
2008
2009
2010
2031
2032
2033
2044
2047
2061
2062
2066
2092
2100
2126
2127
2128
2129
2168
2169
2174
2197
2198
2210
2225
2230
2242
2243
2247
2257
2267
2268
2269
2283
2284
2285
2286
2287
2288
2304
2309
2324
2338
2339
2342
2402
2403
2404
2405
2407
2445
2446
2452
2473
2474
2475
2483
2487
2519
2520
2524
2525
2532
2533
2534
2535
2543
2544
2545
2546
2561
2562
2563
2581
2642
2667
2668
2680
2681
2711
2729
2730
2737
2738
2750
2751
2752
2764
2788
2795
2796
2807
2808
2812
2819
2820
2822
2854
2859
2918
2919
2944
2945
2952
2958
2965
2997
3015
3027
3028
3037
3038
3040
3041
3073
3082
3083
3096
3104
3105
3167
3168
3176
3195
3196
3203
3242
3275
3304
3305
3331
3359
3401
3444
3445
3446
3447
3480
3490
3519
3548
3580
3581
3598
3613
3614
3635
3636
3642
3646
3647
3676
3738
3739
3754
3791
3812
3819
3820
3825
3826
3856
3857
3858
3875
3887
3912
3913
3914
3933
3969
3979
4015
4022
4037
4054
4069
4073
4075
4076
4095
4096
4097
4124
4140
4158
4159
4178
4179
4183
4190
4191
4192
4193
4203
4242
4246
4256
4292
4314
4351
4352
4384
4385
4401
4402
4407
4408
4416
4417
4425
4435
4436
4437
4446
4447
4448
4456
4457
4460
4468
4480
4494
4524
4544
4555
4556
4591
4592
4665
4679
4694
4702
4703
4712
4723
4724
4761
4762
4770
4771
4776
4801
4833
4852
4898
4915
4956
4957
4974
4978
4979
5000
5037
5038
5039
5059
5060
5086
5098
5099
5109
5110
5134
5135
5151
5152
5232
5237
5250
5251
5255
5256
5278
5289
5290
5291
5299
5314
5329
5335
5337
5371
5380
5381
5386
5387
5388
5416
5429
5440
5528
5536
5554
5555
5557
5567
5568
5569
5585
5598
5599
5604
5605
5621
5648
5656
5657
5659
5685
5686
5707
5713
5717
5737
5738
5762
5812
5813
5822
5862
5863
5872
5876
5879
5880
5881
5882
5885
5898
5899
5921
5933
5961
5962
5963
5964
5974
5977
5989
5990
5999
6001
6008
6013
6014
6024
6025
6026
6038
6039
6079
6080
6085
6089
6096
6141
6156
6157
6162
6166
6167
6175
6176
6235
6264
6265
6266
6267
6268
6285
6289
6290
6291
6302
6303
6314
6315
6316
6317
6332
6333
6356
6357
6358
6361
6362
6373
6443
6444
6462
6463
6490
6504
6508
6542
6543
6544
6563
6566
6579
6590
6591
6592
6593
6600
6601
6602
6603
6610
6619
6629
6633
6634
6638
6639
6664
6680
6681
6683
6691
6700
6701
6702
6713
6724
6727
6738
6739
6819
6820
6850
6851
6868
6869
6870
6877
6878
6893
6909
6910
6911
6920
6950
6951
6957
6958
6959
6960
6968
6969
6970
6977
6978
6979
6989
6990
6991
7004
7005
7038
7039
7087
7096
7097
7123
7124
7127
7128
7186
7187
7188
7189
7197
7209
7226
7227
7228
7229
7230
7234
7235
7236
7246
7247
7254
7255
7266
7267
7268
7282
7296
7307
7308
7314
7315
7316
7317
7318
7319
7341
7364
7374
7400
7401
7434
7441
7458
7464
7465
7466
7487
7511
7512
7532
7543
7544
7545
7566
7567
7578
7579
7585
7586
7592
7593
7594
7610
7617
7618
7623
7624
7647
7648
7651
7678
7679
7707
7710
7711
7719
7720
7727
7742
7743
7744
7759
7760
7771
7789
7821
7844
7845
7855
7856
7863
7864
7870
7879
7887
7893
7894
7955
8021
8036
8037
8038
8048
8049
8051
8066
8067
8101
8102
8121
8140
8141
8170
8171
8182
8212
8213
8238
8239
8270
8314
8315
8321
8322
8326
8327
8328
8331
8332
8344
8345
8397
8417
8418
8443
8451
8478
8488
8489
8490
8516
8519
8553
8554
8609
8621
8622
8628
8636
8649
8650
8664
8673
8674
8682
8689
8690
8699
8705
8742
8754
8755
8756
8763
8764
8765
8766
8767
8783
8788
8789
8796
8799
8811
8820
8831
8855
8856
8902
8903
8908
8951
8980
8981
8982
8983
8986
8987
9020
9021
9022
9040
9041
9042
9043
9048
9049
9061
9064
9065
9066
9072
9076
9082
9109
9114
9118
9127
9131
9132
9179
9185
9186
9257
9258
9265
9266
9284
9285
9286
9296
9297
9299
9317
9318
9319
9325
9326
9327
9333
9338
9342
9343
9344
9385
9386
9387
9409
9430
9431
9455
9456
9457
9510
9511
9512
9547
9554
9573
9587
9596
9619
9620
9641
9661
9662
9663
9664
9678
9692
9707
9724
9730
9731
9732
9733
9734
9735
9752
9753
9759
9760
9767
9778
9779
9780
9786
9787
9788
9802
9824
9825
9850
9859
9863
9864
9890
9897
9908
9909
9920
9922
9937
9938
9939
9940
9969
9989
9990
10001
10005
10006
10007
10008
10009
10010
10029
10030
10031
10035
10036
10044
10056
10060
10062
10063
10076
10102
10119
10122
10136
10137
10140
10167
10174
10185
10186
10202
10213
10214
10215
10216
10217
10218
10228
10230
10236
10237
10256
10265
10267
10285
10286
10296
10306
10308
10312
10317
10318
10345
10357
10361
10378
10379
10380
10386
10399
10413
10414
10435
10437
10445
10455
10466
10493
10494
10495
10504
10505
10506
10507
10513
10514
10516
10517
10531
10532
10533
10563
10573
10574
10595
10634
10639
10649
10653
10654
10655
10656
10657
10658
10659
10663
10664
10679
10681
10722
10732
10742
10743
10771
10772
10783
10784
10794
10808
10809
10810
10811
10813
10814
10831
10844
10926
10930
10931
10933
10934
10935
10948
10956
10957
10958
10971
11008
11009
11010
11019
11020
11021
11061
11084
11085
11086
11087
11088
11089
11097
11108
11112
11121
11155
11202
11203
11211
11212
11234
11248
11262
11270
11285
11287
11296
11297
11304
11319
11337
11338
11345
11362
11363
11373
11389
11399
11431
11440
11445
11446
11450
11479
11480
11497
11547
11561
11570
11574
11575
11581
11582
11583
11584
11596
11610
11621
11622
11623
11648
11649
11650
11651
11656
11657
11658
11662
11666
11667
11675
11676
11701
11717
11723
11724
11727
11728
11738
11756
11773
11795
11796
11800
11808
11812
11831
11838
11850
11851
11852
11853
11858
11859
11870
11887
11920
11925
11926
11934
11935
11939
11952
11953
11965
12005
12015
12026
12034
12045
12048
12049
12050
12072
12073
12089
12090
12091
12092
12094
12100
12101
12111
12114
12115
12128
12129
12130
12143
12144
12147
12160
12184
12201
12202
12211
12237
12262
12293
12303
12304
12311
12312
12322
12345
12376
12391
12392
12406
12420
12436
12437
12442
12461
12467
12535
12574
12581
12589
12637
12638
12672
12673
12679
12682
12683
12684
12720
12721
12771
12772
12773
12774
12792
12830
12850
12851
12857
12858
12865
12866
12882
12904
12905
12906
12914
12942
12949
12950
12959
12961
12965
12973
12974
12986
12997
12998
12999
13040
13051
13069
13085
13106
13114
13115
13124
13125
13126
13127
13128
13134
13135
13143
13158
13159
13160
13162
13167
13219
13220
13227
13241
13249
13284
13285
13286
13331
13337
13357
13361
13362
13363
13401
13402
13429
13434
13435
13436
13437
13438
13439
13440
13441
13449
13465
13467
13468
13489
13495
13496
13518
13556
13562
13563
13615
13633
13634
13635
13638
13639
13640
13672
13673
13678
13697
13717
13718
13726
13742
13743
13744
13745
13746
13765
13766
13792
13795
13839
13858
13864
13866
13873
13874
13879
13897
13909
13910
13911
13912
13920
13933
13934
13956
13971
13972
13973
13977
14003
14012
14013
14021
14022
14023
14028
14043
14044
14058
14059
14062
14069
14101
14102
14116
14135
14136
14137
14138
14141
14142
14143
14150
14151
14152
14153
14156
14174
14175
14178
14179
14186
14187
14188
14189
14233
14248
14254
14258
14279
14280
14293
14299
14300
14321
14333
14334
14342
14349
14356
14357
14383
14384
14415
14419
14420
14427
14439
14440
14441
14442
14463
14464
14465
14469
14471
14482
14504
14505
14556
14557
14558
14576
14577
14594
14599
14607
14608
14609
14610
14630
14632
14633
14634
14660
14661
14696
14697
14718
14736
14741
14745
14746
14747
14748
14758
14759
14760
14772
14779
14780
14781
14785
14792
14797
14815
14816
14871
14872
14885
14886
14887
14891
14907
14908
14909
14910
14911
14912
14952
14974
14980
14985
14986
15012
15013
15022
15023
15024
15043
15044
15045
15049
15054
15055
15056
15057
15082
15092
15093
15117
15118
15134
15138
15150
15162
15163
15187
15188
15206
15211
15212
15226
15250
15263
15264
15269
15275
15298
15299
15300
15329
15330
15331
15332
15394
15395
15411
15412
15440
15476
15477
15483
15484
15488
15489
15490
15521
15527
15541
15546
15574
15576
15577
15580
15581
15607
15608
15619
15620
15632
15671
15675
15727
15728
15734
15745
15752
15753
15754
15755
15814
15832
15840
15857
15858
15888
15891
15897
15905
15925
15929
15934
15935
15951
15952
15959
15960
15987
15988
15989
16003
16004
16005
16011
16012
16026
16032
16033
16056
16073
16102
16103
16108
16109
16113
16114
16133
16134
16177
16205
16206
16207
16210
16211
16236
16237
16238
16241
16265
16266
16267
16279
16280
16281
16282
16303
16304
16316
16317
16333
16350
16379
16391
16411
16416
16453
16473
16474
16475
16482
16483
16484
16513
16514
16515
16544
16545
16580
16581
16582
16592
16626
16627
16633
16634
16643
16648
16676
16681
16688
16697
16729
16730
16744
16745
16750
16751
16752
16753
16760
16761
16806
16809
16829
16830
16853
16854
16909
16910
16911
16912
16918
16919
16920
16952
16953
16954
16981
16992
17006
17026
17027
17028
17051
17083
17092
17093
17094
17095
17131
17132
17163
17168
17176
17177
17186
17187
17195
17196
17197
17198
17229
17230
17238
17253
17258
17283
17291
17347
17352
17369
17396
17409
17414
17415
17425
17448
17453
17463
17469
17473
17474
17475
17481
17484
17485
17494
17495
17498
17515
17538
17539
17588
17589
17590
17601
17610
17611
17623
17624
17640
17676
17701
17702
17708
17712
17713
17714
17746
17751
17752
17770
17771
17799
17800
17816
17865
17875
17891
17917
17979
17980
17989
17990
18028
18032
18075
18076
18077
18130
18139
18151
18152
18160
18167
18168
18174
18189
18205
18206
18207
18209
18210
18226
18233
18234
18235
18247
18248
18249
18293
18294
18300
18301
18305
18309
18310
18311
18314
18327
18328
18335
18352
18388
18432
18442
18443
18450
18456
18457
18465
18466
18508
18509
18510
18511
18512
18513
18514
18526
18576
18577
18578
18585
18586
18587
18600
18603
18604
18605
18612
18614
18618
18635
18636
18662
18665
18734
18741
18742
18743
18769
18785
18786
18787
18790
18791
18816
18829
18853
18854
18855
18862
18871
18872
18874
18913
18924
18925
18955
18956
19019
19027
19038
19039
19046
19062
19063
19093
19094
19095
19117
19118
19119
19123
19124
19131
19132
19136
19144
19145
19147
19148
19149
19150
19151
19166
19183
19200
19201
19202
19222
19223
19224
19225
19251
19252
19266
19274
19296
19340
19341
19349
19350
19351
19370
19371
19401
19409
19412
19413
19425
19426
19427
19429
19433
19434
19443
19460
19479
19480
19499
19501
19507
19524
19527
19528
19542
19543
19551
19555
19556
19589
19595
19617
19618
19619
19623
19624
19625
19626
19627
19647
19648
19689
19758
19759
19767
19769
19801
19805
19806
19819
19827
19828
19840
19841
19845
19853
19866
19871
19872
19900
19901
19913
19914
19920
19931
19932
20000
20001
20039
20049
20050
20074
20078
20082
20084
20103
20104
20133
20137
20148
20176
20177
20208
20209
20210
20218
20245
20246
20251
20252
20266
20267
20274
20287
20292
20315
20316
20317
20318
20326
20327
20328
20339
20340
20358
20377
20414
20453
20454
20479
20480
20484
20485
20486
20494
20495
20506
20507
20508
20522
20528
20529
20530
20531
20543
20544
20569
20577
20578
20592
20593
20594
20595
20603
20604
20615
20616
20617
20620
20628
20660
20672
20682
20683
20727
20761
20762
20781
20782
20784
20785
20793
20806
20807
20808
20855
20856
20870
20871
20887
20897
20898
20901
20915
20920
20948
20949
21021
21024
21025
21042
21062
21063
21070
21071
21082
21083
21110
21111
21132
21133
21137
21148
21175
21179
21191
21192
21193
21194
21218
21225
21253
21287
21298
21299
21300
21308
21309
21339
21340
21341
21348
21368
21369
21430
21431
21455
21456
21457
21458
21470
21471
21480
21481
21502
21530
21557
21570
21572
21613
21618
21619
21645
21646
21661
21681
21682
21683
21695
21714
21734
21751
21752
21753
21754
21779
21782
21828
21829
21857
21866
21867
21922
21934
21946
21959
21979
21980
22014
22037
22076
22105
22129
22139
22141
22142
22184
22187
22188
22199
22200
22222
22223
22224
22228
22229
22230
22240
22241
22242
22251
22254
22255
22256
22257
22273
22291
22314
22318
22321
22325
22329
22330
22353
22354
22392
22393
22407
22418
22433
22439
22464
22469
22476
22477
22478
22479
22480
22481
22502
22516
22517
22518
22519
22520
22532
22546
22547
22559
22560
22595
22596
22597
22598
22631
22662
22668
22669
22670
22671
22710
22753
22754
22755
22761
22762
22766
22767
22795
22796
22814
22815
22823
22824
22836
22848
22873
22874
22875
22876
22891
22892
22922
22939
22940
22941
22945
22946
22947
22948
22998
23030
23037
23038
23044
23091
23092
23108
23124
23125
23126
23133
23136
23150
23151
23152
23153
23157
23158
23170
23182
23204
23207
23213
23217
23221
23222
23223
23238
23248
23275
23276
23277
23283
23295
23315
23316
23324
23346
23360
23381
23384
23385
23401
23402
23420
23421
23422
23428
23429
23435
23471
23481
23482
23483
23490
23505
23509
23510
23515
23516
23552
23553
23571
23591
23592
23593
23594
23606
23635
23636
23637
23638
23639
23662
23663
23666
23667
23678
23679
23698
23759
23767
23787
23793
23812
23829
23848
23854
23862
23863
23869
23870
23912
23913
23915
23938
23939
23944
23961
23985
23986
24009
24013
24040
24044
24088
24089
24101
24106
24107
24131
24132
24147
24179
24189
24198
24199
24221
24222
24227
24262
24272
24290
24303
24307
24308
24309
24310
24317
24318
24365
24378
24390
24407
24408
24409
24445
24451
24474
24475
24477
24478
24503
24504
24516
24523
24567
24584
24585
24586
24595
24616
24674
24684
24685
24686
24722
24723
24726
24727
24751
24779
24780
24843
24844
24861
24885
24892
24903
24904
24950
24951
24961
24962
24975
24976
25004
25015
25016
25019
25037
25041
25057
25078
25128
25133
25168
25177
25183
25194
25195
25196
25228
25239
25242
25247
25248
25252
25272
25273
25299
25312
25313
25314
25318
25341
25342
25364
25370
25391
25403
25404
25405
25442
25454
25461
25462
25472
25501
25519
25520
25524
25525
25529
25543
25550
25551
25552
25555
25575
25576
25618
25641
25646
25647
25648
25656
25668
25669
25726
25737
25738
25739
25748
25754
25778
25779
25795
25796
25797
25798
25802
25803
25805
25806
25819
25828
25829
25835
25836
25875
25876
25880
25882
25917
25923
25924
25925
25933
25934
25937
25944
25945
25946
25977
25978
26002
26003
26013
26014
26015
26023
26024
26025
26045
26059
26073
26079
26080
26081
26101
26106
26193
26194
26236
26245
26246
26254
26255
26270
26280
26291
26292
26293
26300
26301
26317
26320
26321
26322
26323
26324
26379
26380
26414
26425
26470
26481
26511
26512
26531
26547
26560
26567
26568
26569
26570
26576
26577
26598
26599
26600
26601
26602
26605
26613
26620
26637
26638
26643
26644
26647
26656
26657
26679
26680
26683
26684
26694
26724
26725
26726
26730
26741
26747
26748
26788
26789
26844
26846
26847
26848
26854
26857
26858
26877
26878
26885
26889
26890
26891
26892
26893
26896
26897
26906
26907
26908
26909
26915
26923
26924
26956
26957
26961
26965
27001
27018
27024
27038
27077
27078
27088
27089
27120
27125
27134
27135
27149
27166
27167
27168
27170
27182
27183
27184
27186
27241
27242
27243
27251
27252
27254
27255
27273
27289
27295
27296
27307
27314
27315
27336
27354
27355
27358
27359
27364
27365
27366
27403
27443
27454
27517
27518
27519
27526
27527
27555
27562
27563
27603
27616
27624
27625
27636
27637
27646
27697
27707
27715
27819
27832
27837
27838
27839
27840
27901
27974
27987
27988
27999
28000
28001
28030
28044
28096
28113
28114
28115
28144
28150
28151
28160
28218
28219
28236
28237
28261
28276
28277
28278
28279
28280
28303
28304
28321
28345
28346
28363
28390
28408
28413
28414
28415
28437
28461
28476
28480
28481
28482
28488
28496
28509
28553
28554
28563
28568
28580
28581
28588
28589
28590
28597
28598
28599
28602
28636
28657
28671
28680
28681
28685
28686
28690
28691
28718
28719
28758
28765
28781
28782
28783
28786
28821
28830
28840
28843
28844
28845
28846
28858
28859
28874
28875
28876
28895
28896
28912
28913
28947
28948
28949
28950
28952
28953
28958
29053
29057
29059
29060
29098
29099
29100
29120
29121
29122
29123
29131
29134
29135
29150
29151
29152
29153
29154
29172
29179
29180
29191
29210
29221
29255
29259
29266
29281
29282
29289
29297
29298
29325
29333
29337
29338
29349
29368
29369
29377
29398
29427
29429
29430
29431
29469
29470
29473
29474
29475
29487
29523
29531
29532
29536
29557
29558
29564
29565
29566
29573
29574
29614
29615
29620
29626
29646
29681
29682
29707
29708
29709
29724
29729
29730
29740
29753
29754
29757
29808
29825
29828
29835
29848
29849
29850
29851
29896
29897
29923
29924
29929
29935
29955
29959
29972
29973
29985
29986
30006
30007
30008
30017
30018
30031
30032
30033
30034
30046
30055
30056
30063
30070
30071
30072
30101
30109
30131
30142
30149
30156
30172
30173
30174
30175
30186
30195
30202
30203
30206
30207
30219
30224
30231
30232
30236
30237
30271
30272
30275
30283
30302
30308
30309
30339
30340
30349
30370
30397
30398
30399
30419
30426
30433
30434
30440
30449
30450
30451
30463
30464
30501
30502
30509
30510
30514
30533
30547
30548
30630
30633
30658
30673
30674
30675
30682
30695
30703
30704
30711
30742
30767
30768
30792
30808
30809
30810
30811
30882
30883
30884
30885
30907
30911
30951
30957
30958
30959
30960
30961
30976
30982
30983
30988
31045
31088
31120
31133
31145
31152
31184
31185
31207
31208
31227
31228
31235
31238
31291
31292
31303
31304
31305
31315
31316
31317
31331
31334
31335
31366
31392
31393
31394
31400
31401
31402
31403
31410
31416
31417
31419
31425
31426
31429
31430
31433
31442
31443
31457
31461
31462
31471
31472
31484
31485
31504
31505
31516
31571
31580
31581
31582
31592
31612
31613
31614
31643
31668
31669
31670
31671
31677
31687
31702
31717
31718
31719
31720
31738
31745
31755
31756
31757
31758
31761
31770
31813
31815
31857
31868
31929
31930
31946
31947
31993
31994
31995
31996
32032
32033
32080
32081
32088
32089
32090
32091
32092
32098
32143
32144
32145
32183
32184
32185
32224
32225
32263
32272
32273
32277
32286
32319
32320
32332
32333
32368
32401
32405
32419
32420
32426
32427
32461
32478
32488
32489
32541
32557
32564
32565
32566
32567
32596
32597
32631
32660
32681
32682
32745
32746
32767
32813
32814
32833
32834
32841
32842
32843
32866
32873
32914
32915
32916
32923
32959
32960
32968
32969
32990
32991
32992
32993
33002
33039
33088
33089
33090
33091
33115
33119
33120
33156
33157
33160
33172
33173
33190
33191
33200
33201
33202
33231
33232
33236
33237
33267
33268
33269
33271
33272
33273
33274
33275
33280
33286
33287
33332
33333
33338
33379
33380
33396
33416
33417
33433
33441
33448
33449
33474
33477
33478
33489
33544
33545
33549
33550
33563
33564
33607
33608
33609
33610
33622
33623
33624
33665
33694
33697
33706
33707
33722
33726
33740
33761
33774
33775
33780
33797
33821
33822
33837
33840
33848
33866
33867
33900
33912
33931
33937
33938
33940
33941
33942
33943
33984
34016
34017
34035
34046
34051
34074
34086
34122
34123
34124
34142
34149
34150
34151
34157
34168
34171
34201
34212
34213
34214
34215
34216
34217
34218
34219
34220
34225
34226
34267
34268
34269
34294
34303
34304
34320
34356
34357
34360
34397
34398
34399
34401
34402
34411
34427
34473
34474
34477
34478
34495
34496
34497
34503
34545
34546
34597
34613
34614
34643
34647
34687
34688
34689
34714
34715
34735
34749
34750
34760
34773
34774
34806
34807
34822
34823
34826
34827
34836
34862
34863
34874
34879
34880
34890
34891
34892
34920
34924
34931
34946
34947
34948
34965
34966
34990
34991
34992
35003
35004
35012
35024
35025
35026
35054
35072
35084
35103
35104
35138
35139
35152
35158
35166
35167
35194
35197
35217
35223
35224
35231
35232
35242
35243
35267
35319
35331
35332
35333
35348
35349
35362
35372
35373
35393
35416
35463
35464
35465
35471
35495
35499
35500
35508
35516
35551
35571
35586
35610
35611
35617
35618
35624
35625
35626
35638
35639
35729
35759
35763
35764
35772
35773
35774
35775
35776
35777
35780
35793
35815
35823
35824
35827
35828
35834
35841
35842
35894
35895
35896
35897
35898
35913
35914
35970
35974
35975
35976
35984
35985
35986
35995
35996
36005
36006
36037
36039
36040
36041
36042
36043
36050
36052
36053
36069
36070
36098
36099
36100
36104
36105
36111
36112
36173
36174
36175
36189
36190
36197
36202
36203
36207
36208
36221
36251
36252
36253
36272
36273
36274
36296
36301
36306
36310
36314
36315
36356
36359
36360
36377
36381
36387
36388
36399
36430
36431
36443
36444
36457
36458
36459
36467
36479
36495
36502
36503
36504
36551
36573
36588
36601
36602
36630
36644
36664
36671
36676
36677
36678
36685
36702
36744
36767
36771
36772
36779
36780
36781
36799
36800
36813
36814
36815
36849
36878
36898
36905
36906
36922
36940
36954
36955
36962
36989
37001
37018
37021
37027
37029
37045
37048
37057
37058
37078
37090
37112
37134
37161
37162
37163
37211
37217
37232
37233
37266
37271
37291
37292
37299
37304
37311
37316
37317
37322
37326
37358
37411
37431
37440
37487
37488
37489
37494
37509
37530
37531
37559
37560
37575
37576
37577
37578
37587
37599
37602
37603
37608
37638
37656
37662
37687
37688
37694
37725
37729
37764
37765
37766
37767
37775
37778
37779
37780
37809
37854
37855
37879
37880
37881
37884
37885
37890
37891
37895
37934
37935
37970
37971
37982
37990
38004
38005
38014
38019
38033
38041
38042
38043
38044
38045
38046
38056
38057
38058
38087
38097
38156
38162
38167
38180
38205
38206
38228
38229
38230
38247
38291
38292
38296
38297
38298
38311
38319
38322
38323
38324
38338
38354
38375
38424
38444
38453
38454
38507
38508
38532
38556
38569
38574
38575
38576
38585
38601
38602
38624
38648
38669
38675
38699
38700
38701
38750
38777
38806
38811
38820
38822
38833
38851
38852
38857
38870
38900
38901
38926
38935
38952
38961
38962
38971
38976
38987
38991
39013
39018
39054
39065
39066
39069
39070
39089
39110
39111
39133
39134
39150
39209
39213
39230
39239
39240
39245
39246
39247
39248
39267
39290
39295
39296
39299
39343
39357
39398
39410
39461
39490
39504
39508
39524
39525
39526
39534
39544
39545
39563
39576
39577
39589
39634
39654
39655
39732
39738
39755
39767
39780
39781
39803
39820
39821
39822
39839
39840
39866
39882
39893
39894
39910
39911
39912
39920
39921
39931
39953
39971
39979
39980
39983
40009
40010
40015
40025
40043
40044
40045
40057
40058
40059
40096
40097
40098
40099
40100
40103
40116
40117
40143
40144
40156
40178
40187
40189
40197
40198
40199
40255
40256
40271
40274
40275
40281
40282
40287
40288
40305
40315
40320
40321
40322
40325
40326
40327
40328
40334
40335
40336
40337
40338
40339
40377
40389
40390
40392
40393
40421
40422
40423
40433
40458
40463
40473
40474
40475
40476
40518
40532
40533
40552
40553
40554
40565
40598
40603
40604
40605
40608
40613
40614
40615
40616
40655
40667
40668
40669
40670
40671
40676
40684
40685
40697
40698
40706
40726
40734
40735
40736
40740
40750
40751
40752
40802
40821
40880
40881
40886
40892
40932
40939
40946
40947
40948
40949
40950
40960
40961
40962
40973
40974
40983
40984
41000
41001
41002
41003
41011
41016
41017
41024
41026
41027
41028
41034
41035
41079
41113
41126
41127
41132
41140
41141
41158
41173
41174
41193
41216
41217
41224
41225
41226
41237
41250
41279
41293
41302
41312
41313
41327
41352
41353
41355
41356
41362
41390
41391
41404
41409
41417
41450
41451
41464
41467
41473
41477
41494
41501
41502
41503
41562
41604
41605
41626
41630
41638
41639
41650
41651
41655
41666
41667
41680
41681
41705
41718
41727
41738
41740
41749
41750
41755
41779
41788
41824
41871
41872
41876
41881
41882
41883
41904
41920
41928
41929
41930
41944
41945
41951
41952
41958
41969
41995
41996
41997
42015
42016
42017
42025
42026
42032
42039
42051
42052
42068
42069
42070
42080
42091
42092
42125
42154
42158
42171
42176
42206
42228
42244
42245
42246
42273
42274
42287
42291
42292
42293
42302
42315
42316
42345
42352
42353
42368
42369
42405
42410
42411
42412
42431
42432
42441
42443
42444
42452
42453
42505
42513
42515
42551
42554
42570
42576
42599
42618
42619
42627
42628
42629
42630
42637
42679
42682
42683
42685
42686
42687
42688
42689
42709
42721
42722
42728
42729
42742
42775
42777
42824
42825
42854
42859
42876
42877
42878
42952
42956
42961
42962
42963
42964
42965
42967
42978
42986
42987
42989
42998
42999
43000
43001
43005
43006
43007
43036
43058
43073
43074
43090
43113
43114
43130
43131
43154
43155
43156
43205
43229
43233
43240
43241
43250
43254
43255
43256
43260
43264
43269
43275
43276
43277
43283
43284
43335
43361
43366
43367
43406
43407
43408
43409
43431
43448
43449
43451
43462
43469
43470
43471
43482
43507
43510
43511
43518
43526
43527
43531
43533
43534
43564
43625
43683
43684
43685
43686
43687
43688
43692
43697
43705
43718
43726
43727
43728
43747
43748
43768
43784
43788
43789
43811
43812
43841
43885
43903
43904
43924
43925
43957
43961
43962
43995
44002
44031
44084
44094
44192
44202
44234
44262
44263
44299
44349
44350
44351
44360
44361
44400
44403
44425
44426
44427
44428
44433
44443
44469
44506
44539
44540
44541
44560
44566
44576
44622
44623
44624
44625
44628
44673
44677
44684
44704
44705
44706
44711
44793
44797
44805
44817
44842
44843
44857
44878
44892
44906
44922
44955
44983
45007
45031
45032
45040
45056
45073
45074
45082
45083
45084
45087
45110
45116
45117
45118
45121
45154
45183
45187
45190
45222
45223
45224
45232
45250
45254
45256
45302
45308
45309
45323
45324
45325
45328
45333
45350
45360
45364
45365
45381
45386
45387
45392
45393
45394
45430
45431
45439
45456
45457
45500
45509
45530
45531
45532
45533
45534
45569
45570
45586
45591
45601
45602
45609
45610
45626
45664
45670
45671
45680
45702
45707
45716
45734
45744
45755
45768
45786
45798
45799
45807
45808
45809
45859
45868
45869
45891
45947
45962
45963
45964
45968
45977
45978
45979
45984
45993
45994
46027
46048
46057
46132
46136
46137
46138
46167
46191
46206
46223
46224
46231
46238
46239
46240
46241
46245
46246
46254
46255
46256
46269
46270
46271
46285
46307
46325
46356
46357
46378
46389
46414
46415
46437
46452
46453
46483
46516
46521
46522
46523
46524
46525
46526
46533
46546
46547
46548
46557
46558
46562
46563
46637
46638
46643
46666
46679
46683
46695
46714
46718
46736
46737
46773
46781
46799
46800
46801
46823
46845
46846
46848
46890
46893
46903
46928
46972
46973
46975
46976
46994
46998
47010
47012
47013
47014
47031
47043
47087
47160
47163
47179
47180
47186
47205
47251
47252
47253
47264
47287
47288
47289
47297
47304
47305
47314
47315
47340
47341
47358
47359
47360
47363
47364
47395
47396
47397
47409
47413
47416
47417
47456
47457
47483
47509
47510
47530
47563
47564
47565
47589
47590
47606
47607
47618
47629
47635
47636
47641
47652
47665
47666
47673
47674
47675
47694
47695
47725
47726
47748
47760
47812
47842
47879
47884
47909
47928
47929
47993
47994
48002
48003
48007
48010
48026
48072
48092
48093
48097
48134
48135
48138
48139
48149
48156
48157
48158
48186
48187
48205
48284
48285
48286
48287
48303
48304
48305
48321
48322
48374
48399
48400
48415
48416
48417
48426
48427
48428
48434
48435
48454
48458
48470
48513
48518
48519
48581
48582
48598
48599
48635
48652
48677
48678
48693
48694
48695
48696
48705
48712
48725
48735
48777
48778
48796
48811
48831
48835
48859
48912
48954
48972
48986
48994
49056
49057
49062
49067
49074
49076
49088
49107
49108
49143
49160
49189
49190
49194
49203
49217
49224
49225
49263
49268
49297
49298
49299
49313
49314
49315
49316
49323
49344
49351
49352
49353
49358
49365
49383
49384
49385
49386
49388
49389
49393
49394
49409
49437
49452
49481
49531
49541
49543
49544
49545
49573
49574
49575
49576
49577
49591
49592
49593
49621
49629
49630
49631
49633
49634
49645
49651
49659
49660
49662
49663
49664
49665
49666
49671
49672
49681
49685
49686
49687
49692
49740
49741
49751
49752
49800
49815
49818
49819
49820
49821
49851
49852
49853
49857
49880
49883
49892
49898
49899
49906
49934
49935
49941
49942
49943
49950
49959
49969
49981
50017
50018
50027
50028
50029
50053
50077
50078
50096
50097
50098
50127
50128
50129
50134
50169
50182
50220
50228
50236
50258
50259
50279
50295
50316
50317
50322
50324
50325
50338
50373
50374
50389
50406
50407
50424
50425
50442
50477
50481
50484
50485
50500
50501
50513
50514
50535
50536
50591
50592
50593
50594
50603
50613
50614
50615
50616
50650
50651
50652
50697
50702
50703
50717
50718
50719
50720
50722
50723
50748
50752
50753
50754
50762
50763
50777
50790
50811
50812
50891
50892
50893
50894
50895
50904
50905
50917
50923
50924
50929
50934
50935
50974
50975
50993
50994
50995
50996
50997
50998
51000
51005
51006
51022
51028
51029
51040
51041
51054
51134
51169
51170
51187
51188
51207
51210
51217
51221
51222
51223
51239
51250
51251
51252
51253
51271
51280
51281
51282
51294
51299
51305
51318
51319
51350
51357
51377
51386
51391
51395
51445
51446
51481
51484
51493
51494
51498
51500
51501
51510
51511
51539
51542
51543
51557
51558
51575
51582
51585
51586
51587
51604
51605
51628
51633
51634
51640
51641
51643
51644
51654
51655
51656
51658
51659
51662
51663
51664
51672
51684
51723
51774
51778
51787
51788
51819
51820
51833
51834
51852
51856
51863
51864
51869
51876
51881
51882
51908
51918
51919
51920
51921
51922
51930
51931
51932
51933
51934
51935
51948
51949
51965
51995
52065
52068
52069
52070
52079
52080
52081
52095
52096
52110
52111
52114
52145
52146
52150
52154
52175
52176
52177
52179
52184
52196
52197
52198
52199
52208
52209
52210
52226
52227
52241
52268
52273
52274
52341
52345
52346
52347
52348
52349
52357
52358
52359
52360
52371
52372
52373
52395
52414
52415
52427
52428
52446
52447
52461
52468
52474
52475
52476
52479
52485
52492
52518
52532
52540
52541
52545
52554
52559
52568
52618
52619
52621
52622
52623
52625
52626
52634
52635
52636
52640
52648
52672
52691
52704
52705
52745
52746
52747
52748
52761
52770
52796
52799
52804
52805
52817
52822
52823
52831
52868
52896
52913
52914
52916
52917
52918
52934
52968
53024
53025
53048
53049
53059
53081
53082
53089
53095
53104
53107
53117
53138
53143
53144
53145
53192
53193
53194
53195
53211
53226
53249
53272
53273
53327
53328
53340
53365
53379
53380
53381
53382
53383
53384
53401
53402
53410
53411
53425
53426
53447
53491
53526
53527
53547
53548
53550
53566
53588
53597
53598
53617
53628
53629
53630
53638
53639
53654
53655
53659
53687
53688
53716
53717
53724
53725
53726
53740
53741
53742
53774
53775
53803
53804
53830
53850
53874
53916
53925
53972
53985
53986
53987
53993
54001
54002
54003
54004
54017
54029
54030
54036
54039
54040
54052
54053
54066
54076
54077
54080
54081
54107
54116
54125
54126
54137
54138
54139
54151
54162
54235
54255
54262
54263
54264
54278
54279
54306
54307
54308
54309
54311
54312
54316
54317
54330
54348
54353
54354
54381
54401
54402
54403
54415
54416
54428
54429
54435
54475
54482
54487
54532
54539
54540
54549
54550
54584
54585
54586
54587
54588
54589
54593
54626
54627
54629
54630
54631
54657
54658
54665
54666
54711
54712
54713
54744
54753
54754
54760
54817
54824
54825
54826
54862
54863
54864
54866
54903
54904
54905
54906
54907
54908
54935
54942
54965
54989
54990
55021
55022
55023
55024
55056
55080
55097
55100
55101
55102
55103
55108
55125
55126
55127
55189
55237
55251
55254
55290
55291
55298
55299
55331
55332
55333
55356
55357
55358
55379
55380
55381
55402
55403
55404
55445
55469
55470
55491
55492
55493
55494
55607
55608
55620
55621
55628
55636
55657
55658
55674
55679
55693
55713
55714
55722
55723
55726
55746
55747
55753
55770
55771
55792
55830
55831
55855
55883
55891
55892
55898
55905
55906
55999
56030
56056
56099
56107
56131
56140
56144
56169
56198
56236
56237
56238
56239
56263
56264
56333
56351
56372
56376
56377
56378
56384
56408
56446
56456
56474
56475
56515
56545
56546
56547
56566
56598
56609
56628
56653
56654
56655
56661
56701
56707
56711
56771
56823
56829
56857
56871
56874
56875
56886
56887
56905
56930
56931
56958
56959
56977
57000
57001
57023
57024
57025
57029
57048
57066
57067
57072
57075
57076
57087
57088
57106
57107
57134
57143
57147
57148
57172
57186
57187
57188
57202
57206
57207
57254
57255
57258
57276
57277
57279
57306
57307
57308
57314
57343
57349
57358
57364
57365
57366
57367
57372
57384
57392
57410
57411
57423
57424
57425
57449
57463
57464
57476
57483
57484
57498
57499
57507
57508
57509
57532
57542
57543
57557
57583
57584
57585
57627
57635
57636
57643
57644
57645
57646
57668
57682
57683
57688
57689
57701
57713
57735
57739
57740
57749
57750
57775
57776
57779
57780
57784
57785
57786
57787
57808
57809
57818
57819
57820
57834
57884
57885
57908
57912
57913
57923
57953
57967
57968
57971
57999
58000
58012
58016
58017
58020
58034
58038
58056
58057
58063
58095
58130
58131
58151
58157
58160
58161
58185
58186
58189
58190
58194
58195
58201
58204
58205
58232
58233
58251
58270
58271
58290
58297
58324
58332
58333
58383
58384
58385
58407
58433
58434
58471
58472
58473
58474
58497
58498
58528
58529
58547
58548
58562
58563
58566
58567
58573
58574
58599
58600
58601
58608
58609
58610
58661
58710
58711
58718
58719
58736
58774
58775
58782
58804
58805
58806
58807
58811
58841
58842
58843
58844
58849
58856
58884
58885
58915
58987
59013
59014
59015
59019
59020
59038
59039
59073
59075
59087
59088
59120
59181
59182
59189
59206
59207
59208
59258
59280
59284
59291
59292
59310
59321
59338
59350
59351
59352
59353
59364
59372
59379
59380
59458
59459
59460
59485
59492
59493
59522
59546
59560
59561
59578
59585
59586
59587
59588
59597
59598
59614
59628
59629
59630
59649
59650
59654
59655
59665
59666
59684
59713
59734
59735
59747
59798
59799
59810
59837
59838
59851
59863
59864
59874
59904
59905
59906
59907
59925
59926
59931
59938
59942
59946
59960
59981
59989
59990
59991
60010
60019
60027
60028
60032
60039
60044
60061
60074
60075
60076
60083
60084
60118
60121
60126
60127
60128
60151
60182
60183
60201
60203
60204
60208
60219
60257
60258
60266
60267
60268
60351
60352
60369
60401
60402
60403
60404
60409
60424
60425
60431
60453
60470
60471
60486
60496
60497
60507
60511
60521
60534
60535
60544
60545
60566
60602
60629
60630
60655
60660
60678
60681
60685
60686
60702
60708
60729
60730
60747
60789
60798
60799
60811
60812
60813
60848
60849
60879
60894
60903
60905
60906
60907
60916
60932
60933
60937
60954
60966
60967
60998
61006
61066
61075
61076
61077
61088
61103
61104
61124
61125
61126
61127
61128
61129
61180
61181
61182
61183
61184
61185
61214
61231
61232
61243
61287
61303
61304
61312
61313
61347
61352
61353
61360
61361
61379
61380
61400
61404
61405
61406
61415
61437
61438
61457
61458
61459
61460
61462
61490
61491
61509
61520
61565
61581
61582
61583
61636
61662
61663
61682
61688
61691
61692
61706
61707
61713
61734
61735
61767
61800
61810
61819
61835
61851
61871
61887
61891
61892
61912
61939
61940
61980
61981
61982
61983
62010
62011
62071
62087
62088
62111
62112
62128
62147
62163
62164
62165
62168
62176
62177
62178
62209
62212
62221
62222
62256
62257
62287
62291
62292
62293
62327
62341
62357
62364
62365
62366
62367
62383
62395
62416
62450
62451
62452
62453
62455
62497
62498
62499
62514
62533
62568
62569
62604
62629
62641
62642
62643
62687
62688
62692
62728
62748
62773
62774
62775
62800
62807
62819
62823
62854
62873
62904
62906
62907
62919
62953
62976
62977
62978
62992
63032
63050
63051
63052
63070
63098
63099
63100
63101
63104
63112
63118
63126
63127
63128
63141
63153
63158
63162
63163
63184
63185
63249
63253
63254
63255
63278
63279
63285
63299
63307
63308
63309
63327
63328
63329
63345
63346
63370
63376
63389
63394
63395
63396
63400
63405
63406
63416
63417
63418
63419
63422
63430
63439
63440
63460
63461
63495
63526
63527
63530
63531
63585
63586
63587
63614
63623
63632
63643
63676
63688
63693
63694
63716
63730
63736
63737
63738
63748
63749
63761
63783
63784
63794
63808
63824
63825
63849
63862
63864
63874
63891
64007
64012
64013
64060
64061
64062
64102
64103
64126
64127
64151
64160
64161
64165
64272
64277
64278
64289
64307
64336
64337
64379
64380
64437
64438
64449
64488
64489
64490
64494
64495
64508
64549
64565
64566
64574
64613
64632
64633
64653
64657
64668
64694
64711
64713
64714
64731
64732
64739
64766
64767
64768
64769
64770
64771
64775
64784
64825
64826
64864
64869
64870
64882
64890
64891
64905
64909
64910
64913
64914
64937
64938
64945
64959
64960
64971
64972
64986
64987
64988
64989
64990
64991
65043
65044
65047
65048
65061
65081
65082
65100
65101
65102
65128
65129
65141
65146
65147
65153
65154
65155
65159
65160
65168
65177
65186
65190
65191
65201
65213
65214
65236
65237
65256
65263
65266
65271
65278
65311
65312
65331
65332
65333
65359
65376
65377
65378
65405
65423
65431
65446
65466
65467
65485
65513
65533
65534
65547
65567
65568
65606
65607
65608
65629
65630
65636
65637
65644
65645
65654
65655
65658
65676
65677
65717
65723
65760
65761
65762
65763
65790
65824
65843
65844
65845
65875
65884
65890
65891
65893
65894
65913
65914
65920
65921
65922
65954
65955
65990
65993
65994
66038
66039
66045
66046
66047
66053
66054
66066
66067
66151
66156
66157
66164
66168
66169
66191
66197
66198
66199
66225
66239
66240
66290
66316
66322
66323
66324
66328
66329
66330
66331
66332
66333
66335
66342
66343
66366
66367
66368
66369
66370
66372
66381
66432
66433
66434
66435
66463
66471
66501
66502
66515
66516
66517
66536
66554
66562
66566
66567
66598
66599
66600
66608
66609
66620
66634
66635
66636
66643
66644
66645
66647
66648
66649
66676
66677
66708
66709
66710
66711
66712
66774
66792
66797
66804
66805
66806
66807
66813
66814
66822
66831
66832
66896
66911
66912
66919
66920
66925
66926
66954
66955
66974
66986
66987
66994
67000
67013
67058
67059
67073
67074
67083
67084
67085
67109
67139
67144
67171
67173
67174
67177
67188
67202
67251
67252
67262
67263
67272
67277
67278
67279
67280
67289
67293
67296
67303
67304
67333
67334
67335
67339
67348
67349
67350
67362
67363
67379
67380
67382
67416
67422
67444
67445
67462
67480
67502
67543
67544
67566
67580
67598
67611
67612
67613
67616
67623
67624
67626
67640
67656
67657
67658
67690
67709
67721
67722
67752
67756
67762
67763
67788
67794
67795
67810
67828
67875
67876
67890
67917
67922
67967
67968
67986
67992
67999
68000
68039
68040
68072
68079
68080
68081
68105
68153
68154
68168
68200
68222
68236
68245
68246
68269
68270
68281
68355
68356
68357
68358
68367
68368
68430
68431
68432
68433
68437
68441
68442
68477
68485
68486
68499
68506
68507
68513
68537
68547
68564
68565
68566
68581
68626
68632
68633
68663
68709
68710
68730
68736
68753
68754
68763
68764
68777
68783
68790
68791
68814
68815
68842
68843
68878
68902
68903
68945
68980
68981
68982
69012
69013
69028
69029
69030
69031
69041
69047
69048
69101
69120
69123
69128
69138
69143
69258
69259
69260
69261
69286
69290
69297
69306
69307
69308
69359
69360
69362
69363
69405
69406
69414
69415
69461
69462
69463
69535
69536
69537
69538
69539
69540
69551
69552
69574
69614
69720
69732
69739
69740
69768
69769
69790
69801
69814
69817
69818
69822
69891
69997
70005
70046
70063
70064
70098
70114
70115
70122
70123
70144
70182
70212
70213
70214
70277
70288
70302
70323
70324
70378
70384
70395
70396
70411
70428
70440
70472
70479
70490
70499
70509
70510
70513
70519
70520
70564
70569
70570
70587
70600
70601
70602
70603
70606
70607
70623
70637
70655
70688
70689
70690
70691
70692
70695
70696
70723
70749
70750
70800
70817
70828
70846
70847
70848
70879
70880
70896
70897
70927
70943
70994
71025
71026
71093
71105
71124
71146
71147
71171
71172
71173
71174
71183
71215
71220
71221
71222
71264
71271
71272
71297
71302
71303
71321
71401
71423
71424
71425
71426
71449
71450
71492
71504
71505
71513
71516
71541
71542
71545
71552
71561
71578
71579
71580
71584
71585
71589
71590
71591
71597
71598
71606
71611
71670
71678
71683
71700
71701
71702
71761
71780
71781
71798
71802
71822
71823
71854
71861
71862
71867
71868
71873
71901
71902
71931
71943
71954
71997
72007
72022
72038
72039
72058
72059
72079
72080
72098
72099
72144
72145
72146
72176
72177
72178
72179
72218
72231
72234
72244
72278
72279
72284
72299
72310
72320
72321
72323
72324
72325
72326
72335
72336
72340
72345
72365
72373
72374
72454
72455
72459
72469
72470
72478
72489
72494
72511
72512
72514
72520
72521
72522
72526
72535
72553
72554
72580
72581
72598
72599
72600
72601
72602
72609
72622
72664
72672
72678
72679
72745
72746
72790
72791
72797
72858
72859
72876
72877
72883
72911
72912
72949
72956
72992
73023
73062
73094
73131
73132
73135
73145
73146
73159
73160
73171
73202
73226
73227
73267
73268
73285
73300
73304
73305
73306
73364
73388
73389
73390
73399
73421
73422
73448
73456
73461
73478
73493
73502
73503
73544
73563
73571
73572
73573
73574
73580
73581
73582
73583
73587
73633
73641
73655
73656
73657
73658
73666
73667
73736
73737
73744
73755
73756
73770
73777
73778
73789
73790
73805
73806
73807
73821
73836
73848
73849
73850
73851
73852
73857
73858
73896
73904
73910
73919
73932
73933
73935
73943
73947
73964
74022
74033
74039
74040
74054
74066
74067
74071
74072
74082
74083
74084
74085
74089
74098
74102
74125
74126
74127
74128
74129
74130
74133
74134
74146
74176
74196
74197
74198
74199
74216
74217
74220
74241
74242
74279
74299
74300
74303
74316
74317
74332
74336
74366
74367
74378
74379
74387
74397
74403
74404
74405
74406
74410
74411
74440
74509
74573
74575
74576
74616
74664
74665
74679
74680
74681
74682
74687
74693
74710
74717
74738
74775
74825
74849
74850
74851
74852
74853
74876
74893
74910
74911
74955
74956
74957
74964
74970
74974
74975
75009
75010
75019
75020
75095
75096
75102
75103
75128
75163
75176
75178
75179
75183
75191
75192
75201
75202
75233
75274
75275
75297
75308
75309
75310
75311
75359
75364
75372
75373
75392
75433
75434
75453
75454
75455
75456
75457
75479
75493
75494
75510
75514
75585
75586
75604
75605
75614
75618
# EOF 50288
