278 2 1
278 3 1
279 2 1
279 3 2
280 3 1
283 2 1
283 3 1
284 2 1
284 3 2
285 2 1
285 3 2
286 2 1
286 3 2
287 2 1
289 2 1
290 2 1
291 3 1
293 2 1
293 3 1
297 2 1
298 2 1
299 3 1
307 2 1
307 3 1
308 3 1
312 2 1
312 3 1
313 3 1
316 2 1
316 3 1
317 2 1
317 3 2
318 3 1
320 2 1
320 3 1
321 2 1
321 3 2
322 2 1
322 3 2
323 2 1
323 3 2
324 2 1
324 3 2
325 2 1
326 3 1
328 2 1
328 3 1
329 2 1
329 3 2
333 2 1
334 2 1
335 2 1
336 3 1
338 2 1
338 3 1
339 2 1
339 3 2
340 2 1
340 3 2
341 2 1
342 3 1
344 2 1
344 3 1
347 2 1
348 2 1
351 2 1
352 2 1
353 3 1
355 2 1
355 3 1
356 2 1
357 3 1
359 2 1
359 3 1
360 3 1
362 2 1
362 3 1
363 2 1
364 3 1
367 2 1
367 3 1
368 2 1
373 2 1
374 3 1
377 2 1
377 3 1
378 2 1
378 3 2
379 2 1
379 3 2
380 2 1
381 3 1
384 2 1
384 3 1
385 3 1
389 2 1
389 3 1
390 2 1
390 3 2
391 2 1
391 3 2
392 2 1
393 3 1
397 2 1
397 3 1
398 2 1
399 3 1
401 2 1
401 3 1
402 3 1
404 2 1
404 3 1
405 2 1
405 3 2
406 2 1
406 3 2
407 2 1
408 2 1
409 3 1
411 2 1
411 3 1
412 2 1
412 3 2
413 3 1
415 2 1
415 3 1
416 2 1
417 3 1
419 2 1
419 3 1
420 2 1
420 3 2
421 3 1
425 2 1
425 3 1
426 3 1
429 2 1
429 3 1
430 2 1
431 3 1
436 2 1
436 3 1
437 2 1
437 3 2
439 2 1
440 2 1
448 2 1
449 2 1
450 2 1
451 3 1
459 2 1
459 3 1
460 2 1
461 2 1
462 3 1
464 2 1
464 3 1
465 3 1
469 2 1
469 3 1
470 2 1
471 2 1
472 2 1
473 2 1
474 3 1
477 2 1
477 3 1
478 3 1
482 2 1
482 3 1
483 3 1
485 2 1
485 3 1
488 2 1
489 2 1
490 2 1
492 2 1
493 2 1
494 2 1
495 2 1
499 2 1
500 3 1
506 2 1
506 3 1
507 2 1
508 3 1
513 2 1
513 3 1
520 2 1
521 2 1
522 2 1
523 3 1
525 2 1
525 3 1
526 2 1
526 3 2
527 2 1
528 3 1
531 2 1
531 3 1
532 2 1
533 2 1
534 3 1
536 2 1
536 3 1
537 2 1
537 3 2
538 2 1
538 3 2
539 2 1
540 2 1
541 3 1
543 2 1
543 3 1
544 3 1
551 2 1
551 3 1
552 3 1
555 2 1
556 2 2
556 3 1
557 3 1
560 2 1
561 2 1
562 2 1
562 3 2
563 3 1
568 2 1
569 2 1
570 2 2
571 3 1
574 3 1
576 2 1
576 3 2
577 3 1
583 2 1
583 3 1
584 2 2
585 3 1
588 2 1
588 3 1
589 2 2
590 3 1
593 2 1
594 2 2
594 3 1
595 3 1
597 2 1
598 2 1
599 2 1
600 2 1
600 3 2
601 3 1
603 3 1
605 2 1
613 2 1
613 3 2
614 2 2
614 3 1
615 2 1
616 2 1
617 3 1
621 2 2
622 3 1
624 3 1
626 3 1
628 3 1
630 3 1
632 3 1
636 2 2
637 3 1
639 3 1
641 2 1
641 3 2
642 2 1
643 2 2
643 3 1
644 3 1
654 2 1
655 2 1
655 3 2
656 3 1
658 2 1
659 3 1
661 2 2
661 3 1
662 3 1
666 2 1
667 2 1
667 3 2
668 3 1
670 2 1
670 3 2
671 2 1
672 2 1
677 2 1
678 2 2
679 3 1
681 2 1
682 2 1
682 3 2
683 3 1
686 2 1
686 3 2
687 2 2
687 3 1
688 2 1
689 2 2
689 3 1
690 3 1
692 3 1
694 2 1
695 2 2
695 3 1
696 2 1
697 2 2
697 3 1
698 3 1
702 2 2
702 3 1
703 3 1
706 3 1
708 2 1
708 3 2
709 3 1
713 2 1
718 3 1
728 3 1
732 2 1
732 3 1
733 2 1
734 2 1
740 2 1
741 2 2
742 3 1
744 2 1
744 3 1
752 2 1
753 2 1
754 2 2
755 3 1
758 2 1
758 3 1
759 2 2
760 3 1
765 3 1
773 3 1
779 2 1
779 3 1
780 2 1
781 2 1
785 2 1
785 3 2
786 2 1
787 2 1
788 2 1
800 3 1
802 2 1
803 3 1
805 2 1
806 3 1
808 3 1
811 3 1
813 2 1
814 2 1
814 3 2
815 3 1
818 2 1
819 2 1
820 2 2
821 3 1
828 2 2
828 3 1
829 3 1
833 2 2
833 3 1
834 3 1
839 2 1
839 3 1
842 3 1
843 2 1
844 3 1
848 3 1
852 2 1
853 2 1
854 3 2
856 2 1
856 3 1
857 2 1
858 2 1
862 2 1
862 3 2
863 2 1
867 3 1
871 2 2
871 3 1
872 3 1
877 2 1
877 3 1
878 2 2
879 2 1
879 3 1
880 3 2
883 3 1
888 2 1
889 2 1
890 2 1
891 3 2
895 2 1
898 2 2
898 3 1
899 3 1
901 3 1
903 3 1
905 3 1
907 2 1
908 2 2
908 3 1
910 2 1
916 2 1
917 2 1
918 3 1
920 2 1
920 3 2
928 3 1
932 2 1
932 3 1
936 2 1
937 2 2
937 3 1
938 2 2
938 3 1
939 3 1
944 2 1
944 3 1
945 2 2
946 2 1
946 3 1
947 3 1
954 3 1
956 3 1
959 2 1
959 3 1
960 2 2
961 2 1
961 3 1
962 2 1
966 2 2
966 3 1
967 3 1
969 3 1
972 3 1
974 2 2
974 3 1
975 3 1
978 2 1
978 3 1
979 2 2
980 3 1
982 2 1
982 3 1
983 2 2
984 2 1
984 3 1
985 2 1
993 2 1
994 2 1
1001 3 1
1007 2 1
1007 3 1
1008 2 1
1008 3 2
1017 3 1
1025 2 1
1025 3 1
1026 2 1
1027 2 1
1029 3 1
1032 2 1
1033 2 1
1037 2 1
1037 3 2
1038 2 1
1040 3 1
1042 3 1
1045 3 1
1046 2 1
1048 2 1
1049 2 1
1052 3 1
1054 3 1
1056 3 1
1059 3 1
1060 2 1
1061 2 1
1061 3 2
1062 3 1
1077 3 1
1080 2 1
1081 3 1
1083 2 1
1083 3 2
1084 2 1
1084 3 2
1085 2 2
1086 2 1
1086 3 1
1087 2 1
1087 3 2
1088 3 2
1091 2 1
1091 3 1
1092 2 2
1093 2 1
1093 3 1
1094 3 1
1104 2 1
1105 2 2
1106 3 1
1110 2 2
1110 3 1
1111 3 1
1114 2 1
1114 3 1
1119 3 1
1121 2 2
1121 3 1
1122 2 1
1122 3 1
1123 2 1
1127 2 1
1127 3 1
1129 3 1
1131 2 1
1131 3 1
1132 2 1
1132 3 2
1138 2 1
1139 3 1
1146 2 1
1146 3 1
1148 2 2
1149 3 1
1151 2 1
1151 3 1
1152 2 1
1152 3 2
1153 2 1
1156 2 1
1157 2 1
1158 3 1
1160 3 1
1168 2 1
1168 3 1
1169 2 1
1170 2 2
1170 3 1
1175 2 1
1178 2 1
1182 3 1
1185 2 1
1187 3 1
1195 2 1
1196 2 1
1197 3 1
1203 3 1
1205 2 1
1207 2 1
1208 2 1
1214 2 1
1214 3 2
1215 2 2
1216 3 1
1219 2 1
1219 3 1
1223 2 2
1223 3 1
1224 2 1
1225 2 1
1230 2 1
1233 2 1
1234 2 1
1238 3 1
1240 3 1
1242 2 1
1243 2 2
1244 3 1
1246 3 1
1249 2 1
1249 3 2
1250 2 1
1251 2 2
1252 3 1
1254 2 1
1254 3 1
1258 2 1
1261 3 1
1265 2 1
1265 3 1
1266 2 1
1267 2 2
1267 3 1
1273 2 1
1273 3 1
1274 2 1
1274 3 2
1278 3 1
1282 2 1
1283 2 2
1283 3 1
1284 2 1
1285 3 1
1288 2 1
1288 3 1
1293 2 1
1294 2 2
1295 2 1
1295 3 1
1300 3 1
1302 3 1
1307 2 1
1308 3 1
1311 3 1
1312 2 1
1313 2 1
1314 3 1
1317 2 1
1317 3 2
1318 2 2
1318 3 1
1319 2 1
1320 2 1
1321 2 1
1328 2 1
1328 3 1
1331 2 1
1332 2 1
1333 2 2
1334 2 1
1334 3 1
1335 2 1
1338 2 1
1338 3 1
1341 2 1
1341 3 1
1342 2 1
1345 2 1
1346 2 1
1347 2 1
1348 2 2
1348 3 1
1351 2 1
1352 3 1
1354 2 1
1355 2 1
1356 3 1
1358 2 2
1358 3 1
1359 2 1
1359 3 1
1360 2 1
1361 3 1
1363 2 1
1364 2 1
1365 2 1
1366 3 1
1368 3 1
1370 2 2
1370 3 1
1371 2 1
1372 2 1
1373 3 1
1375 3 1
1381 3 1
1383 3 1
1386 2 1
1386 3 1
1387 2 2
1388 3 1
1390 2 1
1390 3 1
1391 2 2
1392 3 1
1393 2 1
1398 2 1
1404 3 1
1406 2 1
1406 3 2
1407 2 2
1407 3 1
1408 2 1
1409 3 1
1412 2 1
1412 3 1
1414 3 1
1421 2 1
1422 2 1
1423 2 2
1428 2 1
1429 3 1
1435 3 1
1437 2 1
1438 2 1
1447 2 1
1447 3 2
1449 3 1
1456 3 1
1457 2 1
1458 2 2
1458 3 1
1459 3 1
1464 2 1
1465 2 1
1466 2 1
1468 3 1
1474 2 1
1479 2 1
1490 2 1
1490 3 1
1491 3 1
1493 3 1
1495 2 1
1495 3 1
1496 2 2
1500 3 1
1503 3 1
1505 3 1
1507 3 1
1515 3 1
1517 2 1
1518 3 2
1519 3 1
1521 3 1
1523 2 1
1524 2 1
1525 2 1
1525 3 2
1526 3 1
1529 2 1
1529 3 2
1530 2 1
1533 2 1
1533 3 1
1535 3 1
1538 2 1
1538 3 2
1539 3 1
1541 2 1
1541 3 1
1544 2 1
1546 3 1
1550 2 1
1551 3 1
1556 3 1
1562 3 1
1567 3 1
1569 3 1
1572 3 1
1575 3 1
1576 2 1
1577 2 2
1578 2 1
1578 3 1
1579 3 2
1582 2 1
1582 3 1
1584 2 2
1584 3 1
1591 2 2
1591 3 1
1592 2 1
1592 3 1
1593 2 1
1594 2 1
1600 2 1
1600 3 1
1602 3 1
1605 3 1
1611 3 1
1615 3 1
1617 2 1
1617 3 1
1618 3 2
1625 2 1
1625 3 2
1627 3 1
1629 2 1
1630 3 1
1633 2 1
1634 2 2
1634 3 1
1635 2 1
1636 3 2
1638 3 1
1643 2 1
1643 3 2
1644 2 2
1644 3 1
1645 2 1
1650 2 2
1650 3 1
1651 2 1
1651 3 1
1656 3 1
1657 2 1
1660 3 1
1663 3 1
1665 2 1
1665 3 2
1666 2 1
1666 3 2
1669 3 1
1671 3 1
1673 3 1
1677 2 1
1677 3 1
1679 3 1
1682 2 1
1683 2 1
1686 3 1
1688 2 1
1688 3 1
1689 3 2
1691 2 1
1706 2 1
1708 2 1
1709 3 1
1712 2 1
1713 3 1
1723 2 1
1724 3 1
1726 2 1
1726 3 2
1727 3 1
1731 2 1
1731 3 1
1735 2 1
1735 3 2
1745 2 1
1745 3 2
1746 2 1
1747 2 1
1748 3 1
1752 3 1
1760 3 1
1761 2 1
1762 2 1
1763 2 1
1764 2 1
1767 2 2
1768 3 1
1771 2 1
1777 2 1
1777 3 2
1778 2 1
1782 3 1
1785 2 1
1786 3 1
1788 2 1
1788 3 1
1789 3 2
1790 3 1
1792 2 1
1793 3 1
1795 2 1
1795 3 1
1796 2 2
1797 2 1
1797 3 1
1798 3 2
1802 2 1
1802 3 1
1803 2 2
1804 2 1
1804 3 1
1805 2 1
1806 3 1
1809 2 1
1809 3 1
1812 2 1
1813 2 1
1818 3 1
1823 2 1
1823 3 2
1824 3 1
1829 2 1
1831 3 1
1833 2 1
1837 2 1
1838 2 2
1838 3 1
1839 3 1
1841 2 1
1841 3 1
1843 2 1
1846 3 1
1855 2 1
1856 2 1
1858 2 1
1861 2 1
1865 2 1
1866 3 1
1868 2 1
1874 2 1
1874 3 1
1875 2 1
1875 3 2
1876 2 1
1876 3 2
1879 2 1
1880 2 1
1881 2 2
1881 3 1
1882 3 1
1887 2 1
1887 3 1
1890 2 1
1890 3 1
1899 2 1
1900 2 1
1901 2 1
1901 3 2
1902 3 1
1904 2 1
1904 3 2
1905 3 1
1907 2 1
1908 2 1
1908 3 2
1909 3 1
1911 3 1
1913 2 1
1913 3 1
1914 2 1
1919 2 1
1919 3 1
1927 2 1
1928 3 2
1930 2 1
1930 3 1
1931 2 1
1937 3 1
1940 2 1
1941 2 1
1942 2 1
1942 3 2
1943 3 1
1945 2 1
1945 3 1
1946 3 2
1948 3 1
1950 3 1
1952 2 1
1952 3 1
1956 2 1
1956 3 2
1957 2 1
1959 3 1
1963 3 1
1966 2 1
1967 3 1
1976 2 1
1976 3 1
1977 2 1
1980 2 1
1981 3 1
1985 2 2
1986 2 1
1987 3 1
1993 2 1
1995 3 1
2000 2 2
2001 2 1
2002 2 1
2006 2 1
2006 3 1
2011 2 1
2012 3 1
2021 2 1
2021 3 1
2022 3 1
2025 3 1
2027 2 1
2027 3 1
2028 2 2
2028 3 1
2029 2 1
2033 2 2
2034 2 1
2034 3 1
2035 2 1
2036 2 1
2037 3 2
2042 3 1
2044 2 2
2044 3 1
2045 2 1
2048 3 1
2050 2 1
2050 3 1
2052 2 1
2053 2 1
2054 3 1
2059 2 1
2066 2 1
2070 2 1
2071 2 2
2071 3 1
2072 3 1
2074 2 1
2074 3 2
2075 2 1
2076 3 1
2078 2 1
2078 3 1
2081 3 1
2083 2 2
2083 3 1
2084 2 1
2084 3 1
2085 2 1
2091 3 1
2092 3 2
2093 2 1
2094 2 1
2095 2 2
2096 2 1
2096 3 1
2097 2 1
2108 2 1
2109 3 1
2115 2 1
2116 2 2
2117 2 1
2117 3 1
2118 3 2
2122 2 1
2122 3 1
2123 2 2
2124 2 1
2124 3 1
2130 2 1
2131 3 1
2143 2 1
2143 3 2
2144 3 1
2147 2 1
2147 3 1
2148 2 1
2149 2 1
2150 2 2
2150 3 1
2151 2 1
2152 2 1
2153 3 1
2158 2 1
2158 3 2
2164 3 1
2170 2 1
2178 2 1
2178 3 1
2179 2 2
2180 2 1
2180 3 1
2181 2 1
2185 2 1
2185 3 1
2186 2 2
2187 2 1
2187 3 1
2188 3 2
2190 3 1
2193 2 1
2193 3 1
2194 3 1
2199 2 1
2201 3 1
2205 2 1
2205 3 1
2211 2 1
2212 2 1
2213 2 1
2219 2 1
2219 3 1
2222 2 1
2223 2 1
2224 2 2
2224 3 1
2226 2 1
2231 2 1
2232 2 1
2233 3 1
2236 2 1
2237 2 1
2239 2 1
2240 2 2
2241 2 1
2241 3 1
2250 3 1
2251 2 1
2252 2 1
2253 3 2
2260 2 1
2260 3 1
2262 3 1
2264 2 1
2270 3 1
2272 2 1
2273 3 1
2280 3 1
2281 2 1
2282 2 2
2282 3 1
2288 2 2
2288 3 1
2289 2 1
2290 2 1
2291 2 1
2292 2 1
2292 3 2
2293 2 1
2293 3 2
2294 2 1
2294 3 2
2295 2 1
2295 3 2
2296 3 1
2298 2 2
2298 3 1
2299 2 1
2300 3 1
2304 2 2
2305 3 1
2310 2 1
2314 2 1
2314 3 1
2315 2 1
2315 3 2
2316 2 1
2316 3 2
2317 2 1
2318 2 2
2318 3 1
2319 3 1
2321 3 1
2323 3 1
2324 2 1
2324 3 2
2325 2 2
2326 2 1
2326 3 1
2327 3 2
2331 3 1
2337 3 1
2340 2 1
2343 3 1
2345 2 1
2345 3 1
2346 3 1
2348 2 1
2348 3 2
2349 2 2
2350 2 1
2350 3 1
2351 3 1
2353 2 1
2358 3 1
2360 2 2
2360 3 1
2361 3 1
2365 2 1
2365 3 1
2366 3 1
2368 2 1
2369 3 1
2373 3 1
2375 3 1
2378 3 1
2380 2 1
2380 3 1
2381 2 1
2381 3 2
2383 3 1
2386 2 2
2386 3 1
2387 2 1
2387 3 1
2388 2 1
2390 2 1
2391 3 1
2394 2 1
2394 3 2
2395 2 1
2396 3 1
2398 2 1
2398 3 1
2407 2 2
2407 3 1
2408 2 1
2409 3 1
2411 3 1
2412 2 1
2413 2 1
2413 3 2
2414 3 1
2419 2 1
2419 3 1
2420 2 1
2421 3 2
2424 3 1
2427 3 1
2430 2 1
2431 2 1
2432 2 1
2434 2 1
2435 3 1
2441 3 1
2443 2 1
2443 3 1
2445 3 1
2451 3 1
2454 2 1
2457 3 1
2460 2 1
2460 3 1
2464 2 1
2465 2 1
2466 2 2
2466 3 1
2467 3 1
2470 2 2
2470 3 1
2471 2 1
2476 3 1
2478 3 1
2481 2 1
2481 3 1
2482 2 2
2496 3 1
2501 2 1
2503 3 1
2505 2 1
2505 3 1
2507 3 1
2510 2 2
2510 3 1
2511 2 1
2511 3 1
2512 3 1
2521 2 1
2522 2 1
2524 3 1
2526 2 1
2530 2 1
2530 3 1
2536 2 1
2539 2 1
2540 3 1
2546 2 1
2550 3 1
2552 2 1
2552 3 1
2554 3 1
2557 3 1
2559 2 1
2559 3 2
2561 3 1
2564 2 1
2565 3 2
2569 2 1
2569 3 1
2570 2 1
2571 2 1
2572 2 1
2573 2 2
2574 2 1
2574 3 1
2575 3 2
2578 2 1
2584 2 1
2584 3 1
2586 3 1
2589 2 1
2589 3 1
2590 2 2
2590 3 1
2591 2 1
2592 2 1
2593 3 1
2595 2 1
2596 2 2
2597 2 1
2597 3 1
2598 3 2
2600 2 1
2601 3 1
2603 2 1
2604 2 1
2605 3 1
2609 2 1
2611 2 1
2612 3 1
2614 2 1
2614 3 2
2616 3 1
2618 3 1
2619 2 1
2622 2 2
2622 3 1
2623 2 1
2624 2 1
2625 3 1
2627 2 2
2627 3 1
2628 2 1
2629 3 1
2634 2 1
2634 3 1
2635 3 2
2637 2 1
2640 2 1
2640 3 1
2642 2 2
2643 3 1
2646 2 1
2647 3 1
2649 2 1
2649 3 1
2652 3 1
2655 2 1
2656 2 2
2656 3 1
2657 2 1
2658 3 1
2660 2 1
2661 2 1
2662 2 2
2662 3 1
2663 2 1
2664 3 2
2669 2 1
2670 2 1
2671 3 1
2673 2 1
2677 2 1
2677 3 1
2682 3 1
2684 3 1
2686 2 1
2690 2 1
2690 3 1
2695 2 1
2695 3 1
2698 2 1
2698 3 1
2699 2 1
2699 3 2
2700 2 1
2703 2 1
2703 3 1
2704 3 2
2711 2 2
2712 2 1
2713 2 1
2714 2 1
2715 3 1
2722 2 1
2722 3 2
2724 3 1
2726 2 1
2726 3 1
2727 2 2
2727 3 1
2728 2 1
2731 3 1
2734 2 1
2734 3 2
2735 2 1
2736 2 2
2736 3 1
2739 3 1
2743 2 1
2743 3 2
2746 2 1
2746 3 1
2752 2 1
2753 2 2
2754 2 1
2754 3 1
2755 3 2
2757 2 1
2757 3 1
2771 2 1
2771 3 1
2772 2 1
2772 3 2
2773 2 2
2774 2 1
2774 3 1
2775 3 1
2781 2 1
2784 2 1
2785 3 1
2787 2 2
2787 3 1
2788 2 2
2788 3 1
2789 2 1
2790 3 1
2792 3 1
2793 2 1
2794 2 1
2797 3 1
2801 2 1
2801 3 2
2803 3 1
2805 2 1
2805 3 1
2807 2 2
2808 3 1
2812 3 2
2813 3 1
2820 3 1
2822 3 2
2823 3 1
2828 3 1
2833 2 1
2834 2 2
2835 2 1
2835 3 1
2836 3 1
2838 2 1
2840 3 1
2842 2 1
2842 3 1
2843 2 1
2843 3 2
2844 2 1
2845 2 1
2851 2 1
2852 2 1
2853 2 2
2853 3 1
2854 2 1
2858 3 1
2860 2 1
2863 3 1
2865 2 1
2865 3 1
2866 2 2
2867 3 1
2870 3 1
2874 2 1
2875 2 1
2876 3 1
2878 2 1
2879 3 1
2882 3 1
2890 2 1
2891 3 1
2893 3 1
2895 3 1
2898 2 1
2898 3 1
2899 3 2
2903 2 1
2906 2 2
2906 3 1
2907 2 1
2907 3 1
2909 3 1
2911 2 1
2912 2 1
2913 3 1
2924 2 1
2928 2 1
2928 3 1
2933 3 1
2935 2 1
2936 3 1
2939 3 1
2941 2 1
2941 3 1
2942 2 1
2944 3 1
2948 3 1
2951 3 1
2953 2 1
2957 3 1
2958 2 1
2958 3 2
2961 2 1
2961 3 2
2962 3 1
2966 2 1
2972 3 1
2975 2 1
2976 3 1
2980 2 1
2981 2 1
2982 2 1
2983 2 1
2984 3 1
2992 3 1
2994 2 1
2994 3 1
2997 2 1
2997 3 2
2998 2 1
2998 3 2
2999 3 1
3001 2 1
3002 2 1
3003 2 2
3004 3 1
3006 3 1
3007 2 1
3008 2 2
3009 2 1
3009 3 1
3010 2 1
3011 3 1
3013 2 1
3013 3 2
3015 2 2
3015 3 1
3016 3 1
3019 2 1
3019 3 1
3020 3 1
3022 2 1
3022 3 1
3029 3 1
3031 2 1
3032 2 1
3036 2 1
3036 3 1
3037 3 2
3048 2 1
3049 3 1
3051 2 2
3051 3 1
3052 2 1
3062 3 1
3064 2 1
3067 2 1
3068 2 1
3069 3 2
3072 3 1
3073 2 1
3073 3 2
3076 2 1
3076 3 1
3077 2 1
3078 3 1
3080 2 1
3084 2 1
3089 2 1
3089 3 1
3093 2 1
3093 3 1
3096 2 2
3096 3 1
3097 3 1
3099 2 1
3099 3 1
3103 2 1
3103 3 1
3104 3 2
3105 3 2
3106 3 1
3108 3 1
3110 3 1
3112 2 2
3112 3 1
3113 2 1
3114 3 1
3117 2 1
3117 3 2
3118 2 2
3118 3 1
3119 2 1
3120 3 1
3124 2 1
3124 3 1
3125 3 1
3130 2 1
3132 2 1
3133 2 1
3134 2 2
3134 3 1
3135 2 1
3137 3 1
3141 2 1
3146 2 1
3153 2 1
3154 3 1
3156 2 2
3156 3 1
3157 2 1
3157 3 1
3158 2 1
3159 3 2
3161 2 1
3161 3 1
3163 2 1
3164 3 1
3172 2 1
3173 3 1
3175 2 1
3175 3 2
3176 2 1
3176 3 2
3177 3 1
3183 2 1
3184 3 2
3186 3 1
3190 3 1
3192 2 1
3192 3 1
3193 2 1
3195 3 1
3202 3 1
3204 2 1
3207 2 1
3207 3 1
3208 2 1
3208 3 2
3209 2 1
3209 3 2
3210 3 2
3213 3 1
3216 3 1
3218 3 1
3221 2 1
3221 3 2
3223 3 1
3225 2 1
3226 3 1
3228 2 1
3228 3 2
3230 3 1
3232 2 1
3232 3 1
3233 2 2
3233 3 1
3234 2 1
3235 3 1
3237 2 1
3237 3 1
3238 2 1
3246 2 1
3246 3 1
3247 3 1
3249 2 1
3249 3 2
3250 3 1
3253 2 1
3254 3 1
3261 2 1
3262 2 1
3263 2 1
3265 3 1
3268 2 1
3268 3 1
3269 2 2
3270 2 1
3270 3 1
3271 3 2
3274 2 1
3274 3 1
3275 2 1
3275 3 2
3286 3 1
3288 2 1
3289 2 1
3289 3 2
3290 3 1
3292 2 1
3296 2 2
3296 3 1
3297 2 1
3298 2 1
3305 2 1
3313 2 1
3314 2 1
3319 3 1
3321 2 1
3321 3 1
3322 3 1
3327 2 1
3330 3 1
3331 3 2
3336 2 1
3337 3 1
3339 2 1
3339 3 2
3340 3 1
3346 2 1
3346 3 1
3347 3 1
3349 2 1
3350 3 1
3352 2 1
3352 3 1
3355 3 1
3364 2 1
3364 3 1
3365 2 2
3365 3 1
3366 3 1
3368 2 1
3368 3 1
3373 2 1
3374 3 2
3376 3 1
3380 2 1
3380 3 2
3381 2 1
3382 2 1
3383 2 2
3384 2 1
3384 3 1
3385 3 2
3387 3 1
3389 3 1
3391 3 1
3393 2 1
3393 3 1
3394 2 1
3397 2 1
3401 2 2
3402 2 1
3403 2 1
3403 3 2
3404 2 1
3404 3 2
3405 3 1
3411 3 1
3415 2 1
3416 2 1
3418 3 1
3421 3 1
3423 3 1
3431 2 1
3431 3 2
3432 2 2
3432 3 1
3433 2 1
3436 2 1
3436 3 1
3437 2 1
3437 3 2
3441 3 1
3443 3 1
3447 2 1
3447 3 2
3448 3 1
3451 2 1
3452 2 1
3453 2 1
3456 3 1
3457 2 1
3458 3 1
3461 2 1
3461 3 1
3467 3 1
3469 3 1
3472 2 1
3472 3 2
3474 3 1
3476 2 1
3476 3 1
3477 2 1
3477 3 2
3478 2 2
3478 3 1
3479 2 1
3480 3 2
3481 3 1
3484 2 1
3485 2 1
3486 2 1
3487 2 1
3488 2 1
3490 2 2
3491 2 1
3491 3 1
3492 2 1
3493 3 2
3495 3 1
3497 2 1
3497 3 1
3498 3 1
3500 3 1
3503 2 1
3504 2 1
3504 3 2
3505 3 1
3507 2 1
3508 2 1
3509 2 2
3510 3 1
3512 2 1
3520 2 1
3521 3 1
3523 2 2
3523 3 1
3524 2 1
3525 2 1
3526 2 1
3527 3 2
3532 2 1
3533 2 1
3534 2 1
3534 3 2
3535 2 1
3535 3 2
3536 3 1
3544 2 1
3549 2 1
3550 2 2
3550 3 1
3551 2 1
3552 3 1
3557 2 1
3557 3 1
3560 2 1
3561 2 1
3562 2 1
3566 2 1
3566 3 1
3573 3 1
3578 2 1
3578 3 1
3586 2 1
3586 3 1
3588 3 1
3596 2 1
3598 2 2
3599 3 1
3602 2 1
3602 3 1
3604 3 1
3607 2 1
3608 3 1
3615 2 1
3616 2 1
3617 3 2
3619 2 1
3619 3 1
3620 2 1
3622 2 1
3623 2 2
3624 3 1
3627 3 1
3629 3 1
3632 3 1
3634 2 1
3634 3 1
3639 2 1
3639 3 1
3640 2 1
3641 2 2
3642 2 2
3642 3 1
3643 3 1
3647 2 1
3648 2 1
3649 3 1
3651 2 1
3651 3 1
3652 2 2
3652 3 1
3653 2 1
3656 2 1
3657 3 1
3661 2 1
3661 3 2
3662 2 1
3663 2 2
3663 3 1
3664 2 1
3665 2 1
3666 3 2
3669 2 1
3675 3 1
3676 3 2
3678 3 1
3680 2 1
3680 3 1
3681 2 1
3682 2 2
3683 2 1
3683 3 1
3684 3 1
3686 2 1
3686 3 1
3687 2 1
3688 3 2
3695 2 1
3700 2 1
3702 2 1
3703 3 1
3706 2 1
3706 3 1
3707 2 1
3708 2 1
3709 3 2
3713 2 1
3714 3 1
3718 2 1
3719 2 2
3719 3 1
3720 2 1
3723 2 1
3724 2 1
3725 3 2
3733 3 1
3735 2 1
3736 2 1
3740 2 1
3741 2 1
3742 3 1
3748 2 1
3748 3 1
3749 3 1
3751 3 1
3753 2 1
3754 2 2
3754 3 1
3755 3 1
3757 2 1
3757 3 1
3758 2 2
3759 2 1
3759 3 1
3760 3 1
3766 3 1
3767 2 1
3768 3 2
3770 2 1
3770 3 1
3771 2 1
3774 2 2
3774 3 1
3775 3 1
3777 2 1
3777 3 2
3778 3 1
3781 2 1
3781 3 1
3787 2 1
3788 3 1
3792 2 1
3793 3 1
3804 2 1
3804 3 1
3805 3 1
3811 2 1
3811 3 1
3812 2 1
3812 3 2
3813 2 2
3814 2 1
3814 3 1
3815 2 1
3821 3 1
3823 2 1
3823 3 1
3829 2 1
3830 3 1
3834 3 1
3843 3 1
3847 2 1
3847 3 1
3848 3 1
3850 2 1
3851 3 1
3854 2 1
3854 3 1
3855 2 2
3858 3 1
3859 2 1
3860 3 1
3862 2 1
3862 3 1
3863 3 2
3865 3 1
3874 2 1
3875 2 2
3876 3 1
3879 3 1
3882 2 1
3883 3 1
3885 2 1
3894 2 1
3894 3 1
3895 2 1
3909 3 1
3919 2 1
3919 3 2
3922 3 1
3924 3 1
3927 2 1
3928 2 2
3929 3 1
3931 3 1
3933 2 2
3933 3 1
3934 2 1
3935 2 1
3935 3 2
3936 2 1
3936 3 2
3937 2 1
3937 3 2
3938 3 1
3940 3 1
3943 2 1
3943 3 1
3944 2 1
3944 3 2
3946 3 1
3949 2 1
3949 3 1
3950 3 1
3952 2 1
3953 3 1
3955 2 1
3960 2 2
3960 3 1
3961 2 1
3965 2 1
3965 3 1
3966 3 1
3968 3 1
3969 2 1
3969 3 2
3970 3 1
3973 3 1
3975 3 1
3978 2 1
3979 2 2
3980 3 1
3983 3 1
3986 2 1
3986 3 1
3987 3 1
3991 3 1
3996 3 1
4002 2 1
4002 3 1
4003 2 1
4005 2 1
4008 2 1
4009 2 1
4019 2 2
4019 3 1
4020 2 1
4020 3 1
4022 3 2
4023 3 1
4025 2 2
4025 3 1
4026 2 1
4027 2 1
4031 2 2
4031 3 1
4032 3 1
4034 3 1
4036 2 2
4036 3 1
4038 2 1
4039 2 1
4040 3 1
4042 2 1
4042 3 1
4043 3 2
4045 2 1
4045 3 1
4046 2 1
4046 3 2
4051 2 2
4051 3 1
4052 2 1
4058 3 1
4062 2 1
4062 3 1
4063 3 1
4072 3 1
4077 2 1
4078 3 1
4081 2 2
4081 3 1
4082 3 1
4088 2 1
4089 3 1
4091 3 1
4093 3 1
4097 2 1
4098 2 2
4099 2 1
4099 3 1
4100 3 2
4102 3 1
4104 2 1
4105 3 1
4108 2 1
4109 3 1
4111 3 1
4113 2 1
4113 3 1
4114 3 1
4120 2 1
4124 2 2
4125 3 1
4133 3 1
4134 2 1
4135 3 2
4137 3 1
4141 2 1
4147 2 1
4147 3 1
4148 3 1
4150 2 1
4150 3 1
4152 2 1
4156 2 1
4163 3 1
4166 3 1
4183 2 1
4184 3 1
4186 2 2
4186 3 1
4187 2 1
4187 3 1
4194 2 1
4195 2 1
4196 3 1
4198 2 1
4198 3 1
4201 2 1
4204 3 1
4206 2 1
4210 3 1
4212 2 1
4212 3 1
4213 2 1
4214 2 1
4215 2 2
4216 2 1
4216 3 1
4217 3 2
4220 2 1
4221 3 1
4223 2 1
4223 3 2
4224 2 1
4225 2 1
4226 2 2
4227 3 1
4230 3 1
4233 3 1
4234 2 1
4235 2 1
4236 2 1
4239 3 1
4240 2 1
4241 2 2
4241 3 1
4242 2 2
4242 3 1
4243 3 1
4245 2 1
4249 2 1
4249 3 1
4252 3 1
4254 2 1
4254 3 1
4256 2 2
4256 3 1
4257 3 1
4262 2 1
4263 2 2
4264 3 1
4266 2 1
4266 3 1
4271 2 1
4271 3 1
4272 2 1
4273 3 2
4277 2 1
4277 3 1
4283 3 1
4285 3 1
4290 2 1
4290 3 1
4296 2 1
4297 3 2
4299 2 1
4299 3 1
4300 2 2
4301 2 1
4301 3 1
4302 3 2
4307 2 1
4307 3 1
4308 2 2
4309 3 1
4311 3 1
4317 3 1
4319 2 1
4319 3 2
4320 2 1
4321 2 2
4321 3 1
4322 2 1
4323 3 1
4326 2 1
4326 3 1
4327 2 1
4330 3 1
4332 2 1
4333 3 1
4335 2 1
4336 2 1
4336 3 2
4337 3 1
4339 2 2
4339 3 1
4340 2 1
4341 2 1
4349 2 1
4353 3 1
4355 2 1
4355 3 2
4356 2 1
4357 2 1
4358 2 2
4359 3 1
4361 2 1
4361 3 1
4363 3 1
4366 2 2
4366 3 1
4367 2 1
4367 3 1
4370 3 1
4372 3 1
4374 3 1
4376 2 1
4376 3 2
4377 2 1
4378 2 2
4378 3 1
4379 3 1
4382 2 1
4390 2 2
4390 3 1
4391 3 1
4398 3 1
4403 2 1
4404 2 1
4409 2 1
4412 2 1
4412 3 1
4413 2 2
4413 3 1
4414 2 1
4415 2 1
4424 2 2
4424 3 1
4438 2 1
4439 2 1
4443 2 1
4448 2 2
4449 2 1
4449 3 1
4450 2 1
4456 3 1
4463 2 1
4467 3 1
4468 3 2
4471 3 1
4473 2 2
4473 3 1
4474 2 1
4474 3 1
4479 3 1
4480 2 1
4480 3 2
4487 2 1
4493 2 1
4493 3 2
4494 2 1
4494 3 2
4495 2 1
4495 3 2
4496 3 1
4499 2 1
4500 3 1
4504 2 1
4505 3 1
4507 3 1
4509 2 1
4509 3 1
4516 3 1
4518 2 1
4519 2 2
4520 3 1
4523 3 1
4525 2 1
4528 2 1
4528 3 1
4531 3 1
4533 2 1
4533 3 2
4536 2 1
4536 3 1
4539 3 1
4541 2 1
4542 2 1
4543 2 2
4547 2 1
4547 3 1
4548 3 2
4550 2 1
4550 3 1
4551 2 1
4552 2 1
4553 2 1
4554 2 2
4557 2 1
4558 2 1
4559 2 1
4562 3 1
4567 3 1
4569 3 1
4570 2 1
4571 2 1
4572 3 1
4574 2 1
4574 3 1
4578 2 1
4579 2 1
4580 3 1
4583 2 1
4583 3 1
4587 2 1
4592 2 1
4592 3 2
4593 2 2
4593 3 1
4594 2 1
4595 2 1
4596 3 1
4598 3 1
4600 3 1
4603 3 1
4607 3 1
4610 3 1
4613 2 1
4613 3 1
4614 2 2
4615 2 1
4615 3 1
4616 3 2
4620 3 1
4624 3 1
4628 3 1
4629 2 1
4630 2 2
4631 2 1
4631 3 1
4632 3 1
4640 2 1
4640 3 2
4641 2 1
4641 3 2
4642 2 2
4642 3 1
4643 2 1
4647 2 1
4651 2 1
4652 2 1
4652 3 2
4653 3 1
4655 2 1
4655 3 2
4660 3 1
4666 2 1
4667 2 2
4668 3 1
4670 2 1
4670 3 1
4671 2 1
4671 3 2
4672 2 1
4672 3 2
4673 2 1
4684 3 1
4686 3 1
4688 2 1
4688 3 1
4689 2 2
4690 3 1
4695 2 1
4697 2 1
4698 3 1
4704 2 1
4705 3 1
4710 2 1
4710 3 1
4712 3 1
4715 3 1
4725 2 1
4728 3 1
4733 2 1
4735 3 1
4737 3 1
4738 2 1
4739 3 1
4742 2 1
4742 3 1
4743 2 2
4743 3 1
4744 2 1
4745 3 1
4748 2 1
4748 3 2
4749 2 2
4749 3 1
4750 2 1
4753 2 1
4753 3 1
4754 3 1
4756 2 1
4757 3 1
4760 2 1
4760 3 1
4761 3 2
4762 2 1
4762 3 2
4763 3 1
4765 3 1
4766 2 1
4767 2 1
4768 2 1
4769 2 1
4771 2 1
4772 2 1
4776 2 2
4777 2 1
4778 3 1
4786 3 1
4789 2 1
4789 3 1
4790 3 1
4793 3 1
4797 2 1
4797 3 2
4798 3 1
4800 2 1
4801 3 2
4802 3 1
4804 2 1
4804 3 1
4809 2 1
4810 3 1
4812 2 1
4812 3 1
4813 3 2
4816 2 1
4817 3 1
4824 2 1
4825 2 1
4839 2 1
4840 2 1
4841 3 1
4843 2 1
4843 3 1
4846 3 1
4849 2 1
4850 2 1
4851 2 2
4852 3 1
4853 2 1
4854 3 1
4859 2 1
4862 2 1
4862 3 1
4864 3 1
4866 2 1
4866 3 1
4868 2 1
4869 2 1
4877 3 1
4880 3 1
4884 3 1
4887 2 1
4888 3 1
4890 3 1
4892 2 1
4893 2 1
4894 3 1
4897 2 1
4898 3 2
4899 3 1
4901 3 1
4903 2 1
4903 3 1
4904 2 1
4908 2 2
4908 3 1
4909 2 1
4910 2 1
4911 2 1
4912 2 1
4915 2 2
4915 3 1
4916 2 1
4916 3 1
4917 2 1
4918 2 1
4929 2 1
4929 3 1
4930 2 2
4931 2 1
4931 3 1
4932 3 1
4937 3 1
4943 3 1
4945 2 1
4946 2 2
4946 3 1
4947 2 1
4948 2 1
4949 3 1
4963 2 1
4964 2 1
4969 2 1
4971 3 1
4977 2 1
4977 3 1
4980 3 1
4982 3 1
4987 3 1
4989 3 1
4992 2 1
4993 2 1
4994 2 1
4995 2 1
4998 2 1
5005 3 1
5007 3 1
5008 2 1
5009 3 1
5016 2 1
5016 3 2
5017 2 1
5018 2 1
5019 2 2
5020 3 1
5023 2 1
5024 2 1
5025 2 1
5029 2 1
5029 3 1
5030 2 2
5031 3 1
5034 2 1
5035 2 1
5039 2 1
5040 2 2
5041 2 1
5041 3 1
5055 2 1
5056 2 1
5063 3 1
5065 2 1
5065 3 1
5066 2 2
5067 3 1
5069 2 1
5069 3 1
5073 2 1
5073 3 1
5074 2 1
5075 3 2
5078 2 1
5078 3 1
5081 3 1
5084 2 1
5084 3 1
5089 2 1
5090 2 1
5091 2 1
5092 3 1
5094 3 1
5096 2 1
5096 3 1
5097 2 1
5098 3 2
5099 2 1
5099 3 2
5100 3 1
5108 2 1
5108 3 1
5122 2 1
5122 3 1
5129 3 1
5132 2 1
5133 2 1
5136 3 1
5138 2 1
5138 3 1
5139 3 2
5141 3 1
5143 3 1
5150 3 1
5152 2 1
5153 2 2
5153 3 1
5154 2 1
5156 2 1
5160 2 1
5160 3 1
5161 2 2
5162 2 1
5162 3 1
5163 3 1
5166 2 1
5171 3 1
5175 2 1
5175 3 1
5179 2 1
5184 2 1
5184 3 1
5192 2 1
5201 2 1
5201 3 1
5203 3 1
5206 3 1
5208 2 2
5208 3 1
5209 2 1
5210 3 1
5214 3 1
5220 3 1
5223 3 1
5226 3 1
5228 3 1
5229 2 1
5237 3 2
5238 3 1
5244 3 1
5246 3 1
5248 2 1
5256 2 1
5257 2 2
5258 2 1
5258 3 1
5259 3 2
5265 2 1
5273 3 1
5275 3 1
5281 2 1
5282 2 2
5283 2 1
5283 3 1
5286 2 1
5287 2 1
5292 2 1
5293 3 1
5297 2 1
5300 3 1
5305 2 1
5305 3 1
5308 2 1
5308 3 2
5309 3 1
5316 3 1
5318 3 1
5320 2 1
5320 3 1
5327 2 1
5327 3 1
5330 2 1
5331 3 1
5334 3 1
5338 3 1
5340 3 1
5342 3 1
5345 2 1
5349 2 1
5349 3 1
5350 3 2
5352 2 1
5352 3 1
5353 2 1
5354 2 1
5357 2 1
5357 3 1
5361 3 1
5363 3 1
5364 2 1
5365 3 1
5369 2 1
5375 2 1
5375 3 1
5376 2 1
5377 2 2
5378 2 1
5378 3 1
5382 2 1
5383 3 1
5388 2 1
5388 3 2
5389 2 1
5389 3 2
5390 3 1
5392 2 1
5392 3 1
5393 2 1
5394 2 1
5397 2 1
5398 2 2
5398 3 1
5399 3 1
5404 2 1
5404 3 1
5405 2 1
5406 3 2
5411 3 1
5412 2 1
5417 2 1
5420 3 1
5425 2 1
5425 3 1
5426 2 2
5426 3 1
5427 2 1
5435 2 1
5435 3 1
5439 2 2
5439 3 1
5441 2 1
5443 3 1
5448 2 1
5448 3 2
5449 2 1
5450 3 1
5452 3 1
5454 2 1
5454 3 1
5456 3 1
5459 2 1
5459 3 1
5463 2 1
5463 3 1
5464 3 1
5474 2 1
5474 3 1
5475 2 1
5476 2 1
5477 2 2
5477 3 1
5478 3 1
5480 3 1
5482 2 1
5482 3 1
5483 2 2
5484 2 1
5484 3 1
5485 3 2
5487 2 1
5488 2 1
5488 3 2
5489 3 1
5491 2 1
5491 3 2
5492 2 1
5494 3 1
5497 3 1
5500 3 1
5502 2 1
5502 3 1
5503 2 2
5504 2 1
5504 3 1
5505 3 2
5507 3 1
5509 3 1
5514 2 1
5514 3 1
5519 2 1
5519 3 1
5520 2 1
5523 2 1
5524 3 1
5529 3 1
5531 3 1
5533 3 1
5536 2 1
5537 3 1
5544 2 1
5544 3 1
5545 2 1
5545 3 2
5546 2 1
5546 3 2
5547 2 1
5547 3 2
5548 2 1
5549 2 1
5552 2 1
5555 3 1
5557 3 2
5558 3 1
5560 3 1
5565 3 1
5567 3 1
5569 2 2
5570 2 1
5571 2 1
5571 3 2
5572 3 1
5575 3 1
5576 2 1
5579 2 1
5579 3 1
5580 2 1
5580 3 2
5581 2 1
5581 3 2
5584 2 1
5584 3 1
5589 2 1
5589 3 1
5591 3 1
5593 3 1
5608 2 1
5608 3 2
5609 3 1
5611 2 1
5614 2 1
5617 2 1
5617 3 2
5618 2 2
5618 3 1
5619 2 1
5626 2 1
5626 3 2
5627 2 1
5628 2 2
5628 3 1
5629 3 1
5634 3 1
5636 2 1
5636 3 1
5637 2 1
5637 3 2
5638 2 2
5639 2 1
5639 3 1
5640 3 2
5642 2 1
5643 2 1
5643 3 2
5644 2 1
5644 3 2
5645 3 1
5650 2 1
5659 2 2
5659 3 1
5660 2 1
5661 2 1
5664 2 1
5665 2 1
5666 2 1
5669 3 1
5675 2 1
5676 2 2
5677 2 1
5677 3 1
5678 2 1
5679 3 1
5681 3 1
5683 2 1
5683 3 1
5692 3 1
5694 3 1
5696 2 1
5696 3 1
5697 3 2
5699 2 1
5699 3 1
5700 2 1
5700 3 2
5701 2 1
5701 3 2
5702 2 2
5703 3 1
5706 3 1
5707 2 1
5707 3 2
5708 2 1
5710 3 1
5718 3 1
5720 2 1
5724 2 1
5725 3 1
5727 2 1
5728 2 1
5729 2 2
5730 2 1
5730 3 1
5731 3 2
5733 3 1
5738 2 1
5739 2 1
5740 2 2
5741 3 1
5746 2 1
5746 3 1
5747 2 1
5747 3 2
5750 2 1
5754 2 2
5754 3 1
5755 3 1
5757 3 1
5759 3 1
5762 2 1
5763 3 1
5765 2 1
5765 3 1
5766 2 2
5767 2 1
5767 3 1
5768 3 1
5771 2 1
5772 2 1
5773 2 2
5773 3 1
5774 3 1
5777 3 1
5779 3 1
5781 2 1
5782 2 1
5786 2 1
5786 3 2
5787 2 1
5790 2 1
5795 2 1
5795 3 1
5796 3 2
5805 2 1
5806 2 2
5807 2 1
5807 3 1
5808 3 2
5810 2 1
5821 2 2
5821 3 1
5822 2 1
5822 3 1
5823 2 1
5824 3 1
5830 3 1
5831 2 1
5834 2 1
5834 3 1
5835 2 2
5836 2 1
5836 3 1
5837 3 2
5839 2 1
5839 3 1
5840 2 1
5841 2 2
5841 3 1
5842 3 1
5844 2 1
5846 3 1
5848 2 1
5848 3 1
5849 2 2
5850 2 1
5850 3 1
5851 2 1
5852 3 2
5856 2 1
5857 2 1
5858 3 1
5865 2 1
5868 2 1
5869 2 2
5869 3 1
5870 2 1
5871 2 1
5893 2 1
5893 3 1
5894 2 1
5900 2 1
5901 2 1
5902 2 1
5903 3 1
5905 2 1
5909 2 1
5909 3 1
5910 2 1
5911 3 2
5913 2 1
5914 3 1
5916 2 1
5917 2 1
5918 3 1
5920 2 1
5920 3 1
5921 2 1
5921 3 2
5928 3 1
5929 2 1
5930 2 1
5931 2 1
5933 3 2
5934 3 1
5936 3 1
5946 2 1
5947 2 1
5948 2 1
5949 3 1
5954 3 1
5956 3 1
5965 2 1
5971 3 1
5973 2 1
5973 3 2
5974 2 1
5974 3 2
5975 2 2
5975 3 1
5976 2 1
5977 2 1
5977 3 2
5978 3 1
5980 2 1
5980 3 2
5981 3 1
5983 2 1
5984 3 1
5993 3 1
5994 2 1
5995 3 2
5998 3 1
5999 3 2
6018 2 1
6019 2 1
6020 3 1
6023 2 1
6027 3 1
6031 2 1
6031 3 2
6034 3 1
6042 3 1
6044 2 2
6044 3 1
6045 2 1
6046 3 1
6050 2 1
6050 3 2
6062 2 1
6063 3 1
6065 3 1
6067 3 1
6072 2 1
6073 2 1
6074 2 1
6075 3 1
6085 2 1
6086 3 1
6088 3 1
6089 3 2
6091 2 1
6092 3 1
6095 3 1
6096 2 1
6096 3 2
6097 2 2
6097 3 1
6098 2 1
6101 2 1
6105 2 1
6106 2 1
6111 3 1
6113 2 1
6114 2 1
6118 2 1
6123 3 1
6125 3 1
6127 3 1
6129 2 1
6129 3 1
6130 3 1
6135 3 1
6137 2 1
6137 3 1
6141 3 2
6142 3 1
6146 3 1
6149 3 1
6151 3 1
6163 2 1
6164 2 1
6170 3 1
6173 2 1
6173 3 1
6175 3 1
6180 3 1
6184 2 1
6184 3 1
6188 2 1
6188 3 1
6189 3 1
6191 2 1
6192 3 1
6195 2 1
6195 3 2
6196 2 2
6196 3 1
6197 2 1
6198 3 1
6201 3 1
6202 2 1
6203 2 1
6204 2 1
6210 2 1
6210 3 1
6213 2 1
6213 3 2
6214 3 1
6218 2 1
6218 3 1
6219 2 1
6220 2 1
6221 3 1
6226 2 2
6226 3 1
6227 2 1
6227 3 1
6228 3 1
6241 3 1
6243 3 1
6246 2 1
6247 2 2
6247 3 1
6248 2 1
6249 2 1
6250 2 1
6251 2 1
6252 3 2
6254 2 1
6254 3 1
6255 2 2
6256 2 1
6256 3 1
6257 2 1
6258 3 2
6261 2 2
6261 3 1
6262 2 1
6262 3 1
6263 2 1
6268 2 2
6269 2 1
6269 3 1
6272 2 1
6272 3 1
6273 2 1
6274 2 2
6274 3 1
6275 2 1
6276 3 1
6278 3 1
6279 2 1
6280 3 1
6283 2 1
6283 3 1
6293 2 1
6294 3 1
6297 3 1
6303 2 1
6306 2 1
6306 3 1
6307 2 1
6308 3 1
6310 2 1
6310 3 1
6311 3 2
6317 2 1
6318 2 1
6319 2 2
6320 2 1
6320 3 1
6321 3 2
6325 2 1
6326 2 1
6326 3 2
6327 3 1
6330 2 1
6330 3 1
6344 3 1
6352 2 1
6352 3 2
6353 3 1
6359 2 1
6365 2 1
6366 3 1
6369 3 1
6372 2 1
6379 3 1
6382 3 1
6386 2 1
6386 3 1
6387 2 2
6387 3 1
6388 3 1
6397 2 1
6397 3 1
6398 2 1
6399 2 1
6406 2 2
6406 3 1
6407 3 1
6412 2 1
6418 2 1
6418 3 1
6428 3 1
6439 3 1
6450 3 1
6452 2 1
6452 3 2
6454 3 1
6457 3 1
6463 2 1
6464 2 1
6465 2 2
6466 3 1
6470 2 1
6471 2 1
6472 2 1
6473 3 2
6475 2 2
6475 3 1
6476 2 1
6476 3 1
6477 2 1
6478 3 2
6485 2 1
6485 3 1
6486 2 1
6489 2 1
6489 3 1
6490 2 1
6490 3 2
6491 3 2
6494 2 1
6494 3 1
6498 3 1
6500 2 1
6500 3 1
6501 3 1
6503 2 2
6503 3 1
6504 2 2
6504 3 1
6505 2 1
6506 2 1
6518 2 1
6524 3 1
6529 2 1
6529 3 1
6530 2 1
6530 3 2
6533 3 1
6535 2 1
6535 3 1
6536 3 1
6538 2 2
6538 3 1
6539 3 1
6545 2 1
6546 3 2
6549 3 1
6551 3 1
6554 2 1
6562 3 1
6566 3 1
6576 2 1
6576 3 1
6577 2 1
6577 3 2
6583 3 1
6585 3 1
6587 2 1
6587 3 2
6588 2 1
6589 2 2
6589 3 1
6597 2 1
6597 3 2
6598 2 1
6603 2 1
6604 2 2
6605 2 1
6605 3 1
6606 2 1
6607 3 2
6609 3 1
6610 3 2
6619 2 1
6619 3 2
6620 2 2
6620 3 1
6621 2 1
6622 2 1
6623 3 1
6626 2 1
6626 3 1
6627 2 1
6637 3 1
6640 2 1
6641 3 1
6644 2 1
6645 2 1
6650 3 1
6651 2 1
6652 2 1
6653 3 1
6655 2 1
6655 3 1
6661 2 1
6662 2 1
6663 2 2
6664 2 2
6664 3 1
6665 3 1
6672 2 1
6672 3 1
6683 2 2
6684 3 1
6690 3 1
6694 2 1
6699 2 1
6699 3 1
6703 3 1
6705 2 1
6706 2 1
6708 3 1
6716 3 1
6724 2 1
6725 2 1
6728 2 1
6729 3 1
6731 2 1
6732 3 1
6734 2 1
6735 2 1
6736 2 1
6737 2 1
6740 3 1
6743 2 1
6744 3 1
6750 2 1
6750 3 1
6751 2 2
6751 3 1
6752 2 1
6753 3 2
6755 2 1
6755 3 1
6756 2 1
6757 3 1
6760 2 1
6760 3 1
6766 2 1
6766 3 2
6767 2 1
6768 2 1
6769 2 1
6770 2 2
6770 3 1
6771 3 1
6775 2 1
6776 2 1
6777 2 2
6778 3 1
6780 2 1
6781 3 2
6784 3 1
6791 3 1
6792 2 1
6793 2 1
6793 3 2
6794 3 1
6796 3 1
6797 2 1
6798 2 1
6799 3 1
6801 2 1
6802 3 1
6806 2 1
6807 3 1
6811 2 1
6812 2 2
6813 3 1
6815 2 1
6823 2 1
6823 3 1
6824 2 1
6824 3 2
6825 2 1
6828 2 1
6828 3 2
6829 2 1
6829 3 2
6831 3 1
6834 3 1
6837 2 1
6838 2 2
6838 3 1
6839 2 1
6843 3 1
6851 2 1
6852 2 2
6852 3 1
6853 2 1
6854 3 1
6856 3 1
6857 2 1
6858 3 1
6860 2 1
6860 3 2
6861 2 2
6861 3 1
6862 2 1
6863 2 1
6864 3 1
6866 2 1
6870 3 1
6871 2 1
6872 2 1
6873 2 1
6873 3 2
6874 3 1
6878 3 1
6880 3 1
6882 3 1
6884 2 1
6884 3 1
6885 2 2
6885 3 1
6886 2 1
6887 3 1
6894 3 1
6895 2 1
6896 2 1
6897 3 2
6900 2 2
6900 3 1
6901 2 1
6901 3 1
6902 2 1
6903 3 2
6905 3 1
6907 2 1
6914 2 1
6916 3 1
6918 2 1
6926 2 1
6926 3 1
6930 3 1
6932 3 1
6936 3 1
6938 3 1
6941 2 1
6945 2 1
6945 3 1
6947 3 1
6953 2 1
6954 3 1
6963 2 1
6963 3 1
6964 2 1
6965 3 1
6967 2 1
6971 3 1
6979 2 1
6985 2 1
6985 3 2
6986 3 1
6999 3 1
7001 3 1
7003 3 1
7009 2 1
7010 3 1
7015 3 1
7016 2 1
7017 2 2
7018 2 1
7018 3 1
7019 3 1
7026 2 1
7026 3 1
7027 2 2
7028 3 1
7030 2 1
7030 3 1
7034 3 1
7041 2 1
7042 2 1
7042 3 2
7043 3 1
7047 2 1
7047 3 2
7048 2 2
7049 2 1
7049 3 1
7050 2 1
7051 3 1
7055 2 1
7056 3 1
7058 2 1
7058 3 1
7059 2 1
7059 3 2
7060 2 1
7060 3 2
7068 3 1
7070 2 1
7070 3 1
7073 3 1
7076 3 1
7079 3 1
7084 2 1
7088 3 1
7090 2 1
7091 3 1
7094 2 1
7094 3 1
7100 2 1
7101 3 1
7104 2 1
7104 3 1
7105 2 1
7106 3 1
7108 2 1
7108 3 2
7109 3 1
7111 3 1
7115 3 1
7131 3 1
7133 3 1
7135 2 2
7135 3 1
7136 2 1
7136 3 1
7137 2 1
7138 3 2
7141 3 1
7145 3 1
7146 2 1
7147 3 2
7150 2 1
7150 3 1
7153 3 1
7154 2 1
7155 3 2
7157 3 1
7160 2 1
7161 2 2
7162 3 1
7164 3 1
7168 2 1
7168 3 1
7170 2 1
7174 2 1
7174 3 1
7175 2 1
7176 2 2
7176 3 1
7177 2 1
7178 3 2
7180 2 1
7180 3 1
7181 2 2
7181 3 1
7182 3 1
7189 2 1
7190 3 1
7193 2 1
7194 3 1
7198 3 1
7203 3 1
7207 2 1
7208 2 2
7208 3 1
7210 2 1
7211 3 1
7213 3 1
7215 3 1
7220 2 1
7220 3 1
7221 2 1
7224 2 1
7225 2 1
7233 3 1
7238 2 1
7239 2 2
7239 3 1
7240 3 1
7242 3 1
7245 3 1
7247 2 1
7252 2 1
7252 3 1
7256 3 1
7261 2 1
7261 3 1
7262 2 1
7274 3 1
7275 2 1
7276 3 2
7278 3 1
7280 2 1
7280 3 2
7282 3 1
7283 2 1
7284 3 1
7291 2 1
7295 2 2
7295 3 1
7296 2 2
7296 3 1
7297 2 1
7297 3 1
7305 2 1
7306 2 2
7306 3 1
7311 2 1
7311 3 2
7312 2 1
7313 2 2
7313 3 1
7319 2 1
7320 2 2
7321 2 1
7321 3 1
7322 2 1
7323 2 1
7324 3 1
7326 3 1
7328 2 1
7329 3 1
7333 2 1
7333 3 2
7334 2 2
7334 3 1
7335 2 1
7336 2 1
7337 3 1
7339 2 1
7339 3 1
7342 3 1
7350 3 1
7352 2 1
7352 3 1
7355 2 1
7355 3 1
7358 2 1
7358 3 1
7359 3 1
7362 3 1
7364 2 2
7364 3 1
7365 3 1
7378 2 2
7378 3 1
7379 2 1
7379 3 1
7380 2 1
7384 2 1
7385 2 1
7386 3 2
7388 2 2
7388 3 1
7389 2 1
7389 3 1
7390 2 1
7395 3 1
7398 3 1
7404 3 1
7406 3 1
7408 2 1
7409 2 1
7410 3 2
7412 2 1
7415 2 1
7415 3 1
7416 2 1
7417 2 2
7417 3 1
7418 2 1
7424 2 1
7424 3 1
7425 2 1
7426 2 2
7426 3 1
7427 3 1
7429 2 1
7429 3 1
7430 3 2
7432 2 1
7432 3 1
7435 2 1
7437 3 1
7439 2 1
7440 2 2
7440 3 1
7442 2 1
7443 3 1
7445 3 1
7449 2 1
7449 3 1
7450 2 2
7450 3 1
7451 3 1
7453 3 1
7455 2 1
7455 3 1
7456 2 1
7457 2 2
7458 2 2
7458 3 1
7459 3 1
7462 3 1
7472 2 1
7474 2 1
7475 3 2
7480 2 1
7482 2 1
7483 3 1
7485 2 1
7485 3 2
7487 2 2
7487 3 1
7488 2 1
7489 2 1
7492 2 1
7494 2 1
7495 3 1
7497 3 1
7503 3 1
7508 3 1
7510 2 1
7516 2 2
7516 3 1
7517 3 1
7519 3 1
7522 2 1
7524 3 1
7529 3 1
7531 3 1
7532 2 1
7532 3 2
7533 2 2
7534 2 1
7534 3 1
7535 3 1
7537 2 1
7537 3 1
7542 3 1
7551 3 1
7553 2 1
7553 3 1
7554 2 1
7554 3 2
7555 2 2
7556 2 1
7556 3 1
7557 3 1
7559 3 1
7561 2 1
7562 3 1
7564 3 1
7572 2 2
7572 3 1
7573 2 1
7580 3 1
7583 2 1
7587 2 1
7588 3 1
7590 2 1
7596 3 1
7598 3 1
7606 2 1
7607 2 1
7608 2 1
7614 3 1
7618 2 1
7621 2 1
7621 3 1
7625 2 1
7626 2 1
7627 3 2
7629 3 1
7632 3 1
7635 2 2
7635 3 1
7636 3 1
7639 3 1
7641 2 1
7641 3 2
7644 2 1
7644 3 1
7649 2 1
7655 2 1
7659 2 1
7659 3 1
7661 3 1
7663 2 1
7663 3 1
7664 2 2
7664 3 1
7665 2 1
7668 3 1
7669 2 1
7671 2 1
7675 3 1
7680 2 1
7683 3 1
7687 2 1
7687 3 1
7688 3 1
7692 3 1
7694 3 1
7696 3 1
7699 2 1
7700 2 2
7700 3 1
7701 3 1
7703 2 1
7707 2 1
7708 2 1
7709 2 2
7712 3 1
7714 2 1
7715 3 1
7717 2 1
7717 3 2
7720 2 2
7721 2 1
7721 3 1
7725 2 1
7725 3 1
7726 2 2
7727 2 2
7727 3 1
7728 3 1
7730 3 1
7732 3 1
7735 2 1
7739 3 1
7741 3 1
7745 2 1
7746 2 1
7747 2 1
7749 3 1
7752 2 1
7752 3 1
7753 2 1
7754 3 1
7761 2 1
7762 3 1
7764 3 1
7774 2 1
7774 3 2
7775 3 1
7779 2 1
7779 3 1
7785 3 1
7793 2 1
7794 2 2
7795 2 1
7795 3 1
7796 3 2
7801 3 1
7804 2 1
7804 3 1
7805 2 1
7808 2 1
7809 3 1
7811 2 2
7811 3 1
7812 2 1
7813 2 1
7819 2 1
7828 2 1
7828 3 2
7829 2 2
7829 3 1
7830 2 1
7831 3 1
7833 2 2
7833 3 1
7834 2 1
7839 2 2
7839 3 1
7840 2 1
7840 3 1
7845 2 2
7846 2 1
7846 3 1
7847 2 1
7852 2 1
7852 3 1
7856 2 1
7871 3 1
7873 3 1
7875 2 1
7876 3 1
7878 3 1
7879 3 2
7880 2 1
7881 3 1
7886 3 1
7887 3 2
7888 2 1
7889 3 1
7891 2 1
7895 3 1
7897 2 1
7897 3 1
7900 3 1
7902 3 1
7904 2 1
7904 3 1
7908 2 1
7908 3 1
7909 3 2
7911 2 1
7911 3 1
7912 2 2
7913 3 1
7916 2 1
7917 2 1
7917 3 2
7918 3 1
7920 2 1
7920 3 1
7921 3 2
7924 3 1
7926 3 1
7928 3 1
7929 2 1
7930 2 1
7931 3 1
7934 2 1
7934 3 1
7939 2 1
7940 2 2
7941 3 1
7945 3 1
7951 2 1
7951 3 1
7957 3 1
7963 2 1
7964 2 2
7965 3 1
7967 2 1
7967 3 1
7968 2 1
7968 3 2
7971 2 1
7977 2 1
7977 3 2
7982 2 1
7982 3 1
7984 3 1
7987 3 1
7988 2 1
7993 2 1
7994 3 1
7996 3 1
7997 2 1
8001 2 1
8001 3 1
8004 2 2
8004 3 1
8005 3 1
8007 3 1
8009 2 1
8010 3 1
8016 3 1
8018 2 1
8021 3 2
8022 3 1
8026 2 1
8026 3 2
8027 2 1
8027 3 2
8028 2 1
8028 3 2
8031 3 1
8034 2 1
8034 3 1
8041 2 1
8054 2 1
8054 3 1
8060 2 1
8060 3 1
8061 2 1
8062 3 2
8064 2 1
8064 3 1
8068 2 1
8069 3 1
8072 2 1
8073 2 1
8074 3 1
8076 2 1
8076 3 1
8077 2 2
8077 3 1
8078 2 1
8079 2 1
8080 2 1
8081 3 2
8087 2 1
8098 3 1
8100 3 1
8103 2 1
8104 2 1
8105 2 1
8108 3 1
8110 3 1
8112 3 1
8113 2 1
8114 2 1
8115 2 2
8115 3 1
8116 2 1
8122 2 1
8123 3 2
8128 2 1
8128 3 1
8146 3 1
8147 2 1
8150 2 1
8151 3 1
8153 2 1
8153 3 2
8154 2 2
8154 3 1
8155 2 1
8156 3 1
8158 2 1
8159 2 1
8160 3 1
8163 2 1
8164 3 1
8166 2 1
8166 3 2
8167 3 1
8169 3 1
8171 2 1
8172 2 2
8173 2 1
8173 3 1
8174 3 2
8177 3 1
8179 2 1
8180 2 1
8181 2 2
8185 2 1
8186 2 1
8190 2 1
8191 3 1
8194 2 1
8194 3 1
8197 2 1
8198 2 1
8199 2 1
8203 2 1
8203 3 2
8204 2 1
8208 2 1
8209 3 1
8214 2 1
8216 3 1
8218 3 1
8222 3 1
8224 3 1
8225 2 1
8226 2 1
8227 2 1
8228 3 2
8230 2 1
8230 3 1
8232 3 1
8235 2 1
8236 2 1
8240 3 1
8242 2 1
8242 3 2
8243 2 2
8243 3 1
8244 2 1
8245 3 1
8249 3 1
8250 2 1
8251 2 1
8252 2 1
8252 3 2
8253 2 1
8253 3 2
8254 3 1
8259 3 1
8261 3 1
8263 2 1
8263 3 1
8268 2 1
8268 3 1
8270 2 2
8270 3 1
8271 2 1
8272 2 1
8273 3 2
8276 2 1
8276 3 1
8281 2 1
8282 2 2
8283 2 1
8283 3 1
8284 3 2
8287 2 1
8291 2 1
8292 2 1
8298 2 1
8298 3 1
8302 2 1
8302 3 1
8303 2 1
8304 2 1
8305 3 1
8308 3 1
8311 3 1
8313 3 1
8316 2 1
8317 3 1
8319 3 1
8329 2 1
8330 2 2
8330 3 1
8333 3 1
8335 2 1
8335 3 1
8336 2 1
8336 3 2
8337 3 2
8339 2 1
8339 3 1
8340 2 1
8352 2 1
8353 2 2
8354 3 1
8358 2 1
8358 3 1
8359 2 1
8359 3 2
8360 2 1
8360 3 2
8361 2 1
8362 2 1
8364 3 1
8366 2 1
8366 3 1
8367 2 1
8368 3 1
8370 2 1
8370 3 1
8371 2 1
8371 3 2
8372 2 1
8372 3 2
8374 2 1
8377 2 1
8377 3 2
8380 3 1
8385 2 1
8389 3 1
8392 3 1
8395 2 1
8395 3 1
8400 2 1
8400 3 1
8401 2 1
8401 3 2
8403 3 1
8405 3 1
8412 2 1
8413 2 1
8413 3 2
8414 3 1
8418 3 1
8419 2 1
8420 2 1
8429 2 1
8430 2 1
8431 3 2
8433 3 1
8437 3 1
8441 2 1
8442 2 1
8446 2 1
8448 3 1
8452 2 1
8453 2 1
8468 3 1
8470 2 1
8470 3 1
8479 2 1
8480 3 1
8483 2 1
8483 3 1
8484 3 1
8493 3 1
8495 3 1
8497 2 1
8497 3 1
8498 2 1
8499 2 2
8500 2 1
8500 3 1
8501 3 2
8505 2 1
8505 3 1
8509 3 1
8515 3 1
8516 2 1
8516 3 2
8517 2 2
8518 2 1
8518 3 1
8522 3 1
8524 2 1
8524 3 1
8525 2 1
8529 2 1
8529 3 1
8530 2 1
8533 2 1
8533 3 1
8534 3 1
8536 3 1
8542 2 1
8542 3 1
8544 2 1
8547 3 1
8550 2 1
8550 3 1
8551 2 1
8552 2 2
8552 3 1
8560 2 1
8560 3 2
8561 2 1
8562 3 1
8565 3 1
8568 3 1
8574 2 1
8574 3 1
8577 2 1
8577 3 1
8582 3 1
8585 3 1
8588 3 1
8590 2 1
8590 3 2
8592 3 1
8594 3 1
8596 3 1
8598 3 1
8601 3 1
8605 3 1
8607 2 1
8609 2 2
8609 3 1
8610 3 1
8612 2 1
8613 2 1
8614 2 1
8615 2 1
8619 2 1
8619 3 1
8621 2 2
8621 3 1
8622 3 1
8623 2 1
8629 3 1
8631 2 1
8631 3 2
8632 3 1
8635 2 1
8636 2 1
8636 3 2
8637 3 1
8641 2 1
8642 2 2
8642 3 1
8643 3 1
8645 2 1
8646 2 2
8646 3 1
8647 2 1
8648 2 1
8651 3 1
8653 2 1
8653 3 1
8654 3 1
8657 2 1
8658 3 1
8663 3 1
8664 2 1
8664 3 2
8665 2 1
8668 2 1
8668 3 1
8671 2 1
8671 3 1
8672 2 2
8677 2 1
8678 3 1
8680 2 1
8681 2 2
8681 3 1
8690 2 1
8691 2 2
8692 2 1
8692 3 1
8694 2 1
8695 3 2
8698 3 1
8699 3 2
8700 2 1
8701 3 1
8703 2 1
8703 3 1
8708 2 1
8708 3 1
8714 2 1
8715 2 1
8716 3 1
8725 2 1
8726 2 1
8729 3 1
8735 2 1
8735 3 1
8737 3 1
8740 2 1
8740 3 1
8747 3 1
8753 2 1
8753 3 1
8754 3 2
8756 2 2
8757 2 1
8758 3 1
8760 2 2
8760 3 1
8761 2 1
8774 3 1
8777 2 1
8778 2 1
8779 3 1
8781 2 1
8781 3 1
8782 2 2
8789 2 1
8790 3 1
8792 2 1
8793 3 1
8797 2 1
8800 2 1
8804 2 1
8804 3 1
8810 2 2
8810 3 1
8812 2 1
8815 3 1
8817 2 1
8818 2 1
8819 2 2
8824 2 1
8825 2 1
8829 2 1
8836 2 1
8836 3 1
8837 3 1
8845 2 1
8845 3 2
8846 3 1
8849 2 1
8849 3 1
8856 2 1
8857 2 1
8858 2 2
8858 3 1
8859 2 1
8860 2 1
8861 2 1
8865 2 1
8866 2 1
8867 3 1
8869 3 1
8871 3 1
8873 3 1
8875 3 1
8878 3 1
8882 3 1
8886 2 1
8894 2 1
8894 3 1
8895 2 1
8896 3 2
8898 2 1
8905 2 1
8906 2 2
8907 2 1
8907 3 1
8908 2 1
8908 3 2
8909 3 2
8913 2 1
8913 3 1
8919 2 1
8923 3 1
8926 3 1
8927 2 1
8930 2 2
8930 3 1
8931 2 1
8932 3 1
8935 3 1
8938 2 1
8938 3 1
8939 2 2
8939 3 1
8940 2 1
8941 3 1
8945 3 1
8947 2 1
8947 3 1
8950 3 1
8955 2 1
8956 3 1
8958 2 1
8958 3 2
8964 3 1
8967 3 1
8969 3 1
8972 2 1
8972 3 1
8973 2 1
8974 2 2
8974 3 1
8975 2 1
8976 3 1
8978 2 1
8983 2 1
8984 2 1
8985 2 2
8986 3 1
8988 2 1
8989 3 1
8993 3 1
9014 2 1
9023 2 1
9024 2 2
9025 2 1
9025 3 1
9026 2 1
9027 3 1
9030 2 1
9031 2 1
9033 3 1
9035 3 1
9037 3 1
9039 3 1
9045 3 1
9047 3 1
9057 2 1
9061 2 2
9062 2 1
9062 3 1
9070 2 1
9073 3 1
9075 3 1
9080 2 1
9080 3 1
9081 2 2
9092 3 1
9097 3 1
9098 2 1
9099 2 1
9100 3 1
9110 2 1
9111 3 1
9113 2 2
9113 3 1
9114 2 2
9114 3 1
9115 2 1
9115 3 1
9118 3 2
9119 3 1
9121 2 1
9121 3 1
9122 2 1
9123 3 2
9125 2 1
9125 3 1
9126 2 2
9127 3 1
9128 2 1
9133 3 1
9135 3 1
9144 2 1
9148 2 2
9148 3 1
9149 2 1
9149 3 1
9157 2 1
9157 3 1
9158 2 2
9158 3 1
9159 2 1
9160 2 1
9161 3 1
9170 2 1
9170 3 1
9173 2 1
9173 3 1
9174 3 1
9184 2 1
9187 2 1
9188 2 1
9189 2 2
9189 3 1
9190 3 1
9199 2 1
9199 3 1
9203 3 1
9206 2 1
9206 3 1
9209 2 2
9209 3 1
9210 2 1
9210 3 1
9211 2 1
9212 3 2
9214 2 1
9214 3 1
9215 2 2
9216 3 1
9218 2 1
9221 2 1
9224 3 1
9227 2 1
9227 3 2
9229 3 1
9234 2 1
9235 3 1
9241 3 1
9245 2 1
9249 3 1
9251 3 1
9253 3 1
9258 3 1
9260 3 1
9263 2 1
9266 2 2
9267 2 1
9267 3 1
9268 2 1
9272 2 1
9272 3 1
9273 2 1
9275 3 1
9277 2 1
9277 3 1
9278 3 1
9280 2 1
9280 3 1
9281 2 1
9281 3 2
9282 2 1
9289 3 1
9292 3 1
9294 2 1
9300 3 1
9302 3 1
9304 2 1
9305 3 1
9310 2 1
9310 3 2
9311 2 2
9311 3 1
9312 2 1
9313 2 1
9316 2 1
9320 3 1
9322 3 1
9324 2 1
9328 2 1
9329 2 1
9334 3 1
9336 2 1
9336 3 1
9338 2 2
9338 3 1
9339 3 1
9341 3 1
9344 2 1
9345 2 1
9346 3 1
9348 3 1
9349 2 1
9352 2 1
9354 3 1
9357 3 1
9363 2 1
9363 3 1
9366 2 1
9367 2 1
9373 2 1
9373 3 1
9374 3 2
9377 3 1
9383 2 1
9383 3 1
9390 2 2
9390 3 1
9391 2 1
9395 2 1
9395 3 1
9396 2 2
9397 2 1
9397 3 1
9400 2 1
9400 3 1
9404 3 1
9406 3 1
9409 2 2
9409 3 1
9410 3 1
9412 2 1
9413 3 1
9415 2 1
9415 3 1
9416 3 1
9425 2 1
9432 2 1
9433 2 1
9434 2 2
9435 3 1
9439 2 1
9440 2 1
9441 2 1
9442 2 1
9443 3 1
9446 2 1
9446 3 1
9447 3 2
9449 2 1
9449 3 1
9450 2 2
9451 3 1
9453 2 1
9453 3 1
9458 2 1
9459 3 1
9462 3 1
9464 3 1
9466 2 1
9474 2 1
9474 3 1
9478 2 1
9478 3 1
9479 2 1
9480 2 2
9481 2 1
9481 3 1
9486 2 1
9489 2 1
9489 3 1
9493 3 1
9496 3 1
9498 3 1
9502 2 1
9503 2 1
9503 3 2
9504 3 1
9506 3 1
9508 2 1
9508 3 1
9512 2 2
9513 2 1
9513 3 1
9514 2 1
9515 2 1
9520 2 1
9520 3 1
9522 3 1
9524 2 1
9524 3 1
9528 3 1
9530 3 1
9532 2 1
9532 3 1
9534 2 1
9537 2 1
9538 2 1
9539 3 1
9542 3 1
9543 2 1
9544 3 2
9546 3 1
9552 2 1
9553 2 2
9553 3 1
9554 2 2
9554 3 1
9555 3 1
9557 2 1
9558 3 1
9561 3 1
9563 3 1
9566 2 1
9566 3 2
9567 2 1
9576 2 1
9577 2 2
9578 2 1
9578 3 1
9579 3 2
9583 2 1
9584 2 1
9594 3 1
9596 2 2
9596 3 1
9597 3 1
9599 2 1
9600 3 1
9602 3 1
9604 3 1
9607 3 1
9610 2 1
9611 2 2
9612 2 1
9612 3 1
9613 3 2
9615 2 1
9618 2 1
9623 3 1
9625 3 1
9633 2 1
9634 2 2
9635 2 1
9635 3 1
9637 3 1
9650 2 1
9651 2 1
9652 3 1
9655 2 1
9656 2 1
9658 3 1
9665 2 1
9666 2 1
9672 3 1
9674 3 1
9676 2 1
9676 3 1
9677 2 2
9681 2 1
9686 2 2
9686 3 1
9687 3 1
9690 2 1
9692 2 2
9693 3 1
9696 2 1
9696 3 1
9697 2 1
9697 3 2
9698 2 1
9698 3 2
9700 3 1
9704 2 1
9704 3 1
9705 2 1
9705 3 2
9714 2 1
9716 3 1
9720 2 1
9721 3 1
9725 2 1
9735 2 2
9735 3 1
9736 2 1
9737 2 1
9741 2 1
9742 3 1
9746 2 1
9746 3 1
9747 2 1
9748 2 1
9748 3 2
9749 3 1
9760 2 1
9761 2 1
9762 3 1
9770 3 1
9772 2 1
9772 3 1
9775 2 1
9776 2 1
9777 2 2
9777 3 1
9780 2 1
9781 2 2
9782 2 1
9782 3 1
9783 3 2
9788 3 1
9789 2 1
9790 3 2
9793 3 1
9795 2 1
9800 2 1
9801 2 2
9805 2 1
9809 3 1
9816 2 2
9816 3 1
9817 2 1
9817 3 1
9818 2 1
9819 3 2
9821 2 1
9821 3 1
9822 2 2
9822 3 1
9823 2 1
9830 2 1
9831 2 2
9832 3 1
9835 3 1
9837 2 1
9837 3 1
9840 2 1
9842 2 1
9843 3 1
9848 2 1
9848 3 1
9850 3 1
9855 2 1
9855 3 2
9856 2 1
9857 2 1
9865 2 1
9866 3 1
9869 2 1
9869 3 1
9870 2 1
9873 2 2
9873 3 1
9874 3 1
9877 2 1
9878 2 2
9878 3 1
9879 3 1
9881 3 1
9883 2 1
9883 3 1
9890 2 1
9891 3 1
9898 3 1
9900 2 1
9907 2 1
9907 3 1
9910 3 1
9912 3 1
9914 3 1
9916 2 1
9916 3 1
9923 2 1
9924 2 1
9924 3 2
9925 2 1
9925 3 2
9926 3 1
9929 3 1
9945 2 1
9945 3 1
9946 2 1
9946 3 2
9947 2 1
9948 2 1
9949 2 2
9950 2 1
9950 3 1
9951 3 2
9953 3 1
9963 2 1
9963 3 2
9968 2 1
9969 2 2
9970 3 1
9973 2 1
9974 2 1
9975 3 1
9977 3 1
9979 2 1
9979 3 1
9980 2 2
9980 3 1
9981 2 1
9982 3 1
9984 3 1
9985 2 1
9986 2 1
9993 3 1
9995 2 1
9995 3 1
9996 3 1
9998 2 2
9998 3 1
9999 2 1
9999 3 1
10001 3 2
10002 3 1
10004 2 1
10004 3 1
10005 3 2
10011 2 1
10015 3 1
10016 2 1
10017 3 1
10020 2 1
10021 2 1
10022 2 1
10025 2 1
10025 3 1
10032 3 1
10034 2 1
10034 3 1
10037 3 1
10047 2 1
10048 2 2
10048 3 1
10049 3 1
10054 2 1
10063 3 1
10064 2 1
10067 2 1
10067 3 1
10069 2 1
10073 3 1
10074 2 1
10075 2 1
10076 3 2
10077 3 1
10086 2 1
10086 3 2
10087 2 1
10088 3 1
10091 2 1
10091 3 1
10092 2 2
10092 3 1
10093 2 1
10094 3 2
10096 2 1
10096 3 1
10097 2 1
10098 2 2
10099 3 1
10109 2 1
10109 3 2
10110 3 1
10112 2 1
10113 2 1
10114 3 2
10119 2 2
10120 2 1
10123 3 1
10125 3 1
10127 3 1
10129 3 1
10130 2 1
10131 2 1
10132 3 1
10141 3 1
10150 2 1
10155 2 1
10156 2 2
10157 2 1
10157 3 1
10158 3 2
10160 3 1
10164 2 1
10164 3 1
10165 2 1
10172 2 1
10172 3 1
10174 2 2
10174 3 1
10175 3 1
10186 2 1
10187 2 2
10188 2 1
10188 3 1
10189 3 2
10191 2 1
10192 2 1
10193 3 2
10197 3 1
10199 3 1
10201 2 1
10201 3 1
10202 2 1
10202 3 2
10203 2 2
10204 2 1
10204 3 1
10205 2 1
10212 3 1
10219 2 1
10220 2 1
10221 2 2
10221 3 1
10222 2 1
10223 3 1
10231 2 1
10233 3 1
10235 2 1
10235 3 1
10239 2 1
10240 3 1
10243 2 1
10243 3 1
10244 2 1
10246 2 1
10252 3 1
10256 2 2
10257 3 1
10260 2 1
10264 3 1
10268 3 1
10270 2 1
10270 3 2
10271 2 1
10272 2 2
10273 3 1
10275 2 1
10276 3 2
10278 2 1
10278 3 1
10281 2 1
10282 2 1
10291 2 1
10291 3 1
10294 2 1
10302 3 1
10308 2 2
10308 3 1
10309 3 1
10313 2 1
10314 2 2
10315 2 1
10315 3 1
10325 2 1
10333 3 1
10334 2 1
10335 2 1
10339 2 1
10340 3 2
10343 2 1
10343 3 1
10344 2 2
10350 3 1
10353 2 1
10353 3 1
10358 2 1
10359 2 1
10362 2 1
10363 3 1
10365 3 1
10367 2 1
10367 3 1
10368 2 2
10369 3 1
10371 2 1
10371 3 1
10381 2 1
10382 2 1
10382 3 2
10383 3 1
10385 2 1
10385 3 1
10391 2 1
10391 3 1
10392 3 1
10394 2 1
10394 3 1
10396 3 1
10398 3 1
10399 2 1
10399 3 2
10400 2 2
10401 2 1
10401 3 1
10402 3 2
10404 3 1
10406 3 1
10410 2 1
10411 2 1
10417 2 1
10418 2 2
10419 2 1
10419 3 1
10423 2 1
10424 2 1
10424 3 2
10425 2 1
10425 3 2
10426 3 1
10437 2 2
10438 2 1
10438 3 1
10439 2 1
10440 2 1
10441 3 2
10444 3 1
10446 2 1
10447 2 1
10451 2 1
10451 3 2
10454 2 1
10454 3 1
10455 3 2
10456 3 1
10461 3 1
10463 3 1
10466 2 1
10467 3 1
10470 2 1
10470 3 1
10471 2 1
10472 2 1
10473 2 2
10473 3 1
10474 3 1
10476 2 1
10477 2 2
10477 3 1
10478 2 1
10479 3 1
10481 3 1
10485 3 1
10486 2 1
10487 3 1
10489 2 1
10496 3 1
10498 3 1
10500 3 1
10502 2 1
10502 3 1
10503 2 1
10510 3 1
10518 2 1
10519 2 1
10527 2 1
10527 3 1
10528 2 1
10529 2 2
10530 2 1
10530 3 1
10541 2 1
10544 2 1
10545 2 2
10546 2 1
10546 3 1
10547 3 1
10550 2 1
10550 3 2
10551 3 1
10553 2 1
10553 3 1
10564 3 1
10566 2 1
10566 3 1
10574 2 1
10574 3 2
10575 2 1
10575 3 2
10576 2 1
10576 3 2
10577 3 1
10579 2 1
10580 3 1
10585 2 1
10585 3 2
10592 3 1
10594 3 1
10595 3 2
10597 3 1
10599 2 1
10600 2 1
10601 3 1
10604 2 1
10604 3 1
10605 2 1
10606 3 1
10608 2 1
10608 3 1
10609 2 1
10617 2 1
10617 3 1
10618 2 1
10622 3 1
10623 2 1
10626 2 1
10629 2 1
10629 3 1
10632 2 1
10632 3 1
10639 2 2
10640 2 1
10641 2 1
10642 3 2
10644 3 1
10646 3 1
10652 2 1
10652 3 1
10659 2 1
10664 2 1
10664 3 2
10665 3 1
10667 2 1
10667 3 1
10668 2 2
10669 3 1
10671 3 1
10673 2 1
10673 3 2
10674 2 2
10674 3 1
10675 2 1
10676 3 1
10682 2 1
10690 3 1
10696 3 1
10701 2 1
10701 3 1
10702 2 1
10703 2 2
10704 2 1
10704 3 1
10705 2 1
10706 2 1
10707 2 1
10708 3 1
10710 2 1
10710 3 1
10714 2 1
10715 3 2
10718 2 1
10718 3 1
10719 3 1
10721 2 1
10722 3 2
10723 3 1
10725 3 1
10726 2 1
10727 2 1
10727 3 2
10728 3 1
10737 2 1
10737 3 1
10738 3 2
10740 2 1
10747 3 1
10750 2 1
10750 3 2
10754 3 1
10761 2 1
10761 3 1
10764 2 1
10765 3 1
10770 3 1
10772 2 1
10773 2 2
10774 2 1
10774 3 1
10775 3 2
10777 2 1
10778 2 1
10781 3 1
10787 3 1
10789 3 1
10791 3 1
10793 3 1
10799 2 1
10799 3 1
10800 3 1
10804 3 1
10814 2 1
10814 3 2
10815 3 1
10823 2 2
10823 3 1
10824 2 1
10825 2 1
10826 2 1
10827 2 1
10834 2 1
10835 3 1
10839 3 1
10840 2 1
10848 2 1
10848 3 1
10850 2 1
10851 2 1
10852 2 1
10853 2 1
10857 3 1
10859 3 1
10860 2 1
10861 2 1
10862 3 1
10865 3 1
10866 2 1
10867 3 1
10869 2 1
10870 2 2
10870 3 1
10871 2 1
10872 3 1
10874 3 1
10879 2 1
10880 2 1
10884 2 1
10888 2 1
10888 3 1
10889 2 1
10889 3 2
10890 2 1
10891 3 1
10894 3 1
10896 3 1
10897 2 1
10898 2 1
10901 3 1
10903 3 1
10905 2 1
10905 3 1
10909 3 1
10911 3 1
10912 2 1
10913 2 1
10914 2 1
10916 3 1
10919 2 1
10919 3 1
10920 2 1
10921 2 2
10922 2 1
10922 3 1
10923 3 2
10938 2 1
10938 3 1
10940 2 1
10941 2 1
10942 3 2
10944 3 1
10946 2 1
10947 2 2
10947 3 1
10949 2 1
10950 2 1
10953 2 2
10953 3 1
10954 2 1
10954 3 1
10959 3 1
10961 2 1
10961 3 1
10962 2 1
10962 3 2
10964 3 1
10966 2 1
10966 3 1
10972 2 1
10975 2 1
10975 3 1
10976 2 1
10981 3 1
10985 3 1
10987 3 1
10992 2 1
10992 3 1
10994 2 1
10995 2 2
10996 3 1
10999 2 1
10999 3 1
11000 2 2
11001 2 1
11001 3 1
11002 3 2
11004 2 1
11004 3 1
11007 2 1
11007 3 1
11010 2 1
11010 3 2
11011 3 1
11014 2 1
11014 3 2
11015 2 1
11016 3 1
11021 2 1
11022 2 1
11023 2 2
11023 3 1
11024 3 1
11026 2 1
11026 3 1
11027 3 1
11031 2 1
11031 3 2
11032 2 1
11035 2 1
11036 2 1
11037 2 1
11043 2 1
11044 2 1
11045 2 1
11046 2 2
11046 3 1
11047 2 1
11049 3 1
11051 2 1
11052 2 1
11053 3 1
11057 2 1
11057 3 1
11064 2 1
11065 2 1
11066 3 2
11068 3 1
11070 2 1
11070 3 2
11072 2 1
11073 2 1
11074 2 1
11075 2 1
11076 2 2
11077 3 1
11081 2 2
11081 3 1
11082 2 1
11082 3 1
11083 2 1
11090 2 1
11091 2 1
11098 2 1
11099 2 1
11106 2 1
11106 3 1
11111 3 1
11113 2 1
11114 2 1
11119 2 1
11119 3 1
11124 2 1
11124 3 1
11134 2 1
11135 2 1
11136 3 2
11139 3 1
11141 2 1
11141 3 1
11144 3 1
11147 3 1
11149 3 1
11151 3 1
11153 2 1
11153 3 1
11156 3 1
11163 2 1
11163 3 1
11164 2 2
11164 3 1
11165 2 1
11166 3 1
11178 3 1
11180 2 1
11181 2 2
11181 3 1
11182 3 1
11184 2 1
11184 3 1
11185 2 1
11186 3 2
11188 3 1
11193 2 1
11193 3 2
11194 2 1
11199 2 1
11199 3 2
11200 2 1
11206 3 1
11208 3 1
11210 3 1
11213 2 1
11219 2 1
11219 3 1
11224 2 1
11224 3 2
11226 3 1
11230 2 1
11231 3 2
11235 2 1
11238 2 1
11239 3 1
11241 3 1
11243 3 1
11246 2 1
11246 3 1
11252 3 1
11258 2 1
11258 3 2
11259 2 1
11260 2 1
11261 2 2
11261 3 1
11263 2 1
11273 2 1
11274 2 1
11275 2 1
11278 2 1
11278 3 2
11279 2 1
11286 2 1
11287 2 2
11287 3 1
11288 3 1
11290 2 1
11290 3 1
11291 3 1
11300 2 1
11300 3 2
11303 2 2
11303 3 1
11306 2 1
11307 2 1
11307 3 2
11308 3 1
11316 2 1
11316 3 1
11317 2 1
11320 3 1
11323 3 1
11326 3 1
11330 3 1
11332 2 1
11332 3 1
11336 2 1
11336 3 1
11337 3 2
11343 2 1
11343 3 1
11346 2 1
11347 3 1
11354 2 1
11355 3 1
11358 2 2
11358 3 1
11359 3 1
11361 3 1
11366 3 1
11371 2 1
11371 3 1
11378 2 1
11378 3 1
11379 2 1
11379 3 2
11382 2 1
11388 2 2
11388 3 1
11392 3 1
11393 2 1
11394 3 1
11396 3 1
11400 2 1
11403 2 1
11403 3 1
11404 2 1
11405 2 1
11406 3 1
11413 2 1
11413 3 1
11414 2 1
11414 3 2
11415 2 1
11418 3 1
11421 2 1
11422 3 1
11424 2 1
11424 3 2
11425 2 2
11425 3 1
11426 2 1
11427 2 1
11428 3 2
11432 2 1
11433 3 2
11435 2 1
11435 3 1
11436 2 1
11438 2 1
11440 2 2
11441 3 1
11443 2 1
11452 2 1
11453 2 1
11454 2 1
11458 2 1
11458 3 2
11459 2 2
11460 2 1
11460 3 1
11461 3 2
11463 2 1
11463 3 1
11464 2 1
11464 3 2
11467 2 1
11467 3 1
11468 2 1
11469 2 1
11470 3 1
11472 3 1
11473 2 1
11474 2 1
11475 2 1
11475 3 2
11476 3 1
11485 3 1
11487 2 1
11489 3 1
11491 3 1
11492 2 1
11493 3 1
11498 2 1
11499 2 1
11499 3 2
11500 2 1
11500 3 2
11501 3 1
11503 3 1
11508 2 1
11508 3 1
11509 2 1
11509 3 2
11511 3 1
11516 3 1
11522 2 1
11522 3 1
11523 3 2
11525 3 1
11526 2 1
11527 3 1
11529 3 1
11534 2 1
11534 3 1
11535 3 1
11548 2 1
11549 3 1
11554 2 1
11554 3 1
11555 3 1
11557 3 1
11558 2 1
11559 2 1
11564 2 1
11567 2 2
11567 3 1
11568 2 1
11576 2 1
11577 3 1
11584 2 1
11585 2 2
11586 2 1
11586 3 1
11587 2 1
11588 3 1
11592 2 1
11592 3 1
11593 3 2
11595 3 1
11596 2 1
11596 3 2
11600 2 1
11601 2 1
11606 2 1
11606 3 1
11613 2 1
11614 2 1
11616 2 1
11617 3 1
11619 2 1
11619 3 1
11620 2 2
11623 2 2
11623 3 1
11624 2 1
11625 3 1
11629 2 1
11629 3 1
11630 3 1
11632 3 1
11635 2 1
11638 2 1
11640 3 1
11644 2 1
11645 2 1
11646 2 1
11651 2 1
11651 3 2
11652 3 1
11655 2 1
11659 3 1
11661 2 1
11661 3 1
11662 3 2
11663 3 1
11665 2 1
11668 2 1
11672 2 1
11673 2 2
11674 2 1
11674 3 1
11679 2 1
11679 3 1
11683 3 1
11687 2 1
11687 3 1
11688 2 1
11688 3 2
11689 2 2
11689 3 1
11690 2 1
11691 3 1
11695 3 1
11699 2 1
11705 2 1
11705 3 1
11706 2 1
11708 3 1
11710 2 1
11710 3 1
11711 2 1
11711 3 2
11716 3 1
11721 3 1
11725 3 1
11733 2 1
11733 3 1
11734 2 1
11735 3 1
11738 2 1
11739 2 2
11739 3 1
11740 2 1
11741 3 1
11744 3 1
11747 2 1
11752 2 1
11752 3 1
11753 2 2
11754 2 1
11754 3 1
11760 2 1
11761 2 2
11761 3 1
11762 3 1
11766 2 1
11776 2 1
11776 3 1
11777 2 1
11778 2 2
11779 2 1
11779 3 1
11780 3 2
11782 2 1
11782 3 1
11783 3 1
11785 2 1
11786 3 1
11788 2 1
11789 2 1
11790 3 1
11792 2 1
11792 3 1
11793 2 2
11794 2 1
11794 3 1
11797 3 1
11800 2 1
11801 2 1
11809 3 1
11811 2 2
11811 3 1
11817 2 1
11818 3 1
11826 2 2
11826 3 1
11827 2 1
11827 3 1
11828 2 1
11829 2 1
11831 2 2
11832 2 1
11843 2 1
11843 3 1
11846 3 1
11859 3 1
11861 3 1
11863 3 1
11866 2 1
11867 3 1
11870 2 1
11871 2 2
11871 3 1
11872 2 1
11873 3 1
11882 2 1
11882 3 1
11883 3 2
11885 2 1
11885 3 1
11894 2 1
11895 2 1
11898 3 1
11899 2 1
11902 2 1
11903 2 1
11904 3 1
11906 2 2
11906 3 1
11907 3 1
11909 3 1
11917 2 2
11917 3 1
11918 2 1
11918 3 1
11919 2 1
11920 3 2
11921 3 1
11927 2 1
11928 2 1
11933 3 1
11935 2 1
11947 2 1
11947 3 1
11949 3 1
11954 2 1
11955 2 2
11955 3 1
11956 3 1
11958 2 1
11958 3 1
11959 2 1
11959 3 2
11960 3 2
11962 2 1
11962 3 1
11963 2 2
11963 3 1
11964 2 1
11965 2 2
11965 3 1
11966 3 1
11968 2 1
11969 2 1
11969 3 2
11970 3 1
11973 2 1
11974 2 1
11975 3 1
11977 3 1
11979 2 1
11980 2 1
11981 2 2
11981 3 1
11982 3 1
11985 2 1
11985 3 2
11986 2 2
11986 3 1
11987 2 1
11988 3 1
11993 2 1
11995 3 1
11997 2 1
11997 3 1
12000 3 1
12001 2 1
12006 2 1
12007 2 1
12012 2 1
12013 2 1
12018 3 1
12020 2 1
12020 3 1
12025 3 1
12028 2 1
12031 3 1
12033 3 1
12038 2 1
12046 2 1
12053 3 1
12056 2 1
12057 2 1
12058 2 1
12059 2 2
12060 3 1
12063 3 1
12073 2 1
12074 2 2
12075 2 1
12075 3 1
12077 3 1
12080 2 1
12080 3 1
12085 2 1
12094 2 2
12095 3 1
12098 2 1
12098 3 1
12101 2 1
12101 3 2
12102 2 2
12102 3 1
12103 2 1
12110 3 1
12111 2 1
12111 3 2
12112 2 1
12119 2 1
12119 3 1
12123 3 1
12131 2 1
12132 3 1
12134 3 1
12135 2 1
12138 3 1
12140 3 1
12145 2 1
12150 3 1
12155 2 1
12155 3 1
12157 3 1
12161 2 1
12175 3 1
12181 3 1
12183 2 2
12183 3 1
12185 2 1
12189 2 1
12189 3 1
12190 2 1
12190 3 2
12191 2 1
12191 3 2
12192 2 1
12193 2 2
12193 3 1
12194 2 1
12195 3 2
12197 2 1
12197 3 1
12198 2 2
12199 2 1
12199 3 1
12200 2 1
12200 3 2
12201 3 2
12207 2 1
12207 3 1
12208 2 1
12209 2 2
12209 3 1
12210 2 1
12211 3 2
12212 3 1
12214 3 1
12226 2 2
12226 3 1
12227 2 1
12227 3 1
12230 3 1
12232 2 1
12232 3 2
12235 2 1
12236 2 1
12238 2 1
12239 2 2
12240 3 1
12242 2 2
12242 3 1
12243 3 1
12246 2 1
12246 3 1
12247 2 2
12248 2 1
12248 3 1
12250 3 1
12258 2 2
12258 3 1
12259 3 1
12261 2 1
12261 3 1
12262 2 1
12262 3 2
12263 3 2
12265 3 1
12267 2 1
12267 3 1
12268 2 1
12269 3 1
12272 3 1
12274 3 1
12277 3 1
12280 2 1
12280 3 1
12282 3 1
12285 3 1
12287 3 1
12292 3 1
12293 2 1
12293 3 2
12294 2 1
12295 2 2
12296 2 1
12296 3 1
12297 3 2
12300 2 1
12300 3 1
12301 2 2
12301 3 1
12302 2 1
12307 2 1
12307 3 1
12308 3 2
12310 2 1
12320 2 1
12320 3 1
12325 3 1
12328 3 1
12330 2 1
12331 2 1
12331 3 2
12332 3 1
12337 2 1
12338 2 1
12339 2 2
12339 3 1
12340 2 1
12343 2 1
12345 3 2
12346 3 1
12348 3 1
12350 3 1
12352 3 1
12354 2 1
12355 3 1
12357 3 1
12364 2 1
12364 3 1
12371 2 1
12372 3 2
12374 2 1
12374 3 1
12375 2 2
12376 3 1
12377 2 1
12378 2 1
12379 3 2
12382 2 1
12382 3 1
12383 2 1
12383 3 2
12385 3 1
12387 2 1
12388 3 1
12390 3 1
12393 2 1
12398 2 1
12398 3 1
12399 2 2
12399 3 1
12400 2 1
12409 3 1
12411 3 1
12415 3 1
12417 3 1
12424 3 1
12425 2 1
12426 2 2
12426 3 1
12427 2 1
12428 2 1
12429 2 1
12429 3 2
12430 3 1
12432 3 1
12434 2 1
12435 2 1
12438 3 1
12440 2 1
12440 3 1
12443 2 1
12444 3 1
12450 2 1
12450 3 1
12451 2 1
12457 2 1
12457 3 1
12462 3 1
12466 2 1
12467 2 1
12467 3 2
12468 3 1
12470 3 1
12472 2 1
12472 3 1
12473 2 1
12476 2 1
12477 2 1
12478 2 1
12480 2 1
12481 2 1
12488 2 1
12488 3 1
12489 2 2
12490 2 1
12490 3 1
12503 2 1
12504 3 2
12507 2 1
12508 2 1
12509 3 1
12518 2 1
12519 2 2
12520 3 1
12523 3 1
12525 3 1
12527 2 1
12528 2 1
12531 3 1
12533 2 1
12533 3 1
12534 2 1
12534 3 2
12535 2 2
12535 3 2
12536 3 1
12538 2 1
12539 2 1
12540 2 1
12541 2 2
12541 3 1
12542 2 1
12543 2 1
12544 3 2
12546 3 1
12549 2 1
12549 3 2
12550 2 1
12551 2 2
12552 2 1
12552 3 1
12556 2 1
12556 3 1
12559 3 1
12562 3 1
12564 2 1
12565 2 1
12566 3 1
12569 2 1
12570 3 1
12575 2 1
12576 2 1
12577 2 2
12578 3 1
12584 2 1
12585 2 1
12586 3 1
12592 2 1
12592 3 1
12593 2 1
12594 3 1
12597 3 1
12599 3 1
12600 2 1
12601 2 2
12601 3 1
12602 3 1
12605 2 1
12605 3 2
12606 3 1
12608 2 1
12608 3 1
12616 3 1
12618 3 1
12620 3 1
12622 2 1
12622 3 1
12623 2 2
12624 2 1
12624 3 1
12625 3 2
12632 3 1
12634 3 1
12639 2 1
12640 2 1
12641 3 2
12649 2 1
12649 3 1
12650 2 1
12650 3 2
12653 3 1
12656 2 1
12656 3 1
12657 2 1
12658 2 2
12658 3 1
12659 2 1
12660 3 1
12662 2 1
12663 3 1
12665 3 1
12667 2 1
12667 3 2
12669 3 1
12671 3 1
12674 2 1
12675 2 2
12676 3 1
12678 3 1
12692 2 1
12693 2 1
12694 3 2
12700 2 1
12703 3 1
12706 2 1
12706 3 1
12707 2 2
12708 2 1
12708 3 1
12709 3 2
12713 3 1
12714 2 1
12715 2 2
12716 2 1
12716 3 1
12722 2 1
12723 3 1
12725 2 1
12725 3 1
12726 2 1
12734 3 1
12737 3 1
12738 2 1
12744 2 1
12744 3 1
12769 2 1
12769 3 1
12781 2 1
12781 3 1
12782 2 1
12783 3 1
12787 2 1
12788 2 1
12789 3 1
12793 2 1
12795 3 1
12797 3 1
12800 3 1
12802 2 1
12803 3 1
12808 3 1
12810 2 1
12810 3 2
12811 2 1
12812 2 1
12818 3 1
12821 2 1
12821 3 1
12822 2 1
12822 3 2
12823 2 2
12824 2 1
12824 3 1
12825 2 1
12826 3 1
12831 2 1
12843 2 1
12844 2 1
12845 3 1
12852 3 1
12855 2 1
12863 2 1
12864 2 2
12864 3 1
12869 3 1
12871 2 1
12872 3 1
12874 2 1
12878 2 1
12879 2 2
12880 2 1
12880 3 1
12885 3 1
12889 2 1
12889 3 1
12895 3 1
12897 2 1
12898 2 2
12898 3 1
12899 3 1
12901 2 1
12901 3 2
12902 2 1
12906 2 1
12907 3 1
12909 3 1
12911 3 1
12918 2 1
12918 3 1
12919 2 1
12920 2 1
12921 3 1
12923 2 1
12923 3 1
12924 3 1
12926 2 1
12927 3 1
12929 2 1
12929 3 1
12930 3 2
12932 2 1
12932 3 1
12935 3 1
12937 2 1
12938 3 1
12940 2 1
12943 2 1
12944 3 1
12946 2 1
12946 3 2
12947 2 2
12947 3 1
12948 2 1
12953 3 1
12955 2 1
12965 2 1
12966 2 1
12967 3 1
12971 2 1
12971 3 1
12975 3 1
12977 3 1
12980 2 1
12980 3 2
12981 2 1
12982 2 1
12986 2 1
12987 2 1
12988 3 1
12990 3 1
12993 3 1
12995 2 1
12995 3 1
12997 3 1
12999 2 2
13000 2 1
13001 2 1
13002 3 2
13006 2 1
13006 3 1
13007 2 1
13007 3 2
13010 2 1
13011 2 2
13012 2 1
13012 3 1
13013 2 1
13013 3 2
13014 3 2
13021 3 1
13023 2 1
13023 3 1
13026 2 1
13028 2 1
13029 3 1
13033 2 1
13033 3 1
13048 3 1
13054 2 1
13055 3 1
13058 3 1
13060 2 1
13060 3 2
13061 3 1
13066 3 1
13070 3 1
13072 3 1
13074 2 1
13074 3 2
13075 2 1
13076 2 2
13076 3 1
13077 3 1
13080 2 1
13080 3 2
13081 3 1
13083 2 1
13083 3 1
13086 2 1
13087 3 1
13095 2 1
13095 3 2
13096 2 1
13096 3 2
13097 2 2
13097 3 1
13098 2 1
13099 3 1
13101 3 1
13103 2 1
13104 2 1
13105 2 1
13106 3 2
13107 3 1
13109 3 1
13110 2 1
13112 2 1
13116 3 1
13122 2 1
13128 2 1
13129 2 2
13130 2 1
13130 3 1
13131 3 1
13141 2 1
13146 3 1
13149 2 1
13150 3 1
13163 2 1
13164 3 1
13170 2 1
13175 2 1
13175 3 2
13176 2 2
13177 2 1
13177 3 1
13178 3 1
13186 2 1
13193 2 1
13194 2 1
13199 2 1
13200 2 2
13201 3 1
13204 3 1
13206 2 1
13207 2 1
13211 2 1
13211 3 1
13212 3 2
13215 3 1
13220 2 2
13221 2 1
13222 2 1
13223 2 1
13226 3 1
13236 3 1
13244 3 1
13246 2 1
13246 3 1
13247 2 1
13248 2 2
13249 3 1
13251 2 1
13255 2 1
13256 2 1
13257 3 1
13261 2 1
13261 3 1
13263 3 1
13265 2 1
13265 3 2
13266 2 2
13266 3 1
13267 2 1
13268 3 1
13270 2 1
13274 2 1
13276 3 1
13279 2 1
13279 3 1
13280 3 1
13283 2 1
13287 3 1
13289 2 1
13290 2 1
13291 2 1
13292 3 1
13297 2 1
13297 3 1
13298 2 2
13299 2 1
13299 3 1
13300 3 2
13307 2 1
13308 3 1
13310 3 1
13312 3 1
13328 3 1
13330 3 1
13334 2 1
13334 3 1
13335 2 2
13336 2 1
13336 3 1
13337 2 1
13337 3 2
13338 3 2
13343 3 1
13345 3 1
13346 2 1
13349 2 1
13350 2 1
13350 3 2
13351 3 1
13353 2 1
13353 3 2
13354 2 2
13355 2 1
13355 3 1
13366 2 1
13366 3 1
13367 2 1
13368 2 1
13368 3 2
13369 3 1
13371 2 1
13371 3 1
13372 2 1
13373 2 1
13374 3 2
13377 2 1
13383 2 1
13383 3 1
13386 3 1
13391 3 1
13392 2 1
13393 2 2
13394 2 1
13394 3 1
13395 2 1
13395 3 2
13396 2 1
13396 3 2
13397 3 1
13405 3 1
13407 2 2
13407 3 1
13408 2 1
13409 2 1
13413 3 1
13423 3 1
13427 2 1
13430 3 1
13432 2 1
13432 3 1
13433 2 1
13433 3 2
13434 3 2
13442 2 1
13444 3 1
13450 2 1
13451 2 1
13452 3 1
13454 2 2
13454 3 1
13455 2 1
13456 2 1
13461 2 1
13462 3 1
13464 3 1
13474 2 1
13474 3 1
13476 3 1
13480 2 1
13490 2 1
13491 2 1
13492 2 2
13493 2 1
13493 3 1
13494 2 1
13494 3 2
13495 3 2
13503 2 1
13507 2 1
13508 3 1
13513 2 1
13521 2 1
13522 2 2
13522 3 1
13523 3 1
13526 3 1
13534 3 1
13536 2 1
13536 3 1
13537 2 1
13541 2 1
13542 2 1
13545 2 1
13546 3 1
13548 3 1
13549 2 1
13550 3 1
13553 2 1
13554 2 1
13555 2 2
13555 3 1
13556 2 2
13556 3 1
13557 3 1
13563 2 1
13569 2 1
13569 3 2
13570 3 1
13574 3 1
13576 2 1
13576 3 2
13577 2 1
13578 2 1
13579 2 1
13589 3 1
13593 3 1
13604 2 1
13604 3 1
13607 2 1
13610 2 1
13613 2 1
13614 2 1
13616 2 1
13618 3 1
13621 2 1
13627 2 1
13627 3 1
13628 2 2
13629 2 1
13629 3 1
13630 3 1
13645 2 1
13645 3 1
13648 3 1
13651 2 1
13651 3 1
13652 2 1
13654 3 1
13656 2 1
13656 3 1
13659 2 1
13664 2 1
13666 3 1
13668 3 1
13672 3 1
13673 2 1
13674 2 2
13675 2 1
13675 3 1
13676 2 1
13683 2 1
13690 2 1
13691 3 1
13694 2 1
13694 3 1
13698 3 1
13700 2 1
13700 3 2
13701 3 1
13705 3 1
13706 2 1
13709 2 1
13710 2 1
13711 2 1
13719 3 1
13721 2 1
13722 2 1
13722 3 2
13723 3 1
13729 2 2
13729 3 1
13730 2 1
13730 3 1
13734 3 1
13741 2 1
13750 2 1
13750 3 1
13751 3 2
13753 3 1
13755 3 1
13757 3 1
13760 2 1
13760 3 1
13761 2 1
13763 2 1
13770 2 1
13770 3 2
13771 2 1
13772 2 1
13774 2 1
13775 3 1
13791 3 1
13799 2 1
13799 3 2
13803 3 1
13807 2 1
13807 3 1
13809 2 1
13810 2 2
13810 3 1
13811 2 1
13812 2 1
13813 3 2
13824 3 1
13827 3 1
13832 2 1
13833 2 2
13834 3 1
13845 2 1
13845 3 1
13846 2 1
13851 2 1
13852 2 1
13852 3 2
13853 3 1
13867 2 1
13868 2 1
13869 2 1
13895 2 1
13900 3 1
13901 2 1
13906 2 2
13906 3 1
13907 2 1
13921 2 1
13924 2 1
13924 3 1
13925 3 2
13928 3 1
13931 2 1
13932 2 2
13932 3 1
13936 3 1
13939 2 1
13939 3 1
13941 3 1
13943 2 1
13948 3 1
13950 3 1
13952 3 1
13957 2 1
13958 2 1
13960 3 1
13962 2 1
13962 3 1
13963 2 1
13964 2 1
13965 2 1
13966 3 1
13968 2 1
13974 2 1
13975 2 2
13976 2 1
13976 3 1
13980 2 1
13980 3 1
13994 3 1
13995 2 1
13996 3 2
13999 2 1
13999 3 1
14006 2 1
14007 3 2
14011 2 1
14016 2 1
14017 3 1
14019 3 1
14027 2 1
14027 3 2
14028 2 1
14028 3 2
14029 2 2
14029 3 1
14030 2 1
14031 2 1
14032 3 2
14034 2 1
14035 2 1
14045 2 1
14046 2 1
14047 3 1
14052 3 1
14056 2 1
14056 3 1
14059 3 1
14060 2 1
14061 2 1
14065 2 1
14066 3 1
14068 2 1
14075 2 1
14075 3 1
14076 3 1
14078 2 1
14078 3 1
14082 2 1
14082 3 1
14083 2 1
14083 3 2
14087 3 1
14090 2 1
14090 3 1
14091 2 1
14091 3 2
14092 2 1
14093 2 1
14095 2 1
14096 2 1
14097 3 1
14100 3 1
14101 3 2
14102 2 1
14102 3 2
14103 2 2
14103 3 1
14104 2 1
14106 2 1
14107 3 1
14111 2 1
14111 3 2
14112 3 1
14117 2 1
14118 2 1
14119 3 1
14121 2 1
14121 3 1
14129 2 1
14129 3 1
14130 2 2
14131 2 1
14131 3 1
14132 2 1
14133 2 1
14135 3 1
14165 2 1
14167 3 1
14175 2 1
14175 3 2
14176 2 2
14176 3 1
14177 2 1
14182 2 1
14185 3 1
14198 3 1
14201 2 1
14202 2 1
14203 2 1
14209 2 1
14211 3 1
14213 2 1
14214 2 1
14218 3 1
14225 3 1
14231 2 1
14231 3 1
14237 2 1
14243 3 1
14246 3 1
14248 3 1
14250 3 1
14255 2 1
14256 2 1
14257 2 2
14265 2 1
14265 3 1
14266 2 1
14267 3 1
14270 2 1
14270 3 1
14273 2 1
14273 3 1
14274 2 1
14274 3 2
14275 2 1
14278 2 1
14278 3 1
14284 2 1
14284 3 1
14285 2 1
14286 3 1
14289 3 1
14292 3 1
14296 3 1
14303 2 1
14303 3 1
14304 2 1
14305 2 1
14309 2 1
14309 3 1
14310 3 1
14316 2 1
14316 3 1
14325 2 1
14326 2 1
14327 3 1
14335 2 1
14336 3 2
14339 3 1
14341 3 1
14346 3 1
14348 3 1
14349 3 2
14350 3 1
14352 2 2
14352 3 1
14353 3 1
14357 2 1
14358 2 2
14358 3 1
14359 2 1
14360 3 1
14364 2 1
14364 3 2
14365 2 1
14366 2 2
14366 3 1
14367 2 1
14368 3 1
14374 2 1
14375 3 1
14377 2 1
14378 2 1
14379 2 1
14385 2 1
14386 2 1
14387 2 1
14388 2 1
14391 2 1
14391 3 1
14393 3 1
14396 3 1
14398 3 1
14401 2 1
14401 3 1
14402 3 1
14405 2 1
14405 3 1
14408 3 1
14412 2 1
14443 2 1
14446 3 1
14447 2 1
14448 2 1
14449 2 1
14451 2 1
14452 2 1
14462 2 1
14475 3 1
14483 2 1
14484 3 1
14488 2 1
14489 3 1
14492 3 1
14493 2 1
14498 3 1
14499 2 1
14500 3 1
14506 2 1
14510 3 1
14511 2 1
14512 2 1
14513 3 1
14519 2 1
14519 3 1
14520 3 2
14522 2 1
14522 3 1
14525 3 1
14527 2 1
14528 3 1
14535 3 1
14536 2 1
14538 2 1
14539 3 1
14542 3 1
14544 2 1
14545 2 1
14550 2 1
14551 3 1
14559 2 1
14560 2 1
14563 3 1
14565 2 1
14565 3 1
14569 2 1
14569 3 2
14571 2 1
14572 2 1
14580 3 1
14585 2 1
14585 3 1
14586 2 2
14587 3 1
14589 2 1
14589 3 1
14591 3 1
14600 2 1
14602 3 1
14604 2 2
14604 3 1
14605 2 1
14605 3 1
14613 2 1
14613 3 1
14615 2 1
14618 2 1
14620 2 1
14621 2 1
14625 2 1
14625 3 2
14626 2 1
14629 2 2
14629 3 1
14637 3 1
14639 2 1
14639 3 1
14640 2 1
14641 3 1
14643 3 1
14646 2 1
14647 2 1
14648 2 1
14648 3 2
14649 2 1
14649 3 2
14650 3 1
14652 3 1
14658 2 1
14658 3 1
14660 3 1
14668 3 1
14670 3 1
14672 2 1
14672 3 1
14673 2 2
14674 2 1
14674 3 1
14675 3 2
14677 2 1
14677 3 1
14678 2 2
14679 3 1
14682 3 1
14685 2 1
14686 2 1
14687 2 1
14688 3 1
14692 3 1
14693 2 1
14694 2 1
14712 2 1
14713 3 1
14732 3 1
14740 3 1
14741 3 2
14751 2 1
14751 3 1
14757 2 1
14757 3 1
14758 3 2
14760 2 2
14761 2 1
14762 2 1
14763 2 1
14764 3 1
14773 2 1
14774 2 1
14775 3 2
14782 3 1
14785 2 2
14786 2 1
14786 3 1
14790 2 1
14793 3 1
14802 3 1
14805 3 1
14807 3 1
14808 2 1
14810 2 1
14811 2 1
14812 3 2
14817 2 1
14818 2 1
14819 3 2
14823 3 1
14824 2 1
14825 3 1
14828 3 1
14831 2 1
14831 3 1
14836 3 1
14844 2 1
14844 3 1
14845 2 1
14846 3 1
14851 2 1
14851 3 1
14855 2 1
14860 2 1
14860 3 1
14861 2 2
14861 3 1
14862 3 1
14864 3 1
14866 3 1
14869 2 1
14879 3 1
14881 2 1
14882 3 2
14884 3 1
14888 2 1
14889 2 1
14890 2 2
14899 3 1
14900 2 1
14901 2 1
14902 3 1
14918 2 1
14919 2 1
14925 2 1
14925 3 1
14926 2 1
14929 2 1
14929 3 2
14930 3 1
14933 2 1
14933 3 1
14937 2 1
14937 3 2
14939 2 1
14940 2 1
14941 2 1
14942 3 1
14949 3 1
14956 3 1
14959 2 1
14960 2 1
14960 3 2
14961 3 1
14965 3 1
14969 3 1
14975 2 1
14976 2 1
14977 3 1
14979 3 1
14982 2 1
14989 3 1
14995 3 1
14997 2 1
15017 2 1
15018 3 1
15028 3 1
15034 2 1
15035 2 1
15037 3 1
15046 3 1
15048 3 1
15052 2 1
15052 3 1
15058 2 1
15059 2 2
15060 2 1
15060 3 1
15062 2 1
15063 3 2
15068 3 1
15069 2 1
15070 2 2
15071 2 1
15071 3 1
15072 2 1
15076 2 1
15077 3 1
15079 2 1
15079 3 2
15080 2 1
15083 2 1
15089 2 1
15089 3 1
15090 2 1
15096 2 1
15096 3 1
15097 2 1
15097 3 2
15098 2 1
15099 2 2
15099 3 1
15100 3 1
15102 2 1
15102 3 2
15103 3 1
15114 2 1
15115 2 1
15121 3 1
15123 3 1
15126 2 1
15126 3 1
15127 2 1
15133 3 1
15136 2 1
15137 2 2
15138 2 2
15138 3 1
15139 3 1
15141 2 1
15141 3 2
15142 2 1
15143 2 2
15144 2 1
15144 3 1
15146 3 1
15154 2 1
15155 2 1
15159 2 1
15159 3 1
15160 2 2
15160 3 1
15161 2 1
15168 3 1
15169 2 1
15170 2 1
15170 3 2
15171 3 1
15174 2 1
15174 3 1
15175 2 1
15179 2 1
15180 3 1
15183 3 1
15193 2 1
15194 3 1
15202 3 1
15205 2 1
15205 3 1
15213 2 1
15214 3 1
15219 3 1
15221 2 1
15221 3 1
15224 2 1
15226 2 2
15227 2 1
15227 3 1
15231 2 1
15237 2 1
15237 3 1
15245 2 1
15249 2 1
15249 3 1
15250 3 2
15251 3 1
15257 3 1
15276 2 1
15295 2 1
15308 2 1
15308 3 1
15309 3 1
15314 2 1
15314 3 2
15315 3 1
15318 3 1
15322 2 1
15325 2 1
15327 2 1
15328 2 2
15328 3 1
15334 3 1
15337 3 1
15340 2 1
15340 3 1
15341 2 1
15341 3 2
15342 2 1
15342 3 2
15344 2 1
15348 3 1
15355 2 1
15356 3 1
15362 2 1
15362 3 1
15364 3 1
15366 3 1
15373 2 1
15374 3 1
15376 2 1
15376 3 2
15377 2 2
15378 2 1
15378 3 1
15379 2 1
15380 3 2
15382 3 1
15385 2 1
15388 2 1
15389 2 1
15391 3 1
15393 3 1
15400 2 2
15400 3 1
15401 2 1
15401 3 1
15402 2 1
15407 2 1
15407 3 1
15408 2 1
15409 2 2
15409 3 1
15410 2 1
15413 3 1
15415 2 1
15416 2 2
15417 2 1
15417 3 1
15418 3 1
15421 3 1
15423 2 1
15435 2 1
15435 3 1
15436 2 2
15437 3 1
15441 2 1
15442 2 1
15444 2 1
15447 2 1
15447 3 1
15448 2 2
15449 2 1
15449 3 1
15458 2 1
15459 2 1
15460 3 2
15471 2 1
15472 3 1
15474 2 1
15474 3 1
15485 2 1
15486 2 1
15488 3 1
15490 2 2
15491 2 1
15492 3 1
15496 3 1
15498 3 1
15502 3 1
15503 2 1
15514 3 1
15516 2 1
15516 3 1
15517 3 1
15519 3 1
15521 3 2
15522 3 1
15534 2 1
15568 2 1
15569 3 1
15573 3 1
15574 3 2
15582 3 1
15585 2 2
15585 3 1
15586 2 1
15587 2 1
15587 3 2
15588 3 1
15590 2 1
15590 3 1
15591 2 1
15592 3 2
15595 3 1
15605 2 1
15605 3 2
15607 3 1
15611 3 1
15614 2 1
15614 3 2
15615 3 1
15617 2 1
15618 2 1
15623 2 1
15623 3 1
15624 2 1
15627 2 1
15627 3 1
15630 2 1
15632 2 2
15632 3 1
15633 2 1
15634 2 1
15638 2 1
15648 2 1
15649 3 1
15652 2 1
15653 3 1
15655 3 1
15657 2 1
15657 3 1
15663 3 1
15665 3 1
15668 2 1
15668 3 2
15669 2 2
15669 3 1
15670 2 1
15675 2 1
15676 2 2
15676 3 1
15677 2 1
15678 3 2
15682 2 1
15682 3 1
15686 3 1
15688 3 1
15689 2 1
15694 2 2
15694 3 1
15695 2 1
15696 3 1
15698 3 1
15701 3 1
15703 3 1
15707 2 1
15708 3 1
15710 2 1
15710 3 1
15714 2 1
15714 3 2
15715 2 1
15717 3 1
15724 3 1
15728 2 1
15729 3 1
15731 2 1
15731 3 1
15732 2 1
15737 2 1
15737 3 1
15738 2 1
15738 3 2
15739 2 1
15739 3 2
15740 2 1
15740 3 2
15746 2 1
15747 3 1
15759 3 1
15762 3 1
15765 2 1
15767 3 1
15769 2 1
15770 2 1
15771 3 1
15774 2 1
15778 2 1
15778 3 1
15779 3 2
15784 2 1
15784 3 1
15785 2 1
15785 3 2
15787 3 1
15791 3 1
15793 2 2
15793 3 1
15794 2 1
15798 2 1
15798 3 1
15846 2 1
15846 3 2
15847 3 1
15850 2 1
15851 3 1
15858 2 1
15862 3 1
15864 2 1
15864 3 1
15867 3 1
15869 2 1
15869 3 1
15870 2 1
15871 2 2
15871 3 1
15872 3 1
15874 2 1
15874 3 1
15875 3 1
15880 2 1
15880 3 1
15881 2 1
15882 3 1
15884 2 1
15886 2 1
15888 2 2
15889 2 1
15889 3 1
15890 2 1
15896 3 1
15903 2 1
15903 3 1
15904 2 2
15905 3 1
15907 3 1
15909 3 1
15915 3 1
15917 2 1
15917 3 1
15924 3 1
15936 2 1
15937 2 1
15939 2 1
15942 3 1
15944 2 1
15944 3 1
15945 2 1
15948 3 1
15950 3 1
15955 2 1
15955 3 1
15956 2 1
15957 2 1
15969 2 1
15969 3 1
15970 2 1
15973 3 1
15977 2 1
15980 2 1
15985 2 1
15986 2 2
15986 3 1
15990 2 1
15991 3 1
15994 3 1
16008 3 1
16012 2 1
16012 3 2
16013 2 2
16013 3 1
16014 2 1
16015 2 1
16016 2 1
16017 3 1
16022 3 1
16024 2 1
16033 2 2
16034 2 1
16034 3 1
16035 2 1
16040 2 1
16041 3 1
16044 3 1
16049 2 1
16051 3 1
16056 2 1
16057 3 1
16061 2 1
16062 3 1
16064 3 1
16067 2 1
16067 3 1
16070 3 1
16074 2 1
16086 2 1
16087 3 1
16091 3 1
16122 2 1
16122 3 1
16123 2 1
16128 3 1
16130 3 1
16131 2 1
16132 2 1
16138 2 1
16138 3 1
16139 3 2
16141 3 1
16144 3 1
16146 3 1
16148 2 1
16148 3 2
16151 2 2
16151 3 1
16152 2 1
16153 3 1
16157 3 1
16159 3 1
16164 3 1
16165 2 1
16168 3 1
16169 2 1
16170 3 1
16173 2 1
16177 2 1
16178 2 1
16179 2 2
16179 3 1
16180 3 1
16182 3 1
16184 2 2
16184 3 1
16185 2 1
16185 3 1
16188 2 1
16188 3 1
16190 3 1
16192 3 1
16194 3 1
16201 2 1
16203 2 1
16208 2 1
16219 2 1
16220 2 1
16221 3 2
16224 2 1
16224 3 1
16227 2 1
16230 2 1
16231 2 2
16231 3 1
16232 3 1
16239 2 1
16241 3 2
16242 3 1
16246 3 1
16250 3 1
16252 3 1
16254 3 1
16263 2 1
16265 3 1
16271 2 1
16271 3 2
16272 2 1
16273 2 1
16275 3 1
16278 3 1
16283 2 1
16287 3 1
16288 2 1
16289 2 1
16290 3 2
16294 2 1
16295 2 1
16297 3 1
16299 3 1
16310 2 1
16314 2 1
16314 3 1
16317 2 2
16317 3 1
16318 2 1
16319 3 1
16321 2 1
16322 3 1
16328 3 1
16330 2 1
16330 3 1
16331 2 1
16336 2 1
16336 3 1
16337 3 1
16339 3 1
16341 3 1
16344 3 1
16346 2 1
16346 3 1
16347 3 2
16355 2 1
16355 3 1
16371 2 1
16372 3 1
16403 2 1
16403 3 1
16407 3 1
16423 2 1
16424 2 1
16424 3 2
16425 3 1
16427 2 1
16427 3 1
16430 2 1
16431 2 1
16432 3 1
16434 3 1
16436 2 1
16437 3 1
16439 2 1
16439 3 1
16440 2 1
16445 3 1
16447 3 1
16454 3 1
16456 2 1
16457 2 2
16458 2 1
16458 3 1
16459 3 2
16461 2 1
16462 3 2
16465 3 1
16468 3 1
16471 2 1
16476 2 1
16477 3 1
16481 3 1
16487 3 1
16489 2 1
16491 2 1
16493 3 1
16498 2 1
16498 3 1
16499 2 1
16500 2 2
16500 3 1
16501 3 1
16508 2 1
16511 2 1
16511 3 1
16518 2 1
16518 3 1
16522 2 1
16522 3 1
16523 3 2
16525 2 1
16525 3 1
16526 2 2
16526 3 1
16527 2 1
16532 2 1
16533 3 1
16535 2 1
16535 3 1
16537 3 1
16542 2 1
16542 3 2
16545 2 2
16546 2 1
16546 3 1
16547 2 1
16548 3 1
16553 2 1
16554 2 2
16554 3 1
16555 2 1
16559 3 1
16564 3 1
16567 2 1
16567 3 1
16568 2 1
16569 3 1
16574 3 1
16589 2 1
16589 3 1
16590 2 1
16591 2 2
16592 3 1
16593 2 1
16594 3 2
16596 3 1
16599 2 1
16599 3 2
16600 3 1
16605 2 2
16605 3 1
16606 2 1
16606 3 1
16610 3 1
16611 2 1
16612 2 1
16613 2 2
16614 3 1
16616 3 1
16618 3 1
16621 3 1
16623 2 1
16623 3 2
16624 2 1
16627 3 1
16628 2 1
16629 2 1
16630 3 1
16638 3 1
16646 2 1
16646 3 1
16679 2 1
16680 2 2
16684 3 1
16689 2 1
16691 2 1
16698 2 1
16699 3 1
16701 2 1
16701 3 1
16702 2 2
16703 2 1
16703 3 1
16704 3 2
16719 2 1
16719 3 1
16720 2 1
16721 2 1
16722 2 2
16723 2 1
16723 3 1
16724 3 2
16730 2 1
16735 2 1
16736 2 1
16737 3 1
16739 2 1
16739 3 1
16740 2 1
16740 3 2
16741 2 1
16741 3 2
16742 2 2
16743 2 1
16743 3 1
16744 3 2
16745 3 2
16746 3 1
16753 2 2
16753 3 1
16754 2 1
16755 2 1
16756 3 1
16758 2 1
16760 3 1
16764 3 1
16770 2 1
16771 3 1
16773 2 1
16773 3 1
16774 2 2
16774 3 1
16775 3 1
16777 2 1
16783 2 1
16783 3 1
16784 3 1
16787 2 1
16787 3 1
16790 3 1
16793 3 1
16795 3 1
16799 2 1
16799 3 2
16800 2 1
16801 2 1
16802 2 2
16803 3 1
16805 3 1
16807 2 1
16812 3 1
16817 2 1
16818 2 1
16818 3 2
16819 3 1
16821 3 1
16822 2 1
16825 2 1
16837 2 1
16839 3 1
16841 2 1
16842 3 1
16844 3 1
16846 2 1
16847 3 1
16849 2 1
16849 3 1
16850 2 2
16850 3 1
16851 2 1
16852 2 1
16857 3 1
16865 2 1
16865 3 1
16869 3 1
16871 2 1
16871 3 1
16872 2 1
16875 2 1
16875 3 1
16876 2 1
16879 3 1
16880 2 1
16881 2 2
16881 3 1
16882 2 1
16885 2 1
16885 3 1
16886 2 2
16886 3 1
16887 3 1
16892 3 1
16899 2 1
16900 3 1
16902 3 1
16903 2 1
16904 3 2
16907 2 1
16915 3 1
16927 3 1
16929 2 1
16955 3 1
16958 3 1
16959 2 1
16963 2 1
16963 3 1
16965 3 1
16974 3 1
16977 2 1
16981 2 1
16982 3 1
16986 3 1
16988 2 1
16989 3 1
16991 3 1
16992 3 2
16993 2 1
16994 3 1
16996 3 1
17000 2 1
17001 2 1
17002 3 1
17005 3 1
17010 2 1
17010 3 1
17011 3 1
17014 2 1
17014 3 2
17015 2 2
17015 3 1
17016 2 1
17017 2 1
17018 3 1
17020 2 1
17021 2 1
17022 2 1
17023 2 2
17024 2 1
17024 3 1
17025 2 1
17025 3 2
17026 3 2
17029 2 1
17030 3 2
17033 3 1
17037 2 1
17037 3 2
17039 2 1
17048 2 1
17048 3 2
17049 2 1
17050 2 2
17051 2 2
17051 3 1
17052 3 1
17060 2 2
17060 3 1
17061 3 1
17064 3 1
17067 3 1
17070 2 1
17070 3 2
17071 2 2
17071 3 1
17072 2 1
17073 2 1
17075 2 1
17076 3 1
17080 2 1
17080 3 2
17081 2 2
17081 3 1
17082 2 1
17083 3 2
17084 3 1
17086 3 1
17087 2 1
17088 2 1
17091 3 1
17095 2 1
17096 2 2
17097 2 1
17097 3 1
17098 3 2
17103 3 1
17108 2 1
17109 3 1
17112 2 1
17112 3 1
17114 3 1
17116 3 1
17119 2 1
17119 3 2
17120 2 2
17120 3 1
17121 2 1
17122 3 1
17125 2 1
17126 2 2
17127 3 1
17130 3 1
17133 2 1
17144 2 1
17144 3 1
17145 2 1
17146 3 2
17148 3 1
17151 2 1
17151 3 1
17155 2 1
17155 3 1
17158 3 1
17161 2 1
17161 3 1
17162 2 2
17163 2 2
17163 3 1
17164 3 1
17167 2 1
17167 3 1
17168 3 2
17175 3 1
17177 2 2
17178 2 1
17178 3 1
17181 2 1
17181 3 1
17182 2 1
17183 3 1
17231 2 1
17235 3 1
17237 3 1
17239 2 1
17242 2 1
17243 2 1
17245 3 1
17251 2 1
17254 3 1
17256 2 1
17256 3 1
17261 2 1
17261 3 1
17266 2 1
17266 3 2
17267 2 2
17267 3 1
17268 2 1
17269 3 1
17271 2 1
17271 3 2
17272 2 2
17272 3 1
17273 2 1
17274 2 1
17275 2 1
17275 3 2
17276 3 1
17279 2 1
17279 3 2
17280 3 1
17282 2 2
17282 3 1
17283 3 1
17284 2 1
17285 3 1
17287 2 2
17287 3 1
17288 2 1
17289 2 1
17295 3 1
17301 2 1
17302 2 1
17303 2 1
17305 3 1
17307 2 1
17307 3 1
17308 3 1
17312 2 1
17313 2 1
17313 3 2
17314 3 1
17323 2 1
17324 2 1
17324 3 2
17325 3 1
17328 2 1
17328 3 2
17332 2 1
17332 3 1
17334 2 1
17335 3 1
17337 2 2
17337 3 1
17338 2 1
17339 3 1
17352 2 2
17353 2 1
17354 3 1
17356 2 1
17356 3 1
17357 2 1
17360 2 1
17360 3 1
17361 2 2
17362 2 1
17362 3 1
17363 3 2
17368 2 2
17368 3 1
17369 3 1
17372 3 1
17374 2 1
17375 2 1
17376 2 1
17377 2 1
17378 2 1
17379 2 2
17379 3 1
17380 3 1
17386 2 1
17387 2 1
17391 2 1
17392 2 2
17392 3 1
17393 2 1
17394 2 1
17400 2 1
17402 3 1
17404 3 1
17407 2 1
17412 2 1
17412 3 1
17419 3 1
17421 3 1
17423 2 1
17423 3 1
17426 2 1
17427 2 1
17428 3 2
17430 2 1
17430 3 1
17431 2 2
17431 3 1
17432 3 1
17440 2 1
17444 2 1
17444 3 2
17445 2 1
17447 3 1
17452 2 2
17452 3 1
17453 3 1
17454 2 1
17464 3 1
17507 3 1
17510 2 1
17510 3 1
17511 2 1
17514 2 1
17515 3 2
17516 3 1
17524 2 1
17526 3 1
17529 3 1
17530 2 1
17531 2 2
17532 2 1
17532 3 1
17533 3 2
17535 3 1
17536 2 1
17537 2 2
17537 3 1
17542 2 1
17542 3 1
17543 2 1
17544 3 2
17547 2 1
17548 2 1
17549 3 2
17552 2 1
17552 3 1
17553 2 2
17554 2 1
17554 3 1
17555 2 1
17556 2 1
17559 2 1
17567 3 1
17569 2 1
17570 3 1
17572 2 1
17573 2 1
17574 2 1
17575 3 1
17582 2 1
17582 3 2
17583 2 1
17584 2 2
17585 3 1
17590 2 1
17591 2 2
17592 2 1
17592 3 1
17593 2 1
17595 3 1
17597 2 1
17597 3 1
17601 2 1
17602 2 2
17603 2 1
17603 3 1
17604 2 1
17605 3 1
17616 2 2
17616 3 1
17617 2 1
17617 3 1
17625 2 1
17626 2 1
17627 2 1
17629 3 1
17631 2 2
17631 3 1
17632 2 1
17632 3 1
17637 3 1
17641 2 1
17642 2 1
17643 3 1
17645 2 2
17645 3 1
17646 3 1
17649 2 1
17650 3 1
17656 2 1
17656 3 2
17661 2 1
17661 3 1
17662 3 1
17665 3 1
17666 2 1
17667 3 1
17669 3 1
17672 3 1
17674 2 1
17675 2 2
17675 3 1
17679 3 1
17681 3 1
17696 3 1
17698 2 1
17699 2 1
17700 2 2
17705 2 1
17705 3 1
17706 2 1
17706 3 2
17707 2 2
17708 2 2
17708 3 1
17709 3 1
17711 2 1
17711 3 1
17715 3 1
17719 2 1
17719 3 1
17720 2 1
17721 3 1
17724 2 1
17724 3 2
17726 3 1
17729 2 1
17730 3 2
17734 3 1
17736 3 1
17740 2 1
17743 2 1
17743 3 1
17784 2 1
17785 3 1
17792 2 1
17792 3 1
17793 2 2
17794 2 1
17794 3 1
17795 2 1
17796 2 1
17801 3 1
17803 2 1
17804 3 1
17806 3 1
17809 2 1
17810 2 1
17814 2 1
17819 3 1
17821 2 1
17821 3 1
17822 2 1
17822 3 2
17824 3 1
17826 2 1
17826 3 1
17827 2 1
17831 3 1
17838 2 1
17838 3 1
17841 2 1
17842 2 1
17847 3 1
17853 2 1
17854 3 1
17857 2 1
17857 3 1
17858 2 1
17859 3 1
17863 2 1
17865 3 1
17867 3 1
17869 3 1
17872 3 1
17878 3 1
17880 3 1
17882 2 2
17882 3 1
17883 2 1
17883 3 1
17884 3 1
17891 2 1
17892 2 2
17892 3 1
17893 2 1
17901 3 1
17906 2 1
17907 2 2
17907 3 1
17908 2 1
17911 2 1
17911 3 1
17913 2 1
17914 2 2
17915 2 1
17915 3 1
17917 3 2
17918 3 1
17920 3 1
17922 2 1
17923 3 2
17932 2 1
17933 3 1
17938 2 2
17938 3 1
17939 2 1
17940 3 1
17942 3 1
17944 3 1
17946 2 1
17947 3 1
17949 3 1
17952 2 1
17952 3 2
17954 3 1
17960 2 1
17960 3 1
17961 2 1
17980 2 1
17980 3 2
17981 2 2
17981 3 1
17982 2 1
17983 3 1
17985 2 2
17985 3 1
17986 3 1
17991 2 1
17995 2 1
17995 3 1
17999 2 1
18000 2 1
18001 3 1
18003 3 1
18007 2 1
18007 3 1
18008 2 1
18009 2 1
18010 2 1
18013 3 1
18019 2 1
18019 3 1
18062 3 1
18065 2 1
18066 3 1
18068 2 1
18068 3 1
18071 3 1
18077 2 1
18081 3 1
18083 3 1
18098 2 1
18099 3 1
18101 2 1
18102 2 2
18102 3 1
18103 3 1
18108 3 1
18110 2 1
18110 3 1
18112 2 1
18113 2 1
18114 2 2
18114 3 1
18115 3 1
18120 3 1
18121 2 1
18122 3 1
18124 2 1
18127 2 1
18128 2 1
18130 2 2
18130 3 1
18131 2 1
18132 3 1
18134 3 1
18136 2 2
18136 3 1
18137 2 1
18137 3 1
18138 2 1
18139 3 2
18140 3 1
18142 3 1
18144 3 1
18146 2 1
18146 3 2
18147 3 1
18156 2 1
18159 2 2
18159 3 1
18160 2 2
18160 3 1
18161 2 1
18172 2 1
18172 3 1
18175 3 1
18179 2 1
18180 3 1
18184 3 1
18192 3 1
18194 2 1
18194 3 1
18197 2 1
18197 3 2
18198 3 1
18200 2 1
18200 3 1
18201 2 1
18203 2 1
18209 2 2
18211 2 1
18212 2 1
18213 3 1
18215 3 1
18218 2 1
18221 3 1
18226 2 2
18227 2 1
18227 3 1
18228 2 1
18229 3 1
18239 3 1
18253 2 1
18253 3 1
18254 2 1
18256 2 1
18257 2 1
18260 3 1
18262 2 1
18262 3 2
18263 2 2
18264 2 1
18264 3 1
18267 3 1
18270 2 1
18270 3 1
18271 2 1
18279 2 1
18284 3 1
18302 2 1
18345 3 1
18347 2 1
18347 3 1
18354 3 1
18364 2 1
18364 3 1
18366 3 1
18368 2 1
18368 3 1
18369 2 1
18373 2 1
18374 3 1
18376 3 1
18379 2 2
18379 3 1
18380 3 1
18391 2 1
18397 3 1
18399 2 1
18400 3 1
18402 3 1
18404 3 1
18407 3 1
18409 3 1
18411 2 1
18411 3 2
18412 2 2
18412 3 1
18413 2 1
18416 2 1
18416 3 1
18419 2 1
18419 3 2
18420 2 2
18420 3 1
18421 2 1
18422 2 1
18423 2 1
18426 3 1
18430 2 1
18433 3 1
18436 2 1
18439 3 1
18446 2 1
18447 2 1
18448 2 1
18449 2 2
18450 3 1
18451 2 1
18452 3 2
18454 2 1
18454 3 1
18458 2 1
18459 2 1
18460 2 1
18463 2 1
18463 3 1
18469 2 1
18473 2 1
18473 3 1
18474 2 1
18477 3 1
18486 2 1
18488 3 1
18490 3 1
18499 2 1
18500 2 1
18503 2 1
18506 2 1
18515 2 1
18518 3 1
18530 3 1
18536 2 1
18536 3 1
18537 2 2
18538 2 1
18538 3 1
18539 3 1
18541 3 1
18545 2 1
18546 2 1
18547 3 2
18560 2 1
18560 3 1
18565 2 1
18565 3 1
18607 2 1
18622 2 1
18627 2 1
18627 3 1
18629 3 1
18631 3 1
18633 2 1
18633 3 1
18634 2 1
18637 3 1
18641 3 1
18643 2 1
18644 2 1
18645 3 2
18651 2 1
18652 2 2
18652 3 1
18653 3 1
18656 2 1
18656 3 2
18657 2 2
18658 2 1
18658 3 1
18663 2 1
18674 3 1
18682 2 1
18683 2 1
18684 3 2
18686 2 2
18686 3 1
18687 2 1
18687 3 1
18688 2 1
18689 3 2
18693 3 1
18695 2 1
18695 3 1
18696 2 1
18697 3 2
18703 3 1
18708 3 1
18709 2 1
18716 3 1
18718 3 1
18720 3 1
18727 3 1
18729 2 1
18729 3 1
18730 2 1
18730 3 2
18733 3 1
18739 2 1
18739 3 1
18740 2 2
18744 2 1
18745 3 1
18754 3 1
18756 3 1
18757 2 1
18765 2 1
18766 2 2
18766 3 1
18767 2 1
18774 2 1
18776 3 1
18784 3 1
18790 3 1
18795 3 1
18807 3 1
18810 2 1
18810 3 1
18811 2 1
18812 2 2
18812 3 1
18813 3 1
18815 2 2
18815 3 1
18820 2 1
18820 3 1
18822 3 1
18824 2 1
18824 3 1
18825 3 1
18828 2 1
18828 3 1
18829 3 2
18830 2 1
18831 2 1
18833 2 1
18834 3 1
18837 3 1
18839 2 1
18839 3 1
18850 2 1
18851 2 1
18887 3 1
18897 2 1
18898 3 1
18904 3 1
18906 2 1
18906 3 2
18907 2 2
18907 3 1
18908 2 1
18909 2 1
18910 3 2
18912 3 1
18913 2 1
18913 3 2
18914 2 2
18915 2 1
18915 3 1
18916 3 1
18918 2 1
18919 3 1
18922 2 1
18922 3 1
18929 2 1
18932 2 1
18932 3 1
18933 3 1
18936 2 1
18937 2 1
18942 3 1
18943 2 1
18948 2 1
18949 3 1
18951 3 1
18953 2 1
18953 3 1
18957 2 1
18959 3 1
18961 2 1
18961 3 1
18962 2 2
18962 3 1
18963 2 1
18964 3 2
18966 2 1
18966 3 1
18967 3 1
18970 3 1
18972 3 1
18974 2 1
18974 3 1
18979 2 1
18983 2 1
18983 3 1
18984 2 1
18984 3 2
18985 3 2
18988 2 1
18988 3 1
18990 2 1
18991 2 1
18992 2 1
18993 2 2
18994 2 1
18994 3 1
18995 3 2
18998 2 1
18999 2 1
19000 3 1
19002 2 1
19002 3 1
19003 2 1
19006 2 1
19007 3 1
19010 2 1
19012 2 1
19013 3 1
19015 2 1
19015 3 1
19022 2 1
19023 2 1
19028 2 1
19029 2 1
19030 2 1
19031 2 2
19032 2 1
19032 3 1
19033 3 2
19035 3 1
19039 3 1
19040 2 1
19041 3 1
19043 3 1
19045 3 1
19046 3 2
19048 3 1
19051 3 1
19053 3 1
19057 2 1
19057 3 1
19058 2 1
19059 2 1
19060 2 2
19060 3 1
19061 2 1
19067 2 1
19079 2 1
19079 3 1
19081 3 1
19084 3 1
19086 2 1
19086 3 1
19089 2 2
19089 3 1
19090 3 1
19095 2 1
19096 2 1
19100 2 1
19101 2 2
19102 3 1
19105 2 1
19106 3 1
19111 3 1
19114 3 1
19120 2 1
19121 2 1
19130 3 1
19164 2 1
19165 2 2
19165 3 1
19167 2 1
19170 2 1
19170 3 1
19176 2 1
19178 3 1
19180 2 1
19180 3 1
19181 2 2
19182 2 1
19182 3 1
19187 2 1
19187 3 1
19188 2 2
19188 3 1
19189 2 1
19190 3 1
19192 2 2
19192 3 1
19193 2 1
19194 3 1
19196 2 1
19196 3 2
19197 2 1
19198 2 1
19199 2 2
19209 2 2
19209 3 1
19210 2 1
19211 2 1
19218 2 1
19221 3 1
19230 3 1
19232 3 1
19234 3 1
19236 2 1
19236 3 2
19237 2 1
19238 2 2
19239 3 1
19241 2 1
19241 3 1
19242 2 1
19243 2 2
19244 3 1
19247 3 1
19256 3 1
19260 2 1
19261 2 1
19262 2 1
19263 3 1
19271 2 1
19272 2 1
19278 3 1
19284 2 1
19285 2 1
19286 3 1
19290 2 1
19297 2 1
19298 3 1
19305 3 1
19309 2 1
19310 2 1
19314 3 1
19315 2 1
19316 3 2
19318 3 1
19320 2 1
19320 3 2
19321 2 2
19321 3 1
19322 2 1
19323 3 1
19325 3 1
19328 3 1
19330 2 1
19331 3 1
19333 2 1
19333 3 1
19337 3 1
19342 2 1
19343 3 1
19352 3 1
19354 3 1
19356 3 1
19358 3 1
19360 2 1
19360 3 1
19363 3 1
19366 2 2
19366 3 1
19367 3 1
19375 2 1
19375 3 1
19377 3 1
19379 2 1
19379 3 2
19380 2 1
19381 3 1
19383 2 1
19384 3 1
19388 3 1
19391 3 1
19393 3 1
19397 3 1
19402 3 1
19404 2 1
19405 3 1
19407 2 1
19442 2 1
19448 2 1
19449 2 1
19450 2 1
19451 2 1
19453 3 1
19455 2 1
19456 2 2
19456 3 1
19457 3 1
19461 2 1
19462 3 1
19464 2 2
19464 3 1
19465 3 1
19467 2 1
19471 2 1
19472 2 1
19472 3 2
19473 3 1
19482 2 1
19483 3 1
19485 2 1
19485 3 1
19498 2 2
19498 3 1
19499 3 1
19505 2 1
19508 2 1
19511 2 1
19512 2 1
19513 3 1
19516 3 1
19518 3 1
19521 2 1
19521 3 2
19522 2 1
19534 2 1
19535 2 1
19536 3 1
19544 2 1
19545 2 1
19546 2 1
19546 3 2
19547 3 1
19554 3 1
19555 3 2
19556 2 1
19556 3 2
19557 2 1
19557 3 2
19558 3 1
19564 2 1
19565 3 1
19571 2 1
19571 3 1
19573 3 1
19583 2 1
19584 2 1
19585 3 1
19590 2 1
19593 2 1
19593 3 1
19596 2 1
19597 2 1
19600 3 1
19602 2 1
19603 3 1
19605 2 1
19606 3 1
19615 2 1
19617 3 1
19619 2 2
19620 2 1
19621 2 1
19628 2 1
19632 2 1
19640 3 1
19643 2 2
19643 3 1
19644 3 1
19655 2 1
19656 3 1
19658 3 1
19661 2 2
19661 3 1
19662 2 1
19662 3 1
19663 2 1
19668 2 1
19669 2 1
19674 3 1
19678 2 1
19679 3 2
19682 3 1
19686 3 1
19695 3 1
19717 2 1
19717 3 1
19718 3 1
19730 3 1
19733 2 1
19733 3 2
19734 2 2
19735 2 1
19735 3 1
19737 3 1
19739 2 1
19739 3 2
19740 2 1
19741 2 2
19742 3 1
19749 2 1
19749 3 1
19750 2 2
19751 2 1
19751 3 1
19752 2 1
19773 2 1
19774 2 2
19774 3 1
19775 2 1
19778 3 1
19790 2 1
19791 3 1
19794 2 1
19795 2 2
19796 2 1
19796 3 1
19797 2 1
19797 3 2
19798 3 1
19808 2 1
19809 2 1
19811 3 1
19813 3 1
19815 2 1
19815 3 1
19816 2 1
19823 2 1
19823 3 1
19824 2 2
19825 2 1
19825 3 1
19831 2 1
19832 2 1
19833 2 1
19834 2 1
19837 2 1
19837 3 1
19838 2 1
19841 2 2
19842 2 1
19846 3 1
19848 3 1
19850 2 2
19850 3 1
19851 2 1
19851 3 1
19856 2 1
19857 3 1
19862 3 1
19864 2 1
19864 3 1
19873 3 1
19877 3 1
19880 3 1
19884 2 1
19887 2 1
19890 2 1
19892 3 1
19894 2 1
19904 3 1
19911 2 1
19911 3 1
19914 2 1
19915 2 1
19916 2 2
19916 3 1
19917 3 1
19919 2 1
19919 3 1
19920 2 2
19920 3 2
19921 3 1
19929 2 1
19935 2 1
19935 3 2
19936 2 1
19936 3 2
19937 2 2
19937 3 1
19938 2 1
19939 3 2
19951 2 1
19952 3 1
19954 3 1
19956 2 1
19956 3 1
19957 2 1
19957 3 2
19958 2 1
19958 3 2
19972 2 1
19974 2 1
19975 3 1
19979 3 1
19981 3 1
19983 3 1
19992 2 1
19993 2 1
19994 2 2
19995 3 1
20001 2 1
20002 2 1
20003 3 1
20005 2 1
20005 3 1
20006 2 1
20006 3 2
20009 2 1
20009 3 1
20010 3 1
20012 3 1
20015 2 1
20016 3 1
20021 2 1
20023 3 1
20026 3 1
20028 3 1
20030 3 1
20042 2 1
20044 3 1
20046 3 1
20054 2 1
20054 3 1
20057 3 1
20058 2 1
20059 2 1
20064 2 1
20065 2 1
20066 3 1
20069 2 1
20071 3 1
20073 2 2
20073 3 1
20074 2 1
20074 3 1
20077 3 1
20084 3 2
20085 3 1
20088 2 1
20089 2 2
20089 3 1
20090 2 1
20096 3 1
20097 2 1
20098 3 1
20100 3 1
20106 3 1
20114 3 1
20120 3 1
20122 2 1
20123 2 2
20124 2 1
20124 3 1
20125 3 2
20127 2 1
20128 3 2
20130 3 1
20132 3 1
20136 3 1
20143 3 1
20144 2 1
20145 3 1
20149 2 1
20150 3 2
20152 2 1
20152 3 1
20153 2 1
20153 3 2
20157 2 1
20157 3 2
20158 3 1
20165 3 1
20167 3 1
20169 3 1
20173 2 1
20174 2 1
20181 2 1
20181 3 2
20182 2 1
20183 3 1
20185 3 1
20186 2 1
20193 2 1
20193 3 2
20196 2 1
20197 2 1
20198 2 2
20199 2 1
20199 3 1
20211 2 1
20212 2 1
20213 2 1
20214 3 2
20216 2 1
20216 3 1
20222 2 1
20222 3 1
20223 2 1
20224 2 1
20225 3 1
20233 2 1
20234 2 1
20235 3 1
20239 3 1
20243 2 1
20253 2 1
20254 3 1
20256 3 1
20258 3 1
20260 2 1
20260 3 2
20261 3 1
20272 2 1
20273 2 2
20273 3 1
20280 2 1
20281 2 2
20281 3 1
20282 2 1
20283 3 1
20286 2 2
20286 3 1
20287 2 2
20287 3 1
20288 2 1
20288 3 1
20291 3 1
20296 3 1
20298 3 1
20302 2 1
20303 2 2
20304 2 1
20304 3 1
20307 3 1
20319 3 1
20321 2 1
20328 2 1
20329 2 1
20333 2 1
20333 3 1
20341 3 1
20348 3 1
20350 2 2
20350 3 1
20351 3 1
20354 2 1
20354 3 2
20359 3 1
20361 2 1
20361 3 1
20362 2 2
20363 2 1
20363 3 1
20364 3 1
20366 3 1
20368 3 1
20369 2 1
20370 3 1
20372 2 1
20372 3 1
20375 2 1
20376 2 2
20376 3 1
20378 2 1
20381 3 1
20383 2 1
20383 3 2
20384 3 1
20386 2 1
20386 3 1
20387 2 1
20387 3 2
20388 2 1
20389 3 1
20391 2 1
20392 2 1
20396 2 1
20401 2 1
20402 2 1
20403 3 1
20405 2 1
20405 3 1
20409 2 1
20409 3 2
20411 2 1
20412 2 2
20412 3 1
20413 2 1
20418 2 1
20419 2 2
20419 3 1
20420 3 1
20422 3 1
20427 2 1
20427 3 1
20428 2 2
20428 3 1
20429 2 1
20430 3 1
20433 2 1
20433 3 1
20434 2 1
20440 2 1
20440 3 1
20441 2 1
20441 3 2
20444 3 1
20446 3 1
20449 2 1
20449 3 1
20454 3 1
20455 2 1
20456 2 1
20457 2 1
20457 3 2
20458 3 1
20460 3 1
20462 3 1
20467 3 1
20468 2 1
20469 2 1
20470 3 1
20481 2 1
20491 2 1
20491 3 1
20492 2 1
20492 3 2
20493 2 2
20494 3 1
20499 3 1
20502 3 1
20504 2 1
20504 3 1
20508 2 1
20509 3 1
20513 2 1
20514 2 1
20526 2 1
20532 2 1
20535 2 2
20535 3 1
20536 2 1
20536 3 1
20537 2 1
20540 3 1
20546 2 1
20547 2 1
20548 3 1
20550 2 1
20555 3 1
20558 3 1
20560 2 1
20561 3 1
20563 2 2
20563 3 1
20564 2 1
20565 3 2
20568 2 2
20568 3 1
20569 3 1
20570 2 1
20571 2 1
20572 2 1
20575 2 1
20576 2 1
20581 3 1
20583 2 1
20583 3 1
20586 3 1
20595 2 1
20599 3 1
20600 2 1
20601 2 1
20605 3 1
20607 3 1
20608 2 1
20612 2 1
20612 3 1
20613 2 1
20617 2 1
20618 2 2
20619 2 1
20619 3 1
20627 2 2
20627 3 1
20628 2 2
20628 3 1
20629 2 1
20629 3 1
20630 2 1
20631 3 1
20634 3 1
20635 2 1
20636 3 2
20638 3 1
20640 2 2
20640 3 1
20641 2 1
20645 3 1
20648 2 1
20653 2 1
20653 3 2
20655 3 1
20658 2 1
20663 2 1
20664 3 1
20666 3 1
20673 3 1
20675 2 1
20675 3 1
20676 2 1
20677 3 1
20682 2 2
20683 3 1
20684 2 1
20685 2 1
20685 3 2
20686 3 1
20689 3 1
20691 3 1
20696 2 2
20696 3 1
20697 3 1
20699 2 1
20699 3 2
20700 2 1
20702 3 1
20704 2 2
20704 3 1
20705 3 1
20707 3 1
20709 2 1
20709 3 1
20710 3 2
20714 3 1
20715 2 1
20716 2 2
20716 3 1
20717 2 1
20718 3 1
20721 3 1
20723 3 1
20728 3 1
20730 2 1
20734 2 1
20734 3 1
20735 2 2
20736 2 1
20736 3 1
20737 3 2
20739 3 1
20741 3 1
20742 2 1
20748 2 1
20749 3 1
20751 2 1
20751 3 1
20752 2 1
20759 3 1
20761 3 1
20765 2 1
20766 3 1
20768 2 1
20769 3 1
20771 2 1
20771 3 2
20773 3 1
20776 3 1
20779 2 1
20780 2 2
20780 3 1
20788 2 1
20788 3 1
20790 3 1
20792 3 1
20795 2 1
20812 2 1
20813 3 2
20817 3 1
20825 3 1
20829 2 1
20830 3 1
20838 2 1
20839 2 1
20840 3 2
20842 2 1
20842 3 1
20843 3 1
20845 2 1
20860 3 1
20862 2 1
20862 3 1
20865 3 1
20867 3 1
20874 2 1
20874 3 1
20875 2 1
20876 3 2
20880 3 1
20881 2 1
20882 2 2
20883 2 1
20883 3 1
20886 3 1
20888 2 1
20892 3 1
20894 3 1
20904 2 2
20904 3 1
20905 2 1
20908 2 1
20909 3 1
20911 3 1
20913 2 1
20913 3 1
20919 3 1
20920 2 1
20920 3 2
20921 2 1
20922 2 2
20923 2 1
20923 3 1
20925 3 1
20927 2 1
20927 3 1
20928 2 1
20929 2 1
20930 3 1
20932 3 1
20936 3 1
20938 2 1
20939 3 1
20941 3 1
20943 2 1
20943 3 2
20944 3 1
20949 2 1
20950 2 2
20951 2 1
20951 3 1
20954 3 1
20956 2 1
20956 3 1
20959 2 1
20962 2 1
20962 3 1
20966 2 1
20967 2 1
20973 2 1
20973 3 2
20974 2 2
20975 2 1
20975 3 1
20976 3 1
20979 2 1
20979 3 2
20980 2 1
20981 2 2
20982 3 1
20984 3 1
20986 2 1
20987 2 1
20988 3 1
20990 2 1
20990 3 1
20993 3 1
20995 3 1
20998 2 1
20999 2 2
20999 3 1
21000 3 1
21003 3 1
21004 2 1
21009 2 1
21009 3 1
21010 2 2
21010 3 1
21011 3 1
21013 2 1
21014 2 1
21018 3 1
21035 2 1
21038 2 1
21041 3 1
21046 2 1
21047 2 1
21047 3 2
21048 3 1
21050 3 1
21053 2 1
21054 2 1
21055 3 1
21057 2 1
21067 3 1
21069 2 1
21072 3 1
21074 3 1
21080 2 1
21083 3 1
21086 2 1
21087 3 1
21090 2 1
21090 3 1
21093 2 1
21096 3 1
21099 2 1
21099 3 1
21100 2 1
21101 2 1
21107 3 1
21109 3 1
21112 2 1
21113 3 1
21117 2 1
21117 3 1
21118 2 1
21119 2 2
21120 3 1
21129 2 1
21129 3 1
21130 2 1
21132 2 2
21132 3 1
21133 3 1
21135 2 1
21137 2 2
21138 2 1
21138 3 1
21142 3 1
21144 3 1
21147 3 1
21153 2 1
21153 3 1
21156 2 1
21160 3 1
21163 2 1
21165 3 1
21168 2 1
21168 3 1
21169 3 2
21171 3 1
21173 3 1
21186 3 1
21189 2 1
21190 2 2
21194 2 1
21195 2 2
21195 3 1
21196 2 1
21197 3 1
21200 3 1
21207 2 1
21211 2 1
21211 3 1
21212 2 1
21216 2 1
21216 3 2
21217 2 1
21217 3 2
21218 2 2
21218 3 2
21219 2 1
21219 3 1
21220 2 1
21228 3 1
21231 2 1
21238 2 1
21238 3 1
21246 2 1
21246 3 1
21248 2 1
21249 2 1
21250 3 1
21252 2 2
21252 3 1
21254 2 1
21255 2 1
21256 3 1
21259 2 1
21266 2 1
21270 2 1
21270 3 2
21271 2 2
21271 3 1
21272 2 1
21273 3 1
21276 2 1
21276 3 2
21279 2 1
21279 3 1
21280 3 2
21285 2 1
21285 3 1
21286 2 2
21287 2 2
21287 3 1
21288 3 1
21305 2 1
21306 2 1
21318 2 1
21318 3 2
21320 3 1
21324 2 1
21324 3 1
21327 3 1
21332 3 1
21344 2 1
21344 3 2
21345 3 1
21347 3 1
21348 2 1
21348 3 2
21351 2 1
21354 3 1
21358 3 1
21359 2 1
21364 3 1
21370 3 1
21372 2 1
21372 3 1
21373 3 2
21376 3 1
21384 2 1
21384 3 2
21385 2 2
21385 3 1
21386 2 1
21388 3 1
21390 2 1
21390 3 2
21391 2 1
21392 3 1
21394 3 1
21397 2 1
21398 2 1
21409 2 1
21409 3 2
21413 3 1
21414 2 1
21417 2 1
21417 3 1
21421 2 1
21422 2 1
21423 2 2
21423 3 1
21424 2 1
21428 2 1
21429 2 2
21429 3 1
21433 3 1
21436 2 1
21436 3 1
21437 3 2
21442 3 1
21445 2 1
21445 3 2
21446 2 1
21447 2 2
21447 3 1
21448 2 1
21452 3 1
21454 3 1
21458 2 1
21459 2 1
21460 3 1
21462 2 1
21462 3 1
21463 2 2
21464 2 1
21464 3 1
21466 3 1
21468 3 1
21479 3 1
21481 2 1
21482 2 1
21483 3 1
21485 3 1
21486 2 1
21492 2 1
21492 3 1
21493 2 1
21494 2 1
21495 2 1
21505 2 1
21505 3 2
21506 3 1
21509 3 1
21510 2 1
21511 2 1
21513 2 1
21514 2 1
21522 2 1
21522 3 1
21527 3 1
21529 2 2
21529 3 1
21530 2 1
21533 2 1
21534 2 1
21535 3 1
21537 3 1
21538 2 1
21539 2 1
21541 2 1
21543 3 1
21546 2 1
21546 3 1
21547 2 1
21551 2 1
21552 2 1
21552 3 2
21553 3 1
21557 2 1
21558 2 1
21559 2 1
21560 2 1
21561 2 1
21564 2 1
21568 2 1
21568 3 1
21581 3 1
21590 2 1
21591 3 1
21594 2 1
21594 3 1
21595 3 1
21597 2 1
21598 2 1
21599 2 1
21604 3 1
21607 2 1
21607 3 1
21608 2 1
21612 2 1
21612 3 1
21613 3 2
21620 2 1
21621 2 1
21622 3 2
21624 2 1
21625 3 1
21631 2 1
21631 3 2
21632 2 1
21633 3 1
21635 3 1
21640 2 1
21640 3 1
21646 2 1
21649 2 1
21650 2 1
21651 2 1
21652 2 2
21652 3 1
21653 3 1
21656 2 1
21656 3 1
21657 3 1
21659 2 1
21659 3 1
21660 2 1
21665 2 1
21666 2 1
21667 3 1
21669 2 1
21669 3 2
21670 2 2
21670 3 1
21671 2 1
21672 2 1
21673 3 1
21676 3 1
21683 2 2
21684 2 1
21684 3 1
21685 2 1
21686 3 1
21690 3 1
21693 2 1
21693 3 1
21694 2 2
21695 3 1
21696 2 1
21697 3 1
21700 3 1
21706 2 1
21708 3 1
21710 3 1
21714 2 1
21715 2 1
21716 3 1
21720 2 1
21721 2 1
21722 3 1
21724 3 1
21726 3 1
21727 2 1
21728 2 1
21731 2 1
21738 2 1
21741 3 1
21743 2 2
21743 3 1
21744 2 1
21744 3 1
21747 3 1
21749 2 1
21754 2 1
21754 3 2
21755 2 2
21755 3 1
21756 2 1
21758 3 1
21761 2 1
21764 3 1
21765 2 1
21766 2 1
21768 2 1
21780 2 1
21785 2 1
21785 3 1
21793 2 1
21793 3 1
21794 3 1
21798 2 1
21798 3 1
21799 3 2
21801 2 1
21801 3 1
21802 2 1
21806 2 1
21808 2 1
21809 3 1
21813 2 1
21821 2 1
21822 2 1
21823 3 2
21829 2 1
21830 2 2
21831 2 1
21831 3 1
21832 2 1
21834 3 1
21843 2 1
21843 3 1
21844 2 1
21847 3 1
21854 2 1
21855 2 1
21857 2 2
21857 3 1
21858 3 1
21861 2 1
21861 3 1
21867 2 2
21867 3 1
21868 2 1
21869 3 1
21871 2 2
21871 3 1
21872 2 1
21873 3 1
21877 3 1
21878 2 1
21879 3 1
21881 3 1
21884 3 1
21889 2 1
21890 2 1
21892 3 1
21897 3 1
21899 2 1
21899 3 1
21900 3 1
21902 2 1
21903 2 1
21904 2 1
21905 2 1
21906 2 1
21906 3 2
21907 2 1
21907 3 2
21908 3 1
21914 2 1
21914 3 1
21915 3 1
21917 3 1
21929 2 1
21933 2 2
21933 3 1
21935 2 1
21938 3 1
21939 2 1
21940 3 1
21960 2 1
21961 3 2
21964 2 1
21965 3 1
21967 2 1
21967 3 2
21968 2 1
21969 2 2
21969 3 1
21970 3 1
21972 3 1
21974 3 1
21985 2 1
21985 3 2
21986 2 2
21986 3 1
21987 2 1
21988 2 1
21989 2 1
21991 3 1
21993 3 1
21999 3 1
22001 3 1
22003 3 1
22011 3 1
22012 2 1
22015 3 1
22018 3 1
22020 2 2
22020 3 1
22021 3 1
22024 3 1
22027 3 1
22030 2 1
22031 2 1
22035 2 1
22038 3 1
22040 2 1
22040 3 1
22041 3 2
22047 2 1
22047 3 1
22048 2 1
22048 3 2
22049 2 1
22049 3 2
22050 2 1
22050 3 2
22051 2 1
22051 3 2
22052 2 1
22052 3 2
22054 2 1
22056 3 1
22058 3 1
22060 2 1
22066 3 1
22067 2 1
22068 3 1
22070 2 2
22070 3 1
22071 2 1
22072 2 1
22073 3 1
22086 2 1
22086 3 2
22087 3 1
22092 2 1
22092 3 1
22093 2 1
22095 3 1
22100 2 1
22100 3 1
22101 2 1
22101 3 2
22102 2 1
22103 2 1
22108 3 1
22111 2 1
22112 2 1
22113 2 1
22115 2 1
22116 3 1
22120 3 1
22124 3 1
22128 3 1
22134 2 2
22134 3 1
22135 3 1
22143 2 1
22146 2 1
22147 2 1
22148 3 2
22157 2 1
22161 2 2
22161 3 1
22162 2 1
22162 3 1
22163 3 1
22169 2 1
22174 2 1
22174 3 2
22175 2 1
22176 2 2
22177 3 1
22183 2 1
22183 3 1
22184 2 1
22184 3 2
22185 2 2
22186 2 1
22186 3 1
22189 3 1
22191 2 2
22191 3 1
22192 3 1
22194 2 1
22194 3 2
22195 2 1
22195 3 2
22196 3 1
22203 2 1
22204 2 1
22204 3 2
22205 3 1
22214 2 1
22214 3 1
22217 2 1
22218 2 1
22219 3 1
22221 3 1
22226 2 1
22230 2 1
22231 2 1
22232 3 1
22234 2 1
22234 3 1
22236 3 1
22238 2 1
22238 3 1
22243 2 1
22244 3 1
22246 2 1
22246 3 2
22251 2 2
22252 2 1
22252 3 1
22253 2 1
22257 3 1
22258 2 1
22259 3 1
22261 2 1
22261 3 1
22262 2 1
22263 3 2
22272 2 1
22272 3 1
22273 3 2
22274 2 1
22275 2 2
22275 3 1
22276 2 1
22280 2 1
22283 2 1
22284 3 1
22287 2 1
22287 3 1
22290 3 1
22291 2 1
22291 3 2
22294 2 1
22294 3 1
22297 2 2
22297 3 1
22298 3 1
22302 2 1
22303 2 1
22313 3 1
22314 2 1
22314 3 2
22324 2 2
22324 3 1
22325 2 1
22325 3 1
22326 2 1
22327 2 1
22328 2 1
22331 3 1
22333 3 1
22335 3 1
22338 3 1
22339 2 1
22340 3 1
22342 2 1
22342 3 1
22343 3 2
22345 2 1
22346 2 1
22351 2 1
22355 3 1
22357 3 1
22358 2 1
22359 2 1
22360 3 1
22362 2 1
22362 3 1
22363 2 1
22366 3 1
22367 2 1
22373 2 1
22375 3 1
22377 2 1
22378 3 1
22394 2 1
22395 3 1
22397 2 1
22398 3 1
22400 2 1
22400 3 1
22405 2 1
22407 3 1
22408 2 1
22409 3 1
22411 2 1
22411 3 2
22414 2 1
22414 3 1
22425 2 1
22425 3 1
22426 2 1
22431 2 1
22438 2 2
22438 3 1
22439 2 2
22439 3 1
22440 2 1
22441 2 1
22441 3 2
22442 3 1
22448 3 1
22449 2 1
22450 2 1
22451 3 1
22454 2 1
22454 3 2
22455 2 1
22455 3 2
22456 3 1
22460 2 1
22461 3 1
22465 2 1
22468 2 2
22468 3 1
22469 2 2
22469 3 1
22470 2 1
22470 3 1
22471 2 1
22472 2 1
22481 2 1
22482 2 2
22483 2 1
22483 3 1
22496 3 1
22498 2 1
22502 3 2
22503 3 1
22505 3 1
22507 3 1
22509 2 1
22510 2 2
22510 3 1
22511 3 1
22513 2 1
22514 2 1
22515 2 2
22516 3 1
22520 2 2
22521 2 1
22522 2 1
22523 3 1
22525 2 1
22525 3 1
22528 2 1
22529 3 2
22533 2 1
22540 2 1
22540 3 1
22541 3 1
22545 3 1
22547 2 1
22548 2 2
22548 3 1
22549 2 1
22550 3 1
22552 3 1
22554 3 1
22555 2 1
22556 3 1
22567 2 1
22568 3 1
22570 2 1
22570 3 1
22571 3 2
22574 2 1
22577 2 1
22577 3 1
22579 3 1
22586 2 1
22586 3 1
22587 2 1
22588 2 1
22589 2 2
22589 3 1
22590 2 1
22591 3 1
22593 2 1
22593 3 1
22601 2 1
22602 3 2
22606 3 1
22607 2 1
22610 2 1
22611 2 1
22612 2 2
22613 2 1
22613 3 1
22617 3 1
22619 2 1
22620 2 1
22621 3 1
22625 2 1
22625 3 1
22626 2 1
22626 3 2
22628 3 1
22630 3 1
22631 2 1
22631 3 2
22632 2 2
22633 2 1
22633 3 1
22643 3 1
22648 2 1
22648 3 1
22650 3 1
22652 2 1
22653 3 1
22656 2 1
22657 2 1
22658 2 1
22665 2 1
22666 2 1
22684 3 1
22686 2 1
22687 2 1
22687 3 2
22688 3 1
22691 3 1
22695 3 1
22696 2 1
22697 3 1
22700 2 1
22700 3 1
22701 2 1
22701 3 2
22709 3 1
22715 2 1
22718 2 1
22718 3 1
22719 2 2
22720 2 1
22720 3 1
22721 3 1
22725 3 1
22729 2 1
22730 2 1
22731 2 1
22732 2 1
22738 2 2
22738 3 1
22739 2 1
22739 3 1
22741 3 1
22745 2 2
22745 3 1
22746 2 1
22752 3 1
22755 3 1
22758 3 1
22765 3 1
22773 3 1
22779 2 1
22779 3 1
22782 3 1
22784 3 1
22787 2 1
22793 2 1
22793 3 2
22795 3 1
22800 2 1
22801 2 1
22802 3 2
22806 2 1
22806 3 1
22807 2 1
22809 3 1
22813 3 1
22816 2 1
22817 2 2
22818 3 1
22820 2 1
22820 3 1
22821 2 2
22821 3 1
22822 2 1
22827 3 1
22829 2 1
22841 2 1
22842 2 1
22843 3 1
22845 3 1
22848 2 1
22849 2 1
22849 3 2
22850 3 1
22854 3 1
22860 2 1
22861 2 1
22866 3 1
22868 3 1
22870 3 1
22876 2 1
22877 3 1
22879 2 1
22879 3 1
22880 2 1
22880 3 2
22882 2 1
22898 2 1
22898 3 2
22899 2 1
22899 3 2
22900 3 1
22902 2 1
22903 3 1
22905 2 1
22905 3 2
22906 2 2
22906 3 1
22907 2 1
22908 3 1
22910 3 1
22912 2 1
22912 3 1
22913 2 1
22913 3 2
22916 2 1
22917 3 1
22920 2 1
22923 3 1
22925 3 1
22927 3 1
22942 3 1
22948 3 1
22949 2 1
22951 2 1
22954 3 1
22958 2 1
22958 3 1
22959 3 1
22961 2 1
22961 3 2
22962 3 1
22964 2 1
22964 3 1
22965 2 2
22966 2 1
22966 3 1
22967 2 1
22967 3 2
22968 3 2
22970 2 1
22970 3 1
22974 3 1
22977 2 1
22978 3 1
22981 2 1
22981 3 1
22982 2 1
22983 3 1
22986 2 1
22988 3 1
22995 3 1
22997 2 2
22997 3 1
22999 2 1
23000 3 1
23002 3 1
23011 2 1
23011 3 1
23012 2 1
23013 2 1
23014 2 2
23014 3 1
23015 2 1
23016 3 2
23029 2 2
23029 3 1
23030 3 1
23031 2 1
23035 2 1
23036 2 1
23042 2 1
23044 3 1
23045 2 1
23047 2 1
23048 3 1
23050 2 1
23050 3 2
23051 2 1
23052 3 1
23054 2 1
23054 3 1
23055 2 1
23055 3 2
23059 2 1
23059 3 2
23060 2 2
23060 3 1
23061 2 1
23062 3 1
23068 2 1
23068 3 1
23069 2 1
23069 3 2
23070 3 1
23072 2 1
23074 2 1
23075 2 1
23076 3 1
23079 2 1
23079 3 1
23080 2 1
23081 3 1
23083 3 1
23086 2 1
23086 3 2
23087 2 1
23088 3 1
23090 2 1
23093 3 1
23095 2 1
23096 2 1
23097 2 2
23098 3 1
23100 3 1
23102 3 1
23104 3 1
23120 2 1
23120 3 2
23121 2 2
23121 3 1
23122 2 1
23126 2 1
23131 2 1
23136 3 2
23137 3 1
23139 3 1
23140 2 1
23141 3 1
23156 2 1
23159 3 1
23162 2 1
23162 3 1
23163 2 1
23164 3 1
23166 2 1
23166 3 1
23170 3 2
23171 3 1
23173 2 1
23173 3 1
23174 2 1
23175 2 1
23176 2 1
23180 2 1
23181 2 1
23185 2 1
23186 2 1
23189 2 1
23190 3 1
23194 2 1
23194 3 2
23195 3 1
23198 3 1
23199 2 1
23202 2 1
23210 2 1
23211 2 1
23216 3 1
23217 3 2
23218 2 1
23219 2 2
23220 2 1
23220 3 1
23221 3 2
23224 2 1
23225 3 2
23232 2 1
23233 3 1
23235 2 2
23235 3 1
23236 2 1
23241 3 1
23243 2 1
23244 2 1
23245 2 1
23246 2 1
23247 2 2
23251 2 1
23252 2 1
23253 3 1
23255 3 1
23258 3 1
23260 3 1
23265 2 1
23265 3 2
23266 3 1
23272 3 1
23277 2 2
23278 2 1
23278 3 1
23281 2 1
23281 3 1
23287 2 1
23291 3 1
23293 2 1
23293 3 1
23299 2 1
23300 3 1
23306 2 1
23317 2 1
23318 3 1
23321 3 1
23324 2 2
23325 2 1
23326 2 1
23327 3 1
23329 2 1
23329 3 2
23330 2 2
23330 3 1
23331 2 1
23332 3 1
23335 2 1
23335 3 1
23336 2 1
23339 2 1
23340 2 1
23341 2 1
23342 3 1
23345 2 2
23345 3 1
23346 2 1
23346 3 1
23353 2 1
23354 3 1
23356 3 1
23361 2 1
23362 2 1
23362 3 2
23363 3 1
23365 3 1
23368 3 1
23369 2 1
23375 2 1
23379 2 1
23380 2 2
23380 3 1
23382 2 1
23383 2 1
23392 3 1
23393 2 1
23394 2 1
23395 2 1
23396 2 1
23397 2 1
23400 3 1
23413 2 1
23413 3 1
23414 2 2
23415 2 1
23415 3 1
23418 2 1
23422 2 2
23423 2 1
23423 3 1
23431 3 1
23434 3 1
23435 2 1
23435 3 2
23438 2 1
23438 3 1
23441 2 1
23447 2 1
23447 3 1
23448 2 2
23449 2 1
23449 3 1
23450 3 2
23459 3 1
23460 2 1
23461 3 1
23467 2 2
23467 3 1
23468 2 1
23468 3 1
23469 2 1
23475 3 1
23493 2 1
23494 3 1
23497 2 1
23498 2 1
23500 3 1
23502 2 1
23502 3 1
23503 2 1
23507 2 1
23511 2 1
23514 3 1
23517 2 1
23530 2 1
23530 3 2
23531 2 2
23531 3 1
23532 2 1
23533 3 1
23535 2 1
23535 3 2
23536 2 2
23536 3 1
23537 2 1
23538 2 1
23538 3 2
23539 3 1
23541 2 1
23541 3 1
23542 2 1
23549 3 1
23554 2 1
23557 2 1
23557 3 1
23560 3 1
23564 3 1
23566 2 1
23566 3 1
23567 2 1
23572 3 1
23577 2 1
23577 3 2
23578 3 1
23585 2 1
23585 3 1
23588 2 1
23589 2 1
23590 2 2
23590 3 1
23594 2 2
23595 2 1
23596 3 1
23598 2 1
23598 3 2
23599 2 1
23601 3 1
23609 3 1
23612 3 1
23619 2 1
23620 3 1
23622 2 2
23622 3 1
23623 3 1
23628 2 1
23628 3 1
23629 3 1
23631 2 1
23632 2 1
23633 2 2
23634 2 1
23634 3 1
23639 2 1
23642 2 1
23643 2 1
23649 2 1
23649 3 1
23650 3 1
23657 2 1
23657 3 2
23659 3 1
23668 2 1
23677 2 1
23683 2 1
23683 3 1
23685 2 1
23687 3 1
23689 2 1
23689 3 1
23692 3 1
23696 3 1
23698 3 1
23699 2 1
23706 3 1
23709 2 1
23710 2 2
23710 3 1
23711 2 1
23712 3 1
23714 2 1
23714 3 1
23719 3 1
23720 2 1
23721 2 1
23723 2 1
23726 2 1
23727 2 1
23728 2 1
23729 3 1
23731 2 1
23731 3 1
23732 2 1
23732 3 2
23733 2 1
23733 3 2
23734 2 1
23738 2 1
23738 3 2
23739 3 1
23744 2 1
23747 3 1
23749 3 1
23752 3 1
23756 2 1
23756 3 1
23759 3 2
23760 3 1
23771 2 1
23772 3 1
23778 2 1
23782 3 1
23784 3 1
23786 3 1
23791 2 1
23793 3 2
23794 3 1
23800 2 1
23800 3 1
23801 2 1
23803 3 1
23806 2 1
23806 3 1
23807 2 1
23815 2 1
23815 3 1
23818 3 1
23823 2 1
23823 3 1
23825 2 1
23834 3 1
23836 2 1
23836 3 1
23841 3 1
23843 3 1
23846 2 1
23846 3 1
23848 2 2
23848 3 1
23849 3 1
23853 2 1
23853 3 1
23857 2 1
23857 3 1
23858 2 1
23858 3 2
23859 2 1
23860 2 1
23861 2 2
23861 3 1
23865 3 1
23867 2 1
23869 3 1
23873 2 1
23874 2 1
23875 3 1
23878 2 1
23878 3 2
23879 3 1
23881 3 1
23884 2 1
23885 2 2
23885 3 1
23886 2 1
23887 3 1
23889 3 1
23891 2 1
23891 3 1
23892 2 1
23893 3 1
23897 3 1
23899 2 2
23899 3 1
23900 2 1
23901 2 1
23901 3 2
23902 2 1
23902 3 2
23903 3 1
23905 2 2
23905 3 1
23906 2 1
23907 3 1
23926 2 2
23926 3 1
23927 2 1
23928 3 1
23933 2 1
23933 3 1
23934 3 1
23936 2 1
23939 3 1
23941 3 1
23949 2 1
23949 3 1
23950 3 1
23955 3 1
23957 3 1
23959 2 1
23959 3 1
23960 2 2
23964 3 1
23966 3 1
23969 3 1
23971 2 1
23971 3 1
23972 2 1
23975 3 1
23978 2 1
23978 3 1
23980 3 1
23983 2 1
23994 2 1
23994 3 1
24006 3 1
24008 2 1
24009 2 1
24009 3 2
24010 3 1
24014 2 1
24015 2 1
24016 3 2
24024 3 1
24026 2 1
24026 3 2
24027 3 1
24036 2 1
24036 3 1
24039 2 1
24039 3 1
24040 3 2
24041 3 1
24045 3 1
24049 2 1
24050 3 1
24052 2 1
24052 3 1
24053 2 1
24055 3 1
24058 2 1
24058 3 1
24061 3 1
24063 2 1
24063 3 2
24065 2 1
24066 2 1
24067 3 1
24070 2 1
24070 3 1
24073 2 1
24073 3 1
24074 3 1
24076 2 1
24076 3 1
24080 2 2
24080 3 1
24081 2 1
24081 3 1
24082 2 1
24087 3 1
24090 2 1
24095 2 1
24095 3 2
24096 2 1
24096 3 2
24097 3 1
24100 2 2
24100 3 1
24101 2 1
24107 2 1
24107 3 2
24108 2 1
24108 3 2
24109 3 1
24111 2 1
24116 2 1
24116 3 1
24117 2 1
24120 3 1
24122 2 1
24122 3 1
24125 2 1
24132 2 1
24133 2 2
24133 3 1
24134 2 1
24135 3 1
24138 2 1
24138 3 2
24140 3 1
24142 3 1
24146 2 2
24146 3 1
24147 3 1
24148 2 1
24149 3 1
24152 3 1
24154 2 1
24154 3 1
24155 2 1
24156 3 2
24158 3 1
24162 3 1
24164 2 1
24168 3 1
24170 2 1
24170 3 2
24171 2 1
24172 3 1
24178 2 1
24178 3 1
24179 2 1
24179 3 2
24180 2 2
24181 2 1
24181 3 1
24184 3 1
24187 2 1
24187 3 1
24189 3 2
24190 3 1
24196 2 1
24196 3 1
24200 2 1
24201 3 1
24203 3 1
24205 2 2
24205 3 1
24206 2 1
24206 3 1
24208 3 1
24210 2 2
24210 3 1
24211 2 1
24212 3 1
24214 3 1
24215 2 1
24218 3 1
24222 2 1
24223 2 1
24224 3 1
24226 2 2
24226 3 1
24231 2 1
24234 2 1
24235 2 2
24235 3 1
24236 3 1
24242 2 1
24243 2 2
24244 2 1
24244 3 1
24245 2 1
24245 3 2
24246 3 2
24248 3 1
24252 2 1
24253 3 1
24255 3 1
24257 2 1
24258 3 1
24261 3 1
24266 3 1
24268 2 1
24269 3 1
24273 2 1
24274 3 1
24276 3 1
24277 2 1
24278 3 1
24283 3 1
24286 2 1
24286 3 1
24293 2 1
24293 3 1
24294 2 1
24294 3 2
24295 2 1
24296 2 1
24297 3 1
24301 2 1
24311 2 1
24312 2 1
24319 2 1
24321 2 1
24327 2 2
24327 3 1
24328 2 1
24328 3 1
24332 3 1
24335 3 1
24339 2 1
24340 3 1
24346 2 1
24350 2 2
24350 3 1
24351 2 1
24357 2 1
24364 2 1
24365 3 2
24366 3 1
24371 2 1
24371 3 1
24372 2 1
24373 2 1
24377 2 2
24377 3 1
24378 3 1
24379 2 1
24380 3 1
24382 3 1
24383 2 1
24384 2 1
24385 2 1
24386 3 2
24389 3 1
24392 2 1
24396 2 1
24396 3 1
24397 3 2
24399 3 1
24406 2 1
24406 3 1
24412 2 1
24413 2 1
24414 2 1
24415 3 1
24417 3 1
24419 3 1
24423 2 1
24423 3 2
24426 2 1
24426 3 2
24427 2 1
24427 3 2
24428 2 2
24428 3 1
24429 2 1
24430 2 1
24433 2 1
24433 3 1
24434 2 1
24434 3 2
24439 2 1
24439 3 2
24440 3 1
24442 3 1
24443 2 1
24446 2 1
24447 3 1
24453 2 1
24454 2 2
24454 3 1
24455 2 1
24456 3 1
24458 3 1
24462 2 1
24463 2 1
24464 3 2
24466 2 1
24466 3 1
24469 3 1
24470 2 1
24471 3 1
24477 2 2
24477 3 1
24482 2 1
24483 3 2
24485 3 1
24487 3 1
24489 2 1
24494 2 1
24494 3 1
24497 3 1
24499 3 1
24508 3 1
24512 2 1
24516 2 2
24517 2 1
24517 3 1
24519 3 1
24521 2 1
24521 3 2
24522 2 1
24524 2 1
24535 2 1
24536 2 1
24537 2 2
24537 3 1
24538 2 1
24542 2 1
24546 2 1
24547 2 1
24549 3 1
24551 2 1
24552 2 1
24553 3 2
24556 2 1
24557 2 1
24558 3 1
24560 2 1
24560 3 2
24561 2 1
24570 2 1
24571 3 1
24574 3 1
24576 2 1
24576 3 1
24577 3 1
24579 3 1
24581 3 1
24586 3 1
24588 3 1
24592 2 1
24592 3 1
24601 2 1
24601 3 1
24602 2 1
24603 2 2
24603 3 1
24604 2 1
24607 2 1
24607 3 1
24611 2 1
24611 3 1
24616 2 2
24617 2 1
24618 3 1
24621 3 1
24623 3 1
24625 2 1
24625 3 1
24629 3 1
24630 2 1
24631 3 1
24642 2 1
24642 3 1
24648 3 1
24654 2 1
24655 3 2
24658 2 1
24663 2 1
24663 3 1
24664 3 1
24666 2 1
24669 3 1
24675 2 1
24676 2 2
24677 2 1
24677 3 1
24678 2 1
24679 3 1
24687 2 1
24688 3 1
24692 3 1
24694 3 1
24696 2 1
24698 2 1
24699 2 1
24699 3 2
24700 3 1
24702 2 1
24702 3 1
24703 2 1
24704 2 1
24705 3 2
24710 2 1
24711 3 1
24715 2 1
24715 3 1
24716 2 1
24717 3 2
24719 3 1
24723 2 2
24724 2 1
24725 2 1
24728 3 1
24731 3 1
24733 3 1
24735 2 1
24736 3 1
24741 2 1
24741 3 1
24745 2 1
24745 3 1
24749 2 1
24751 3 2
24752 3 1
24754 2 1
24757 2 1
24758 3 1
24760 2 1
24760 3 1
24761 2 2
24761 3 1
24762 2 1
24767 3 1
24768 2 1
24769 3 1
24771 3 1
24774 3 1
24776 2 2
24776 3 1
24777 2 1
24777 3 1
24785 3 1
24792 3 1
24793 2 1
24796 2 1
24797 2 1
24798 3 1
24806 2 1
24806 3 1
24809 2 1
24810 3 1
24814 3 1
24819 3 1
24826 2 1
24827 3 1
24830 2 1
24830 3 1
24831 2 1
24831 3 2
24833 3 1
24835 2 1
24836 2 1
24837 3 1
24842 2 1
24842 3 1
24843 3 2
24848 3 1
24852 2 1
24853 2 2
24854 3 1
24856 3 1
24859 2 1
24861 3 1
24862 2 1
24866 2 1
24867 2 1
24868 2 1
24872 3 1
24873 2 1
24874 3 1
24876 2 1
24876 3 1
24877 2 1
24877 3 2
24880 3 1
24883 2 1
24883 3 1
24884 2 2
24888 3 1
24890 2 1
24890 3 1
24893 3 1
24895 2 1
24900 3 1
24908 2 1
24908 3 2
24909 2 1
24910 2 1
24911 3 1
24916 2 1
24916 3 1
24917 2 1
24917 3 2
24927 2 1
24927 3 1
24928 3 1
24932 2 1
24932 3 1
24933 2 1
24935 3 1
24937 2 1
24937 3 1
24938 2 1
24939 2 1
24940 2 2
24941 3 1
24947 2 1
24948 2 1
24949 2 1
24952 3 1
24954 3 1
24956 2 1
24957 3 1
24959 2 1
24959 3 1
24963 3 1
24965 2 1
24965 3 2
24966 3 1
24976 2 1
24977 2 2
24978 2 1
24978 3 1
24982 2 1
24982 3 1
24983 2 1
24984 2 1
24985 3 1
24988 2 1
24989 3 1
24991 2 1
24991 3 1
24994 2 1
24994 3 1
25003 3 1
25004 2 1
25004 3 2
25008 3 1
25010 2 1
25011 3 1
25013 2 1
25017 2 1
25018 2 2
25019 3 1
25020 2 1
25028 2 1
25028 3 1
25037 2 2
25038 3 1
25040 3 1
25042 2 1
25043 2 1
25046 2 1
25047 2 1
25048 2 2
25049 2 1
25049 3 1
25050 2 1
25051 3 2
25053 2 1
25056 3 1
25057 3 2
25058 2 1
25059 3 1
25062 2 1
25064 2 1
25065 2 1
25065 3 2
25066 3 1
25068 2 1
25068 3 1
25075 3 1
25078 2 2
25079 2 1
25079 3 1
25080 2 1
25081 3 1
25083 3 1
25088 2 1
25089 2 1
25090 2 1
25091 3 2
25096 2 1
25097 2 1
25098 2 1
25099 3 1
25101 2 1
25101 3 1
25102 3 1
25104 2 1
25105 2 1
25106 2 2
25106 3 1
25107 2 1
25108 3 1
25110 2 1
25111 3 1
25115 2 1
25117 3 1
25119 2 1
25120 2 1
25122 3 1
25129 3 1
25131 2 1
25133 2 2
25134 2 1
25134 3 1
25136 3 1
25138 3 1
25141 2 1
25141 3 1
25143 3 1
25149 3 1
25151 2 1
25151 3 2
25152 2 2
25152 3 1
25153 2 1
25154 3 1
25157 2 1
25157 3 2
25158 2 1
25169 2 1
25173 3 1
25175 2 1
25178 2 1
25184 2 1
25185 3 1
25188 3 1
25191 2 1
25191 3 1
25192 2 2
25192 3 1
25193 2 1
25196 2 2
25197 2 1
25197 3 1
25198 2 1
25202 2 1
25203 2 1
25204 2 2
25205 3 1
25208 2 1
25208 3 1
25212 3 1
25214 3 1
25218 2 1
25219 3 1
25227 3 1
25228 2 1
25228 3 2
25231 2 1
25231 3 2
25232 3 1
25238 3 1
25239 2 1
25239 3 2
25240 2 2
25241 2 1
25241 3 1
25246 3 1
25248 2 1
25249 3 1
25255 3 1
25258 2 1
25258 3 1
25262 3 1
25270 2 1
25270 3 1
25271 2 2
25278 2 1
25279 2 2
25279 3 1
25280 2 1
25281 3 1
25283 2 1
25283 3 1
25284 2 1
25288 2 1
25289 3 1
25291 3 1
25294 3 1
25296 3 1
25301 2 1
25303 3 1
25305 3 1
25310 2 1
25310 3 1
25311 2 1
25311 3 2
25312 3 2
25317 2 1
25318 3 2
25319 3 1
25326 3 1
25328 2 1
25328 3 1
25329 3 1
25333 2 1
25334 3 1
25336 2 1
25336 3 2
25337 3 1
25342 2 1
25345 3 1
25349 2 1
25349 3 1
25350 2 1
25350 3 2
25351 2 1
25351 3 2
25354 3 1
25355 2 1
25358 3 1
25361 2 1
25362 2 1
25368 2 1
25368 3 1
25376 3 1
25378 2 2
25378 3 1
25379 3 1
25383 3 1
25385 2 1
25386 3 1
25388 2 1
25388 3 2
25389 2 1
25394 3 1
25401 2 1
25405 2 1
25409 3 1
25410 2 1
25411 3 2
25413 2 2
25413 3 1
25414 2 1
25414 3 1
25417 2 1
25417 3 1
25421 2 1
25422 2 1
25423 3 1
25425 2 1
25425 3 1
25426 2 2
25427 2 1
25427 3 1
25428 2 1
25429 3 2
25432 2 1
25433 2 1
25434 3 1
25436 3 1
25437 2 1
25438 2 1
25442 2 1
25443 2 1
25445 3 1
25448 2 1
25448 3 1
25453 3 1
25467 2 1
25467 3 1
25468 2 2
25469 3 1
25473 2 1
25482 3 1
25485 3 1
25487 2 1
25487 3 1
25488 2 1
25491 3 1
25496 3 1
25500 3 1
25502 2 1
25503 2 2
25503 3 1
25504 2 1
25505 3 1
25507 2 1
25507 3 1
25508 2 1
25511 3 1
25513 2 1
25514 2 2
25514 3 1
25515 2 1
25516 3 1
25520 2 1
25521 2 1
25521 3 2
25522 2 2
25522 3 1
25523 2 1
25532 2 1
25532 3 2
25533 2 1
25534 2 2
25534 3 1
25535 3 1
25538 2 1
25538 3 1
25541 2 1
25541 3 1
25545 2 1
25567 2 1
25571 3 1
25573 2 1
25576 3 1
25578 3 1
25580 2 1
25580 3 2
25581 2 2
25581 3 1
25582 2 1
25583 3 1
25587 2 1
25587 3 2
25588 2 1
25589 2 1
25592 3 1
25595 2 1
25595 3 1
25596 2 2
25597 2 1
25597 3 1
25598 2 1
25598 3 2
25599 2 1
25599 3 2
25600 3 1
25602 2 1
25602 3 1
25603 3 2
25605 2 2
25605 3 1
25606 3 1
25612 2 1
25613 2 1
25614 3 2
25616 2 1
25616 3 1
25622 3 1
25624 2 1
25624 3 1
25625 2 2
25625 3 1
25626 2 1
25627 2 1
25628 3 1
25630 2 1
25630 3 1
25636 2 1
25638 3 1
25642 2 1
25643 3 1
25650 2 1
25651 2 1
25652 2 1
25655 2 2
25655 3 1
25657 2 1
25658 3 1
25660 2 1
25660 3 2
25661 3 1
25663 2 1
25664 2 1
25665 3 1
25669 2 1
25670 2 2
25670 3 1
25671 2 1
25672 3 1
25675 2 1
25675 3 1
25678 3 1
25680 3 1
25682 3 1
25684 2 1
25684 3 1
25685 2 1
25686 3 2
25688 2 1
25688 3 1
25689 2 2
25689 3 1
25690 2 1
25691 3 2
25693 2 1
25693 3 1
25696 2 1
25696 3 1
25698 3 1
25704 3 1
25706 2 1
25706 3 1
25707 2 1
25707 3 2
25709 3 1
25711 2 1
25719 3 1
25722 2 1
25723 3 1
25730 2 1
25732 2 1
25733 3 1
25735 2 1
25735 3 1
25742 2 1
25743 2 2
25743 3 1
25744 3 1
25752 2 1
25752 3 1
25754 3 1
25755 2 1
25756 2 1
25763 2 1
25768 3 1
25772 2 1
25772 3 1
25773 3 2
25777 2 1
25788 3 1
25791 3 1
25793 2 1
25794 2 1
25798 2 1
25801 3 1
25806 3 1
25807 2 1
25808 2 1
25808 3 2
25809 3 1
25811 2 1
25814 2 1
25814 3 1
25817 2 1
25817 3 1
25818 2 2
25832 3 1
25833 2 1
25837 2 1
25840 2 1
25841 2 1
25842 2 1
25844 3 1
25846 2 1
25846 3 1
25847 2 1
25847 3 2
25851 3 1
25852 2 1
25856 2 1
25857 2 1
25861 2 1
25862 2 1
25863 2 1
25863 3 2
25864 3 1
25869 2 1
25870 2 1
25875 3 1
25876 2 1
25879 2 1
25879 3 2
25880 2 1
25880 3 2
25881 2 1
25881 3 2
25882 2 2
25882 3 2
25883 3 1
25885 2 1
25885 3 1
25886 2 1
25886 3 2
25887 2 1
25887 3 2
25889 3 1
25891 2 1
25891 3 1
25892 2 1
25892 3 2
25895 3 1
25896 2 1
25897 3 1
25899 2 1
25899 3 2
25900 2 1
25901 2 2
25902 3 1
25905 3 1
25907 3 1
25909 2 1
25909 3 1
25910 2 1
25910 3 2
25911 2 1
25913 3 1
25918 3 1
25921 2 1
25923 3 1
25927 3 1
25934 2 2
25934 3 1
25935 2 1
25936 2 1
25949 2 2
25949 3 1
25950 2 1
25950 3 1
25951 2 1
25952 3 2
25955 3 1
25957 3 1
25963 2 1
25963 3 1
25964 2 1
25965 2 2
25966 3 1
25968 2 1
25968 3 1
25972 2 1
25972 3 1
25975 2 1
25979 3 1
25981 3 1
25983 2 1
25984 3 1
25986 2 1
25987 3 1
25989 3 1
25990 2 1
25991 3 1
25996 3 1
26000 2 1
26001 2 2
26001 3 1
26010 2 1
26011 2 1
26012 2 2
26020 2 1
26021 2 2
26022 2 1
26022 3 1
26029 3 1
26031 3 1
26034 3 1
26036 3 1
26043 2 1
26043 3 1
26046 2 1
26047 3 1
26049 2 1
26049 3 2
26050 2 1
26051 3 1
26055 3 1
26057 2 1
26061 2 1
26062 3 1
26065 2 1
26067 2 1
26072 3 1
26073 3 2
26075 3 1
26078 2 1
26082 2 1
26083 3 2
26085 2 1
26085 3 1
26090 2 1
26090 3 1
26093 2 1
26093 3 1
26099 2 1
26099 3 1
26107 2 1
26108 2 1
26111 3 1
26113 3 1
26115 3 1
26117 3 1
26121 2 1
26121 3 2
26122 2 2
26122 3 1
26123 2 1
26124 3 1
26126 2 1
26126 3 1
26127 2 1
26128 3 2
26140 2 1
26140 3 1
26143 2 1
26143 3 1
26144 2 1
26145 3 1
26151 3 1
26153 3 1
26155 2 1
26155 3 1
26156 2 1
26157 2 1
26158 2 1
26159 2 1
26160 3 2
26162 2 1
26163 2 1
26164 3 1
26166 2 1
26166 3 2
26167 2 2
26167 3 1
26168 2 1
26169 3 1
26172 3 1
26174 2 1
26175 2 1
26176 3 1
26179 2 1
26179 3 2
26180 2 1
26180 3 2
26181 2 2
26181 3 1
26182 2 1
26183 2 1
26186 2 1
26187 3 1
26190 3 1
26194 2 1
26195 2 2
26196 2 1
26196 3 1
26198 3 1
26200 2 1
26202 3 1
26205 2 1
26206 2 1
26207 3 1
26209 3 1
26210 2 1
26211 3 2
26214 3 1
26215 2 1
26218 2 1
26224 2 1
26225 2 2
26225 3 1
26226 2 1
26227 3 2
26229 2 1
26229 3 1
26230 2 1
26230 3 2
26231 2 1
26238 2 1
26243 2 1
26253 3 1
26255 2 1
26258 3 1
26261 2 1
26262 3 1
26268 2 1
26273 2 1
26274 3 1
26278 2 1
26280 3 1
26281 2 1
26282 2 1
26282 3 2
26283 2 1
26283 3 2
26284 2 1
26284 3 2
26285 3 1
26294 2 1
26295 2 1
26296 3 1
26305 2 1
26305 3 1
26306 2 2
26307 2 1
26307 3 1
26310 2 1
26310 3 1
26313 3 1
26316 3 1
26317 2 1
26317 3 2
26318 2 1
26319 2 2
26319 3 1
26325 2 1
26326 3 1
26328 2 1
26328 3 2
26329 3 1
26331 2 1
26331 3 1
26339 3 1
26347 2 1
26347 3 1
26348 2 2
26348 3 1
26349 2 1
26350 3 1
26352 3 1
26356 3 1
26358 3 1
26360 2 1
26360 3 1
26365 2 1
26365 3 1
26370 3 1
26373 3 1
26374 2 1
26375 2 1
26383 3 1
26387 2 1
26387 3 1
26394 2 2
26394 3 1
26395 2 1
26395 3 1
26396 2 1
26397 2 1
26398 2 1
26405 2 1
26405 3 1
26406 2 1
26406 3 2
26408 2 1
26410 2 1
26411 3 1
26413 2 1
26413 3 1
26414 3 2
26415 2 1
26420 3 1
26422 2 1
26423 2 1
26424 2 1
26425 3 2
26426 3 1
26428 3 1
26431 2 1
26437 2 1
26437 3 1
26438 3 1
26442 2 1
26443 2 1
26454 2 1
26455 2 1
26456 2 1
26457 2 1
26464 3 1
26466 2 1
26466 3 1
26473 3 1
26475 3 1
26479 2 1
26482 3 1
26484 3 1
26486 3 1
26488 2 1
26488 3 1
26489 2 1
26489 3 2
26490 2 1
26493 3 1
26495 3 1
26502 3 1
26504 2 1
26504 3 1
26505 2 2
26505 3 1
26506 2 1
26507 3 1
26510 2 1
26510 3 1
26513 3 1
26516 3 1
26517 2 1
26518 3 1
26526 2 1
26527 3 1
26530 2 1
26531 3 2
26532 3 1
26535 3 1
26540 2 1
26543 3 1
26548 3 1
26551 2 2
26551 3 1
26552 2 1
26552 3 1
26553 2 1
26554 3 1
26557 3 1
26559 2 1
26559 3 1
26560 2 1
26560 3 2
26561 2 1
26566 2 1
26566 3 1
26574 2 1
26575 2 1
26584 3 1
26586 2 1
26586 3 1
26590 3 1
26593 2 1
26594 3 1
26596 2 1
26596 3 2
26602 2 2
26603 2 1
26604 2 1
26608 3 1
26618 2 1
26618 3 1
26624 2 2
26624 3 1
26625 3 1
26627 3 1
26635 2 1
26636 2 2
26636 3 1
26639 3 1
26648 2 1
26649 2 1
26654 2 1
26654 3 1
26656 3 1
26660 3 1
26663 2 1
26663 3 1
26666 2 1
26666 3 1
26669 2 1
26670 2 2
26670 3 1
26671 2 1
26678 3 1
26680 2 1
26681 2 2
26681 3 1
26682 2 1
26685 3 1
26688 2 1
26688 3 2
26689 2 2
26689 3 1
26690 2 1
26691 3 1
26694 2 2
26695 2 1
26695 3 1
26696 2 1
26697 3 2
26702 2 1
26702 3 1
26703 2 2
26704 2 1
26704 3 1
26705 3 2
26712 2 1
26712 3 1
26713 2 1
26713 3 2
26714 2 2
26715 3 1
26717 2 1
26717 3 1
26719 3 1
26726 2 1
26727 2 1
26728 2 1
26736 2 1
26736 3 1
26737 2 1
26738 2 1
26739 2 1
26742 2 1
26746 3 1
26748 2 2
26749 2 1
26749 3 1
26752 2 1
26753 3 1
26757 3 1
26758 2 1
26759 3 2
26761 3 1
26763 2 1
26763 3 2
26764 2 2
26764 3 1
26765 2 1
26766 3 1
26769 2 1
26769 3 1
26772 2 1
26773 2 1
26773 3 2
26774 3 1
26779 2 1
26779 3 2
26780 2 1
26781 2 2
26782 3 1
26784 3 1
26789 2 1
26790 2 2
26791 2 1
26791 3 1
26792 2 1
26795 2 1
26796 2 1
26804 3 1
26808 2 1
26808 3 1
26809 2 2
26810 2 1
26810 3 1
26814 2 1
26814 3 1
26815 2 1
26815 3 2
26817 3 1
26820 3 1
26822 2 1
26822 3 1
26824 2 1
26825 3 2
26828 2 1
26829 3 2
26836 2 1
26837 3 1
26853 3 1
26854 3 2
26859 3 1
26861 3 1
26863 3 1
26865 2 1
26865 3 1
26866 2 1
26871 2 2
26871 3 1
26872 2 1
26872 3 1
26873 3 1
26886 2 1
26887 2 1
26900 2 1
26900 3 1
26901 2 2
26902 3 1
26913 2 1
26915 2 2
26915 3 1
26916 3 1
26918 2 1
26918 3 1
26931 3 1
26933 2 1
26933 3 2
26935 3 1
26937 2 1
26943 3 1
26947 3 1
26951 2 1
26951 3 1
26952 3 1
26955 2 1
26960 3 1
26961 2 1
26961 3 2
26962 2 2
26963 2 1
26963 3 1
26968 3 1
26970 3 1
26971 2 1
26972 3 2
26974 2 1
26974 3 1
26981 2 1
26981 3 2
26982 2 1
26983 2 1
26985 2 1
26986 2 1
26987 2 1
26988 2 2
26988 3 1
26989 2 1
26990 3 1
26992 2 1
26993 2 2
26993 3 1
26994 3 1
26996 2 1
26996 3 2
26997 3 1
27003 3 1
27011 2 1
27011 3 1
27023 2 2
27023 3 1
27024 3 1
27025 2 1
27036 2 1
27036 3 1
27039 2 1
27040 2 1
27043 3 1
27045 2 1
27045 3 1
27050 2 1
27050 3 1
27055 2 1
27055 3 1
27056 3 1
27059 2 1
27059 3 2
27060 2 2
27060 3 1
27061 2 1
27062 3 1
27064 3 1
27066 3 1
27068 3 1
27074 3 1
27079 3 1
27082 2 1
27083 3 1
27085 3 1
27089 2 1
27090 2 2
27090 3 1
27091 2 1
27092 3 1
27094 2 1
27094 3 2
27095 3 1
27098 2 1
27102 2 1
27102 3 1
27103 2 1
27104 3 1
27106 2 1
27106 3 1
27107 2 1
27107 3 2
27111 2 1
27112 3 1
27114 2 1
27117 2 1
27118 2 1
27119 2 1
27128 2 1
27129 2 2
27129 3 1
27130 2 1
27131 3 1
27135 2 1
27138 3 1
27141 2 1
27147 2 1
27147 3 1
27148 2 2
27149 2 2
27149 3 1
27150 2 1
27151 2 1
27156 2 1
27157 2 1
27175 3 1
27177 3 1
27180 2 1
27192 2 1
27193 2 2
27194 2 1
27194 3 1
27195 3 2
27200 3 1
27202 3 1
27205 2 1
27205 3 1
27206 2 1
27206 3 2
27207 2 1
27207 3 2
27208 2 2
27209 2 1
27209 3 1
27210 3 1
27212 2 1
27213 3 1
27215 3 1
27217 2 1
27218 2 1
27219 2 2
27219 3 1
27220 2 1
27226 2 1
27226 3 1
27227 2 1
27228 2 2
27229 3 1
27233 3 1
27235 3 1
27237 2 1
27238 3 1
27244 2 1
27245 2 2
27246 2 1
27246 3 1
27247 3 2
27249 2 1
27249 3 1
27251 2 2
27252 3 1
27256 2 1
27257 2 1
27257 3 2
27258 3 1
27265 3 1
27267 3 1
27270 2 1
27271 2 2
27272 2 1
27272 3 1
27273 2 1
27273 3 2
27274 3 2
27280 2 2
27280 3 1
27281 2 1
27281 3 1
27282 2 1
27296 2 1
27296 3 2
27297 3 1
27300 2 1
27301 3 2
27304 2 1
27304 3 1
27305 2 1
27306 2 2
27306 3 1
27307 3 1
27311 2 1
27312 2 1
27313 2 2
27314 3 1
27320 2 1
27321 2 1
27325 2 1
27325 3 1
27326 2 2
27326 3 1
27327 3 1
27329 2 1
27329 3 1
27330 3 1
27332 2 2
27332 3 1
27333 2 1
27334 2 1
27340 2 1
27347 2 1
27347 3 1
27350 2 1
27355 2 1
27356 2 2
27357 2 1
27357 3 1
27358 3 2
27370 2 1
27371 2 1
27377 2 1
27377 3 1
27378 2 1
27378 3 2
27381 2 1
27381 3 2
27382 2 2
27382 3 1
27383 2 1
27384 3 1
27389 2 1
27389 3 2
27390 3 1
27392 3 1
27394 3 1
27397 3 1
27399 3 1
27408 3 1
27410 3 1
27412 3 1
27415 2 1
27415 3 2
27416 2 1
27418 3 1
27420 2 1
27420 3 1
27421 3 1
27424 3 1
27426 3 1
27441 2 1
27443 3 1
27452 2 1
27453 2 2
27453 3 1
27455 2 1
27457 3 1
27459 3 1
27461 3 1
27463 3 1
27464 2 1
27465 2 1
27466 3 1
27471 2 1
27471 3 2
27472 2 1
27473 3 1
27476 2 1
27476 3 1
27479 2 1
27479 3 2
27480 2 1
27480 3 2
27481 2 2
27481 3 1
27482 2 1
27483 2 1
27484 3 1
27486 2 2
27486 3 1
27487 2 1
27488 3 1
27490 3 1
27492 3 1
27496 3 1
27498 3 1
27501 2 1
27502 2 2
27502 3 1
27503 3 1
27506 3 1
27510 3 1
27512 3 1
27515 2 1
27521 3 1
27523 2 1
27524 2 1
27525 2 2
27525 3 1
27528 2 1
27529 3 2
27534 2 1
27534 3 1
27539 2 1
27539 3 1
27540 3 1
27543 2 1
27549 2 1
27550 2 1
27551 2 1
27552 3 1
27554 3 1
27555 2 1
27555 3 2
27556 2 2
27556 3 1
27557 2 1
27558 3 2
27570 2 1
27570 3 1
27572 2 1
27573 2 1
27578 2 1
27578 3 1
27579 2 1
27583 2 1
27591 2 1
27591 3 2
27593 2 1
27594 3 1
27601 2 1
27601 3 1
27602 2 2
27603 2 2
27603 3 1
27604 3 1
27606 2 2
27606 3 1
27607 2 1
27608 2 1
27612 3 1
27614 2 1
27615 2 2
27615 3 1
27619 2 1
27619 3 1
27622 2 1
27627 3 1
27630 3 1
27632 3 1
27634 2 1
27634 3 2
27635 2 1
27638 2 1
27644 2 1
27651 3 1
27652 2 1
27653 2 2
27653 3 1
27654 2 1
27655 3 1
27657 2 1
27657 3 1
27658 2 1
27659 3 2
27661 3 1
27665 2 1
27665 3 1
27666 2 1
27669 3 1
27671 2 1
27672 3 1
27674 3 1
27676 2 1
27676 3 2
27678 3 1
27683 2 1
27684 2 1
27685 2 2
27686 2 1
27686 3 1
27689 3 1
27691 2 1
27691 3 1
27692 3 1
27695 2 1
27697 2 2
27698 3 1
27701 3 1
27703 2 1
27703 3 2
27704 3 1
27716 3 1
27718 3 1
27720 3 1
27727 2 1
27728 3 1
27730 2 1
27732 3 1
27735 2 1
27738 3 1
27740 3 1
27744 2 1
27745 2 1
27746 2 1
27747 2 1
27748 3 1
27750 2 1
27750 3 2
27751 2 1
27755 2 1
27755 3 1
27756 2 1
27757 2 1
27761 2 1
27765 3 1
27768 2 1
27769 2 2
27770 2 1
27770 3 1
27771 2 1
27772 2 1
27773 3 2
27775 3 1
27779 2 1
27785 2 1
27786 2 1
27789 2 1
27789 3 2
27790 2 1
27791 3 1
27793 3 1
27796 3 1
27798 3 1
27802 2 1
27802 3 2
27804 3 1
27806 2 1
27806 3 1
27807 2 1
27809 3 1
27811 3 1
27816 2 2
27816 3 1
27817 2 1
27820 3 1
27824 2 1
27824 3 1
27825 3 1
27829 2 1
27829 3 2
27830 2 2
27830 3 1
27831 2 1
27835 2 1
27835 3 1
27842 3 1
27844 2 1
27845 3 1
27847 3 1
27852 2 1
27852 3 1
27853 2 1
27857 3 1
27858 2 1
27859 3 1
27863 2 1
27863 3 1
27864 2 1
27865 2 1
27866 2 1
27866 3 2
27867 2 1
27867 3 2
27868 3 1
27876 2 1
27877 2 1
27880 2 1
27881 2 2
27882 2 1
27882 3 1
27883 3 2
27889 3 1
27892 2 1
27894 2 1
27902 3 1
27904 2 1
27905 3 1
27907 3 1
27909 2 1
27910 2 1
27911 3 1
27913 3 1
27915 3 1
27928 3 1
27930 3 1
27932 3 1
27934 3 1
27936 2 1
27936 3 1
27937 2 1
27937 3 2
27940 2 1
27940 3 1
27946 2 1
27947 3 1
27952 2 1
27953 3 1
27955 3 1
27963 3 1
27966 3 1
27968 2 2
27968 3 1
27969 2 1
27970 2 1
27970 3 2
27971 3 1
27973 2 1
27974 2 2
27975 3 1
27978 2 2
27978 3 1
27979 2 1
27979 3 1
27980 2 1
27990 3 1
27992 2 1
27993 3 2
27995 3 1
27997 2 1
28005 3 1
28009 3 1
28014 2 1
28014 3 1
28015 2 2
28016 2 1
28016 3 1
28017 3 2
28026 2 1
28027 3 1
28031 2 1
28039 3 1
28040 2 1
28041 2 2
28041 3 1
28042 2 1
28047 3 1
28050 2 1
28050 3 1
28051 2 2
28051 3 1
28052 2 1
28053 2 1
28053 3 2
28054 3 1
28060 3 1
28062 3 1
28065 2 1
28065 3 1
28066 3 1
28073 3 1
28075 3 1
28078 2 1
28078 3 1
28079 3 1
28081 2 1
28086 2 1
28086 3 2
28087 2 2
28087 3 1
28088 2 1
28089 2 1
28090 2 1
28091 3 1
28093 3 1
28095 3 1
28096 2 1
28096 3 2
28097 2 2
28098 2 1
28098 3 1
28099 3 1
28101 2 2
28101 3 1
28102 2 1
28103 3 1
28105 2 1
28105 3 1
28106 2 1
28107 3 2
28115 3 1
28117 3 1
28119 3 1
28122 2 1
28123 2 1
28129 3 1
28134 3 1
28137 2 1
28138 3 1
28140 3 1
28143 2 1
28143 3 1
28144 2 1
28144 3 2
28148 3 1
28153 3 1
28160 2 1
28161 3 1
28165 2 1
28165 3 1
28177 3 1
28178 2 1
28182 3 1
28184 2 1
28184 3 2
28185 3 1
28192 2 1
28193 2 1
28193 3 2
28194 3 1
28198 2 1
28198 3 1
28207 2 1
28208 2 2
28208 3 1
28209 3 1
28211 2 1
28211 3 2
28212 2 2
28212 3 1
28213 2 1
28214 3 1
28220 2 1
28221 2 1
28222 3 1
28224 2 2
28224 3 1
28225 2 1
28225 3 1
28234 2 1
28234 3 1
28237 2 2
28238 2 1
28238 3 1
28239 2 1
28240 3 2
28244 2 1
28247 2 1
28247 3 1
28248 2 2
28249 2 1
28249 3 1
28251 2 1
28255 2 1
28260 3 1
28261 3 2
28262 3 1
28265 3 1
28267 3 1
28270 2 1
28270 3 1
28271 2 1
28280 2 1
28280 3 2
28281 2 2
28281 3 1
28282 2 1
28283 2 1
28284 3 1
28291 3 1
28293 2 1
28293 3 2
28294 2 1
28295 3 1
28310 2 1
28310 3 1
28312 2 1
28315 2 1
28318 3 1
28326 2 1
28327 2 2
28328 3 1
28330 2 1
28330 3 1
28335 2 1
28335 3 1
28336 2 1
28337 3 2
28339 3 1
28342 2 2
28342 3 1
28343 2 1
28347 2 1
28348 3 1
28350 2 1
28351 2 2
28351 3 1
28352 3 1
28355 2 2
28355 3 1
28356 2 1
28357 3 1
28362 2 1
28362 3 1
28363 2 1
28363 3 2
28364 3 2
28372 2 1
28373 3 1
28375 2 2
28375 3 1
28376 2 1
28384 2 1
28384 3 1
28385 2 1
28387 3 1
28391 2 1
28392 3 2
28394 3 1
28396 2 1
28396 3 2
28397 2 1
28398 3 1
28402 2 1
28402 3 1
28403 2 1
28403 3 2
28415 2 2
28416 2 1
28416 3 1
28420 2 1
28421 3 1
28424 2 1
28424 3 1
28430 3 1
28433 2 1
28433 3 1
28434 2 1
28435 2 1
28440 2 1
28440 3 1
28449 3 1
28450 2 1
28451 2 1
28457 2 1
28457 3 1
28458 2 2
28458 3 1
28459 2 1
28460 2 1
28464 2 1
28464 3 1
28467 2 1
28468 3 1
28470 2 1
28470 3 1
28477 3 1
28482 2 1
28482 3 2
28483 3 1
28485 2 1
28485 3 2
28486 2 2
28487 2 1
28487 3 1
28491 3 1
28493 2 1
28493 3 1
28496 3 2
28497 3 1
28499 3 1
28501 2 1
28502 3 2
28510 2 1
28513 3 1
28514 2 1
28515 3 2
28517 2 1
28517 3 1
28518 3 1
28523 2 1
28523 3 1
28526 3 1
28537 2 1
28538 2 1
28542 2 1
28547 3 1
28556 2 1
28557 2 1
28558 3 2
28561 2 1
28569 2 1
28570 3 1
28572 3 1
28577 2 1
28577 3 1
28578 2 1
28585 2 1
28586 2 1
28587 2 2
28589 2 2
28590 3 1
28592 3 1
28595 2 1
28600 2 1
28602 3 2
28603 3 1
28605 2 1
28609 2 1
28609 3 1
28610 2 1
28611 2 1
28614 2 1
28614 3 1
28615 2 2
28615 3 1
28616 2 1
28621 3 1
28623 3 1
28625 3 1
28628 2 1
28631 2 1
28631 3 1
28639 2 1
28640 2 1
28641 2 1
28642 3 1
28644 2 1
28644 3 1
28647 2 1
28648 3 1
28650 2 1
28659 2 1
28664 2 1
28665 2 1
28667 3 1
28669 2 1
28669 3 1
28672 2 1
28673 3 1
28676 2 1
28677 3 1
28679 2 1
28686 2 2
28687 2 1
28687 3 1
28690 2 2
28690 3 1
28691 3 1
28692 2 1
28698 3 1
28701 3 1
28703 2 1
28703 3 1
28705 3 1
28708 2 1
28709 2 1
28710 3 2
28714 3 1
28715 2 1
28716 2 1
28717 2 2
28719 2 2
28720 2 1
28720 3 1
28721 2 1
28725 2 1
28729 3 1
28731 2 1
28732 2 1
28733 2 1
28734 2 2
28735 3 1
28738 3 1
28739 2 1
28740 2 2
28740 3 1
28741 3 1
28745 3 1
28747 3 1
28752 3 1
28753 2 1
28757 3 1
28758 2 1
28758 3 2
28759 2 1
28760 2 2
28761 2 1
28761 3 1
28762 3 1
28766 2 1
28767 2 2
28767 3 1
28768 2 1
28769 2 1
28770 3 2
28773 2 1
28773 3 1
28776 2 1
28776 3 2
28777 3 1
28779 2 1
28779 3 1
28786 3 2
28787 3 1
28790 3 1
28792 2 1
28792 3 1
28793 2 1
28794 2 2
28795 3 1
28797 3 1
28798 2 1
28803 2 1
28804 2 1
28805 2 1
28806 3 1
28817 2 1
28817 3 1
28818 3 1
28820 3 1
28828 2 1
28828 3 1
28835 2 1
28835 3 1
28836 3 1
28839 3 1
28840 3 2
28849 2 1
28849 3 2
28850 2 1
28852 2 1
28859 2 1
28860 2 1
28865 3 1
28866 2 1
28869 2 1
28870 2 1
28870 3 2
28871 3 1
28879 2 1
28879 3 1
28886 3 1
28890 2 1
28890 3 1
28891 2 2
28892 3 1
28897 2 1
28900 3 1
28903 2 1
28904 3 1
28908 3 1
28911 3 1
28919 3 1
28921 3 1
28925 2 1
28926 3 1
28928 3 1
28929 2 1
28945 2 1
28946 2 2
28947 3 1
28949 2 2
28957 3 1
28958 3 2
28960 3 1
28963 2 1
28967 2 1
28968 3 2
28971 2 1
28971 3 1
28972 2 1
28973 3 1
28975 3 1
28977 2 1
28977 3 1
28978 3 2
28980 3 1
28983 2 1
28985 3 1
28987 2 1
28987 3 1
28988 2 1
28988 3 2
28989 2 1
28989 3 2
28990 2 1
28990 3 2
28995 3 1
28996 2 1
28999 3 1
29002 3 1
29004 2 1
29004 3 1
29013 2 1
29014 2 1
29017 2 1
29018 2 2
29019 2 1
29019 3 1
29024 3 1
29026 2 1
29026 3 1
29027 2 1
29028 2 1
29034 2 1
29035 3 1
29038 2 2
29038 3 1
29039 2 1
29040 2 1
29042 3 1
29044 3 1
29047 2 1
29047 3 1
29049 2 1
29052 2 1
29052 3 1
29053 2 1
29053 3 2
29054 3 2
29063 2 1
29063 3 1
29066 2 1
29066 3 1
29069 3 1
29073 2 1
29076 3 1
29077 2 1
29078 2 1
29078 3 2
29079 3 1
29083 3 1
29090 2 1
29090 3 1
29091 2 1
29091 3 2
29093 2 1
29094 2 2
29095 3 1
29097 2 1
29101 3 1
29104 2 1
29104 3 1
29105 3 2
29107 3 1
29108 2 1
29109 3 1
29112 2 2
29112 3 1
29113 3 1
29116 2 1
29117 3 1
29119 3 1
29123 3 1
29124 2 1
29125 2 1
29126 3 1
29131 2 2
29132 2 1
29132 3 1
29133 2 1
29141 2 1
29141 3 1
29147 2 1
29147 3 1
29148 2 2
29149 2 1
29149 3 1
29155 2 1
29163 2 1
29163 3 2
29164 2 1
29166 2 1
29170 2 1
29172 3 1
29174 3 1
29177 2 1
29178 2 2
29178 3 1
29180 2 2
29181 2 1
29182 2 1
29182 3 2
29183 3 1
29185 2 1
29186 3 1
29188 2 1
29193 2 1
29194 3 1
29203 3 1
29205 3 1
29207 3 1
29219 2 1
29220 2 1
29221 3 2
29222 3 1
29224 2 1
29226 2 1
29231 2 1
29232 3 1
29234 2 1
29235 3 1
29237 3 1
29245 2 1
29245 3 1
29246 2 1
29246 3 2
29247 2 1
29247 3 2
29250 3 1
29252 3 1
29255 2 1
29256 2 2
29256 3 1
29257 2 1
29260 3 1
29262 3 1
29264 2 1
29265 2 1
29266 2 1
29266 3 2
29267 3 1
29271 2 1
29271 3 1
29275 2 1
29275 3 1
29287 2 1
29299 2 1
29303 3 1
29308 2 1
29308 3 1
29309 3 1
29313 2 1
29314 2 1
29315 3 2
29323 2 1
29323 3 1
29324 2 2
29329 2 1
29330 2 1
29331 2 1
29332 2 2
29332 3 1
29336 3 1
29339 2 1
29342 2 1
29342 3 1
29343 3 2
29346 2 1
29347 2 1
29350 3 1
29353 3 1
29355 2 1
29355 3 1
29358 2 1
29358 3 1
29359 2 1
29367 2 1
29372 2 1
29373 3 1
29375 3 1
29377 2 2
29377 3 1
29378 3 1
29381 2 1
29381 3 2
29382 2 1
29386 2 1
29386 3 2
29387 2 1
29388 2 1
29389 2 2
29390 3 1
29394 3 1
29396 2 1
29398 3 1
29399 2 1
29400 3 2
29404 2 1
29405 3 1
29407 3 1
29408 2 1
29409 3 2
29411 3 1
29414 3 1
29416 3 1
29418 3 1
29421 2 1
29421 3 1
29422 2 1
29422 3 2
29423 2 1
29436 2 1
29436 3 1
29438 2 1
29439 2 1
29440 3 1
29449 3 1
29452 2 1
29453 3 1
29455 2 1
29455 3 2
29457 3 1
29459 2 1
29459 3 1
29463 2 1
29463 3 2
29464 3 1
29468 3 1
29476 2 1
29477 3 1
29481 2 1
29482 2 2
29483 2 1
29483 3 1
29484 3 2
29488 2 1
29489 2 1
29490 2 1
29496 3 1
29498 2 1
29498 3 1
29509 3 1
29512 3 1
29514 2 1
29515 3 1
29519 2 1
29519 3 1
29520 2 1
29521 2 2
29521 3 1
29522 2 1
29523 2 1
29523 3 2
29524 3 1
29527 2 1
29527 3 2
29528 2 1
29529 2 2
29530 2 1
29530 3 1
29535 3 1
29536 2 1
29536 3 2
29539 3 1
29543 2 1
29543 3 1
29547 2 1
29547 3 1
29548 3 2
29550 2 1
29550 3 1
29551 2 2
29551 3 1
29552 3 1
29555 2 1
29555 3 1
29564 2 2
29564 3 1
29567 2 1
29568 3 1
29570 2 1
29570 3 1
29575 3 1
29577 3 1
29578 2 1
29583 2 1
29583 3 1
29584 2 1
29585 2 2
29586 3 1
29588 2 1
29588 3 1
29590 3 1
29592 2 1
29592 3 1
29593 2 1
29595 2 1
29598 2 1
29602 3 1
29603 2 1
29604 2 1
29604 3 2
29605 3 1
29609 2 1
29611 3 1
29613 2 1
29616 3 1
29620 2 1
29621 3 1
29625 3 1
29626 2 1
29626 3 2
29629 2 1
29629 3 1
29632 3 1
29635 3 1
29650 2 1
29654 2 1
29654 3 2
29657 2 1
29657 3 1
29658 3 1
29660 3 1
29661 2 1
29662 2 1
29662 3 2
29663 3 1
29667 2 1
29668 2 1
29670 2 1
29675 3 1
29677 2 1
29677 3 1
29679 2 1
29683 2 1
29686 2 1
29686 3 1
29687 2 1
29687 3 2
29691 3 1
29693 3 1
29696 2 1
29697 2 2
29697 3 1
29698 2 1
29699 3 1
29702 2 1
29702 3 1
29704 3 1
29706 3 1
29710 2 1
29711 2 1
29712 2 1
29717 3 1
29719 3 1
29720 2 1
29721 3 1
29724 2 2
29725 2 1
29725 3 1
29731 2 1
29732 3 1
29734 2 1
29739 2 1
29739 3 1
29745 2 1
29758 3 1
29760 2 1
29761 2 1
29762 2 1
29764 3 1
29773 2 1
29774 2 2
29774 3 1
29775 3 1
29777 2 1
29777 3 1
29778 2 1
29778 3 2
29779 2 1
29779 3 2
29780 3 1
29785 2 1
29785 3 1
29786 3 2
29789 3 1
29798 3 1
29800 2 1
29800 3 1
29801 2 2
29802 2 1
29802 3 1
29803 2 1
29804 3 1
29810 3 1
29812 2 1
29813 3 1
29816 2 1
29816 3 2
29817 2 1
29818 3 1
29820 3 1
29825 2 1
29826 2 1
29827 2 2
29828 2 2
29828 3 1
29829 3 1
29831 2 1
29831 3 1
29832 3 2
29834 3 1
29835 3 2
29841 2 1
29843 3 1
29845 3 1
29851 2 1
29852 2 2
29853 2 1
29853 3 1
29854 3 2
29856 3 1
29857 2 1
29858 2 1
29859 2 2
29859 3 1
29860 3 1
29863 2 1
29867 3 1
29869 3 1
29881 2 1
29881 3 1
29882 2 2
29883 2 1
29883 3 1
29884 2 1
29885 3 1
29888 2 1
29889 3 1
29891 3 1
29892 2 1
29893 2 2
29894 2 1
29894 3 1
29900 2 1
29900 3 1
29901 2 2
29901 3 1
29902 2 1
29903 3 1
29905 2 1
29905 3 1
29906 3 2
29910 2 1
29911 2 1
29912 3 2
29917 2 1
29917 3 1
29918 2 1
29918 3 2
29919 2 1
29919 3 2
29920 2 1
29920 3 2
29921 2 1
29921 3 2
29923 3 1
29925 2 1
29926 3 1
29930 2 1
29931 3 1
29934 2 2
29934 3 1
29936 2 1
29939 2 1
29939 3 1
29940 2 2
29941 2 1
29941 3 1
29942 2 1
29942 3 2
29943 3 1
29951 2 1
29951 3 1
29952 3 2
29963 2 1
29964 3 1
29968 2 1
29969 2 2
29969 3 1
29970 2 1
29971 2 1
29976 3 1
29979 3 1
29981 3 1
29983 2 1
29983 3 2
29985 3 1
29998 3 1
30000 3 1
30001 2 1
30005 3 1
30008 2 2
30008 3 1
30009 2 1
30010 3 1
30012 3 1
30013 2 1
30014 3 1
30018 2 1
30018 3 2
30019 2 1
30019 3 2
30020 2 1
30020 3 2
30021 3 1
30034 2 1
30041 2 1
30042 3 1
30047 2 1
30048 3 1
30051 2 1
30055 3 1
30056 2 1
30057 2 2
30058 2 1
30058 3 1
30059 2 1
30060 3 1
30062 2 1
30062 3 2
30063 2 1
30063 3 2
30064 3 1
30066 2 1
30067 2 1
30068 2 1
30073 3 1
30076 2 1
30079 3 1
30081 2 1
30082 3 1
30087 3 1
30090 3 1
30092 2 1
30092 3 1
30093 3 1
30096 2 1
30099 2 1
30099 3 1
30100 2 1
30101 3 2
30102 3 1
30105 2 1
30105 3 2
30108 2 1
30108 3 2
30109 2 1
30109 3 2
30110 2 2
30110 3 1
30111 2 1
30112 3 1
30114 3 1
30115 2 1
30116 3 1
30124 3 1
30128 3 1
30132 2 1
30136 2 2
30136 3 1
30137 3 1
30141 3 1
30146 3 1
30150 2 1
30151 2 1
30160 3 1
30162 2 2
30162 3 1
30163 2 1
30163 3 1
30164 3 1
30166 2 1
30175 2 1
30176 2 1
30177 2 2
30178 3 1
30180 3 1
30182 2 1
30183 2 1
30184 2 1
30189 2 1
30189 3 1
30190 2 1
30191 3 1
30194 2 2
30194 3 1
30195 2 1
30195 3 1
30196 2 1
30197 2 1
30198 3 1
30200 2 1
30200 3 2
30203 2 2
30204 2 1
30204 3 1
30207 2 2
30208 2 1
30209 3 1
30215 2 1
30215 3 1
30218 2 2
30218 3 1
30219 2 1
30219 3 1
30225 2 1
30226 3 1
30228 2 1
30228 3 2
30229 2 1
30230 2 2
30230 3 1
30237 2 1
30238 3 1
30241 3 1
30243 2 1
30243 3 1
30244 3 1
30246 3 1
30249 3 1
30251 2 1
30252 2 2
30252 3 1
30253 2 1
30254 3 1
30256 2 1
30256 3 2
30257 2 2
30257 3 1
30258 2 1
30259 2 1
30260 3 1
30262 2 1
30264 2 1
30265 3 1
30269 2 1
30269 3 1
30270 2 1
30270 3 2
30273 2 1
30274 2 2
30274 3 1
30280 2 1
30280 3 1
30281 2 1
30281 3 2
30282 2 2
30283 3 1
30284 2 1
30287 2 1
30288 2 1
30292 2 1
30294 2 1
30295 2 1
30296 2 1
30297 2 1
30300 2 1
30300 3 1
30309 3 1
30311 3 1
30320 2 1
30321 2 1
30323 3 1
30325 2 1
30326 2 1
30327 3 1
30331 3 1
30333 3 1
30335 3 1
30337 2 1
30340 2 1
30347 3 1
30349 2 2
30349 3 1
30350 3 1
30356 2 1
30356 3 2
30357 3 1
30359 3 1
30366 2 1
30369 2 2
30369 3 1
30370 2 2
30370 3 1
30371 2 1
30371 3 1
30373 3 1
30376 3 1
30378 2 1
30378 3 1
30379 2 2
30380 2 1
30380 3 1
30381 2 1
30381 3 2
30382 3 1
30384 2 1
30384 3 1
30385 2 1
30386 2 1
30390 2 1
30393 2 1
30399 2 2
30400 2 1
30400 3 1
30405 3 1
30407 3 1
30409 3 1
30413 2 1
30413 3 2
30414 2 2
30415 2 1
30415 3 1
30416 3 1
30429 3 1
30431 3 1
30437 3 1
30439 2 2
30439 3 1
30440 2 2
30440 3 1
30441 2 1
30442 3 1
30444 3 1
30445 2 1
30446 2 1
30447 2 1
30452 3 1
30455 2 1
30456 2 2
30456 3 1
30457 3 1
30468 3 1
30471 2 1
30475 2 1
30476 2 1
30477 3 1
30479 3 1
30480 2 1
30486 2 1
30495 2 2
30495 3 1
30496 3 1
30502 2 2
30502 3 1
30503 2 1
30504 2 1
30504 3 2
30505 3 1
30507 2 1
30510 2 2
30511 2 1
30511 3 1
30518 3 1
30520 2 2
30520 3 1
30521 2 1
30525 2 1
30525 3 1
30529 3 1
30537 3 1
30542 2 1
30543 3 1
30546 2 1
30549 3 1
30551 2 1
30554 2 1
30555 3 1
30557 2 1
30558 3 1
30560 3 1
30567 2 1
30567 3 1
30569 3 1
30577 3 1
30579 3 1
30580 2 1
30581 2 1
30582 3 1
30584 3 1
30585 2 1
30588 2 1
30589 2 1
30590 3 1
30595 2 1
30595 3 1
30597 3 1
30600 2 1
30601 3 1
30611 2 1
30615 3 1
30617 3 1
30623 2 1
30623 3 1
30626 2 1
30631 2 1
30632 2 1
30636 3 1
30638 3 1
30639 2 1
30640 2 1
30643 3 1
30646 2 2
30646 3 1
30647 2 1
30651 2 1
30652 2 1
30653 3 2
30655 3 1
30657 2 2
30657 3 1
30658 2 1
30658 3 1
30661 3 1
30671 3 1
30676 2 1
30679 2 1
30679 3 1
30680 2 1
30680 3 2
30686 2 2
30686 3 1
30687 2 1
30687 3 1
30688 2 1
30689 2 1
30689 3 2
30690 3 1
30692 2 2
30692 3 1
30693 2 1
30694 2 1
30694 3 2
30695 3 2
30708 3 1
30714 3 1
30716 2 1
30719 2 1
30726 3 1
30728 2 1
30729 2 2
30730 2 1
30730 3 1
30731 3 1
30733 2 1
30738 2 1
30738 3 1
30742 3 2
30743 3 1
30745 3 1
30755 2 1
30759 2 1
30759 3 1
30761 3 1
30764 3 1
30766 3 1
30772 2 2
30772 3 1
30773 2 1
30774 2 1
30774 3 2
30775 3 1
30777 3 1
30778 2 1
30779 3 2
30781 2 1
30781 3 1
30786 3 1
30787 2 1
30788 3 2
30791 3 1
30792 2 1
30792 3 2
30793 2 1
30794 2 2
30794 3 1
30795 3 1
30797 3 1
30799 3 1
30800 2 1
30806 2 1
30811 2 1
30812 3 1
30814 2 1
30815 2 1
30815 3 2
30816 3 1
30820 3 1
30824 3 1
30825 2 1
30832 2 1
30832 3 2
30833 3 1
30835 2 1
30836 2 1
30837 3 2
30842 2 1
30842 3 1
30843 2 2
30843 3 1
30844 3 1
30846 3 1
30849 2 1
30849 3 1
30850 2 1
30851 3 1
30854 2 1
30860 2 1
30868 2 1
30869 3 1
30872 3 1
30875 2 1
30876 3 1
30878 2 1
30879 3 1
30881 3 1
30892 3 1
30894 3 1
30896 2 1
30896 3 1
30897 2 1
30898 2 1
30910 3 1
30912 2 1
30913 2 2
30914 2 1
30914 3 1
30920 2 1
30930 2 1
30930 3 1
30934 2 2
30934 3 1
30935 3 1
30938 3 1
30940 2 1
30940 3 1
30941 2 1
30942 2 1
30944 3 1
30947 2 1
30947 3 1
30956 2 1
30961 2 1
30962 2 2
30962 3 1
30963 2 1
30966 2 1
30966 3 1
30967 2 2
30968 2 1
30968 3 1
30969 3 2
30971 2 1
30971 3 1
30972 2 1
30974 3 1
30977 3 1
30979 3 1
30984 2 1
30989 2 1
30990 2 1
30997 3 1
30998 2 1
31000 2 1
31001 2 1
31002 2 2
31002 3 1
31003 3 1
31007 2 2
31007 3 1
31008 2 1
31009 3 1
31013 2 1
31013 3 1
31019 2 1
31019 3 1
31022 3 1
31025 2 1
31025 3 1
31029 2 1
31030 2 1
31032 3 1
31036 3 1
31043 2 1
31049 3 1
31051 2 1
31051 3 1
31052 2 2
31053 2 1
31053 3 1
31054 3 2
31056 2 1
31056 3 1
31062 2 1
31062 3 1
31065 2 1
31065 3 1
31066 2 1
31067 2 2
31067 3 1
31068 2 1
31069 3 1
31071 2 1
31075 2 1
31078 3 1
31079 2 1
31080 2 1
31080 3 2
31081 2 1
31081 3 2
31082 3 1
31084 3 1
31092 2 1
31092 3 1
31097 2 1
31097 3 2
31098 3 1
31101 3 1
31108 2 1
31108 3 1
31109 2 1
31110 3 2
31114 2 1
31114 3 1
31118 2 1
31119 2 2
31120 2 2
31120 3 1
31121 3 1
31128 2 1
31128 3 2
31129 2 1
31129 3 2
31130 3 1
31134 2 1
31135 2 1
31137 3 1
31139 2 1
31139 3 1
31143 2 1
31145 2 2
31145 3 1
31146 2 1
31156 2 1
31156 3 2
31157 2 2
31157 3 1
31158 2 1
31165 2 1
31166 3 1
31169 3 1
31171 3 1
31173 3 1
31176 3 1
31177 2 1
31178 2 1
31178 3 2
31179 2 1
31179 3 2
31180 2 1
31180 3 2
31181 3 1
31185 2 1
31186 2 2
31186 3 1
31187 2 1
31189 3 1
31191 3 1
31193 2 1
31193 3 1
31194 2 1
31194 3 2
31195 2 1
31195 3 2
31196 3 1
31198 3 1
31200 2 1
31201 3 1
31204 3 1
31205 2 1
31211 2 2
31211 3 1
31212 2 1
31213 3 1
31215 2 1
31221 2 1
31222 3 1
31224 3 1
31226 2 1
31226 3 1
31242 2 1
31242 3 1
31245 2 1
31246 2 1
31247 2 1
31251 2 1
31253 2 1
31254 2 2
31255 2 1
31255 3 1
31256 3 2
31259 3 1
31261 3 1
31263 2 1
31263 3 1
31265 3 1
31270 2 1
31270 3 1
31271 2 1
31271 3 2
31272 2 1
31273 2 1
31279 2 1
31279 3 2
31283 2 1
31283 3 1
31284 3 2
31286 2 1
31287 2 1
31288 3 1
31295 2 1
31299 3 1
31306 3 1
31310 2 1
31311 2 1
31312 2 1
31313 2 2
31314 2 1
31314 3 1
31318 3 1
31322 3 1
31323 2 1
31324 3 1
31326 3 1
31328 3 1
31332 2 1
31333 2 2
31336 2 1
31337 3 1
31339 3 1
31342 3 1
31344 3 1
31346 2 1
31347 3 1
31350 2 1
31350 3 1
31352 3 1
31354 2 1
31354 3 1
31357 2 1
31357 3 1
31358 2 1
31359 2 2
31360 2 1
31360 3 1
31368 2 1
31373 2 1
31373 3 1
31374 2 1
31375 3 2
31377 2 1
31377 3 1
31378 2 2
31379 2 1
31379 3 1
31380 2 1
31381 2 1
31382 3 1
31384 2 1
31384 3 1
31385 3 2
31387 2 1
31387 3 1
31388 2 1
31389 3 1
31397 2 1
31398 2 2
31399 2 1
31399 3 1
31404 2 1
31405 2 1
31406 2 1
31407 3 2
31414 2 1
31415 2 2
31415 3 1
31419 3 2
31420 3 1
31422 3 1
31424 3 1
31427 2 1
31430 2 2
31431 2 1
31431 3 1
31432 2 1
31445 2 1
31448 2 1
31449 2 1
31452 2 1
31452 3 1
31453 3 2
31455 2 1
31455 3 1
31456 2 1
31457 2 2
31457 3 1
31458 3 1
31466 3 1
31468 2 1
31468 3 2
31469 2 2
31469 3 1
31470 2 1
31472 3 1
31475 3 1
31486 2 1
31487 2 1
31488 3 2
31490 2 1
31491 3 1
31496 2 1
31496 3 1
31497 3 1
31499 2 1
31500 2 1
31506 2 1
31507 2 1
31508 3 1
31510 2 1
31510 3 1
31512 3 1
31515 3 1
31516 2 1
31516 3 2
31517 2 1
31518 2 2
31518 3 1
31519 3 1
31532 2 1
31533 2 1
31534 3 1
31536 3 1
31539 2 1
31542 2 1
31543 2 1
31544 3 1
31547 2 1
31548 3 1
31553 3 1
31554 2 1
31555 2 1
31556 3 1
31560 2 1
31560 3 2
31561 2 1
31562 3 1
31566 2 1
31571 3 2
31572 3 1
31575 2 1
31575 3 1
31579 3 1
31582 2 1
31585 2 1
31585 3 1
31587 3 1
31594 2 1
31595 2 2
31596 2 1
31596 3 1
31597 3 1
31599 3 1
31601 3 1
31603 3 1
31605 3 1
31607 3 1
31609 3 1
31611 3 1
31613 2 2
31618 2 1
31618 3 1
31621 2 1
31621 3 2
31622 3 1
31624 2 1
31625 3 1
31627 3 1
31629 3 1
31631 3 1
31634 3 1
31637 3 1
31639 2 1
31639 3 1
31640 2 1
31640 3 2
31641 2 1
31643 3 1
31645 3 1
31648 2 1
31648 3 1
31649 2 1
31649 3 2
31650 3 2
31652 2 1
31652 3 1
31656 3 1
31659 3 1
31661 2 1
31662 2 1
31663 2 2
31663 3 1
31664 3 1
31666 2 1
31667 2 2
31667 3 1
31672 2 1
31673 3 1
31681 3 1
31684 2 1
31684 3 1
31685 2 1
31687 3 1
31688 2 1
31689 2 1
31689 3 2
31690 3 1
31692 2 1
31694 3 1
31696 2 1
31696 3 1
31697 2 2
31698 2 1
31698 3 1
31701 2 2
31701 3 1
31702 3 1
31704 3 1
31706 3 1
31707 2 1
31708 3 2
31710 3 1
31711 2 1
31712 3 1
31715 2 1
31715 3 1
31729 2 1
31729 3 2
31730 2 1
31734 2 1
31740 2 1
31741 2 1
31742 2 2
31742 3 1
31743 2 1
31748 3 1
31750 3 1
31752 3 1
31754 2 1
31754 3 1
31759 2 1
31765 2 1
31765 3 1
31766 3 1
31768 2 1
31769 2 1
31770 3 2
31771 3 1
31773 2 2
31773 3 1
31774 3 1
31779 2 1
31779 3 1
31782 3 1
31785 3 1
31787 3 1
31789 3 1
31792 2 1
31793 3 1
31795 2 1
31798 2 1
31798 3 1
31799 3 1
31802 2 1
31802 3 1
31803 2 1
31803 3 2
31804 2 1
31804 3 2
31805 2 1
31805 3 2
31806 2 1
31806 3 2
31807 2 1
31807 3 2
31808 3 1
31821 2 1
31821 3 2
31822 3 1
31825 2 1
31828 2 1
31829 2 1
31833 2 2
31833 3 1
31834 2 1
31834 3 1
31835 2 1
31836 2 1
31837 3 1
31839 3 1
31841 2 1
31841 3 1
31843 3 1
31848 2 1
31848 3 1
31851 2 1
31851 3 1
31856 2 2
31856 3 1
31857 3 1
31859 3 1
31861 2 1
31861 3 1
31864 2 1
31869 3 1
31873 2 2
31873 3 1
31874 2 1
31875 2 1
31878 2 2
31878 3 1
31879 2 1
31879 3 1
31882 2 1
31883 2 1
31886 3 1
31888 2 1
31890 2 1
31893 2 1
31894 2 1
31897 2 1
31897 3 1
31898 2 1
31902 2 1
31911 3 1
31913 2 1
31913 3 1
31916 2 1
31917 3 1
31920 3 1
31922 2 1
31923 3 1
31925 2 1
31925 3 2
31926 2 1
31927 2 1
31928 2 2
31928 3 1
31931 2 1
31932 2 1
31933 3 2
31935 2 1
31935 3 1
31940 2 1
31944 2 1
31950 3 1
31952 2 1
31952 3 1
31954 3 1
31958 2 1
31959 2 1
31964 3 1
31966 2 1
31966 3 1
31971 3 1
31973 3 1
31975 3 1
31978 2 1
31979 3 2
31982 2 1
31985 2 1
31985 3 1
31989 3 1
31991 2 1
31991 3 1
31992 2 2
31993 3 1
32000 2 1
32001 3 1
32003 2 1
32003 3 1
32004 2 1
32005 2 1
32006 3 1
32013 2 1
32013 3 1
32015 3 1
32019 3 1
32021 3 1
32023 2 1
32024 2 2
32024 3 1
32025 3 1
32027 2 1
32028 2 2
32028 3 1
32029 3 1
32036 3 1
32038 3 1
32039 2 1
32040 3 1
32042 2 2
32042 3 1
32043 3 1
32047 2 1
32047 3 1
32050 2 2
32050 3 1
32051 3 1
32054 2 1
32054 3 1
32059 3 1
32066 3 1
32070 3 1
32075 2 2
32075 3 1
32076 2 1
32077 3 1
32080 3 1
32081 2 1
32082 2 1
32083 2 1
32084 2 1
32085 2 2
32086 2 1
32086 3 1
32087 2 1
32087 3 2
32088 3 2
32094 2 1
32095 3 1
32097 2 1
32097 3 1
32098 2 1
32098 3 2
32099 3 2
32103 3 1
32105 3 1
32110 2 1
32111 3 2
32114 3 1
32116 2 1
32120 2 1
32121 3 1
32123 2 1
32123 3 1
32127 2 1
32127 3 1
32128 3 2
32133 2 2
32133 3 1
32134 3 1
32136 2 2
32136 3 1
32137 2 1
32137 3 1
32145 2 1
32146 2 2
32147 2 1
32147 3 1
32148 2 1
32148 3 2
32149 2 1
32149 3 2
32150 3 2
32155 2 1
32163 3 1
32173 2 1
32173 3 1
32180 3 1
32181 2 1
32182 2 2
32182 3 1
32185 2 1
32186 2 1
32187 2 2
32187 3 1
32188 3 1
32190 3 1
32195 2 1
32196 2 1
32201 2 1
32202 3 1
32205 2 1
32205 3 2
32207 3 1
32210 2 1
32210 3 1
32225 2 1
32225 3 2
32226 2 2
32226 3 1
32227 2 1
32228 2 1
32229 3 2
32232 2 1
32233 2 1
32234 3 1
32241 2 1
32246 2 1
32246 3 1
32247 2 1
32250 3 1
32252 2 1
32252 3 2
32253 3 1
32256 2 1
32256 3 1
32257 2 1
32259 3 1
32261 2 1
32261 3 1
32262 2 2
32270 2 1
32272 3 1
32298 3 1
32301 2 1
32301 3 2
32305 2 1
32305 3 2
32306 2 2
32307 2 1
32307 3 1
32310 3 1
32313 2 1
32313 3 2
32314 2 1
32317 2 1
32319 2 2
32323 2 1
32327 2 2
32327 3 1
32328 2 1
32329 3 1
32333 2 1
32333 3 2
32334 2 1
32334 3 2
32335 2 2
32335 3 1
32336 2 1
32337 2 1
32338 2 1
32341 3 1
32343 3 1
32345 2 1
32345 3 1
32346 2 1
32346 3 2
32351 2 1
32351 3 1
32352 3 2
32354 3 1
32356 3 1
32358 3 1
32363 2 1
32363 3 2
32364 2 1
32365 2 1
32374 2 1
32374 3 2
32375 2 1
32376 2 1
32377 3 1
32380 3 1
32383 2 1
32384 3 1
32388 2 1
32388 3 1
32389 3 1
32391 3 1
32394 3 1
32395 2 1
32396 3 1
32398 2 1
32398 3 2
32399 2 1
32400 2 2
32405 2 1
32406 3 1
32410 2 1
32413 2 1
32414 3 2
32416 2 1
32416 3 1
32417 2 1
32418 2 2
32418 3 1
32422 3 1
32424 2 1
32425 2 1
32427 2 1
32428 2 1
32429 3 1
32434 2 1
32434 3 1
32435 2 1
32436 3 1
32439 2 1
32439 3 1
32448 2 1
32448 3 1
32449 2 1
32453 2 1
32453 3 1
32454 2 1
32454 3 2
32455 2 1
32456 2 2
32456 3 1
32457 3 1
32459 2 1
32459 3 2
32464 2 1
32470 2 1
32472 3 1
32475 2 1
32475 3 1
32476 2 1
32478 2 2
32478 3 1
32479 2 1
32480 2 1
32480 3 2
32481 2 1
32481 3 2
32482 3 1
32484 3 1
32486 2 1
32486 3 1
32487 2 2
32488 3 1
32490 2 1
32491 3 1
32494 2 1
32494 3 1
32495 2 1
32496 2 1
32496 3 2
32497 3 1
32499 2 1
32499 3 1
32501 2 1
32502 2 1
32503 3 2
32506 2 1
32506 3 1
32507 2 1
32507 3 2
32509 3 1
32511 3 1
32514 3 1
32515 2 1
32516 2 1
32517 3 1
32519 3 1
32520 2 1
32521 3 1
32523 3 1
32528 2 1
32529 2 1
32533 3 1
32540 3 1
32542 2 1
32545 3 1
32549 2 1
32559 2 1
32567 2 1
32568 2 1
32573 2 1
32574 2 2
32574 3 1
32575 2 1
32576 2 1
32576 3 2
32577 2 1
32577 3 2
32578 3 1
32580 2 1
32580 3 1
32581 2 1
32582 3 1
32584 3 1
32587 2 1
32588 2 1
32588 3 2
32589 2 1
32589 3 2
32590 3 1
32600 3 1
32603 2 1
32603 3 1
32607 2 1
32609 2 1
32610 2 1
32611 2 1
32618 3 1
32620 3 1
32622 2 1
32623 3 1
32628 2 1
32629 2 1
32630 2 2
32630 3 1
32631 2 2
32631 3 1
32632 2 1
32632 3 1
32635 2 1
32638 2 1
32639 2 1
32639 3 2
32640 3 1
32649 2 1
32650 2 1
32651 3 1
32654 3 1
32658 2 1
32663 2 1
32663 3 1
32664 2 1
32665 2 2
32666 3 1
32673 2 1
32674 2 1
32674 3 2
32675 3 1
32678 3 1
32679 2 1
32680 2 1
32691 2 1
32691 3 1
32695 2 1
32695 3 2
32697 3 1
32699 2 1
32700 3 1
32706 2 1
32707 2 1
32708 3 1
32711 3 1
32724 2 1
32724 3 1
32725 3 2
32730 2 1
32731 3 1
32733 2 1
32733 3 2
32734 2 2
32735 2 1
32735 3 1
32736 3 1
32738 3 1
32739 2 1
32740 3 1
32743 2 1
32743 3 1
32747 3 1
32749 2 1
32750 2 1
32755 3 1
32757 2 1
32757 3 1
32758 2 1
32765 2 1
32767 2 2
32767 3 1
32768 2 1
32769 3 1
32771 3 1
32773 2 1
32773 3 1
32776 3 1
32780 2 1
32780 3 1
32781 2 1
32782 2 2
32782 3 1
32783 2 1
32784 3 1
32786 3 1
32789 2 1
32790 2 1
32795 2 1
32798 3 1
32800 2 1
32801 2 1
32802 3 1
32815 3 1
32817 2 1
32817 3 2
32819 3 1
32822 3 1
32836 3 1
32851 3 1
32853 2 1
32853 3 1
32854 2 1
32855 2 2
32856 2 1
32856 3 1
32857 3 2
32859 3 1
32861 2 1
32862 3 1
32865 2 1
32865 3 1
32866 2 1
32866 3 2
32867 2 2
32868 2 1
32868 3 1
32869 3 1
32874 3 1
32877 2 1
32900 2 1
32901 2 1
32901 3 2
32902 2 1
32902 3 2
32903 3 1
32907 2 2
32907 3 1
32908 2 1
32916 2 1
32917 2 2
32918 2 1
32918 3 1
32919 2 1
32920 3 1
32928 2 1
32929 3 1
32931 3 1
32933 2 1
32933 3 1
32935 3 1
32937 3 1
32938 2 1
32943 3 1
32945 3 1
32948 2 1
32949 3 1
32951 2 1
32951 3 1
32952 2 2
32953 2 1
32953 3 1
32958 3 1
32960 2 1
32961 3 1
32964 2 1
32964 3 1
32965 2 1
32966 2 1
32967 2 2
32967 3 1
32970 2 1
32971 2 1
32971 3 2
32972 3 1
32974 2 1
32975 3 1
32977 2 1
32978 3 1
32980 3 1
32981 2 1
32982 3 1
32985 2 1
32986 2 1
32987 2 1
32988 2 2
32989 2 1
32989 3 1
32997 2 1
32998 2 1
32998 3 2
32999 3 1
33004 2 1
33005 2 1
33006 3 1
33009 2 1
33010 3 1
33012 2 2
33012 3 1
33013 2 1
33014 2 1
33018 2 1
33019 2 1
33022 3 1
33023 2 1
33028 3 1
33029 2 1
33030 3 1
33032 2 1
33037 2 1
33037 3 1
33039 3 2
33040 3 1
33044 3 1
33046 2 1
33050 3 1
33053 3 1
33055 2 1
33055 3 1
33059 3 1
33062 2 1
33070 2 1
33070 3 1
33072 3 1
33075 2 1
33076 3 1
33079 3 1
33081 3 1
33082 2 1
33083 3 1
33085 2 1
33085 3 1
33086 2 1
33086 3 2
33091 2 1
33092 2 2
33093 2 1
33093 3 1
33094 3 1
33096 2 1
33097 3 1
33099 2 1
33113 2 1
33116 3 1
33121 2 1
33122 2 1
33122 3 2
33123 2 1
33123 3 2
33124 3 1
33133 2 1
33134 2 1
33135 2 2
33135 3 1
33136 2 1
33137 3 1
33140 2 1
33141 2 2
33141 3 1
33142 2 1
33143 3 1
33145 2 2
33145 3 1
33146 3 1
33148 2 1
33148 3 1
33150 2 1
33151 3 2
33157 2 1
33158 2 1
33159 2 2
33159 3 1
33160 3 1
33161 2 1
33162 3 1
33164 2 1
33164 3 1
33165 3 1
33170 2 1
33170 3 1
33171 2 1
33171 3 2
33174 2 1
33175 3 1
33178 2 1
33178 3 1
33179 2 1
33180 2 2
33181 2 1
33181 3 1
33182 2 1
33183 2 1
33187 2 1
33187 3 1
33188 2 1
33191 3 1
33193 3 1
33195 3 1
33197 3 1
33202 2 1
33203 2 1
33204 3 1
33206 3 1
33208 3 1
33210 3 1
33213 2 1
33221 2 1
33226 3 1
33228 3 1
33232 2 1
33232 3 2
33233 2 1
33233 3 2
33234 2 2
33234 3 1
33235 2 1
33241 3 1
33244 2 1
33244 3 2
33246 3 1
33248 2 1
33248 3 1
33252 2 1
33252 3 2
33253 3 1
33255 2 1
33259 2 1
33260 2 1
33260 3 2
33261 3 1
33275 2 1
33276 2 2
33277 2 1
33277 3 1
33280 3 2
33281 3 1
33283 3 1
33299 3 1
33304 2 1
33304 3 1
33307 3 1
33310 3 1
33311 2 1
33312 3 1
33314 3 1
33316 2 1
33316 3 1
33317 2 2
33318 2 1
33318 3 1
33319 2 1
33324 3 1
33325 2 1
33326 2 2
33326 3 1
33327 2 1
33328 3 1
33336 2 1
33339 3 1
33345 2 1
33345 3 1
33349 2 1
33349 3 2
33350 2 1
33350 3 2
33351 3 1
33358 3 1
33360 3 1
33362 2 1
33363 3 1
33365 3 1
33368 3 1
33370 2 2
33370 3 1
33371 2 1
33372 3 1
33374 2 1
33375 3 1
33384 2 1
33385 2 1
33388 2 1
33389 3 1
33391 3 1
33392 2 1
33399 2 1
33399 3 1
33400 2 1
33404 2 1
33404 3 1
33407 2 1
33408 3 1
33412 3 1
33414 2 1
33415 2 1
33420 3 1
33422 2 2
33422 3 1
33423 2 1
33428 2 1
33428 3 1
33429 2 1
33429 3 2
33431 2 1
33436 2 1
33436 3 2
33439 2 1
33439 3 2
33440 2 1
33440 3 2
33441 2 2
33441 3 2
33442 3 1
33444 2 1
33444 3 1
33445 2 1
33445 3 2
33446 2 2
33446 3 1
33447 2 1
33450 3 1
33452 2 1
33453 3 1
33455 3 1
33458 3 1
33462 2 1
33462 3 1
33466 3 1
33467 2 1
33470 3 1
33472 2 1
33473 2 2
33473 3 1
33474 2 2
33474 3 1
33475 2 1
33475 3 1
33479 3 1
33481 3 1
33487 2 1
33488 2 1
33489 3 2
33490 3 1
33492 2 1
33492 3 1
33494 2 1
33495 3 1
33503 2 1
33503 3 2
33504 2 2
33504 3 1
33505 2 1
33506 2 1
33508 2 1
33509 2 1
33510 2 1
33511 3 2
33513 3 1
33515 3 1
33518 2 1
33520 2 1
33521 3 1
33523 3 1
33525 3 1
33528 2 1
33528 3 1
33529 2 1
33533 3 1
33534 2 1
33535 3 1
33537 2 1
33537 3 1
33546 3 1
33550 3 1
33552 3 1
33554 3 1
33557 2 1
33557 3 1
33558 2 2
33559 2 1
33559 3 1
33560 3 2
33562 3 1
33566 2 1
33567 2 1
33568 3 1
33576 3 1
33580 2 1
33580 3 1
33584 2 2
33584 3 1
33585 2 1
33585 3 1
33586 2 1
33587 3 2
33593 3 1
33595 3 1
33597 3 1
33598 2 1
33599 3 1
33601 3 1
33603 3 1
33605 2 1
33606 2 1
33611 3 1
33614 3 1
33615 2 1
33616 3 2
33618 2 1
33618 3 1
33620 2 1
33621 2 2
33621 3 1
33624 2 2
33625 2 1
33625 3 1
33626 2 1
33627 2 1
33630 3 1
33633 2 1
33637 2 1
33637 3 2
33638 3 1
33640 2 2
33640 3 1
33641 2 1
33641 3 1
33645 3 1
33647 3 1
33649 2 1
33650 3 1
33668 3 1
33676 3 1
33679 2 1
33679 3 1
33680 2 1
33686 2 1
33687 2 1
33693 3 1
33694 3 2
33695 2 1
33697 2 2
33698 2 1
33698 3 1
33701 3 1
33702 2 1
33703 3 1
33705 2 1
33710 3 1
33711 2 1
33712 2 1
33713 3 1
33715 2 1
33715 3 1
33716 2 1
33717 2 1
33718 2 1
33721 2 1
33722 2 2
33722 3 1
33723 3 1
33725 3 1
33726 2 1
33726 3 2
33730 3 1
33732 2 1
33733 3 1
33735 2 1
33735 3 2
33736 2 1
33737 3 1
33743 3 1
33746 2 1
33746 3 1
33750 2 2
33750 3 1
33751 2 1
33752 3 2
33754 3 1
33755 2 1
33756 2 2
33757 2 1
33757 3 1
33758 3 2
33760 3 1
33761 3 2
33762 2 1
33763 3 1
33766 2 1
33766 3 1
33767 2 2
33768 2 1
33768 3 1
33769 3 2
33772 2 1
33775 2 2
33776 2 1
33776 3 1
33777 2 1
33788 2 1
33788 3 1
33789 2 1
33789 3 2
33792 3 1
33796 2 1
33797 2 2
33798 3 1
33800 3 1
33803 2 1
33804 2 1
33805 3 2
33808 2 1
33808 3 1
33812 2 1
33813 2 2
33813 3 1
33814 3 1
33822 2 1
33825 3 1
33826 2 1
33827 3 2
33829 2 2
33829 3 1
33830 2 1
33830 3 1
33833 2 1
33833 3 1
33836 2 1
33836 3 2
33837 2 1
33837 3 2
33838 2 2
33838 3 1
33839 2 1
33840 3 2
33841 3 1
33849 2 1
33850 3 1
33853 2 1
33854 2 1
33854 3 2
33855 3 1
33857 3 1
33861 2 1
33864 2 1
33864 3 1
33876 2 1
33877 2 1
33878 2 2
33879 2 1
33879 3 1
33880 3 2
33884 3 1
33887 2 1
33890 2 1
33890 3 1
33891 3 2
33893 2 1
33893 3 1
33898 2 1
33898 3 2
33900 3 1
33901 2 1
33907 3 1
33912 2 2
33913 2 1
33913 3 1
33914 2 1
33915 3 2
33917 2 1
33918 3 2
33920 2 1
33920 3 1
33921 2 1
33922 2 2
33923 2 1
33923 3 1
33924 3 2
33927 2 2
33927 3 1
33928 2 1
33928 3 1
33944 2 1
33947 2 1
33947 3 1
33952 2 1
33953 2 2
33954 2 1
33954 3 1
33955 2 1
33955 3 2
33956 3 2
33965 3 1
33966 2 1
33967 2 1
33968 3 1
33970 2 1
33971 3 1
33973 3 1
33974 2 1
33978 3 1
33980 2 1
33981 3 1
33985 2 1
33999 2 2
33999 3 1
34000 3 1
34002 2 1
34003 3 1
34007 3 1
34010 2 1
34011 2 1
34011 3 2
34012 3 1
34014 2 1
34015 2 2
34015 3 1
34022 2 1
34025 2 1
34025 3 1
34029 2 1
34029 3 1
34030 2 1
34034 2 1
34034 3 2
34035 2 1
34035 3 2
34036 2 2
34036 3 1
34037 2 1
34038 3 1
34040 3 1
34043 3 1
34045 2 1
34045 3 2
34046 2 1
34046 3 2
34047 3 1
34052 2 1
34055 3 1
34058 2 1
34059 3 1
34065 2 1
34066 3 1
34069 3 1
34072 2 1
34072 3 1
34074 2 2
34074 3 1
34075 3 1
34077 3 1
34082 2 1
34082 3 1
34083 2 1
34083 3 2
34084 2 1
34084 3 2
34085 2 2
34090 2 1
34090 3 2
34091 2 2
34092 2 1
34092 3 1
34093 3 1
34097 3 1
34099 3 1
34101 2 1
34101 3 1
34104 2 1
34104 3 1
34105 2 2
34105 3 1
34106 2 1
34110 3 1
34112 2 1
34112 3 1
34113 2 1
34114 2 1
34117 2 1
34117 3 1
34118 2 2
34119 2 1
34119 3 1
34127 2 1
34127 3 2
34128 2 1
34128 3 2
34129 3 1
34131 2 1
34131 3 1
34132 2 2
34133 2 1
34133 3 1
34134 3 2
34147 2 1
34148 2 1
34151 2 1
34151 3 2
34152 3 1
34158 2 1
34159 2 1
34168 2 1
34169 2 1
34170 2 2
34171 3 1
34172 2 1
34173 2 1
34173 3 2
34174 2 1
34174 3 2
34175 3 1
34177 3 1
34182 2 1
34182 3 1
34183 2 1
34187 2 1
34187 3 1
34189 2 1
34190 3 2
34192 2 1
34192 3 1
34193 3 1
34195 2 1
34195 3 1
34201 2 1
34202 3 1
34204 2 1
34205 3 2
34208 3 1
34211 3 1
34229 3 1
34231 2 1
34231 3 2
34232 2 1
34233 2 1
34234 3 1
34238 2 1
34238 3 1
34240 2 1
34245 3 1
34248 3 1
34250 3 1
34254 2 1
34254 3 1
34258 2 1
34258 3 2
34259 2 1
34261 3 1
34263 3 1
34264 2 1
34265 2 1
34266 2 1
34270 2 1
34271 2 1
34272 3 1
34274 2 1
34274 3 1
34275 2 1
34276 2 2
34277 3 1
34280 2 1
34281 2 1
34282 3 1
34284 3 1
34288 2 1
34288 3 1
34292 2 1
34297 3 1
34299 3 1
34305 2 1
34309 2 1
34309 3 1
34310 2 1
34311 2 1
34312 2 1
34313 3 2
34315 3 1
34317 2 1
34318 2 1
34321 2 1
34322 2 1
34323 2 1
34324 3 2
34326 2 1
34326 3 1
34328 3 1
34331 2 1
34331 3 1
34337 2 1
34338 3 1
34343 2 1
34344 3 1
34346 3 1
34349 3 1
34351 2 2
34351 3 1
34352 3 1
34357 2 1
34357 3 2
34358 2 2
34358 3 1
34359 2 1
34360 2 1
34360 3 2
34361 3 1
34363 3 1
34364 2 1
34366 2 1
34367 3 1
34369 2 2
34369 3 1
34370 3 1
34372 2 1
34372 3 1
34373 2 1
34376 3 1
34378 3 1
34381 2 2
34381 3 1
34382 3 1
34394 3 1
34403 2 1
34404 2 1
34405 2 1
34408 3 1
34412 2 1
34413 3 1
34416 2 1
34416 3 1
34417 2 1
34426 3 1
34427 2 1
34427 3 2
34428 2 1
34429 2 2
34430 2 1
34430 3 1
34431 2 1
34432 2 1
34435 3 1
34443 2 1
34443 3 1
34445 3 1
34448 3 1
34450 2 1
34450 3 1
34451 2 1
34454 2 1
34454 3 2
34455 3 1
34457 2 1
34457 3 1
34463 2 1
34463 3 1
34467 2 1
34467 3 1
34468 2 1
34469 2 2
34470 3 1
34474 2 2
34475 2 1
34475 3 1
34476 2 1
34482 2 1
34482 3 1
34484 2 1
34488 2 1
34500 2 1
34500 3 1
34506 2 1
34507 2 1
34507 3 2
34508 3 1
34511 2 1
34511 3 2
34512 2 1
34513 2 1
34518 3 1
34519 2 1
34520 3 1
34523 2 1
34524 2 1
34525 2 2
34526 2 1
34526 3 1
34527 3 2
34529 2 1
34529 3 1
34533 2 1
34533 3 1
34534 2 1
34535 3 1
34547 3 1
34554 3 1
34559 3 1
34562 2 1
34563 2 1
34574 3 1
34576 3 1
34579 3 1
34582 3 1
34584 2 1
34584 3 1
34590 2 1
34590 3 1
34591 2 1
34591 3 2
34601 2 1
34601 3 1
34605 2 1
34605 3 2
34606 2 1
34607 2 2
34607 3 1
34608 3 1
34610 2 1
34610 3 1
34611 2 1
34617 2 1
34617 3 1
34618 3 1
34621 2 1
34626 3 1
34628 2 1
34628 3 2
34629 2 2
34630 2 1
34630 3 1
34633 2 1
34634 2 1
34635 3 2
34637 2 1
34637 3 1
34640 3 1
34646 2 2
34646 3 1
34648 2 1
34657 2 1
34657 3 1
34658 2 2
34659 3 1
34664 3 1
34666 2 1
34667 3 1
34669 2 1
34669 3 1
34673 3 1
34680 3 1
34685 2 1
34686 2 1
34692 2 1
34692 3 1
34700 2 1
34701 3 1
34703 2 1
34704 3 1
34707 3 1
34715 2 1
34716 3 1
34720 3 1
34722 3 1
34730 2 1
34730 3 1
34731 2 1
34732 3 2
34736 3 1
34739 2 1
34739 3 1
34742 2 1
34742 3 1
34743 2 1
34743 3 2
34751 2 1
34754 3 1
34756 3 1
34758 2 1
34758 3 1
34759 2 2
34774 3 1
34775 2 1
34780 3 1
34781 2 1
34782 3 1
34784 2 1
34784 3 1
34787 2 1
34787 3 1
34788 3 1
34794 2 1
34794 3 1
34795 3 2
34798 2 1
34800 3 1
34803 2 1
34804 2 1
34810 3 1
34812 2 2
34812 3 1
34813 2 1
34813 3 1
34814 2 1
34817 3 1
34823 2 1
34824 2 2
34825 2 1
34825 3 1
34828 3 1
34830 2 1
34830 3 1
34833 2 1
34833 3 1
34834 2 1
34835 2 2
34835 3 1
34837 2 1
34839 3 1
34847 2 1
34847 3 1
34849 3 1
34851 2 1
34851 3 2
34852 2 2
34852 3 1
34853 2 1
34854 2 1
34855 2 1
34859 3 1
34863 2 1
34864 2 1
34865 3 1
34867 2 1
34868 3 1
34872 2 1
34872 3 1
34877 2 1
34877 3 1
34878 2 2
34879 3 1
34881 2 1
34882 3 1
34884 2 1
34885 2 2
34886 2 1
34886 3 1
34887 3 2
34893 2 1
34894 2 2
34895 3 1
34903 2 1
34904 2 1
34905 3 1
34907 3 1
34912 2 1
34912 3 1
34913 2 1
34916 2 1
34916 3 1
34917 3 2
34921 3 1
34923 2 2
34923 3 1
34924 2 1
34930 3 1
34931 3 2
34932 2 1
34933 2 2
34933 3 1
34934 3 1
34936 2 1
34937 3 1
34939 2 1
34939 3 1
34944 2 1
34949 2 1
34957 2 1
34957 3 2
34958 3 1
34969 3 1
34972 2 1
34972 3 1
34974 3 1
34978 2 1
34979 3 1
34981 2 1
34994 2 1
34995 3 1
34997 3 1
35000 2 1
35001 2 1
35005 2 1
35006 2 1
35007 3 2
35009 2 1
35009 3 1
35010 2 1
35010 3 2
35012 2 2
35012 3 1
35013 3 1
35015 2 1
35015 3 1
35019 2 1
35020 3 1
35023 2 1
35023 3 1
35024 3 2
35031 3 1
35033 2 1
35033 3 2
35034 2 1
35037 3 1
35038 2 1
35039 2 1
35040 2 1
35041 2 1
35041 3 2
35042 2 1
35042 3 2
35043 3 1
35047 2 1
35047 3 1
35048 2 1
35050 2 1
35053 3 1
35059 2 1
35064 2 2
35064 3 1
35065 2 1
35066 2 1
35067 2 1
35069 3 1
35073 2 1
35075 3 1
35077 2 1
35078 2 1
35079 3 1
35087 2 1
35087 3 2
35088 2 2
35088 3 1
35089 2 1
35095 2 1
35096 3 1
35098 3 1
35100 3 1
35104 2 1
35105 2 2
35106 2 1
35106 3 1
35110 3 1
35112 2 1
35112 3 2
35114 3 1
35116 3 1
35118 3 1
35119 2 1
35120 2 1
35120 3 2
35121 3 1
35124 3 1
35126 2 1
35127 2 1
35128 2 1
35136 2 1
35140 3 1
35142 3 1
35145 3 1
35148 2 1
35148 3 1
35151 3 1
35152 2 1
35152 3 2
35153 2 1
35156 2 1
35163 2 1
35164 2 1
35170 3 1
35172 2 1
35173 3 1
35175 2 1
35175 3 1
35177 3 1
35182 3 1
35195 2 1
35197 2 2
35197 3 1
35198 3 1
35200 2 1
35202 2 1
35203 3 1
35207 2 1
35208 3 1
35210 2 1
35210 3 2
35214 2 1
35214 3 2
35215 2 1
35216 2 2
35232 2 2
35233 2 1
35233 3 1
35234 2 1
35235 3 2
35239 2 1
35239 3 1
35246 3 1
35249 3 1
35251 2 1
35252 2 1
35252 3 2
35253 3 1
35256 3 1
35259 3 1
35261 3 1
35263 2 1
35263 3 1
35264 2 1
35265 2 1
35267 3 1
35280 3 1
35282 3 1
35284 2 1
35284 3 1
35285 2 2
35285 3 1
35286 2 1
35287 3 1
35289 2 1
35289 3 2
35290 2 2
35291 2 1
35291 3 1
35292 3 2
35294 2 1
35294 3 1
35295 3 1
35297 3 1
35300 2 1
35301 2 1
35304 2 1
35305 3 1
35309 2 1
35310 3 1
35313 2 1
35313 3 1
35318 2 1
35318 3 1
35319 2 1
35319 3 2
35320 2 2
35321 2 1
35321 3 1
35322 3 1
35324 3 1
35330 2 1
35337 3 1
35338 2 1
35350 3 1
35352 2 1
35353 3 1
35356 2 2
35356 3 1
35357 2 1
35357 3 1
35358 2 1
35363 2 1
35364 2 1
35368 2 1
35368 3 1
35369 2 1
35369 3 2
35370 2 1
35370 3 2
35373 2 2
35374 2 1
35374 3 1
35377 2 1
35378 2 1
35381 3 1
35383 3 1
35385 2 1
35385 3 1
35386 2 2
35386 3 1
35387 2 1
35388 2 1
35389 3 1
35391 2 1
35392 2 2
35392 3 1
35397 2 1
35397 3 1
35400 2 1
35400 3 1
35401 3 2
35414 3 1
35416 2 2
35416 3 1
35417 3 1
35419 2 1
35420 3 1
35422 3 1
35424 2 1
35424 3 1
35425 3 2
35428 2 1
35429 3 1
35435 3 1
35436 2 1
35437 3 1
35447 3 1
35450 2 1
35454 3 1
35457 2 1
35457 3 1
35458 2 1
35458 3 2
35461 3 1
35466 2 1
35467 3 1
35469 2 1
35469 3 1
35471 3 2
35472 3 1
35474 2 1
35482 2 1
35483 3 1
35486 2 1
35487 3 1
35489 2 1
35489 3 1
35490 2 1
35491 3 1
35503 2 1
35504 3 1
35509 2 1
35512 2 1
35512 3 1
35513 2 1
35514 2 1
35519 3 1
35523 3 1
35526 2 1
35526 3 2
35527 3 1
35529 2 1
35529 3 1
35530 2 2
35531 2 1
35531 3 1
35532 2 1
35536 3 1
35539 2 1
35544 3 1
35552 2 1
35554 2 1
35555 2 1
35559 2 1
35559 3 2
35560 2 1
35561 2 2
35562 3 1
35565 2 1
35566 3 1
35568 2 1
35568 3 2
35569 2 1
35570 2 2
35570 3 1
35571 2 2
35571 3 1
35572 3 1
35574 2 1
35575 2 1
35575 3 2
35576 3 1
35582 3 1
35584 2 1
35584 3 1
35590 3 1
35595 2 1
35596 3 1
35598 2 2
35598 3 1
35599 2 1
35600 2 1
35604 2 1
35604 3 1
35605 3 1
35608 3 1
35610 3 1
35612 2 1
35613 2 1
35616 3 1
35622 2 1
35626 2 1
35630 2 1
35630 3 2
35631 3 1
35633 2 1
35634 3 2
35643 2 1
35643 3 1
35644 2 2
35644 3 1
35645 2 1
35646 2 1
35647 3 1
35649 3 1
35650 2 1
35658 3 1
35661 2 1
35662 2 2
35663 3 1
35666 3 1
35669 2 1
35672 2 1
35677 2 1
35677 3 2
35678 2 1
35679 3 1
35681 2 1
35681 3 1
35682 3 1
35691 3 1
35693 2 2
35693 3 1
35694 3 1
35701 2 1
35702 2 1
35703 2 1
35704 3 1
35708 2 1
35709 2 1
35709 3 2
35710 3 1
35712 3 1
35714 2 2
35714 3 1
35715 2 1
35715 3 1
35716 2 1
35721 2 1
35722 2 1
35723 2 1
35724 2 2
35725 2 1
35725 3 1
35726 3 1
35730 2 1
35734 2 1
35735 3 1
35737 2 1
35737 3 1
35740 3 1
35742 3 1
35744 2 1
35745 2 1
35746 3 2
35748 2 1
35748 3 1
35756 2 1
35756 3 1
35768 3 1
35771 3 1
35789 3 1
35796 3 1
35799 2 1
35802 2 1
35802 3 1
35803 2 1
35804 3 2
35806 3 1
35808 3 1
35813 2 1
35816 3 1
35818 2 1
35818 3 1
35819 3 1
35835 2 1
35836 3 1
35839 2 1
35842 2 2
35842 3 1
35843 2 1
35844 2 1
35845 3 1
35847 2 1
35848 2 2
35849 3 1
35852 2 1
35852 3 1
35853 2 2
35854 2 1
35854 3 1
35855 3 1
35859 2 1
35859 3 2
35860 2 1
35863 3 1
35864 2 1
35865 3 1
35867 3 1
35870 2 1
35870 3 1
35871 3 1
35873 2 1
35874 2 1
35875 3 2
35879 2 1
35879 3 1
35880 2 1
35880 3 2
35881 2 2
35882 3 1
35884 2 1
35884 3 1
35887 2 1
35889 3 1
35893 2 1
35901 3 1
35903 3 1
35906 2 1
35906 3 1
35907 2 1
35908 3 2
35911 2 1
35911 3 1
35912 2 1
35912 3 2
35917 2 1
35918 3 1
35920 2 2
35920 3 1
35921 3 1
35930 2 1
35930 3 1
35934 2 1
35935 2 2
35936 2 1
35936 3 1
35938 3 1
35940 2 1
35941 3 1
35944 2 1
35945 3 1
35950 3 1
35951 2 1
35952 2 1
35952 3 2
35953 2 1
35953 3 2
35954 3 1
35956 2 1
35957 2 1
35958 2 2
35959 3 1
35961 2 1
35961 3 1
35962 2 1
35962 3 2
35963 2 1
35963 3 2
35964 2 1
35964 3 2
35965 2 1
35966 2 1
35967 2 1
35968 2 2
35969 2 1
35969 3 1
35970 2 2
35970 3 2
35971 3 1
35973 2 1
35973 3 1
35976 2 1
35976 3 2
35977 3 1
35981 2 1
35981 3 2
35982 2 1
35986 2 1
35989 3 1
35991 2 2
35991 3 1
35992 3 1
35994 3 1
36002 2 2
36002 3 1
36003 2 1
36004 2 1
36005 3 2
36012 2 2
36012 3 1
36013 2 1
36013 3 1
36017 3 1
36019 2 1
36019 3 2
36020 3 1
36023 2 1
36023 3 1
36028 2 1
36028 3 1
36029 2 1
36029 3 2
36030 3 1
36032 2 1
36032 3 1
36033 3 2
36036 3 1
36043 2 1
36043 3 2
36044 2 2
36044 3 1
36045 2 1
36046 3 1
36048 2 1
36048 3 2
36050 3 1
36058 3 1
36061 3 1
36062 2 1
36063 3 1
36065 2 1
36065 3 1
36068 2 1
36068 3 1
36069 3 2
36074 3 1
36076 3 1
36078 2 1
36078 3 1
36079 3 2
36081 2 1
36081 3 1
36085 2 1
36085 3 2
36086 3 1
36091 3 1
36092 2 1
36095 2 2
36095 3 1
36096 2 1
36107 2 1
36108 3 1
36112 2 2
36113 2 1
36114 2 1
36115 3 1
36117 3 1
36118 2 1
36119 3 2
36122 3 1
36126 2 1
36127 3 1
36129 3 1
36131 2 2
36131 3 1
36132 2 1
36133 2 1
36134 2 1
36135 2 1
36135 3 2
36136 3 1
36139 2 1
36139 3 1
36143 2 1
36146 2 1
36146 3 1
36147 2 2
36148 3 1
36152 2 1
36152 3 1
36153 2 1
36153 3 2
36154 2 1
36154 3 2
36155 2 2
36155 3 1
36156 2 1
36157 3 1
36159 3 1
36161 3 1
36167 2 1
36168 3 1
36171 3 1
36175 3 1
36176 2 1
36185 2 1
36185 3 1
36186 2 1
36187 2 2
36187 3 1
36188 2 1
36195 2 1
36197 2 2
36198 3 1
36201 3 1
36204 2 1
36205 2 1
36206 2 2
36206 3 1
36211 3 1
36213 3 1
36215 2 1
36216 3 1
36219 2 1
36221 2 2
36221 3 1
36222 2 1
36223 2 1
36229 2 1
36229 3 1
36230 2 1
36236 2 1
36236 3 2
36237 2 2
36237 3 1
36238 2 1
36239 2 1
36240 2 1
36241 3 1
36246 2 1
36246 3 2
36247 2 1
36253 2 1
36254 2 2
36255 2 1
36255 3 1
36256 2 1
36257 2 1
36258 3 1
36261 3 1
36263 3 1
36266 3 1
36268 2 2
36268 3 1
36269 2 1
36270 2 2
36270 3 1
36271 2 1
36277 2 1
36277 3 1
36278 2 1
36278 3 2
36279 3 2
36282 2 1
36282 3 1
36284 2 1
36285 3 1
36288 2 1
36288 3 1
36289 2 2
36290 3 1
36292 2 1
36292 3 1
36293 2 1
36293 3 2
36294 2 2
36295 2 1
36295 3 1
36299 2 1
36299 3 1
36300 2 2
36301 3 1
36302 2 1
36303 3 1
36305 2 2
36305 3 1
36306 2 1
36306 3 1
36311 2 1
36312 2 2
36312 3 1
36313 2 1
36319 2 1
36320 2 1
36324 2 1
36325 3 1
36327 3 1
36329 3 1
36335 2 1
36336 3 1
36338 3 1
36340 2 1
36345 2 1
36345 3 2
36346 2 1
36349 3 1
36350 2 1
36351 3 2
36353 3 1
36357 2 1
36358 2 2
36360 2 2
36361 2 1
36361 3 1
36362 2 1
36363 3 2
36366 2 1
36366 3 1
36371 2 1
36371 3 1
36374 3 1
36382 3 1
36384 3 1
36392 2 1
36396 2 1
36396 3 1
36397 2 1
36400 2 1
36401 3 1
36405 2 1
36406 2 2
36407 2 1
36407 3 1
36408 3 2
36412 2 1
36412 3 1
36413 2 2
36414 2 1
36414 3 1
36415 2 1
36415 3 2
36416 3 2
36418 2 1
36418 3 1
36420 3 1
36423 3 1
36425 2 1
36425 3 2
36426 3 1
36429 2 1
36431 3 1
36434 3 1
36436 2 1
36436 3 2
36437 2 1
36440 2 1
36440 3 1
36441 2 1
36447 2 1
36447 3 1
36450 3 1
36451 2 1
36454 3 1
36455 2 1
36460 2 1
36464 3 1
36478 2 2
36478 3 1
36479 3 1
36481 3 1
36483 2 1
36485 3 1
36488 3 1
36490 2 1
36490 3 2
36491 3 1
36496 3 1
36498 3 1
36505 2 1
36512 2 1
36512 3 1
36513 2 1
36518 2 1
36522 2 1
36523 3 1
36527 3 1
36530 3 1
36532 3 1
36540 3 1
36542 2 1
36542 3 1
36545 3 1
36547 3 1
36549 3 1
36554 2 1
36555 2 1
36556 2 1
36557 2 1
36558 2 2
36558 3 1
36559 3 1
36562 3 1
36565 3 1
36567 2 1
36567 3 2
36568 2 2
36568 3 1
36569 2 1
36570 3 1
36574 2 1
36575 2 2
36575 3 1
36576 3 1
36578 3 1
36580 3 1
36582 2 2
36582 3 1
36583 3 1
36585 2 1
36585 3 1
36602 2 2
36603 2 1
36603 3 1
36606 3 1
36609 3 1
36610 2 1
36611 3 1
36613 2 1
36614 2 1
36618 3 1
36619 2 1
36620 2 1
36620 3 2
36621 2 1
36621 3 2
36622 3 1
36626 3 1
36628 2 1
36628 3 1
36630 2 2
36631 2 1
36631 3 1
36634 3 1
36636 3 1
36637 2 1
36640 2 1
36640 3 1
36641 2 1
36641 3 2
36642 2 1
36643 2 2
36647 2 1
36647 3 1
36650 2 1
36650 3 1
36658 2 1
36661 3 1
36666 2 1
36667 2 1
36668 3 1
36670 3 1
36672 2 1
36675 3 1
36679 2 1
36680 2 1
36682 3 1
36686 2 1
36687 2 1
36691 2 1
36692 2 1
36693 2 1
36697 2 1
36698 2 1
36699 2 1
36700 2 2
36701 2 1
36701 3 1
36702 2 1
36702 3 2
36703 3 2
36707 3 1
36709 3 1
36712 2 1
36713 3 1
36717 3 1
36719 3 1
36722 3 1
36724 3 1
36727 3 1
36731 3 1
36733 3 1
36736 3 1
36749 2 1
36749 3 1
36752 2 1
36753 3 1
36755 2 1
36756 3 2
36758 3 1
36762 3 1
36765 2 1
36766 2 1
36772 2 1
36782 3 1
36784 2 1
36784 3 1
36785 3 1
36788 2 1
36788 3 1
36796 3 1
36799 2 2
36799 3 1
36801 2 1
36802 3 1
36804 3 1
36807 3 1
36809 2 1
36810 3 1
36815 2 1
36816 2 1
36817 2 2
36818 2 1
36818 3 1
36819 3 2
36822 2 1
36823 2 1
36826 3 1
36835 2 2
36835 3 1
36836 3 1
36838 2 1
36838 3 1
36842 2 2
36842 3 1
36843 2 1
36843 3 1
36844 2 1
36847 2 1
36850 3 1
36852 2 1
36853 2 2
36854 2 1
36854 3 1
36855 3 2
36857 3 1
36859 2 2
36859 3 1
36860 2 1
36865 3 1
36866 2 1
36867 2 1
36869 3 1
36873 2 1
36873 3 1
36874 3 1
36879 2 1
36888 3 1
36893 2 1
36893 3 1
36894 2 1
36897 2 1
36897 3 1
36898 2 1
36898 3 2
36903 2 1
36904 2 2
36904 3 1
36907 2 1
36911 2 1
36917 2 1
36918 3 1
36921 3 1
36923 2 1
36927 3 1
36938 2 1
36945 2 1
36946 2 2
36946 3 1
36947 2 1
36949 3 1
36952 2 1
36959 2 2
36959 3 1
36960 2 1
36960 3 1
36962 3 2
36963 3 1
36965 3 1
36966 2 1
36967 3 1
36971 3 1
36972 2 1
36973 3 1
36978 2 1
36979 2 1
36980 2 1
36981 3 1
36983 2 1
36983 3 1
36986 3 1
36993 2 1
36993 3 1
36994 3 2
36996 3 1
36999 2 1
37000 2 2
37000 3 1
37002 2 1
37003 2 1
37004 3 2
37008 3 1
37010 3 1
37018 2 1
37019 2 1
37033 2 1
37033 3 1
37039 2 1
37039 3 2
37040 2 1
37040 3 2
37041 3 1
37046 2 1
37051 2 1
37051 3 1
37058 2 1
37061 2 2
37061 3 1
37062 3 1
37065 3 1
37070 2 1
37070 3 1
37071 2 1
37076 2 1
37081 2 1
37081 3 2
37082 3 1
37084 3 1
37087 3 1
37092 3 1
37095 2 1
37096 2 1
37097 3 1
37102 2 1
37102 3 1
37103 2 2
37104 2 1
37104 3 1
37106 2 1
37107 3 1
37111 2 1
37111 3 1
37112 2 2
37112 3 2
37113 3 1
37115 3 1
37119 2 1
37125 3 1
37126 2 1
37131 2 1
37132 2 1
37135 2 1
37138 3 1
37139 2 1
37140 3 1
37142 3 1
37146 2 1
37146 3 2
37147 2 1
37148 3 1
37150 2 2
37150 3 1
37151 3 1
37158 2 1
37158 3 1
37159 2 1
37159 3 2
37164 2 1
37168 2 1
37168 3 1
37169 2 1
37170 3 2
37174 2 1
37175 3 1
37177 2 1
37177 3 1
37178 3 1
37181 2 1
37183 3 1
37189 3 1
37190 2 1
37191 2 1
37192 3 1
37195 2 1
37196 3 1
37198 2 1
37198 3 2
37200 3 1
37204 2 1
37205 3 1
37207 2 1
37207 3 1
37212 2 1
37213 3 1
37220 2 1
37220 3 1
37221 3 1
37223 3 1
37226 3 1
37233 2 1
37234 2 1
37235 2 2
37235 3 1
37236 2 1
37237 3 2
37239 2 1
37239 3 1
37240 2 2
37241 2 1
37241 3 1
37244 3 1
37247 2 1
37247 3 1
37250 2 1
37253 2 1
37254 3 1
37258 2 1
37264 2 1
37266 3 1
37267 2 1
37268 3 1
37272 2 1
37277 2 1
37279 3 1
37281 2 1
37281 3 1
37282 2 1
37282 3 2
37284 2 1
37285 2 2
37286 2 1
37286 3 1
37289 2 1
37289 3 1
37293 3 1
37295 3 1
37300 2 1
37301 3 1
37307 2 1
37308 3 1
37312 2 1
37314 2 1
37315 2 1
37317 2 1
37327 2 1
37335 3 1
37338 2 2
37338 3 1
37339 2 1
37340 2 1
37344 2 1
37344 3 1
37345 2 1
37349 3 1
37350 2 1
37351 3 1
37355 3 1
37356 2 1
37357 2 1
37362 2 1
37363 2 1
37369 2 1
37370 3 1
37374 2 1
37374 3 2
37375 2 1
37376 2 1
37377 2 1
37381 3 1
37385 2 1
37386 3 1
37388 2 1
37388 3 2
37389 2 1
37392 2 1
37392 3 2
37393 3 1
37401 2 1
37401 3 1
37410 3 1
37415 3 1
37418 2 1
37419 2 2
37420 2 1
37420 3 1
37421 2 1
37422 2 1
37422 3 2
37423 3 1
37425 2 1
37425 3 2
37426 2 1
37427 2 2
37428 3 1
37430 2 1
37430 3 1
37431 3 2
37432 2 1
37433 3 1
37435 2 1
37436 3 1
37438 3 1
37440 3 2
37441 3 1
37445 3 1
37447 2 1
37447 3 1
37448 3 1
37452 3 1
37454 2 2
37454 3 1
37455 2 1
37456 3 1
37460 3 1
37462 2 1
37462 3 1
37463 3 1
37465 2 1
37465 3 1
37469 3 1
37473 2 1
37474 2 1
37474 3 2
37475 3 1
37477 2 1
37478 2 1
37479 3 1
37482 3 1
37492 2 1
37492 3 1
37495 3 1
37497 2 2
37497 3 1
37498 3 1
37507 2 1
37507 3 1
37509 3 2
37510 3 1
37512 3 1
37514 2 1
37514 3 1
37515 2 1
37518 3 1
37521 2 2
37521 3 1
37522 2 1
37522 3 1
37523 2 1
37524 3 2
37528 3 1
37530 2 2
37530 3 1
37532 2 1
37533 3 1
37543 3 1
37545 3 1
37547 3 1
37549 3 1
37556 2 1
37556 3 2
37557 2 2
37557 3 1
37558 2 1
37561 3 1
37563 3 1
37566 3 1
37568 3 1
37569 2 1
37570 3 2
37579 2 1
37581 3 1
37585 2 1
37586 2 2
37586 3 1
37596 2 1
37596 3 1
37597 2 1
37599 3 1
37600 2 1
37606 2 1
37606 3 1
37621 3 1
37626 3 1
37635 3 1
37636 2 1
37637 2 2
37637 3 1
37643 3 1
37644 2 1
37645 3 1
37647 3 1
37649 2 1
37649 3 1
37650 2 1
37651 3 1
37655 3 1
37662 2 2
37663 2 1
37664 2 1
37664 3 2
37665 3 1
37668 2 1
37668 3 1
37669 2 1
37678 3 1
37682 2 1
37682 3 1
37683 2 1
37684 3 1
37686 2 1
37686 3 1
37687 2 2
37687 3 2
37688 3 1
37689 2 1
37690 3 1
37695 3 1
37697 3 1
37699 2 1
37699 3 1
37700 2 2
37701 2 1
37701 3 1
37702 3 1
37705 2 1
37705 3 2
37706 2 2
37706 3 1
37707 2 1
37708 3 1
37710 2 1
37711 3 1
37713 3 1
37715 3 1
37717 2 1
37717 3 1
37718 2 2
37719 2 1
37719 3 1
37720 3 1
37723 2 1
37724 2 2
37729 2 2
37730 2 1
37730 3 1
37733 2 1
37734 3 1
37738 2 1
37739 2 2
37740 3 1
37742 3 1
37746 3 1
37751 2 1
37751 3 1
37756 2 1
37756 3 2
37757 3 1
37771 2 1
37774 2 2
37774 3 1
37775 2 2
37775 3 1
37776 2 1
37776 3 1
37781 2 1
37782 3 1
37784 3 1
37786 2 1
37786 3 1
37787 2 2
37788 2 1
37788 3 1
37789 3 2
37791 3 1
37794 2 1
37794 3 1
37795 3 2
37798 2 1
37799 3 2
37801 2 1
37801 3 1
37802 2 1
37803 3 1
37805 3 1
37807 2 1
37812 2 1
37812 3 1
37814 3 1
37820 2 1
37820 3 2
37821 2 2
37821 3 1
37822 2 1
37826 3 1
37832 2 1
37832 3 1
37833 2 1
37836 3 1
37837 2 1
37840 2 1
37841 2 1
37842 2 1
37845 3 1
37847 2 1
37847 3 1
37848 2 1
37854 3 1
37858 2 1
37859 3 1
37863 2 1
37865 3 1
37873 3 1
37876 3 1
37881 2 1
37882 2 1
37883 2 2
37892 2 1
37893 2 1
37894 2 2
37894 3 1
37898 3 1
37905 3 1
37909 2 1
37910 3 1
37912 3 1
37914 2 1
37916 2 1
37917 3 1
37919 2 1
37919 3 1
37922 2 1
37923 2 2
37923 3 1
37924 2 1
37929 2 1
37930 3 1
37932 2 1
37937 2 1
37939 3 1
37941 2 1
37941 3 1
37944 2 1
37944 3 1
37950 2 1
37950 3 1
37951 2 1
37951 3 2
37954 2 1
37957 2 1
37957 3 1
37958 2 1
37961 3 1
37963 2 1
37963 3 2
37964 2 1
37967 3 1
37971 2 1
37972 2 2
37973 2 1
37973 3 1
37976 3 1
37978 2 2
37978 3 1
37979 2 1
37985 3 1
37988 2 1
37991 2 1
37994 3 1
37996 2 2
37996 3 1
37997 2 1
37998 2 1
38000 3 1
38006 2 1
38011 2 1
38020 2 1
38021 3 1
38023 2 1
38023 3 2
38024 2 1
38025 2 1
38026 3 1
38028 3 1
38031 2 1
38031 3 1
38032 2 1
38036 3 1
38039 3 1
38051 2 2
38051 3 1
38052 2 1
38055 3 1
38063 3 1
38065 2 1
38065 3 2
38066 2 1
38067 2 2
38067 3 1
38068 2 1
38069 3 1
38071 2 1
38071 3 2
38072 2 1
38073 2 1
38074 3 1
38076 2 1
38076 3 1
38080 3 1
38082 3 1
38087 2 2
38088 2 1
38088 3 1
38091 2 1
38092 3 1
38094 3 1
38095 2 1
38096 2 1
38103 2 1
38104 2 1
38113 3 1
38121 2 1
38121 3 1
38124 3 1
38131 2 1
38133 2 1
38134 3 1
38136 2 2
38136 3 1
38137 2 1
38137 3 1
38138 2 1
38139 3 1
38142 2 1
38143 2 1
38145 3 1
38150 3 1
38152 2 1
38152 3 1
38158 3 1
38161 3 1
38166 3 1
38171 2 1
38173 3 1
38181 2 1
38187 2 1
38187 3 2
38188 2 1
38194 2 1
38200 3 1
38202 3 1
38203 2 1
38206 2 2
38206 3 1
38207 2 1
38208 3 1
38211 3 1
38214 3 1
38216 3 1
38218 3 1
38220 2 1
38220 3 1
38223 2 1
38223 3 1
38224 3 1
38227 2 1
38234 3 1
38238 2 1
38239 2 1
38239 3 2
38240 3 1
38245 2 1
38250 3 1
38252 2 1
38252 3 1
38253 2 2
38254 2 1
38254 3 1
38255 3 2
38271 2 1
38272 2 1
38273 3 2
38277 2 1
38285 2 1
38285 3 1
38286 3 1
38289 3 1
38293 2 1
38299 2 1
38300 3 1
38303 3 1
38305 3 1
38307 2 1
38307 3 1
38308 3 2
38310 3 1
38312 2 1
38316 3 1
38318 3 1
38319 3 2
38322 3 1
38327 2 1
38327 3 1
38332 2 1
38338 2 1
38338 3 2
38339 2 2
38339 3 1
38340 2 1
38341 2 1
38342 3 1
38344 3 1
38347 2 1
38348 3 1
38357 2 1
38358 2 2
38358 3 1
38359 2 1
38360 2 1
38360 3 2
38361 3 1
38363 3 1
38364 2 1
38369 2 1
38374 3 1
38375 2 1
38375 3 2
38376 2 1
38378 3 1
38382 3 1
38386 3 1
38388 2 1
38388 3 1
38389 2 2
38389 3 1
38390 2 1
38391 2 1
38391 3 2
38392 2 1
38392 3 2
38393 3 1
38397 2 1
38397 3 1
38398 3 2
38401 2 1
38404 2 1
38405 2 1
38406 3 1
38411 2 1
38411 3 2
38412 2 2
38412 3 1
38413 2 1
38416 2 1
38417 3 1
38427 2 1
38431 2 1
38431 3 1
38433 3 1
38435 2 1
38436 3 1
38438 2 1
38438 3 2
38440 3 1
38443 2 2
38443 3 1
38444 3 1
38445 2 1
38446 2 1
38446 3 2
38447 3 1
38450 2 1
38451 2 1
38455 3 1
38458 3 1
38463 2 1
38463 3 1
38464 3 1
38477 3 1
38479 3 1
38481 3 1
38482 2 1
38483 3 2
38485 2 1
38486 2 1
38491 3 1
38493 3 1
38500 2 2
38500 3 1
38501 3 1
38505 3 1
38507 3 1
38509 2 1
38510 2 1
38511 3 2
38516 2 1
38516 3 1
38519 2 1
38519 3 1
38520 2 1
38522 3 1
38527 2 1
38528 2 2
38528 3 1
38529 3 1
38539 3 1
38542 2 1
38542 3 1
38545 2 1
38546 3 1
38550 2 1
38550 3 1
38551 3 1
38562 2 2
38562 3 1
38563 3 1
38566 3 1
38568 3 1
38576 2 2
38577 2 1
38578 3 1
38581 2 1
38584 2 1
38584 3 2
38585 2 1
38585 3 2
38586 2 2
38586 3 1
38587 2 1
38589 3 1
38593 2 1
38593 3 2
38594 2 2
38594 3 1
38595 2 1
38596 3 1
38599 2 1
38599 3 2
38601 3 1
38606 2 1
38606 3 1
38607 3 1
38614 2 1
38615 2 1
38619 2 1
38627 2 1
38627 3 1
38635 3 1
38637 2 1
38637 3 1
38638 2 2
38639 2 1
38639 3 1
38647 3 1
38649 2 1
38650 2 2
38650 3 1
38651 2 1
38652 3 1
38655 3 1
38657 2 1
38657 3 1
38663 2 1
38663 3 2
38664 2 1
38665 2 2
38666 3 1
38668 2 1
38668 3 1
38669 2 1
38669 3 2
38675 2 1
38676 3 1
38679 3 1
38681 3 1
38684 2 1
38685 3 1
38687 2 1
38687 3 1
38688 2 1
38694 3 1
38696 2 1
38696 3 1
38697 2 1
38705 3 1
38706 2 1
38707 2 2
38707 3 1
38708 3 1
38710 2 1
38710 3 2
38711 3 1
38714 2 1
38715 3 1
38717 2 1
38718 2 1
38719 2 2
38719 3 1
38720 2 1
38721 3 2
38723 2 1
38723 3 1
38730 3 1
38731 2 1
38736 2 1
38737 3 1
38740 2 2
38740 3 1
38741 3 1
38743 2 1
38743 3 1
38744 2 1
38745 3 1
38748 2 1
38748 3 1
38750 2 1
38750 3 2
38751 2 1
38751 3 2
38752 3 1
38755 2 1
38758 3 1
38760 2 1
38760 3 1
38761 3 1
38764 3 1
38765 2 1
38766 2 1
38767 2 2
38767 3 1
38768 2 1
38772 3 1
38774 2 1
38775 2 1
38777 2 2
38778 3 1
38782 3 1
38784 2 1
38786 3 1
38788 2 1
38788 3 1
38789 3 1
38791 2 1
38791 3 1
38796 3 1
38799 3 1
38801 3 1
38802 2 1
38803 3 1
38805 2 2
38805 3 1
38806 2 2
38806 3 1
38807 2 1
38807 3 1
38812 2 1
38813 3 1
38815 2 1
38822 2 2
38823 3 1
38827 2 2
38827 3 1
38828 3 1
38838 2 1
38839 2 2
38840 3 1
38843 3 1
38845 2 1
38845 3 2
38847 3 1
38849 2 1
38849 3 1
38853 3 1
38858 3 1
38860 2 1
38860 3 1
38861 2 1
38862 2 1
38866 3 1
38869 2 1
38869 3 1
38870 2 1
38870 3 2
38871 3 2
38874 2 1
38875 2 1
38876 3 1
38878 2 1
38878 3 2
38881 2 1
38882 2 1
38883 2 2
38884 3 1
38897 3 1
38898 2 1
38899 2 2
38899 3 1
38902 2 1
38903 2 1
38909 3 1
38911 2 1
38911 3 1
38914 3 1
38916 3 1
38921 2 1
38921 3 1
38922 3 1
38924 2 1
38929 2 1
38930 3 1
38933 2 1
38934 2 2
38938 2 1
38938 3 1
38939 2 1
38940 3 1
38943 3 1
38945 2 1
38946 3 1
38950 2 1
38950 3 1
38956 3 1
38959 2 1
38967 2 1
38967 3 1
38968 2 1
38968 3 2
38972 2 1
38975 3 1
38976 3 2
38979 3 1
38982 3 1
38984 2 1
38984 3 2
38985 2 2
38986 2 1
38986 3 1
38987 2 1
38987 3 2
38988 3 2
38991 2 2
38992 2 1
38993 3 1
38996 3 1
38998 2 1
38998 3 1
38999 2 1
39006 2 1
39006 3 1
39017 2 2
39017 3 1
39023 2 1
39024 2 1
39025 3 2
39027 2 1
39027 3 1
39028 2 1
39029 2 2
39030 2 1
39030 3 1
39032 3 1
39035 3 1
39037 2 2
39037 3 1
39038 3 1
39041 3 1
39044 3 1
39046 3 1
39047 2 1
39053 2 1
39054 2 2
39055 3 1
39058 2 1
39058 3 1
39063 2 1
39064 2 2
39064 3 1
39065 2 2
39065 3 1
39067 2 1
39068 2 2
39069 3 1
39076 2 1
39080 3 1
39082 2 2
39082 3 1
39083 2 1
39088 3 1
39092 3 1
39095 2 1
39095 3 1
39099 2 1
39100 3 2
39102 2 1
39102 3 1
39103 2 1
39104 2 2
39105 3 1
39107 2 1
39107 3 1
39108 2 1
39112 3 1
39115 3 1
39117 2 1
39118 3 1
39121 2 1
39122 3 1
39125 2 1
39128 3 1
39129 2 1
39130 3 2
39134 2 1
39135 2 2
39136 2 1
39136 3 1
39137 3 2
39142 2 1
39142 3 1
39146 2 1
39147 2 1
39148 2 1
39151 3 1
39153 2 1
39154 2 1
39154 3 2
39155 3 1
39161 2 1
39162 2 1
39163 3 1
39166 3 1
39167 2 1
39168 3 1
39173 2 1
39173 3 1
39176 2 1
39178 3 1
39186 3 1
39188 3 1
39191 3 1
39193 3 1
39195 2 1
39195 3 1
39196 2 1
39197 2 1
39198 2 2
39199 3 1
39207 2 1
39210 3 1
39214 2 1
39217 3 1
39220 2 1
39220 3 2
39221 3 1
39223 3 1
39226 2 1
39226 3 1
39227 3 2
39229 3 1
39232 2 1
39241 2 1
39242 3 1
39244 2 1
39252 2 1
39253 3 1
39257 2 1
39258 2 2
39258 3 1
39259 2 1
39260 2 1
39260 3 2
39261 3 1
39263 2 1
39264 2 1
39265 2 1
39271 2 1
39272 2 1
39275 3 1
39283 3 1
39285 2 1
39285 3 1
39287 2 1
39288 2 1
39290 3 1
39291 2 1
39292 3 1
39297 2 1
39302 2 1
39302 3 1
39303 2 1
39303 3 2
39307 3 1
39309 2 1
39310 3 1
39313 2 1
39314 2 2
39315 3 1
39317 2 1
39317 3 1
39320 2 1
39320 3 1
39321 3 2
39323 3 1
39325 3 1
39326 2 1
39327 3 1
39329 2 1
39329 3 1
39331 2 1
39335 3 1
39341 2 1
39342 2 2
39346 2 1
39350 2 1
39351 3 1
39358 2 1
39363 2 1
39363 3 1
39364 2 2
39364 3 1
39365 2 1
39368 2 1
39369 2 2
39370 2 1
39370 3 1
39371 2 1
39377 2 1
39377 3 1
39382 2 1
39387 3 1
39388 2 1
39392 3 1
39396 2 1
39404 2 1
39404 3 1
39407 2 1
39407 3 1
39408 2 1
39408 3 2
39413 2 1
39413 3 2
39414 2 1
39415 2 1
39416 3 1
39419 3 1
39426 3 1
39427 2 1
39428 3 2
39431 2 1
39431 3 1
39432 2 2
39433 2 1
39433 3 1
39434 2 1
39435 3 1
39442 2 1
39445 2 1
39447 2 1
39448 2 1
39449 2 1
39455 2 1
39455 3 2
39456 3 1
39462 2 1
39465 2 1
39465 3 2
39466 2 1
39467 2 2
39467 3 1
39468 2 1
39469 2 1
39470 3 2
39472 3 1
39479 2 1
39481 3 1
39485 3 1
39486 2 1
39494 2 1
39495 2 1
39496 2 1
39497 2 1
39500 2 1
39501 3 1
39504 2 1
39505 2 2
39505 3 1
39506 2 1
39508 3 2
39509 3 1
39512 3 1
39513 2 1
39514 2 1
39517 3 1
39519 3 1
39522 3 1
39526 2 1
39527 3 1
39530 3 1
39532 2 1
39532 3 1
39537 2 1
39537 3 1
39552 3 1
39555 2 1
39555 3 1
39556 2 1
39557 3 1
39559 2 1
39559 3 1
39560 3 2
39567 3 1
39569 3 1
39571 3 1
39573 3 1
39577 2 1
39577 3 2
39578 2 2
39578 3 1
39579 2 1
39580 3 1
39584 3 1
39587 2 1
39592 3 1
39594 3 1
39597 2 1
39597 3 2
39598 2 1
39599 2 2
39599 3 1
39600 3 1
39602 3 1
39605 3 1
39612 2 1
39616 2 1
39617 3 1
39620 3 1
39621 2 1
39622 3 1
39637 2 1
39637 3 1
39638 2 1
39638 3 2
39639 2 1
39639 3 2
39640 2 2
39641 3 1
39647 3 1
39650 2 1
39650 3 1
39651 2 1
39652 2 1
39656 2 1
39657 2 1
39658 3 1
39660 3 1
39661 2 1
39662 3 1
39664 3 1
39669 3 1
39671 2 1
39671 3 1
39673 3 1
39678 3 1
39679 2 1
39684 2 1
39685 3 1
39687 3 1
39688 2 1
39689 2 1
39690 3 1
39699 2 1
39700 2 1
39705 2 1
39705 3 1
39707 2 1
39710 3 1
39712 2 1
39713 2 1
39714 2 1
39715 3 1
39717 3 1
39719 3 1
39731 2 1
39731 3 1
39741 2 1
39741 3 1
39742 3 1
39744 3 1
39747 2 1
39747 3 1
39752 2 1
39752 3 1
39755 3 2
39756 3 1
39758 2 1
39759 2 1
39760 3 1
39762 3 1
39778 2 1
39785 2 1
39785 3 1
39786 2 2
39787 2 1
39787 3 1
39788 2 1
39795 2 1
39798 2 1
39798 3 1
39801 3 1
39806 2 1
39806 3 1
39807 2 2
39808 2 1
39808 3 1
39811 3 1
39812 2 1
39818 2 1
39818 3 1
39826 2 1
39827 3 1
39829 2 2
39829 3 1
39830 2 1
39830 3 1
39831 2 1
39834 3 1
39836 2 1
39836 3 2
39837 2 1
39843 2 1
39843 3 1
39846 2 1
39850 3 1
39852 3 1
39853 2 1
39854 2 1
39857 2 1
39858 2 1
39859 2 1
39860 2 1
39869 2 1
39869 3 2
39870 2 1
39871 2 2
39872 2 1
39872 3 1
39873 2 1
39874 3 1
39876 2 1
39877 2 2
39878 2 1
39878 3 1
39879 3 2
39881 3 1
39882 3 2
39883 2 1
39884 2 1
39885 3 1
39890 3 1
39893 2 2
39893 3 1
39895 2 1
39896 2 1
39899 2 1
39900 2 1
39900 3 2
39901 2 1
39901 3 2
39902 3 1
39904 2 1
39904 3 1
39912 2 1
39913 2 2
39913 3 1
39914 2 1
39915 2 1
39916 3 1
39918 2 1
39926 2 1
39930 3 1
39936 2 1
39939 3 1
39941 2 1
39944 2 1
39945 2 1
39946 2 2
39947 2 1
39947 3 1
39950 3 1
39953 2 2
39954 2 1
39954 3 1
39957 3 1
39958 2 1
39959 3 1
39962 3 1
39964 3 1
39968 2 1
39969 2 1
39976 3 1
39980 2 1
39981 2 1
39982 2 2
39987 2 1
39988 3 1
39992 2 1
39997 2 1
39998 3 1
40000 3 1
40001 2 1
40002 2 1
40004 2 1
40005 2 1
40005 3 2
40006 3 1
40012 2 1
40013 2 1
40018 2 2
40018 3 1
40019 2 1
40020 2 1
40026 2 1
40032 2 1
40032 3 1
40042 2 1
40042 3 1
40052 2 1
40053 2 1
40054 3 1
40064 3 1
40067 2 1
40067 3 1
40068 2 1
40068 3 2
40069 2 1
40069 3 2
40070 2 1
40070 3 2
40072 3 1
40075 3 1
40078 3 1
40080 3 1
40081 2 1
40082 2 1
40085 3 1
40087 2 1
40087 3 1
40106 2 2
40106 3 1
40107 3 1
40112 2 1
40113 3 1
40118 2 1
40119 2 1
40124 3 1
40125 2 1
40126 2 2
40126 3 1
40127 2 1
40128 2 1
40140 2 1
40140 3 1
40141 2 1
40145 2 1
40146 3 1
40149 3 1
40151 2 1
40152 3 1
40156 2 1
40157 2 2
40157 3 1
40158 2 1
40159 3 1
40162 3 1
40167 3 1
40170 2 1
40172 3 1
40177 2 1
40177 3 1
40178 2 1
40178 3 2
40179 2 2
40180 2 1
40180 3 1
40181 3 2
40193 3 1
40200 2 1
40203 3 1
40207 2 1
40207 3 2
40209 3 1
40211 2 1
40211 3 1
40213 3 1
40216 2 1
40217 3 1
40219 3 1
40221 3 1
40224 3 1
40226 2 1
40226 3 1
40229 3 1
40230 2 1
40231 3 2
40233 2 1
40233 3 1
40238 2 1
40239 2 2
40240 2 1
40240 3 1
40241 3 2
40248 3 1
40253 2 1
40260 3 1
40261 2 1
40262 2 1
40263 3 1
40265 2 1
40265 3 2
40266 2 1
40267 3 1
40270 3 1
40280 3 1
40282 2 1
40285 3 1
40289 3 1
40292 3 1
40293 2 1
40294 2 1
40299 2 1
40299 3 1
40300 2 1
40302 3 1
40304 3 1
40305 3 2
40306 2 1
40307 2 1
40308 2 1
40313 2 1
40313 3 1
40315 3 2
40316 3 1
40329 3 1
40344 2 1
40345 2 1
40346 2 1
40347 3 1
40350 2 1
40351 2 1
40352 2 2
40353 2 1
40353 3 1
40354 2 1
40354 3 2
40355 3 2
40357 3 1
40362 2 1
40367 3 1
40368 2 1
40371 2 1
40383 2 1
40384 3 2
40386 2 1
40386 3 1
40387 2 1
40398 2 1
40398 3 1
40399 2 1
40399 3 2
40400 2 1
40400 3 2
40403 3 1
40407 2 1
40407 3 1
40409 2 1
40410 2 1
40413 2 1
40414 2 1
40415 2 1
40422 2 2
40429 3 1
40431 2 1
40431 3 1
40436 2 1
40437 3 1
40439 2 1
40439 3 2
40440 3 1
40444 3 1
40450 2 1
40451 2 1
40452 3 1
40454 2 1
40455 3 1
40460 2 1
40461 2 1
40466 3 1
40467 2 1
40468 3 1
40470 3 1
40472 2 1
40472 3 1
40481 2 1
40482 2 1
40483 2 1
40484 3 1
40486 2 1
40487 2 2
40487 3 1
40488 3 1
40490 2 1
40491 2 1
40492 3 1
40494 2 2
40494 3 1
40495 2 1
40495 3 1
40499 2 1
40500 2 1
40503 3 1
40506 3 1
40508 2 1
40508 3 1
40509 2 1
40509 3 2
40513 3 1
40515 3 1
40520 2 1
40522 2 1
40523 3 1
40525 3 1
40527 3 1
40528 2 1
40529 3 1
40533 3 1
40534 2 1
40535 3 1
40537 3 1
40540 2 1
40541 2 1
40541 3 2
40542 3 1
40544 2 1
40544 3 2
40545 3 1
40547 2 1
40554 2 1
40554 3 2
40555 3 1
40557 2 1
40559 3 1
40561 2 1
40561 3 1
40564 3 1
40565 2 1
40565 3 2
40568 2 1
40568 3 1
40574 2 1
40574 3 1
40575 2 1
40579 2 1
40580 2 2
40580 3 1
40581 2 1
40582 3 1
40590 3 1
40592 2 1
40592 3 1
40595 2 1
40595 3 1
40602 3 1
40605 2 1
40606 2 2
40607 2 1
40607 3 1
40608 3 2
40611 3 1
40616 3 1
40618 2 1
40619 3 1
40624 2 2
40624 3 1
40625 2 1
40625 3 1
40627 3 1
40630 2 1
40631 2 1
40632 2 1
40633 2 2
40633 3 1
40634 2 1
40635 2 1
40636 2 1
40636 3 2
40637 3 1
40646 3 1
40648 3 1
40654 3 1
40658 3 1
40661 2 1
40661 3 1
40672 2 1
40673 2 1
40673 3 2
40674 2 2
40674 3 1
40675 2 1
40676 2 1
40676 3 2
40677 3 1
40679 2 1
40679 3 1
40682 2 1
40682 3 1
40688 3 1
40690 3 1
40698 3 1
40699 2 1
40703 2 1
40704 2 1
40710 3 1
40711 2 1
40712 3 1
40714 2 2
40714 3 1
40715 2 1
40715 3 1
40716 2 1
40720 2 1
40720 3 1
40721 2 2
40722 2 1
40722 3 1
40727 3 1
40729 3 1
40732 2 1
40737 3 1
40743 3 1
40754 3 1
40761 3 1
40764 2 2
40764 3 1
40765 3 1
40769 2 1
40769 3 2
40770 2 2
40770 3 1
40771 2 1
40772 3 2
40779 2 1
40779 3 1
40783 2 1
40783 3 2
40784 2 2
40784 3 1
40785 2 1
40786 3 1
40788 2 1
40788 3 1
40789 2 1
40790 3 2
40792 3 1
40800 2 1
40803 2 1
40806 3 1
40808 3 1
40809 2 1
40812 2 1
40818 2 1
40818 3 1
40819 2 2
40820 2 1
40820 3 1
40821 2 1
40821 3 2
40822 3 2
40830 2 1
40831 2 1
40836 3 1
40838 3 1
40841 2 1
40842 3 1
40844 2 1
40844 3 1
40845 3 2
40848 2 1
40848 3 1
40849 2 1
40849 3 2
40854 2 1
40854 3 1
40855 3 1
40857 3 1
40859 2 2
40859 3 1
40860 2 1
40860 3 1
40861 2 1
40863 2 1
40864 2 1
40864 3 2
40865 3 1
40867 2 1
40871 2 1
40871 3 1
40875 3 1
40876 2 1
40877 3 1
40879 2 1
40882 3 1
40884 2 1
40885 2 1
40887 2 1
40892 2 2
40892 3 1
40893 3 1
40897 2 1
40898 3 1
40901 2 2
40901 3 1
40902 3 1
40904 2 1
40905 3 1
40910 3 1
40913 2 1
40913 3 1
40914 2 2
40915 2 1
40915 3 1
40923 3 1
40925 2 1
40926 3 1
40928 2 1
40928 3 1
40929 2 1
40930 2 2
40930 3 1
40931 2 1
40932 3 2
40933 3 1
40935 3 1
40942 2 1
40942 3 1
40950 2 1
40953 2 1
40953 3 1
40954 2 2
40955 2 1
40955 3 1
40956 3 2
40963 2 1
40967 2 2
40967 3 1
40968 2 1
40968 3 1
40969 2 1
40974 2 1
40985 2 1
40989 3 1
40991 2 1
40997 3 1
41003 2 1
41006 2 1
41006 3 2
41007 2 1
41008 3 1
41010 3 1
41011 3 2
41013 2 1
41014 2 2
41015 2 1
41015 3 1
41021 2 1
41029 3 1
41031 2 1
41032 2 1
41036 2 1
41037 2 2
41037 3 1
41038 2 1
41039 3 1
41041 2 1
41044 2 1
41044 3 1
41045 2 1
41046 2 1
41049 2 1
41049 3 1
41056 3 1
41059 2 1
41059 3 1
41060 2 1
41063 2 2
41063 3 1
41064 2 1
41064 3 1
41067 2 1
41067 3 1
41068 2 2
41068 3 1
41069 2 1
41070 2 1
41075 2 1
41076 3 1
41082 2 1
41082 3 1
41083 2 2
41084 2 1
41084 3 1
41085 3 2
41090 3 1
41091 2 1
41092 2 1
41093 3 1
41095 3 1
41097 2 1
41097 3 2
41098 2 1
41099 2 1
41100 2 1
41101 3 1
41110 2 1
41110 3 1
41111 2 1
41119 3 1
41121 2 1
41122 2 1
41123 2 1
41124 2 2
41124 3 1
41125 2 1
41131 2 2
41131 3 1
41136 2 1
41141 2 1
41145 3 1
41146 2 1
41151 2 1
41151 3 1
41154 3 1
41157 3 1
41158 2 1
41158 3 2
41166 2 1
41166 3 1
41169 2 1
41169 3 2
41172 2 1
41172 3 1
41178 2 2
41178 3 1
41179 3 1
41182 2 1
41183 2 1
41184 3 1
41186 2 1
41186 3 1
41187 3 2
41190 3 1
41203 2 1
41204 2 2
41204 3 1
41205 3 1
41207 3 1
41209 2 1
41209 3 1
41212 2 1
41213 2 1
41214 2 1
41223 3 1
41230 3 1
41232 2 1
41233 2 1
41234 3 1
41244 2 1
41247 3 1
41251 3 1
41255 2 1
41255 3 1
41256 3 1
41258 2 1
41258 3 1
41261 3 1
41266 2 1
41267 3 1
41270 2 1
41270 3 1
41271 3 1
41274 3 1
41276 3 1
41279 3 2
41280 3 1
41282 2 1
41282 3 1
41283 3 1
41285 2 1
41285 3 2
41286 2 2
41286 3 1
41287 2 1
41288 3 1
41301 3 1
41302 3 2
41305 2 1
41310 3 1
41316 2 1
41317 3 1
41321 3 1
41330 2 1
41331 2 1
41335 2 1
41335 3 1
41340 2 1
41344 2 2
41344 3 1
41345 3 1
41359 3 1
41362 2 1
41363 3 1
41367 3 1
41370 3 1
41373 2 1
41374 3 1
41384 2 1
41384 3 1
41385 2 1
41392 2 1
41393 3 1
41396 3 1
41401 3 1
41411 2 1
41412 3 1
41415 2 1
41415 3 1
41422 3 1
41424 3 1
41425 2 1
41426 3 1
41428 3 1
41431 2 1
41431 3 2
41432 2 1
41432 3 2
41433 2 2
41433 3 1
41434 2 1
41435 3 1
41444 2 1
41445 2 1
41446 3 1
41452 2 1
41453 2 1
41454 2 2
41454 3 1
41455 2 1
41461 3 1
41464 2 1
41465 2 1
41466 2 2
41466 3 1
41468 2 1
41478 2 1
41479 3 1
41481 2 2
41481 3 1
41482 3 1
41484 2 1
41496 2 1
41497 3 1
41500 2 1
41507 2 1
41508 3 1
41516 2 1
41517 2 1
41519 3 1
41524 2 1
41527 2 1
41528 2 2
41529 2 1
41529 3 1
41530 3 1
41532 2 2
41532 3 1
41533 2 1
41534 2 1
41538 3 1
41544 3 1
41547 2 2
41547 3 1
41548 3 1
41551 2 1
41556 2 1
41556 3 1
41559 2 2
41559 3 1
41560 2 1
41561 2 1
41562 2 1
41562 3 2
41563 3 2
41565 3 1
41568 2 1
41568 3 1
41572 2 1
41573 2 1
41575 3 1
41578 2 1
41579 3 1
41586 2 1
41586 3 1
41589 3 1
41591 2 1
41592 3 1
41595 2 1
41596 3 1
41599 2 1
41600 3 1
41609 3 1
41610 2 1
41611 2 1
41619 2 1
41619 3 1
41620 2 1
41620 3 2
41621 2 2
41622 3 1
41624 2 1
41624 3 1
41634 2 1
41635 2 1
41636 2 2
41637 2 1
41637 3 1
41638 3 2
41642 2 1
41642 3 1
41647 2 1
41647 3 2
41648 2 1
41658 2 1
41659 2 1
41660 2 2
41660 3 1
41661 3 1
41663 3 1
41664 2 1
41670 2 1
41670 3 2
41671 3 1
41674 2 1
41675 2 1
41675 3 2
41676 3 1
41678 2 1
41679 2 2
41679 3 1
41684 2 1
41684 3 1
41686 3 1
41689 2 1
41690 3 1
41692 3 1
41694 3 1
41695 2 1
41696 2 1
41697 3 1
41699 2 1
41703 2 1
41704 2 2
41704 3 1
41706 2 1
41707 2 1
41708 2 1
41709 2 1
41712 2 1
41713 2 1
41714 2 1
41714 3 2
41715 3 1
41723 3 1
41725 2 1
41725 3 1
41727 3 2
41728 3 1
41731 3 1
41735 2 1
41735 3 1
41736 2 1
41741 3 1
41743 2 1
41745 3 1
41758 2 1
41758 3 2
41765 2 1
41765 3 1
41766 2 1
41767 3 1
41769 2 1
41769 3 1
41771 3 1
41775 2 1
41776 3 1
41778 3 1
41779 3 2
41781 3 1
41785 2 2
41785 3 1
41786 2 1
41786 3 1
41787 2 1
41796 3 1
41806 2 2
41806 3 1
41807 2 1
41808 2 1
41809 3 2
41813 2 1
41813 3 1
41821 2 1
41821 3 2
41822 2 1
41822 3 2
41823 2 1
41823 3 2
41824 2 2
41824 3 2
41825 3 1
41829 3 1
41830 2 1
41831 2 1
41832 2 2
41832 3 1
41833 3 1
41836 3 1
41839 2 1
41839 3 1
41840 2 1
41841 2 2
41841 3 1
41842 2 1
41843 2 1
41844 2 1
41852 2 1
41852 3 2
41853 2 1
41854 3 1
41856 3 1
41858 2 1
41858 3 1
41859 2 1
41860 3 1
41862 2 1
41862 3 1
41863 3 2
41866 3 1
41869 2 1
41870 2 2
41870 3 1
41872 2 2
41873 2 1
41874 2 1
41883 3 1
41884 2 1
41885 2 1
41886 3 2
41894 2 1
41894 3 1
41895 2 2
41895 3 1
41896 2 1
41897 3 1
41900 2 1
41905 3 1
41907 3 1
41914 2 1
41915 2 1
41917 2 1
41918 2 1
41919 2 2
41920 3 1
41921 2 1
41922 2 1
41923 2 1
41923 3 2
41924 3 1
41937 2 1
41937 3 2
41940 3 1
41942 3 1
41946 2 1
41947 2 1
41952 2 1
41956 2 1
41961 3 1
41963 2 1
41964 2 1
41964 3 2
41965 3 1
41970 2 1
41974 3 1
41981 2 1
41983 3 1
41991 2 1
41991 3 1
41997 2 1
41998 3 1
42001 2 1
42004 2 1
42004 3 1
42011 2 1
42017 2 1
42022 3 1
42028 2 1
42029 3 1
42033 2 1
42034 2 1
42035 3 1
42037 2 1
42037 3 1
42040 3 1
42042 3 1
42045 2 1
42055 2 1
42056 3 1
42058 3 1
42062 2 1
42063 3 2
42065 3 1
42071 2 1
42072 2 1
42073 3 2
42075 2 1
42075 3 1
42077 2 1
42078 2 1
42083 3 1
42086 2 1
42086 3 1
42087 2 1
42088 3 1
42093 2 1
42095 3 1
42097 2 1
42097 3 1
42098 2 1
42099 2 1
42100 2 1
42101 2 1
42105 2 1
42105 3 1
42109 2 2
42109 3 1
42110 3 1
42112 2 1
42112 3 1
42113 3 2
42116 3 1
42118 3 1
42126 2 1
42128 2 1
42129 3 1
42131 3 1
42137 3 1
42139 2 1
42139 3 2
42140 2 1
42141 3 1
42143 2 1
42144 3 1
42147 2 1
42147 3 2
42149 3 1
42153 3 1
42156 2 1
42158 3 1
42159 2 1
42160 3 2
42163 2 1
42163 3 1
42168 2 1
42169 2 1
42171 2 2
42172 3 1
42177 3 1
42180 3 1
42181 2 1
42182 3 2
42185 2 1
42186 2 1
42187 3 1
42197 3 1
42200 2 1
42200 3 1
42203 2 1
42203 3 1
42206 3 2
42207 3 1
42211 3 1
42212 2 1
42213 2 1
42213 3 2
42214 3 1
42216 2 1
42216 3 1
42219 3 1
42238 2 1
42238 3 2
42239 3 1
42241 2 1
42241 3 1
42242 2 2
42243 2 1
42243 3 1
42244 3 2
42251 3 1
42253 2 1
42253 3 1
42255 3 1
42260 2 1
42261 2 1
42262 3 1
42266 2 1
42266 3 1
42267 2 1
42281 3 1
42285 3 1
42287 3 2
42288 3 1
42290 2 1
42290 3 1
42296 2 1
42296 3 1
42297 3 1
42306 2 1
42307 2 1
42309 3 1
42312 3 1
42316 2 1
42317 2 2
42318 2 1
42318 3 1
42324 2 1
42324 3 1
42330 2 1
42331 3 1
42333 3 1
42335 3 1
42340 2 1
42340 3 1
42348 3 1
42350 2 1
42350 3 1
42362 2 1
42362 3 1
42366 2 1
42372 2 1
42373 2 1
42374 3 2
42382 3 1
42386 2 1
42386 3 2
42389 2 1
42389 3 2
42390 2 1
42391 2 1
42392 2 2
42392 3 1
42393 3 1
42395 2 1
42396 3 1
42398 2 1
42398 3 1
42399 3 1
42412 2 1
42413 2 2
42413 3 1
42414 2 1
42415 2 1
42415 3 2
42416 3 1
42418 2 1
42418 3 2
42419 3 1
42421 2 2
42421 3 1
42422 2 1
42422 3 1
42423 2 1
42424 3 1
42426 2 1
42426 3 2
42427 3 1
42430 2 1
42435 3 1
42437 2 1
42437 3 1
42438 2 1
42438 3 2
42439 2 1
42440 2 2
42441 3 1
42453 2 1
42456 2 1
42456 3 1
42457 3 2
42459 2 1
42459 3 1
42460 2 1
42460 3 2
42462 3 1
42465 2 1
42466 3 1
42469 2 1
42469 3 1
42470 3 1
42472 2 1
42472 3 1
42473 2 1
42477 3 1
42479 2 1
42479 3 1
42483 2 1
42483 3 1
42484 2 2
42485 2 1
42485 3 1
42486 2 1
42486 3 2
42487 2 1
42487 3 2
42488 3 2
42490 2 1
42490 3 1
42493 3 1
42495 2 1
42495 3 1
42496 2 2
42497 2 1
42497 3 1
42500 2 1
42501 3 1
42506 2 1
42507 3 1
42511 2 1
42511 3 1
42515 2 1
42518 3 1
42520 2 1
42520 3 2
42521 2 1
42524 2 1
42525 3 1
42528 2 2
42528 3 1
42529 2 1
42529 3 1
42532 2 2
42532 3 1
42533 2 1
42533 3 1
42534 2 1
42535 2 1
42536 3 1
42539 2 1
42539 3 2
42540 2 1
42541 3 1
42543 3 1
42546 2 1
42546 3 1
42552 2 1
42553 2 2
42553 3 1
42554 3 1
42555 2 1
42556 3 1
42558 3 1
42560 2 1
42560 3 1
42561 2 1
42562 3 2
42564 2 1
42564 3 1
42573 2 2
42573 3 1
42574 2 1
42575 2 1
42579 3 1
42581 2 1
42582 3 1
42586 2 1
42586 3 2
42587 3 1
42589 3 1
42591 3 1
42593 3 1
42595 3 1
42598 3 1
42608 2 1
42612 2 1
42612 3 2
42613 2 1
42620 2 1
42622 3 1
42627 2 2
42630 3 1
42631 2 1
42632 2 1
42638 2 1
42641 2 1
42641 3 1
42643 3 1
42651 2 1
42651 3 1
42652 2 1
42653 3 1
42659 3 1
42661 2 1
42661 3 1
42662 2 1
42663 3 1
42665 2 1
42665 3 1
42666 3 1
42669 2 2
42669 3 1
42670 3 1
42673 3 1
42675 2 2
42675 3 1
42676 3 1
42680 2 1
42682 3 1
42692 2 1
42692 3 1
42693 2 2
42694 2 1
42694 3 1
42695 2 1
42696 3 2
42698 2 1
42699 3 2
42702 2 1
42703 2 1
42712 2 1
42712 3 2
42713 2 2
42713 3 1
42714 2 1
42715 3 1
42718 3 1
42733 2 1
42733 3 2
42734 2 1
42735 2 2
42735 3 1
42736 2 1
42737 3 1
42739 3 1
42742 2 2
42743 2 1
42744 3 1
42746 2 2
42746 3 1
42747 2 1
42748 2 1
42749 3 2
42752 2 1
42752 3 1
42753 2 2
42753 3 1
42754 2 1
42755 2 1
42756 3 2
42758 2 1
42758 3 1
42762 2 1
42763 2 1
42764 2 1
42765 2 1
42766 2 2
42766 3 1
42767 3 1
42774 2 2
42774 3 1
42784 2 1
42786 2 1
42787 2 1
42790 3 1
42792 3 1
42796 2 1
42797 3 1
42802 2 1
42803 3 1
42805 2 1
42806 3 2
42809 2 1
42814 2 1
42815 2 1
42816 3 1
42818 2 1
42818 3 2
42819 2 2
42819 3 1
42820 2 1
42821 3 1
42826 3 1
42828 3 1
42830 2 1
42830 3 2
42833 3 1
42836 3 1
42839 2 1
42839 3 1
42840 2 1
42840 3 2
42843 2 1
42843 3 1
42848 2 1
42849 2 1
42855 2 1
42859 2 2
42860 2 1
42860 3 1
42861 2 1
42862 2 1
42863 2 1
42866 2 1
42870 2 1
42871 2 1
42872 3 2
42875 2 1
42879 2 1
42880 3 1
42886 3 1
42887 2 1
42888 2 1
42889 3 1
42891 3 1
42899 3 1
42901 2 1
42901 3 1
42904 2 1
42906 2 1
42907 3 2
42910 3 1
42912 3 1
42915 3 1
42917 2 1
42917 3 1
42920 2 1
42924 2 1
42925 2 1
42926 3 1
42928 3 1
42930 3 1
42936 2 1
42937 2 1
42940 3 1
42942 2 2
42942 3 1
42943 2 1
42944 3 1
42946 2 1
42946 3 2
42952 2 2
42953 3 1
42959 2 1
42968 2 1
42971 3 1
42973 2 1
42973 3 1
42974 3 1
42976 2 1
42976 3 1
42982 2 1
42982 3 1
42983 2 1
42983 3 2
42984 2 1
42984 3 2
42986 3 1
42993 2 1
42994 2 1
42995 3 2
43002 3 1
43008 2 1
43009 2 1
43010 3 1
43012 3 1
43014 3 1
43021 3 1
43023 3 1
43026 2 1
43026 3 1
43027 2 1
43027 3 2
43028 2 1
43029 2 2
43030 3 1
43033 2 1
43033 3 1
43034 2 1
43035 2 2
43043 2 1
43043 3 2
43046 2 1
43046 3 1
43049 3 1
43051 2 1
43055 2 1
43056 2 1
43066 2 1
43066 3 1
43069 3 1
43071 2 1
43071 3 1
43074 2 2
43075 2 1
43075 3 1
43076 2 1
43077 3 1
43080 3 1
43083 2 1
43083 3 1
43084 3 1
43088 2 1
43088 3 1
43094 2 1
43095 2 1
43096 3 2
43099 2 1
43102 2 1
43105 2 1
43106 2 1
43107 3 1
43109 2 1
43109 3 1
43110 3 2
43112 3 1
43113 3 2
43114 2 1
43114 3 2
43115 2 2
43115 3 1
43116 2 1
43117 3 1
43128 2 1
43128 3 1
43136 2 1
43144 3 1
43145 2 1
43146 3 1
43149 2 1
43149 3 1
43150 2 1
43151 3 1
43156 2 2
43156 3 1
43157 2 1
43158 2 1
43162 2 1
43166 2 1
43174 2 1
43175 2 2
43175 3 1
43176 2 1
43177 2 1
43184 2 1
43184 3 1
43185 2 1
43185 3 2
43186 2 1
43186 3 2
43189 3 1
43203 2 1
43205 2 2
43206 2 1
43206 3 1
43217 3 1
43219 3 1
43221 2 1
43222 2 1
43223 3 1
43226 2 1
43226 3 1
43238 3 1
43242 3 1
43250 2 2
43251 3 1
43257 2 1
43258 2 2
43258 3 1
43259 2 1
43260 2 1
43260 3 2
43261 3 1
43263 2 2
43263 3 1
43264 3 1
43267 2 1
43268 2 2
43268 3 1
43272 2 1
43272 3 1
43273 2 1
43273 3 2
43275 3 1
43278 2 1
43288 2 1
43291 2 2
43291 3 1
43292 2 1
43292 3 1
43297 2 1
43298 2 2
43299 2 1
43299 3 1
43303 2 1
43304 3 1
43307 3 1
43309 2 1
43309 3 1
43313 3 1
43314 2 1
43315 3 1
43317 2 1
43317 3 1
43318 2 1
43319 2 1
43320 3 1
43322 2 1
43322 3 1
43326 3 1
43342 2 1
43342 3 1
43345 2 1
43345 3 1
43346 3 2
43348 3 1
43350 3 1
43351 2 1
43355 2 1
43356 2 1
43359 2 1
43359 3 1
43360 2 2
43363 2 1
43364 2 1
43365 2 2
43366 3 1
43373 2 1
43373 3 1
43374 2 1
43376 3 1
43384 3 1
43386 2 1
43387 2 1
43388 2 2
43388 3 1
43389 2 1
43390 2 1
43391 2 1
43392 3 2
43401 2 1
43402 2 1
43403 3 1
43415 2 1
43415 3 1
43416 3 1
43419 2 1
43419 3 1
43420 2 2
43420 3 1
43421 3 1
43423 2 1
43424 3 1
43426 3 1
43428 2 1
43428 3 2
43429 2 1
43429 3 2
43431 3 1
43432 2 1
43436 3 1
43439 3 1
43441 2 1
43441 3 1
43442 3 1
43444 3 1
43445 2 1
43446 2 1
43459 2 1
43459 3 1
43460 2 2
43460 3 1
43461 2 1
43462 2 1
43462 3 2
43463 3 1
43466 2 1
43466 3 2
43467 2 1
43472 2 1
43473 2 1
43475 3 1
43481 2 1
43482 2 2
43483 3 1
43486 2 1
43486 3 1
43487 3 1
43490 2 1
43490 3 1
43491 2 1
43491 3 2
43492 2 1
43492 3 2
43493 2 1
43496 3 1
43501 2 1
43502 2 1
43506 3 1
43508 2 1
43512 2 1
43513 3 1
43515 3 1
43517 3 1
43518 2 1
43518 3 2
43521 3 1
43522 2 1
43523 2 1
43524 2 1
43537 2 1
43537 3 1
43540 2 1
43540 3 2
43545 2 1
43547 3 1
43549 2 1
43550 3 1
43552 2 1
43552 3 2
43554 3 1
43559 3 1
43562 2 1
43568 2 1
43569 3 2
43574 3 1
43576 3 1
43578 2 1
43578 3 1
43579 3 1
43581 2 1
43582 3 1
43584 2 1
43585 2 2
43585 3 1
43586 3 1
43588 2 1
43588 3 1
43589 2 1
43590 3 2
43592 2 2
43592 3 1
43593 2 1
43593 3 1
43597 3 1
43599 3 1
43603 3 1
43607 2 1
43607 3 1
43608 3 1
43615 2 1
43615 3 1
43617 3 1
43619 3 1
43622 2 1
43623 2 1
43624 2 2
43624 3 1
43630 2 1
43630 3 1
43632 3 1
43636 3 1
43638 3 1
43640 3 1
43643 2 1
43643 3 2
43645 3 1
43650 3 1
43653 2 1
43654 2 1
43655 2 1
43656 3 1
43661 2 1
43662 3 1
43665 3 1
43669 2 1
43669 3 1
43670 2 1
43681 2 1
43689 2 1
43690 2 1
43691 2 2
43691 3 1
43692 2 2
43692 3 1
43693 3 1
43695 2 1
43695 3 1
43696 2 2
43697 2 2
43697 3 1
43698 3 1
43701 2 1
43702 2 2
43702 3 1
43703 2 1
43704 2 1
43705 2 1
43705 3 2
43706 3 1
43708 3 1
43711 2 1
43711 3 1
43712 2 1
43712 3 2
43718 2 2
43719 3 1
43721 3 1
43729 2 1
43730 2 1
43731 2 1
43732 3 1
43735 2 1
43735 3 1
43736 2 2
43737 3 1
43739 2 1
43739 3 1
43740 2 2
43741 2 1
43741 3 1
43742 2 1
43743 3 1
43745 3 1
43749 3 1
43751 3 1
43757 2 1
43757 3 1
43759 2 1
43762 2 1
43762 3 1
43763 2 2
43764 3 1
43767 2 1
43768 2 1
43768 3 2
43769 3 1
43773 2 1
43773 3 2
43774 2 1
43774 3 2
43775 3 1
43783 2 1
43784 3 2
43785 3 1
43789 2 2
43789 3 1
43790 2 1
43791 2 1
43794 2 1
43795 3 1
43797 2 1
43797 3 1
43803 3 1
43805 3 1
43810 3 1
43813 2 1
43816 2 1
43816 3 1
43817 3 1
43824 2 1
43825 3 1
43827 2 1
43828 2 1
43828 3 2
43829 3 1
43831 2 1
43832 3 1
43834 2 1
43834 3 1
43835 2 1
43842 2 1
43843 3 1
43846 2 1
43846 3 1
43847 2 1
43849 3 1
43851 3 1
43853 2 1
43854 2 1
43855 2 2
43856 3 1
43859 3 1
43862 2 1
43862 3 2
43863 2 2
43864 2 1
43864 3 1
43867 2 1
43867 3 1
43868 2 2
43868 3 1
43869 2 1
43870 3 2
43874 3 1
43876 3 1
43879 2 1
43879 3 1
43884 2 2
43884 3 1
43885 2 2
43885 3 1
43886 2 1
43886 3 1
43887 2 1
43890 2 1
43891 2 1
43894 2 1
43894 3 2
43895 2 2
43895 3 1
43896 2 1
43897 2 1
43897 3 2
43898 3 1
43901 2 1
43901 3 2
43905 2 1
43906 2 1
43909 2 1
43910 3 1
43912 2 1
43912 3 1
43913 2 2
43914 2 1
43914 3 1
43915 3 2
43917 2 2
43917 3 1
43918 2 1
43918 3 1
43919 2 1
43920 3 1
43922 2 1
43925 2 1
43926 2 2
43926 3 1
43927 2 1
43928 2 1
43929 3 1
43933 3 1
43935 2 1
43935 3 1
43936 2 1
43937 3 1
43939 2 1
43940 3 1
43942 2 1
43943 2 1
43944 2 1
43952 3 1
43953 2 1
43954 2 1
43958 3 1
43960 3 1
43965 3 1
43968 2 1
43968 3 2
43969 2 2
43970 3 1
43972 3 1
43974 2 1
43974 3 2
43979 3 1
43982 2 1
43982 3 1
43986 2 1
43987 2 2
43987 3 1
43988 2 1
43989 3 1
43991 2 1
43991 3 1
43992 2 1
43998 2 1
43999 2 1
44005 3 1
44009 3 1
44012 3 1
44014 3 1
44016 3 1
44018 3 1
44020 2 1
44024 3 1
44025 2 1
44028 2 1
44030 3 1
44031 3 2
44032 3 1
44034 3 1
44038 2 1
44038 3 1
44041 3 1
44045 2 1
44045 3 1
44049 2 1
44049 3 1
44050 2 1
44051 2 1
44052 3 2
44061 2 1
44061 3 1
44064 3 1
44065 2 1
44076 2 1
44076 3 1
44077 2 1
44077 3 2
44078 2 1
44079 2 1
44087 2 1
44090 3 1
44093 2 2
44093 3 1
44094 2 2
44094 3 1
44095 2 1
44095 3 1
44096 2 1
44097 2 1
44098 2 1
44098 3 2
44099 3 1
44102 2 1
44103 3 1
44105 2 1
44105 3 1
44110 2 1
44116 2 1
44116 3 1
44118 3 1
44120 2 1
44120 3 2
44121 2 1
44126 2 1
44126 3 2
44127 2 2
44127 3 1
44128 2 1
44129 3 1
44133 2 1
44134 2 1
44135 2 2
44135 3 1
44136 2 1
44137 2 1
44137 3 2
44138 2 1
44138 3 2
44139 3 1
44141 3 1
44143 2 1
44143 3 1
44144 2 2
44145 3 1
44147 2 1
44147 3 1
44148 2 1
44148 3 2
44153 2 1
44153 3 2
44154 2 1
44161 2 2
44161 3 1
44162 2 1
44167 3 1
44170 2 1
44170 3 1
44171 2 1
44174 2 1
44174 3 1
44175 2 2
44176 2 1
44176 3 1
44177 2 1
44178 3 1
44180 3 1
44182 3 1
44187 2 1
44187 3 2
44188 2 1
44192 2 1
44193 2 2
44193 3 1
44194 2 1
44197 3 1
44206 2 1
44207 3 1
44210 2 1
44211 2 1
44214 3 1
44217 2 1
44218 3 1
44222 3 1
44223 2 1
44224 2 1
44225 2 1
44226 2 1
44232 3 1
44234 2 2
44234 3 1
44235 3 1
44237 2 1
44239 3 1
44243 2 1
44244 2 1
44245 3 1
44247 2 1
44247 3 2
44248 2 1
44249 2 2
44250 2 1
44250 3 1
44251 3 1
44253 2 1
44253 3 1
44254 3 1
44256 2 1
44256 3 2
44257 2 1
44261 2 1
44261 3 1
44266 3 1
44268 3 1
44277 3 1
44279 3 1
44283 2 1
44284 3 1
44286 2 1
44287 2 1
44292 2 1
44295 2 1
44296 3 1
44298 3 1
44300 2 1
44307 2 1
44307 3 2
44308 2 1
44311 2 1
44311 3 2
44312 2 1
44313 3 1
44315 3 1
44318 3 1
44322 3 1
44326 3 1
44329 2 1
44329 3 1
44330 2 1
44332 2 1
44333 3 1
44335 2 1
44335 3 1
44336 2 1
44341 3 1
44344 2 1
44344 3 1
44345 2 1
44345 3 2
44351 2 1
44352 2 2
44352 3 1
44353 2 1
44354 3 1
44358 2 1
44358 3 1
44367 2 1
44368 3 1
44370 2 2
44370 3 1
44371 2 1
44372 3 2
44375 2 1
44375 3 1
44380 3 1
44382 3 1
44393 3 1
44396 2 1
44397 3 1
44401 2 1
44402 2 1
44407 2 1
44408 3 1
44412 3 1
44414 2 1
44414 3 1
44415 2 1
44416 2 2
44417 2 1
44417 3 1
44418 3 2
44420 3 1
44422 2 1
44423 2 2
44423 3 1
44424 2 1
44429 2 1
44430 3 1
44432 3 1
44434 2 1
44435 3 1
44437 2 1
44437 3 1
44441 2 1
44441 3 1
44443 2 2
44443 3 1
44444 2 1
44445 3 1
44447 3 1
44450 2 1
44450 3 1
44453 3 1
44455 2 2
44455 3 1
44456 2 1
44456 3 1
44459 2 2
44459 3 1
44460 2 1
44460 3 1
44461 2 1
44462 2 1
44463 2 1
44463 3 2
44464 3 1
44467 2 1
44467 3 1
44475 2 1
44476 2 1
44480 2 1
44481 3 1
44484 2 1
44485 2 1
44486 3 1
44491 2 1
44491 3 2
44492 3 1
44496 2 1
44497 2 1
44498 2 1
44504 3 1
44507 2 1
44508 2 1
44511 2 1
44516 2 1
44516 3 2
44517 3 1
44522 2 1
44523 2 1
44524 3 1
44527 2 2
44527 3 1
44528 3 1
44530 2 2
44530 3 1
44531 2 1
44532 2 1
44533 3 1
44541 2 1
44542 2 1
44547 2 1
44548 2 1
44550 3 1
44554 3 1
44556 3 1
44558 2 1
44558 3 1
44560 2 2
44560 3 1
44561 2 1
44562 3 1
44567 2 1
44569 3 1
44573 2 1
44573 3 2
44574 2 2
44574 3 1
44575 2 1
44576 3 2
44577 3 1
44579 2 1
44579 3 1
44580 2 1
44580 3 2
44581 3 1
44583 2 1
44583 3 1
44584 3 1
44587 2 1
44587 3 1
44588 3 1
44590 2 1
44590 3 2
44591 2 1
44591 3 2
44592 2 2
44593 2 1
44593 3 1
44594 2 1
44598 2 1
44598 3 1
44599 2 2
44600 2 1
44600 3 1
44606 3 1
44610 2 1
44617 2 1
44617 3 1
44621 2 1
44631 3 1
44633 2 1
44633 3 1
44634 2 1
44635 3 2
44637 3 1
44639 2 1
44640 3 1
44646 2 1
44649 2 1
44649 3 1
44650 2 1
44651 2 2
44651 3 1
44652 3 1
44656 2 1
44656 3 1
44659 3 1
44666 2 1
44666 3 1
44667 2 1
44668 3 1
44670 3 1
44673 2 2
44674 2 1
44675 2 1
44680 3 1
44681 2 1
44682 2 1
44687 2 1
44687 3 1
44688 2 1
44689 3 2
44691 3 1
44694 2 1
44695 2 1
44696 2 2
44696 3 1
44697 3 1
44700 3 1
44702 3 1
44704 3 1
44709 2 1
44709 3 2
44711 2 2
44711 3 1
44712 2 1
44716 2 1
44716 3 1
44717 2 1
44720 3 1
44722 3 1
44724 2 1
44724 3 2
44725 2 1
44730 2 1
44730 3 2
44731 2 2
44731 3 1
44732 2 1
44736 2 2
44736 3 1
44737 3 1
44740 2 1
44740 3 1
44744 3 1
44746 3 1
44747 2 1
44748 3 1
44758 3 1
44763 3 1
44766 2 1
44766 3 1
44767 2 1
44768 2 1
44769 3 2
44771 2 1
44771 3 1
44773 3 1
44778 2 1
44778 3 1
44780 2 1
44792 2 1
44792 3 1
44793 2 1
44793 3 2
44794 3 2
44796 3 1
44797 2 1
44797 3 2
44798 3 1
44801 3 1
44804 2 2
44804 3 1
44811 2 1
44813 3 1
44815 3 1
44817 3 2
44818 3 1
44822 3 1
44824 3 1
44827 3 1
44829 2 1
44829 3 1
44830 2 1
44831 2 2
44832 2 1
44832 3 1
44833 3 2
44835 3 1
44837 3 1
44846 3 1
44849 2 1
44849 3 1
44850 2 1
44853 2 1
44853 3 1
44856 2 2
44856 3 1
44857 2 1
44857 3 1
44860 2 2
44860 3 1
44861 2 1
44862 3 1
44864 2 2
44864 3 1
44865 2 1
44866 2 1
44867 2 1
44868 3 1
44870 3 1
44875 3 1
44880 2 1
44881 2 1
44882 2 2
44882 3 1
44883 3 1
44891 3 1
44899 3 1
44912 2 1
44912 3 1
44917 3 1
44919 2 1
44919 3 1
44920 2 1
44923 3 1
44926 3 1
44928 2 1
44929 2 2
44930 2 1
44930 3 1
44931 3 1
44933 3 1
44936 3 1
44940 3 1
44941 2 1
44956 2 1
44961 3 1
44962 2 1
44963 2 1
44966 2 1
44966 3 1
44967 2 2
44967 3 1
44968 2 1
44969 2 1
44969 3 2
44970 3 1
44973 2 2
44973 3 1
44974 3 1
44976 2 1
44976 3 1
44977 3 2
44979 3 1
44981 2 1
44981 3 2
44983 3 1
44984 2 1
44985 2 1
44986 3 1
44988 3 1
44990 3 1
44991 2 1
44992 2 2
44992 3 1
44993 3 1
44997 2 1
44998 2 1
44999 2 2
45000 2 1
45000 3 1
45001 3 1
45013 2 1
45014 3 2
45016 2 1
45016 3 1
45025 2 1
45025 3 2
45026 3 1
45028 3 1
45029 2 1
45035 2 1
45037 2 1
45038 2 1
45039 2 2
45039 3 1
45046 2 1
45046 3 1
45051 2 1
45052 3 1
45060 3 1
45061 2 1
45062 2 1
45063 3 1
45065 2 1
45065 3 1
45066 2 1
45067 3 1
45069 2 1
45070 2 1
45071 2 1
45078 2 1
45079 3 1
45084 2 1
45085 2 1
45090 2 2
45090 3 1
45091 2 1
45091 3 1
45094 2 1
45094 3 1
45099 3 1
45101 3 1
45105 2 1
45111 2 1
45122 2 1
45126 3 1
45130 3 1
45133 2 2
45133 3 1
45134 3 1
45137 3 1
45139 2 1
45145 2 2
45145 3 1
45146 2 1
45146 3 1
45155 3 1
45159 2 1
45160 2 2
45161 2 1
45161 3 1
45162 3 1
45164 2 1
45164 3 1
45166 3 1
45168 2 1
45171 2 1
45172 3 1
45176 3 1
45187 2 1
45188 2 1
45189 2 2
45194 2 1
45195 2 1
45198 3 1
45199 2 1
45200 3 2
45202 2 1
45202 3 1
45207 2 2
45207 3 1
45208 3 1
45210 3 1
45213 3 1
45217 3 1
45219 3 1
45220 2 1
45221 2 2
45221 3 1
45224 2 1
45225 2 1
45227 2 1
45228 2 1
45229 3 1
45237 2 1
45237 3 1
45242 2 1
45242 3 1
45243 2 2
45244 3 1
45246 2 1
45246 3 1
45247 2 2
45248 2 1
45248 3 1
45249 2 1
45249 3 2
45250 2 2
45250 3 2
45251 3 1
45257 2 1
45258 3 1
45260 3 1
45263 3 1
45265 3 1
45267 3 1
45269 2 1
45272 2 1
45272 3 1
45273 3 1
45277 2 2
45277 3 1
45278 2 1
45285 2 1
45286 3 1
45291 2 1
45291 3 1
45297 2 1
45297 3 1
45300 2 1
45301 2 1
45305 3 1
45316 2 1
45316 3 2
45320 2 1
45321 2 1
45322 2 2
45322 3 1
45326 2 1
45337 3 1
45340 3 1
45342 3 1
45344 2 1
45345 3 1
45352 2 1
45353 3 1
45357 2 1
45360 3 2
45361 3 1
45365 2 1
45365 3 2
45366 2 2
45366 3 1
45367 2 1
45371 3 1
45375 2 1
45375 3 1
45378 2 2
45378 3 1
45379 2 1
45379 3 1
45380 2 1
45381 3 2
45382 3 1
45384 2 1
45384 3 1
45385 2 1
45388 3 1
45390 2 1
45390 3 1
45395 3 1
45402 2 1
45402 3 1
45403 3 2
45407 2 1
45408 3 1
45410 2 2
45410 3 1
45411 2 1
45412 3 1
45414 3 1
45417 3 1
45418 2 1
45419 3 1
45422 2 1
45423 3 2
45425 2 1
45425 3 1
45426 3 1
45431 2 1
45432 2 2
45433 2 1
45433 3 1
45434 3 1
45438 2 2
45438 3 1
45440 2 1
45443 3 1
45449 3 1
45451 2 1
45451 3 1
45452 2 1
45453 2 2
45454 2 1
45454 3 1
45455 2 1
45460 3 1
45462 3 1
45464 3 1
45474 2 1
45474 3 1
45477 2 1
45477 3 1
45484 2 2
45484 3 1
45485 3 1
45487 3 1
45490 2 2
45490 3 1
45491 2 1
45491 3 1
45492 3 1
45494 3 1
45496 3 1
45498 2 1
45506 3 1
45508 3 1
45513 2 1
45513 3 1
45518 2 1
45518 3 1
45522 3 1
45525 2 1
45526 2 1
45527 2 1
45528 2 2
45529 2 1
45529 3 1
45530 3 2
45534 2 2
45535 2 1
45536 2 1
45537 3 2
45539 2 1
45539 3 1
45540 2 2
45541 2 1
45541 3 1
45542 3 2
45544 3 1
45549 2 2
45549 3 1
45550 2 1
45551 2 1
45552 2 1
45556 3 1
45563 3 1
45566 2 1
45566 3 1
45567 2 1
45568 2 2
45570 2 2
45571 2 1
45571 3 1
45572 2 1
45579 3 1
45580 2 1
45592 2 1
45593 3 1
45599 2 1
45599 3 2
45603 3 1
45605 3 1
45606 2 1
45607 2 1
45608 2 2
45608 3 1
45611 2 1
45612 3 1
45614 2 1
45614 3 2
45615 3 1
45617 2 1
45622 2 1
45623 2 1
45627 3 1
45630 2 1
45630 3 2
45631 3 1
45637 2 1
45637 3 1
45638 2 2
45639 2 1
45639 3 1
45641 2 1
45642 2 1
45643 3 2
45648 2 1
45649 2 1
45650 3 1
45652 3 1
45655 2 2
45655 3 1
45656 3 1
45658 2 1
45658 3 1
45659 2 2
45660 2 1
45660 3 1
45663 3 1
45664 2 1
45664 3 2
45665 2 2
45666 2 1
45666 3 1
45671 2 1
45675 3 1
45676 2 1
45677 3 1
45681 2 1
45682 2 1
45683 3 1
45689 3 1
45692 2 1
45693 2 1
45696 2 1
45697 3 1
45700 2 1
45700 3 1
45702 2 2
45703 3 1
45710 2 2
45710 3 1
45711 2 1
45712 3 1
45719 2 1
45719 3 1
45726 3 1
45728 3 1
45731 3 1
45733 3 1
45734 3 2
45735 2 1
45736 2 2
45736 3 1
45737 3 1
45739 3 1
45741 2 2
45741 3 1
45742 2 1
45742 3 1
45743 2 1
45744 3 2
45745 3 1
45749 2 1
45749 3 1
45753 2 1
45753 3 1
45754 2 2
45761 2 2
45761 3 1
45762 2 1
45763 2 1
45767 2 2
45767 3 1
45768 2 2
45768 3 1
45769 2 1
45773 3 1
45777 3 1
45778 2 1
45779 2 1
45779 3 2
45780 2 1
45780 3 2
45781 3 1
45783 3 1
45785 2 2
45785 3 1
45786 3 1
45787 2 1
45788 3 1
45790 3 1
45793 2 1
45793 3 1
45794 2 1
45794 3 2
45797 2 1
45797 3 1
45798 3 2
45799 3 2
45800 3 1
45806 2 1
45811 3 1
45814 2 1
45814 3 1
45815 2 1
45815 3 2
45818 2 1
45819 2 1
45820 2 2
45820 3 1
45821 2 1
45822 3 1
45824 2 1
45824 3 1
45825 2 1
45830 3 1
45831 2 1
45832 2 2
45832 3 1
45833 3 1
45835 3 1
45836 2 1
45837 2 1
45838 3 1
45840 3 1
45842 2 1
45842 3 1
45846 3 1
45847 2 1
45850 3 1
45851 2 1
45852 3 1
45854 2 1
45854 3 1
45869 2 2
45870 2 1
45871 3 1
45873 2 1
45873 3 1
45874 2 1
45875 2 1
45876 3 1
45878 3 1
45879 2 1
45882 3 1
45885 2 1
45887 3 1
45895 3 1
45896 2 1
45897 3 1
45901 3 1
45903 2 1
45906 2 1
45906 3 1
45907 2 1
45908 3 2
45914 3 1
45916 3 1
45920 2 1
45920 3 1
45921 3 1
45927 3 1
45929 2 1
45929 3 2
45930 3 1
45932 2 1
45933 3 2
45935 3 1
45937 3 1
45940 2 1
45941 3 1
45943 3 1
45951 2 1
45951 3 1
45952 3 2
45955 2 1
45958 3 1
45974 2 1
45974 3 2
45975 2 1
45985 2 1
45986 2 1
45989 2 1
45990 3 1
45995 2 1
46003 3 1
46005 3 1
46008 2 1
46008 3 2
46009 2 2
46009 3 1
46010 2 1
46011 3 1
46013 2 1
46014 2 2
46015 2 1
46015 3 1
46016 3 2
46018 2 1
46021 2 1
46021 3 1
46022 2 2
46023 2 1
46023 3 1
46024 3 1
46028 2 1
46032 3 1
46033 2 1
46034 3 1
46037 2 1
46037 3 1
46044 2 1
46045 3 2
46049 2 1
46053 2 1
46053 3 1
46056 2 1
46056 3 1
46057 2 1
46057 3 2
46060 2 1
46060 3 2
46061 2 2
46061 3 1
46062 2 1
46065 2 1
46070 2 1
46071 3 1
46074 2 1
46075 2 1
46076 2 1
46077 2 2
46078 2 1
46078 3 1
46079 2 1
46079 3 2
46080 2 1
46080 3 2
46081 3 1
46084 3 1
46086 3 1
46088 2 1
46089 3 1
46091 2 1
46092 3 1
46097 3 1
46099 2 1
46104 2 1
46104 3 1
46105 2 1
46106 2 2
46106 3 1
46107 3 1
46109 2 1
46110 2 2
46111 2 1
46111 3 1
46112 3 2
46119 3 1
46122 2 1
46122 3 1
46126 2 1
46126 3 1
46129 2 1
46129 3 2
46130 2 1
46131 2 2
46135 3 1
46141 3 1
46153 2 1
46160 2 1
46161 3 1
46164 3 1
46166 3 1
46167 3 2
46169 2 1
46170 2 1
46177 2 1
46183 3 1
46185 2 1
46185 3 1
46186 2 1
46188 2 1
46189 2 1
46191 2 2
46192 2 1
46192 3 1
46197 2 2
46197 3 1
46198 3 1
46200 2 1
46200 3 1
46201 2 1
46202 2 1
46203 2 2
46203 3 1
46204 2 1
46210 2 1
46210 3 1
46211 2 1
46214 2 1
46215 3 1
46218 3 1
46220 2 1
46220 3 2
46221 2 1
46224 3 1
46225 2 1
46226 3 1
46228 2 1
46228 3 2
46229 2 1
46230 2 2
46230 3 1
46235 2 2
46235 3 1
46236 2 1
46236 3 1
46248 2 1
46249 2 1
46249 3 2
46250 2 1
46250 3 2
46251 3 1
46267 2 1
46272 3 1
46275 2 1
46275 3 1
46276 2 1
46277 2 1
46277 3 2
46278 3 1
46281 3 1
46284 2 1
46284 3 1
46288 3 1
46292 2 1
46292 3 2
46293 2 1
46294 3 1
46298 3 1
46300 2 2
46300 3 1
46301 2 1
46302 2 1
46304 3 1
46307 2 2
46308 2 1
46308 3 1
46312 2 1
46313 2 1
46314 3 2
46322 2 1
46322 3 1
46323 2 1
46330 3 1
46333 2 1
46334 3 1
46336 2 1
46336 3 1
46337 2 1
46348 2 1
46349 3 1
46356 3 1
46357 2 1
46358 2 2
46359 2 1
46359 3 1
46363 3 1
46366 2 1
46366 3 2
46367 3 1
46369 2 1
46370 2 1
46371 2 1
46371 3 2
46372 3 1
46374 3 1
46377 3 1
46380 2 1
46383 2 1
46389 2 1
46390 3 1
46392 3 1
46394 2 1
46395 2 2
46395 3 1
46396 3 1
46399 3 1
46401 2 1
46401 3 1
46405 2 1
46405 3 1
46406 3 1
46412 2 1
46414 3 1
46419 2 1
46420 2 1
46423 2 1
46424 2 1
46427 2 1
46428 2 1
46429 3 1
46431 3 1
46432 2 1
46433 3 1
46436 3 1
46441 2 1
46441 3 2
46442 2 2
46442 3 1
46443 2 1
46444 3 1
46448 3 1
46449 2 1
46450 2 1
46454 3 1
46458 2 1
46458 3 1
46462 3 1
46467 3 1
46468 2 1
46469 3 2
46471 2 1
46471 3 1
46472 2 1
46472 3 2
46473 2 1
46474 2 2
46475 3 1
46477 3 1
46480 3 1
46482 3 1
46483 3 2
46484 2 1
46485 2 1
46486 2 2
46486 3 1
46487 3 1
46492 2 1
46492 3 2
46493 3 1
46496 2 1
46497 3 1
46499 3 1
46500 2 1
46501 3 2
46504 2 1
46505 3 1
46507 2 1
46509 2 1
46510 3 1
46512 2 2
46512 3 1
46513 3 1
46515 3 1
46516 3 2
46520 3 1
46526 2 1
46527 2 1
46528 2 2
46529 2 1
46529 3 1
46537 3 1
46538 2 1
46541 2 1
46542 2 1
46543 3 1
46548 2 1
46549 2 2
46550 2 1
46550 3 1
46551 2 1
46551 3 2
46552 3 2
46554 2 1
46554 3 1
46555 2 2
46556 2 1
46556 3 1
46557 3 2
46558 3 2
46559 3 1
46568 2 1
46569 3 1
46571 2 1
46571 3 2
46572 3 1
46582 2 1
46584 2 1
46591 2 1
46591 3 1
46592 2 1
46594 2 1
46595 2 1
46596 2 1
46597 3 1
46599 3 1
46602 3 1
46603 2 1
46604 2 1
46605 3 1
46607 2 1
46607 3 2
46608 2 1
46609 3 1
46611 2 1
46616 2 1
46616 3 1
46617 3 1
46619 2 1
46619 3 1
46621 3 1
46627 2 1
46628 2 1
46629 2 1
46630 3 1
46632 3 1
46634 3 1
46639 2 1
46640 2 2
46641 2 1
46641 3 1
46642 2 1
46643 2 1
46643 3 2
46644 3 2
46648 2 1
46648 3 1
46649 2 2
46650 2 1
46650 3 1
46651 3 2
46654 2 1
46657 3 1
46664 2 1
46664 3 1
46669 3 1
46672 2 1
46680 3 1
46682 2 2
46682 3 1
46683 2 2
46683 3 1
46684 2 1
46684 3 1
46685 2 1
46687 2 1
46688 3 1
46691 2 1
46691 3 2
46693 2 1
46706 2 1
46706 3 2
46707 2 1
46710 3 1
46713 2 2
46713 3 1
46714 3 1
46715 2 1
46722 2 1
46723 2 1
46724 2 1
46729 3 1
46730 2 1
46731 2 2
46732 2 1
46732 3 1
46733 3 1
46737 2 1
46738 2 2
46738 3 1
46739 2 1
46740 2 1
46740 3 2
46741 3 1
46743 2 1
46743 3 1
46746 2 1
46746 3 1
46747 2 2
46747 3 1
46748 2 1
46749 3 1
46752 2 1
46757 2 1
46757 3 2
46758 2 2
46758 3 1
46759 2 1
46760 3 1
46763 2 1
46764 2 2
46765 2 1
46765 3 1
46766 3 1
46768 2 1
46768 3 1
46769 2 1
46770 3 2
46773 2 2
46774 2 1
46775 2 1
46778 2 1
46778 3 1
46779 2 1
46787 3 1
46789 2 1
46792 2 1
46793 3 1
46797 2 1
46799 3 1
46803 3 1
46806 3 1
46814 3 1
46816 3 1
46818 3 1
46821 2 1
46823 3 1
46825 3 1
46827 2 1
46828 2 1
46829 2 1
46830 2 2
46830 3 1
46831 3 1
46833 2 1
46833 3 2
46834 2 1
46835 2 1
46836 2 2
46837 2 1
46837 3 1
46845 2 2
46852 3 1
46854 2 1
46855 3 1
46864 2 1
46864 3 1
46866 2 1
46874 3 1
46876 3 1
46878 2 1
46878 3 1
46879 3 2
46882 2 2
46882 3 1
46883 2 1
46883 3 1
46884 3 1
46886 2 1
46886 3 2
46887 3 1
46889 3 1
46890 2 1
46890 3 2
46891 2 1
46893 2 2
46894 3 1
46896 3 1
46898 3 1
46901 2 1
46901 3 1
46907 2 1
46911 3 1
46913 3 1
46916 3 1
46918 3 1
46920 2 1
46920 3 1
46921 2 1
46922 3 1
46925 3 1
46928 2 1
46929 3 1
46943 3 1
46944 2 1
46945 2 2
46945 3 1
46946 2 1
46947 2 1
46947 3 2
46948 3 1
46952 2 1
46952 3 1
46956 2 1
46959 2 2
46959 3 1
46960 2 1
46966 2 1
46967 2 1
46968 3 1
46981 2 1
46981 3 1
46982 2 1
46983 3 1
46987 2 1
46987 3 2
46988 3 1
46990 2 2
46990 3 1
46991 3 1
46993 3 1
46994 3 2
46996 2 1
46997 2 2
46997 3 1
47003 2 1
47003 3 1
47004 2 1
47009 2 2
47009 3 1
47017 2 1
47017 3 1
47018 2 2
47019 2 1
47019 3 1
47020 3 2
47022 2 1
47022 3 1
47023 2 2
47024 3 1
47027 2 1
47028 3 1
47030 2 1
47031 2 2
47032 2 1
47032 3 1
47033 2 1
47034 2 1
47035 3 2
47038 2 1
47039 3 1
47042 2 2
47042 3 1
47043 2 2
47043 3 1
47044 2 1
47044 3 1
47047 2 1
47047 3 1
47048 2 1
47048 3 2
47050 3 1
47055 3 1
47058 3 1
47059 2 1
47060 2 1
47061 2 1
47070 2 1
47071 3 1
47076 2 1
47076 3 2
47078 3 1
47085 2 1
47085 3 1
47092 3 1
47095 2 2
47095 3 1
47096 2 1
47096 3 1
47098 3 1
47100 3 1
47102 2 1
47103 3 1
47107 2 2
47107 3 1
47108 2 1
47109 2 1
47110 3 1
47114 3 1
47122 2 1
47126 2 1
47127 3 1
47129 3 1
47132 2 1
47132 3 2
47133 3 1
47139 2 1
47139 3 1
47151 2 1
47152 2 2
47152 3 1
47153 3 1
47155 2 1
47155 3 2
47156 2 1
47157 3 1
47159 2 2
47159 3 1
47160 2 2
47160 3 1
47161 2 1
47162 2 1
47166 2 1
47167 3 1
47173 3 1
47175 2 1
47176 3 1
47185 3 1
47186 2 1
47186 3 2
47187 2 1
47188 2 2
47189 2 1
47189 3 1
47193 3 1
47195 2 1
47195 3 2
47196 2 1
47199 2 1
47199 3 2
47200 2 1
47200 3 2
47201 2 2
47201 3 1
47202 2 1
47203 2 1
47209 2 1
47209 3 1
47210 2 1
47218 2 1
47219 2 2
47219 3 1
47220 3 1
47222 3 1
47224 2 1
47224 3 1
47228 2 1
47228 3 1
47235 2 1
47235 3 1
47241 2 1
47241 3 1
47243 3 1
47245 3 1
47247 2 1
47247 3 1
47258 3 1
47261 2 1
47262 2 1
47267 2 1
47268 3 2
47270 2 1
47271 3 1
47274 2 1
47276 3 1
47280 3 1
47292 2 1
47293 2 1
47302 2 1
47305 2 2
47306 2 1
47306 3 1
47308 2 1
47309 3 2
47312 2 1
47312 3 1
47315 2 2
47315 3 1
47316 2 1
47317 3 1
47319 2 2
47319 3 1
47320 2 1
47324 2 1
47325 3 1
47331 2 1
47334 2 1
47334 3 1
47339 3 1
47341 2 1
47342 3 1
47345 2 1
47345 3 1
47346 3 1
47348 2 2
47348 3 1
47349 2 1
47349 3 1
47350 2 1
47351 2 1
47351 3 2
47352 2 1
47352 3 2
47353 3 1
47355 3 1
47357 3 1
47360 2 1
47361 2 1
47362 2 2
47368 3 1
47370 2 1
47371 2 2
47371 3 1
47372 2 1
47373 3 2
47376 2 1
47380 3 1
47382 2 1
47382 3 1
47383 2 1
47384 3 2
47388 2 1
47389 3 1
47392 2 1
47393 2 1
47404 2 1
47405 2 2
47405 3 1
47406 3 1
47408 2 1
47408 3 1
47409 2 1
47409 3 2
47410 3 2
47412 3 1
47413 2 1
47413 3 2
47414 2 1
47415 2 2
47415 3 1
47420 2 1
47420 3 1
47422 3 1
47424 3 1
47425 2 1
47426 3 1
47429 2 1
47430 2 2
47431 2 1
47431 3 1
47432 3 1
47434 3 1
47436 2 1
47440 3 1
47441 2 1
47442 3 1
47444 2 1
47453 2 1
47453 3 2
47454 2 1
47458 2 1
47459 3 1
47462 2 1
47463 3 1
47466 3 1
47471 2 1
47472 3 1
47475 2 1
47475 3 1
47476 2 1
47477 2 1
47482 3 1
47485 2 1
47496 2 1
47499 2 1
47505 3 1
47515 2 1
47515 3 1
47516 2 1
47520 3 1
47522 2 1
47523 2 1
47524 3 2
47528 3 1
47530 3 1
47531 2 1
47532 2 1
47532 3 2
47533 3 1
47540 3 1
47542 2 1
47543 3 1
47545 2 1
47545 3 1
47546 3 1
47548 3 1
47553 3 1
47555 2 1
47555 3 1
47556 2 1
47559 3 1
47560 2 1
47572 2 1
47572 3 1
47576 2 1
47577 2 1
47579 3 1
47581 3 1
47582 2 1
47586 2 1
47586 3 1
47587 2 1
47588 2 2
47588 3 1
47591 2 1
47595 2 1
47602 3 1
47608 3 1
47611 3 1
47613 2 1
47613 3 1
47614 2 1
47615 2 2
47615 3 1
47616 2 1
47622 2 2
47622 3 1
47623 3 1
47625 2 1
47628 2 1
47628 3 1
47629 2 1
47629 3 2
47632 2 1
47632 3 2
47633 2 2
47633 3 1
47634 2 1
47637 3 1
47642 3 1
47645 3 1
47648 3 1
47650 2 1
47650 3 1
47655 2 1
47655 3 1
47656 2 2
47656 3 1
47657 2 1
47658 2 1
47661 2 1
47661 3 1
47662 2 1
47662 3 2
47663 2 1
47666 2 2
47667 2 1
47667 3 1
47669 3 1
47676 2 1
47677 2 1
47678 3 1
47682 2 1
47685 2 1
47686 2 1
47687 2 1
47688 2 2
47688 3 1
47689 2 1
47690 3 1
47692 2 1
47692 3 2
47694 3 1
47696 2 1
47699 2 1
47700 2 1
47703 3 1
47708 2 2
47708 3 1
47709 2 1
47710 2 1
47715 2 1
47715 3 1
47719 3 1
47722 3 1
47727 3 1
47729 2 1
47729 3 1
47730 3 1
47736 2 1
47737 3 1
47740 3 1
47743 2 1
47746 2 1
47751 2 1
47751 3 1
47759 2 2
47759 3 1
47760 3 1
47762 3 1
47777 3 1
47778 2 1
47779 2 1
47779 3 2
47780 3 1
47782 3 1
47785 3 1
47789 2 1
47790 2 1
47791 2 1
47797 2 1
47798 3 1
47801 2 1
47801 3 1
47802 2 1
47803 2 1
47807 3 1
47809 2 1
47809 3 1
47810 2 2
47811 2 1
47811 3 1
47812 3 2
47821 2 1
47822 2 2
47823 3 1
47825 2 1
47832 3 1
47836 3 1
47838 3 1
47842 3 1
47843 2 1
47844 3 1
47848 2 1
47848 3 1
47861 2 1
47861 3 1
47865 2 1
47867 3 1
47875 2 1
47875 3 1
47876 2 1
47877 2 1
47884 2 1
47887 2 1
47887 3 1
47888 3 2
47890 3 1
47892 3 1
47898 2 1
47898 3 1
47899 2 2
47900 3 1
47905 2 1
47906 3 1
47908 2 1
47908 3 1
47912 3 1
47913 2 1
47916 2 1
47916 3 1
47918 2 1
47922 2 2
47922 3 1
47923 2 1
47923 3 1
47924 2 1
47925 3 2
47929 3 1
47930 2 1
47931 2 1
47932 2 2
47933 3 1
47938 2 1
47939 3 1
47942 3 1
47943 2 1
47946 2 1
47955 2 1
47956 2 1
47956 3 2
47957 3 1
47965 3 1
47967 2 1
47968 2 1
47968 3 2
47969 3 1
47971 2 1
47973 3 1
47980 2 1
47981 2 1
47982 3 1
47984 2 1
47984 3 1
47991 2 1
47991 3 1
47992 2 2
47993 3 1
47995 2 1
47998 2 1
47998 3 1
48003 2 1
48006 2 2
48006 3 1
48007 2 1
48007 3 2
48011 3 1
48014 2 1
48014 3 2
48015 2 1
48016 2 2
48016 3 1
48017 2 1
48018 3 1
48021 3 1
48023 3 1
48030 2 1
48030 3 1
48031 2 1
48032 2 1
48033 3 1
48036 2 1
48037 3 2
48039 2 2
48039 3 1
48040 2 1
48040 3 1
48041 2 1
48042 2 1
48044 2 1
48045 3 1
48050 2 1
48050 3 1
48051 3 1
48053 2 1
48053 3 1
48056 2 1
48056 3 1
48061 2 1
48070 2 1
48070 3 1
48072 2 1
48072 3 2
48073 3 1
48075 2 1
48076 3 1
48078 3 1
48084 3 1
48086 3 1
48088 2 1
48089 2 1
48091 3 1
48094 2 1
48100 2 1
48101 3 1
48103 3 1
48107 3 1
48109 3 1
48111 2 1
48111 3 1
48112 2 1
48115 3 1
48119 3 1
48122 2 1
48123 3 1
48125 3 1
48129 2 1
48129 3 1
48130 3 1
48133 3 1
48135 2 1
48136 2 1
48144 2 1
48145 3 1
48148 3 1
48161 3 1
48164 2 1
48165 2 1
48166 2 1
48167 2 2
48168 2 1
48168 3 1
48169 3 2
48171 2 1
48171 3 1
48173 3 1
48175 3 1
48177 2 1
48177 3 2
48178 3 1
48180 2 1
48180 3 1
48181 3 1
48183 3 1
48187 2 1
48188 2 1
48192 2 1
48192 3 1
48193 3 2
48199 2 1
48200 3 2
48202 2 1
48202 3 1
48203 2 1
48205 2 2
48205 3 1
48206 3 1
48210 2 1
48211 2 1
48212 3 1
48216 2 2
48216 3 1
48217 2 1
48217 3 1
48218 2 1
48229 2 1
48230 3 1
48233 2 1
48233 3 1
48234 2 2
48235 2 1
48235 3 1
48236 2 1
48236 3 2
48237 2 1
48237 3 2
48238 3 1
48240 2 1
48240 3 1
48245 2 1
48245 3 1
48250 2 1
48250 3 2
48251 2 1
48252 2 1
48253 3 1
48259 2 2
48259 3 1
48260 2 1
48260 3 1
48267 2 1
48267 3 1
48270 2 1
48272 3 1
48275 3 1
48277 2 1
48277 3 1
48280 3 1
48283 2 1
48287 2 1
48288 2 2
48289 2 1
48289 3 1
48290 2 1
48291 3 1
48293 3 1
48295 2 2
48295 3 1
48296 2 1
48296 3 1
48297 2 1
48298 3 2
48300 3 1
48306 2 1
48310 3 1
48314 2 1
48314 3 1
48315 2 2
48315 3 1
48316 2 1
48323 2 1
48324 2 1
48325 3 1
48327 2 2
48327 3 1
48328 2 1
48333 3 1
48336 3 1
48338 3 1
48346 2 1
48346 3 1
48349 2 1
48349 3 1
48354 2 1
48361 2 1
48368 2 1
48368 3 2
48370 3 1
48384 3 1
48386 3 1
48388 3 1
48392 3 1
48404 2 1
48404 3 1
48405 2 1
48406 2 2
48407 3 1
48410 2 1
48412 3 1
48414 3 1
48418 2 1
48419 2 1
48419 3 2
48420 3 1
48422 3 1
48425 2 1
48429 3 1
48438 2 1
48439 3 1
48445 2 1
48445 3 2
48446 2 1
48451 2 1
48452 2 2
48453 2 1
48453 3 1
48454 2 1
48454 3 2
48455 3 2
48457 2 2
48457 3 1
48459 2 1
48462 3 1
48464 3 1
48469 2 1
48469 3 2
48470 2 1
48470 3 2
48471 3 1
48477 2 1
48477 3 1
48478 2 1
48482 2 1
48482 3 2
48485 2 1
48485 3 1
48486 3 1
48489 3 1
48493 2 1
48499 2 1
48499 3 1
48504 2 1
48505 2 1
48509 2 1
48509 3 1
48512 2 2
48512 3 1
48513 2 1
48513 3 1
48514 2 1
48519 2 1
48520 3 1
48522 3 1
48525 2 1
48525 3 1
48526 2 1
48527 3 1
48530 3 1
48534 2 1
48534 3 1
48535 2 2
48535 3 1
48536 2 1
48539 2 1
48539 3 1
48540 2 1
48540 3 2
48541 2 1
48541 3 2
48542 2 1
48542 3 2
48543 2 1
48558 2 1
48559 3 1
48561 3 1
48564 3 1
48566 3 1
48568 2 2
48568 3 1
48569 2 1
48569 3 1
48572 2 1
48575 2 1
48575 3 1
48576 2 1
48577 2 2
48578 2 1
48578 3 1
48583 3 1
48585 2 1
48585 3 1
48586 2 1
48590 2 1
48590 3 1
48591 2 2
48592 3 1
48596 2 1
48596 3 1
48598 3 1
48602 2 1
48606 3 1
48607 2 1
48608 3 1
48610 2 2
48610 3 1
48611 2 1
48611 3 1
48612 2 1
48613 3 2
48615 2 1
48616 2 1
48617 3 1
48622 2 1
48622 3 1
48623 3 2
48625 2 1
48625 3 1
48629 2 1
48629 3 1
48631 3 1
48634 2 1
48634 3 1
48635 3 2
48636 3 1
48644 2 1
48644 3 1
48645 3 1
48647 2 1
48653 2 1
48654 2 1
48657 2 1
48658 2 1
48663 3 1
48665 2 1
48666 3 1
48669 3 1
48684 2 1
48684 3 2
48685 2 1
48685 3 2
48686 3 1
48689 3 1
48691 2 1
48691 3 2
48693 3 1
48696 2 1
48697 2 2
48698 2 1
48698 3 1
48699 3 2
48703 3 1
48705 2 2
48705 3 1
48706 3 1
48708 2 1
48708 3 1
48713 2 1
48714 3 1
48717 2 1
48718 3 1
48720 2 1
48720 3 1
48721 2 1
48722 3 1
48725 2 2
48726 2 1
48726 3 1
48728 3 1
48730 2 1
48731 2 1
48732 2 1
48733 2 1
48734 2 2
48738 2 1
48738 3 1
48741 2 1
48742 2 1
48743 3 1
48745 2 1
48745 3 1
48746 2 1
48747 2 1
48754 3 1
48757 2 1
48757 3 1
48758 2 1
48759 3 1
48762 2 2
48762 3 1
48763 2 1
48764 2 1
48765 2 1
48773 2 1
48773 3 1
48774 2 1
48774 3 2
48775 2 1
48776 2 2
48777 3 1
48789 2 2
48789 3 1
48790 3 1
48793 2 1
48793 3 1
48800 2 1
48801 2 1
48804 3 1
48807 2 1
48807 3 2
48808 2 1
48809 2 1
48811 2 2
48812 3 1
48816 2 1
48817 2 1
48818 2 1
48819 3 1
48822 2 1
48822 3 1
48823 3 1
48826 3 1
48831 2 1
48832 3 1
48835 2 2
48836 2 1
48837 2 1
48841 3 1
48843 3 1
48845 2 1
48852 3 1
48855 3 1
48858 3 1
48859 2 1
48859 3 2
48860 2 2
48861 2 1
48861 3 1
48865 2 1
48865 3 1
48866 2 2
48866 3 1
48867 3 1
48869 2 1
48870 3 1
48873 3 1
48875 2 1
48877 3 1
48880 3 1
48881 2 1
48885 2 1
48885 3 2
48886 2 2
48886 3 1
48887 2 1
48890 2 1
48890 3 1
48891 3 1
48894 2 2
48894 3 1
48895 2 1
48895 3 1
48896 2 1
48897 3 1
48899 2 1
48899 3 2
48900 2 1
48905 2 1
48905 3 1
48908 2 1
48909 3 1
48921 2 2
48921 3 1
48922 2 1
48923 3 1
48936 3 1
48938 3 1
48940 3 1
48943 3 1
48947 2 1
48948 3 1
48951 2 1
48952 2 1
48954 3 2
48955 3 1
48958 3 1
48960 2 1
48960 3 1
48961 2 1
48962 2 1
48965 2 1
48965 3 1
48966 2 2
48967 2 1
48967 3 1
48968 3 1
48970 2 1
48975 2 1
48976 2 1
48977 3 1
48979 2 1
48979 3 1
48982 2 1
48992 2 1
48997 3 1
48999 2 2
48999 3 1
49000 2 1
49000 3 1
49002 2 1
49003 3 2
49005 3 1
49012 3 1
49013 2 1
49014 2 1
49031 2 1
49045 2 1
49045 3 1
49046 2 1
49046 3 2
49047 2 1
49047 3 2
49048 2 1
49049 2 2
49049 3 1
49050 2 1
49051 3 1
49054 2 1
49063 3 1
49066 2 2
49066 3 1
49068 2 1
49069 2 1
49070 3 2
49073 3 1
49082 2 1
49083 2 1
49084 3 1
49096 2 1
49097 3 1
49099 2 2
49099 3 1
49100 2 1
49101 3 1
49103 3 1
49116 2 1
49116 3 1
49120 3 1
49129 3 1
49132 2 1
49132 3 2
49133 3 1
49135 2 1
49136 3 1
49138 3 1
49140 2 1
49140 3 1
49141 2 1
49141 3 2
49142 2 2
49143 2 2
49143 3 1
49144 3 1
49149 2 1
49154 2 1
49154 3 2
49155 2 1
49156 2 1
49161 2 1
49162 2 1
49167 2 2
49167 3 1
49168 3 1
49171 2 1
49172 3 2
49175 2 1
49176 3 1
49178 3 1
49179 2 1
49180 2 1
49187 2 1
49191 2 1
49192 2 1
49194 2 1
49194 3 2
49195 3 1
49198 3 1
49200 2 2
49200 3 1
49201 2 1
49201 3 1
49208 2 1
49209 2 1
49210 3 1
49212 2 1
49212 3 1
49215 2 1
49216 2 2
49216 3 1
49218 2 1
49219 2 1
49224 2 2
49231 2 1
49231 3 1
49234 2 1
49235 2 2
49236 2 1
49236 3 1
49237 3 2
49242 3 1
49244 2 2
49244 3 1
49245 2 1
49246 3 1
49249 3 1
49250 2 1
49251 3 1
49255 2 1
49261 2 1
49261 3 1
49269 3 1
49271 3 1
49272 2 1
49273 2 1
49276 2 2
49276 3 1
49277 3 1
49280 2 1
49280 3 1
49281 2 2
49281 3 1
49282 2 1
49283 2 1
49284 3 1
49288 2 1
49288 3 1
49295 2 1
49295 3 1
49300 2 1
49301 3 1
49303 2 1
49303 3 1
49304 3 1
49309 3 1
49311 2 1
49317 2 1
49318 3 1
49322 2 1
49323 2 1
49323 3 2
49324 3 1
49326 3 1
49328 3 1
49333 3 1
49339 2 1
49347 2 1
49347 3 1
49348 2 1
49349 2 2
49349 3 1
49350 2 1
49356 2 1
49356 3 1
49359 3 1
49361 3 1
49363 2 1
49363 3 1
49368 2 1
49368 3 1
49369 3 1
49374 3 1
49376 3 1
49378 2 1
49379 2 1
49380 3 2
49390 2 1
49391 2 1
49392 2 2
49392 3 1
49397 2 1
49397 3 2
49398 2 1
49399 3 1
49403 2 1
49403 3 1
49413 3 1
49415 2 1
49415 3 2
49416 2 2
49416 3 1
49417 2 1
49418 3 1
49420 2 1
49423 2 1
49423 3 1
49426 3 1
49430 2 1
49430 3 1
49431 3 1
49435 2 1
49435 3 1
49442 2 1
49442 3 1
49443 2 1
49444 2 2
49445 3 1
49449 2 1
49449 3 1
49450 2 1
49452 2 2
49452 3 1
49453 2 1
49454 2 1
49455 3 2
49458 3 1
49459 2 1
49460 2 1
49461 3 1
49466 3 1
49468 3 1
49471 2 1
49471 3 1
49472 2 2
49473 2 1
49473 3 1
49477 2 2
49477 3 1
49478 3 1
49480 3 1
49481 3 2
49483 3 1
49485 3 1
49493 2 1
49495 3 1
49500 3 1
49501 2 1
49507 2 1
49510 2 1
49510 3 1
49513 2 1
49513 3 2
49514 2 1
49515 3 1
49524 2 1
49525 2 1
49528 2 1
49532 3 1
49537 2 1
49537 3 1
49538 3 2
49540 3 1
49545 2 1
49546 2 2
49547 2 1
49547 3 1
49548 3 2
49553 2 1
49556 2 1
49556 3 1
49557 2 2
49558 3 1
49562 2 1
49563 2 1
49564 2 1
49570 2 1
49570 3 1
49571 2 1
49572 2 2
49580 2 2
49580 3 1
49581 3 1
49586 3 1
49600 2 1
49600 3 1
49601 2 2
49602 2 1
49602 3 1
49603 3 2
49606 2 1
49607 3 1
49610 3 1
49624 3 1
49626 3 1
49633 2 2
49634 3 1
49635 2 1
49636 3 2
49639 2 1
49642 3 1
49643 2 1
49644 2 2
49644 3 1
49645 2 2
49645 3 1
49646 3 1
49648 2 1
49648 3 1
49649 2 1
49651 2 2
49652 2 1
49652 3 1
49657 2 1
49657 3 1
49660 3 1
49669 2 1
49671 3 1
49673 2 1
49674 3 1
49679 2 1
49680 2 2
49687 2 1
49688 2 1
49689 2 2
49689 3 1
49690 2 1
49695 3 1
49700 3 1
49704 2 1
49705 3 1
49707 2 2
49707 3 1
49708 3 1
49711 2 1
49711 3 1
49714 3 1
49715 2 1
49716 2 1
49717 2 1
49718 2 2
49718 3 1
49719 3 1
49722 2 1
49723 2 1
49725 2 1
49729 3 1
49732 2 1
49732 3 1
49733 2 1
49738 2 1
49742 2 1
49745 2 1
49746 3 1
49748 3 1
49752 2 1
49753 2 2
49753 3 1
49754 2 1
49757 2 1
49758 3 1
49760 3 1
49763 2 1
49766 3 1
49772 2 1
49773 3 1
49775 2 1
49775 3 1
49788 2 1
49789 2 1
49790 3 1
49792 2 1
49793 2 1
49794 3 1
49796 3 1
49798 2 1
49806 3 1
49808 2 1
49811 2 1
49811 3 1
49812 3 1
49814 2 1
49814 3 2
49815 2 1
49815 3 2
49816 2 2
49816 3 1
49817 2 1
49824 2 1
49825 2 1
49826 3 1
49828 2 1
49828 3 1
49829 3 1
49833 3 1
49835 3 1
49837 2 1
49837 3 1
49839 3 1
49844 2 1
49844 3 1
49845 2 1
49855 2 1
49857 2 2
49858 3 1
49863 2 1
49868 3 1
49872 2 1
49873 2 1
49874 3 1
49876 2 1
49876 3 1
49881 2 1
49883 2 2
49883 3 1
49884 2 1
49885 3 1
49887 2 1
49888 3 1
49903 3 1
49910 2 1
49913 2 1
49913 3 1
49914 2 1
49914 3 2
49916 3 1
49919 3 1
49921 2 1
49922 2 2
49923 3 1
49925 3 1
49927 3 1
49928 2 1
49929 3 2
49931 2 1
49931 3 1
49932 2 1
49936 2 1
49939 3 1
49941 3 1
49948 2 1
49948 3 2
49953 3 1
49956 3 1
49964 3 1
49966 3 1
49968 3 1
49969 3 2
49970 2 1
49971 2 2
49971 3 1
49972 2 1
49984 2 2
49984 3 1
49985 2 1
49986 2 1
49987 2 1
49990 2 1
49990 3 1
49995 2 2
49995 3 1
49996 3 1
50006 2 1
50007 3 1
50009 3 1
50011 3 1
50012 2 1
50013 2 1
50013 3 2
50014 3 1
50016 3 1
50024 2 1
50025 2 2
50026 2 1
50026 3 1
50027 3 2
50035 3 1
50037 3 1
50043 2 1
50047 2 1
50048 3 1
50050 2 1
50050 3 2
50051 2 1
50052 2 2
50057 2 1
50057 3 1
50058 2 1
50062 2 1
50063 2 1
50067 3 1
50071 2 1
50072 2 1
50078 2 1
50078 3 2
50079 2 1
50079 3 2
50080 3 1
50083 3 1
50088 2 2
50088 3 1
50089 2 1
50090 2 1
50091 2 1
50092 2 1
50099 2 1
50100 3 1
50103 2 1
50103 3 2
50104 2 1
50105 2 2
50106 3 1
50108 2 1
50108 3 1
50109 2 1
50109 3 2
50110 2 2
50111 2 1
50111 3 1
50112 3 2
50114 3 1
50117 2 1
50118 2 1
50119 2 1
50120 2 2
50120 3 1
50121 3 1
50123 3 1
50124 2 1
50125 2 1
50126 2 1
50133 2 1
50134 2 2
50135 3 1
50141 3 1
50145 3 1
50151 3 1
50153 3 1
50156 3 1
50158 3 1
50160 3 1
50162 2 1
50163 3 1
50165 2 1
50165 3 2
50166 3 1
50170 2 1
50171 3 1
50173 2 1
50173 3 1
50178 3 1
50180 2 1
50181 2 2
50181 3 1
50190 2 1
50191 3 1
50193 3 1
50196 2 1
50197 3 1
50206 2 1
50206 3 1
50216 3 1
50218 2 1
50220 3 1
50221 2 1
50223 2 1
50224 2 1
50224 3 2
50225 3 1
50227 3 1
50233 3 1
50241 2 1
50245 2 1
50246 3 1
50248 3 1
50250 3 1
50254 3 1
50260 2 1
50267 3 1
50272 2 1
50279 2 2
50280 2 1
50280 3 1
50281 2 1
50282 3 1
50288 3 1
50290 2 1
50290 3 1
50293 2 1
50299 2 1
50299 3 1
50301 3 1
50303 2 1
50304 2 1
50307 2 1
50310 2 1
50311 2 1
50317 2 1
50318 3 1
50321 3 1
50322 3 2
50324 2 2
50324 3 1
50326 2 1
50327 3 1
50330 3 1
50331 2 1
50341 2 1
50342 2 1
50343 2 2
50343 3 1
50344 2 1
50345 2 1
50346 2 1
50346 3 2
50347 3 1
50351 2 1
50351 3 1
50352 2 1
50354 2 1
50355 2 1
50356 2 1
50359 2 1
50359 3 1
50363 2 1
50363 3 1
50364 2 1
50377 2 2
50377 3 1
50378 2 1
50378 3 1
50379 2 1
50380 3 1
50383 2 1
50384 2 2
50384 3 1
50385 2 1
50386 3 1
50389 2 1
50390 2 1
50391 2 2
50392 2 1
50392 3 1
50394 3 1
50397 2 1
50398 2 2
50399 2 1
50399 3 1
50404 3 1
50406 3 1
50408 2 1
50409 2 1
50411 2 1
50415 2 1
50415 3 1
50416 2 1
50417 2 2
50417 3 1
50418 3 1
50429 2 1
50430 2 2
50431 2 1
50431 3 1
50432 2 1
50432 3 2
50433 3 2
50435 2 2
50435 3 1
50436 2 1
50436 3 1
50449 2 1
50455 3 1
50458 2 1
50460 3 1
50465 2 1
50465 3 1
50466 3 1
50468 3 1
50471 2 1
50472 3 1
50481 2 1
50482 2 1
50483 2 2
50492 2 1
50497 3 1
50501 2 1
50504 2 1
50507 2 1
50508 2 1
50514 2 1
50515 2 1
50516 3 1
50519 3 1
50520 2 1
50521 3 1
50523 3 1
50525 2 1
50531 2 1
50532 3 1
50544 2 1
50545 2 1
50546 2 1
50546 3 2
50547 3 1
50555 3 1
50556 2 1
50560 2 1
50563 2 1
50564 2 1
50565 3 2
50567 3 1
50572 3 1
50573 2 1
50578 2 1
50579 3 1
50585 3 1
50587 3 1
50590 2 1
50590 3 1
50591 3 2
50598 2 1
50599 3 1
50601 2 1
50603 2 2
50603 3 1
50604 2 1
50605 2 1
50606 2 1
50609 3 1
50611 2 1
50612 2 2
50612 3 1
50620 3 1
50623 2 1
50623 3 1
50626 2 1
50626 3 1
50635 2 1
50635 3 1
50639 2 1
50639 3 1
50640 3 2
50644 2 1
50644 3 1
50645 2 1
50645 3 2
50646 2 1
50646 3 2
50648 2 1
50652 2 1
50653 2 2
50653 3 1
50654 2 1
50655 3 2
50658 2 1
50659 3 1
50661 3 1
50664 2 1
50666 3 1
50669 3 1
50671 2 1
50672 3 1
50676 3 1
50678 2 1
50678 3 1
50679 2 1
50680 2 2
50680 3 1
50681 3 1
50683 2 1
50683 3 2
50685 3 1
50692 3 1
50694 2 1
50694 3 2
50695 2 2
50696 2 1
50696 3 1
50702 3 1
50704 2 1
50706 3 1
50708 2 1
50709 2 1
50710 2 1
50711 2 2
50711 3 1
50712 2 1
50715 2 1
50715 3 1
50716 2 1
50716 3 2
50728 2 1
50728 3 1
50731 2 1
50737 3 1
50741 2 1
50741 3 1
50742 2 2
50743 3 1
50746 2 1
50756 3 1
50758 3 1
50761 3 1
50769 3 1
50774 3 1
50776 3 1
50786 3 1
50787 2 1
50788 2 1
50790 3 2
50791 3 1
50793 3 1
50796 3 1
50798 2 1
50799 2 2
50799 3 1
50800 3 1
50803 3 1
50804 2 1
50805 3 1
50809 2 1
50817 2 1
50817 3 1
50818 2 1
50819 2 1
50820 3 1
50823 2 1
50823 3 1
50824 2 2
50825 2 1
50825 3 1
50826 2 1
50827 2 1
50828 2 1
50829 2 1
50829 3 2
50830 3 1
50832 3 1
50835 2 1
50835 3 1
50837 3 1
50842 2 1
50842 3 1
50843 2 1
50844 2 2
50845 2 1
50845 3 1
50846 3 1
50848 2 1
50848 3 1
50851 3 1
50853 3 1
50857 2 1
50858 3 1
50861 2 1
50861 3 1
50862 3 2
50864 3 1
50867 2 1
50868 2 1
50872 2 1
50873 3 1
50876 2 1
50877 3 1
50880 3 1
50886 3 1
50889 2 1
50889 3 2
50896 2 1
50900 3 1
50905 2 1
50906 2 1
50907 3 1
50910 2 1
50910 3 1
50916 2 1
50916 3 2
50917 2 1
50917 3 2
50918 2 1
50918 3 2
50919 2 1
50919 3 2
50920 2 2
50920 3 1
50921 2 1
50922 2 1
50925 3 1
50927 3 1
50932 2 1
50932 3 1
50935 2 2
50935 3 1
50936 2 1
50937 2 1
50938 3 2
50950 2 1
50951 2 1
50952 2 1
50955 3 1
50957 2 1
50957 3 2
50958 2 2
50959 2 1
50959 3 1
50960 3 1
50963 2 1
50964 2 1
50965 3 1
50969 2 1
50970 2 1
50971 3 1
50979 2 1
50979 3 2
50981 3 1
50983 3 1
50988 3 1
50992 2 1
51008 3 1
51013 2 1
51013 3 1
51014 3 2
51016 2 1
51016 3 1
51020 2 1
51025 3 1
51026 2 1
51031 3 1
51033 3 1
51035 2 1
51036 3 1
51038 2 1
51038 3 2
51046 2 1
51047 2 1
51048 2 1
51049 3 1
51051 3 1
51053 2 2
51053 3 1
51054 3 1
51055 2 1
51056 2 1
51056 3 2
51057 2 1
51057 3 2
51058 3 1
51060 2 1
51060 3 1
51061 2 1
51062 2 1
51063 3 2
51067 2 1
51067 3 1
51076 2 1
51079 2 1
51079 3 1
51080 3 2
51083 2 1
51084 2 1
51085 3 1
51091 2 1
51092 2 1
51097 2 1
51098 2 1
51102 3 1
51106 2 1
51106 3 1
51107 2 2
51108 2 1
51108 3 1
51109 3 2
51112 3 1
51114 2 1
51114 3 2
51115 3 1
51117 2 1
51117 3 1
51122 2 2
51122 3 1
51123 2 1
51128 3 1
51130 3 1
51132 2 1
51132 3 1
51138 2 1
51138 3 2
51139 2 1
51140 2 2
51140 3 1
51141 2 1
51142 3 1
51150 2 1
51151 3 1
51154 2 1
51155 3 1
51157 2 1
51158 3 1
51162 2 1
51162 3 1
51163 2 2
51164 2 1
51164 3 1
51165 2 1
51166 3 1
51173 3 1
51175 2 1
51175 3 1
51176 2 1
51179 2 1
51179 3 1
51182 3 1
51187 2 2
51188 3 1
51189 2 1
51190 3 1
51192 2 1
51192 3 1
51193 2 1
51194 2 1
51195 2 1
51196 2 1
51200 3 1
51201 2 1
51202 2 2
51203 2 1
51203 3 1
51204 3 2
51208 2 1
51209 2 2
51210 3 1
51211 2 1
51212 3 2
51215 2 1
51215 3 1
51225 2 1
51227 3 1
51233 2 1
51234 3 1
51236 2 2
51236 3 1
51237 2 1
51238 2 1
51239 3 2
51240 3 1
51242 2 1
51243 3 1
51248 2 1
51249 2 1
51254 2 1
51255 2 1
51256 3 1
51258 2 1
51258 3 2
51259 2 2
51259 3 1
51260 2 1
51262 2 1
51263 3 1
51266 2 1
51267 3 1
51270 3 1
51271 3 2
51275 3 1
51277 3 1
51285 2 1
51286 2 1
51287 2 1
51288 3 1
51290 2 1
51291 2 1
51292 2 1
51293 2 2
51300 2 1
51313 2 1
51314 2 1
51315 3 1
51320 2 1
51321 3 1
51330 2 1
51333 2 1
51333 3 1
51334 2 1
51335 2 2
51336 2 1
51336 3 1
51337 3 2
51340 2 1
51340 3 1
51341 2 1
51341 3 2
51342 2 1
51342 3 2
51343 2 1
51343 3 2
51346 2 1
51346 3 1
51350 2 1
51350 3 2
51351 2 1
51351 3 2
51352 3 1
51381 2 1
51381 3 1
51386 2 1
51387 2 1
51387 3 2
51388 2 2
51388 3 1
51389 2 1
51398 2 1
51398 3 1
51401 3 1
51402 2 1
51404 2 1
51405 2 2
51406 2 1
51406 3 1
51407 3 2
51409 3 1
51411 3 1
51412 2 1
51413 2 1
51414 2 1
51415 3 1
51417 3 1
51419 3 1
51428 3 1
51432 3 1
51435 2 1
51436 2 1
51437 2 1
51438 2 2
51438 3 1
51439 3 1
51441 3 1
51443 2 1
51444 2 1
51450 2 1
51455 2 1
51455 3 1
51460 2 1
51464 2 1
51467 3 1
51469 3 1
51475 2 1
51475 3 1
51476 2 1
51476 3 2
51482 2 1
51487 3 1
51489 2 1
51489 3 1
51490 2 1
51490 3 2
51491 2 1
51492 2 2
51493 3 1
51502 3 1
51504 2 1
51505 2 1
51506 3 1
51512 2 1
51516 2 1
51516 3 1
51520 3 1
51533 2 1
51534 2 1
51535 2 1
51538 3 1
51547 2 1
51548 3 1
51552 2 1
51553 2 2
51553 3 1
51554 3 1
51565 3 1
51571 3 1
51572 2 1
51583 2 1
51587 2 1
51587 3 2
51588 3 1
51592 3 1
51594 3 1
51596 3 1
51599 2 1
51600 3 1
51603 3 1
51605 2 1
51606 3 1
51610 3 1
51613 2 1
51613 3 2
51614 2 1
51615 3 1
51617 2 1
51618 2 1
51619 2 1
51620 3 1
51623 3 1
51627 2 1
51627 3 1
51628 2 1
51628 3 2
51629 2 2
51630 2 1
51630 3 1
51637 2 1
51638 2 1
51650 2 1
51650 3 1
51651 3 1
51658 2 2
51659 3 1
51660 2 1
51661 2 1
51664 2 1
51667 3 1
51669 3 1
51675 3 1
51678 3 1
51684 2 1
51685 2 1
51686 2 2
51687 2 1
51687 3 1
51688 3 2
51696 2 1
51697 2 1
51698 2 1
51699 2 1
51700 3 1
51705 3 1
51707 2 1
51707 3 1
51708 2 1
51708 3 2
51715 2 1
51716 2 2
51717 2 1
51717 3 1
51718 3 2
51725 2 1
51726 3 1
51728 3 1
51729 2 1
51744 2 1
51749 2 1
51749 3 1
51750 2 1
51751 2 2
51751 3 1
51752 2 1
51753 3 1
51757 3 1
51759 3 1
51761 3 1
51762 2 1
51766 2 1
51767 3 1
51770 2 1
51772 2 1
51773 2 2
51773 3 1
51778 2 1
51783 2 1
51783 3 2
51784 2 1
51785 2 1
51791 2 1
51791 3 1
51795 2 1
51795 3 1
51796 2 1
51800 2 1
51800 3 1
51801 2 1
51801 3 2
51802 2 1
51802 3 2
51807 2 1
51808 2 1
51809 3 1
51815 2 1
51821 2 1
51822 3 1
51825 2 1
51826 2 1
51827 2 1
51827 3 2
51828 3 1
51830 2 1
51831 2 2
51832 2 1
51832 3 1
51837 2 1
51838 3 1
51842 3 1
51847 2 1
51847 3 1
51850 3 1
51852 3 1
51853 2 1
51854 2 1
51856 2 2
51856 3 1
51857 2 1
51857 3 1
51859 3 1
51861 3 1
51864 2 1
51867 2 1
51867 3 1
51868 2 2
51868 3 1
51874 2 1
51880 2 1
51886 2 1
51886 3 1
51889 2 1
51889 3 1
51890 3 1
51892 3 1
51902 2 1
51902 3 1
51903 2 2
51903 3 1
51904 2 1
51905 3 1
51923 2 1
51925 3 1
51927 2 2
51927 3 1
51928 2 1
51929 2 1
51935 2 1
51939 3 1
51941 3 1
51944 3 1
51946 2 1
51947 2 2
51947 3 1
51953 2 1
51954 2 1
51957 3 1
51958 2 1
51959 2 1
51961 3 1
51965 2 1
51966 2 1
51967 3 1
51969 3 1
51971 2 1
51972 3 1
51977 2 2
51977 3 1
51978 2 1
51978 3 1
51979 2 1
51980 3 1
51982 2 1
51983 2 2
51983 3 1
51984 2 1
51985 3 1
51990 2 1
51990 3 1
51991 3 1
52000 3 1
52005 3 1
52007 3 1
52009 2 1
52010 3 1
52022 3 1
52023 2 1
52024 3 1
52026 3 1
52028 3 1
52030 2 2
52030 3 1
52031 2 1
52031 3 1
52032 2 1
52036 2 1
52044 3 1
52050 2 1
52050 3 2
52053 3 1
52055 3 1
52059 2 1
52059 3 1
52060 3 1
52077 2 1
52078 2 1
52086 3 1
52097 3 1
52099 3 1
52104 2 1
52104 3 1
52113 3 1
52117 2 1
52117 3 1
52122 2 1
52122 3 1
52123 2 1
52124 3 2
52127 3 1
52129 3 1
52133 2 1
52143 2 1
52143 3 1
52144 2 2
52145 2 2
52145 3 1
52146 3 1
52148 2 1
52153 3 1
52154 2 1
52154 3 2
52155 2 1
52156 3 1
52158 3 1
52160 2 1
52161 2 1
52166 2 2
52166 3 1
52167 3 1
52169 2 1
52169 3 2
52170 2 1
52170 3 2
52171 3 1
52174 3 1
52177 2 1
52177 3 2
52178 2 1
52178 3 2
52179 2 2
52179 3 2
52180 3 1
52182 2 1
52185 3 1
52212 3 1
52214 2 1
52214 3 1
52218 2 1
52219 2 1
52224 2 1
52226 3 1
52228 2 1
52230 3 1
52233 2 1
52233 3 1
52238 2 1
52244 2 1
52249 2 1
52250 3 1
52254 2 2
52254 3 1
52255 3 1
52257 3 1
52260 3 1
52263 2 1
52264 2 1
52264 3 2
52265 3 1
52267 2 2
52267 3 1
52269 2 1
52270 2 1
52277 3 1
52284 3 1
52287 2 1
52287 3 2
52288 3 1
52295 2 1
52295 3 1
52296 2 1
52297 2 1
52298 2 2
52298 3 1
52299 3 1
52301 2 1
52302 2 1
52305 2 1
52305 3 2
52306 2 2
52306 3 1
52307 2 1
52310 3 1
52311 2 1
52312 3 1
52314 3 1
52315 2 1
52316 2 1
52318 3 1
52321 2 1
52324 2 1
52325 2 1
52326 2 1
52327 3 1
52330 3 1
52332 2 1
52333 2 1
52333 3 2
52334 3 1
52336 2 2
52336 3 1
52337 2 1
52338 2 1
52349 2 1
52350 3 1
52365 2 1
52365 3 1
52366 2 1
52367 2 1
52368 3 1
52370 3 1
52373 2 1
52374 2 2
52375 2 1
52375 3 1
52376 3 2
52380 2 1
52380 3 1
52385 2 1
52385 3 1
52388 3 1
52390 2 1
52392 3 1
52398 2 1
52398 3 1
52399 3 2
52401 2 1
52401 3 1
52402 2 1
52406 2 1
52407 3 1
52415 2 1
52416 2 1
52418 3 1
52420 3 1
52422 2 1
52428 2 1
52429 2 2
52429 3 1
52430 2 1
52431 3 1
52433 2 1
52434 2 2
52434 3 1
52435 3 1
52439 3 1
52440 2 1
52441 3 1
52443 2 2
52443 3 1
52444 2 1
52445 2 1
52447 2 1
52451 2 1
52453 2 1
52454 2 1
52455 2 1
52456 2 1
52460 3 1
52461 2 1
52461 3 2
52462 2 2
52463 2 1
52463 3 1
52464 2 1
52465 3 1
52477 2 1
52478 2 2
52478 3 1
52479 3 1
52481 2 1
52482 3 1
52487 3 1
52489 2 1
52489 3 2
52490 2 1
52491 2 2
52503 2 1
52505 3 1
52507 3 1
52509 2 1
52509 3 1
52516 3 1
52528 2 1
52529 3 1
52531 2 2
52531 3 1
52532 2 1
52532 3 2
52533 2 2
52533 3 1
52534 2 1
52535 3 1
52537 3 1
52541 2 1
52550 3 1
52560 2 1
52563 2 1
52563 3 1
52564 2 1
52565 3 2
52567 3 1
52569 2 1
52570 2 1
52575 2 1
52581 2 1
52581 3 1
52582 2 1
52583 3 2
52586 2 1
52586 3 1
52589 3 1
52591 3 1
52595 2 1
52596 3 1
52599 3 1
52601 3 1
52604 3 1
52607 3 1
52610 2 1
52610 3 1
52611 2 2
52612 2 1
52612 3 1
52613 3 2
52632 2 1
52632 3 1
52634 3 1
52645 3 1
52647 2 2
52647 3 1
52648 3 1
52650 3 1
52652 2 1
52653 2 1
52654 3 1
52657 3 1
52662 3 1
52665 3 1
52670 2 1
52675 2 1
52676 2 1
52677 2 1
52684 2 1
52684 3 2
52685 2 1
52685 3 2
52686 3 1
52695 3 1
52697 3 1
52702 2 1
52702 3 1
52708 2 1
52709 3 1
52711 2 1
52715 2 1
52715 3 1
52719 2 1
52737 2 1
52738 3 1
52740 3 1
52742 3 1
52753 3 1
52755 2 1
52759 2 1
52760 2 2
52760 3 1
52764 2 1
52765 2 1
52766 3 1
52769 3 1
52771 2 1
52772 3 1
52774 3 1
52775 2 1
52776 2 1
52776 3 2
52777 2 1
52777 3 2
52778 3 1
52782 2 1
52782 3 2
52783 2 2
52783 3 1
52784 2 1
52785 2 1
52786 3 2
52788 2 1
52788 3 1
52789 2 1
52789 3 2
52790 2 1
52791 2 1
52792 2 1
52797 2 1
52798 2 1
52799 3 2
52800 3 1
52803 2 1
52803 3 1
52808 2 1
52809 2 1
52810 3 2
52812 3 1
52815 2 1
52823 2 1
52824 2 1
52825 3 1
52827 3 1
52834 3 1
52837 3 1
52839 2 1
52839 3 1
52840 3 2
52842 2 1
52842 3 1
52843 2 2
52843 3 1
52844 2 1
52846 3 1
52848 3 1
52849 2 1
52850 3 1
52857 2 1
52857 3 1
52860 2 1
52860 3 1
52861 2 1
52861 3 2
52862 2 1
52862 3 2
52869 2 1
52870 2 1
52871 3 1
52873 3 1
52876 3 1
52878 2 1
52878 3 2
52879 3 1
52881 2 1
52882 3 1
52884 2 1
52885 2 1
52889 2 1
52889 3 2
52890 2 1
52891 2 1
52896 3 1
52900 3 1
52902 3 1
52904 2 1
52905 3 1
52908 2 1
52908 3 1
52911 2 1
52913 3 1
52919 3 1
52922 3 1
52924 2 1
52927 2 1
52928 3 1
52935 2 1
52936 2 1
52937 3 1
52939 3 1
52942 2 1
52943 3 1
52945 2 1
52945 3 1
52947 3 1
52956 2 1
52956 3 1
52958 3 1
52960 2 1
52960 3 1
52961 2 1
52962 2 1
52963 3 2
52965 2 1
52965 3 1
52966 2 1
52973 2 1
52977 2 1
52977 3 1
52978 2 1
52979 3 2
52981 3 1
52983 3 1
52986 3 1
52990 2 1
52990 3 1
52991 2 1
52992 3 2
52998 2 1
52998 3 1
52999 2 1
52999 3 2
53001 3 1
53006 2 1
53006 3 1
53007 2 1
53007 3 2
53008 2 1
53009 2 1
53010 3 1
53016 2 1
53020 2 1
53030 3 1
53037 2 1
53039 2 1
53040 3 1
53043 3 1
53046 2 1
53048 2 2
53048 3 1
53053 2 1
53053 3 1
53054 2 1
53055 2 2
53056 2 1
53056 3 1
53057 2 1
53058 2 1
53063 2 1
53063 3 1
53064 2 2
53064 3 1
53065 2 1
53066 3 1
53076 2 1
53076 3 1
53083 2 1
53084 3 1
53087 2 1
53087 3 1
53089 2 2
53090 2 1
53090 3 1
53092 3 1
53095 2 2
53096 2 1
53096 3 1
53097 2 1
53100 3 1
53108 3 1
53111 3 1
53114 3 1
53116 2 1
53116 3 2
53117 2 1
53117 3 2
53118 2 1
53118 3 2
53119 2 2
53120 3 1
53124 3 1
53127 2 1
53128 2 1
53129 2 1
53129 3 2
53130 3 1
53132 2 1
53132 3 1
53137 2 1
53138 2 1
53138 3 2
53139 3 1
53142 2 1
53142 3 1
53143 3 2
53152 2 1
53152 3 1
53153 2 2
53154 2 1
53154 3 1
53155 2 1
53159 3 1
53163 3 1
53164 2 1
53165 2 1
53165 3 2
53166 3 1
53172 2 1
53182 3 1
53185 3 1
53190 2 1
53195 2 1
53199 3 1
53206 2 1
53207 2 1
53215 2 1
53221 2 1
53224 2 1
53227 3 1
53231 2 1
53231 3 1
53232 2 1
53235 2 1
53240 2 1
53240 3 1
53241 2 1
53245 3 1
53246 2 1
53247 2 1
53254 3 1
53256 2 1
53256 3 1
53257 2 1
53257 3 2
53260 3 1
53263 2 1
53264 2 1
53269 2 1
53269 3 1
53270 2 1
53270 3 2
53273 2 1
53274 2 2
53274 3 1
53275 2 1
53276 3 1
53278 3 1
53281 2 1
53281 3 1
53282 2 2
53282 3 1
53283 2 1
53284 3 1
53287 3 1
53289 2 1
53289 3 1
53290 3 1
53301 3 1
53303 2 1
53304 3 1
53307 2 1
53308 2 1
53308 3 2
53309 2 1
53309 3 2
53310 2 1
53310 3 2
53311 2 1
53311 3 2
53312 3 1
53317 2 1
53318 3 1
53321 2 1
53322 3 1
53325 2 1
53329 2 1
53333 3 1
53336 3 1
53337 2 1
53338 2 1
53340 2 2
53341 3 1
53343 3 1
53345 2 1
53345 3 1
53346 2 1
53347 2 1
53357 3 1
53359 3 1
53363 2 1
53364 2 2
53365 3 1
53366 2 1
53369 3 1
53371 3 1
53372 2 1
53384 2 1
53389 2 1
53390 2 1
53391 2 2
53392 2 1
53392 3 1
53393 2 1
53394 2 1
53395 3 1
53397 2 1
53398 3 1
53400 3 1
53401 3 2
53402 2 1
53402 3 2
53403 3 1
53406 2 1
53406 3 1
53411 2 1
53412 3 1
53415 2 1
53415 3 1
53419 2 1
53419 3 2
53420 2 1
53423 2 1
53427 2 1
53428 2 2
53428 3 1
53429 3 1
53431 3 1
53436 2 1
53437 2 1
53442 2 1
53442 3 1
53451 2 1
53451 3 1
53452 2 1
53453 2 1
53456 2 1
53464 2 1
53465 2 1
53465 3 2
53466 3 1
53469 3 1
53472 3 1
53476 2 1
53476 3 2
53477 2 1
53478 3 1
53488 3 1
53489 2 1
53490 2 2
53490 3 1
53502 3 1
53503 2 1
53504 2 2
53505 2 1
53505 3 1
53506 2 1
53506 3 2
53507 2 1
53507 3 2
53508 3 2
53513 3 1
53514 2 1
53515 2 1
53520 2 1
53520 3 1
53521 2 1
53522 3 2
53528 2 1
53529 2 1
53530 2 1
53533 2 1
53534 3 1
53537 2 1
53538 3 1
53542 3 1
53544 3 1
53546 2 1
53554 2 1
53557 2 1
53557 3 1
53558 2 2
53559 3 1
53561 2 1
53562 3 1
53564 2 1
53565 2 2
53565 3 1
53566 2 2
53566 3 1
53567 3 1
53569 3 1
53570 2 1
53571 3 1
53576 2 1
53576 3 1
53577 2 1
53581 3 1
53585 2 1
53585 3 1
53586 2 1
53587 2 1
53588 2 2
53588 3 1
53589 3 1
53591 2 1
53591 3 1
53592 3 1
53595 2 1
53598 2 2
53599 2 1
53600 3 1
53604 3 1
53606 3 1
53610 2 1
53611 2 1
53616 3 1
53620 2 1
53625 3 1
53627 3 1
53631 2 1
53632 2 1
53633 2 1
53636 2 1
53640 3 1
53642 3 1
53645 2 1
53645 3 1
53646 2 2
53647 2 1
53647 3 1
53648 3 2
53651 2 1
53651 3 1
53652 2 1
53659 3 1
53661 3 1
53664 2 1
53664 3 1
53666 3 1
53669 3 1
53672 2 1
53673 3 1
53675 2 1
53675 3 2
53676 2 2
53676 3 1
53677 2 1
53678 2 1
53679 2 1
53680 3 2
53683 3 1
53685 2 1
53685 3 1
53692 3 1
53695 2 1
53695 3 1
53696 3 1
53701 3 1
53703 3 1
53705 2 1
53705 3 2
53710 2 1
53711 3 1
53715 3 1
53718 2 1
53734 3 1
53736 3 1
53739 3 1
53742 2 1
53746 3 1
53749 3 1
53752 2 1
53752 3 1
53753 3 1
53755 3 1
53762 2 1
53762 3 1
53764 2 1
53767 2 1
53769 2 1
53770 2 1
53771 3 1
53773 2 1
53773 3 1
53774 3 2
53777 2 1
53778 2 1
53782 2 1
53783 2 1
53784 2 1
53785 2 1
53786 3 1
53788 2 1
53788 3 1
53789 2 2
53789 3 1
53790 3 1
53796 2 1
53796 3 1
53797 3 2
53799 2 1
53799 3 1
53800 3 1
53811 2 1
53812 2 1
53812 3 2
53813 3 1
53815 2 1
53816 3 1
53819 3 1
53821 2 1
53822 3 1
53827 3 1
53828 2 1
53833 2 1
53833 3 1
53836 3 1
53839 3 1
53842 2 1
53842 3 2
53843 2 2
53844 3 1
53846 3 1
53851 2 1
53852 2 1
53858 3 1
53860 2 1
53860 3 1
53865 2 1
53865 3 2
53868 2 2
53868 3 1
53869 3 1
53877 3 1
53881 3 1
53883 2 1
53884 2 1
53884 3 2
53885 2 1
53885 3 2
53886 3 1
53893 2 1
53895 3 1
53898 3 1
53899 2 1
53900 3 1
53902 3 1
53904 2 1
53904 3 2
53908 3 1
53914 3 1
53916 2 2
53916 3 1
53917 3 1
53919 3 1
53921 2 1
53921 3 1
53925 2 1
53926 2 1
53930 3 1
53932 3 1
53936 3 1
53938 2 1
53939 3 1
53941 3 1
53943 3 1
53945 2 1
53945 3 1
53950 2 2
53950 3 1
53951 2 1
53951 3 1
53952 2 1
53957 2 1
53957 3 1
53958 2 1
53958 3 2
53959 2 1
53959 3 2
53960 2 2
53961 2 1
53961 3 1
53964 3 1
53966 2 1
53967 3 1
53969 2 1
53972 2 2
53973 2 1
53974 3 1
53977 2 1
53977 3 1
53978 3 2
53980 2 1
53981 2 1
53981 3 2
53982 3 1
53984 2 1
53984 3 1
53992 2 2
53992 3 1
53993 3 1
53995 3 1
54005 2 1
54006 3 1
54011 3 1
54013 3 1
54016 2 2
54016 3 1
54017 3 1
54019 3 1
54021 2 1
54021 3 1
54022 2 1
54023 3 2
54026 2 1
54029 2 2
54034 2 1
54034 3 1
54037 2 1
54048 3 1
54050 2 1
54051 2 1
54063 2 1
54064 2 1
54065 2 2
54066 2 2
54066 3 1
54067 3 1
54073 2 1
54073 3 2
54074 2 1
54076 2 2
54078 2 1
54080 2 2
54080 3 1
54081 3 1
54082 2 1
54083 2 1
54084 2 1
54085 3 1
54089 2 1
54089 3 1
54093 2 1
54093 3 2
54094 2 1
54094 3 2
54095 2 2
54095 3 1
54096 2 1
54097 3 1
54099 2 1
54100 2 1
54102 3 1
54104 3 1
54108 3 1
54110 3 1
54113 2 1
54113 3 2
54114 2 1
54115 2 2
54115 3 1
54117 2 1
54118 2 1
54119 3 1
54121 3 1
54127 3 1
54135 2 1
54136 2 2
54136 3 1
54140 2 1
54141 2 1
54142 3 1
54145 2 2
54145 3 1
54146 2 1
54147 2 1
54148 3 1
54154 2 1
54155 2 1
54156 3 1
54158 2 1
54158 3 2
54159 3 1
54161 2 1
54161 3 1
54162 2 1
54162 3 2
54163 2 2
54164 2 1
54164 3 1
54165 2 1
54167 2 1
54168 2 1
54169 3 1
54174 2 1
54177 2 1
54177 3 2
54178 2 2
54178 3 1
54179 2 1
54180 2 1
54180 3 2
54181 3 1
54185 2 1
54187 2 1
54188 2 1
54190 2 1
54193 2 1
54194 2 2
54195 2 1
54195 3 1
54196 3 2
54198 3 1
54200 2 1
54200 3 1
54202 3 1
54207 3 1
54209 2 2
54209 3 1
54210 2 1
54210 3 1
54211 3 1
54213 2 1
54214 3 1
54216 3 1
54218 2 1
54218 3 2
54219 2 2
54219 3 1
54220 2 1
54227 2 1
54228 3 2
54231 2 1
54231 3 1
54232 2 1
54233 2 2
54233 3 1
54234 2 1
54235 2 1
54235 3 2
54236 3 1
54238 3 1
54240 2 1
54240 3 1
54244 3 1
54247 3 1
54249 3 1
54251 2 1
54252 3 1
54255 2 1
54256 3 1
54258 2 1
54258 3 1
54265 2 1
54266 3 1
54269 2 1
54270 3 2
54273 2 1
54274 3 1
54279 3 1
54281 3 1
54283 3 1
54287 2 1
54287 3 1
54290 3 1
54293 2 1
54296 2 1
54297 2 1
54298 3 2
54300 2 1
54300 3 1
54301 3 1
54304 3 1
54318 2 1
54319 3 1
54321 2 1
54321 3 1
54322 2 1
54323 2 1
54324 2 1
54324 3 2
54325 3 2
54331 2 1
54332 2 1
54333 2 1
54334 2 1
54334 3 2
54335 2 1
54335 3 2
54336 3 1
54343 2 1
54343 3 2
54344 2 2
54345 2 1
54345 3 1
54346 2 1
54349 2 1
54350 3 1
54357 2 1
54362 3 1
54366 3 1
54369 2 1
54369 3 1
54370 2 1
54371 2 1
54374 2 1
54375 3 1
54382 2 1
54384 2 1
54388 2 1
54389 2 1
54389 3 2
54390 3 1
54392 2 1
54394 3 1
54396 3 1
54399 2 1
54403 2 1
54406 2 1
54406 3 1
54407 2 1
54408 2 1
54408 3 2
54409 3 1
54413 2 1
54415 3 1
54419 2 1
54425 3 1
54429 2 1
54429 3 2
54430 3 1
54438 2 1
54439 3 1
54441 3 1
54447 2 1
54448 2 1
54451 3 1
54453 2 1
54453 3 1
54454 2 1
54455 3 2
54457 2 1
54457 3 1
54472 2 1
54473 2 1
54474 2 2
54474 3 1
54480 2 1
54486 2 2
54486 3 1
54487 2 2
54487 3 1
54488 2 1
54489 3 1
54491 2 1
54491 3 2
54492 2 2
54492 3 1
54493 2 1
54494 2 1
54495 2 1
54498 3 1
54499 2 1
54500 3 1
54505 2 1
54505 3 1
54506 2 1
54506 3 2
54507 2 1
54510 3 1
54512 2 1
54512 3 1
54513 2 2
54514 2 1
54514 3 1
54515 3 2
54517 3 1
54520 2 1
54520 3 1
54521 3 2
54523 2 1
54523 3 1
54526 3 1
54530 2 1
54535 3 1
54537 2 1
54537 3 1
54543 3 1
54547 2 1
54547 3 1
54550 2 2
54551 2 1
54552 3 1
54554 3 1
54555 2 1
54558 3 1
54561 2 1
54562 2 1
54567 3 1
54575 2 1
54575 3 1
54576 2 1
54577 2 2
54578 3 1
54581 3 1
54583 3 1
54590 3 1
54594 3 1
54596 3 1
54598 3 1
54601 2 1
54601 3 1
54602 2 1
54603 3 1
54605 2 1
54605 3 1
54607 3 1
54611 2 1
54611 3 1
54612 2 1
54613 2 2
54614 2 1
54614 3 1
54615 2 1
54616 3 1
54618 2 1
54618 3 1
54619 2 1
54620 3 1
54622 3 1
54642 2 1
54645 2 1
54645 3 1
54646 3 2
54652 2 1
54655 2 1
54666 2 1
54671 2 1
54671 3 2
54672 2 2
54672 3 1
54673 2 1
54674 2 1
54676 3 1
54678 3 1
54680 3 1
54683 3 1
54685 2 1
54685 3 1
54686 2 2
54687 2 1
54687 3 1
54688 2 1
54688 3 2
54689 3 1
54692 2 1
54692 3 2
54694 2 1
54695 3 1
54697 3 1
54699 2 1
54700 3 1
54702 3 1
54704 3 1
54705 2 1
54706 2 1
54710 3 1
54713 2 1
54714 3 1
54716 3 1
54718 3 1
54728 3 1
54730 3 1
54732 2 1
54732 3 1
54733 2 1
54733 3 2
54746 2 1
54747 2 1
54747 3 2
54748 3 1
54751 2 1
54751 3 2
54755 2 1
54757 3 1
54759 3 1
54760 3 2
54761 2 1
54762 2 2
54762 3 1
54763 2 1
54767 2 1
54768 2 1
54774 2 1
54774 3 1
54777 3 1
54779 2 1
54779 3 1
54780 3 1
54782 2 1
54783 3 1
54787 3 1
54789 3 1
54791 2 1
54792 2 1
54797 2 1
54798 2 1
54799 2 2
54799 3 1
54800 3 1
54803 2 1
54803 3 2
54804 3 1
54809 3 1
54810 2 1
54811 2 2
54811 3 1
54812 2 1
54816 3 1
54822 2 1
54822 3 1
54829 2 1
54834 2 1
54834 3 1
54835 2 2
54836 2 1
54836 3 1
54838 3 1
54840 3 1
54841 2 1
54842 3 1
54844 3 1
54847 2 1
54847 3 1
54851 2 1
54855 2 1
54856 2 1
54857 2 1
54860 2 1
54866 2 2
54866 3 1
54867 3 1
54869 3 1
54870 2 1
54873 3 1
54875 2 1
54875 3 2
54876 2 1
54877 2 2
54877 3 1
54878 3 1
54880 2 1
54881 2 1
54884 2 1
54885 3 1
54888 3 1
54891 3 1
54893 2 2
54893 3 1
54894 2 1
54894 3 1
54901 2 1
54901 3 1
54908 3 1
54909 2 1
54910 2 1
54911 2 1
54911 3 2
54912 2 1
54912 3 2
54913 3 1
54916 3 1
54919 3 1
54922 2 1
54923 2 1
54924 2 1
54925 3 1
54927 2 1
54927 3 1
54928 3 1
54930 3 1
54932 3 1
54934 3 1
54935 3 2
54936 2 1
54937 3 1
54940 2 1
54940 3 1
54947 2 1
54947 3 1
54948 2 1
54953 3 1
54955 3 1
54957 2 1
54962 3 1
54964 2 2
54964 3 1
54965 2 1
54965 3 1
54968 2 1
54968 3 1
54969 3 1
54972 2 1
54977 2 1
54977 3 2
54978 2 2
54978 3 1
54979 2 1
54980 2 1
54981 3 2
54985 2 1
54985 3 1
54986 2 2
54986 3 1
54987 2 1
54993 2 1
54997 2 1
54997 3 1
54998 2 1
54998 3 2
54999 2 1
55001 3 1
55005 2 1
55009 2 1
55010 3 1
55012 2 1
55012 3 1
55013 2 1
55013 3 2
55014 2 1
55014 3 2
55015 3 1
55024 2 1
55025 2 2
55026 2 1
55026 3 1
55027 2 1
55028 3 1
55030 3 1
55032 3 1
55034 2 1
55034 3 2
55035 2 2
55035 3 1
55036 2 1
55037 3 1
55039 3 1
55047 2 1
55047 3 1
55048 2 1
55048 3 2
55049 2 1
55050 2 2
55050 3 1
55051 3 1
55056 2 2
55057 3 1
55060 2 1
55061 2 1
55063 3 1
55066 3 1
55076 2 1
55077 2 2
55078 2 1
55078 3 1
55083 3 1
55084 2 1
55085 2 1
55088 3 1
55090 3 1
55091 2 1
55092 2 2
55092 3 1
55093 2 1
55097 2 1
55098 2 1
55099 2 2
55100 3 1
55107 3 1
55110 2 1
55113 3 1
55119 2 1
55128 3 1
55139 3 1
55141 3 1
55143 2 1
55144 2 2
55145 2 1
55145 3 1
55146 3 2
55149 2 1
55149 3 1
55150 2 2
55151 2 1
55151 3 1
55152 3 1
55154 2 2
55154 3 1
55155 3 1
55162 2 1
55164 2 1
55168 2 1
55168 3 2
55169 2 2
55169 3 1
55170 2 1
55171 3 2
55173 2 1
55173 3 1
55176 2 1
55177 2 1
55180 3 1
55184 2 1
55188 2 1
55188 3 1
55189 2 1
55189 3 2
55190 2 2
55191 2 1
55191 3 1
55196 3 1
55203 2 1
55204 2 2
55205 3 1
55207 3 1
55209 2 1
55210 2 2
55210 3 1
55211 2 1
55212 3 1
55219 3 1
55220 2 1
55221 2 1
55227 2 1
55227 3 1
55228 3 1
55230 2 1
55235 3 1
55238 2 1
55241 2 2
55241 3 1
55242 3 1
55245 2 2
55245 3 1
55246 2 1
55247 2 1
55247 3 2
55248 3 1
55251 2 2
55252 2 1
55252 3 1
55253 2 1
55258 2 1
55258 3 1
55259 2 1
55260 3 1
55262 2 2
55262 3 1
55263 3 1
55266 3 1
55268 3 1
55271 3 1
55272 2 1
55273 2 2
55273 3 1
55274 2 1
55275 3 1
55278 2 1
55278 3 2
55279 2 1
55280 3 1
55283 3 1
55284 2 1
55285 3 1
55287 3 1
55290 3 1
55291 2 1
55299 3 1
55301 3 1
55303 3 1
55305 2 2
55305 3 1
55306 2 1
55306 3 1
55310 2 1
55311 2 1
55314 3 1
55316 2 1
55317 2 1
55319 2 1
55321 2 1
55322 2 1
55323 2 2
55323 3 1
55324 2 1
55325 3 1
55327 2 1
55328 2 2
55329 2 1
55329 3 1
55339 3 1
55341 3 1
55344 2 1
55345 3 1
55347 3 1
55348 2 1
55349 2 1
55351 2 1
55352 3 1
55364 2 1
55364 3 1
55367 3 1
55369 3 1
55374 3 1
55377 2 1
55381 2 1
55382 3 1
55384 2 1
55387 3 1
55389 2 1
55389 3 1
55392 3 1
55394 2 1
55395 3 1
55401 3 1
55404 2 1
55411 2 1
55411 3 1
55412 2 1
55413 2 1
55414 2 1
55418 3 1
55422 2 1
55423 2 1
55424 2 1
55428 2 2
55428 3 1
55429 3 1
55431 2 1
55431 3 2
55435 2 1
55435 3 1
55436 2 1
55436 3 2
55437 2 1
55437 3 2
55438 3 1
55444 2 1
55444 3 1
55448 2 1
55448 3 1
55456 2 1
55456 3 1
55465 2 1
55466 3 1
55470 2 1
55471 3 1
55473 2 1
55474 2 1
55476 2 1
55477 3 1
55482 2 1
55483 2 2
55483 3 1
55484 3 1
55487 3 1
55489 2 1
55495 2 1
55499 3 1
55501 2 1
55502 3 1
55504 2 2
55504 3 1
55505 3 1
55512 3 1
55518 2 2
55518 3 1
55519 2 1
55524 2 1
55524 3 1
55527 3 1
55528 2 1
55529 3 2
55534 2 1
55534 3 1
55537 2 1
55538 2 1
55539 2 2
55540 3 1
55542 2 1
55542 3 1
55545 2 1
55545 3 2
55546 2 1
55547 2 2
55547 3 1
55548 3 1
55550 3 1
55553 2 1
55554 2 1
55554 3 2
55555 3 1
55557 3 1
55559 2 1
55559 3 1
55563 2 1
55566 3 1
55568 3 1
55574 3 1
55575 2 1
55576 3 2
55582 2 2
55582 3 1
55583 3 1
55590 2 1
55590 3 1
55600 3 1
55602 3 1
55611 3 1
55613 2 1
55613 3 1
55614 2 1
55614 3 2
55618 2 1
55619 2 2
55619 3 1
55624 3 1
55631 2 1
55631 3 1
55636 3 2
55637 3 1
55639 2 1
55639 3 1
55640 2 1
55644 3 1
55647 2 1
55649 3 1
55651 2 1
55652 2 1
55652 3 2
55653 3 1
55656 3 1
55669 3 1
55675 3 1
55678 2 2
55678 3 1
55679 3 1
55681 3 1
55688 3 1
55692 3 1
55694 2 1
55705 2 2
55705 3 1
55706 2 1
55707 2 1
55708 3 1
55713 3 1
55714 2 1
55717 3 1
55718 2 1
55719 3 1
55723 2 1
55724 2 1
55725 2 2
55732 2 1
55732 3 1
55733 3 2
55736 2 1
55736 3 1
55737 2 1
55738 2 1
55739 2 1
55740 3 1
55743 2 2
55743 3 1
55744 2 1
55744 3 1
55752 2 1
55753 2 2
55754 3 1
55760 2 1
55764 3 1
55767 3 1
55770 3 1
55775 2 1
55775 3 1
55780 2 1
55781 2 2
55782 3 1
55788 2 1
55788 3 1
55791 3 1
55797 3 1
55799 2 1
55804 3 1
55806 2 1
55806 3 1
55807 2 1
55809 3 1
55811 3 1
55817 2 1
55821 2 1
55821 3 1
55822 3 1
55824 2 1
55824 3 2
55827 3 1
55831 2 1
55834 3 1
55836 3 1
55842 2 1
55842 3 1
55843 3 2
55845 2 1
55846 3 1
55848 3 1
55849 2 1
55850 2 1
55853 2 1
55853 3 1
55857 2 1
55858 2 2
55858 3 1
55859 2 1
55860 3 2
55867 3 1
55872 3 1
55873 2 1
55874 2 1
55875 3 1
55877 2 1
55877 3 2
55878 2 2
55878 3 1
55879 2 1
55880 2 1
55885 3 1
55888 2 1
55889 2 2
55889 3 1
55890 2 1
55896 2 1
55898 3 1
55899 2 1
55900 2 1
55901 3 2
55903 2 1
55903 3 1
55905 3 1
55913 2 1
55913 3 1
55914 2 2
55915 2 1
55915 3 1
55922 2 1
55924 3 1
55926 3 1
55929 2 1
55929 3 1
55933 2 1
55933 3 2
55936 2 1
55939 2 1
55940 2 1
55943 2 1
55944 3 1
55946 3 1
55948 2 1
55948 3 1
55951 2 1
55955 2 1
55956 3 2
55961 2 1
55962 2 1
55962 3 2
55963 3 1
55965 2 1
55965 3 2
55966 2 1
55966 3 2
55967 2 1
55967 3 2
55968 2 2
55968 3 1
55969 2 1
55971 3 1
55975 2 1
55975 3 1
55976 3 1
55979 3 1
55980 2 1
55981 2 1
55982 3 2
55986 2 1
55987 3 1
55989 3 1
55991 3 1
55994 3 1
55996 2 2
55996 3 1
55997 2 1
55997 3 1
55999 3 2
56000 3 1
56003 3 1
56004 2 1
56005 2 1
56005 3 2
56006 2 1
56006 3 2
56007 3 1
56009 2 1
56010 2 1
56011 2 1
56017 3 1
56020 2 1
56021 3 2
56023 3 1
56025 3 1
56028 2 1
56028 3 1
56030 2 2
56030 3 1
56031 3 1
56041 2 1
56041 3 2
56042 3 1
56044 3 1
56047 2 1
56047 3 2
56049 3 1
56052 3 1
56055 2 1
56055 3 1
56056 3 2
56057 3 1
56059 3 1
56065 3 1
56068 2 1
56072 2 1
56077 3 1
56078 2 1
56079 2 1
56080 2 1
56081 3 2
56083 3 1
56086 3 1
56088 2 1
56089 2 1
56089 3 2
56090 3 1
56092 2 1
56092 3 1
56093 3 1
56098 2 2
56098 3 1
56100 2 1
56101 3 1
56103 2 1
56103 3 1
56111 2 1
56111 3 2
56112 2 2
56112 3 1
56113 2 1
56114 3 1
56119 2 1
56119 3 2
56120 2 1
56121 3 1
56123 2 2
56123 3 1
56124 2 1
56124 3 1
56132 3 1
56135 3 1
56137 2 1
56137 3 1
56138 2 1
56139 2 2
56139 3 1
56140 3 1
56141 2 1
56142 2 1
56144 2 2
56145 2 1
56145 3 1
56146 2 1
56147 3 1
56149 3 1
56153 2 1
56154 2 1
56158 3 1
56160 3 1
56162 2 1
56163 2 1
56163 3 2
56164 3 1
56166 3 1
56175 3 1
56178 2 1
56178 3 1
56182 2 1
56185 2 1
56186 3 1
56188 2 1
56188 3 1
56189 2 1
56189 3 2
56192 3 1
56196 2 1
56196 3 1
56201 2 1
56205 2 1
56205 3 1
56209 2 1
56209 3 1
56210 3 1
56214 3 1
56216 3 1
56221 3 1
56223 2 1
56224 2 1
56233 2 1
56233 3 1
56234 2 1
56234 3 2
56239 2 1
56240 2 2
56241 2 1
56241 3 1
56242 2 1
56243 2 1
56244 2 1
56248 2 1
56249 2 1
56249 3 2
56250 3 1
56252 2 2
56252 3 1
56253 2 1
56254 2 1
56255 2 1
56259 2 1
56259 3 1
56260 3 1
56263 2 2
56273 2 1
56274 3 2
56276 2 1
56276 3 1
56277 2 2
56278 2 1
56278 3 1
56279 2 1
56282 2 1
56282 3 1
56283 2 1
56294 2 1
56295 2 1
56296 3 1
56298 2 1
56298 3 1
56299 2 1
56299 3 2
56302 2 1
56303 3 1
56305 3 1
56307 2 1
56310 3 1
56311 2 1
56312 2 1
56313 2 1
56313 3 2
56314 3 1
56317 2 1
56317 3 1
56318 2 1
56319 3 2
56322 2 1
56323 2 1
56324 3 1
56326 2 1
56327 2 1
56333 2 1
56334 2 2
56335 2 1
56335 3 1
56338 2 1
56338 3 1
56340 3 1
56342 2 1
56343 3 1
56352 2 1
56353 2 1
56358 2 1
56358 3 1
56359 2 2
56359 3 1
56360 2 1
56361 3 1
56363 3 1
56366 2 1
56366 3 1
56369 2 2
56369 3 1
56370 2 1
56371 2 1
56372 3 2
56373 3 1
56379 2 1
56387 2 1
56387 3 1
56388 2 1
56389 3 2
56391 3 1
56393 3 1
56394 2 1
56395 2 1
56396 3 1
56398 3 1
56400 2 1
56406 2 1
56406 3 1
56408 2 2
56408 3 1
56409 3 1
56411 2 1
56411 3 1
56414 3 1
56416 2 1
56420 3 1
56421 2 1
56422 3 2
56433 2 1
56433 3 1
56437 3 1
56440 2 1
56440 3 1
56453 2 1
56454 2 1
56455 2 2
56463 2 1
56463 3 2
56464 2 2
56464 3 1
56465 2 1
56466 3 1
56469 3 1
56472 2 1
56472 3 1
56473 2 2
56476 2 1
56477 3 1
56479 3 1
56480 2 1
56481 2 1
56486 2 2
56486 3 1
56487 2 1
56488 2 1
56489 2 1
56490 2 1
56494 2 1
56495 3 1
56498 3 1
56510 2 1
56511 3 1
56513 3 1
56515 3 2
56516 3 1
56518 3 1
56526 2 1
56526 3 1
56527 2 2
56528 2 1
56528 3 1
56529 3 2
56534 2 1
56534 3 1
56535 2 1
56536 2 2
56537 3 1
56539 3 1
56540 2 1
56543 2 1
56548 2 1
56549 3 1
56551 2 1
56551 3 1
56555 3 1
56559 3 1
56564 2 1
56564 3 1
56565 2 1
56566 3 2
56567 3 1
56573 2 1
56573 3 2
56574 2 2
56574 3 1
56575 2 1
56576 3 1
56581 2 1
56586 2 1
56586 3 1
56590 2 1
56590 3 1
56593 2 1
56593 3 1
56594 3 2
56596 2 1
56596 3 1
56601 3 1
56605 3 1
56606 2 1
56612 3 1
56615 3 1
56617 2 1
56618 3 1
56621 2 1
56622 2 1
56623 2 1
56624 2 1
56625 3 1
56634 2 1
56634 3 1
56635 2 2
56636 3 1
56638 3 1
56640 3 1
56642 2 1
56642 3 1
56645 2 1
56645 3 1
56649 2 1
56649 3 1
56659 2 1
56659 3 1
56661 3 1
56662 2 1
56666 2 1
56666 3 1
56667 2 2
56667 3 1
56668 2 1
56669 2 1
56670 3 2
56681 2 1
56681 3 1
56685 2 1
56685 3 2
56686 2 2
56687 2 1
56687 3 1
56688 3 2
56691 2 1
56692 3 1
56696 2 1
56696 3 1
56699 2 1
56699 3 1
56703 2 1
56704 3 1
56706 3 1
56708 2 1
56709 2 1
56710 2 2
56714 2 1
56715 2 1
56716 2 1
56719 2 1
56719 3 1
56728 2 1
56728 3 1
56730 3 1
56739 2 1
56739 3 1
56740 2 1
56743 2 1
56744 3 1
56754 3 1
56756 3 1
56760 2 1
56760 3 1
56761 2 1
56770 3 1
56775 2 1
56776 3 1
56779 2 1
56779 3 1
56780 2 1
56781 2 1
56782 3 1
56792 2 1
56792 3 1
56793 2 2
56794 2 1
56794 3 1
56795 3 2
56797 2 1
56797 3 1
56798 2 1
56798 3 2
56799 2 1
56799 3 2
56800 3 1
56803 3 1
56805 2 1
56805 3 2
56806 2 1
56807 3 1
56809 2 1
56809 3 1
56814 2 1
56821 3 1
56823 3 2
56824 3 1
56826 3 1
56832 3 1
56836 2 1
56837 2 1
56838 3 1
56840 2 1
56840 3 1
56843 2 1
56843 3 1
56846 2 1
56846 3 1
56847 3 1
56849 2 1
56849 3 1
56850 2 1
56853 2 1
56854 2 1
56855 2 1
56862 2 1
56862 3 1
56865 2 1
56865 3 1
56878 2 1
56879 2 1
56880 2 1
56881 2 1
56884 3 1
56887 2 2
56888 2 1
56888 3 1
56892 3 1
56896 2 1
56898 3 1
56902 2 2
56902 3 1
56903 2 1
56903 3 1
56909 2 1
56909 3 1
56914 2 1
56915 2 2
56916 2 1
56916 3 1
56917 3 2
56919 3 1
56922 3 1
56924 2 1
56924 3 1
56935 2 1
56935 3 1
56938 3 1
56940 3 1
56941 2 1
56942 2 1
56943 2 2
56944 3 1
56947 2 1
56947 3 1
56948 3 1
56950 3 1
56952 2 1
56953 3 1
56955 2 1
56955 3 1
56956 2 1
56957 2 2
56957 3 1
56960 2 1
56961 2 1
56962 3 1
56964 2 1
56964 3 2
56965 2 1
56966 2 1
56967 3 1
56969 3 1
56971 2 1
56971 3 1
56972 2 1
56981 2 1
56981 3 2
56982 2 2
56982 3 1
56983 2 1
56985 3 1
56995 2 1
56995 3 1
57002 2 1
57003 3 1
57005 3 1
57007 3 1
57010 3 1
57011 2 1
57014 2 1
57015 2 1
57026 3 1
57033 2 1
57034 3 1
57036 2 1
57036 3 1
57037 3 2
57039 3 1
57040 2 1
57041 2 1
57042 2 1
57043 3 1
57047 2 2
57047 3 1
57048 3 1
57049 2 1
57050 3 1
57053 2 1
57053 3 2
57054 2 1
57055 2 2
57055 3 1
57056 3 1
57059 3 1
57067 2 1
57068 2 1
57072 2 1
57073 2 2
57073 3 1
57074 2 1
57076 3 1
57081 2 1
57082 3 1
57084 3 1
57089 2 1
57090 3 1
57095 2 1
57096 3 1
57098 3 1
57100 2 1
57100 3 1
57103 2 1
57104 2 1
57120 3 1
57123 2 2
57123 3 1
57124 2 1
57125 2 1
57137 2 1
57137 3 1
57138 2 1
57138 3 2
57139 3 2
57144 2 1
57153 2 1
57154 3 1
57160 2 1
57160 3 1
57163 3 1
57164 2 1
57165 3 2
57167 2 1
57167 3 1
57168 2 2
57168 3 1
57169 2 1
57173 3 1
57175 2 1
57176 3 1
57179 2 1
57180 3 2
57182 3 1
57183 2 1
57184 2 1
57189 2 1
57191 3 1
57193 2 1
57193 3 2
57194 2 1
57198 2 1
57198 3 1
57199 3 2
57203 2 1
57210 2 1
57211 2 1
57214 2 1
57214 3 1
57217 3 1
57223 2 1
57224 2 2
57225 3 1
57227 3 1
57234 2 1
57234 3 2
57236 3 1
57239 2 1
57240 2 1
57241 3 1
57244 2 1
57244 3 2
57245 2 2
57245 3 1
57246 2 1
57251 2 1
57251 3 1
57252 2 1
57256 2 1
57257 2 1
57262 3 1
57271 2 1
57271 3 1
57275 3 1
57282 2 1
57282 3 2
57283 2 2
57283 3 1
57284 2 1
57285 3 1
57287 3 1
57289 3 1
57291 3 1
57296 2 1
57296 3 1
57297 2 1
57297 3 2
57302 2 1
57308 2 1
57309 3 1
57311 3 1
57315 2 1
57320 2 1
57321 3 1
57324 2 2
57324 3 1
57325 3 1
57327 2 2
57327 3 1
57328 2 1
57328 3 1
57329 2 1
57330 3 1
57332 2 1
57332 3 2
57333 2 2
57334 2 1
57334 3 1
57335 2 1
57335 3 2
57336 3 2
57341 2 1
57341 3 1
57347 2 1
57347 3 1
57352 3 1
57354 3 1
57377 3 1
57386 2 1
57387 3 1
57390 2 1
57390 3 1
57394 2 1
57395 3 1
57397 3 1
57399 2 1
57399 3 1
57404 2 1
57404 3 1
57405 2 1
57405 3 2
57407 2 1
57408 2 1
57409 2 2
57409 3 1
57414 2 1
57414 3 2
57415 2 1
57416 2 1
57417 3 1
57422 3 1
57431 2 1
57431 3 2
57432 2 1
57433 3 1
57435 2 1
57435 3 1
57436 2 2
57436 3 1
57437 3 1
57439 2 1
57439 3 1
57442 2 1
57442 3 1
57443 2 1
57444 2 2
57445 3 1
57447 3 1
57449 2 2
57449 3 1
57450 3 1
57453 2 1
57453 3 2
57454 3 1
57457 2 1
57457 3 1
57468 2 1
57469 2 1
57469 3 2
57470 3 1
57476 2 1
57477 2 1
57479 3 1
57481 3 1
57490 2 1
57490 3 1
57491 3 2
57494 2 1
57495 2 1
57496 2 1
57506 2 1
57506 3 1
57509 2 1
57510 2 1
57510 3 2
57511 3 1
57513 2 1
57514 3 1
57518 3 1
57520 2 1
57520 3 1
57521 2 1
57524 3 1
57525 2 1
57526 2 1
57527 2 2
57527 3 1
57528 3 1
57531 3 1
57535 3 1
57536 2 1
57537 3 1
57539 2 1
57543 2 1
57543 3 2
57544 3 1
57546 2 1
57546 3 1
57547 2 1
57552 2 1
57554 3 1
57558 2 1
57559 2 1
57562 3 1
57568 2 1
57569 3 1
57571 2 1
57571 3 1
57572 2 2
57572 3 1
57573 2 1
57574 3 1
57581 2 1
57581 3 1
57588 2 1
57589 2 1
57592 3 1
57594 2 1
57594 3 1
57595 3 1
57598 3 1
57601 2 1
57602 3 2
57604 2 1
57605 3 2
57608 2 1
57609 3 1
57611 2 1
57612 2 1
57613 2 1
57614 3 1
57617 2 1
57617 3 1
57620 3 1
57621 2 1
57622 2 1
57623 2 1
57626 3 1
57628 2 1
57631 2 1
57631 3 2
57632 3 1
57637 2 1
57652 2 1
57659 2 1
57659 3 1
57661 3 1
57669 3 1
57681 2 1
57684 3 1
57686 2 1
57688 3 1
57690 2 1
57691 3 1
57699 2 1
57701 3 2
57702 3 1
57704 3 1
57705 2 1
57706 2 1
57707 2 1
57708 3 1
57710 2 1
57710 3 2
57711 2 1
57712 2 2
57713 2 2
57713 3 1
57714 3 1
57716 3 1
57719 3 1
57726 2 1
57726 3 2
57727 2 2
57728 2 1
57728 3 1
57729 2 1
57730 2 1
57738 2 1
57738 3 1
57743 2 1
57744 3 1
57746 2 1
57746 3 1
57747 2 2
57748 2 1
57748 3 1
57749 3 2
57751 2 1
57753 3 1
57764 2 1
57765 3 1
57767 2 1
57767 3 2
57768 2 1
57769 2 1
57770 3 1
57774 3 1
57781 3 1
57787 2 1
57791 2 1
57791 3 2
57792 2 1
57793 3 1
57795 2 1
57800 2 1
57800 3 1
57804 2 1
57804 3 2
57805 2 2
57806 2 1
57806 3 1
57807 2 1
57807 3 2
57808 2 2
57808 3 2
57809 3 1
57810 2 1
57811 2 2
57811 3 1
57812 3 1
57814 3 1
57817 3 1
57820 2 1
57821 2 2
57822 2 1
57822 3 1
57831 3 1
57835 3 1
57840 2 1
57843 2 1
57844 3 1
57846 2 1
57846 3 2
57847 2 1
57847 3 2
57848 2 2
57849 3 1
57851 2 1
57853 2 1
57854 2 1
57854 3 2
57855 3 1
57857 2 1
57857 3 1
57860 3 1
57863 2 1
57864 3 1
57869 3 1
57871 2 2
57871 3 1
57872 2 1
57879 2 1
57879 3 1
57880 3 1
57882 2 1
57882 3 1
57885 2 2
57886 2 1
57887 3 1
57891 3 1
57894 3 1
57896 2 1
57896 3 1
57903 2 1
57905 3 1
57907 2 1
57907 3 1
57930 3 1
57931 2 1
57932 2 1
57933 2 1
57934 3 1
57936 3 1
57938 3 1
57945 2 1
57948 2 1
57948 3 1
57956 2 1
57957 3 1
57959 3 1
57960 2 1
57965 2 1
57968 2 2
57969 2 1
57969 3 1
57970 2 1
57974 2 1
57975 3 1
57978 2 1
57978 3 1
57979 2 2
57980 2 1
57980 3 1
57985 2 1
57986 2 1
57986 3 2
57987 3 1
57990 2 1
57990 3 2
57994 2 1
57995 2 2
57995 3 1
57996 2 1
57997 2 1
58001 2 1
58002 2 1
58002 3 2
58003 3 1
58005 3 1
58009 2 1
58009 3 1
58010 2 1
58023 3 1
58025 2 1
58026 2 1
58028 3 1
58030 3 1
58032 2 1
58032 3 1
58034 3 2
58035 3 1
58037 3 1
58042 2 1
58043 2 1
58044 3 1
58047 2 1
58047 3 2
58048 3 1
58051 2 1
58057 2 1
58060 3 1
58063 3 2
58064 3 1
58066 2 1
58066 3 1
58067 2 1
58068 3 1
58070 3 1
58073 3 1
58074 2 1
58075 2 1
58076 2 2
58076 3 1
58077 3 1
58079 2 1
58079 3 1
58080 2 1
58081 3 1
58083 2 1
58083 3 2
58084 2 1
58085 2 1
58088 2 1
58088 3 2
58091 2 1
58091 3 2
58092 3 1
58094 2 2
58094 3 1
58095 3 1
58097 3 1
58099 3 1
58104 2 1
58104 3 1
58105 2 1
58105 3 2
58106 2 1
58106 3 2
58110 3 1
58111 2 1
58112 3 2
58122 2 1
58123 2 1
58124 3 1
58126 2 1
58126 3 2
58127 3 1
58129 3 1
58131 2 1
58132 2 2
58133 2 1
58133 3 1
58134 3 2
58137 3 1
58141 2 1
58142 3 1
58145 2 1
58145 3 1
58148 3 1
58150 3 1
58151 3 2
58152 2 1
58153 3 1
58156 2 2
58156 3 1
58158 2 1
58159 2 2
58165 2 1
58166 2 1
58167 2 1
58171 2 2
58171 3 1
58172 2 1
58172 3 1
58175 2 1
58175 3 1
58176 3 1
58182 3 1
58187 2 1
58191 3 1
58201 2 1
58202 2 1
58205 2 2
58206 2 1
58206 3 1
58211 2 1
58215 2 1
58216 2 1
58225 3 1
58236 3 1
58239 2 1
58239 3 1
58240 3 1
58244 3 1
58245 2 1
58248 3 1
58255 3 1
58257 3 1
58263 2 1
58263 3 1
58266 2 1
58266 3 1
58267 3 1
58269 2 1
58269 3 1
58275 3 1
58277 3 1
58279 2 1
58279 3 1
58280 2 2
58281 2 1
58281 3 1
58282 3 2
58284 2 1
58284 3 1
58291 2 1
58300 3 1
58305 2 1
58305 3 2
58306 2 2
58306 3 1
58307 2 1
58311 2 1
58311 3 1
58314 2 1
58317 2 1
58318 3 1
58334 3 1
58337 3 1
58340 2 1
58340 3 1
58343 3 1
58345 2 2
58345 3 1
58346 2 1
58346 3 1
58349 2 1
58349 3 1
58353 2 2
58353 3 1
58354 3 1
58356 3 1
58358 2 1
58359 2 1
58360 3 1
58364 2 1
58364 3 1
58365 3 1
58367 2 1
58367 3 1
58368 2 1
58371 2 2
58371 3 1
58372 3 1
58374 2 1
58375 2 1
58379 2 1
58379 3 1
58380 2 2
58380 3 1
58381 2 1
58382 2 1
58385 2 2
58386 2 1
58386 3 1
58389 2 1
58389 3 1
58390 2 1
58390 3 2
58391 2 1
58391 3 2
58392 2 1
58394 2 1
58395 3 1
58401 2 2
58401 3 1
58402 2 1
58402 3 1
58403 2 1
58404 3 2
58406 2 1
58407 3 2
58408 3 1
58410 2 1
58411 2 1
58412 3 1
58414 3 1
58419 2 1
58421 2 1
58425 2 1
58425 3 2
58426 2 2
58426 3 1
58427 2 1
58428 3 1
58430 2 1
58431 2 1
58448 2 1
58451 2 1
58451 3 1
58452 2 2
58453 3 1
58456 2 1
58456 3 1
58457 2 1
58461 3 1
58464 3 1
58466 3 1
58467 2 1
58468 3 2
58470 3 1
58476 3 1
58478 3 1
58481 3 1
58482 2 1
58494 3 1
58501 2 1
58501 3 1
58509 3 1
58511 2 1
58516 2 2
58516 3 1
58517 3 1
58519 2 1
58519 3 1
58520 2 1
58521 3 2
58525 3 1
58537 2 1
58537 3 1
58538 2 1
58539 2 1
58543 2 2
58543 3 1
58544 3 1
58549 2 1
58550 2 1
58551 2 2
58551 3 1
58552 3 1
58555 2 1
58558 2 1
58559 2 1
58560 2 1
58561 2 2
58562 3 1
58577 2 1
58581 2 1
58582 2 1
58583 3 2
58585 3 1
58586 2 1
58597 2 1
58602 2 1
58603 2 1
58604 2 1
58605 3 1
58610 2 1
58613 2 1
58613 3 1
58616 2 1
58616 3 1
58620 2 1
58620 3 2
58621 2 2
58621 3 1
58622 2 1
58626 3 1
58630 2 1
58631 2 2
58632 2 1
58632 3 1
58638 2 1
58639 3 1
58641 2 2
58641 3 1
58642 2 1
58643 2 1
58648 2 1
58649 3 2
58655 2 1
58655 3 1
58656 2 2
58657 3 1
58662 2 1
58663 3 2
58666 2 1
58667 2 1
58668 3 1
58672 3 1
58675 3 1
58676 2 1
58677 2 2
58677 3 1
58678 2 1
58681 2 1
58681 3 1
58682 3 1
58684 2 1
58684 3 1
58689 3 1
58691 2 1
58692 2 1
58693 2 1
58694 3 1
58701 2 1
58701 3 1
58702 2 1
58703 3 2
58705 3 1
58712 2 1
58713 2 1
58719 2 1
58719 3 2
58720 3 1
58728 3 1
58730 3 1
58732 2 1
58732 3 1
58745 2 1
58745 3 1
58746 2 2
58746 3 1
58747 2 1
58752 2 1
58755 2 1
58756 3 1
58758 3 1
58761 2 1
58761 3 1
58770 2 1
58770 3 1
58773 3 1
58776 2 1
58777 2 1
58778 3 2
58781 3 1
58782 2 1
58782 3 2
58783 2 1
58784 3 1
58786 3 1
58789 3 1
58790 2 1
58791 3 1
58793 2 2
58793 3 1
58794 2 1
58798 2 1
58798 3 1
58799 3 1
58813 2 1
58820 2 2
58820 3 1
58821 3 1
58823 3 1
58825 3 1
58828 2 1
58829 2 2
58830 2 1
58830 3 1
58832 3 1
58839 2 1
58839 3 2
58845 2 1
58846 3 1
58848 3 1
58849 3 2
58852 2 1
58853 3 1
58855 3 1
58856 3 2
58858 3 1
58860 2 1
58860 3 1
58861 2 1
58861 3 2
58864 3 1
58865 2 1
58866 2 1
58866 3 2
58867 3 1
58872 3 1
58874 3 1
58876 3 1
58878 3 1
58882 2 1
58883 2 2
58883 3 1
58887 3 1
58889 2 1
58889 3 1
58892 2 1
58892 3 1
58896 2 1
58896 3 1
58897 2 1
58898 3 2
58904 2 1
58905 3 1
58909 3 1
58911 2 1
58911 3 1
58912 2 1
58912 3 2
58913 2 1
58913 3 2
58915 2 2
58915 3 1
58916 2 1
58917 2 1
58918 3 2
58926 2 1
58926 3 1
58927 2 1
58927 3 2
58928 2 1
58928 3 2
58929 2 1
58929 3 2
58934 2 1
58935 2 1
58936 2 1
58938 3 1
58940 2 1
58940 3 1
58941 2 1
58942 3 1
58945 2 1
58946 3 1
58954 3 1
58957 2 1
58957 3 1
58958 2 2
58959 3 1
58961 3 1
58965 2 1
58965 3 1
58971 3 1
58974 3 1
58975 2 1
58976 2 1
58977 2 1
58980 2 1
58980 3 1
58984 2 1
58984 3 1
58985 2 1
58995 2 1
58996 2 1
59002 2 1
59002 3 1
59003 2 1
59003 3 2
59009 3 1
59011 2 1
59011 3 1
59013 3 1
59015 2 1
59016 3 1
59018 3 1
59020 2 1
59021 2 1
59022 2 2
59023 3 1
59033 3 1
59035 2 1
59035 3 2
59036 2 1
59038 2 2
59039 3 1
59045 2 1
59046 2 1
59050 2 1
59050 3 2
59052 3 1
59055 2 1
59055 3 1
59056 2 1
59057 2 2
59057 3 1
59058 2 1
59059 3 1
59061 2 1
59061 3 2
59062 2 2
59062 3 1
59063 2 1
59064 2 1
59068 2 1
59072 3 1
59075 2 2
59076 3 1
59078 2 1
59078 3 1
59090 3 1
59094 2 1
59094 3 1
59095 3 1
59097 2 2
59097 3 1
59098 2 1
59099 2 1
59100 3 2
59103 2 1
59104 3 1
59107 3 1
59109 3 1
59115 2 1
59115 3 1
59116 3 1
59118 3 1
59120 3 2
59121 3 1
59123 2 1
59124 2 2
59124 3 1
59125 2 1
59126 3 1
59130 3 1
59132 2 1
59133 3 1
59135 3 1
59137 2 1
59138 3 1
59140 2 1
59140 3 1
59141 3 2
59143 2 1
59143 3 1
59144 2 2
59145 2 1
59145 3 1
59146 3 1
59148 2 1
59148 3 1
59151 3 1
59153 3 1
59155 3 1
59160 2 1
59160 3 2
59162 3 1
59164 2 1
59168 2 1
59168 3 1
59172 2 1
59172 3 1
59175 2 1
59175 3 1
59176 3 1
59183 2 1
59184 3 1
59186 3 1
59188 2 1
59189 2 1
59189 3 2
59190 3 1
59192 3 1
59195 2 1
59195 3 1
59196 3 1
59199 2 1
59199 3 1
59200 2 1
59201 3 1
59203 2 1
59204 2 1
59205 2 1
59209 3 1
59219 3 1
59224 2 1
59225 2 1
59229 3 1
59231 3 1
59234 3 1
59236 2 1
59237 2 2
59237 3 1
59238 2 1
59239 2 1
59240 3 1
59242 3 1
59244 2 1
59244 3 1
59246 2 1
59247 2 1
59248 2 2
59249 2 1
59249 3 1
59250 2 1
59256 2 1
59256 3 1
59257 2 2
59261 3 1
59275 2 1
59275 3 1
59276 3 1
59279 2 1
59285 2 1
59286 2 2
59287 2 1
59287 3 1
59290 2 1
59295 2 1
59297 3 1
59301 2 1
59302 3 1
59308 2 1
59308 3 1
59311 2 1
59312 3 1
59314 3 1
59315 2 1
59322 3 1
59325 2 1
59325 3 1
59326 2 1
59327 3 1
59329 2 1
59330 2 1
59331 2 2
59331 3 1
59332 3 1
59334 3 1
59346 3 1
59347 2 1
59348 2 2
59348 3 1
59349 2 1
59354 2 1
59363 3 1
59367 2 1
59368 3 1
59371 2 2
59371 3 1
59377 2 1
59377 3 1
59380 2 2
59380 3 1
59381 2 1
59382 3 1
59384 3 1
59386 2 1
59389 2 1
59390 3 1
59392 2 2
59392 3 1
59393 2 1
59394 2 1
59397 2 1
59397 3 1
59401 3 1
59403 2 1
59404 2 1
59405 3 1
59407 2 1
59407 3 2
59408 3 1
59410 3 1
59412 2 1
59413 3 1
59415 3 1
59417 2 1
59418 2 1
59422 2 2
59422 3 1
59423 2 1
59427 2 1
59427 3 1
59430 2 1
59430 3 2
59431 2 2
59431 3 1
59432 2 1
59433 2 1
59434 2 1
59436 2 1
59437 3 1
59439 3 1
59442 3 1
59443 2 1
59444 2 2
59444 3 1
59445 3 1
59448 2 1
59448 3 1
59451 2 1
59451 3 1
59452 2 2
59453 3 1
59460 2 2
59460 3 1
59461 2 1
59462 2 1
59466 2 1
59466 3 1
59471 2 1
59472 2 2
59473 3 1
59475 2 1
59475 3 1
59478 3 1
59483 3 1
59485 2 2
59485 3 1
59486 3 1
59490 2 1
59490 3 1
59491 2 1
59494 3 1
59496 2 1
59499 2 1
59501 3 1
59506 3 1
59508 2 1
59508 3 2
59509 2 1
59510 2 2
59510 3 1
59511 3 1
59514 3 1
59517 2 1
59518 2 1
59519 3 2
59526 3 1
59530 2 1
59530 3 1
59531 2 1
59538 2 1
59539 3 1
59545 3 1
59546 2 1
59546 3 2
59547 2 1
59548 3 1
59551 2 1
59551 3 1
59552 2 2
59553 3 1
59557 3 1
59562 3 1
59564 3 1
59568 3 1
59570 3 1
59574 3 1
59576 2 1
59576 3 1
59582 2 1
59582 3 1
59583 2 1
59588 2 2
59589 2 1
59590 2 1
59598 2 1
59601 2 1
59601 3 1
59604 2 1
59605 3 1
59608 2 2
59608 3 1
59609 3 1
59611 3 1
59613 3 1
59614 3 2
59616 2 1
59617 2 1
59618 2 1
59620 3 1
59623 3 1
59625 3 1
59635 2 1
59635 3 1
59636 2 1
59637 3 1
59640 2 1
59642 2 1
59643 3 1
59645 3 1
59651 2 1
59652 2 1
59656 2 1
59657 3 2
59659 3 1
59661 2 1
59661 3 2
59662 3 1
59674 3 1
59677 2 1
59677 3 1
59678 3 2
59687 3 1
59690 2 1
59691 2 2
59691 3 1
59692 3 1
59699 3 1
59706 2 1
59706 3 1
59707 2 1
59716 2 1
59716 3 2
59717 3 1
59719 3 1
59721 2 1
59721 3 2
59725 3 1
59727 2 1
59727 3 1
59730 3 1
59732 2 1
59732 3 1
59735 3 1
59736 2 1
59741 2 1
59741 3 1
59742 2 2
59742 3 1
59743 3 1
59745 2 1
59745 3 1
59747 3 2
59748 3 1
59751 3 1
59755 2 1
59755 3 2
59756 3 1
59760 3 1
59762 2 2
59762 3 1
59763 3 1
59766 2 1
59766 3 1
59767 3 2
59769 3 1
59770 2 1
59774 3 1
59776 3 1
59778 2 1
59779 2 1
59780 3 1
59784 2 1
59785 3 1
59787 2 1
59791 2 1
59791 3 2
59792 2 1
59792 3 2
59793 3 1
59796 2 1
59796 3 1
59803 3 1
59805 2 1
59805 3 1
59810 2 2
59811 2 1
59811 3 1
59813 2 1
59814 3 1
59816 2 1
59816 3 2
59817 2 1
59819 3 1
59822 2 1
59823 3 1
59830 3 1
59833 2 1
59833 3 1
59838 2 1
59839 2 2
59840 2 1
59840 3 1
59841 3 2
59843 2 1
59843 3 1
59844 2 2
59844 3 1
59845 3 1
59847 3 1
59849 2 1
59849 3 1
59855 3 1
59856 2 1
59857 3 1
59859 3 1
59877 2 1
59877 3 1
59882 3 1
59885 2 1
59885 3 2
59888 2 1
59888 3 2
59889 2 2
59889 3 1
59890 2 1
59891 3 1
59897 2 1
59898 2 1
59902 2 1
59903 2 2
59903 3 1
59908 2 1
59909 3 1
59912 3 1
59914 2 1
59915 3 1
59920 2 1
59920 3 2
59921 2 2
59921 3 1
59922 2 1
59934 2 1
59934 3 1
59935 2 2
59935 3 1
59936 2 1
59948 2 1
59949 2 1
59950 2 1
59954 2 1
59954 3 2
59955 2 1
59956 3 1
59959 3 1
59960 3 2
59962 2 1
59968 2 1
59968 3 2
59976 2 1
59982 2 1
59986 2 1
59986 3 1
59987 2 1
59992 2 1
59993 2 1
59994 3 2
59996 2 1
59997 2 1
59998 3 1
60001 2 1
60001 3 1
60004 3 1
60006 2 1
60006 3 1
60011 2 1
60012 3 2
60015 2 1
60015 3 1
60016 2 1
60016 3 2
60017 2 1
60018 2 2
60019 2 2
60019 3 1
60020 3 1
60022 3 1
60024 2 1
60024 3 1
60025 2 2
60026 2 1
60026 3 1
60027 3 2
60028 3 2
60029 3 1
60031 2 1
60031 3 1
60032 2 1
60032 3 2
60033 3 2
60035 2 1
60035 3 1
60036 2 1
60037 2 2
60038 2 1
60038 3 1
60039 2 2
60039 3 2
60040 3 1
60051 3 1
60053 2 1
60054 3 1
60058 2 1
60059 2 1
60061 2 2
60061 3 1
60062 2 1
60063 3 1
60067 2 1
60067 3 1
60068 2 1
60069 2 1
60077 2 1
60078 3 1
60081 2 1
60082 2 2
60085 2 1
60087 2 1
60091 2 2
60091 3 1
60092 2 1
60092 3 1
60093 3 1
60096 2 1
60096 3 2
60097 2 1
60097 3 2
60098 3 1
60101 2 1
60105 2 1
60110 3 1
60113 3 1
60115 3 1
60117 2 1
60119 2 1
60120 2 2
60121 2 2
60121 3 1
60122 3 1
60130 2 1
60142 2 1
60143 3 1
60146 2 1
60146 3 1
60147 2 1
60147 3 2
60149 2 1
60151 3 1
60152 2 1
60157 2 1
60157 3 1
60158 2 1
60159 2 2
60160 2 1
60160 3 1
60161 2 1
60162 3 1
60164 2 1
60164 3 1
60165 2 1
60168 2 1
60169 2 1
60169 3 2
60170 3 1
60180 2 1
60180 3 2
60182 3 1
60186 2 1
60193 2 1
60194 3 1
60196 2 1
60196 3 1
60197 2 1
60200 3 1
60201 3 2
60205 2 1
60206 2 1
60211 2 2
60211 3 1
60212 3 1
60214 3 1
60216 3 1
60225 3 1
60230 2 1
60230 3 1
60231 3 1
60234 2 1
60235 2 2
60235 3 1
60236 2 1
60237 3 1
60244 2 1
60244 3 1
60245 3 1
60249 2 1
60249 3 1
60251 3 1
60254 3 1
60261 2 1
60261 3 1
60262 2 1
60265 3 1
60271 2 1
60271 3 1
60272 3 1
60275 2 1
60276 2 1
60277 2 1
60278 3 2
60281 2 2
60281 3 1
60282 2 1
60282 3 1
60285 2 1
60285 3 1
60287 3 1
60289 2 1
60289 3 1
60290 3 1
60292 2 1
60293 3 1
60296 2 1
60297 2 2
60298 2 1
60298 3 1
60301 3 1
60303 2 1
60304 2 1
60305 2 1
60308 2 1
60309 2 1
60310 2 1
60315 2 1
60316 2 1
60319 2 1
60319 3 1
60323 2 1
60325 2 1
60326 3 1
60328 3 1
60331 3 1
60333 2 1
60333 3 1
60335 3 1
60338 3 1
60341 2 1
60342 2 1
60343 2 1
60349 2 1
60349 3 1
60355 2 2
60355 3 1
60356 2 1
60356 3 1
60358 3 1
60368 2 2
60368 3 1
60369 2 2
60369 3 1
60370 2 1
60371 2 1
60372 2 1
60373 2 1
60374 2 1
60387 3 1
60389 2 1
60389 3 1
60392 3 1
60398 2 1
60399 2 2
60400 2 1
60400 3 1
60405 3 1
60410 2 1
60420 2 1
60421 2 1
60422 2 2
60422 3 1
60423 2 1
60428 3 1
60430 3 1
60433 2 1
60437 3 1
60439 2 2
60439 3 1
60440 2 1
60440 3 1
60446 2 1
60446 3 1
60447 2 2
60448 2 1
60448 3 1
60449 2 1
60450 2 1
60454 3 1
60456 2 1
60456 3 1
60457 3 1
60459 2 1
60459 3 2
60461 3 1
60464 3 1
60466 2 1
60467 3 1
60471 2 2
60472 2 1
60472 3 1
60477 2 1
60478 3 1
60485 3 1
60486 2 1
60486 3 2
60487 2 1
60488 2 2
60489 3 1
60491 3 1
60493 2 1
60493 3 2
60494 2 1
60496 3 1
60502 2 1
60507 2 2
60508 2 1
60509 2 1
60515 2 1
60516 2 1
60518 2 1
60519 2 1
60521 2 2
60522 3 1
60526 3 1
60529 2 1
60530 2 1
60538 3 1
60542 2 1
60544 2 2
60544 3 1
60545 3 1
60546 2 1
60547 2 1
60548 2 2
60549 3 1
60555 2 1
60555 3 1
60556 2 1
60556 3 2
60557 2 1
60557 3 2
60558 2 2
60559 3 1
60561 2 1
60561 3 1
60564 2 1
60564 3 2
60565 2 1
60565 3 2
60566 2 2
60566 3 2
60567 3 1
60571 2 1
60572 3 1
60575 3 1
60578 2 1
60579 3 1
60595 2 1
60595 3 1
60601 2 1
60602 2 2
60603 3 1
60605 3 1
60612 2 1
60613 2 1
60623 2 1
60623 3 1
60624 2 1
60630 2 1
60631 2 2
60631 3 1
60632 2 1
60635 2 1
60636 2 1
60639 2 1
60640 3 1
60645 2 1
60654 3 1
60657 2 1
60658 2 1
60664 3 1
60666 3 1
60669 2 1
60670 3 1
60681 2 2
60681 3 1
60682 3 1
60684 2 1
60684 3 1
60685 3 2
60694 2 1
60695 2 1
60695 3 2
60696 3 1
60699 3 1
60703 2 1
60704 2 1
60705 3 2
60707 2 2
60707 3 1
60708 3 1
60710 3 1
60713 2 1
60713 3 1
60716 2 1
60720 2 1
60720 3 1
60721 3 1
60723 3 1
60725 3 1
60728 3 1
60730 2 1
60733 2 2
60733 3 1
60734 2 1
60735 2 1
60736 3 1
60738 2 1
60739 2 1
60744 3 1
60748 2 1
60749 3 2
60755 2 1
60756 2 1
60759 2 1
60760 2 1
60761 2 2
60761 3 1
60762 2 1
60763 3 1
60766 2 1
60766 3 2
60767 2 1
60768 2 2
60769 2 1
60769 3 1
60770 3 1
60773 2 1
60776 2 1
60777 3 1
60780 3 1
60784 3 1
60788 3 1
60800 2 1
60801 3 1
60813 2 1
60813 3 2
60814 2 2
60814 3 1
60815 2 1
60816 2 1
60817 2 1
60818 3 1
60821 2 1
60827 2 1
60828 3 1
60832 2 1
60833 2 1
60834 3 1
60837 2 1
60840 2 1
60840 3 1
60841 2 1
60842 2 1
60843 2 1
60857 2 1
60858 2 1
60859 2 1
60860 2 1
60861 3 1
60864 2 1
60864 3 1
60866 3 1
60871 2 1
60871 3 1
60874 2 1
60874 3 1
60875 2 1
60875 3 2
60876 2 1
60877 2 1
60879 2 2
60879 3 1
60880 3 1
60882 2 1
60883 3 1
60885 3 1
60887 2 1
60888 3 1
60891 3 1
60892 2 1
60893 2 2
60893 3 1
60894 3 1
60895 2 1
60896 2 1
60897 3 1
60900 3 1
60920 2 1
60920 3 1
60921 3 1
60926 2 1
60926 3 1
60927 3 1
60931 2 1
60934 3 1
60941 3 1
60943 2 1
60943 3 2
60944 2 1
60944 3 2
60945 3 1
60947 3 1
60949 3 1
60950 2 1
60951 2 1
60958 2 1
60958 3 2
60961 2 1
60961 3 2
60962 2 1
60964 2 1
60972 2 1
60972 3 1
60975 2 1
60975 3 1
60982 2 1
60982 3 1
60983 2 2
60983 3 1
60984 2 1
60985 3 2
60988 2 1
60989 2 1
60996 2 1
60996 3 1
60997 2 2
60999 2 1
61002 2 1
61003 2 1
61004 2 2
61004 3 1
61005 2 1
61006 3 2
61007 3 1
61009 2 1
61009 3 1
61010 3 2
61013 3 1
61022 2 1
61024 3 1
61026 2 1
61026 3 1
61027 3 1
61038 3 1
61041 2 1
61042 2 1
61043 3 1
61046 2 2
61046 3 1
61047 2 1
61048 2 1
61049 3 1
61056 2 1
61061 2 1
61062 2 1
61063 3 1
61065 2 1
61070 2 1
61071 3 1
61077 2 2
61078 2 1
61079 2 1
61083 2 1
61086 2 1
61088 3 1
61089 2 1
61090 2 1
61095 2 1
61096 3 1
61101 2 1
61101 3 1
61112 2 1
61114 3 1
61116 2 1
61116 3 1
61122 2 1
61122 3 1
61129 2 1
61130 3 1
61139 2 1
61140 2 1
61144 2 1
61145 2 1
61146 3 1
61148 3 1
61151 2 1
61152 3 1
61156 2 1
61165 3 1
61167 2 1
61167 3 1
61170 2 2
61170 3 1
61171 3 1
61174 2 1
61175 2 1
61186 2 1
61187 2 1
61190 2 1
61194 2 1
61195 2 1
61196 2 1
61197 2 2
61198 3 1
61202 2 1
61202 3 1
61203 2 2
61204 3 1
61209 3 1
61210 2 1
61218 2 2
61218 3 1
61219 2 1
61219 3 1
61220 2 1
61221 2 1
61224 2 1
61225 2 1
61226 3 2
61229 3 1
61233 2 1
61234 2 1
61235 3 1
61237 2 1
61237 3 1
61238 3 1
61246 3 1
61247 2 1
61251 2 1
61251 3 1
61252 3 2
61254 2 1
61254 3 1
61256 3 1
61258 2 1
61258 3 1
61259 2 2
61260 3 1
61262 2 1
61262 3 1
61263 2 1
61263 3 2
61265 3 1
61269 2 1
61269 3 1
61270 2 1
61271 3 1
61273 3 1
61281 3 1
61283 2 1
61283 3 1
61289 2 1
61297 2 1
61297 3 1
61299 3 1
61301 2 1
61302 2 2
61302 3 1
61303 2 2
61303 3 1
61305 2 1
61308 2 1
61309 2 1
61310 2 1
61313 2 2
61314 2 1
61314 3 1
61320 2 1
61321 3 1
61323 3 1
61326 2 1
61327 3 1
61331 3 1
61333 3 1
61340 3 1
61343 3 1
61345 3 1
61350 2 1
61350 3 1
61352 3 1
61360 2 2
61361 3 1
61363 3 1
61365 3 1
61373 3 1
61382 2 1
61383 2 1
61387 2 1
61389 3 1
61391 2 1
61413 2 1
61413 3 1
61423 3 1
61425 2 1
61426 3 1
61430 2 1
61431 3 1
61435 2 1
61435 3 1
61439 3 1
61441 2 1
61441 3 1
61444 3 1
61447 2 1
61463 3 1
61465 3 1
61467 3 1
61475 2 1
61476 3 1
61478 2 1
61478 3 1
61481 3 1
61483 2 1
61483 3 1
61484 2 1
61484 3 2
61485 2 1
61489 2 1
61489 3 1
61495 2 1
61503 2 1
61503 3 1
61504 2 1
61504 3 2
61505 2 1
61505 3 2
61512 3 1
61514 2 2
61514 3 1
61515 2 1
61516 3 1
61518 2 1
61518 3 1
61523 3 1
61528 2 1
61529 2 1
61534 2 1
61537 3 1
61539 2 1
61540 3 1
61543 2 1
61544 2 1
61548 2 1
61552 3 1
61553 2 1
61554 3 1
61557 2 1
61557 3 1
61558 3 2
61560 3 1
61563 3 1
61565 3 2
61566 3 1
61571 3 1
61572 2 1
61576 3 1
61579 2 1
61579 3 2
61580 2 2
61582 2 2
61583 3 1
61585 3 1
61589 3 1
61590 2 1
61605 2 1
61606 2 1
61607 2 1
61608 3 2
61611 2 1
61612 2 1
61619 2 1
61619 3 1
61622 3 1
61624 3 1
61625 2 1
61626 2 2
61626 3 1
61627 3 1
61629 2 1
61631 2 1
61632 3 1
61637 2 1
61638 3 2
61641 2 1
61644 2 1
61644 3 1
61645 2 1
61646 2 1
61647 2 1
61648 3 1
61650 2 1
61651 2 1
61651 3 2
61652 2 1
61652 3 2
61653 3 1
61655 3 1
61657 3 1
61664 3 1
61666 2 1
61667 3 1
61669 3 1
61670 2 1
61671 3 1
61673 2 1
61673 3 1
61674 2 1
61675 2 1
61677 3 1
61681 3 1
61686 2 1
61686 3 1
61689 2 1
61690 2 2
61691 3 1
61697 3 1
61698 2 1
61699 2 2
61699 3 1
61700 2 1
61701 3 1
61707 2 2
61708 2 1
61709 2 1
61710 3 1
61715 2 1
61716 2 2
61717 2 1
61717 3 1
61721 2 1
61722 2 1
61722 3 2
61723 3 1
61729 2 1
61729 3 1
61731 3 1
61739 2 1
61742 3 1
61744 3 1
61747 2 1
61747 3 1
61748 2 1
61749 2 1
61750 3 1
61753 2 1
61758 3 1
61760 2 1
61761 3 1
61769 3 1
61778 2 1
61778 3 1
61779 2 2
61779 3 1
61780 2 1
61781 2 1
61782 3 1
61789 3 1
61791 3 1
61797 3 1
61798 2 1
61799 2 2
61799 3 1
61801 2 1
61803 3 1
61807 3 1
61808 2 1
61814 2 1
61815 3 1
61817 2 1
61820 3 1
61829 3 1
61831 2 1
61832 3 1
61835 2 1
61836 2 2
61836 3 1
61837 2 1
61838 2 1
61839 2 1
61840 3 2
61842 2 1
61842 3 1
61843 2 2
61844 2 1
61844 3 1
61845 3 1
61848 3 1
61850 3 1
61852 2 1
61853 2 2
61854 2 1
61854 3 1
61855 2 1
61856 3 1
61858 3 1
61859 2 1
61863 2 1
61864 2 1
61869 2 1
61869 3 1
61870 2 1
61870 3 2
61871 3 2
61872 2 1
61873 3 1
61875 3 1
61877 2 1
61878 2 1
61879 3 1
61885 2 1
61885 3 1
61890 3 1
61894 3 1
61896 3 1
61903 2 1
61909 2 1
61909 3 2
61910 2 1
61915 2 1
61915 3 1
61916 2 1
61918 3 1
61921 3 1
61925 3 1
61928 2 1
61928 3 1
61929 2 1
61930 2 2
61931 2 1
61931 3 1
61932 3 2
61935 2 1
61936 3 1
61940 2 1
61948 2 1
61949 2 2
61949 3 1
61950 3 1
61954 2 1
61955 3 1
61958 2 1
61961 2 1
61962 2 1
61968 2 1
61968 3 2
61970 2 1
61971 3 1
61974 3 1
61976 3 1
61988 2 1
61990 3 1
61994 3 1
61999 2 1
61999 3 1
62000 2 2
62001 2 1
62001 3 1
62002 2 1
62003 3 1
62006 3 1
62008 2 1
62018 2 1
62018 3 1
62021 3 1
62024 3 1
62027 2 1
62028 3 1
62035 2 1
62036 3 1
62038 2 1
62046 3 1
62049 2 1
62049 3 1
62051 2 1
62052 2 1
62053 3 1
62055 2 2
62055 3 1
62056 3 1
62059 2 1
62060 2 1
62064 2 1
62065 2 2
62065 3 1
62066 2 1
62067 2 1
62068 3 2
62070 3 1
62071 3 2
62072 2 1
62073 2 1
62076 2 1
62076 3 2
62078 3 1
62080 3 1
62082 2 1
62082 3 1
62083 2 1
62089 2 1
62090 3 1
62092 2 1
62092 3 2
62093 3 1
62095 3 1
62096 2 1
62097 2 2
62098 2 1
62098 3 1
62100 3 1
62102 2 1
62102 3 1
62104 3 1
62106 2 1
62106 3 2
62107 3 1
62109 2 1
62110 2 1
62117 2 1
62117 3 1
62121 2 2
62121 3 1
62122 2 1
62127 2 1
62128 3 2
62129 3 1
62131 3 1
62133 3 1
62135 3 1
62142 3 1
62143 2 1
62144 3 1
62146 2 1
62147 2 1
62147 3 2
62148 3 1
62150 3 1
62152 3 1
62156 3 1
62161 2 1
62161 3 1
62162 2 2
62165 2 1
62165 3 2
62166 2 2
62166 3 1
62167 2 1
62168 3 2
62169 3 1
62171 3 1
62178 2 1
62179 3 1
62185 2 1
62185 3 1
62186 3 1
62192 3 1
62195 2 1
62196 3 1
62199 2 1
62200 2 1
62205 3 1
62210 2 1
62215 3 1
62217 3 1
62219 2 1
62219 3 1
62223 3 1
62226 2 1
62226 3 2
62227 2 2
62228 2 1
62228 3 1
62229 3 1
62232 3 1
62236 3 1
62242 3 1
62243 2 1
62244 2 1
62245 3 1
62248 2 1
62249 2 1
62250 2 2
62250 3 1
62251 3 1
62253 3 1
62261 2 1
62262 3 1
62267 2 1
62268 2 1
62269 3 1
62271 2 1
62271 3 2
62272 3 1
62275 2 1
62275 3 1
62278 3 1
62280 2 2
62280 3 1
62281 2 1
62281 3 1
62282 2 1
62286 3 1
62287 3 2
62293 2 2
62294 2 1
62294 3 1
62298 2 1
62299 3 1
62301 2 1
62301 3 2
62302 2 1
62303 3 1
62305 2 1
62306 3 1
62313 3 1
62316 3 1
62322 2 1
62326 2 2
62326 3 1
62327 2 1
62330 2 1
62331 2 1
62332 2 2
62333 3 1
62338 3 1
62340 3 1
62345 2 1
62345 3 1
62346 2 2
62346 3 1
62347 2 1
62348 3 1
62352 2 1
62352 3 1
62353 3 1
62355 2 1
62358 2 1
62367 2 2
62368 2 1
62368 3 1
62369 2 1
62372 3 1
62375 3 1
62377 2 2
62377 3 1
62378 2 1
62378 3 1
62388 3 1
62390 2 1
62391 2 1
62392 3 1
62396 2 1
62397 2 1
62398 3 2
62400 3 1
62402 3 1
62405 2 1
62405 3 1
62408 3 1
62414 2 1
62414 3 1
62415 2 1
62415 3 2
62416 3 2
62417 2 1
62421 2 1
62422 3 1
62424 2 1
62424 3 1
62425 2 2
62426 2 1
62426 3 1
62430 2 1
62431 2 1
62432 2 1
62438 3 1
62440 3 1
62441 2 1
62442 2 1
62445 2 1
62445 3 1
62448 2 1
62449 2 2
62449 3 1
62455 2 2
62456 3 1
62458 2 1
62458 3 1
62459 3 1
62462 2 2
62462 3 1
62463 2 1
62464 2 1
62470 2 1
62471 3 1
62474 2 1
62476 3 1
62478 3 1
62479 2 1
62480 3 1
62482 3 1
62485 3 1
62487 3 1
62489 3 1
62490 2 1
62491 2 1
62492 3 2
62494 3 1
62499 2 1
62502 2 1
62502 3 1
62503 3 1
62505 2 2
62505 3 1
62506 2 1
62507 3 1
62509 2 1
62510 3 1
62513 2 2
62513 3 1
62514 3 1
62515 2 1
62516 3 1
62519 3 1
62522 2 2
62522 3 1
62523 2 1
62523 3 1
62524 3 1
62527 2 1
62527 3 2
62534 3 1
62539 3 1
62547 2 1
62548 2 1
62549 3 2
62551 2 1
62551 3 1
62554 2 1
62554 3 1
62557 2 1
62558 3 2
62563 2 1
62564 3 1
62567 3 1
62570 2 1
62571 3 2
62577 2 1
62578 3 1
62580 2 1
62581 3 1
62583 2 2
62583 3 1
62584 2 1
62584 3 1
62586 2 1
62587 3 1
62589 2 1
62589 3 1
62590 3 2
62592 2 1
62592 3 1
62603 2 2
62603 3 1
62604 3 1
62605 2 1
62606 3 1
62610 2 1
62611 2 1
62612 2 1
62613 2 1
62614 2 2
62614 3 1
62615 3 1
62617 2 1
62619 2 1
62620 3 1
62622 2 2
62622 3 1
62623 3 1
62625 2 1
62629 2 2
62630 3 1
62638 2 1
62638 3 1
62639 2 1
62644 2 1
62654 2 2
62654 3 1
62655 3 1
62658 3 1
62661 2 1
62662 2 1
62663 2 1
62669 2 1
62670 2 1
62672 3 1
62675 2 1
62675 3 1
62679 3 1
62682 3 1
62689 2 1
62690 2 2
62690 3 1
62691 2 1
62692 2 1
62692 3 2
62693 3 1
62703 3 1
62716 2 1
62722 3 1
62726 2 1
62726 3 2
62728 3 1
62732 2 1
62735 2 2
62735 3 1
62736 2 1
62745 3 1
62748 2 2
62749 2 1
62749 3 1
62751 3 1
62753 3 1
62755 3 1
62757 2 1
62757 3 2
62758 2 2
62758 3 1
62759 2 1
62764 2 1
62769 2 1
62769 3 1
62770 2 2
62770 3 1
62771 2 1
62779 2 2
62779 3 1
62780 2 1
62784 2 1
62785 3 1
62787 2 1
62787 3 2
62788 3 1
62790 2 1
62791 3 2
62799 2 2
62799 3 1
62800 2 2
62800 3 1
62801 2 1
62802 2 1
62802 3 2
62803 2 1
62803 3 2
62804 3 1
62806 2 1
62806 3 1
62807 3 2
62810 2 1
62811 2 2
62812 2 1
62812 3 1
62813 3 1
62816 3 1
62818 3 1
62826 2 1
62826 3 1
62831 3 1
62835 2 1
62835 3 1
62836 3 1
62841 3 1
62844 2 1
62846 3 1
62848 2 1
62848 3 1
62849 2 1
62849 3 2
62852 2 1
62854 2 2
62854 3 1
62855 2 1
62856 3 1
62858 2 1
62858 3 2
62859 2 2
62859 3 1
62860 2 1
62864 3 1
62866 2 1
62866 3 2
62867 2 1
62872 2 1
62872 3 1
62873 3 2
62876 2 1
62877 3 1
62880 2 2
62880 3 1
62881 3 1
62883 2 1
62885 2 1
62886 3 1
62891 2 1
62897 2 1
62898 2 1
62899 2 2
62900 3 1
62903 3 1
62912 2 1
62913 2 1
62914 2 1
62918 3 1
62923 2 1
62923 3 1
62924 2 1
62924 3 2
62925 2 1
62929 2 1
62930 2 2
62930 3 1
62931 2 1
62934 2 1
62934 3 1
62941 3 1
62942 2 1
62943 2 1
62944 2 1
62945 3 1
62956 3 1
62959 3 1
62961 2 1
62961 3 1
62965 3 1
62967 3 1
62969 2 1
62969 3 1
62975 2 1
62975 3 1
62982 2 1
62982 3 1
62984 2 1
62985 2 1
62988 2 1
62990 2 1
62991 2 2
62991 3 1
62999 2 1
63001 2 1
63002 2 1
63002 3 2
63003 3 1
63005 3 1
63012 3 1
63014 3 1
63016 3 1
63022 3 1
63025 2 1
63026 3 2
63028 3 1
63033 2 1
63034 2 1
63037 3 1
63039 3 1
63045 2 1
63045 3 1
63046 2 2
63047 3 1
63049 3 1
63056 3 1
63058 3 1
63059 2 1
63060 3 1
63063 2 1
63064 2 1
63065 3 2
63068 2 1
63068 3 1
63073 2 1
63074 3 1
63076 2 1
63077 3 2
63079 2 1
63079 3 1
63080 2 1
63083 2 1
63084 2 1
63089 2 2
63089 3 1
63090 2 1
63091 3 1
63093 2 1
63093 3 2
63094 2 2
63094 3 1
63095 2 1
63101 2 1
63102 2 1
63103 2 2
63104 3 1
63105 2 1
63106 3 1
63112 2 2
63113 3 1
63116 2 1
63116 3 1
63119 2 1
63120 3 1
63123 2 1
63123 3 2
63124 2 2
63124 3 1
63125 2 1
63131 3 1
63134 2 1
63135 2 1
63136 3 2
63139 2 1
63139 3 1
63142 2 1
63143 3 1
63149 2 1
63150 2 1
63157 2 2
63157 3 1
63158 2 1
63158 3 2
63159 3 1
63164 2 1
63165 2 1
63166 3 1
63177 2 1
63178 2 1
63179 2 2
63179 3 1
63180 2 1
63195 2 1
63195 3 2
63197 3 1
63200 2 1
63201 3 1
63207 3 1
63211 3 1
63217 2 1
63217 3 1
63218 3 2
63222 2 1
63223 2 1
63223 3 2
63224 3 1
63226 3 1
63235 2 1
63235 3 1
63236 2 2
63237 2 1
63237 3 1
63242 3 1
63244 2 1
63244 3 2
63245 2 1
63248 2 1
63248 3 1
63249 3 2
63250 3 1
63257 2 1
63263 3 1
63265 3 1
63268 2 1
63270 3 1
63277 3 1
63279 2 1
63282 3 1
63291 3 1
63293 2 1
63295 2 1
63298 3 1
63303 2 1
63303 3 1
63304 2 2
63304 3 1
63305 2 1
63306 2 1
63313 2 1
63313 3 1
63317 2 1
63318 2 1
63320 3 1
63322 3 1
63324 3 1
63326 2 1
63330 2 1
63331 3 1
63333 2 1
63342 2 1
63342 3 1
63343 2 1
63344 2 2
63344 3 1
63351 3 1
63354 2 1
63354 3 1
63363 3 1
63364 2 1
63378 3 1
63381 3 1
63383 2 2
63383 3 1
63384 2 1
63384 3 1
63392 2 1
63392 3 1
63393 2 2
63403 3 1
63406 2 2
63407 2 1
63407 3 1
63413 2 1
63413 3 1
63414 2 1
63419 2 2
63419 3 1
63420 2 1
63423 3 1
63431 3 1
63434 2 1
63435 2 1
63441 3 1
63443 2 1
63444 2 1
63445 2 1
63446 2 1
63447 2 1
63448 2 1
63449 3 1
63452 2 1
63452 3 1
63453 3 1
63456 3 1
63462 3 1
63465 3 1
63466 2 1
63467 2 1
63471 2 1
63472 3 1
63474 2 1
63474 3 2
63475 2 1
63475 3 2
63476 3 1
63478 2 2
63478 3 1
63479 2 1
63479 3 1
63480 2 1
63481 2 1
63481 3 2
63482 3 1
63484 2 1
63484 3 2
63485 3 1
63488 2 2
63488 3 1
63489 2 1
63489 3 1
63490 2 1
63491 3 1
63495 2 1
63496 2 1
63497 3 1
63500 2 1
63500 3 1
63503 3 1
63510 2 1
63511 2 2
63511 3 1
63512 3 1
63514 3 1
63516 2 1
63516 3 1
63517 2 1
63517 3 2
63518 2 1
63518 3 2
63519 2 2
63520 2 1
63520 3 1
63521 3 1
63527 2 2
63528 2 1
63528 3 1
63532 3 1
63535 3 1
63536 2 1
63542 2 1
63543 2 1
63544 3 1
63548 2 1
63549 3 1
63552 2 1
63552 3 1
63553 2 2
63553 3 1
63554 2 1
63556 3 1
63558 2 1
63558 3 1
63566 3 1
63568 3 1
63575 2 1
63578 2 1
63579 2 1
63580 2 2
63581 3 1
63588 2 1
63589 2 1
63598 2 1
63601 2 1
63601 3 2
63602 3 1
63604 3 1
63606 3 1
63608 3 1
63618 2 1
63621 2 1
63626 2 1
63626 3 1
63627 2 1
63630 2 1
63630 3 1
63631 2 2
63632 3 1
63633 2 1
63634 2 1
63634 3 2
63635 2 1
63635 3 2
63636 3 1
63638 2 1
63638 3 1
63639 2 1
63642 3 1
63644 2 1
63648 2 1
63649 3 1
63651 2 1
63651 3 1
63653 3 1
63655 3 1
63658 2 1
63659 2 2
63659 3 1
63660 2 1
63666 3 1
63667 2 1
63668 2 1
63671 3 1
63680 3 1
63682 3 1
63683 2 1
63684 3 2
63687 3 1
63694 3 1
63695 2 1
63698 3 1
63699 2 1
63705 2 1
63705 3 1
63707 2 1
63714 2 1
63714 3 1
63716 3 1
63717 2 1
63718 3 2
63726 3 1
63729 2 2
63729 3 1
63738 2 1
63739 2 2
63740 2 1
63740 3 1
63741 2 1
63745 3 1
63749 2 2
63750 2 1
63750 3 1
63751 2 1
63752 2 1
63753 3 2
63755 2 1
63758 2 1
63758 3 1
63759 2 2
63760 2 1
63760 3 1
63761 2 1
63761 3 2
63762 3 2
63765 2 1
63768 3 1
63770 2 1
63770 3 1
63772 3 1
63774 2 1
63775 3 1
63777 3 1
63780 3 1
63788 2 1
63788 3 2
63789 2 2
63790 2 1
63790 3 1
63793 2 1
63794 2 1
63794 3 2
63795 3 1
63797 2 2
63797 3 1
63798 3 1
63801 2 1
63801 3 1
63804 2 1
63807 3 1
63808 2 1
63808 3 2
63811 2 1
63811 3 1
63814 3 1
63817 3 1
63821 2 2
63821 3 1
63822 2 1
63822 3 1
63823 2 1
63828 2 1
63828 3 1
63829 2 2
63830 3 1
63834 2 1
63837 2 1
63837 3 1
63844 2 1
63850 2 1
63851 3 1
63858 2 1
63858 3 2
63859 3 1
63861 3 1
63865 3 1
63870 3 1
63871 2 1
63872 2 1
63875 3 1
63877 2 1
63877 3 1
63878 2 1
63881 3 1
63887 2 1
63887 3 1
63893 3 1
63895 3 1
63906 2 1
63906 3 1
63909 3 1
63911 2 1
63911 3 1
63912 2 1
63913 2 2
63914 2 1
63914 3 1
63915 3 2
63919 2 1
63921 3 1
63927 2 1
63930 2 1
63930 3 2
63931 2 2
63931 3 1
63932 2 1
63933 3 1
63936 3 1
63942 2 1
63942 3 1
63947 2 1
63947 3 1
63955 2 1
63956 2 1
63957 2 2
63958 2 1
63958 3 1
63959 3 2
63961 2 1
63961 3 1
63962 2 1
63963 2 2
63963 3 1
63964 2 1
63967 2 1
63968 2 1
63970 2 1
63975 3 1
63982 3 1
63988 2 1
63988 3 1
63989 2 1
63989 3 2
63990 2 1
63993 3 1
63995 2 1
63995 3 1
63996 3 1
63999 2 1
63999 3 1
64000 2 1
64000 3 2
64002 2 1
64010 2 1
64015 3 1
64017 3 1
64021 2 1
64021 3 1
64025 3 1
64026 2 1
64027 3 2
64030 2 1
64030 3 1
64031 3 1
64034 2 1
64034 3 1
64037 2 1
64038 2 1
64039 2 1
64040 3 1
64049 2 1
64050 3 1
64052 2 1
64052 3 2
64053 2 2
64053 3 1
64054 2 1
64055 2 1
64063 2 1
64064 2 1
64065 3 1
64067 3 1
64071 2 1
64071 3 1
64074 2 2
64074 3 1
64075 2 1
64076 3 1
64078 3 1
64084 2 1
64085 3 1
64087 2 1
64087 3 1
64090 2 1
64090 3 1
64094 2 1
64094 3 2
64095 2 1
64096 2 1
64097 2 2
64097 3 1
64098 2 1
64099 3 2
64101 3 1
64104 2 1
64109 2 1
64111 3 1
64114 3 1
64117 3 1
64118 2 1
64119 2 1
64121 3 1
64127 2 2
64127 3 1
64128 2 1
64129 2 1
64130 2 1
64131 3 1
64134 2 1
64134 3 1
64135 2 1
64136 3 2
64138 2 1
64141 2 1
64142 2 2
64143 2 1
64143 3 1
64144 2 1
64145 3 1
64147 3 1
64150 3 1
64151 2 1
64151 3 2
64152 2 2
64153 2 1
64153 3 1
64154 3 2
64157 2 1
64157 3 1
64158 2 2
64159 2 1
64159 3 1
64162 3 1
64166 3 1
64168 3 1
64170 3 1
64173 2 1
64174 2 1
64175 2 1
64176 2 1
64180 2 1
64181 2 1
64182 2 2
64182 3 1
64183 3 1
64185 2 1
64185 3 1
64188 3 1
64191 2 1
64192 2 1
64193 3 1
64198 3 1
64202 2 1
64202 3 1
64204 3 1
64206 2 1
64206 3 1
64207 2 1
64208 3 2
64217 2 1
64217 3 1
64223 2 1
64223 3 1
64226 2 1
64226 3 1
64228 3 1
64235 2 1
64236 2 1
64237 2 2
64237 3 1
64238 3 1
64240 3 1
64252 3 1
64255 2 1
64255 3 1
64256 2 1
64257 3 1
64259 2 1
64259 3 2
64260 2 1
64261 3 1
64265 2 1
64266 3 1
64270 2 1
64272 2 2
64273 3 1
64276 2 1
64279 3 1
64282 2 1
64282 3 1
64284 3 1
64296 2 1
64296 3 1
64301 2 1
64301 3 1
64302 3 2
64304 2 1
64304 3 1
64305 2 1
64306 2 2
64306 3 1
64307 2 2
64307 3 1
64308 3 1
64310 2 1
64310 3 1
64317 2 1
64318 3 1
64320 2 1
64320 3 1
64321 2 1
64321 3 2
64324 2 1
64325 3 1
64328 2 1
64329 2 1
64333 3 1
64334 2 1
64342 3 1
64344 2 1
64344 3 2
64345 2 1
64346 3 1
64348 3 1
64351 3 1
64353 3 1
64356 2 1
64357 3 1
64362 3 1
64364 3 1
64367 3 1
64370 2 1
64370 3 1
64371 3 1
64374 3 1
64376 2 1
64376 3 1
64377 2 2
64377 3 1
64378 2 1
64381 3 1
64384 3 1
64386 3 1
64388 3 1
64392 2 1
64393 2 1
64398 2 1
64399 2 1
64399 3 2
64400 3 1
64402 3 1
64403 2 1
64404 3 2
64413 2 1
64413 3 1
64414 3 1
64420 3 1
64422 2 1
64427 2 1
64428 3 1
64430 2 1
64430 3 2
64431 2 1
64432 3 1
64434 3 1
64438 2 1
64441 3 1
64442 2 1
64443 3 2
64445 3 1
64447 2 1
64448 2 2
64448 3 1
64459 2 1
64460 2 2
64461 2 1
64461 3 1
64462 3 2
64465 2 1
64466 2 1
64466 3 2
64467 3 1
64470 3 1
64473 2 1
64473 3 1
64474 2 1
64478 2 1
64478 3 1
64479 3 2
64481 2 1
64485 2 1
64485 3 1
64486 2 1
64496 2 1
64503 3 1
64505 3 1
64509 2 1
64510 3 1
64514 2 1
64515 2 2
64516 2 1
64516 3 1
64517 3 2
64519 2 1
64519 3 1
64520 2 1
64521 3 1
64529 2 1
64530 3 1
64532 3 1
64534 2 1
64535 2 1
64535 3 2
64536 3 1
64538 3 1
64544 2 1
64545 2 1
64546 3 1
64554 3 1
64555 2 1
64558 2 1
64558 3 1
64569 3 1
64571 2 1
64572 2 1
64573 2 2
64578 2 1
64579 2 1
64583 2 1
64584 2 2
64585 3 1
64587 3 1
64589 2 1
64589 3 1
64590 2 1
64592 2 1
64593 3 1
64595 3 1
64597 2 1
64598 3 1
64602 3 1
64608 2 1
64608 3 1
64609 2 1
64609 3 2
64618 2 1
64619 2 2
64620 2 1
64620 3 1
64621 3 1
64623 3 1
64625 2 1
64626 3 1
64636 2 1
64636 3 1
64638 2 1
64639 2 2
64640 2 1
64640 3 1
64644 3 1
64647 2 2
64647 3 1
64648 2 1
64649 3 1
64651 2 1
64652 2 2
64652 3 1
64653 2 2
64653 3 1
64654 3 1
64656 3 1
64657 2 1
64657 3 2
64658 2 2
64659 2 1
64659 3 1
64663 3 1
64665 2 1
64665 3 2
64666 2 1
64676 2 1
64676 3 1
64679 3 1
64681 2 1
64681 3 1
64684 2 1
64688 2 1
64689 2 1
64690 2 2
64691 3 1
64697 2 1
64697 3 2
64698 3 1
64700 3 1
64701 2 1
64702 3 1
64705 2 1
64706 2 1
64706 3 2
64707 3 1
64715 3 1
64717 2 1
64717 3 1
64720 2 1
64720 3 1
64721 2 2
64721 3 1
64722 2 1
64723 3 1
64725 2 1
64725 3 2
64727 2 1
64728 2 1
64729 2 1
64732 3 1
64733 2 1
64734 3 1
64738 2 1
64738 3 2
64739 2 1
64739 3 2
64740 2 1
64740 3 2
64741 3 1
64743 2 1
64743 3 1
64746 2 1
64746 3 1
64749 2 1
64749 3 1
64755 2 1
64756 2 1
64757 3 1
64759 3 1
64760 2 1
64774 3 1
64780 3 1
64782 2 1
64787 2 1
64788 2 1
64788 3 2
64789 3 1
64793 2 1
64794 2 1
64795 2 2
64795 3 1
64796 3 1
64798 2 1
64799 3 1
64803 2 1
64803 3 1
64804 2 1
64804 3 2
64805 3 1
64812 2 1
64812 3 1
64815 2 1
64815 3 2
64816 3 1
64819 2 1
64819 3 1
64821 3 1
64831 3 1
64835 3 1
64837 2 1
64837 3 1
64844 3 1
64846 3 1
64862 2 1
64865 2 1
64881 3 1
64883 2 1
64884 2 2
64884 3 1
64885 2 1
64886 3 1
64895 3 1
64897 2 2
64897 3 1
64898 3 1
64900 2 1
64900 3 2
64901 3 1
64911 2 1
64917 3 1
64920 2 1
64920 3 1
64923 2 1
64923 3 1
64924 3 2
64926 3 1
64929 2 1
64930 2 2
64931 3 1
64933 2 1
64934 3 1
64938 2 1
64938 3 2
64939 2 2
64939 3 1
64940 2 1
64941 2 1
64942 3 1
64946 3 1
64953 3 1
64956 3 1
64961 3 1
64969 2 1
64972 2 2
64973 2 1
64973 3 1
64974 2 1
64975 3 2
64977 3 1
64979 2 1
64979 3 2
64980 3 1
64983 2 1
64983 3 1
64984 2 2
64985 2 1
64985 3 1
64991 2 1
64992 2 2
64993 2 1
64993 3 1
64994 3 2
64996 2 1
64996 3 1
64997 2 2
64998 3 1
65000 2 2
65000 3 1
65001 2 1
65001 3 1
65002 3 1
65007 3 1
65008 2 1
65009 3 2
65011 3 1
65014 2 1
65014 3 1
65015 2 1
65016 2 1
65017 2 1
65020 3 1
65022 2 1
65022 3 1
65026 3 1
65029 2 1
65029 3 1
65030 2 1
65031 3 1
65038 3 1
65039 2 1
65040 3 1
65051 2 1
65065 2 1
65065 3 1
65066 2 2
65067 2 1
65067 3 1
65068 2 1
65069 3 1
65072 2 2
65072 3 1
65073 3 1
65076 3 1
65080 2 1
65081 2 2
65081 3 1
65083 2 1
65086 2 1
65087 3 1
65089 3 1
65091 2 1
65091 3 1
65092 2 1
65096 3 1
65106 2 1
65106 3 1
65107 2 1
65107 3 2
65110 2 1
65110 3 1
65111 2 1
65114 3 1
65121 2 1
65127 2 1
65127 3 1
65128 3 2
65129 2 1
65129 3 2
65130 3 1
65133 2 1
65133 3 1
65135 2 1
65136 2 1
65137 2 1
65138 3 1
65142 3 1
65147 3 1
65149 2 1
65150 3 1
65152 3 1
65156 2 1
65157 2 2
65157 3 1
65158 2 1
65163 3 1
65166 3 1
65172 3 1
65174 2 2
65174 3 1
65175 2 1
65180 3 1
65184 3 1
65186 3 2
65187 3 1
65192 2 1
65197 3 1
65200 2 1
65200 3 2
65201 2 1
65201 3 2
65202 2 2
65202 3 1
65203 2 1
65204 2 1
65205 3 1
65208 2 1
65208 3 2
65209 3 1
65211 2 1
65214 2 1
65215 2 1
65220 2 1
65222 2 1
65225 2 1
65225 3 1
65226 2 1
65226 3 2
65227 2 1
65227 3 2
65228 2 1
65228 3 2
65229 2 1
65229 3 2
65232 2 1
65232 3 1
65237 2 1
65241 2 1
65241 3 1
65242 3 1
65244 2 1
65244 3 1
65246 3 1
65248 3 1
65249 2 1
65252 2 1
65252 3 1
65253 2 1
65253 3 2
65254 2 2
65255 2 1
65255 3 1
65259 2 1
65259 3 1
65266 3 1
65268 3 1
65271 2 1
65272 2 1
65275 3 1
65277 2 2
65277 3 1
65278 2 2
65278 3 1
65279 2 1
65280 3 1
65282 2 1
65282 3 1
65283 2 1
65286 2 1
65286 3 1
65287 2 1
65287 3 2
65288 2 2
65289 2 1
65289 3 1
65297 3 1
65299 3 1
65301 2 1
65301 3 1
65302 2 1
65305 2 1
65305 3 1
65309 2 1
65310 2 1
65313 3 1
65315 3 1
65317 3 1
65319 3 1
65321 3 1
65334 2 1
65335 3 1
65342 3 1
65344 3 1
65346 2 1
65347 3 1
65349 2 1
65350 2 2
65351 2 1
65351 3 1
65355 2 1
65355 3 1
65356 3 1
65364 3 1
65373 2 2
65373 3 1
65374 2 1
65374 3 1
65381 2 1
65382 2 2
65382 3 1
65383 2 1
65384 3 1
65387 3 1
65391 3 1
65393 2 1
65393 3 1
65394 2 1
65395 2 1
65396 3 1
65405 2 1
65406 2 1
65407 2 2
65408 2 1
65408 3 1
65409 2 1
65415 2 2
65415 3 1
65416 2 1
65416 3 1
65418 2 1
65421 2 1
65421 3 1
65423 2 2
65423 3 1
65424 3 1
65427 2 1
65427 3 2
65428 2 2
65428 3 1
65429 2 1
65431 3 2
65432 3 1
65434 3 1
65436 3 1
65438 3 1
65441 2 1
65442 2 1
65448 2 1
65449 2 2
65450 2 1
65450 3 1
65453 3 1
65455 3 1
65457 3 1
65461 3 1
65463 2 1
65463 3 1
65464 2 2
65465 2 1
65465 3 1
65466 3 2
65470 3 1
65471 2 1
65473 2 1
65476 2 1
65476 3 1
65477 2 1
65478 2 1
65489 3 1
65491 3 1
65494 2 1
65494 3 1
65495 2 1
65497 3 1
65502 2 1
65503 2 1
65504 2 1
65505 2 1
65506 3 1
65509 3 1
65518 2 2
65518 3 1
65519 2 1
65520 2 1
65523 3 1
65525 3 1
65529 2 1
65530 3 1
65534 2 1
65535 2 1
65543 3 1
65545 2 1
65548 3 1
65551 2 1
65551 3 1
65552 3 2
65554 2 2
65554 3 1
65555 3 1
65558 2 1
65563 2 1
65564 3 1
65568 2 1
65568 3 2
65569 3 1
65574 2 1
65578 3 1
65581 2 1
65581 3 1
65585 2 1
65588 3 1
65589 2 1
65592 2 1
65593 2 2
65593 3 1
65594 2 1
65595 2 1
65596 3 2
65599 2 1
65600 2 1
65603 2 1
65604 2 1
65605 2 2
65605 3 1
65610 3 1
65624 3 1
65631 2 1
65632 2 2
65633 3 1
65638 2 1
65639 2 1
65645 2 1
65646 3 1
65650 2 1
65651 3 2
65653 3 1
65657 3 1
65661 3 1
65663 2 1
65663 3 1
65664 3 2
65666 2 1
65666 3 1
65667 2 2
65667 3 1
65668 2 1
65669 2 1
65670 3 2
65673 2 1
65677 2 1
65678 2 1
65678 3 2
65679 3 1
65685 3 1
65688 2 1
65688 3 1
65689 2 1
65690 3 1
65692 2 2
65692 3 1
65693 3 1
65698 3 1
65700 2 1
65700 3 2
65703 2 1
65703 3 1
65704 2 1
65705 3 2
65708 2 1
65708 3 1
65709 2 2
65710 2 1
65710 3 1
65711 3 2
65713 3 1
65721 2 1
65721 3 1
65723 3 1
65725 3 1
65727 3 1
65729 2 1
65729 3 1
65732 2 1
65732 3 2
65733 2 2
65733 3 1
65734 2 1
65735 2 1
65736 3 1
65738 2 1
65742 2 1
65743 2 1
65745 2 1
65746 2 2
65746 3 1
65747 3 1
65753 3 1
65759 3 1
65763 2 1
65764 2 1
65765 2 2
65765 3 1
65766 3 1
65774 3 1
65776 2 1
65776 3 1
65777 3 1
65784 2 1
65785 2 1
65794 2 1
65794 3 1
65799 2 1
65799 3 1
65802 2 1
65802 3 2
65803 3 1
65807 3 1
65809 3 1
65811 3 1
65816 3 1
65817 2 1
65818 3 1
65820 2 1
65821 3 1
65823 3 1
65824 2 1
65824 3 2
65828 2 1
65829 2 1
65830 2 2
65830 3 1
65831 2 1
65832 3 2
65837 2 1
65837 3 1
65838 2 1
65839 3 1
65841 2 1
65845 2 1
65855 2 1
65856 3 1
65858 3 1
65860 2 1
65860 3 1
65861 2 1
65863 2 1
65870 3 1
65873 2 1
65873 3 1
65876 3 1
65882 2 1
65882 3 2
65888 2 1
65898 2 1
65899 2 1
65904 2 1
65904 3 1
65908 3 1
65910 2 1
65910 3 2
65911 2 1
65917 3 1
65918 2 1
65928 2 1
65928 3 1
65929 2 2
65929 3 1
65930 2 1
65932 3 1
65934 2 1
65936 2 1
65937 2 2
65937 3 1
65938 3 1
65940 2 1
65941 2 1
65942 2 1
65943 2 2
65944 3 1
65947 2 1
65947 3 1
65948 3 1
65951 3 1
65955 2 1
65958 3 1
65959 2 1
65960 3 1
65964 2 1
65967 2 1
65967 3 2
65968 2 2
65968 3 1
65969 2 1
65975 2 1
65976 2 1
65976 3 2
65977 3 1
65979 2 1
65979 3 1
65982 2 1
65982 3 1
65983 2 1
65984 2 2
65984 3 1
65985 3 1
65987 2 1
65988 2 1
65989 2 2
65989 3 1
65991 2 1
65998 3 1
66000 3 1
66002 2 1
66006 3 1
66008 2 1
66008 3 1
66009 2 1
66013 3 1
66016 3 1
66017 2 1
66018 3 1
66023 2 1
66023 3 2
66026 3 1
66027 2 1
66028 3 1
66030 2 1
66031 3 1
66033 2 1
66033 3 1
66034 3 1
66036 2 1
66040 3 1
66042 2 1
66042 3 2
66043 2 2
66044 2 1
66044 3 1
66048 3 1
66053 2 2
66064 2 1
66064 3 1
66068 2 1
66069 3 1
66071 3 1
66073 2 1
66073 3 1
66074 2 1
66078 2 1
66078 3 1
66079 2 1
66080 3 2
66082 2 1
66082 3 1
66083 2 1
66086 3 1
66095 3 1
66098 3 1
66100 2 1
66101 3 1
66103 2 1
66103 3 1
66104 3 1
66107 3 1
66109 2 1
66109 3 1
66110 2 1
66112 2 1
66113 2 1
66116 3 1
66119 3 1
66122 3 1
66126 2 1
66126 3 1
66127 2 1
66127 3 2
66128 2 1
66130 3 1
66133 3 1
66135 2 1
66136 2 1
66146 2 1
66149 2 1
66149 3 1
66150 2 2
66151 3 1
66152 2 1
66153 3 2
66158 2 1
66159 3 1
66161 3 1
66162 2 1
66165 3 1
66177 3 1
66178 2 1
66179 3 1
66181 3 1
66186 2 1
66187 3 1
66190 3 1
66194 3 1
66200 2 1
66201 3 1
66204 2 1
66204 3 1
66205 2 2
66206 3 1
66209 3 1
66214 2 1
66214 3 2
66221 2 1
66222 3 1
66224 2 2
66224 3 1
66227 2 1
66235 3 1
66243 2 1
66243 3 1
66244 2 1
66253 2 1
66253 3 1
66254 2 2
66255 2 1
66255 3 1
66256 3 2
66259 3 1
66261 2 1
66261 3 2
66266 2 1
66266 3 2
66268 3 1
66270 3 1
66272 2 1
66273 2 1
66274 2 2
66274 3 1
66275 2 1
66280 3 1
66281 2 1
66282 2 1
66283 2 2
66284 2 1
66284 3 1
66285 3 2
66288 2 1
66288 3 1
66291 2 1
66292 2 1
66295 3 1
66299 2 1
66299 3 1
66300 3 1
66302 2 1
66302 3 1
66305 3 1
66308 2 1
66309 2 1
66310 2 2
66311 3 1
66315 3 1
66316 2 1
66316 3 2
66317 2 2
66318 2 1
66318 3 1
66319 3 1
66324 2 1
66325 2 2
66326 2 1
66326 3 1
66327 2 1
66327 3 2
66328 3 2
66338 2 1
66339 2 1
66340 2 1
66341 2 2
66346 2 1
66347 2 1
66348 3 2
66350 3 1
66357 2 1
66357 3 1
66363 3 1
66373 2 1
66374 2 1
66378 3 1
66380 2 2
66380 3 1
66381 2 2
66381 3 1
66382 2 1
66382 3 1
66383 2 1
66386 3 1
66393 2 1
66393 3 2
66394 3 1
66396 3 1
66400 2 1
66401 3 1
66403 2 1
66404 3 1
66407 3 1
66409 2 1
66409 3 1
66415 2 1
66415 3 1
66416 2 1
66423 3 1
66425 2 1
66425 3 1
66428 3 1
66430 2 1
66430 3 1
66438 3 1
66440 3 1
66441 2 1
66444 3 1
66446 3 1
66450 3 1
66451 2 1
66456 2 1
66457 2 1
66458 3 2
66460 2 1
66460 3 1
66461 2 1
66467 2 1
66469 2 1
66472 2 1
66476 3 1
66478 3 1
66481 3 1
66484 2 1
66485 2 1
66490 2 1
66490 3 1
66491 3 1
66496 2 1
66496 3 1
66497 3 1
66501 2 2
66502 3 1
66504 3 1
66511 2 1
66511 3 1
66526 2 1
66526 3 1
66527 2 1
66527 3 2
66532 2 1
66532 3 2
66533 2 1
66534 2 1
66537 2 1
66538 3 1
66542 2 1
66542 3 1
66543 3 1
66546 2 1
66551 3 1
66553 3 1
66556 2 1
66561 2 1
66563 2 1
66564 2 1
66565 2 2
66566 3 1
66571 2 1
66571 3 1
66572 2 2
66573 2 1
66573 3 1
66574 3 1
66576 2 2
66576 3 1
66577 2 1
66578 2 1
66582 2 1
66583 3 1
66588 2 1
66589 2 1
66590 3 1
66592 2 1
66593 3 1
66595 2 2
66595 3 1
66596 2 1
66597 2 1
66601 3 1
66603 2 1
66604 2 1
66605 2 1
66610 3 1
66612 3 1
66621 2 1
66622 3 1
66625 2 1
66625 3 1
66626 2 2
66626 3 1
66627 2 1
66636 2 2
66637 2 1
66637 3 1
66638 2 1
66655 3 1
66657 2 2
66657 3 1
66658 2 1
66659 3 2
66663 2 1
66664 2 1
66665 3 1
66667 2 1
66667 3 1
66668 2 1
66669 2 1
66670 2 1
66671 3 2
66673 3 1
66675 2 1
66675 3 1
66676 3 2
66681 3 1
66684 2 1
66684 3 2
66685 2 1
66691 2 1
66691 3 1
66692 3 2
66694 3 1
66700 2 1
66701 2 2
66701 3 1
66702 3 1
66705 2 1
66706 2 1
66707 2 2
66717 3 1
66721 3 1
66723 3 1
66726 2 1
66726 3 1
66729 3 1
66731 3 1
66735 2 1
66735 3 1
66740 3 1
66741 2 1
66742 3 1
66753 2 2
66753 3 1
66754 2 1
66754 3 1
66759 2 1
66761 3 1
66767 2 2
66767 3 1
66768 3 1
66773 2 2
66773 3 1
66774 2 2
66774 3 1
66775 2 1
66775 3 1
66778 2 1
66779 3 2
66782 2 1
66783 3 1
66785 3 1
66786 2 1
66787 2 1
66791 3 1
66797 2 1
66798 3 1
66801 2 1
66801 3 1
66802 2 2
66802 3 1
66803 2 1
66808 2 1
66809 3 1
66814 2 2
66814 3 1
66815 2 1
66816 2 1
66816 3 2
66817 3 1
66819 2 2
66819 3 1
66820 2 1
66823 3 1
66826 2 1
66826 3 1
66827 2 1
66828 3 2
66830 2 1
66833 3 1
66843 2 1
66843 3 2
66845 3 1
66847 2 1
66847 3 1
66850 2 2
66850 3 1
66851 2 1
66852 2 1
66860 2 1
66862 2 1
66863 3 1
66867 2 1
66867 3 2
66868 3 1
66871 2 1
66875 3 1
66877 2 1
66885 3 1
66886 2 1
66889 3 1
66901 2 1
66902 2 2
66903 3 1
66905 3 1
66913 2 1
66916 3 1
66917 2 1
66927 2 1
66930 2 1
66931 2 1
66932 2 2
66933 2 1
66933 3 1
66934 3 2
66936 2 1
66936 3 1
66937 2 1
66938 3 1
66942 2 1
66948 2 1
66948 3 1
66949 2 1
66952 2 1
66953 2 1
66957 2 1
66958 2 2
66959 2 1
66959 3 1
66960 2 1
66961 3 1
66964 2 1
66964 3 1
66965 2 1
66966 3 1
66968 2 1
66969 2 1
66975 2 1
66976 3 1
66978 2 1
66978 3 2
66979 2 2
66980 2 1
66980 3 1
66981 3 1
66992 2 1
66993 2 2
66993 3 1
66995 2 1
66996 3 1
66998 2 1
67006 3 1
67008 2 1
67008 3 2
67009 2 1
67010 3 1
67014 2 1
67020 2 1
67021 2 1
67027 2 1
67028 3 1
67030 2 1
67038 2 1
67039 2 1
67040 2 1
67040 3 2
67041 2 1
67041 3 2
67042 3 1
67044 2 2
67044 3 1
67045 2 1
67046 2 1
67047 2 1
67048 3 1
67050 2 2
67050 3 1
67051 2 1
67056 2 1
67056 3 1
67066 2 1
67066 3 1
67067 2 2
67067 3 1
67068 2 1
67077 2 1
67077 3 1
67078 2 2
67079 3 1
67081 3 1
67083 3 1
67089 3 1
67090 2 1
67093 2 1
67093 3 1
67096 3 1
67098 3 1
67099 2 1
67100 2 2
67101 2 1
67101 3 1
67105 2 1
67105 3 1
67106 3 1
67108 3 1
67109 2 1
67109 3 2
67110 2 2
67111 2 1
67111 3 1
67112 2 1
67113 2 1
67114 3 1
67116 3 1
67117 2 1
67118 2 1
67118 3 2
67119 2 1
67119 3 2
67120 3 1
67122 2 1
67123 2 2
67123 3 1
67124 3 1
67126 2 1
67126 3 1
67127 3 2
67132 2 1
67132 3 1
67133 2 1
67133 3 2
67134 2 1
67135 2 1
67136 3 1
67142 2 1
67142 3 1
67143 2 1
67143 3 2
67144 2 1
67144 3 2
67145 3 2
67152 3 1
67161 2 1
67161 3 1
67173 3 1
67175 2 1
67177 3 2
67178 3 1
67180 3 1
67182 3 1
67189 3 1
67192 2 1
67192 3 1
67195 3 1
67199 2 1
67200 2 1
67205 3 1
67207 3 1
67210 2 1
67211 2 1
67212 2 2
67212 3 1
67213 3 1
67215 2 1
67216 3 1
67220 3 1
67221 2 1
67222 2 1
67223 2 1
67231 3 1
67234 3 1
67236 3 1
67238 2 1
67239 3 1
67241 3 1
67243 3 1
67250 3 1
67252 2 2
67253 2 1
67254 2 1
67255 3 1
67257 2 2
67257 3 1
67258 2 1
67259 2 1
67260 2 1
67270 2 1
67270 3 2
67272 2 2
67272 3 1
67273 2 1
67274 3 1
67282 2 1
67283 2 2
67284 2 1
67284 3 1
67285 3 1
67287 2 1
67292 3 1
67293 3 2
67294 2 1
67295 2 2
67295 3 1
67299 3 1
67317 2 1
67317 3 1
67318 2 1
67319 2 2
67320 2 1
67320 3 1
67321 3 2
67330 2 1
67330 3 1
67331 2 1
67332 2 2
67332 3 1
67340 2 1
67341 2 1
67342 2 1
67343 2 2
67344 3 1
67352 2 1
67353 2 2
67353 3 1
67354 3 1
67356 2 1
67360 2 1
67360 3 2
67364 2 1
67365 2 1
67370 3 1
67372 2 1
67372 3 1
67375 3 1
67380 2 1
67381 2 1
67381 3 2
67382 2 2
67382 3 2
67383 3 1
67385 2 1
67386 3 1
67388 3 1
67391 2 1
67395 2 1
67395 3 1
67396 2 1
67400 2 1
67400 3 2
67403 2 1
67404 2 1
67405 3 1
67409 2 1
67410 3 1
67417 3 1
67419 2 1
67419 3 2
67420 2 1
67421 2 1
67423 2 1
67425 3 1
67427 2 1
67427 3 1
67428 2 1
67428 3 2
67431 2 1
67431 3 1
67432 3 1
67438 3 1
67443 3 1
67448 3 1
67450 2 1
67452 3 1
67454 2 1
67454 3 1
67455 2 2
67456 2 1
67456 3 1
67457 3 2
67459 3 1
67463 3 1
67465 2 1
67469 3 1
67471 2 1
67471 3 1
67480 2 2
67481 2 1
67481 3 1
67485 2 1
67486 3 1
67489 2 1
67489 3 2
67493 2 1
67494 3 1
67497 3 1
67502 2 2
67503 2 1
67503 3 1
67504 2 1
67505 2 1
67506 3 1
67508 3 1
67511 3 1
67513 3 1
67520 3 1
67523 2 1
67523 3 1
67525 3 1
67527 2 1
67527 3 2
67529 3 1
67538 3 1
67542 3 1
67545 2 1
67546 2 1
67547 3 1
67549 3 1
67552 2 1
67559 3 1
67561 2 2
67561 3 1
67562 2 1
67563 3 1
67567 3 1
67569 2 1
67570 3 1
67572 2 1
67574 2 1
67582 2 1
67583 3 1
67589 3 1
67590 2 1
67591 2 1
67592 3 1
67594 3 1
67600 2 1
67601 2 1
67604 2 1
67605 2 1
67609 2 1
67616 3 2
67617 3 1
67624 3 1
67626 3 2
67627 3 1
67630 2 1
67630 3 2
67634 3 1
67635 2 1
67636 2 1
67636 3 2
67637 3 1
67644 2 1
67644 3 1
67645 2 1
67645 3 2
67646 2 2
67646 3 1
67647 2 1
67652 2 2
67652 3 1
67653 2 1
67653 3 1
67654 2 1
67658 2 1
67659 2 1
67663 2 1
67669 3 1
67670 2 1
67676 2 1
67676 3 1
67677 3 1
67682 2 1
67682 3 2
67683 2 1
67684 3 1
67687 2 1
67693 2 1
67694 2 2
67695 2 1
67695 3 1
67696 3 1
67702 2 1
67703 2 2
67703 3 1
67704 2 1
67705 3 1
67708 2 2
67708 3 1
67710 2 1
67711 2 1
67712 2 1
67712 3 2
67713 3 1
67715 2 1
67715 3 2
67716 3 1
67720 2 1
67725 3 1
67729 3 1
67731 3 1
67733 2 1
67734 2 1
67738 3 1
67739 2 1
67740 3 2
67745 2 1
67745 3 1
67746 2 2
67747 2 1
67747 3 1
67748 3 2
67757 2 1
67758 3 2
67764 2 1
67765 2 1
67766 3 1
67768 2 1
67768 3 1
67769 3 1
67771 3 1
67775 2 1
67776 2 1
67777 2 1
67779 2 1
67780 3 2
67783 3 1
67785 2 1
67785 3 2
67786 2 1
67787 2 2
67787 3 1
67793 3 1
67795 2 1
67796 2 2
67796 3 1
67797 2 1
67798 2 1
67799 2 1
67800 3 2
67803 2 1
67804 3 1
67806 2 1
67806 3 2
67807 3 1
67809 3 1
67810 3 2
67811 2 1
67812 2 1
67813 3 1
67815 3 1
67819 2 1
67821 3 1
67824 3 1
67826 2 1
67836 2 1
67837 2 1
67841 2 1
67843 2 1
67844 3 2
67847 3 1
67852 3 1
67853 2 1
67854 2 1
67855 2 1
67857 3 1
67860 3 1
67866 3 1
67869 2 1
67869 3 2
67870 2 2
67870 3 1
67871 2 1
67872 2 1
67873 2 1
67893 2 1
67893 3 1
67897 2 1
67897 3 1
67900 2 1
67903 2 1
67903 3 1
67904 2 2
67905 2 1
67905 3 1
67906 2 1
67907 3 1
67910 2 1
67910 3 1
67913 2 1
67913 3 1
67918 2 1
67919 3 1
67921 2 1
67922 2 2
67922 3 1
67923 3 1
67929 2 1
67933 3 1
67935 3 1
67944 2 1
67944 3 1
67948 3 1
67949 2 1
67950 2 1
67951 3 1
67953 2 2
67953 3 1
67954 2 1
67955 2 1
67955 3 2
67956 3 1
67958 2 1
67958 3 1
67959 3 1
67961 2 1
67961 3 2
67962 3 1
67965 3 1
67972 2 2
67972 3 1
67973 2 1
67974 3 1
67976 3 1
67977 2 1
67978 3 1
67980 3 1
67982 2 1
67983 3 1
67987 3 1
67989 2 1
67989 3 1
67990 2 2
67991 2 1
67991 3 1
67998 3 1
68000 2 1
68001 2 1
68002 2 2
68003 2 1
68003 3 1
68004 3 1
68006 2 1
68006 3 2
68007 2 2
68007 3 1
68008 2 1
68009 3 1
68012 3 1
68013 2 1
68014 2 1
68017 2 1
68017 3 1
68018 2 1
68019 2 1
68020 2 1
68021 2 2
68021 3 1
68022 3 1
68024 2 1
68025 2 1
68031 3 1
68033 3 1
68035 2 1
68035 3 1
68036 2 1
68037 2 1
68041 3 1
68043 3 1
68045 2 2
68045 3 1
68046 2 1
68047 2 1
68050 2 1
68050 3 1
68052 3 1
68057 2 1
68057 3 1
68058 2 1
68059 2 1
68060 2 2
68061 2 1
68061 3 1
68062 3 1
68064 2 1
68067 2 1
68068 3 1
68070 2 1
68077 2 1
68077 3 1
68082 2 1
68083 2 1
68086 2 1
68087 3 1
68098 2 1
68098 3 2
68099 3 1
68101 2 1
68102 3 1
68106 2 1
68107 3 1
68109 2 1
68109 3 1
68110 2 1
68111 3 1
68121 2 1
68121 3 1
68122 2 1
68128 2 1
68128 3 1
68135 2 1
68136 2 1
68139 2 1
68139 3 1
68140 3 1
68143 3 1
68145 2 1
68145 3 1
68146 2 1
68155 2 1
68156 3 1
68163 2 1
68163 3 1
68169 2 1
68173 2 1
68173 3 1
68180 3 1
68182 3 1
68185 2 1
68186 2 1
68187 3 2
68190 3 1
68192 2 1
68192 3 1
68194 3 1
68196 2 1
68196 3 2
68197 3 1
68199 2 2
68199 3 1
68201 2 1
68203 3 1
68208 2 1
68208 3 1
68212 3 1
68214 2 1
68214 3 1
68215 2 1
68216 2 1
68217 2 1
68219 3 1
68225 3 1
68232 2 1
68232 3 1
68235 2 2
68235 3 1
68237 2 1
68238 2 1
68239 3 2
68242 3 1
68244 3 1
68247 2 1
68248 2 1
68249 3 2
68251 3 1
68253 3 1
68255 2 1
68256 2 1
68257 3 2
68260 3 1
68262 3 1
68263 2 1
68266 3 1
68270 2 1
68271 3 1
68275 2 1
68277 3 1
68280 2 2
68280 3 1
68281 2 2
68281 3 1
68282 2 1
68282 3 1
68283 2 1
68294 3 1
68298 2 2
68298 3 1
68299 3 1
68307 2 1
68311 2 1
68316 3 1
68317 2 1
68318 3 2
68321 2 1
68327 3 1
68333 2 1
68338 2 2
68338 3 1
68339 2 1
68340 3 1
68345 3 1
68364 2 2
68364 3 1
68365 2 1
68365 3 1
68366 2 1
68369 3 1
68373 2 1
68373 3 1
68374 2 1
68375 2 1
68380 2 1
68382 3 1
68388 2 1
68389 3 1
68398 3 1
68404 2 1
68404 3 1
68405 3 2
68415 2 1
68415 3 1
68416 2 2
68417 3 1
68420 2 1
68428 2 1
68428 3 1
68430 3 1
68434 2 1
68435 2 1
68438 3 1
68443 3 1
68446 3 1
68448 2 1
68448 3 1
68449 2 1
68450 3 2
68452 2 1
68452 3 1
68455 2 1
68456 2 1
68457 2 2
68458 2 1
68458 3 1
68459 3 2
68464 2 1
68464 3 1
68465 2 1
68466 2 2
68466 3 1
68467 2 1
68468 2 1
68472 2 1
68473 2 1
68474 3 2
68480 2 1
68481 2 1
68482 2 1
68483 2 1
68484 2 2
68484 3 1
68496 2 1
68496 3 2
68497 2 1
68502 2 1
68502 3 2
68503 3 1
68508 2 1
68516 2 1
68516 3 1
68517 2 1
68521 2 1
68521 3 2
68523 3 1
68526 2 1
68526 3 1
68527 2 1
68527 3 2
68530 2 1
68530 3 2
68531 3 1
68534 2 1
68534 3 1
68535 2 1
68543 2 2
68543 3 1
68544 2 1
68544 3 1
68554 2 1
68555 3 1
68557 2 2
68557 3 1
68558 2 1
68563 3 1
68566 2 1
68567 3 1
68571 2 1
68572 2 1
68573 3 1
68575 2 1
68575 3 2
68582 3 1
68584 3 1
68586 2 1
68586 3 1
68588 3 1
68592 2 1
68592 3 1
68593 3 2
68595 2 1
68595 3 1
68596 2 1
68596 3 2
68598 3 1
68600 2 1
68600 3 1
68601 3 1
68605 2 1
68610 3 1
68614 2 1
68614 3 1
68618 2 1
68619 2 1
68620 2 1
68621 2 1
68622 3 2
68624 2 1
68624 3 1
68629 2 1
68629 3 1
68630 2 1
68630 3 2
68632 2 2
68632 3 1
68633 3 1
68636 2 1
68637 2 1
68638 3 1
68641 2 1
68642 3 2
68644 3 1
68645 2 1
68649 2 1
68649 3 1
68659 2 2
68659 3 1
68660 2 1
68660 3 1
68663 2 1
68663 3 2
68664 3 1
68669 2 1
68670 2 1
68672 3 1
68674 2 1
68674 3 1
68675 2 2
68676 2 1
68676 3 1
68678 3 1
68681 2 1
68682 2 1
68683 2 1
68684 3 1
68686 2 1
68686 3 1
68687 2 1
68687 3 2
68689 2 1
68690 2 1
68694 3 1
68698 3 1
68699 2 1
68707 2 1
68707 3 2
68711 3 1
68713 3 1
68714 2 1
68715 2 2
68716 2 1
68716 3 1
68719 2 1
68723 2 1
68727 2 1
68727 3 1
68728 2 1
68728 3 2
68729 2 2
68730 3 1
68732 3 1
68737 2 1
68739 2 1
68743 3 1
68751 2 1
68751 3 1
68761 2 1
68765 2 1
68768 2 1
68770 2 1
68771 2 1
68771 3 2
68772 2 1
68772 3 2
68773 3 1
68776 3 1
68778 2 1
68779 2 1
68785 3 1
68791 2 1
68792 2 1
68795 3 1
68796 2 1
68797 2 1
68797 3 2
68798 3 1
68800 2 1
68800 3 2
68801 2 1
68801 3 2
68802 2 2
68802 3 1
68803 2 1
68804 3 1
68806 2 1
68806 3 1
68807 2 1
68808 3 2
68810 2 1
68810 3 1
68816 2 1
68817 3 1
68820 2 1
68821 3 2
68828 2 1
68828 3 1
68829 3 1
68840 2 1
68846 2 1
68846 3 1
68847 3 1
68851 2 1
68852 3 1
68857 3 1
68858 2 1
68859 3 2
68862 2 1
68865 2 2
68865 3 1
68866 2 1
68866 3 1
68867 3 1
68869 2 1
68869 3 2
68870 2 1
68871 2 2
68871 3 1
68872 2 1
68873 3 1
68875 2 1
68875 3 2
68876 2 1
68877 2 2
68879 2 1
68880 2 1
68882 3 1
68887 3 1
68890 2 1
68890 3 1
68891 3 2
68899 2 1
68899 3 1
68900 2 1
68900 3 2
68901 2 2
68902 3 1
68906 2 1
68907 3 1
68909 2 1
68909 3 2
68915 2 1
68915 3 2
68916 3 1
68919 2 1
68919 3 1
68920 2 1
68925 2 1
68925 3 1
68926 3 2
68931 2 1
68931 3 1
68932 2 1
68934 2 1
68935 2 2
68935 3 1
68936 2 1
68940 2 1
68940 3 1
68943 3 1
68945 3 2
68946 3 1
68950 2 1
68953 3 1
68955 2 1
68956 2 1
68957 3 1
68961 2 1
68961 3 2
68962 2 2
68962 3 1
68963 2 1
68964 3 1
68968 3 1
68969 2 1
68974 2 1
68974 3 1
68977 3 1
68983 2 1
68984 3 1
68986 3 1
68987 2 1
68990 3 1
68993 3 1
69004 2 1
69005 3 1
69007 3 1
69010 2 1
69011 2 1
69014 3 1
69020 2 1
69020 3 2
69021 3 1
69025 3 1
69026 2 1
69027 2 2
69027 3 1
69035 2 1
69035 3 1
69036 3 1
69040 3 1
69046 3 1
69048 2 1
69049 2 1
69053 2 1
69055 3 1
69058 2 1
69058 3 1
69060 3 1
69062 3 1
69066 3 1
69068 3 1
69071 2 1
69071 3 1
69074 2 1
69074 3 1
69075 2 2
69076 2 1
69076 3 1
69077 2 1
69078 2 1
69085 2 1
69085 3 1
69090 3 1
69092 3 1
69094 2 1
69094 3 2
69095 3 1
69098 2 1
69098 3 1
69099 2 1
69100 2 2
69100 3 1
69104 2 1
69104 3 1
69105 2 2
69106 3 1
69109 3 1
69111 2 1
69112 2 1
69113 2 1
69114 3 1
69119 3 1
69120 3 2
69121 2 1
69122 2 2
69122 3 1
69123 2 2
69123 3 1
69124 3 1
69131 2 1
69131 3 1
69132 2 1
69136 2 1
69136 3 1
69142 2 2
69142 3 1
69143 2 2
69143 3 1
69144 2 1
69145 2 1
69146 3 1
69148 3 1
69150 2 1
69151 2 1
69152 3 1
69159 2 1
69160 3 1
69164 2 1
69165 3 1
69167 2 1
69167 3 2
69168 2 1
69169 3 1
69176 2 1
69177 3 1
69179 2 1
69179 3 2
69181 3 1
69185 2 1
69186 3 1
69191 2 1
69191 3 1
69192 2 1
69193 3 2
69196 3 1
69202 2 1
69203 2 1
69204 2 1
69205 2 1
69206 2 1
69212 3 1
69217 3 1
69220 3 1
69222 2 1
69222 3 1
69225 2 1
69225 3 1
69227 3 1
69230 2 1
69230 3 2
69231 3 1
69234 3 1
69236 2 1
69236 3 1
69237 2 1
69238 2 1
69241 2 1
69251 3 1
69253 2 1
69253 3 1
69267 3 1
69270 2 1
69271 3 1
69274 2 1
69274 3 1
69277 2 1
69279 3 1
69282 3 1
69284 2 1
69285 2 2
69285 3 1
69289 3 1
69290 2 1
69290 3 2
69293 2 1
69293 3 1
69295 2 1
69300 2 1
69300 3 1
69301 2 1
69301 3 2
69304 2 1
69306 3 1
69309 2 1
69310 3 1
69312 2 2
69312 3 1
69313 2 1
69314 3 1
69317 2 1
69317 3 2
69319 3 1
69321 2 1
69321 3 1
69322 2 2
69322 3 1
69323 2 1
69325 3 1
69332 2 1
69333 3 1
69335 3 1
69337 2 1
69337 3 2
69338 2 2
69338 3 1
69339 2 1
69340 2 1
69341 2 1
69342 2 1
69345 2 1
69351 3 1
69353 3 1
69358 3 1
69362 2 2
69363 3 1
69364 2 1
69365 3 1
69367 3 1
69369 2 2
69369 3 1
69370 2 1
69370 3 1
69371 2 1
69375 3 1
69377 2 1
69377 3 2
69379 3 1
69381 3 1
69383 2 1
69384 2 1
69385 2 2
69385 3 1
69386 3 1
69391 3 1
69393 2 1
69393 3 1
69394 2 1
69395 2 2
69395 3 1
69396 2 1
69397 3 1
69399 2 1
69399 3 2
69400 2 2
69401 3 1
69403 2 1
69403 3 1
69405 3 1
69410 3 1
69411 2 1
69412 2 1
69413 2 2
69414 3 1
69419 2 1
69420 3 2
69423 2 1
69424 2 1
69425 3 2
69429 2 1
69430 3 1
69432 3 1
69433 2 1
69434 3 1
69437 2 1
69438 2 1
69439 3 1
69443 2 1
69444 3 1
69446 2 1
69447 2 1
69449 2 1
69450 3 1
69454 2 2
69454 3 1
69455 2 1
69455 3 1
69456 3 1
69458 2 1
69459 2 1
69464 2 1
69465 2 1
69466 2 1
69467 2 1
69470 2 1
69470 3 1
69471 2 1
69472 2 2
69472 3 1
69473 3 1
69475 2 1
69475 3 1
69476 2 1
69477 2 1
69477 3 2
69478 3 1
69493 2 1
69494 2 2
69495 2 1
69495 3 1
69496 2 1
69497 3 2
69499 3 1
69501 2 1
69501 3 1
69505 2 1
69506 2 1
69507 2 1
69508 3 2
69510 2 1
69510 3 1
69511 2 2
69512 2 1
69512 3 1
69513 3 2
69519 3 1
69522 3 1
69528 3 1
69530 3 1
69532 2 1
69532 3 1
69533 2 1
69533 3 2
69535 3 1
69541 2 1
69542 3 1
69545 2 1
69546 3 1
69548 2 1
69549 2 1
69551 2 2
69552 3 1
69554 3 1
69556 2 1
69557 3 1
69559 3 1
69562 2 1
69562 3 2
69564 2 1
69565 2 2
69565 3 1
69566 2 1
69567 3 1
69569 2 1
69569 3 1
69573 3 1
69574 3 2
69575 2 1
69576 2 2
69576 3 1
69577 2 1
69578 3 1
69583 2 1
69585 3 1
69587 2 1
69588 2 1
69589 3 2
69591 2 1
69592 2 1
69593 2 1
69594 3 1
69597 2 1
69598 2 2
69599 3 1
69603 2 1
69604 2 1
69605 2 1
69606 2 1
69607 3 1
69610 2 1
69611 2 1
69612 2 2
69613 2 1
69613 3 1
69623 3 1
69625 2 1
69626 3 1
69628 3 1
69630 3 1
69635 2 1
69639 2 1
69643 2 1
69646 2 2
69646 3 1
69647 3 1
69652 2 1
69653 2 1
69653 3 2
69654 3 1
69656 3 1
69658 3 1
69662 2 1
69663 2 2
69664 2 1
69664 3 1
69665 3 1
69667 2 1
69667 3 1
69670 3 1
69672 3 1
69674 2 1
69675 2 1
69676 3 1
69678 2 1
69682 2 1
69685 2 1
69686 2 1
69691 2 1
69693 2 1
69694 3 1
69697 2 1
69697 3 1
69698 2 1
69699 3 1
69702 2 1
69702 3 1
69703 2 1
69704 2 1
69705 3 1
69707 2 2
69707 3 1
69708 2 1
69708 3 1
69711 2 1
69712 3 1
69716 2 1
69717 3 1
69728 2 1
69729 3 1
69731 2 2
69731 3 1
69732 2 2
69732 3 1
69733 2 1
69734 3 1
69747 3 1
69749 2 1
69749 3 2
69750 2 2
69751 2 1
69751 3 1
69752 3 2
69754 2 1
69754 3 1
69759 2 1
69759 3 1
69760 2 1
69762 2 1
69763 3 1
69766 3 1
69772 3 1
69774 2 1
69774 3 1
69775 2 2
69775 3 1
69776 2 1
69785 2 1
69785 3 1
69789 2 1
69789 3 2
69790 2 1
69790 3 2
69791 3 1
69793 2 1
69793 3 1
69794 2 1
69795 2 1
69799 2 1
69800 2 2
69800 3 1
69805 2 1
69806 2 1
69809 2 1
69810 3 1
69812 2 1
69814 3 1
69822 2 2
69823 2 1
69824 3 1
69827 3 1
69828 2 1
69829 3 2
69831 3 1
69834 3 1
69837 2 1
69838 2 1
69838 3 2
69839 3 1
69842 3 1
69848 2 1
69848 3 1
69849 2 2
69849 3 1
69850 2 1
69851 3 1
69853 3 1
69855 3 1
69862 2 1
69862 3 2
69863 3 1
69866 2 1
69866 3 1
69867 3 1
69871 3 1
69878 2 1
69880 3 1
69884 2 1
69885 3 1
69892 2 1
69893 2 1
69894 2 1
69895 3 1
69897 2 1
69897 3 1
69898 2 1
69898 3 2
69899 2 1
69903 3 1
69918 2 1
69918 3 1
69920 3 1
69923 2 1
69924 3 2
69930 2 1
69930 3 1
69931 2 2
69932 2 1
69932 3 1
69933 3 2
69936 2 1
69937 2 1
69937 3 2
69938 3 1
69941 2 2
69941 3 1
69942 2 1
69943 2 1
69944 3 2
69946 2 1
69946 3 1
69949 2 1
69949 3 2
69950 3 1
69953 3 1
69956 3 1
69957 2 1
69958 3 1
69973 2 1
69976 3 1
69979 3 1
69982 3 1
69984 2 2
69984 3 1
69985 3 1
69989 2 1
69990 2 1
69990 3 2
69991 3 1
69994 3 1
70003 2 1
70008 2 1
70009 3 2
70012 2 1
70013 2 1
70018 2 1
70019 3 1
70024 2 2
70024 3 1
70025 2 1
70025 3 1
70026 3 1
70028 2 1
70028 3 2
70029 2 1
70030 2 2
70030 3 1
70031 3 1
70036 3 1
70041 2 1
70042 2 1
70049 2 1
70049 3 2
70050 2 1
70051 2 2
70052 3 1
70054 3 1
70055 2 1
70056 3 1
70058 3 1
70059 2 1
70061 2 1
70062 2 2
70063 3 1
70065 2 1
70066 2 1
70067 2 1
70068 3 2
70070 3 1
70077 2 1
70077 3 2
70079 3 1
70087 3 1
70091 3 1
70094 3 1
70096 2 1
70097 2 2
70097 3 1
70102 2 1
70103 2 1
70106 2 1
70106 3 1
70112 2 1
70115 2 1
70116 2 2
70117 2 1
70117 3 1
70121 3 1
70123 2 1
70124 2 1
70125 2 2
70126 3 1
70128 3 1
70130 2 1
70130 3 2
70131 2 1
70132 2 2
70133 2 1
70133 3 1
70134 3 1
70138 2 1
70138 3 1
70139 2 1
70140 3 2
70142 2 1
70142 3 1
70143 2 2
70147 2 1
70153 3 1
70155 3 1
70157 2 1
70157 3 2
70158 2 1
70159 3 1
70163 2 1
70164 3 1
70166 2 1
70166 3 1
70168 3 1
70172 2 1
70173 2 2
70173 3 1
70174 2 1
70175 3 1
70180 2 1
70181 2 2
70181 3 1
70182 3 1
70184 2 1
70185 3 1
70188 2 1
70188 3 1
70189 3 1
70191 2 1
70191 3 1
70192 2 1
70192 3 2
70193 2 1
70197 2 1
70197 3 2
70198 2 1
70199 3 1
70201 2 1
70201 3 1
70203 2 1
70204 2 1
70205 2 1
70206 2 2
70206 3 1
70207 3 1
70209 2 1
70209 3 2
70210 2 1
70211 2 2
70211 3 1
70214 2 1
70215 2 2
70216 2 1
70216 3 1
70217 2 1
70217 3 2
70218 3 2
70221 2 1
70221 3 1
70222 2 2
70222 3 1
70223 3 1
70225 2 1
70225 3 1
70226 2 1
70229 2 1
70229 3 1
70230 2 2
70231 2 1
70231 3 1
70236 2 1
70237 3 1
70241 2 1
70241 3 1
70243 2 1
70244 3 1
70246 2 1
70246 3 1
70247 2 1
70250 3 1
70253 2 1
70254 2 1
70255 2 1
70256 2 2
70257 2 1
70257 3 1
70258 2 1
70258 3 2
70259 3 2
70261 2 1
70262 3 2
70267 2 1
70267 3 1
70270 2 1
70270 3 1
70276 3 1
70277 3 2
70286 2 1
70286 3 1
70289 3 1
70296 2 1
70297 3 1
70301 2 2
70301 3 1
70302 2 2
70302 3 1
70303 2 1
70304 2 1
70305 3 1
70307 2 2
70307 3 1
70308 2 1
70309 2 1
70309 3 2
70310 2 1
70310 3 2
70311 3 1
70313 2 1
70314 3 1
70316 2 1
70316 3 1
70318 3 1
70325 2 1
70326 3 1
70333 2 1
70334 2 2
70334 3 1
70335 3 1
70340 2 1
70342 3 1
70345 2 1
70345 3 1
70346 2 2
70346 3 1
70347 3 1
70350 2 1
70350 3 1
70351 2 1
70352 2 1
70353 2 1
70354 3 1
70356 3 1
70359 2 1
70359 3 1
70360 2 1
70360 3 2
70361 2 1
70361 3 2
70362 2 1
70362 3 2
70363 2 1
70368 2 1
70369 3 1
70371 3 1
70374 2 1
70376 2 1
70382 2 1
70382 3 1
70383 2 2
70387 2 1
70387 3 1
70389 3 1
70396 2 1
70396 3 2
70397 2 2
70397 3 1
70398 2 1
70400 3 1
70404 2 1
70405 2 2
70406 2 1
70406 3 1
70407 3 1
70410 2 2
70410 3 1
70417 2 1
70417 3 1
70421 3 1
70424 3 1
70428 2 2
70429 2 1
70429 3 1
70432 2 1
70433 2 1
70433 3 2
70434 3 1
70436 3 1
70440 2 2
70441 2 1
70442 2 1
70443 3 2
70446 2 1
70447 3 1
70450 3 1
70452 2 2
70452 3 1
70453 2 1
70453 3 1
70454 2 1
70455 2 1
70456 3 1
70458 2 1
70458 3 2
70462 3 1
70464 2 1
70464 3 1
70465 2 2
70466 3 1
70468 2 1
70469 3 1
70473 2 1
70474 3 1
70476 2 1
70476 3 2
70477 2 1
70478 2 2
70483 2 1
70483 3 2
70484 2 2
70485 2 1
70485 3 1
70486 3 1
70488 2 1
70493 2 1
70493 3 2
70494 2 1
70495 2 1
70496 2 1
70497 2 1
70498 2 2
70499 2 2
70499 3 1
70500 3 1
70502 3 1
70506 3 1
70511 2 1
70513 2 2
70513 3 1
70514 2 1
70515 2 1
70516 3 1
70527 2 1
70528 2 1
70528 3 2
70529 3 1
70534 2 1
70534 3 2
70535 2 1
70536 2 1
70537 3 1
70539 2 1
70539 3 1
70542 2 1
70543 2 1
70547 3 1
70553 2 1
70554 3 1
70557 2 1
70558 2 1
70560 3 1
70562 2 1
70562 3 1
70563 2 2
70564 3 1
70565 2 1
70566 3 2
70571 2 1
70572 3 1
70574 2 1
70575 3 1
70578 2 2
70578 3 1
70579 3 1
70583 2 1
70586 2 1
70586 3 1
70587 2 1
70587 3 2
70591 2 1
70595 2 1
70596 2 1
70598 2 1
70600 3 1
70604 2 1
70605 2 1
70608 3 1
70611 2 1
70621 2 1
70622 2 2
70623 2 2
70623 3 1
70624 3 1
70626 2 1
70626 3 1
70631 2 2
70631 3 1
70632 2 1
70632 3 1
70636 2 2
70636 3 1
70637 2 1
70637 3 1
70638 2 1
70639 3 1
70643 2 1
70643 3 1
70644 3 1
70646 2 1
70646 3 2
70647 2 1
70648 2 2
70649 2 1
70649 3 1
70650 3 1
70656 2 1
70657 3 1
70659 3 1
70664 3 1
70666 3 1
70668 3 1
70669 2 1
70670 2 1
70672 2 1
70673 2 1
70678 2 1
70679 2 1
70681 3 1
70683 2 2
70683 3 1
70684 3 1
70692 2 1
70693 2 1
70694 2 2
70695 3 1
70697 2 1
70701 3 1
70704 3 1
70705 2 1
70710 2 1
70710 3 1
70711 2 2
70712 2 1
70712 3 1
70713 3 2
70720 2 1
70720 3 1
70721 2 1
70721 3 2
70723 2 2
70723 3 1
70724 2 1
70725 3 1
70727 2 1
70727 3 2
70728 2 2
70728 3 1
70729 2 1
70733 2 1
70734 2 1
70735 3 1
70739 3 1
70741 3 1
70743 3 1
70746 3 1
70750 2 2
70751 2 1
70752 2 1
70753 3 1
70756 3 1
70757 2 1
70758 2 1
70759 2 1
70760 3 1
70762 2 2
70762 3 1
70763 3 1
70767 3 1
70768 2 1
70769 2 1
70770 3 1
70776 2 1
70779 2 1
70782 2 1
70785 3 1
70788 3 1
70790 3 1
70793 3 1
70795 3 1
70800 2 1
70800 3 2
70801 2 1
70801 3 2
70802 3 1
70805 2 1
70805 3 1
70806 2 2
70807 2 1
70807 3 1
70808 2 1
70809 2 1
70809 3 2
70810 2 1
70810 3 2
70811 3 1
70814 3 1
70819 3 1
70822 2 1
70822 3 1
70823 2 1
70823 3 2
70824 3 2
70827 3 1
70828 2 1
70829 3 1
70831 2 1
70832 2 1
70833 2 1
70838 2 1
70841 3 1
70843 2 1
70843 3 1
70844 2 1
70848 2 2
70849 2 1
70850 3 1
70852 2 1
70853 3 1
70855 2 2
70855 3 1
70856 3 1
70858 2 1
70858 3 1
70860 3 1
70863 2 1
70864 3 1
70866 2 1
70866 3 1
70867 3 1
70877 2 1
70877 3 2
70879 3 1
70883 3 1
70884 2 1
70885 2 2
70886 2 1
70886 3 1
70887 3 1
70891 3 1
70892 2 1
70898 3 1
70900 2 1
70903 3 1
70905 2 1
70905 3 1
70906 2 1
70906 3 2
70907 2 1
70907 3 2
70908 2 2
70909 3 1
70913 2 2
70913 3 1
70914 3 1
70916 2 1
70917 3 1
70920 2 2
70920 3 1
70921 2 1
70922 2 1
70923 3 1
70926 2 2
70926 3 1
70927 2 2
70927 3 1
70928 2 1
70928 3 1
70929 2 1
70930 2 1
70932 3 1
70934 2 1
70941 2 1
70958 3 1
70960 2 2
70960 3 1
70961 2 1
70962 3 1
70964 3 1
70969 3 1
70972 2 1
70974 3 1
70978 2 1
70979 3 1
70981 3 1
70984 2 1
70984 3 1
70985 2 1
70989 2 1
70989 3 2
70990 2 1
70991 3 1
70993 3 1
70995 2 1
70996 2 2
70996 3 1
70997 2 1
70998 3 1
71000 3 1
71002 2 2
71002 3 1
71003 2 1
71003 3 1
71004 2 1
71013 2 1
71014 2 1
71015 2 1
71018 3 1
71020 2 1
71020 3 2
71021 2 1
71021 3 2
71022 2 1
71023 2 2
71024 2 1
71024 3 1
71031 2 1
71032 2 1
71033 3 2
71037 3 1
71039 2 2
71039 3 1
71040 3 1
71043 2 1
71043 3 1
71044 3 2
71047 3 1
71049 2 1
71049 3 1
71050 2 1
71051 3 1
71057 3 1
71059 3 1
71061 2 1
71061 3 1
71065 3 1
71067 2 1
71067 3 2
71068 3 1
71070 2 1
71071 2 1
71076 2 1
71077 2 1
71078 2 1
71081 2 1
71081 3 1
71084 3 1
71086 2 1
71086 3 1
71087 2 1
71094 3 1
71096 2 1
71097 3 1
71099 2 1
71099 3 2
71100 2 1
71101 2 1
71102 2 1
71103 2 2
71103 3 1
71104 2 1
71112 2 1
71113 2 1
71115 3 1
71118 2 1
71119 2 2
71119 3 1
71120 3 1
71127 3 1
71130 3 1
71132 2 1
71135 3 1
71137 2 1
71138 3 1
71141 3 1
71143 2 2
71143 3 1
71144 2 1
71148 2 1
71149 3 1
71151 3 1
71152 2 1
71153 2 1
71153 3 2
71154 3 1
71156 2 1
71158 2 1
71163 2 2
71163 3 1
71164 2 1
71165 3 1
71167 2 1
71167 3 1
71170 3 1
71174 2 1
71180 2 1
71180 3 2
71181 2 2
71181 3 1
71182 2 1
71183 2 1
71183 3 2
71184 3 1
71186 3 1
71190 2 1
71195 2 1
71196 2 1
71200 2 1
71201 3 1
71203 2 2
71203 3 1
71204 2 1
71209 3 1
71216 3 1
71222 2 1
71223 2 1
71224 2 1
71225 3 1
71227 2 1
71227 3 1
71230 2 1
71232 3 1
71240 2 1
71246 3 1
71251 2 1
71251 3 2
71252 2 1
71252 3 2
71253 2 1
71253 3 2
71254 3 1
71256 2 2
71256 3 1
71257 2 1
71257 3 1
71261 3 1
71265 2 1
71266 3 1
71268 2 1
71268 3 2
71269 2 2
71269 3 1
71270 2 1
71279 2 1
71280 3 2
71283 2 1
71283 3 1
71284 2 1
71284 3 2
71285 2 1
71285 3 2
71286 2 1
71286 3 2
71287 2 1
71288 2 1
71290 3 1
71295 2 1
71296 2 1
71297 2 1
71297 3 2
71298 3 1
71310 2 1
71310 3 1
71311 2 1
71311 3 2
71312 2 1
71312 3 2
71316 2 2
71316 3 1
71317 2 1
71318 3 1
71321 2 1
71322 3 1
71324 2 1
71325 2 1
71328 2 2
71328 3 1
71329 2 1
71329 3 1
71330 3 1
71333 2 1
71333 3 1
71334 3 2
71340 2 1
71340 3 1
71341 2 1
71341 3 2
71342 2 2
71343 2 1
71343 3 1
71344 2 1
71358 3 1
71360 2 1
71360 3 1
71361 3 2
71363 3 1
71366 2 1
71366 3 1
71367 2 1
71370 2 1
71374 2 1
71375 2 1
71376 3 1
71380 3 1
71382 3 1
71393 2 1
71394 3 1
71396 2 1
71396 3 2
71404 2 1
71411 2 1
71411 3 1
71415 2 1
71415 3 2
71416 3 1
71418 3 1
71420 3 1
71422 3 1
71426 2 2
71427 2 1
71427 3 1
71430 2 1
71430 3 1
71440 3 1
71443 2 1
71447 2 1
71451 3 1
71456 2 1
71456 3 1
71457 2 1
71460 2 1
71460 3 1
71463 2 1
71463 3 2
71464 3 1
71470 2 1
71470 3 1
71472 3 1
71475 2 1
71475 3 1
71476 3 1
71478 2 1
71483 2 1
71483 3 1
71485 2 1
71486 2 2
71487 2 1
71487 3 1
71488 2 1
71492 2 1
71495 2 1
71495 3 1
71499 3 1
71507 3 1
71509 2 1
71510 3 1
71512 3 1
71513 3 2
71514 2 1
71515 2 2
71515 3 1
71520 2 1
71520 3 1
71521 2 1
71521 3 2
71522 2 1
71522 3 2
71523 2 2
71524 2 1
71524 3 1
71525 3 1
71527 2 1
71527 3 1
71528 2 1
71529 2 1
71530 2 1
71533 2 1
71536 2 1
71536 3 1
71537 2 1
71548 3 1
71550 2 1
71551 2 2
71551 3 1
71552 3 1
71554 2 1
71555 3 1
71557 2 1
71557 3 1
71558 3 1
71560 2 2
71560 3 1
71561 2 1
71561 3 1
71562 2 1
71563 3 1
71567 2 1
71567 3 2
71568 2 1
71569 3 1
71574 2 1
71574 3 1
71575 2 2
71576 2 1
71576 3 1
71583 2 1
71583 3 1
71584 3 2
71585 2 1
71585 3 2
71586 2 2
71586 3 1
71587 2 1
71588 2 1
71592 2 1
71605 2 2
71605 3 1
71606 2 2
71606 3 1
71607 2 1
71608 3 1
71612 2 1
71615 2 1
71616 2 2
71616 3 1
71617 2 1
71618 3 1
71620 3 1
71624 2 1
71624 3 1
71626 2 1
71627 2 1
71629 3 1
71631 2 1
71631 3 1
71632 3 1
71635 3 1
71637 2 1
71638 2 1
71639 2 2
71639 3 1
71640 2 1
71654 2 1
71655 3 1
71657 2 1
71661 3 1
71666 2 1
71667 3 1
71670 2 2
71671 2 1
71672 2 1
71672 3 2
71673 3 1
71679 2 1
71680 3 1
71682 3 1
71683 3 2
71684 2 1
71687 2 1
71690 2 1
71690 3 1
71691 2 1
71692 2 1
71695 2 1
71696 2 1
71699 2 1
71703 2 1
71707 3 1
71717 3 1
71726 3 1
71727 2 1
71728 2 2
71729 2 1
71729 3 1
71730 3 1
71732 2 1
71732 3 1
71737 3 1
71739 2 1
71739 3 1
71740 2 1
71744 2 1
71744 3 1
71746 2 1
71749 2 1
71750 2 1
71751 2 1
71752 2 2
71753 3 1
71756 3 1
71757 2 1
71758 3 1
71764 3 1
71772 3 1
71777 2 1
71778 2 1
71784 3 1
71787 3 1
71789 2 1
71790 3 1
71792 2 1
71792 3 2
71794 2 1
71795 3 1
71797 2 1
71798 2 1
71798 3 2
71799 3 1
71801 2 2
71801 3 1
71813 3 1
71817 3 1
71824 2 1
71828 2 1
71828 3 2
71833 2 1
71834 2 2
71835 3 1
71837 2 2
71837 3 1
71838 3 1
71841 2 1
71842 2 1
71843 2 1
71844 3 1
71846 3 1
71848 2 1
71848 3 1
71849 2 1
71850 2 1
71858 2 1
71859 2 2
71859 3 1
71860 2 1
71872 3 1
71873 3 2
71876 2 1
71877 3 1
71882 2 1
71883 3 2
71885 3 1
71887 3 1
71889 3 1
71893 3 1
71895 2 1
71899 2 1
71899 3 1
71906 2 1
71906 3 2
71907 2 1
71908 2 2
71909 3 1
71911 2 1
71911 3 1
71916 3 1
71918 3 1
71920 2 1
71921 2 1
71922 2 1
71923 2 1
71924 3 1
71927 2 1
71927 3 1
71928 2 1
71928 3 2
71929 2 1
71929 3 2
71935 3 1
71936 2 1
71937 2 1
71949 2 1
71949 3 1
71950 2 2
71951 2 1
71951 3 1
71952 2 1
71957 2 1
71957 3 2
71958 2 2
71958 3 1
71959 2 1
71960 3 1
71962 3 1
71964 3 1
71966 2 1
71966 3 1
71967 3 2
71977 3 1
71979 3 1
71984 3 1
71990 3 1
71991 2 1
71993 2 1
71996 3 1
71997 2 1
71997 3 2
71998 2 1
71999 3 1
72001 2 1
72001 3 1
72006 2 2
72006 3 1
72011 2 1
72011 3 1
72012 3 1
72014 2 1
72015 2 1
72016 3 2
72030 2 1
72031 2 1
72035 3 1
72051 2 1
72051 3 1
72057 3 1
72059 2 1
72060 2 2
72060 3 1
72061 2 1
72068 2 1
72069 3 1
72072 3 1
72075 2 1
72075 3 1
72081 2 1
72082 2 1
72083 2 1
72084 3 1
72086 2 1
72086 3 1
72087 2 1
72087 3 2
72088 2 1
72088 3 2
72089 2 1
72089 3 2
72093 2 1
72093 3 1
72094 3 2
72099 3 1
72101 3 1
72104 2 1
72104 3 1
72105 3 1
72108 2 1
72108 3 1
72110 3 1
72112 2 1
72112 3 2
72113 2 2
72113 3 1
72114 2 1
72121 3 1
72123 3 1
72125 3 1
72129 2 1
72129 3 1
72131 3 1
72136 3 1
72138 3 1
72140 3 1
72142 2 1
72142 3 1
72146 2 1
72147 2 1
72148 2 2
72148 3 1
72149 2 1
72150 3 1
72154 3 1
72160 2 1
72160 3 1
72161 2 1
72161 3 2
72162 2 2
72163 2 1
72163 3 1
72173 3 1
72174 2 1
72175 2 2
72175 3 1
72180 2 1
72181 2 1
72181 3 2
72182 2 1
72182 3 2
72183 3 1
72186 2 1
72191 2 1
72191 3 1
72195 3 1
72201 2 1
72201 3 2
72202 3 1
72204 2 1
72205 2 1
72206 3 1
72208 3 1
72209 2 1
72210 2 1
72216 2 1
72216 3 1
72217 2 2
72217 3 1
72218 3 1
72221 2 1
72222 2 1
72224 2 1
72228 3 1
72230 3 1
72237 3 1
72239 3 1
72241 3 1
72244 2 1
72245 2 1
72245 3 2
72246 3 1
72248 2 1
72248 3 1
72249 2 1
72249 3 2
72250 2 1
72250 3 2
72251 2 1
72252 3 1
72254 3 1
72259 2 1
72260 2 1
72263 2 1
72263 3 1
72264 3 1
72266 2 1
72266 3 1
72273 2 1
72274 3 1
72278 2 2
72279 3 1
72280 2 1
72281 3 1
72286 2 1
72287 2 1
72288 2 2
72289 3 1
72293 2 1
72293 3 1
72294 2 1
72295 3 1
72298 3 1
72303 2 1
72304 3 1
72310 2 2
72311 2 1
72311 3 1
72314 3 1
72318 2 1
72332 2 1
72333 2 2
72333 3 1
72334 2 1
72339 3 1
72340 3 2
72341 2 1
72342 3 1
72349 2 1
72350 3 1
72352 3 1
72355 3 1
72357 3 1
72361 2 1
72362 2 2
72362 3 1
72363 2 1
72364 2 1
72365 2 1
72365 3 2
72366 3 1
72370 2 1
72371 2 1
72375 2 1
72378 3 1
72381 2 2
72381 3 1
72382 3 1
72385 3 1
72388 2 1
72389 2 1
72398 3 1
72404 2 1
72404 3 1
72405 2 1
72406 3 2
72408 2 1
72409 2 1
72410 3 1
72412 2 1
72412 3 1
72415 3 1
72417 2 1
72418 2 2
72418 3 1
72419 3 1
72421 3 1
72423 3 1
72425 3 1
72427 2 1
72428 2 1
72428 3 2
72429 3 1
72431 2 1
72431 3 2
72432 2 1
72433 2 1
72434 3 1
72437 2 1
72438 3 1
72440 3 1
72443 3 1
72447 2 1
72448 2 1
72449 2 1
72452 2 1
72456 3 1
72458 2 1
72458 3 1
72459 2 1
72459 3 2
72460 2 2
72461 2 1
72461 3 1
72462 3 1
72464 3 1
72465 2 1
72466 3 1
72470 2 1
72471 2 1
72476 2 1
72476 3 1
72477 2 1
72488 3 1
72490 2 1
72491 2 1
72492 2 1
72493 2 2
72494 2 2
72494 3 1
72495 3 1
72502 3 1
72503 2 1
72507 2 1
72515 2 1
72518 2 1
72522 2 1
72525 2 1
72526 2 1
72526 3 2
72527 3 1
72530 2 1
72533 3 1
72535 3 2
72536 3 1
72540 2 2
72540 3 1
72541 2 1
72542 2 1
72545 2 1
72545 3 1
72547 3 1
72551 2 1
72552 2 1
72555 2 1
72558 2 1
72559 2 1
72561 3 1
72566 2 1
72566 3 2
72567 2 1
72568 2 1
72569 2 2
72569 3 1
72570 3 1
72572 3 1
72575 2 1
72582 2 1
72583 3 1
72585 2 1
72585 3 1
72587 2 1
72591 3 1
72596 3 1
72612 3 1
72614 3 1
72616 2 1
72617 3 1
72619 3 1
72623 2 1
72624 2 1
72625 3 1
72627 3 1
72629 3 1
72632 3 1
72635 2 1
72636 3 1
72639 3 1
72642 2 1
72642 3 1
72654 2 1
72654 3 1
72658 2 2
72658 3 1
72659 2 1
72660 3 1
72662 2 1
72663 2 2
72663 3 1
72673 2 1
72674 2 1
72675 2 2
72676 2 1
72676 3 1
72683 2 1
72683 3 1
72684 3 1
72691 2 1
72691 3 1
72695 2 1
72695 3 2
72696 2 2
72697 2 1
72697 3 1
72698 3 2
72700 3 1
72702 3 1
72705 2 1
72705 3 1
72706 2 2
72707 2 1
72707 3 1
72708 3 1
72711 3 1
72716 2 1
72719 2 1
72719 3 1
72731 3 1
72732 2 1
72735 2 1
72736 3 1
72738 2 2
72738 3 1
72739 2 1
72740 2 1
72743 2 1
72744 2 1
72752 2 1
72752 3 1
72755 3 1
72756 2 1
72757 3 1
72760 3 1
72762 2 1
72763 2 1
72764 2 2
72764 3 1
72765 2 1
72767 3 1
72771 2 1
72772 2 2
72773 2 1
72773 3 1
72774 3 1
72778 2 1
72778 3 1
72781 3 1
72782 2 1
72783 3 1
72796 3 1
72797 3 2
72799 3 1
72803 2 1
72803 3 1
72810 3 1
72812 2 1
72812 3 1
72816 2 1
72816 3 1
72817 3 2
72822 3 1
72824 3 1
72838 3 1
72842 2 1
72842 3 1
72843 3 1
72846 2 1
72846 3 2
72849 3 1
72869 2 1
72870 3 1
72872 2 1
72872 3 1
72875 3 1
72886 3 1
72887 2 1
72888 2 2
72888 3 1
72889 3 1
72891 3 1
72894 3 1
72897 2 1
72899 3 1
72902 3 1
72904 2 1
72904 3 2
72905 2 2
72905 3 1
72906 2 1
72907 3 1
72909 2 1
72912 2 2
72912 3 1
72913 2 1
72914 3 1
72917 2 1
72918 2 1
72924 2 1
72924 3 1
72928 2 1
72929 2 1
72935 3 1
72937 2 1
72938 3 1
72940 2 1
72940 3 2
72942 2 1
72943 2 1
72944 3 1
72953 3 1
72955 3 1
72956 3 2
72958 2 1
72959 2 1
72960 2 2
72961 3 1
72964 3 1
72966 2 1
72967 2 2
72967 3 1
72968 3 1
72970 2 1
72970 3 1
72971 2 1
72972 3 1
72974 2 1
72974 3 2
72975 2 1
72979 3 1
72982 3 1
72984 2 2
72984 3 1
72985 2 1
72990 2 1
72990 3 1
72996 3 1
72998 2 1
72998 3 1
72999 2 1
73000 2 1
73000 3 2
73001 3 1
73003 2 1
73003 3 1
73004 2 1
73005 2 1
73006 2 1
73014 2 1
73026 2 1
73026 3 1
73032 3 1
73034 2 1
73034 3 2
73035 2 1
73036 2 2
73036 3 1
73037 3 1
73041 3 1
73045 2 1
73046 2 1
73047 3 1
73050 2 2
73050 3 1
73051 2 1
73052 2 1
73052 3 2
73053 3 1
73055 3 1
73058 3 1
73060 2 1
73061 2 2
73061 3 1
73067 3 1
73069 2 1
73070 3 1
73073 2 1
73074 3 1
73076 2 1
73077 2 1
73079 2 1
73083 3 1
73084 2 1
73085 2 1
73089 3 1
73093 2 1
73093 3 2
73094 2 1
73094 3 2
73095 2 1
73096 2 1
73097 3 1
73099 3 1
73101 3 1
73106 2 1
73106 3 1
73108 3 1
73110 2 1
73110 3 1
73111 2 1
73111 3 2
73114 2 1
73115 2 2
73116 2 1
73116 3 1
73117 3 1
73119 2 2
73119 3 1
73120 2 1
73121 2 1
73121 3 2
73122 2 1
73122 3 2
73123 3 1
73126 3 1
73129 2 1
73129 3 1
73131 3 1
73139 2 1
73140 3 1
73143 2 1
73143 3 1
73146 2 2
73147 2 1
73152 2 1
73154 3 1
73159 2 2
73159 3 1
73160 3 1
73161 2 1
73162 2 1
73165 2 2
73165 3 1
73166 3 1
73172 2 1
73174 3 1
73176 2 1
73177 3 1
73180 2 1
73181 2 1
73182 3 2
73184 3 1
73187 3 1
73188 2 1
73189 3 2
73191 3 1
73197 2 1
73197 3 1
73198 3 1
73207 3 1
73208 2 1
73209 2 1
73209 3 2
73210 3 1
73212 2 1
73212 3 2
73213 3 1
73216 2 1
73217 3 1
73221 3 1
73227 2 2
73228 2 1
73228 3 1
73229 2 1
73230 3 2
73232 2 1
73233 3 1
73240 2 1
73244 2 1
73247 3 1
73249 2 1
73250 2 1
73251 3 1
73258 2 1
73258 3 1
73259 2 2
73260 2 1
73260 3 1
73261 3 2
73263 3 1
73265 2 1
73273 3 1
73275 3 1
73277 2 1
73277 3 1
73278 2 2
73279 2 1
73279 3 1
73284 3 1
73286 2 1
73287 3 1
73294 2 1
73294 3 1
73301 3 1
73306 2 1
73307 3 1
73309 2 2
73309 3 1
73310 2 1
73310 3 1
73311 3 1
73313 2 1
73313 3 2
73314 2 2
73315 2 1
73315 3 1
73316 3 1
73318 2 1
73318 3 2
73319 3 1
73324 3 1
73326 2 1
73326 3 1
73329 2 1
73329 3 1
73330 2 2
73331 2 1
73331 3 1
73332 3 2
73335 2 1
73336 3 1
73338 2 1
73338 3 2
73340 2 1
73341 2 1
73342 3 1
73344 3 1
73347 3 1
73351 3 1
73358 2 1
73358 3 1
73359 2 1
73365 2 1
73368 2 1
73368 3 1
73369 2 1
73370 2 1
73371 3 1
73374 3 1
73376 3 1
73382 2 1
73385 2 1
73386 2 2
73386 3 1
73387 2 1
73391 3 1
73393 2 2
73393 3 1
73394 2 1
73398 2 1
73398 3 1
73399 2 1
73399 3 2
73402 2 1
73402 3 1
73406 3 1
73408 2 1
73410 3 1
73412 3 1
73417 2 1
73419 2 1
73420 2 2
73421 3 1
73425 3 1
73426 2 1
73427 2 1
73428 3 1
73431 3 1
73436 2 1
73436 3 2
73442 2 1
73442 3 2
73443 2 2
73444 2 1
73444 3 1
73451 2 1
73452 3 1
73454 2 1
73455 2 2
73455 3 1
73459 2 1
73459 3 1
73461 2 2
73462 2 1
73462 3 1
73463 2 1
73464 3 2
73466 2 1
73466 3 1
73470 3 1
73471 2 1
73472 3 1
73474 2 2
73474 3 1
73475 2 1
73482 2 1
73483 2 1
73484 3 2
73486 2 1
73486 3 1
73487 2 2
73488 2 1
73488 3 1
73489 2 1
73492 3 1
73498 3 1
73500 2 1
73500 3 1
73503 3 1
73504 2 1
73507 2 1
73507 3 1
73508 3 1
73510 2 1
73512 2 1
73513 3 1
73515 3 1
73517 3 1
73523 2 1
73523 3 1
73533 2 1
73537 2 1
73538 2 1
73547 2 1
73548 3 1
73550 2 1
73551 2 1
73554 3 1
73556 3 1
73559 2 1
73559 3 1
73560 2 2
73560 3 1
73561 2 1
73566 2 1
73566 3 1
73568 2 1
73569 2 1
73577 2 1
73578 2 2
73579 2 1
73579 3 1
73586 2 2
73586 3 1
73587 2 2
73587 3 1
73588 2 1
73589 2 1
73589 3 2
73590 3 1
73592 2 2
73592 3 1
73593 2 1
73594 2 1
73595 2 1
73601 2 1
73602 2 1
73606 3 1
73608 2 1
73608 3 2
73609 2 1
73610 3 1
73613 2 1
73614 2 1
73614 3 2
73615 3 1
73623 2 1
73626 2 1
73626 3 1
73634 2 1
73639 2 1
73639 3 1
73645 3 1
73648 2 1
73649 3 1
73651 2 1
73651 3 2
73652 2 2
73652 3 1
73653 2 1
73659 3 1
73663 3 1
73667 2 1
73668 2 2
73669 2 1
73669 3 1
73670 3 2
73675 2 1
73676 3 1
73679 3 1
73683 2 1
73684 3 1
73688 2 1
73698 2 1
73698 3 2
73700 3 1
73702 3 1
73705 3 1
73708 3 1
73710 3 1
73711 2 1
73712 2 1
73712 3 2
73713 3 1
73716 2 1
73716 3 1
73717 2 1
73718 2 1
73719 3 1
73721 3 1
73725 3 1
73726 2 1
73727 3 1
73729 3 1
73732 2 1
73734 2 1
73735 2 2
73735 3 1
73738 2 1
73739 3 2
73741 2 1
73741 3 1
73742 2 1
73742 3 2
73743 2 2
73747 3 1
73749 3 1
73751 3 1
73753 3 1
73761 2 1
73761 3 1
73765 3 1
73769 2 2
73769 3 1
73770 3 1
73771 2 1
73772 2 1
73773 3 1
73775 2 1
73779 2 1
73784 2 2
73784 3 1
73785 3 1
73789 2 2
73795 2 1
73796 3 1
73800 3 1
73802 2 1
73802 3 1
73803 2 1
73816 3 1
73817 2 1
73818 3 1
73831 3 1
73833 2 1
73833 3 2
73834 2 1
73835 2 2
73835 3 1
73836 2 2
73836 3 1
73837 3 1
73843 3 1
73861 2 1
73862 2 2
73862 3 1
73863 2 1
73864 3 2
73866 2 1
73866 3 1
73867 2 2
73868 2 1
73868 3 1
73869 3 2
73881 2 1
73881 3 1
73882 2 2
73882 3 1
73883 2 1
73884 2 1
73885 3 1
73887 2 1
73887 3 2
73888 2 1
73889 3 1
73891 2 1
73891 3 1
73892 2 2
73893 2 1
73893 3 1
73894 2 1
73894 3 2
73895 2 1
73895 3 2
73896 3 2
73905 2 1
73906 3 1
73911 3 1
73916 3 1
73926 2 2
73926 3 1
73927 2 1
73927 3 1
73928 2 1
73931 3 1
73935 2 2
73935 3 1
73936 3 1
73938 2 1
73938 3 1
73939 2 1
73939 3 2
73940 3 2
73947 2 1
73948 2 1
73950 3 1
73953 3 1
73955 2 1
73955 3 1
73961 2 1
73968 3 1
73969 2 1
73970 3 1
73972 3 1
73973 2 1
73974 2 1
73974 3 2
73975 3 1
73977 2 1
73978 2 1
73982 2 1
73982 3 2
73983 2 1
73987 3 1
73989 2 1
73989 3 1
73993 3 1
73996 3 1
73998 2 1
73998 3 2
73999 2 1
74000 2 1
74005 2 1
74012 2 1
74012 3 2
74014 3 1
74016 2 1
74016 3 1
74017 2 2
74017 3 1
74018 2 1
74019 3 1
74027 2 1
74030 3 1
74035 2 1
74036 3 1
74044 2 1
74044 3 1
74045 2 2
74045 3 1
74046 2 1
74050 2 1
74051 3 1
74053 3 1
74058 2 1
74058 3 1
74060 2 1
74061 2 2
74062 3 1
74064 2 1
74064 3 1
74066 2 2
74066 3 1
74067 3 1
74069 2 1
74072 2 2
74072 3 1
74073 2 1
74074 2 1
74074 3 2
74075 3 1
74077 2 1
74077 3 2
74078 2 1
74081 3 1
74086 3 1
74090 2 1
74091 3 1
74093 3 1
74096 2 1
74107 2 1
74108 2 2
74109 2 1
74109 3 1
74110 3 1
74112 2 1
74112 3 2
74113 2 2
74114 3 1
74116 2 1
74116 3 1
74118 3 1
74120 3 1
74122 2 1
74122 3 1
74123 2 1
74131 2 1
74135 3 1
74139 3 1
74141 2 1
74141 3 1
74142 2 1
74146 2 1
74147 2 1
74148 3 1
74150 2 1
74150 3 1
74151 2 1
74153 2 1
74154 3 1
74156 2 1
74156 3 1
74157 2 1
74158 2 2
74159 3 1
74163 2 1
74164 3 1
74166 2 1
74167 2 2
74167 3 1
74168 3 1
74170 2 1
74171 2 1
74172 2 1
74173 2 1
74175 3 1
74179 2 1
74179 3 1
74181 3 1
74183 2 1
74184 3 1
74186 3 1
74187 2 1
74190 2 1
74190 3 1
74191 2 1
74191 3 2
74192 2 1
74199 2 1
74199 3 2
74200 2 1
74200 3 2
74201 3 1
74203 2 1
74208 2 1
74210 3 1
74212 2 1
74212 3 2
74215 2 1
74217 2 1
74218 2 1
74228 2 1
74229 2 1
74230 2 2
74231 2 1
74231 3 1
74232 3 2
74239 3 1
74241 3 1
74243 2 1
74244 2 1
74247 2 1
74248 2 1
74249 3 2
74251 2 1
74251 3 1
74257 2 1
74257 3 1
74258 2 1
74259 3 1
74261 3 1
74262 2 1
74263 2 1
74266 3 1
74270 2 2
74270 3 1
74271 2 1
74271 3 1
74272 2 1
74273 2 2
74274 2 1
74274 3 1
74275 3 1
74279 2 2
74280 2 1
74280 3 1
74282 3 1
74285 2 1
74285 3 1
74286 2 1
74287 2 1
74288 2 1
74288 3 2
74289 3 1
74291 2 1
74292 2 1
74293 2 2
74294 3 1
74296 3 1
74301 2 1
74304 3 1
74307 2 2
74307 3 1
74308 2 1
74308 3 1
74310 3 1
74313 2 1
74313 3 2
74314 2 1
74316 2 2
74316 3 1
74317 3 1
74319 2 1
74320 2 1
74321 2 2
74322 3 1
74325 2 1
74325 3 1
74326 3 1
74328 3 1
74330 2 1
74330 3 2
74334 2 1
74335 2 2
74340 2 1
74343 2 1
74347 3 1
74348 2 1
74351 2 1
74351 3 1
74352 2 2
74353 2 1
74353 3 1
74354 3 1
74358 2 1
74358 3 2
74362 2 1
74367 2 2
74367 3 1
74368 2 1
74369 2 1
74375 3 1
74377 3 1
74384 3 1
74386 2 2
74386 3 1
74388 2 1
74389 3 1
74391 2 1
74392 2 1
74395 2 1
74396 2 2
74396 3 1
74398 2 1
74407 3 1
74411 2 1
74417 2 1
74421 2 1
74421 3 1
74423 3 1
74425 3 1
74427 3 1
74436 2 1
74437 3 1
74439 3 1
74444 2 2
74444 3 1
74445 3 1
74452 2 1
74454 3 1
74456 3 1
74458 2 1
74459 3 1
74462 2 1
74467 2 1
74468 3 1
74472 3 1
74475 2 1
74476 2 1
74477 2 1
74487 2 1
74488 2 1
74489 3 1
74500 3 1
74501 2 1
74502 2 1
74503 2 1
74505 3 1
74508 2 1
74508 3 2
74509 2 1
74509 3 2
74510 3 1
74516 3 1
74518 2 1
74518 3 2
74520 3 1
74526 2 1
74526 3 1
74527 2 1
74527 3 2
74533 2 1
74533 3 1
74543 2 1
74544 2 1
74545 3 1
74547 2 2
74547 3 1
74548 3 1
74551 2 2
74551 3 1
74552 2 1
74553 3 1
74555 3 1
74556 2 1
74559 2 1
74560 3 1
74562 3 1
74565 2 1
74565 3 1
74577 3 1
74579 3 1
74580 2 1
74581 3 2
74584 2 1
74587 2 2
74587 3 1
74588 2 1
74588 3 1
74589 2 1
74590 3 1
74593 2 2
74593 3 1
74594 3 1
74600 2 1
74601 2 1
74602 2 2
74603 3 1
74605 2 1
74606 2 1
74606 3 2
74607 3 1
74609 3 1
74611 3 1
74613 3 1
74614 2 1
74617 3 1
74624 3 1
74628 3 1
74630 2 2
74630 3 1
74631 2 1
74633 2 1
74634 2 1
74634 3 2
74635 3 1
74641 2 1
74641 3 1
74643 2 1
74648 2 1
74648 3 1
74650 3 1
74652 3 1
74654 2 1
74656 3 1
74661 3 1
74665 2 2
74666 2 1
74667 3 1
74673 2 1
74675 3 1
74677 2 1
74677 3 1
74682 3 1
74683 2 1
74686 3 1
74692 2 1
74692 3 1
74693 3 2
74694 3 1
74696 2 1
74696 3 1
74704 2 1
74707 2 1
74710 2 1
74710 3 2
74711 3 1
74714 3 1
74716 2 2
74716 3 1
74717 3 1
74718 2 1
74719 3 1
74721 2 1
74721 3 2
74726 2 1
74726 3 1
74727 3 1
74736 2 1
74737 2 2
74737 3 1
74742 2 1
74742 3 1
74743 3 1
74746 2 1
74747 2 1
74748 2 1
74760 2 1
74760 3 1
74761 2 1
74762 3 1
74766 3 1
74775 2 2
74776 2 1
74776 3 1
74782 3 1
74784 2 1
74784 3 1
74785 2 1
74786 2 1
74787 3 2
74791 2 1
74791 3 1
74792 2 1
74793 2 2
74794 2 1
74794 3 1
74795 3 1
74797 2 1
74797 3 2
74798 2 1
74799 3 1
74801 2 1
74801 3 1
74802 2 2
74802 3 1
74803 2 1
74804 3 1
74810 3 1
74813 3 1
74815 2 1
74816 3 1
74818 2 1
74818 3 1
74819 3 1
74822 3 1
74824 2 2
74824 3 1
74830 2 1
74831 2 1
74837 2 2
74837 3 1
74838 2 1
74838 3 1
74842 3 1
74847 2 1
74847 3 1
74853 2 1
74854 2 2
74855 2 1
74855 3 1
74858 2 1
74858 3 1
74859 2 1
74860 3 1
74864 2 2
74864 3 1
74865 3 1
74867 3 1
74870 2 1
74874 2 1
74874 3 1
74875 2 1
74876 3 2
74877 3 1
74880 3 1
74883 2 1
74883 3 1
74884 2 2
74885 2 1
74885 3 1
74886 3 2
74888 3 1
74890 3 1
74892 3 1
74893 2 1
74893 3 2
74898 2 1
74898 3 1
74899 3 1
74902 2 1
74903 3 1
74906 3 1
74909 3 1
74911 2 1
74912 2 2
74913 2 1
74913 3 1
74914 2 1
74914 3 2
74915 2 1
74915 3 2
74916 3 1
74918 3 1
74923 2 1
74923 3 1
74928 2 1
74933 2 1
74933 3 2
74934 2 1
74935 3 1
74938 3 1
74944 3 1
74946 2 1
74946 3 1
74947 2 1
74948 2 1
74948 3 2
74949 3 1
74953 2 1
74954 2 2
74958 2 1
74959 3 2
74963 2 2
74963 3 1
74964 3 1
74965 2 1
74966 3 1
74970 2 1
74975 2 1
74976 2 1
74979 2 1
74980 3 1
74982 3 1
74984 3 1
74987 2 1
74987 3 1
74988 2 2
74989 2 1
74989 3 1
74990 2 1
74990 3 2
74991 3 2
74993 2 1
74994 3 2
74997 2 1
74998 3 1
75003 2 2
75003 3 1
75004 3 1
75007 2 1
75007 3 1
75009 3 2
75010 2 1
75010 3 2
75011 2 1
75011 3 2
75012 3 1
75014 2 1
75014 3 2
75016 2 1
75017 2 1
75018 2 2
75018 3 1
75019 2 2
75019 3 1
75021 2 1
75023 3 1
75027 2 1
75027 3 1
75028 2 1
75029 3 1
75031 2 1
75031 3 1
75033 2 1
75036 2 1
75041 2 1
75042 2 1
75043 2 2
75044 2 1
75044 3 1
75045 3 1
75047 3 1
75048 2 1
75049 3 1
75051 3 1
75052 2 1
75055 2 1
75055 3 1
75056 3 1
75059 2 2
75059 3 1
75060 2 1
75060 3 1
75064 2 1
75064 3 1
75065 3 1
75068 3 1
75071 2 2
75071 3 1
75072 2 1
75073 2 1
75074 3 1
75076 2 1
75076 3 2
75077 2 1
75077 3 2
75078 2 2
75079 3 1
75081 2 2
75081 3 1
75082 2 1
75082 3 1
75083 3 1
75086 2 1
75086 3 1
75087 3 2
75090 3 1
75093 2 1
75095 2 2
75098 2 1
75105 2 1
75106 3 1
75114 2 2
75114 3 1
75115 3 1
75117 2 1
75117 3 1
75118 2 1
75118 3 2
75119 2 2
75120 2 1
75120 3 1
75121 3 1
75124 3 1
75126 3 1
75128 3 1
75130 3 1
75132 3 1
75134 2 1
75134 3 1
75137 2 1
75137 3 2
75138 2 1
75138 3 2
75139 2 1
75139 3 2
75140 2 1
75140 3 2
75141 2 2
75142 3 1
75144 3 1
75151 3 1
75153 2 1
75153 3 1
75154 2 2
75155 2 1
75155 3 1
75160 3 1
75164 2 1
75167 2 1
75167 3 2
75168 2 2
75168 3 1
75169 2 1
75170 3 1
75175 2 2
75175 3 1
75182 3 1
75183 3 2
75184 2 1
75185 2 2
75185 3 1
75186 2 1
75188 3 1
75191 3 1
75192 2 1
75196 2 1
75197 2 1
75198 2 1
75199 2 1
75200 2 2
75203 2 1
75205 3 1
75208 2 1
75208 3 1
75209 2 1
75210 3 1
75212 2 1
75213 3 1
75220 2 1
75221 2 2
75222 2 1
75222 3 1
75225 2 1
75225 3 1
75228 2 1
75228 3 1
75230 3 1
75236 2 1
75236 3 1
75237 2 1
75237 3 2
75238 2 1
75238 3 2
75239 2 1
75239 3 2
75240 2 2
75241 3 1
75243 2 1
75244 3 1
75250 3 1
75252 3 1
75257 2 1
75261 2 1
75262 2 1
75266 2 1
75266 3 2
75267 2 1
75268 2 1
75269 3 1
75271 2 1
75271 3 1
75272 2 1
75272 3 2
75275 2 2
75276 2 1
75276 3 1
75277 2 1
75278 3 1
75280 2 2
75280 3 1
75281 2 1
75282 2 1
75283 2 1
75286 2 1
75286 3 1
75287 2 1
75288 2 1
75289 2 2
75290 2 1
75290 3 1
75291 3 1
75295 2 1
75296 2 2
75300 2 1
75301 3 1
75303 2 1
75303 3 1
75306 2 1
75310 2 2
75311 3 1
75313 3 1
75316 3 1
75318 3 1
75321 2 2
75321 3 1
75322 2 1
75323 2 1
75327 3 1
75331 2 1
75331 3 1
75332 2 2
75333 3 1
75336 2 2
75336 3 1
75337 3 1
75341 2 2
75341 3 1
75342 3 1
75345 3 1
75347 2 1
75347 3 1
75351 2 2
75351 3 1
75352 2 1
75352 3 1
75353 2 1
75354 3 1
75356 3 1
75358 2 2
75358 3 1
75359 2 2
75359 3 1
75360 2 1
75361 3 1
75363 2 1
75363 3 2
75364 2 1
75364 3 2
75365 2 1
75365 3 2
75366 2 2
75366 3 1
75367 2 1
75368 3 1
75372 2 2
75373 3 1
75375 3 1
75378 3 1
75380 3 1
75383 2 1
75383 3 2
75384 3 1
75391 2 2
75391 3 1
75392 2 1
75392 3 2
75393 2 2
75393 3 1
75394 2 1
75395 3 1
75397 2 2
75397 3 1
75398 2 1
75399 3 1
75405 3 1
75407 2 2
75407 3 1
75408 2 1
75408 3 1
75411 3 1
75414 2 1
75414 3 1
75415 2 1
75416 2 1
75417 3 1
75419 2 1
75419 3 2
75420 2 2
75420 3 1
75421 2 1
75422 2 1
75423 2 1
75424 3 1
75427 2 1
75427 3 1
75430 3 1
75434 2 1
75434 3 2
75435 3 1
75437 3 1
75439 3 1
75441 3 1
75443 2 1
75443 3 1
75444 2 1
75447 2 2
75447 3 1
75448 2 1
75448 3 1
75449 2 1
75450 3 1
75457 2 1
75457 3 2
75458 2 2
75458 3 1
75459 2 1
75460 3 1
75462 3 1
75465 3 1
75467 3 1
75469 3 1
75471 2 1
75471 3 1
75473 3 1
75480 3 1
75482 3 1
75484 2 1
75484 3 1
75487 3 1
75490 3 1
75492 3 1
75495 3 1
75497 3 1
75499 3 1
75502 3 1
75505 3 1
75507 3 1
75511 3 1
75513 2 2
75513 3 1
75514 2 1
75514 3 1
75515 2 1
75516 3 1
75518 2 1
75518 3 2
75519 3 1
75521 3 1
75523 3 1
75524 2 1
75525 3 1
75527 3 1
75529 3 1
75531 2 1
75531 3 1
75532 2 1
75533 3 1
75540 3 1
75541 2 1
75542 2 1
75543 3 1
75546 3 1
75548 2 1
75549 3 1
75551 3 1
75552 2 1
75555 2 2
75555 3 1
75556 2 1
75556 3 1
75563 3 1
75567 2 2
75567 3 1
75568 2 1
75569 2 1
75570 3 1
75574 3 1
75575 2 1
75576 3 1
75586 3 1
75587 2 1
75590 2 1
75591 3 1
75593 3 1
75595 3 1
75597 2 1
75597 3 1
75603 3 1
75604 3 2
75605 2 1
75605 3 2
75606 2 1
75606 3 2
75607 2 1
75607 3 2
75608 3 2
75610 3 1
75613 2 2
75613 3 1
75614 2 1
75614 3 2
75615 2 1
75615 3 2
75616 2 1
75616 3 2
75617 2 1
75617 3 2
75618 2 2
75618 3 2
75619 3 1
75622 2 1
75623 2 1
75628 2 1
75631 2 1
75632 2 1
75635 2 1
75638 2 1
75639 2 1
75640 2 1
75641 2 1
75642 2 1
75645 2 1
75646 2 1
75647 2 1
75649 2 1
75652 2 1
75653 2 1
75654 2 1
75657 2 1
75658 2 1
75659 2 1
75660 2 1
75668 2 1
75669 2 1
75672 2 1
75673 2 1
75676 2 1
75677 2 1
75680 2 1
75681 2 1
75684 2 1
75688 2 1
75689 2 1
75690 2 1
75694 2 1
75695 2 1
75696 2 1
75701 2 1
75702 2 1
75703 2 1
75707 2 1
75708 2 1
75710 2 1
75711 2 1
75714 2 1
75715 2 1
75718 2 1
75719 2 1
75724 2 1
75727 2 1
75728 2 1
75733 2 1
75734 2 1
75737 2 1
75738 2 1
75742 2 1
75743 2 1
75746 2 1
75747 2 1
75750 2 1
75751 2 1
75752 2 1
75753 2 1
75754 2 1
75756 2 1
75759 2 1
75760 2 1
75764 2 1
75765 2 1
75766 2 1
75769 2 1
75771 2 1
75774 2 1
75775 2 1
75779 2 1
75780 2 1
75781 2 1
75784 2 1
75785 2 1
75787 2 1
75790 2 1
75793 2 1
75794 2 1
75795 2 1
75798 2 1
75799 2 1
75802 2 1
75803 2 1
75806 2 1
75807 2 1
75810 2 1
75811 2 1
75813 2 1
75814 2 1
75815 2 1
75816 2 1
75820 2 1
75821 2 1
75822 2 1
75826 2 1
75827 2 1
75832 2 1
75840 2 1
75841 2 1
75842 2 1
75843 2 1
75847 2 1
75848 2 1
75849 2 1
75850 2 1
75853 2 1
75854 2 1
75857 2 1
75858 2 1
75859 2 1
75860 2 1
75862 2 1
75868 2 1
75869 2 1
75872 2 1
75873 2 1
75880 2 1
75881 2 1
75882 2 1
75883 2 1
75884 2 1
75885 2 1
75886 2 1
75890 2 1
75891 2 1
75892 2 1
75893 2 1
75894 2 1
75895 2 1
