  分治：12 块 144 对，可行 40 对，整块淘汰掉 0 格
有向预计算：走向已定 0/143162 (0.0%) | 无向判定率 0.0% -> 0.0% (0 -> 0 / 71581 边)
有向预计算：走向已定 0/143162 (0.0%) | 无向判定率 0.0% -> 0.0% (0 -> 0 / 71581 边)
全局阶段：固定 0 条边，起点候选 50288 / 50288 (100.0%)
adaptive PROPDEPTH=2 (fixed 0 / 71581 edges; 第一层存活率>=SURVDEEP%再升深层)
STARTORD: F 升序就位（1780 起点，证伪剔除 0）
FRANK shard10: F降序
shard 10: 第一层存活 100% >= 38%，升深度传播(PD=64)
FRANK shard13: F降序
shard 13: 第一层存活 100% >= 38%，升深度传播(PD=64)
FRANK shard7: F降序
shard 7: 第一层存活 100% >= 38%，升深度传播(PD=64)
FRANK shard4: F降序
shard 4: 第一层存活 100% >= 38%，升深度传播(PD=64)
FRANK shard1: F降序
shard 1: 第一层存活 100% >= 38%，升深度传播(PD=64)
FRANK shard8: F降序
shard 8: 第一层存活 100% >= 38%，升深度传播(PD=64)
FRANK shard5: F降序
shard 5: 第一层存活 100% >= 38%，升深度传播(PD=64)
FRANK shard11: F降序
shard 11: 第一层存活 100% >= 38%，升深度传播(PD=64)
FRANK shard2: F降序
shard 2: 第一层存活 100% >= 38%，升深度传播(PD=64)
FRANK shard9: F降序
shard 9: 第一层存活 100% >= 38%，升深度传播(PD=64)
FRANK shard12: F降序
shard 12: 第一层存活 100% >= 38%，升深度传播(PD=64)
FRANK shard14: F降序
shard 14: 第一层存活 100% >= 38%，升深度传播(PD=64)
FRANK shard15: F降序
shard 15: 第一层存活 100% >= 38%，升深度传播(PD=64)
FRANK shard0: F降序
shard 0: 第一层存活 100% >= 38%，升深度传播(PD=64)
FRANK shard6: F降序
shard 6: 第一层存活 100% >= 38%，升深度传播(PD=64)
FRANK shard3: F降序
shard 3: 第一层存活 100% >= 38%，升深度传播(PD=64)
shard 10: 1.5 层深层重探后剩 111
shard 10: 第一层存活 111/111 = 100%%, 第二层 开
shard 13: 1.5 层深层重探后剩 111
shard 13: 第一层存活 111/111 = 100%%, 第二层 开
shard 4: 1.5 层深层重探后剩 111
shard 4: 第一层存活 111/111 = 100%%, 第二层 开
shard 7: 1.5 层深层重探后剩 111
shard 7: 第一层存活 111/111 = 100%%, 第二层 开
shard 1: 1.5 层深层重探后剩 112
shard 1: 第一层存活 112/112 = 100%%, 第二层 开
shard 8: 1.5 层深层重探后剩 111
shard 8: 第一层存活 111/111 = 100%%, 第二层 开
shard 5: 1.5 层深层重探后剩 111
shard 5: 第一层存活 111/111 = 100%%, 第二层 开
shard 11: 1.5 层深层重探后剩 111
shard 11: 第一层存活 111/111 = 100%%, 第二层 开
shard 2: 1.5 层深层重探后剩 112
shard 2: 第一层存活 112/112 = 100%%, 第二层 开
shard 14: 1.5 层深层重探后剩 111
shard 14: 第一层存活 111/111 = 100%%, 第二层 开
shard 9: 1.5 层深层重探后剩 111
shard 9: 第一层存活 111/111 = 100%%, 第二层 开
shard 12: 1.5 层深层重探后剩 111
shard 12: 第一层存活 111/111 = 100%%, 第二层 开
shard 15: 1.5 层深层重探后剩 111
shard 15: 第一层存活 111/111 = 100%%, 第二层 开
shard 6: 1.5 层深层重探后剩 111
shard 6: 第一层存活 111/111 = 100%%, 第二层 开
shard 0: 1.5 层深层重探后剩 112
shard 0: 第一层存活 112/112 = 100%%, 第二层 开
shard 3: 1.5 层深层重探后剩 112
shard 3: 第一层存活 112/112 = 100%%, 第二层 开
T2 sh14 cell=(70,42) PROBE0 nodes=7943
T2 sh7 cell=(219,13) PROBE0 nodes=29703
T2 sh10 cell=(23,69) PROBE0 nodes=23367
T2 sh8 cell=(20,74) PROBE0 nodes=21437
T2 sh13 cell=(239,27) PROBE0 nodes=23228
T2 sh2 cell=(83,33) PROBE0 nodes=11349
T2 sh8 cell=(221,13) PROBE0 nodes=74
T2 sh8 cell=(13,27) PROBE0 nodes=589
T2 sh5 cell=(212,36) PROBE0 nodes=31719
T2 sh13 cell=(27,37) PROBE0 nodes=698
T2 sh13 cell=(39,41) PROBE0 nodes=78
T2 sh2 cell=(69,35) PROBE0 nodes=13802
T2 sh13 cell=(66,42) PROBE0 nodes=6872
T2 sh1 cell=(27,35) PROBE0 nodes=708
T2 sh1 cell=(66,36) PROBE0 nodes=7131
T2 sh5 cell=(11,43) PROBE0 nodes=501
T2 sh2 cell=(84,36) PROBE0 nodes=7426
T2 sh2 cell=(88,44) PROBE0 nodes=8242
T2 sh7 cell=(198,46) PROBE0 nodes=354
T2 sh13 cell=(17,45) PROBE0 nodes=623
T2 sh5 cell=(91,47) PROBE0 nodes=27896
T2 sh8 cell=(224,36) PROBE0 nodes=31138
T2 sh7 cell=(95,47) PROBE0 nodes=24976
T2 sh10 cell=(86,32) PROBE0 nodes=11338
T2 sh4 cell=(43,47) PROBE0 nodes=108
T2 sh4 cell=(41,49) PROBE0 nodes=113
T2 sh5 cell=(89,49) PROBE0 nodes=23127
T2 sh11 cell=(222,34) PROBE0 nodes=28248
T2 sh10 cell=(22,44) PROBE0 nodes=334
T2 sh10 cell=(213,61) PROBE0 nodes=27850
T2 sh14 cell=(244,64) PROBE0 nodes=28602
T2 sh14 cell=(22,66) PROBE0 nodes=4386
T2 sh10 cell=(237,63) PROBE0 nodes=22132
T2 sh7 cell=(198,64) PROBE0 nodes=26925
T2 sh14 cell=(102,118) PROBE0 nodes=1314
T2 sh14 cell=(27,39) PROBE0 nodes=692
T2 sh2 cell=(22,70) PROBE0 nodes=23490
T2 sh10 cell=(202,90) PROBE0 nodes=29203
T2 sh10 cell=(102,96) PROBE0 nodes=196
T2 sh7 cell=(207,75) PROBE0 nodes=28125
T2 sh10 cell=(17,35) PROBE0 nodes=1765
T2 sh7 cell=(205,79) PROBE0 nodes=28818
T2 sh7 cell=(215,95) PROBE0 nodes=24898
T2 sh1 cell=(216,82) PROBE0 nodes=21756
T2 sh2 cell=(200,80) PROBE0 nodes=25645
T2 sh1 cell=(223,101) PROBE0 nodes=14753
T2 sh1 cell=(102,120) PROBE0 nodes=2086
T2 sh7 cell=(216,44) PROBE0 nodes=26360
T2 sh1 cell=(100,178) PROBE0 nodes=13916
T2 sh4 cell=(238,28) PROBE0 nodes=22607
T2 sh4 cell=(68,42) PROBE0 nodes=13012
T2 sh11 cell=(99,113) PROBE0 nodes=447
T2 sh10 cell=(108,178) PROBE0 nodes=10169
T2 sh11 cell=(119,153) PROBE0 nodes=10098
T2 sh13 cell=(108,112) PROBE0 nodes=402
T2 sh5 cell=(82,34) PROBE0 nodes=10893
T2 sh10 cell=(197,45) PROBE0 nodes=352
T2 sh8 cell=(86,30) PROBE0 nodes=24746
T2 sh11 cell=(5,39) PROBE0 nodes=489
T2 sh8 cell=(216,40) PROBE0 nodes=31581
T2 sh5 cell=(88,40) PROBE0 nodes=25621
T2 sh14 cell=(17,75) PROBE0 nodes=31527
T2 sh14 cell=(101,95) PROBE0 nodes=337
T2 sh14 cell=(212,182) PROBE0 nodes=19151
T2 sh14 cell=(242,26) PROBE0 nodes=22605
T2 sh14 cell=(10,44) PROBE0 nodes=486
T2 sh7 cell=(221,101) PROBE0 nodes=26638
T2 sh10 cell=(108,168) PROBE0 nodes=10148
T2 sh7 cell=(234,172) PROBE0 nodes=18488
T2 sh7 cell=(200,42) PROBE0 nodes=362
T2 sh14 cell=(90,50) PROBE0 nodes=24652
T2 sh4 cell=(199,44) PROBE0 nodes=25477
T2 sh13 cell=(224,35) PROBE0 nodes=30580
T2 sh13 cell=(252,39) PROBE0 nodes=10307
T2 sh14 cell=(104,170) PROBE0 nodes=10175
T2 sh2 cell=(20,28) PROBE0 nodes=464
T2 sh14 cell=(105,179) PROBE0 nodes=10186
T2 sh13 cell=(231,46) PROBE0 nodes=9930
T2 sh5 cell=(23,63) PROBE0 nodes=18355
T2 sh10 cell=(73,27) PROBE0 nodes=21988
T2 sh7 cell=(202,92) PROBE0 nodes=27280
T2 sh8 cell=(105,173) PROBE0 nodes=20331
T2 sh1 cell=(222,36) PROBE0 nodes=27157
T2 sh1 cell=(11,41) PROBE0 nodes=309
T2 sh2 cell=(211,181) PROBE0 nodes=15744
T2 sh1 cell=(96,44) PROBE0 nodes=24712
T2 sh1 cell=(17,47) PROBE0 nodes=535
T2 sh4 cell=(194,47) PROBE0 nodes=7699
T2 sh14 cell=(259,32) PROBE0 nodes=11767
T2 sh10 cell=(237,40) PROBE0 nodes=9975
T2 sh14 cell=(239,34) PROBE0 nodes=10321
T2 sh8 cell=(223,89) PROBE0 nodes=20211
T2 sh5 cell=(107,159) PROBE0 nodes=20998
T2 sh5 cell=(214,14) PROBE0 nodes=29687
T2 sh10 cell=(219,44) PROBE0 nodes=24731
T2 sh13 cell=(241,56) PROBE0 nodes=12606
T2 sh8 cell=(245,38) PROBE0 nodes=10286
T2 sh10 cell=(209,46) PROBE0 nodes=22396
T2 sh11 cell=(104,94) PROBE0 nodes=206
T2 sh14 cell=(72,41) PROBE0 nodes=610
T2 sh8 cell=(74,35) PROBE0 nodes=25488
T2 sh11 cell=(101,173) PROBE0 nodes=12122
T2 sh13 cell=(209,60) PROBE0 nodes=25203
T2 sh9 cell=(237,61) PROBE0 nodes=30706
T2 sh5 cell=(30,76) PROBE0 nodes=21753
T2 sh11 cell=(221,44) PROBE0 nodes=13715
T2 sh7 cell=(236,41) PROBE0 nodes=9943
T2 sh11 cell=(73,22) PROBE0 nodes=17032
T2 sh7 cell=(218,43) PROBE0 nodes=24576
T2 sh8 cell=(232,43) PROBE0 nodes=8944
T2 sh4 cell=(253,42) PROBE0 nodes=10797
T2 sh8 cell=(198,45) PROBE0 nodes=7790
T2 sh7 cell=(91,48) PROBE0 nodes=27653
T2 sh4 cell=(227,50) PROBE0 nodes=8438
T2 sh14 cell=(177,54) PROBE0 nodes=26285
T2 sh13 cell=(240,69) PROBE0 nodes=17602
T2 sh1 cell=(207,89) PROBE0 nodes=12894
T2 sh13 cell=(183,70) PROBE0 nodes=26915
T2 sh1 cell=(73,25) PROBE0 nodes=10764
T2 sh5 cell=(11,30) PROBE0 nodes=1548
T2 sh5 cell=(218,33) PROBE0 nodes=22620
T2 sh7 cell=(231,54) PROBE0 nodes=11569
T2 sh14 cell=(240,59) PROBE0 nodes=15730
T2 sh4 cell=(233,58) PROBE0 nodes=13979
T2 sh2 cell=(207,50) PROBE0 nodes=10301
T2 sh14 cell=(215,60) PROBE0 nodes=12392
T2 sh10 cell=(175,66) PROBE0 nodes=27033
T2 sh8 cell=(186,59) PROBE0 nodes=340
T2 sh11 cell=(238,61) PROBE0 nodes=15334
T2 sh2 cell=(240,53) PROBE0 nodes=10361
T2 sh4 cell=(159,64) PROBE0 nodes=27560
T2 sh13 cell=(228,91) PROBE0 nodes=18316
T2 sh11 cell=(219,64) PROBE0 nodes=10065
T2 sh10 cell=(220,71) PROBE0 nodes=6757
T2 sh5 cell=(75,46) PROBE0 nodes=627
T2 sh13 cell=(37,118) PROBE0 nodes=15579
T2 sh13 cell=(38,161) PROBE0 nodes=24895
T2 sh8 cell=(238,65) PROBE0 nodes=18718
T2 sh13 cell=(16,187) PROBE0 nodes=25218
T2 sh2 cell=(239,62) PROBE0 nodes=27124
T2 sh11 cell=(29,68) PROBE0 nodes=26504
T2 sh7 cell=(19,68) PROBE0 nodes=30664
T2 sh10 cell=(34,99) PROBE0 nodes=13069
T2 sh13 cell=(90,35) PROBE0 nodes=28387
T2 sh1 cell=(254,51) PROBE0 nodes=10145
T2 sh4 cell=(104,69) PROBE0 nodes=26832
T2 sh8 cell=(182,73) PROBE0 nodes=26900
T2 sh1 cell=(224,53) PROBE0 nodes=17140
T2 sh10 cell=(2,143) PROBE0 nodes=10228
T2 sh10 cell=(18,185) PROBE0 nodes=8275
T2 sh10 cell=(257,38) PROBE0 nodes=23839
T2 sh11 cell=(208,185) PROBE0 nodes=4985
T2 sh14 cell=(173,76) PROBE0 nodes=27506
T2 sh8 cell=(31,108) PROBE0 nodes=11817
T2 sh8 cell=(15,184) PROBE0 nodes=8352
T2 sh10 cell=(189,42) PROBE0 nodes=25512
T2 sh2 cell=(6,123) PROBE0 nodes=20990
T2 sh2 cell=(223,178) PROBE0 nodes=4271
T2 sh2 cell=(205,16) PROBE0 nodes=23494
T2 sh2 cell=(88,27) PROBE0 nodes=26234
T2 sh4 cell=(220,83) PROBE0 nodes=17185
T2 sh4 cell=(33,94) PROBE0 nodes=14937
T2 sh4 cell=(221,102) PROBE0 nodes=30376
T2 sh7 cell=(14,129) PROBE0 nodes=27584
T2 sh4 cell=(40,123) PROBE0 nodes=11410
T2 sh14 cell=(26,97) PROBE0 nodes=24969
T2 sh4 cell=(8,179) PROBE0 nodes=9139
T2 sh2 cell=(230,45) PROBE0 nodes=8673
T2 sh8 cell=(221,46) PROBE0 nodes=14056
T2 sh14 cell=(25,100) PROBE0 nodes=25193
T2 sh2 cell=(203,52) PROBE0 nodes=20311
T2 sh2 cell=(241,54) PROBE0 nodes=12828
T2 sh4 cell=(68,37) PROBE0 nodes=18761
T2 sh5 cell=(40,105) PROBE0 nodes=11855
T2 sh5 cell=(7,126) PROBE0 nodes=19871
T2 sh5 cell=(211,182) PROBE0 nodes=4301
T2 sh4 cell=(229,52) PROBE0 nodes=8571
T2 sh5 cell=(216,41) PROBE0 nodes=30257
T2 sh13 cell=(201,182) PROBE0 nodes=6848
T2 sh11 cell=(231,178) PROBE0 nodes=7291
T2 sh13 cell=(242,49) PROBE0 nodes=10091
T2 sh4 cell=(172,61) PROBE0 nodes=26842
T2 sh1 cell=(186,71) PROBE0 nodes=26926
T2 sh8 cell=(34,103) PROBE0 nodes=25012
T2 sh7 cell=(20,89) PROBE0 nodes=24827
T2 sh13 cell=(229,74) PROBE0 nodes=8969
T2 sh13 cell=(215,80) PROBE0 nodes=7261
T2 sh13 cell=(219,94) PROBE0 nodes=19820
T2 sh1 cell=(216,13) PROBE0 nodes=22291
T2 sh13 cell=(175,58) PROBE0 nodes=26283
T2 sh13 cell=(27,70) PROBE0 nodes=26217
T2 sh13 cell=(228,43) PROBE0 nodes=8741
T2 sh8 cell=(253,48) PROBE0 nodes=10304
T2 sh2 cell=(20,185) PROBE0 nodes=12044
T2 sh2 cell=(262,33) PROBE0 nodes=11712
T2 sh10 cell=(100,67) PROBE0 nodes=19959
T2 sh11 cell=(70,31) PROBE0 nodes=16650
T2 sh4 cell=(15,134) PROBE0 nodes=10473
T2 sh8 cell=(232,61) PROBE0 nodes=10866
T2 sh13 cell=(205,178) PROBE0 nodes=4351
probe[t=294s]: 1696/1780 起点被证伪，剩 84
DEATH liveend=0 estate=368432 reach=203541 dyn=82088 flow=0 geom=23123
DYN shard13: 213539 calls, 82088 refuted (38%)
T2 sh14 cell=(169,60) PROBE0 nodes=26536
T3[t=296s] shard13 r0 #0 cell=(222,22) sc=50272 nodes=33946 r=0
T2 sh2 cell=(180,51) PROBE0 nodes=26271
T2 sh8 cell=(213,92) PROBE0 nodes=23267
T3[t=300s] shard13 r0 #1 cell=(218,32) sc=50262 nodes=50001 r=-1
T2 sh11 cell=(114,77) PROBE0 nodes=31411
T2 sh8 cell=(42,119) PROBE0 nodes=15570
T2 sh4 cell=(19,76) PROBE0 nodes=24859
T2 sh7 cell=(18,85) PROBE0 nodes=24806
T2 sh7 cell=(10,183) PROBE0 nodes=8369
T3[t=304s] shard13 r0 #2 cell=(28,44) sc=50274 nodes=50001 r=-1
T2 sh2 cell=(219,78) PROBE0 nodes=7224
T2 sh10 cell=(222,93) PROBE0 nodes=18611
probe[t=306s]: 1693/1780 起点被证伪，剩 87
DEATH liveend=0 estate=377378 reach=210703 dyn=80841 flow=0 geom=25756
DYN shard10: 213326 calls, 80841 refuted (38%)
T2 sh14 cell=(34,95) PROBE0 nodes=14935
T2 sh4 cell=(39,104) PROBE0 nodes=11861
T2 sh8 cell=(5,130) PROBE0 nodes=13597
T3[t=308s] shard13 r0 #3 cell=(215,45) sc=50271 nodes=50001 r=-1
T2 sh5 cell=(208,73) PROBE0 nodes=18156
T2 sh7 cell=(244,57) PROBE0 nodes=30910
T3[t=309s] shard10 r0 #0 cell=(203,69) sc=50266 nodes=50001 r=-1
T2 sh14 cell=(211,72) PROBE0 nodes=7062
probe[t=309s]: 1684/1780 起点被证伪，剩 96
DEATH liveend=0 estate=389314 reach=217928 dyn=84136 flow=0 geom=25466
DYN shard11: 220215 calls, 84136 refuted (38%)
T2 sh2 cell=(224,67) PROBE0 nodes=8899
T2 sh7 cell=(220,89) PROBE0 nodes=18448
probe[t=310s]: 1693/1780 起点被证伪，剩 87
DEATH liveend=0 estate=381994 reach=213745 dyn=81706 flow=0 geom=25713
DYN shard8: 216757 calls, 81706 refuted (38%)
T3[t=311s] shard13 r0 #4 cell=(209,47) sc=50260 nodes=40120 r=0
T2 sh5 cell=(42,105) PROBE0 nodes=11801
T2 sh2 cell=(210,7) PROBE0 nodes=23935
T2 sh5 cell=(239,50) PROBE0 nodes=10185
T3[t=313s] shard11 r0 #0 cell=(203,45) sc=50261 nodes=50001 r=-1
probe[t=314s]: 1691/1780 起点被证伪，剩 89
DEATH liveend=0 estate=380659 reach=214925 dyn=83259 flow=0 geom=24949
DYN shard4: 218741 calls, 83259 refuted (38%)
T3[t=314s] shard8 r0 #0 cell=(4,80) sc=50264 nodes=33441 r=0
T3[t=314s] shard13 r0 #5 cell=(193,51) sc=50272 nodes=47395 r=0
probe[t=315s]: 1694/1780 起点被证伪，剩 86
DEATH liveend=0 estate=375548 reach=209187 dyn=81331 flow=0 geom=25539
DYN shard14: 215576 calls, 81331 refuted (38%)
T3[t=316s] shard10 r0 #1 cell=(99,39) sc=50268 nodes=43354 r=0
T3[t=316s] shard11 r0 #1 cell=(200,60) sc=50265 nodes=38109 r=0
T3[t=317s] shard13 r0 #6 cell=(194,52) sc=50272 nodes=38263 r=0
T3[t=317s] shard4 r0 #0 cell=(210,40) sc=50270 nodes=50001 r=-1
T3[t=319s] shard8 r0 #1 cell=(104,34) sc=50275 nodes=35182 r=0
probe[t=319s]: 1692/1780 起点被证伪，剩 88
DEATH liveend=0 estate=396919 reach=221625 dyn=85347 flow=0 geom=26210
DYN shard7: 224277 calls, 85347 refuted (38%)
T3[t=319s] shard14 r0 #0 cell=(217,45) sc=50270 nodes=50001 r=-1
T2 sh5 cell=(251,44) PROBE0 nodes=10130
T3[t=320s] shard11 r0 #2 cell=(205,69) sc=50270 nodes=50001 r=-1
probe[t=320s]: 1692/1780 起点被证伪，剩 88
DEATH liveend=0 estate=377701 reach=207956 dyn=82777 flow=0 geom=24376
DYN shard2: 217744 calls, 82777 refuted (38%)
T2 sh1 cell=(8,123) PROBE0 nodes=10559
T3[t=321s] shard4 r0 #1 cell=(216,8) sc=50267 nodes=50001 r=-1
T3[t=321s] shard10 r0 #2 cell=(52,64) sc=50273 nodes=50001 r=-1
T3[t=321s] shard8 r0 #2 cell=(218,40) sc=50268 nodes=33100 r=0
T2 sh1 cell=(7,184) PROBE0 nodes=17373
T3[t=322s] shard13 r0 #7 cell=(22,58) sc=50266 nodes=49095 r=0
T3[t=322s] shard7 r0 #0 cell=(218,26) sc=50256 nodes=46753 r=0
T2 sh1 cell=(220,3) PROBE0 nodes=13305
T3[t=323s] shard11 r0 #3 cell=(203,39) sc=50265 nodes=50001 r=-1
T3[t=323s] shard14 r0 #1 cell=(22,48) sc=50272 nodes=50001 r=-1
T3[t=323s] shard4 r0 #2 cell=(217,33) sc=50262 nodes=36157 r=0
T3[t=324s] shard8 r0 #3 cell=(214,44) sc=50270 nodes=33636 r=0
T2 sh1 cell=(246,53) PROBE0 nodes=10149
T3[t=324s] shard10 r0 #3 cell=(211,35) sc=50272 nodes=45137 r=0
T3[t=324s] shard2 r0 #0 cell=(40,59) sc=50269 nodes=50001 r=-1
T3[t=325s] shard13 r0 #8 cell=(207,59) sc=50265 nodes=40567 r=0
T3[t=327s] shard7 r0 #1 cell=(31,43) sc=50266 nodes=50001 r=-1
T3[t=327s] shard14 r0 #2 cell=(214,48) sc=50269 nodes=45042 r=0
T3[t=327s] shard11 r0 #4 cell=(208,72) sc=50261 nodes=50001 r=-1
T3[t=327s] shard4 r0 #3 cell=(207,43) sc=50274 nodes=50001 r=-1
probe[t=328s]: 1690/1780 起点被证伪，剩 90
DEATH liveend=0 estate=387226 reach=218410 dyn=82265 flow=0 geom=26790
DYN shard5: 219261 calls, 82265 refuted (38%)
T3[t=328s] shard8 r0 #4 cell=(200,48) sc=50270 nodes=50001 r=-1
T3[t=329s] shard10 r0 #4 cell=(32,42) sc=50271 nodes=50001 r=-1
T3[t=329s] shard2 r0 #1 cell=(33,47) sc=50277 nodes=49054 r=0
T3[t=329s] shard13 r0 #9 cell=(35,61) sc=50265 nodes=50001 r=-1
T3[t=329s] shard7 r0 #2 cell=(212,44) sc=50276 nodes=33085 r=0
T3[t=332s] shard8 r0 #5 cell=(25,51) sc=50266 nodes=50001 r=-1
T3[t=332s] shard11 r0 #5 cell=(102,32) sc=50260 nodes=35582 r=0
T3[t=332s] shard10 r0 #5 cell=(201,45) sc=50268 nodes=50001 r=-1
T2 sh1 cell=(31,100) PROBE0 nodes=19294
T2 sh1 cell=(213,180) PROBE0 nodes=4283
T3[t=333s] shard2 r0 #2 cell=(27,49) sc=50272 nodes=50001 r=-1
T3[t=334s] shard4 r0 #4 cell=(95,45) sc=50266 nodes=33777 r=0
T3[t=334s] shard7 r0 #3 cell=(26,50) sc=50270 nodes=50001 r=-1
T3[t=335s] shard5 r0 #0 cell=(37,65) sc=50257 nodes=50001 r=-1
T3[t=336s] shard10 r0 #6 cell=(208,48) sc=50269 nodes=42822 r=0
probe[t=336s]: 1690/1780 起点被证伪，剩 90
DEATH liveend=0 estate=377446 reach=213596 dyn=80946 flow=0 geom=26350
DYN shard1: 216903 calls, 80946 refuted (37%)
T3[t=336s] shard11 r0 #6 cell=(215,35) sc=50263 nodes=50001 r=-1
T3[t=336s] shard14 r0 #3 cell=(36,56) sc=50269 nodes=50001 r=-1
T3[t=336s] shard2 r0 #3 cell=(200,54) sc=50271 nodes=36079 r=0
T3[t=337s] shard13 r0 #10 cell=(243,61) sc=50264 nodes=32253 r=0
T3[t=337s] shard8 r0 #6 cell=(34,52) sc=50273 nodes=50001 r=-1
T3[t=337s] shard5 r0 #1 cell=(213,41) sc=50272 nodes=34436 r=0
T3[t=338s] shard4 r0 #5 cell=(34,46) sc=50277 nodes=49060 r=0
T3[t=338s] shard7 r0 #4 cell=(32,54) sc=50272 nodes=50001 r=-1
T3[t=339s] shard2 r0 #4 cell=(191,55) sc=50265 nodes=36083 r=0
T3[t=340s] shard14 r0 #4 cell=(198,58) sc=50266 nodes=46023 r=0
T3[t=340s] shard10 r0 #7 cell=(30,56) sc=50267 nodes=50001 r=-1
T3[t=340s] shard11 r0 #7 cell=(36,42) sc=50269 nodes=50001 r=-1
T3[t=341s] shard1 r0 #0 cell=(20,57) sc=50262 nodes=50001 r=-1
T3[t=341s] shard8 r0 #7 cell=(37,53) sc=50265 nodes=50001 r=-1
T3[t=342s] shard13 r0 #11 cell=(10,64) sc=50270 nodes=50001 r=-1
T3[t=343s] shard4 r0 #6 cell=(26,52) sc=50274 nodes=50001 r=-1
T3[t=343s] shard5 r0 #2 cell=(40,48) sc=50274 nodes=49124 r=0
T3[t=343s] shard2 r0 #5 cell=(212,58) sc=50262 nodes=50001 r=-1
T3[t=343s] shard7 r0 #5 cell=(18,56) sc=50260 nodes=50001 r=-1
T3[t=344s] shard14 r0 #5 cell=(29,59) sc=50265 nodes=50001 r=-1
T3[t=344s] shard10 r0 #8 cell=(212,56) sc=50268 nodes=45190 r=0
T3[t=344s] shard1 r0 #1 cell=(204,50) sc=50264 nodes=50001 r=-1
T3[t=345s] shard13 r0 #12 cell=(240,64) sc=50246 nodes=42703 r=0
T3[t=346s] shard8 r0 #8 cell=(34,54) sc=50269 nodes=50001 r=-1
T3[t=346s] shard11 r0 #8 cell=(37,43) sc=50267 nodes=49200 r=0
T3[t=347s] shard7 r0 #6 cell=(192,56) sc=50266 nodes=50001 r=-1
T3[t=348s] shard5 r0 #3 cell=(26,54) sc=50268 nodes=50001 r=-1
T3[t=348s] shard1 r0 #2 cell=(192,80) sc=50269 nodes=50001 r=-1
T3[t=348s] shard2 r0 #6 cell=(37,59) sc=50266 nodes=50001 r=-1
T3[t=348s] shard13 r0 #13 cell=(187,65) sc=50269 nodes=34428 r=0
T3[t=349s] shard14 r0 #6 cell=(8,62) sc=50267 nodes=50001 r=-1
T3[t=350s] shard11 r0 #9 cell=(197,47) sc=50262 nodes=50001 r=-1
T3[t=350s] shard8 r0 #9 cell=(193,57) sc=50263 nodes=50001 r=-1
T3[t=351s] shard1 r0 #3 cell=(214,42) sc=50258 nodes=33396 r=0
T3[t=352s] shard5 r0 #4 cell=(199,55) sc=50264 nodes=45780 r=0
T3[t=353s] shard7 r0 #7 cell=(15,59) sc=50266 nodes=50001 r=-1
T3[t=353s] shard13 r0 #14 cell=(188,66) sc=50273 nodes=50001 r=-1
T3[t=353s] shard4 r0 #7 cell=(36,58) sc=50277 nodes=50001 r=-1
T3[t=354s] shard2 r0 #7 cell=(13,61) sc=50266 nodes=50001 r=-1
T3[t=354s] shard10 r0 #9 cell=(36,62) sc=50268 nodes=50001 r=-1
T3[t=355s] shard11 r0 #10 cell=(192,50) sc=50274 nodes=50001 r=-1
T3[t=356s] shard1 r0 #4 cell=(201,43) sc=50267 nodes=50001 r=-1
T3[t=356s] shard8 r0 #10 cell=(50,58) sc=50269 nodes=50001 r=-1
T3[t=358s] shard10 r0 #10 cell=(212,64) sc=50264 nodes=32379 r=0
T3[t=358s] shard14 r0 #7 cell=(42,64) sc=50267 nodes=50001 r=-1
T3[t=358s] shard7 r0 #8 cell=(28,62) sc=50266 nodes=50001 r=-1
T3[t=358s] shard5 r0 #5 cell=(42,58) sc=50255 nodes=50001 r=-1
T3[t=359s] shard4 r0 #8 cell=(47,59) sc=50270 nodes=50001 r=-1
T3[t=360s] shard2 r0 #8 cell=(47,61) sc=50271 nodes=50001 r=-1
T3[t=361s] shard11 r0 #11 cell=(33,51) sc=50259 nodes=48873 r=0
T3[t=361s] shard8 r0 #11 cell=(186,60) sc=50271 nodes=50001 r=-1
T3[t=361s] shard1 r0 #5 cell=(28,46) sc=50268 nodes=49054 r=0
T3[t=363s] shard14 r0 #8 cell=(203,67) sc=50270 nodes=50001 r=-1
T3[t=364s] shard4 r0 #9 cell=(187,61) sc=50264 nodes=50001 r=-1
T3[t=365s] shard13 r0 #15 cell=(38,68) sc=50266 nodes=50001 r=-1
T3[t=366s] shard8 r0 #12 cell=(197,61) sc=50266 nodes=45952 r=0
T3[t=366s] shard2 r0 #9 cell=(16,62) sc=50272 nodes=50001 r=-1
T3[t=366s] shard7 r0 #9 cell=(25,63) sc=50257 nodes=50001 r=-1
T3[t=366s] shard11 r0 #12 cell=(27,55) sc=50273 nodes=48266 r=0
T3[t=367s] shard1 r0 #6 cell=(26,48) sc=50274 nodes=50001 r=-1
T3[t=367s] shard5 r0 #6 cell=(30,60) sc=50273 nodes=50001 r=-1
T3[t=367s] shard14 r0 #9 cell=(208,68) sc=50272 nodes=50001 r=-1
T3[t=368s] shard10 r0 #11 cell=(10,66) sc=50272 nodes=50001 r=-1
T3[t=369s] shard13 r0 #16 cell=(202,68) sc=50275 nodes=50001 r=-1
T3[t=370s] shard4 r0 #10 cell=(24,62) sc=50262 nodes=50001 r=-1
T3[t=371s] shard11 r0 #13 cell=(216,56) sc=50268 nodes=44158 r=0
T3[t=372s] shard7 r0 #10 cell=(201,63) sc=50270 nodes=50001 r=-1
T3[t=372s] shard1 r0 #7 cell=(25,49) sc=50273 nodes=50001 r=-1
T3[t=373s] shard10 r0 #12 cell=(189,67) sc=50274 nodes=50001 r=-1
T3[t=373s] shard5 r0 #7 cell=(17,61) sc=50267 nodes=50001 r=-1
T3[t=374s] shard8 r0 #13 cell=(30,62) sc=50261 nodes=50001 r=-1
T3[t=375s] shard2 r0 #10 cell=(29,65) sc=50257 nodes=50001 r=-1
T3[t=376s] shard4 r0 #11 cell=(9,63) sc=50271 nodes=50001 r=-1
T3[t=377s] shard13 r0 #17 cell=(33,69) sc=50261 nodes=50001 r=-1
T3[t=377s] shard11 r0 #14 cell=(16,58) sc=50271 nodes=50001 r=-1
T3[t=378s] shard10 r0 #13 cell=(198,68) sc=50266 nodes=50001 r=-1
T3[t=378s] shard1 r0 #8 cell=(25,53) sc=50265 nodes=49067 r=0
T3[t=379s] shard8 r0 #14 cell=(203,63) sc=50272 nodes=50001 r=-1
T3[t=380s] shard5 r0 #8 cell=(26,62) sc=50264 nodes=49179 r=0
T3[t=380s] shard2 r0 #11 cell=(201,65) sc=50279 nodes=50001 r=-1
T3[t=381s] shard14 r0 #10 cell=(37,69) sc=50257 nodes=50001 r=-1
T3[t=382s] shard11 r0 #15 cell=(188,58) sc=50263 nodes=50001 r=-1
T3[t=384s] shard10 r0 #14 cell=(41,71) sc=50261 nodes=50001 r=-1
T3[t=384s] shard8 r0 #15 cell=(202,64) sc=50267 nodes=50001 r=-1
T3[t=384s] shard4 r0 #12 cell=(28,64) sc=50257 nodes=50001 r=-1
T3[t=384s] shard5 r0 #9 cell=(11,63) sc=50265 nodes=36991 r=0
T3[t=385s] shard7 r0 #11 cell=(32,64) sc=50267 nodes=50001 r=-1
T3[t=386s] shard14 r0 #11 cell=(184,70) sc=50267 nodes=50001 r=-1
probe[t=386s]: 1669/1780 起点被证伪，剩 111
DEATH liveend=0 estate=441280 reach=267255 dyn=66760 flow=0 geom=45217
DYN shard12: 218513 calls, 66760 refuted (31%)
probe[t=386s]: 1669/1780 起点被证伪，剩 111
DEATH liveend=0 estate=436665 reach=268337 dyn=68144 flow=0 geom=46876
DYN shard15: 224419 calls, 68144 refuted (30%)
T3[t=386s] shard13 r0 #18 cell=(45,71) sc=50270 nodes=50001 r=-1
T3[t=386s] shard2 r0 #12 cell=(33,67) sc=50264 nodes=50001 r=-1
T3[t=388s] shard10 r0 #15 cell=(194,74) sc=50273 nodes=50001 r=-1
T3[t=388s] shard11 r0 #16 cell=(23,59) sc=50260 nodes=50001 r=-1
T3[t=388s] shard1 r0 #9 cell=(48,56) sc=50268 nodes=50001 r=-1
T3[t=389s] shard5 r0 #10 cell=(187,63) sc=50266 nodes=50001 r=-1
T3[t=390s] shard13 r0 #19 cell=(12,72) sc=50271 nodes=32934 r=0
T3[t=390s] shard14 r0 #12 cell=(205,73) sc=50272 nodes=50001 r=-1
T3[t=390s] shard12 r0 #0 cell=(196,80) sc=50266 nodes=50001 r=-1
T3[t=390s] shard4 r0 #13 cell=(5,69) sc=50272 nodes=50001 r=-1
T3[t=392s] shard11 r0 #17 cell=(201,59) sc=50265 nodes=40562 r=0
T3[t=392s] shard2 r0 #13 cell=(46,68) sc=50255 nodes=50001 r=-1
T3[t=393s] shard15 r0 #0 cell=(46,56) sc=50270 nodes=50001 r=-1
T3[t=394s] shard10 r0 #16 cell=(12,76) sc=50265 nodes=50001 r=-1
T3[t=394s] shard1 r0 #10 cell=(31,57) sc=50267 nodes=50001 r=-1
T3[t=395s] shard4 r0 #14 cell=(11,71) sc=50256 nodes=32934 r=0
T3[t=395s] shard14 r0 #13 cell=(103,87) sc=50271 nodes=40945 r=0
T3[t=395s] shard12 r0 #1 cell=(208,22) sc=50269 nodes=50001 r=-1
T3[t=396s] shard13 r0 #20 cell=(13,73) sc=50256 nodes=50001 r=-1
probe[t=396s]: 1668/1780 起点被证伪，剩 112
DEATH liveend=0 estate=452397 reach=276627 dyn=65640 flow=0 geom=49883
DYN shard0: 223900 calls, 65640 refuted (29%)
T3[t=398s] shard7 r0 #12 cell=(41,67) sc=50261 nodes=50001 r=-1
T3[t=398s] shard2 r0 #14 cell=(3,69) sc=50275 nodes=50001 r=-1
T3[t=398s] shard10 r0 #17 cell=(1,79) sc=50268 nodes=41970 r=0
T3[t=399s] shard8 r0 #16 cell=(42,66) sc=50277 nodes=50001 r=-1
T3[t=399s] shard1 r0 #11 cell=(210,58) sc=50264 nodes=50001 r=-1
T3[t=399s] shard4 r0 #15 cell=(193,71) sc=50270 nodes=50001 r=-1
T3[t=400s] shard14 r0 #14 cell=(218,42) sc=50262 nodes=47982 r=0
T3[t=400s] shard12 r0 #2 cell=(37,41) sc=50265 nodes=50001 r=-1
T3[t=401s] shard5 r0 #11 cell=(30,64) sc=50267 nodes=50001 r=-1
T3[t=401s] shard11 r0 #18 cell=(33,61) sc=50270 nodes=50001 r=-1
T3[t=401s] shard13 r0 #21 cell=(12,78) sc=50271 nodes=50001 r=-1
T3[t=401s] shard7 r0 #13 cell=(188,68) sc=50270 nodes=34958 r=0
T3[t=402s] shard15 r0 #1 cell=(86,28) sc=50269 nodes=50001 r=-1
T3[t=403s] shard4 r0 #16 cell=(182,78) sc=50271 nodes=50001 r=-1
T3[t=403s] shard10 r0 #18 cell=(219,23) sc=50264 nodes=50001 r=-1
T3[t=404s] shard1 r0 #12 cell=(10,60) sc=50267 nodes=37059 r=0
T3[t=404s] shard0 r0 #0 cell=(72,24) sc=50267 nodes=50001 r=-1
T3[t=405s] shard11 r0 #19 cell=(243,63) sc=50259 nodes=34115 r=0
T3[t=405s] shard5 r0 #12 cell=(184,64) sc=50268 nodes=50001 r=-1
T3[t=405s] shard8 r0 #17 cell=(43,67) sc=50271 nodes=50001 r=-1
T3[t=405s] shard14 r0 #15 cell=(23,49) sc=50270 nodes=50001 r=-1
probe[t=406s]: 1669/1780 起点被证伪，剩 111
DEATH liveend=0 estate=441865 reach=271696 dyn=68548 flow=0 geom=46351
DYN shard6: 223566 calls, 68548 refuted (31%)
T3[t=406s] shard13 r0 #22 cell=(24,82) sc=50265 nodes=44824 r=0
T3[t=406s] shard2 r0 #15 cell=(45,69) sc=50256 nodes=50001 r=-1
T3[t=406s] shard4 r0 #17 cell=(208,88) sc=50268 nodes=37535 r=0
T3[t=408s] shard7 r0 #14 cell=(11,69) sc=50265 nodes=50001 r=-1
T3[t=408s] shard5 r0 #13 cell=(205,65) sc=50271 nodes=32681 r=0
T3[t=409s] shard10 r0 #19 cell=(22,60) sc=50265 nodes=50001 r=-1
T3[t=409s] shard11 r0 #20 cell=(184,66) sc=50271 nodes=50001 r=-1
T3[t=409s] shard12 r0 #3 cell=(60,42) sc=50267 nodes=50001 r=-1
T3[t=409s] shard1 r0 #13 cell=(12,62) sc=50266 nodes=50001 r=-1
T3[t=410s] shard15 r0 #2 cell=(16,36) sc=50269 nodes=50001 r=-1
T3[t=410s] shard13 r0 #23 cell=(24,100) sc=50261 nodes=35233 r=0
T3[t=410s] shard4 r0 #18 cell=(216,98) sc=50263 nodes=41164 r=0
T3[t=410s] shard14 r0 #16 cell=(36,52) sc=50271 nodes=50001 r=-1
T3[t=411s] shard2 r0 #16 cell=(202,70) sc=50264 nodes=50001 r=-1
T3[t=411s] shard7 r0 #15 cell=(187,69) sc=50268 nodes=35020 r=0
T3[t=412s] shard0 r0 #1 cell=(71,33) sc=50266 nodes=50001 r=-1
T3[t=413s] shard4 r0 #19 cell=(219,21) sc=50266 nodes=42768 r=0
T3[t=413s] shard5 r0 #14 cell=(34,66) sc=50264 nodes=50001 r=-1
probe[t=414s]: 1668/1780 起点被证伪，剩 112
DEATH liveend=0 estate=443748 reach=270492 dyn=69745 flow=0 geom=46493
DYN shard3: 224841 calls, 69745 refuted (31%)
T3[t=414s] shard11 r0 #21 cell=(13,67) sc=50268 nodes=50001 r=-1
T3[t=414s] shard14 r0 #17 cell=(196,60) sc=50264 nodes=50001 r=-1
T3[t=414s] shard7 r0 #16 cell=(198,72) sc=50278 nodes=45120 r=0
T3[t=414s] shard2 r0 #17 cell=(187,71) sc=50270 nodes=50001 r=-1
probe[t=415s]: 1670/1780 起点被证伪，剩 110
DEATH liveend=0 estate=440488 reach=271604 dyn=69506 flow=0 geom=48157
DYN shard9: 234516 calls, 69506 refuted (30%)
T3[t=415s] shard6 r0 #0 cell=(46,58) sc=50269 nodes=50001 r=-1
T3[t=416s] shard15 r0 #3 cell=(45,37) sc=50264 nodes=50001 r=-1
T3[t=416s] shard13 r0 #24 cell=(41,41) sc=50270 nodes=49260 r=0
T3[t=416s] shard4 r0 #20 cell=(215,41) sc=50270 nodes=33423 r=0
T3[t=417s] shard12 r0 #4 cell=(41,43) sc=50272 nodes=50001 r=-1
T3[t=418s] shard5 r0 #15 cell=(208,66) sc=50273 nodes=50001 r=-1
T3[t=418s] shard11 r0 #22 cell=(200,68) sc=50277 nodes=41425 r=0
T3[t=418s] shard7 r0 #17 cell=(183,77) sc=50277 nodes=50001 r=-1
T3[t=418s] shard3 r0 #0 cell=(188,82) sc=50270 nodes=50001 r=-1
T3[t=418s] shard10 r0 #20 cell=(31,65) sc=50255 nodes=50001 r=-1
T3[t=419s] shard9 r0 #0 cell=(200,56) sc=50269 nodes=35096 r=0
T3[t=420s] shard4 r0 #21 cell=(206,44) sc=50273 nodes=49425 r=0
T3[t=421s] shard0 r0 #2 cell=(71,37) sc=50267 nodes=50001 r=-1
T3[t=421s] shard13 r0 #25 cell=(31,45) sc=50269 nodes=50001 r=-1
T3[t=421s] shard12 r0 #5 cell=(218,46) sc=50253 nodes=46533 r=0
T3[t=421s] shard14 r0 #18 cell=(42,62) sc=50273 nodes=50001 r=-1
T3[t=422s] shard8 r0 #18 cell=(17,69) sc=50270 nodes=50001 r=-1
T3[t=422s] shard1 r0 #14 cell=(46,64) sc=50272 nodes=50001 r=-1
T3[t=423s] shard7 r0 #18 cell=(5,85) sc=50266 nodes=50001 r=-1
T3[t=423s] shard15 r0 #4 cell=(92,42) sc=50273 nodes=50001 r=-1
T3[t=424s] shard6 r0 #1 cell=(111,79) sc=50268 nodes=50001 r=-1
T3[t=424s] shard9 r0 #1 cell=(207,69) sc=50272 nodes=50001 r=-1
T3[t=425s] shard11 r0 #23 cell=(31,69) sc=50263 nodes=50001 r=-1
T3[t=425s] shard3 r0 #1 cell=(87,29) sc=50270 nodes=50001 r=-1
T3[t=425s] shard0 r0 #3 cell=(204,42) sc=50264 nodes=50001 r=-1
T3[t=426s] shard13 r0 #26 cell=(205,51) sc=50267 nodes=50001 r=-1
T3[t=426s] shard14 r0 #19 cell=(204,64) sc=50269 nodes=50001 r=-1
T3[t=426s] shard4 r0 #22 cell=(94,46) sc=50269 nodes=34623 r=0
T3[t=426s] shard12 r0 #6 cell=(212,48) sc=50271 nodes=50001 r=-1
T3[t=426s] shard8 r0 #19 cell=(199,69) sc=50268 nodes=50001 r=-1
T3[t=426s] shard7 r0 #19 cell=(25,99) sc=50267 nodes=39128 r=0
T3[t=427s] shard2 r0 #18 cell=(42,72) sc=50254 nodes=50001 r=-1
T3[t=428s] shard1 r0 #15 cell=(25,65) sc=50259 nodes=50001 r=-1
T3[t=429s] shard6 r0 #2 cell=(216,10) sc=50266 nodes=50001 r=-1
T3[t=429s] shard5 r0 #16 cell=(39,67) sc=50263 nodes=50001 r=-1
T3[t=430s] shard14 r0 #20 cell=(183,65) sc=50267 nodes=50001 r=-1
T3[t=430s] shard0 r0 #4 cell=(43,45) sc=50271 nodes=50001 r=-1
T3[t=430s] shard4 r0 #23 cell=(209,59) sc=50274 nodes=50001 r=-1
T3[t=430s] shard15 r0 #5 cell=(97,43) sc=50263 nodes=50001 r=-1
T3[t=430s] shard13 r0 #27 cell=(47,57) sc=50275 nodes=50001 r=-1
T3[t=430s] shard7 r0 #20 cell=(224,34) sc=50269 nodes=50001 r=-1
T3[t=431s] shard12 r0 #7 cell=(194,50) sc=50272 nodes=50001 r=-1
T3[t=431s] shard10 r0 #21 cell=(35,69) sc=50259 nodes=50001 r=-1
T3[t=431s] shard8 r0 #20 cell=(40,70) sc=50262 nodes=50001 r=-1
T3[t=432s] shard2 r0 #19 cell=(25,73) sc=50263 nodes=50001 r=-1
T3[t=432s] shard9 r0 #2 cell=(65,27) sc=50259 nodes=50001 r=-1
T3[t=432s] shard3 r0 #2 cell=(85,33) sc=50270 nodes=50001 r=-1
T3[t=432s] shard5 r0 #17 cell=(185,69) sc=50270 nodes=50001 r=-1
T3[t=433s] shard6 r0 #3 cell=(216,26) sc=50268 nodes=50001 r=-1
T3[t=435s] shard7 r0 #21 cell=(212,40) sc=50270 nodes=43805 r=0
T3[t=435s] shard1 r0 #16 cell=(31,67) sc=50265 nodes=50001 r=-1
T3[t=435s] shard15 r0 #6 cell=(30,44) sc=50276 nodes=50001 r=-1
T3[t=435s] shard0 r0 #5 cell=(31,47) sc=50272 nodes=50001 r=-1
T3[t=435s] shard8 r0 #21 cell=(202,72) sc=50272 nodes=50001 r=-1
T3[t=436s] shard12 r0 #8 cell=(192,52) sc=50269 nodes=50001 r=-1
T3[t=436s] shard13 r0 #28 cell=(13,59) sc=50268 nodes=50001 r=-1
T3[t=436s] shard6 r0 #4 cell=(14,30) sc=50264 nodes=50001 r=-1
T3[t=436s] shard9 r0 #3 cell=(200,34) sc=50257 nodes=50001 r=-1
T3[t=436s] shard3 r0 #3 cell=(204,40) sc=50270 nodes=50001 r=-1
T3[t=437s] shard11 r0 #24 cell=(44,70) sc=50261 nodes=50001 r=-1
T3[t=437s] shard5 r0 #18 cell=(36,70) sc=50264 nodes=50001 r=-1
T3[t=438s] shard2 r0 #20 cell=(112,78) sc=50269 nodes=50001 r=-1
T3[t=438s] shard4 r0 #24 cell=(17,63) sc=50268 nodes=50001 r=-1
T3[t=439s] shard13 r0 #29 cell=(215,93) sc=50261 nodes=34127 r=0
T3[t=439s] shard8 r0 #22 cell=(118,74) sc=50272 nodes=32870 r=0
T3[t=439s] shard0 r0 #6 cell=(192,54) sc=50270 nodes=50001 r=-1
T3[t=439s] shard10 r0 #22 cell=(44,72) sc=50252 nodes=50001 r=-1
T3[t=440s] shard15 r0 #7 cell=(219,45) sc=50268 nodes=50001 r=-1
T3[t=441s] shard9 r0 #4 cell=(205,35) sc=50267 nodes=50001 r=-1
T3[t=441s] shard5 r0 #19 cell=(196,72) sc=50270 nodes=50001 r=-1
T3[t=441s] shard7 r0 #22 cell=(40,42) sc=50270 nodes=49282 r=0
T3[t=441s] shard6 r0 #5 cell=(214,38) sc=50264 nodes=50001 r=-1
T3[t=441s] shard3 r0 #4 cell=(211,41) sc=50275 nodes=50001 r=-1
T3[t=441s] shard11 r0 #25 cell=(8,72) sc=50266 nodes=50001 r=-1
T3[t=442s] shard2 r0 #21 cell=(117,79) sc=50269 nodes=37786 r=0
T3[t=442s] shard12 r0 #9 cell=(29,55) sc=50272 nodes=50001 r=-1
T3[t=443s] shard10 r0 #23 cell=(216,92) sc=50269 nodes=42848 r=0
T3[t=443s] shard1 r0 #17 cell=(20,70) sc=50265 nodes=47334 r=0
T3[t=443s] shard14 r0 #21 cell=(17,67) sc=50264 nodes=50001 r=-1
T3[t=444s] shard8 r0 #23 cell=(6,76) sc=50268 nodes=45263 r=0
T3[t=444s] shard4 r0 #25 cell=(17,65) sc=50269 nodes=50001 r=-1
T3[t=444s] shard13 r0 #30 cell=(104,32) sc=50262 nodes=35173 r=0
T3[t=444s] shard15 r0 #8 cell=(25,47) sc=50271 nodes=50001 r=-1
T3[t=445s] shard7 r0 #23 cell=(200,46) sc=50271 nodes=50001 r=-1
T3[t=445s] shard9 r0 #5 cell=(33,43) sc=50268 nodes=50001 r=-1
T3[t=445s] shard6 r0 #6 cell=(213,43) sc=50272 nodes=34593 r=0
T3[t=445s] shard11 r0 #26 cell=(195,73) sc=50273 nodes=50001 r=-1
T3[t=446s] shard3 r0 #5 cell=(30,46) sc=50273 nodes=50001 r=-1
T3[t=446s] shard12 r0 #10 cell=(32,56) sc=50265 nodes=50001 r=-1
T3[t=447s] shard10 r0 #24 cell=(199,35) sc=50272 nodes=50001 r=-1
T3[t=447s] shard5 r0 #20 cell=(44,74) sc=50261 nodes=50001 r=-1
T3[t=447s] shard8 r0 #24 cell=(191,81) sc=50270 nodes=50001 r=-1
T3[t=447s] shard2 r0 #22 cell=(15,83) sc=50269 nodes=50001 r=-1
T3[t=447s] shard15 r0 #9 cell=(202,50) sc=50266 nodes=50001 r=-1
T3[t=447s] shard1 r0 #18 cell=(10,74) sc=50266 nodes=42088 r=0
T3[t=448s] shard0 r0 #7 cell=(51,55) sc=50267 nodes=50001 r=-1
T3[t=448s] shard9 r0 #6 cell=(206,46) sc=50270 nodes=33968 r=0
T3[t=449s] shard13 r0 #31 cell=(39,53) sc=50263 nodes=50001 r=-1
T3[t=450s] shard6 r0 #7 cell=(208,44) sc=50269 nodes=50001 r=-1
T3[t=450s] shard7 r0 #24 cell=(27,53) sc=50263 nodes=50001 r=-1
T3[t=450s] shard4 r0 #26 cell=(40,66) sc=50275 nodes=50001 r=-1
T3[t=450s] shard11 r0 #27 cell=(11,79) sc=50269 nodes=50001 r=-1
T3[t=451s] shard8 r0 #25 cell=(7,85) sc=50274 nodes=40123 r=0
T3[t=451s] shard5 r0 #21 cell=(195,75) sc=50275 nodes=50001 r=-1
T3[t=451s] shard2 r0 #23 cell=(4,88) sc=50259 nodes=39570 r=0
T3[t=451s] shard10 r0 #25 cell=(35,43) sc=50266 nodes=50001 r=-1
T3[t=452s] shard15 r0 #10 cell=(201,51) sc=50265 nodes=50001 r=-1
T3[t=452s] shard1 r0 #19 cell=(9,77) sc=50259 nodes=50001 r=-1
T3[t=452s] shard13 r0 #32 cell=(12,88) sc=50272 nodes=35233 r=0
T3[t=452s] shard3 r0 #6 cell=(35,47) sc=50271 nodes=49846 r=0
T3[t=452s] shard12 r0 #11 cell=(192,58) sc=50275 nodes=50001 r=-1
T3[t=453s] shard8 r0 #26 cell=(217,95) sc=50267 nodes=32249 r=0
T3[t=454s] shard0 r0 #8 cell=(30,58) sc=50266 nodes=50001 r=-1
T3[t=454s] shard11 r0 #28 cell=(16,80) sc=50269 nodes=40717 r=0
T3[t=455s] shard14 r0 #22 cell=(18,68) sc=50271 nodes=50001 r=-1
T3[t=455s] shard7 r0 #25 cell=(214,56) sc=50272 nodes=50001 r=-1
T3[t=455s] shard9 r0 #7 cell=(23,55) sc=50266 nodes=50001 r=-1
T3[t=455s] shard5 r0 #22 cell=(113,77) sc=50272 nodes=40473 r=0
T3[t=455s] shard2 r0 #24 cell=(109,93) sc=50266 nodes=40979 r=0
T3[t=455s] shard4 r0 #27 cell=(10,76) sc=50264 nodes=50001 r=-1
T3[t=455s] shard10 r0 #26 cell=(195,49) sc=50268 nodes=50001 r=-1
T3[t=457s] shard3 r0 #7 cell=(34,48) sc=50271 nodes=50001 r=-1
T3[t=457s] shard15 r0 #11 cell=(210,52) sc=50260 nodes=50001 r=-1
T3[t=457s] shard12 r0 #12 cell=(208,60) sc=50276 nodes=50001 r=-1
T3[t=458s] shard1 r0 #20 cell=(113,79) sc=50269 nodes=50001 r=-1
T3[t=458s] shard8 r0 #27 cell=(220,22) sc=50272 nodes=50001 r=-1
T3[t=458s] shard13 r0 #33 cell=(38,46) sc=50271 nodes=49069 r=0
T3[t=458s] shard0 r0 #9 cell=(208,58) sc=50264 nodes=50001 r=-1
T3[t=459s] shard2 r0 #25 cell=(214,98) sc=50266 nodes=38387 r=0
T3[t=459s] shard6 r0 #8 cell=(90,46) sc=50266 nodes=38829 r=0
T3[t=459s] shard11 r0 #29 cell=(2,86) sc=50274 nodes=50001 r=-1
T3[t=459s] shard9 r0 #8 cell=(197,57) sc=50263 nodes=50001 r=-1
T3[t=459s] shard4 r0 #28 cell=(207,87) sc=50272 nodes=50001 r=-1
T3[t=459s] shard10 r0 #27 cell=(197,55) sc=50268 nodes=50001 r=-1
T3[t=461s] shard15 r0 #12 cell=(195,53) sc=50266 nodes=50001 r=-1
T3[t=461s] shard1 r0 #21 cell=(211,87) sc=50274 nodes=37701 r=0
T3[t=461s] shard5 r0 #23 cell=(191,79) sc=50267 nodes=50001 r=-1
T3[t=462s] shard2 r0 #26 cell=(32,102) sc=50273 nodes=35603 r=0
T3[t=463s] shard14 r0 #23 cell=(43,69) sc=50251 nodes=50001 r=-1
T3[t=463s] shard7 r0 #26 cell=(14,60) sc=50272 nodes=50001 r=-1
T3[t=463s] shard11 r0 #30 cell=(213,99) sc=50271 nodes=43352 r=0
T3[t=463s] shard8 r0 #28 cell=(20,60) sc=50267 nodes=50001 r=-1
T3[t=463s] shard13 r0 #34 cell=(47,60) sc=50269 nodes=50001 r=-1
T3[t=463s] shard4 r0 #29 cell=(204,34) sc=50267 nodes=50001 r=-1
T3[t=464s] shard3 r0 #8 cell=(29,49) sc=50274 nodes=50001 r=-1
T3[t=465s] shard9 r0 #9 cell=(17,59) sc=50261 nodes=50001 r=-1
T3[t=465s] shard10 r0 #28 cell=(24,58) sc=50275 nodes=50001 r=-1
T3[t=465s] shard5 r0 #24 cell=(8,84) sc=50276 nodes=42881 r=0
T3[t=465s] shard1 r0 #22 cell=(1,93) sc=50275 nodes=42518 r=0
T3[t=465s] shard0 r0 #10 cell=(35,59) sc=50273 nodes=50001 r=-1
T3[t=465s] shard13 r0 #35 cell=(202,77) sc=50266 nodes=32804 r=0
T3[t=466s] shard7 r0 #27 cell=(209,67) sc=50267 nodes=32002 r=0
T3[t=466s] shard2 r0 #27 cell=(201,33) sc=50270 nodes=50001 r=-1
T3[t=467s] shard6 r0 #9 cell=(90,48) sc=50266 nodes=50001 r=-1
T3[t=467s] shard11 r0 #31 cell=(221,23) sc=50262 nodes=50001 r=-1
T3[t=468s] shard15 r0 #13 cell=(19,57) sc=50265 nodes=50001 r=-1
T3[t=468s] shard14 r0 #24 cell=(9,73) sc=50266 nodes=50001 r=-1
T3[t=468s] shard3 r0 #9 cell=(212,50) sc=50264 nodes=50001 r=-1
T3[t=469s] shard9 r0 #10 cell=(193,59) sc=50265 nodes=50001 r=-1
T3[t=469s] shard5 r0 #25 cell=(216,94) sc=50273 nodes=48307 r=0
T3[t=469s] shard1 r0 #23 cell=(26,98) sc=50261 nodes=44052 r=0
T3[t=469s] shard12 r0 #13 cell=(241,61) sc=50266 nodes=37663 r=0
T3[t=469s] shard10 r0 #29 cell=(6,70) sc=50268 nodes=47050 r=0
T3[t=470s] shard7 r0 #28 cell=(203,71) sc=50264 nodes=50001 r=-1
T3[t=470s] shard13 r0 #36 cell=(225,34) sc=50270 nodes=50001 r=-1
T3[t=470s] shard8 r0 #29 cell=(26,64) sc=50259 nodes=50001 r=-1
T3[t=471s] shard11 r0 #32 cell=(199,31) sc=50269 nodes=50001 r=-1
T3[t=471s] shard0 r0 #11 cell=(41,61) sc=50256 nodes=50001 r=-1
T3[t=472s] shard4 r0 #30 cell=(49,59) sc=50268 nodes=50001 r=-1
T3[t=472s] shard5 r0 #26 cell=(221,21) sc=50258 nodes=42683 r=0
T3[t=472s] shard6 r0 #10 cell=(23,51) sc=50268 nodes=50001 r=-1
T3[t=473s] shard14 r0 #25 cell=(27,79) sc=50269 nodes=50001 r=-1
T3[t=473s] shard9 r0 #11 cell=(188,60) sc=50261 nodes=50001 r=-1
T3[t=473s] shard2 r0 #28 cell=(93,41) sc=50273 nodes=42591 r=0
T3[t=473s] shard10 r0 #30 cell=(22,80) sc=50269 nodes=36680 r=0
T3[t=473s] shard1 r0 #24 cell=(215,39) sc=50269 nodes=50001 r=-1
T3[t=473s] shard7 r0 #29 cell=(6,74) sc=50270 nodes=34868 r=0
T3[t=475s] shard12 r0 #14 cell=(44,62) sc=50271 nodes=50001 r=-1
T3[t=475s] shard3 r0 #10 cell=(22,52) sc=50268 nodes=50001 r=-1
T3[t=475s] shard5 r0 #27 cell=(215,37) sc=50264 nodes=40273 r=0
T3[t=476s] shard14 r0 #26 cell=(16,78) sc=50269 nodes=33200 r=0
T3[t=476s] shard11 r0 #33 cell=(31,41) sc=50265 nodes=49060 r=0
T3[t=476s] shard13 r0 #37 cell=(92,43) sc=50263 nodes=50001 r=-1
T3[t=477s] shard4 r0 #31 cell=(51,61) sc=50271 nodes=50001 r=-1
T3[t=477s] shard2 r0 #29 cell=(217,43) sc=50273 nodes=44095 r=0
T3[t=477s] shard1 r0 #25 cell=(203,43) sc=50263 nodes=50001 r=-1
T3[t=477s] shard0 r0 #12 cell=(10,62) sc=50267 nodes=50001 r=-1
T3[t=477s] shard10 r0 #31 cell=(198,60) sc=50262 nodes=50001 r=-1
T3[t=478s] shard6 r0 #11 cell=(28,52) sc=50269 nodes=50001 r=-1
T3[t=478s] shard7 r0 #30 cell=(200,76) sc=50263 nodes=50001 r=-1
T3[t=479s] shard9 r0 #12 cell=(27,61) sc=50266 nodes=50001 r=-1
T3[t=479s] shard8 r0 #30 cell=(27,65) sc=50259 nodes=50001 r=-1
T3[t=480s] shard15 r0 #14 cell=(241,59) sc=50267 nodes=50001 r=-1
T3[t=480s] shard5 r0 #28 cell=(28,50) sc=50274 nodes=50001 r=-1
T3[t=480s] shard11 r0 #34 cell=(202,42) sc=50266 nodes=50001 r=-1
T3[t=480s] shard14 r0 #27 cell=(104,88) sc=50269 nodes=40960 r=0
T3[t=480s] shard13 r0 #38 cell=(213,48) sc=50270 nodes=41040 r=0
T3[t=480s] shard3 r0 #11 cell=(193,55) sc=50263 nodes=49599 r=0
T3[t=480s] shard12 r0 #15 cell=(33,63) sc=50265 nodes=50001 r=-1
T3[t=481s] shard7 r0 #31 cell=(190,82) sc=50273 nodes=40095 r=0
T3[t=481s] shard10 r0 #32 cell=(206,72) sc=50274 nodes=50001 r=-1
T3[t=481s] shard4 r0 #32 cell=(102,90) sc=50274 nodes=41016 r=0
T3[t=481s] shard1 r0 #26 cell=(22,50) sc=50270 nodes=50001 r=-1
T3[t=484s] shard13 r0 #39 cell=(197,50) sc=50265 nodes=37656 r=0
T3[t=484s] shard6 r0 #12 cell=(33,53) sc=50261 nodes=49634 r=0
T3[t=484s] shard14 r0 #28 cell=(202,46) sc=50262 nodes=50001 r=-1
T3[t=484s] shard8 r0 #31 cell=(52,66) sc=50271 nodes=50001 r=-1
T3[t=484s] shard1 r0 #27 cell=(190,52) sc=50269 nodes=34100 r=0
T3[t=485s] shard5 r0 #29 cell=(21,53) sc=50268 nodes=50001 r=-1
T3[t=485s] shard11 r0 #35 cell=(29,45) sc=50271 nodes=50001 r=-1
T3[t=486s] shard10 r0 #33 cell=(6,62) sc=50265 nodes=47077 r=0
T3[t=486s] shard0 r0 #13 cell=(43,63) sc=50250 nodes=50001 r=-1
T3[t=486s] shard4 r0 #33 cell=(31,53) sc=50269 nodes=48876 r=0
T3[t=487s] shard15 r0 #15 cell=(37,61) sc=50267 nodes=50001 r=-1
T3[t=488s] shard12 r0 #16 cell=(40,64) sc=50267 nodes=50001 r=-1
T3[t=488s] shard2 r0 #30 cell=(35,67) sc=50267 nodes=50001 r=-1
T3[t=489s] shard13 r0 #40 cell=(192,53) sc=50264 nodes=50001 r=-1
T3[t=489s] shard10 r0 #34 cell=(223,23) sc=50260 nodes=33946 r=0
T3[t=489s] shard1 r0 #28 cell=(199,57) sc=50264 nodes=50001 r=-1
T3[t=489s] shard9 r0 #13 cell=(34,62) sc=50272 nodes=50001 r=-1
T3[t=490s] shard11 r0 #36 cell=(199,47) sc=50264 nodes=50001 r=-1
T3[t=490s] shard8 r0 #32 cell=(8,74) sc=50265 nodes=50001 r=-1
T3[t=490s] shard3 r0 #12 cell=(43,57) sc=50269 nodes=50001 r=-1
T3[t=490s] shard7 r0 #32 cell=(49,55) sc=50271 nodes=50001 r=-1
T3[t=490s] shard6 r0 #13 cell=(213,55) sc=50273 nodes=50001 r=-1
T3[t=490s] shard4 r0 #34 cell=(209,13) sc=50266 nodes=42440 r=0
T3[t=491s] shard14 r0 #29 cell=(107,32) sc=50261 nodes=50001 r=-1
T3[t=492s] shard0 r0 #14 cell=(199,65) sc=50262 nodes=50001 r=-1
T3[t=493s] shard11 r0 #37 cell=(203,51) sc=50268 nodes=32740 r=0
T3[t=494s] shard1 r0 #29 cell=(185,59) sc=50271 nodes=50001 r=-1
T3[t=494s] shard5 r0 #30 cell=(50,56) sc=50271 nodes=50001 r=-1
T3[t=494s] shard2 r0 #31 cell=(45,73) sc=50264 nodes=48751 r=0
T3[t=494s] shard13 r0 #41 cell=(105,54) sc=50269 nodes=39426 r=0
T3[t=495s] shard10 r0 #35 cell=(32,61) sc=50270 nodes=50001 r=-1
T3[t=495s] shard15 r0 #16 cell=(44,64) sc=50277 nodes=50001 r=-1
T3[t=496s] shard7 r0 #33 cell=(47,69) sc=50254 nodes=50001 r=-1
T3[t=496s] shard14 r0 #30 cell=(200,51) sc=50259 nodes=43967 r=0
T3[t=496s] shard8 r0 #33 cell=(11,77) sc=50270 nodes=50001 r=-1
T3[t=498s] shard11 r0 #38 cell=(191,53) sc=50262 nodes=39362 r=0
T3[t=498s] shard3 r0 #13 cell=(34,58) sc=50265 nodes=50001 r=-1
T3[t=498s] shard2 r0 #32 cell=(26,80) sc=50265 nodes=38611 r=0
T3[t=498s] shard4 r0 #35 cell=(37,73) sc=50268 nodes=50001 r=-1
T3[t=499s] shard12 r0 #17 cell=(12,66) sc=50272 nodes=50001 r=-1
T3[t=500s] shard0 r0 #15 cell=(28,66) sc=50269 nodes=50001 r=-1
T3[t=500s] shard14 r0 #31 cell=(222,23) sc=50272 nodes=35412 r=0
T3[t=500s] shard6 r0 #14 cell=(51,59) sc=50269 nodes=50001 r=-1
T3[t=500s] shard7 r0 #34 cell=(12,74) sc=50266 nodes=33127 r=0
T3[t=500s] shard9 r0 #14 cell=(29,63) sc=50271 nodes=50001 r=-1
T3[t=500s] shard13 r0 #42 cell=(32,55) sc=50263 nodes=50001 r=-1
T3[t=501s] shard10 r0 #36 cell=(215,16) sc=50274 nodes=50001 r=-1
T3[t=502s] shard15 r0 #17 cell=(197,65) sc=50262 nodes=50001 r=-1
T3[t=502s] shard8 r0 #34 cell=(104,90) sc=50270 nodes=50001 r=-1
T3[t=503s] shard4 r0 #36 cell=(201,73) sc=50271 nodes=50001 r=-1
T3[t=503s] shard11 r0 #39 cell=(41,57) sc=50254 nodes=50001 r=-1
T3[t=504s] shard5 r0 #31 cell=(12,60) sc=50268 nodes=49850 r=0
T3[t=505s] shard10 r0 #37 cell=(205,34) sc=50267 nodes=41957 r=0
T3[t=505s] shard2 r0 #33 cell=(1,87) sc=50273 nodes=50001 r=-1
T3[t=505s] shard3 r0 #14 cell=(41,59) sc=50269 nodes=50001 r=-1
T3[t=506s] shard14 r0 #32 cell=(21,28) sc=50267 nodes=50001 r=-1
T3[t=506s] shard13 r0 #43 cell=(33,56) sc=50264 nodes=50001 r=-1
T3[t=506s] shard15 r0 #18 cell=(196,66) sc=50268 nodes=50001 r=-1
T3[t=507s] shard7 r0 #35 cell=(39,65) sc=50266 nodes=50001 r=-1
T3[t=507s] shard9 r0 #15 cell=(43,65) sc=50269 nodes=50001 r=-1
T3[t=508s] shard6 r0 #15 cell=(19,61) sc=50269 nodes=50001 r=-1
T3[t=508s] shard8 r0 #35 cell=(18,58) sc=50260 nodes=50001 r=-1
T3[t=508s] shard0 r0 #16 cell=(41,69) sc=50253 nodes=50001 r=-1
T3[t=509s] shard5 r0 #32 cell=(201,67) sc=50266 nodes=50001 r=-1
T3[t=509s] shard12 r0 #18 cell=(15,67) sc=50259 nodes=50001 r=-1
T3[t=510s] shard10 r0 #38 cell=(200,39) sc=50270 nodes=50001 r=-1
T3[t=510s] shard2 r0 #34 cell=(45,57) sc=50271 nodes=50001 r=-1
T3[t=511s] shard13 r0 #44 cell=(193,58) sc=50268 nodes=50001 r=-1
T3[t=512s] shard14 r0 #33 cell=(9,36) sc=50268 nodes=50001 r=-1
T3[t=512s] shard1 r0 #30 cell=(18,66) sc=50258 nodes=50001 r=-1
T3[t=512s] shard3 r0 #15 cell=(203,65) sc=50271 nodes=50001 r=-1
T3[t=512s] shard8 r0 #36 cell=(191,63) sc=50268 nodes=50001 r=-1
T3[t=513s] shard6 r0 #16 cell=(195,61) sc=50274 nodes=50001 r=-1
T3[t=513s] shard11 r0 #40 cell=(45,65) sc=50264 nodes=50001 r=-1
T3[t=514s] shard0 r0 #17 cell=(192,70) sc=50272 nodes=38204 r=0
T3[t=514s] shard7 r0 #36 cell=(18,71) sc=50266 nodes=50001 r=-1
T3[t=514s] shard12 r0 #19 cell=(199,67) sc=50268 nodes=50001 r=-1
T3[t=515s] shard10 r0 #39 cell=(34,43) sc=50269 nodes=49245 r=0
T3[t=516s] shard2 r0 #35 cell=(45,61) sc=50269 nodes=50001 r=-1
T3[t=517s] shard13 r0 #45 cell=(28,59) sc=50274 nodes=48941 r=0
T3[t=517s] shard8 r0 #37 cell=(105,85) sc=50271 nodes=40939 r=0
T3[t=517s] shard14 r0 #34 cell=(28,37) sc=50264 nodes=50001 r=-1
T3[t=517s] shard4 r0 #37 cell=(39,63) sc=50275 nodes=50001 r=-1
T3[t=518s] shard7 r0 #37 cell=(219,38) sc=50266 nodes=36483 r=0
T3[t=518s] shard5 r0 #33 cell=(52,68) sc=50269 nodes=50001 r=-1
T3[t=518s] shard15 r0 #19 cell=(29,67) sc=50276 nodes=50001 r=-1
T3[t=519s] shard9 r0 #16 cell=(8,66) sc=50273 nodes=50001 r=-1
T3[t=519s] shard6 r0 #17 cell=(210,66) sc=50274 nodes=50001 r=-1
T3[t=520s] shard3 r0 #16 cell=(32,66) sc=50261 nodes=50001 r=-1
T3[t=520s] shard0 r0 #18 cell=(7,77) sc=50277 nodes=50001 r=-1
T3[t=520s] shard11 r0 #41 cell=(122,74) sc=50266 nodes=50001 r=-1
T3[t=521s] shard10 r0 #40 cell=(101,50) sc=50266 nodes=39017 r=0
T3[t=521s] shard1 r0 #31 cell=(34,68) sc=50262 nodes=50001 r=-1
T3[t=522s] shard8 r0 #38 cell=(207,71) sc=50262 nodes=50001 r=-1
T3[t=522s] shard13 r0 #46 cell=(45,62) sc=50272 nodes=50001 r=-1
T3[t=522s] shard2 r0 #36 cell=(13,69) sc=50267 nodes=50001 r=-1
T3[t=523s] shard5 r0 #34 cell=(204,70) sc=50259 nodes=50001 r=-1
T3[t=523s] shard14 r0 #35 cell=(27,40) sc=50265 nodes=50001 r=-1
T3[t=524s] shard7 r0 #38 cell=(197,76) sc=50268 nodes=45654 r=0
T3[t=524s] shard0 r0 #19 cell=(190,80) sc=50277 nodes=50001 r=-1
T3[t=524s] shard6 r0 #18 cell=(16,68) sc=50272 nodes=34098 r=0
T3[t=524s] shard4 r0 #38 cell=(38,71) sc=50268 nodes=50001 r=-1
T3[t=525s] shard8 r0 #39 cell=(209,23) sc=50271 nodes=33920 r=0
T3[t=525s] shard11 r0 #42 cell=(6,84) sc=50274 nodes=50001 r=-1
T3[t=526s] shard15 r0 #20 cell=(42,68) sc=50273 nodes=50001 r=-1
T3[t=526s] shard5 r0 #35 cell=(218,34) sc=50264 nodes=35343 r=0
T3[t=526s] shard1 r0 #32 cell=(193,79) sc=50275 nodes=50001 r=-1
T3[t=526s] shard9 r0 #17 cell=(46,66) sc=50273 nodes=49376 r=0
T3[t=526s] shard3 r0 #17 cell=(202,66) sc=50278 nodes=50001 r=-1
T3[t=526s] shard10 r0 #41 cell=(28,51) sc=50277 nodes=49032 r=0
T3[t=528s] shard12 r0 #20 cell=(32,68) sc=50261 nodes=50001 r=-1
T3[t=528s] shard13 r0 #47 cell=(34,63) sc=50266 nodes=50001 r=-1
T3[t=528s] shard2 r0 #37 cell=(39,73) sc=50270 nodes=50001 r=-1
T3[t=528s] shard7 r0 #39 cell=(205,66) sc=50268 nodes=50001 r=-1
T3[t=529s] shard5 r0 #36 cell=(213,37) sc=50269 nodes=36749 r=0
T3[t=529s] shard1 r0 #33 cell=(218,96) sc=50269 nodes=39799 r=0
T3[t=529s] shard0 r0 #20 cell=(204,92) sc=50266 nodes=50001 r=-1
T3[t=530s] shard14 r0 #36 cell=(96,43) sc=50278 nodes=50001 r=-1
T3[t=530s] shard4 r0 #39 cell=(38,67) sc=50270 nodes=48523 r=0
T3[t=530s] shard11 r0 #43 cell=(201,49) sc=50267 nodes=50001 r=-1
T3[t=530s] shard8 r0 #40 cell=(207,42) sc=50274 nodes=50001 r=-1
T3[t=532s] shard10 r0 #42 cell=(37,52) sc=50276 nodes=50001 r=-1
T3[t=533s] shard12 r0 #21 cell=(197,73) sc=50272 nodes=39172 r=0
T3[t=533s] shard13 r0 #48 cell=(41,64) sc=50270 nodes=50001 r=-1
T3[t=533s] shard2 r0 #38 cell=(30,54) sc=50262 nodes=50001 r=-1
T3[t=534s] shard15 r0 #21 cell=(10,70) sc=50268 nodes=50001 r=-1
T3[t=534s] shard6 r0 #19 cell=(9,69) sc=50267 nodes=50001 r=-1
T3[t=534s] shard1 r0 #34 cell=(199,33) sc=50259 nodes=50001 r=-1
T3[t=534s] shard7 r0 #40 cell=(15,30) sc=50268 nodes=50001 r=-1
T3[t=535s] shard5 r0 #37 cell=(30,48) sc=50274 nodes=49036 r=0
T3[t=535s] shard14 r0 #37 cell=(29,44) sc=50272 nodes=50001 r=-1
T3[t=535s] shard4 r0 #40 cell=(10,83) sc=50274 nodes=50001 r=-1
T3[t=536s] shard8 r0 #41 cell=(199,30) sc=50270 nodes=50001 r=-1
T3[t=536s] shard11 r0 #44 cell=(23,53) sc=50269 nodes=50001 r=-1
T3[t=536s] shard0 r0 #21 cell=(103,97) sc=50263 nodes=50001 r=-1
T3[t=537s] shard3 r0 #18 cell=(8,68) sc=50265 nodes=50001 r=-1
T3[t=537s] shard13 r0 #49 cell=(15,66) sc=50260 nodes=33319 r=0
T3[t=537s] shard9 r0 #18 cell=(9,67) sc=50268 nodes=50001 r=-1
T3[t=537s] shard12 r0 #22 cell=(223,91) sc=50272 nodes=50001 r=-1
T3[t=538s] shard10 r0 #43 cell=(102,53) sc=50265 nodes=41105 r=0
T3[t=539s] shard15 r0 #22 cell=(186,70) sc=50274 nodes=50001 r=-1
T3[t=539s] shard7 r0 #41 cell=(85,34) sc=50269 nodes=32646 r=0
T3[t=540s] shard1 r0 #35 cell=(29,51) sc=50271 nodes=50001 r=-1
T3[t=540s] shard5 r0 #38 cell=(206,54) sc=50265 nodes=48450 r=0
T3[t=541s] shard14 r0 #38 cell=(32,45) sc=50268 nodes=50001 r=-1
T3[t=541s] shard8 r0 #42 cell=(200,35) sc=50267 nodes=50001 r=-1
T3[t=542s] shard6 r0 #20 cell=(38,70) sc=50269 nodes=50001 r=-1
T3[t=542s] shard0 r0 #22 cell=(218,12) sc=50273 nodes=50001 r=-1
T3[t=542s] shard4 r0 #41 cell=(21,54) sc=50263 nodes=50001 r=-1
T3[t=542s] shard11 r0 #45 cell=(28,58) sc=50275 nodes=50001 r=-1
T3[t=542s] shard12 r0 #23 cell=(220,96) sc=50267 nodes=50001 r=-1
T3[t=543s] shard13 r0 #50 cell=(24,67) sc=50271 nodes=50001 r=-1
T3[t=544s] shard10 r0 #44 cell=(51,54) sc=50278 nodes=50001 r=-1
T3[t=544s] shard3 r0 #19 cell=(34,70) sc=50267 nodes=50001 r=-1
T3[t=544s] shard7 r0 #42 cell=(88,35) sc=50268 nodes=34523 r=0
T3[t=545s] shard9 r0 #19 cell=(24,68) sc=50269 nodes=50001 r=-1
T3[t=545s] shard15 r0 #23 cell=(22,72) sc=50267 nodes=50001 r=-1
T3[t=546s] shard1 r0 #36 cell=(39,59) sc=50268 nodes=50001 r=-1
T3[t=546s] shard11 r0 #46 cell=(14,70) sc=50259 nodes=32934 r=0
T3[t=546s] shard5 r0 #39 cell=(47,63) sc=50271 nodes=50001 r=-1
T3[t=547s] shard14 r0 #39 cell=(24,47) sc=50272 nodes=50001 r=-1
T3[t=547s] shard6 r0 #21 cell=(13,71) sc=50258 nodes=33780 r=0
T3[t=547s] shard4 r0 #42 cell=(199,54) sc=50270 nodes=50001 r=-1
T3[t=547s] shard8 r0 #43 cell=(21,42) sc=50264 nodes=50001 r=-1
T3[t=548s] shard3 r0 #20 cell=(189,71) sc=50270 nodes=50001 r=-1
T3[t=548s] shard7 r0 #43 cell=(215,36) sc=50254 nodes=32247 r=0
T3[t=549s] shard0 r0 #23 cell=(86,26) sc=50277 nodes=50001 r=-1
T3[t=549s] shard2 r0 #39 cell=(35,65) sc=50269 nodes=50001 r=-1
T3[t=550s] shard9 r0 #20 cell=(190,68) sc=50268 nodes=50001 r=-1
T3[t=550s] shard10 r0 #45 cell=(24,55) sc=50274 nodes=49142 r=0
T3[t=550s] shard11 r0 #47 cell=(204,74) sc=50260 nodes=50001 r=-1
T3[t=550s] shard5 r0 #40 cell=(2,92) sc=50260 nodes=42485 r=0
T3[t=552s] shard15 r0 #24 cell=(17,73) sc=50266 nodes=50001 r=-1
T3[t=553s] shard8 r0 #44 cell=(32,43) sc=50267 nodes=50001 r=-1
T3[t=553s] shard13 r0 #51 cell=(200,67) sc=50269 nodes=50001 r=-1
T3[t=553s] shard12 r0 #24 cell=(122,156) sc=50267 nodes=34304 r=0
T3[t=553s] shard4 r0 #43 cell=(25,26) sc=50261 nodes=50001 r=-1
T3[t=553s] shard7 r0 #44 cell=(215,40) sc=50264 nodes=50001 r=-1
T3[t=554s] shard6 r0 #22 cell=(116,74) sc=50274 nodes=50001 r=-1
T3[t=554s] shard3 r0 #21 cell=(13,77) sc=50268 nodes=50001 r=-1
T3[t=554s] shard14 r0 #40 cell=(201,50) sc=50266 nodes=33245 r=0
T3[t=555s] shard1 r0 #37 cell=(29,61) sc=50275 nodes=50001 r=-1
T3[t=555s] shard2 r0 #40 cell=(103,44) sc=50261 nodes=39804 r=0
T3[t=555s] shard11 r0 #48 cell=(3,87) sc=50267 nodes=41961 r=0
T3[t=555s] shard10 r0 #46 cell=(208,57) sc=50257 nodes=50001 r=-1
T3[t=556s] shard5 r0 #41 cell=(30,52) sc=50268 nodes=48878 r=0
T3[t=557s] shard4 r0 #44 cell=(218,29) sc=50261 nodes=36292 r=0
T3[t=558s] shard15 r0 #25 cell=(24,78) sc=50271 nodes=41607 r=0
T3[t=558s] shard13 r0 #52 cell=(202,73) sc=50270 nodes=50001 r=-1
T3[t=558s] shard0 r0 #24 cell=(89,41) sc=50266 nodes=50001 r=-1
T3[t=558s] shard9 r0 #21 cell=(42,70) sc=50260 nodes=50001 r=-1
T3[t=559s] shard6 r0 #23 cell=(201,75) sc=50260 nodes=50001 r=-1
T3[t=559s] shard7 r0 #45 cell=(106,45) sc=50267 nodes=41197 r=0
T3[t=559s] shard3 r0 #22 cell=(189,79) sc=50271 nodes=41380 r=0
T3[t=559s] shard14 r0 #41 cell=(195,52) sc=50279 nodes=50001 r=-1
T3[t=560s] shard12 r0 #25 cell=(24,24) sc=50271 nodes=50001 r=-1
T3[t=560s] shard2 r0 #41 cell=(216,25) sc=50267 nodes=50001 r=-1
T3[t=560s] shard10 r0 #47 cell=(187,58) sc=50262 nodes=50001 r=-1
T3[t=561s] shard8 r0 #45 cell=(201,46) sc=50261 nodes=39492 r=0
T3[t=561s] shard11 r0 #49 cell=(38,64) sc=50264 nodes=50001 r=-1
T3[t=562s] shard4 r0 #45 cell=(82,35) sc=50270 nodes=32644 r=0
T3[t=563s] shard13 r0 #53 cell=(205,74) sc=50263 nodes=50001 r=-1
T3[t=563s] shard15 r0 #26 cell=(25,79) sc=50266 nodes=50001 r=-1
T3[t=564s] shard5 r0 #42 cell=(48,66) sc=50269 nodes=50001 r=-1
T3[t=564s] shard3 r0 #23 cell=(208,80) sc=50272 nodes=50001 r=-1
T3[t=565s] shard14 r0 #42 cell=(194,53) sc=50265 nodes=50001 r=-1
T3[t=565s] shard0 r0 #25 cell=(11,61) sc=50267 nodes=50001 r=-1
T3[t=565s] shard7 r0 #46 cell=(24,51) sc=50277 nodes=50001 r=-1
T3[t=565s] shard6 r0 #24 cell=(24,84) sc=50264 nodes=50001 r=-1
T3[t=565s] shard9 r0 #22 cell=(29,71) sc=50267 nodes=50001 r=-1
T3[t=565s] shard12 r0 #26 cell=(200,32) sc=50275 nodes=50001 r=-1
T3[t=566s] shard10 r0 #48 cell=(20,59) sc=50270 nodes=50001 r=-1
T3[t=566s] shard2 r0 #42 cell=(18,29) sc=50263 nodes=50001 r=-1
T3[t=566s] shard4 r0 #46 cell=(211,36) sc=50269 nodes=43790 r=0
T3[t=567s] shard11 r0 #50 cell=(21,72) sc=50260 nodes=47186 r=0
T3[t=567s] shard13 r0 #54 cell=(119,76) sc=50265 nodes=34617 r=0
T3[t=567s] shard8 r0 #46 cell=(106,47) sc=50277 nodes=50001 r=-1
T3[t=568s] shard5 r0 #43 cell=(216,9) sc=50275 nodes=37194 r=0
T3[t=569s] shard15 r0 #27 cell=(203,87) sc=50266 nodes=50001 r=-1
T3[t=569s] shard3 r0 #24 cell=(207,21) sc=50279 nodes=50001 r=-1
T3[t=570s] shard2 r0 #43 cell=(198,37) sc=50270 nodes=41391 r=0
T3[t=570s] shard12 r0 #27 cell=(87,35) sc=50265 nodes=50001 r=-1
T3[t=570s] shard14 r0 #43 cell=(34,55) sc=50278 nodes=48797 r=0
T3[t=571s] shard7 r0 #47 cell=(33,52) sc=50262 nodes=48873 r=0
T3[t=571s] shard10 r0 #49 cell=(200,59) sc=50264 nodes=50001 r=-1
T3[t=571s] shard9 r0 #23 cell=(205,71) sc=50262 nodes=50001 r=-1
T3[t=572s] shard11 r0 #51 cell=(9,78) sc=50272 nodes=50001 r=-1
T3[t=572s] shard4 r0 #47 cell=(15,38) sc=50270 nodes=50001 r=-1
T3[t=573s] shard13 r0 #55 cell=(22,79) sc=50272 nodes=47543 r=0
T3[t=573s] shard8 r0 #47 cell=(27,50) sc=50271 nodes=50001 r=-1
T3[t=574s] shard5 r0 #44 cell=(27,26) sc=50268 nodes=50001 r=-1
T3[t=574s] shard0 r0 #26 cell=(46,62) sc=50271 nodes=50001 r=-1
T3[t=574s] shard2 r0 #44 cell=(199,40) sc=50271 nodes=41373 r=0
T3[t=574s] shard3 r0 #25 cell=(203,41) sc=50263 nodes=50001 r=-1
T3[t=575s] shard1 r0 #38 cell=(15,65) sc=50259 nodes=50001 r=-1
T3[t=575s] shard6 r0 #25 cell=(105,89) sc=50270 nodes=50001 r=-1
T3[t=575s] shard9 r0 #24 cell=(193,73) sc=50275 nodes=50001 r=-1
T3[t=575s] shard15 r0 #28 cell=(110,92) sc=50265 nodes=50001 r=-1
T3[t=576s] shard14 r0 #44 cell=(18,57) sc=50264 nodes=50001 r=-1
T3[t=577s] shard7 r0 #48 cell=(36,53) sc=50261 nodes=50001 r=-1
T3[t=577s] shard10 r0 #50 cell=(30,63) sc=50270 nodes=50001 r=-1
T3[t=577s] shard4 r0 #48 cell=(212,41) sc=50267 nodes=45917 r=0
T3[t=577s] shard11 r0 #52 cell=(86,27) sc=50273 nodes=32647 r=0
T3[t=577s] shard12 r0 #28 cell=(7,39) sc=50254 nodes=50001 r=-1
T3[t=578s] shard13 r0 #56 cell=(37,80) sc=50255 nodes=50001 r=-1
T3[t=579s] shard15 r0 #29 cell=(233,173) sc=50266 nodes=35215 r=0
T3[t=579s] shard2 r0 #45 cell=(204,41) sc=50275 nodes=50001 r=-1
T3[t=579s] shard8 r0 #48 cell=(22,55) sc=50265 nodes=49096 r=0
T3[t=581s] shard5 r0 #45 cell=(84,35) sc=50268 nodes=50001 r=-1
T3[t=582s] shard6 r0 #26 cell=(6,38) sc=50273 nodes=50001 r=-1
T3[t=582s] shard3 r0 #26 cell=(24,50) sc=50277 nodes=50001 r=-1
T3[t=582s] shard4 r0 #49 cell=(203,44) sc=50262 nodes=50001 r=-1
T3[t=582s] shard7 r0 #49 cell=(192,57) sc=50267 nodes=50001 r=-1
T3[t=582s] shard14 r0 #45 cell=(23,58) sc=50267 nodes=50001 r=-1
T3[t=582s] shard10 r0 #51 cell=(37,64) sc=50263 nodes=50001 r=-1
T3[t=583s] shard12 r0 #29 cell=(218,48) sc=50276 nodes=46007 r=0
T3[t=583s] shard11 r0 #53 cell=(24,41) sc=50273 nodes=50001 r=-1
T3[t=583s] shard1 r0 #39 cell=(204,68) sc=50261 nodes=50001 r=-1
T3[t=584s] shard15 r0 #30 cell=(11,33) sc=50267 nodes=50001 r=-1
T3[t=584s] shard2 r0 #46 cell=(215,42) sc=50259 nodes=50001 r=-1
T3[t=584s] shard9 r0 #25 cell=(120,74) sc=50272 nodes=47610 r=0
T3[t=584s] shard13 r0 #57 cell=(2,87) sc=50267 nodes=50001 r=-1
T3[t=585s] shard8 r0 #49 cell=(25,56) sc=50273 nodes=50001 r=-1
T3[t=586s] shard5 r0 #46 cell=(17,38) sc=50268 nodes=50001 r=-1
T3[t=587s] shard3 r0 #27 cell=(204,52) sc=50270 nodes=35303 r=0
T3[t=587s] shard6 r0 #27 cell=(198,56) sc=50268 nodes=50001 r=-1
T3[t=587s] shard11 r0 #54 cell=(213,46) sc=50265 nodes=39415 r=0
T3[t=587s] shard10 r0 #52 cell=(46,65) sc=50263 nodes=50001 r=-1
T3[t=587s] shard0 r0 #27 cell=(242,64) sc=50260 nodes=46433 r=0
T3[t=587s] shard4 r0 #50 cell=(35,48) sc=50271 nodes=49062 r=0
T3[t=588s] shard7 r0 #50 cell=(49,58) sc=50279 nodes=50001 r=-1
T3[t=588s] shard14 r0 #46 cell=(36,61) sc=50266 nodes=50001 r=-1
T3[t=589s] shard12 r0 #30 cell=(203,53) sc=50270 nodes=43686 r=0
T3[t=589s] shard1 r0 #40 cell=(9,71) sc=50265 nodes=50001 r=-1
T3[t=590s] shard15 r0 #31 cell=(213,35) sc=50272 nodes=50001 r=-1
T3[t=590s] shard2 r0 #47 cell=(204,43) sc=50276 nodes=50001 r=-1
T3[t=590s] shard8 r0 #50 cell=(193,56) sc=50265 nodes=50001 r=-1
T3[t=590s] shard13 r0 #58 cell=(24,97) sc=50263 nodes=50001 r=-1
T3[t=591s] shard5 r0 #47 cell=(211,40) sc=50272 nodes=50001 r=-1
T3[t=591s] shard11 r0 #55 cell=(209,48) sc=50271 nodes=37439 r=0
T3[t=592s] shard10 r0 #53 cell=(12,67) sc=50264 nodes=33643 r=0
T3[t=593s] shard3 r0 #28 cell=(213,57) sc=50265 nodes=50001 r=-1
T3[t=593s] shard4 r0 #51 cell=(203,54) sc=50267 nodes=50001 r=-1
T3[t=593s] shard7 r0 #51 cell=(52,59) sc=50268 nodes=50001 r=-1
T3[t=593s] shard1 r0 #41 cell=(15,73) sc=50259 nodes=40312 r=0
T3[t=593s] shard14 r0 #47 cell=(47,62) sc=50271 nodes=50001 r=-1
T3[t=594s] shard9 r0 #26 cell=(8,76) sc=50263 nodes=50001 r=-1
T3[t=594s] shard12 r0 #31 cell=(194,60) sc=50266 nodes=50001 r=-1
T3[t=595s] shard15 r0 #32 cell=(207,45) sc=50272 nodes=50001 r=-1
T3[t=595s] shard0 r0 #28 cell=(25,67) sc=50261 nodes=50001 r=-1
T3[t=595s] shard11 r0 #56 cell=(191,52) sc=50276 nodes=39452 r=0
T3[t=596s] shard13 r0 #59 cell=(25,24) sc=50263 nodes=50001 r=-1
T3[t=596s] shard8 r0 #51 cell=(16,59) sc=50265 nodes=50001 r=-1
T3[t=596s] shard5 r0 #48 cell=(212,43) sc=50271 nodes=50001 r=-1
T3[t=596s] shard2 r0 #48 cell=(88,45) sc=50269 nodes=50001 r=-1
T3[t=596s] shard10 r0 #54 cell=(25,68) sc=50262 nodes=42521 r=0
T3[t=598s] shard1 r0 #42 cell=(8,82) sc=50275 nodes=42881 r=0
T3[t=598s] shard4 r0 #52 cell=(198,55) sc=50265 nodes=50001 r=-1
T3[t=598s] shard9 r0 #27 cell=(210,78) sc=50262 nodes=50001 r=-1
T3[t=598s] shard14 r0 #48 cell=(38,63) sc=50264 nodes=50001 r=-1
T3[t=600s] shard13 r0 #60 cell=(201,32) sc=50276 nodes=41969 r=0
T3[t=600s] shard7 r0 #52 cell=(109,60) sc=50272 nodes=50001 r=-1
T3[t=600s] shard3 r0 #29 cell=(23,61) sc=50266 nodes=50001 r=-1
T3[t=601s] shard15 r0 #33 cell=(28,54) sc=50263 nodes=50001 r=-1
T3[t=601s] shard0 r0 #29 cell=(23,27) sc=50265 nodes=50001 r=-1
T3[t=601s] shard11 r0 #57 cell=(104,53) sc=50268 nodes=38652 r=0
T3[t=601s] shard12 r0 #32 cell=(32,62) sc=50269 nodes=50001 r=-1
T3[t=602s] shard2 r0 #49 cell=(29,46) sc=50273 nodes=50001 r=-1
T3[t=602s] shard8 r0 #52 cell=(26,61) sc=50266 nodes=50001 r=-1
T3[t=602s] shard10 r0 #55 cell=(43,70) sc=50261 nodes=50001 r=-1
T3[t=602s] shard6 r0 #28 cell=(239,61) sc=50268 nodes=50001 r=-1
T3[t=603s] shard4 r0 #53 cell=(171,56) sc=50264 nodes=50001 r=-1
T3[t=603s] shard1 r0 #43 cell=(38,72) sc=50270 nodes=50001 r=-1
T3[t=604s] shard9 r0 #28 cell=(216,38) sc=50276 nodes=50001 r=-1
T3[t=605s] shard3 r0 #30 cell=(188,62) sc=50272 nodes=50001 r=-1
T3[t=605s] shard14 r0 #49 cell=(11,64) sc=50272 nodes=50001 r=-1
T3[t=605s] shard13 r0 #61 cell=(16,39) sc=50270 nodes=50001 r=-1
T3[t=606s] shard0 r0 #30 cell=(87,33) sc=50257 nodes=50001 r=-1
T3[t=606s] shard10 r0 #56 cell=(194,73) sc=50270 nodes=39577 r=0
T3[t=606s] shard7 r0 #53 cell=(24,61) sc=50265 nodes=50001 r=-1
T3[t=607s] shard11 r0 #58 cell=(53,54) sc=50271 nodes=50001 r=-1
T3[t=607s] shard5 r0 #49 cell=(205,44) sc=50265 nodes=47539 r=0
T3[t=608s] shard2 r0 #50 cell=(27,48) sc=50273 nodes=50001 r=-1
T3[t=608s] shard6 r0 #29 cell=(41,63) sc=50270 nodes=50001 r=-1
T3[t=608s] shard15 r0 #34 cell=(27,59) sc=50263 nodes=50001 r=-1
T3[t=608s] shard1 r0 #44 cell=(241,27) sc=50270 nodes=45217 r=0
T3[t=608s] shard8 r0 #53 cell=(28,63) sc=50269 nodes=50001 r=-1
T3[t=608s] shard4 r0 #54 cell=(48,57) sc=50267 nodes=50001 r=-1
T3[t=609s] shard9 r0 #29 cell=(218,44) sc=50271 nodes=50001 r=-1
T3[t=610s] shard14 r0 #50 cell=(196,65) sc=50269 nodes=50001 r=-1
T3[t=610s] shard0 r0 #31 cell=(198,50) sc=50266 nodes=50001 r=-1
T3[t=611s] shard13 r0 #62 cell=(217,42) sc=50258 nodes=50001 r=-1
T3[t=611s] shard7 r0 #54 cell=(196,61) sc=50273 nodes=50001 r=-1
T3[t=612s] shard12 r0 #33 cell=(10,68) sc=50263 nodes=50001 r=-1
T3[t=612s] shard10 r0 #57 cell=(7,78) sc=50272 nodes=50001 r=-1
T3[t=612s] shard11 r0 #59 cell=(31,56) sc=50266 nodes=50001 r=-1
T3[t=613s] shard5 r0 #50 cell=(96,45) sc=50265 nodes=37860 r=0
T3[t=614s] shard2 r0 #51 cell=(21,52) sc=50270 nodes=50001 r=-1
T3[t=614s] shard1 r0 #45 cell=(5,63) sc=50263 nodes=50001 r=-1
T3[t=614s] shard8 r0 #54 cell=(35,64) sc=50269 nodes=50001 r=-1
T3[t=614s] shard4 r0 #55 cell=(29,60) sc=50279 nodes=50001 r=-1
T3[t=614s] shard9 r0 #30 cell=(35,51) sc=50261 nodes=50001 r=-1
T3[t=614s] shard14 r0 #51 cell=(189,66) sc=50274 nodes=50001 r=-1
T3[t=616s] shard6 r0 #30 cell=(44,66) sc=50275 nodes=50001 r=-1
T3[t=616s] shard0 r0 #32 cell=(215,53) sc=50268 nodes=50001 r=-1
T3[t=616s] shard7 r0 #55 cell=(212,65) sc=50269 nodes=50001 r=-1
T3[t=617s] shard13 r0 #63 cell=(22,49) sc=50276 nodes=50001 r=-1
T3[t=618s] shard15 r0 #35 cell=(16,66) sc=50262 nodes=50001 r=-1
T3[t=618s] shard10 r0 #58 cell=(11,80) sc=50274 nodes=50001 r=-1
T3[t=618s] shard12 r0 #34 cell=(9,75) sc=50266 nodes=50001 r=-1
T3[t=618s] shard3 r0 #31 cell=(11,65) sc=50263 nodes=50001 r=-1
T3[t=618s] shard11 r0 #60 cell=(41,62) sc=50270 nodes=50001 r=-1
T3[t=618s] shard5 r0 #51 cell=(27,52) sc=50275 nodes=50001 r=-1
T3[t=619s] shard2 r0 #52 cell=(28,53) sc=50267 nodes=49030 r=0
T3[t=619s] shard14 r0 #52 cell=(26,67) sc=50270 nodes=42209 r=0
T3[t=620s] shard8 r0 #55 cell=(42,65) sc=50260 nodes=50001 r=-1
T3[t=620s] shard4 r0 #56 cell=(16,61) sc=50272 nodes=50001 r=-1
T3[t=621s] shard6 r0 #31 cell=(6,82) sc=50272 nodes=32598 r=0
T3[t=621s] shard13 r0 #64 cell=(204,53) sc=50262 nodes=35621 r=0
T3[t=622s] shard7 r0 #56 cell=(41,66) sc=50276 nodes=50001 r=-1
T3[t=622s] shard9 r0 #31 cell=(35,57) sc=50259 nodes=50001 r=-1
T3[t=622s] shard1 r0 #46 cell=(100,40) sc=50270 nodes=43940 r=0
T3[t=622s] shard12 r0 #35 cell=(192,78) sc=50269 nodes=50001 r=-1
T3[t=623s] shard10 r0 #59 cell=(7,82) sc=50273 nodes=50001 r=-1
T3[t=624s] shard11 r0 #61 cell=(32,63) sc=50268 nodes=50001 r=-1
T3[t=624s] shard15 r0 #36 cell=(23,73) sc=50268 nodes=50001 r=-1
T3[t=624s] shard5 r0 #52 cell=(32,53) sc=50264 nodes=50001 r=-1
T3[t=625s] shard2 r0 #53 cell=(49,56) sc=50267 nodes=50001 r=-1
T3[t=625s] shard14 r0 #53 cell=(41,68) sc=50274 nodes=50001 r=-1
T3[t=625s] shard4 r0 #57 cell=(184,63) sc=50263 nodes=50001 r=-1
T3[t=625s] shard6 r0 #32 cell=(219,97) sc=50271 nodes=50001 r=-1
T3[t=626s] shard3 r0 #32 cell=(37,67) sc=50265 nodes=50001 r=-1
T3[t=626s] shard13 r0 #65 cell=(195,60) sc=50265 nodes=50001 r=-1
T3[t=626s] shard8 r0 #56 cell=(8,67) sc=50260 nodes=50001 r=-1
T3[t=627s] shard9 r0 #32 cell=(200,58) sc=50265 nodes=50001 r=-1
T3[t=628s] shard7 r0 #57 cell=(4,67) sc=50275 nodes=50001 r=-1
T3[t=628s] shard1 r0 #47 cell=(14,29) sc=50265 nodes=50001 r=-1
T3[t=628s] shard12 r0 #36 cell=(207,93) sc=50268 nodes=50001 r=-1
T3[t=629s] shard10 r0 #60 cell=(218,85) sc=50273 nodes=34169 r=0
T3[t=629s] shard5 r0 #53 cell=(213,54) sc=50268 nodes=39637 r=0
T3[t=629s] shard0 r0 #33 cell=(13,65) sc=50272 nodes=50001 r=-1
T3[t=629s] shard11 r0 #62 cell=(48,65) sc=50270 nodes=48553 r=0
T3[t=630s] shard15 r0 #37 cell=(6,86) sc=50275 nodes=50001 r=-1
T3[t=630s] shard6 r0 #33 cell=(192,76) sc=50267 nodes=50001 r=-1
T3[t=630s] shard2 r0 #54 cell=(34,57) sc=50260 nodes=50001 r=-1
T3[t=631s] shard4 r0 #58 cell=(32,65) sc=50254 nodes=50001 r=-1
T3[t=631s] shard14 r0 #54 cell=(9,70) sc=50266 nodes=50001 r=-1
T3[t=632s] shard8 r0 #57 cell=(21,68) sc=50272 nodes=50001 r=-1
T3[t=632s] shard13 r0 #66 cell=(33,62) sc=50276 nodes=50001 r=-1
T3[t=633s] shard1 r0 #48 cell=(78,33) sc=50273 nodes=34726 r=0
T3[t=633s] shard3 r0 #33 cell=(36,68) sc=50271 nodes=50001 r=-1
T3[t=634s] shard5 r0 #54 cell=(175,56) sc=50271 nodes=50001 r=-1
T3[t=634s] shard10 r0 #61 cell=(36,113) sc=50269 nodes=42458 r=0
T3[t=634s] shard12 r0 #37 cell=(215,49) sc=50270 nodes=50001 r=-1
T3[t=634s] shard7 r0 #58 cell=(39,70) sc=50264 nodes=50001 r=-1
T3[t=635s] shard0 r0 #34 cell=(196,70) sc=50271 nodes=50001 r=-1
T3[t=635s] shard9 r0 #33 cell=(22,62) sc=50267 nodes=50001 r=-1
T3[t=635s] shard11 r0 #63 cell=(11,66) sc=50273 nodes=50001 r=-1
T3[t=636s] shard4 r0 #59 cell=(204,65) sc=50269 nodes=50001 r=-1
T3[t=636s] shard6 r0 #34 cell=(13,35) sc=50267 nodes=50001 r=-1
T3[t=636s] shard2 r0 #55 cell=(33,58) sc=50258 nodes=50001 r=-1
T3[t=637s] shard14 r0 #55 cell=(46,71) sc=50266 nodes=48713 r=0
T3[t=637s] shard8 r0 #58 cell=(189,68) sc=50280 nodes=50001 r=-1
T3[t=637s] shard15 r0 #38 cell=(28,118) sc=50263 nodes=48013 r=0
T3[t=637s] shard13 r0 #67 cell=(203,64) sc=50261 nodes=50001 r=-1
T3[t=638s] shard1 r0 #49 cell=(72,37) sc=50269 nodes=34369 r=0
T3[t=639s] shard10 r0 #62 cell=(86,31) sc=50273 nodes=33373 r=0
T3[t=639s] shard5 r0 #55 cell=(50,57) sc=50267 nodes=50001 r=-1
T3[t=639s] shard7 r0 #59 cell=(202,71) sc=50269 nodes=50001 r=-1
T3[t=641s] shard3 r0 #34 cell=(13,87) sc=50267 nodes=50001 r=-1
T3[t=642s] shard2 r0 #56 cell=(15,60) sc=50271 nodes=50001 r=-1
T3[t=642s] shard8 r0 #59 cell=(204,71) sc=50275 nodes=50001 r=-1
T3[t=642s] shard0 r0 #35 cell=(115,75) sc=50272 nodes=50001 r=-1
T3[t=642s] shard15 r0 #39 cell=(44,36) sc=50261 nodes=50001 r=-1
T3[t=642s] shard4 r0 #60 cell=(33,66) sc=50268 nodes=50001 r=-1
T3[t=642s] shard14 r0 #56 cell=(13,72) sc=50269 nodes=50001 r=-1
T3[t=642s] shard13 r0 #68 cell=(182,65) sc=50268 nodes=50001 r=-1
T3[t=643s] shard9 r0 #34 cell=(4,68) sc=50269 nodes=50001 r=-1
T3[t=643s] shard5 r0 #56 cell=(241,58) sc=50268 nodes=36942 r=0
T3[t=643s] shard1 r0 #50 cell=(202,41) sc=50277 nodes=50001 r=-1
T3[t=643s] shard12 r0 #38 cell=(32,58) sc=50264 nodes=50001 r=-1
T3[t=644s] shard6 r0 #35 cell=(86,42) sc=50265 nodes=50001 r=-1
T3[t=645s] shard10 r0 #63 cell=(22,41) sc=50275 nodes=50001 r=-1
T3[t=645s] shard7 r0 #60 cell=(100,73) sc=50270 nodes=33692 r=0
T3[t=645s] shard11 r0 #64 cell=(198,67) sc=50267 nodes=50001 r=-1
T3[t=645s] shard8 r0 #60 cell=(206,77) sc=50265 nodes=36078 r=0
T3[t=646s] shard3 r0 #35 cell=(7,127) sc=50266 nodes=40736 r=0
T3[t=647s] shard15 r0 #40 cell=(196,40) sc=50275 nodes=50001 r=-1
T3[t=647s] shard4 r0 #61 cell=(203,66) sc=50277 nodes=50001 r=-1
T3[t=647s] shard2 r0 #57 cell=(46,63) sc=50272 nodes=50001 r=-1
T3[t=648s] shard13 r0 #69 cell=(16,67) sc=50260 nodes=50001 r=-1
T3[t=648s] shard14 r0 #57 cell=(14,73) sc=50264 nodes=50001 r=-1
T3[t=648s] shard5 r0 #57 cell=(50,59) sc=50270 nodes=50001 r=-1
T3[t=649s] shard12 r0 #39 cell=(206,64) sc=50271 nodes=50001 r=-1
T3[t=649s] shard1 r0 #51 cell=(33,44) sc=50271 nodes=50001 r=-1
T3[t=649s] shard11 r0 #65 cell=(42,71) sc=50263 nodes=50001 r=-1
T3[t=649s] shard9 r0 #35 cell=(24,72) sc=50278 nodes=50001 r=-1
T3[t=650s] shard8 r0 #61 cell=(205,78) sc=50266 nodes=48323 r=0
T3[t=650s] shard3 r0 #36 cell=(191,189) sc=50266 nodes=33224 r=0
T3[t=650s] shard6 r0 #36 cell=(43,55) sc=50271 nodes=50001 r=-1
T3[t=650s] shard0 r0 #36 cell=(104,36) sc=50275 nodes=32878 r=0
T3[t=650s] shard7 r0 #61 cell=(117,74) sc=50269 nodes=36447 r=0
T3[t=651s] shard10 r0 #64 cell=(28,45) sc=50272 nodes=50001 r=-1
T3[t=651s] shard15 r0 #41 cell=(188,50) sc=50273 nodes=50001 r=-1
T3[t=652s] shard4 r0 #62 cell=(11,68) sc=50262 nodes=50001 r=-1
T3[t=653s] shard2 r0 #58 cell=(25,64) sc=50258 nodes=50001 r=-1
T3[t=653s] shard5 r0 #58 cell=(188,61) sc=50261 nodes=42740 r=0
T3[t=654s] shard13 r0 #70 cell=(17,68) sc=50260 nodes=50001 r=-1
T3[t=654s] shard11 r0 #66 cell=(195,74) sc=50272 nodes=50001 r=-1
T3[t=654s] shard14 r0 #58 cell=(6,75) sc=50265 nodes=50001 r=-1
T3[t=654s] shard1 r0 #52 cell=(86,45) sc=50264 nodes=37465 r=0
T3[t=655s] shard0 r0 #37 cell=(188,78) sc=50272 nodes=50001 r=-1
T3[t=655s] shard9 r0 #36 cell=(7,83) sc=50274 nodes=50001 r=-1
T3[t=655s] shard8 r0 #62 cell=(206,79) sc=50263 nodes=50001 r=-1
T3[t=655s] shard6 r0 #37 cell=(203,61) sc=50268 nodes=50001 r=-1
T3[t=655s] shard7 r0 #62 cell=(197,78) sc=50273 nodes=41007 r=0
T3[t=658s] shard4 r0 #63 cell=(53,68) sc=50274 nodes=48674 r=0
T3[t=658s] shard10 r0 #65 cell=(198,47) sc=50270 nodes=50001 r=-1
T3[t=658s] shard15 r0 #42 cell=(190,56) sc=50267 nodes=50001 r=-1
T3[t=658s] shard3 r0 #37 cell=(103,37) sc=50273 nodes=32332 r=0
T3[t=658s] shard2 r0 #59 cell=(31,66) sc=50260 nodes=50001 r=-1
T3[t=659s] shard5 r0 #59 cell=(13,68) sc=50269 nodes=50001 r=-1
T3[t=659s] shard13 r0 #71 cell=(42,69) sc=50259 nodes=50001 r=-1
T3[t=659s] shard11 r0 #67 cell=(23,76) sc=50268 nodes=47537 r=0
T3[t=660s] shard7 r0 #63 cell=(190,81) sc=50273 nodes=38548 r=0
T3[t=660s] shard1 r0 #53 cell=(32,47) sc=50272 nodes=50001 r=-1
T3[t=660s] shard0 r0 #38 cell=(12,29) sc=50267 nodes=50001 r=-1
T3[t=660s] shard14 r0 #59 cell=(13,78) sc=50270 nodes=50001 r=-1
T3[t=661s] shard8 r0 #63 cell=(26,99) sc=50268 nodes=50001 r=-1
T3[t=661s] shard12 r0 #40 cell=(18,70) sc=50260 nodes=50001 r=-1
T3[t=662s] shard6 r0 #38 cell=(108,92) sc=50267 nodes=50001 r=-1
T3[t=662s] shard5 r0 #60 cell=(181,68) sc=50272 nodes=35322 r=0
T3[t=663s] shard2 r0 #60 cell=(201,66) sc=50278 nodes=50001 r=-1
T3[t=663s] shard11 r0 #68 cell=(13,82) sc=50275 nodes=32018 r=0
T3[t=664s] shard15 r0 #43 cell=(190,60) sc=50263 nodes=50001 r=-1
T3[t=664s] shard4 r0 #64 cell=(35,70) sc=50267 nodes=50001 r=-1
T3[t=664s] shard10 r0 #66 cell=(36,51) sc=50262 nodes=50001 r=-1
T3[t=664s] shard9 r0 #37 cell=(106,90) sc=50272 nodes=50001 r=-1
T3[t=665s] shard8 r0 #64 cell=(243,34) sc=50260 nodes=33041 r=0
T3[t=665s] shard13 r0 #72 cell=(8,73) sc=50267 nodes=50001 r=-1
T3[t=665s] shard1 r0 #54 cell=(193,54) sc=50260 nodes=50001 r=-1
T3[t=665s] shard14 r0 #60 cell=(24,79) sc=50268 nodes=47533 r=0
T3[t=666s] shard7 r0 #64 cell=(14,107) sc=50271 nodes=50001 r=-1
T3[t=666s] shard0 r0 #39 cell=(12,35) sc=50266 nodes=50001 r=-1
T3[t=666s] shard12 r0 #41 cell=(214,94) sc=50260 nodes=50001 r=-1
T3[t=667s] shard2 r0 #61 cell=(13,74) sc=50268 nodes=32935 r=0
T3[t=667s] shard3 r0 #38 cell=(66,34) sc=50271 nodes=50001 r=-1
T3[t=667s] shard15 r0 #44 cell=(184,68) sc=50268 nodes=50001 r=-1
T3[t=668s] shard5 r0 #61 cell=(6,69) sc=50267 nodes=50001 r=-1
T3[t=668s] shard6 r0 #39 cell=(21,43) sc=50270 nodes=50001 r=-1
T3[t=668s] shard11 r0 #69 cell=(206,91) sc=50263 nodes=40813 r=0
T3[t=668s] shard9 r0 #38 cell=(229,173) sc=50279 nodes=34455 r=0
T3[t=669s] shard4 r0 #65 cell=(189,72) sc=50272 nodes=50001 r=-1
T3[t=670s] shard14 r0 #61 cell=(177,82) sc=50262 nodes=50001 r=-1
T3[t=670s] shard8 r0 #65 cell=(215,38) sc=50270 nodes=50001 r=-1
T3[t=670s] shard7 r0 #65 cell=(219,22) sc=50263 nodes=45011 r=0
T3[t=671s] shard13 r0 #73 cell=(10,75) sc=50265 nodes=50001 r=-1
T3[t=671s] shard1 r0 #55 cell=(108,55) sc=50273 nodes=38879 r=0
T3[t=671s] shard10 r0 #67 cell=(98,53) sc=50261 nodes=50001 r=-1
T3[t=671s] shard11 r0 #70 cell=(217,96) sc=50265 nodes=37827 r=0
T3[t=672s] shard12 r0 #42 cell=(205,45) sc=50264 nodes=50001 r=-1
T3[t=673s] shard2 r0 #62 cell=(38,75) sc=50259 nodes=50001 r=-1
T3[t=673s] shard15 r0 #45 cell=(5,73) sc=50272 nodes=50001 r=-1
T3[t=674s] shard5 r0 #62 cell=(12,71) sc=50257 nodes=50001 r=-1
T3[t=675s] shard9 r0 #39 cell=(20,58) sc=50263 nodes=50001 r=-1
T3[t=675s] shard4 r0 #66 cell=(37,74) sc=50264 nodes=50001 r=-1
T3[t=675s] shard3 r0 #39 cell=(89,47) sc=50267 nodes=50001 r=-1
T3[t=675s] shard6 r0 #40 cell=(51,63) sc=50275 nodes=50001 r=-1
T3[t=675s] shard0 r0 #40 cell=(93,40) sc=50269 nodes=50001 r=-1
T3[t=675s] shard8 r0 #66 cell=(93,42) sc=50265 nodes=38159 r=0
T3[t=675s] shard14 r0 #62 cell=(1,92) sc=50261 nodes=50001 r=-1
T3[t=676s] shard12 r0 #43 cell=(191,77) sc=50268 nodes=50001 r=-1
T3[t=677s] shard1 r0 #56 cell=(31,58) sc=50276 nodes=50001 r=-1
T3[t=677s] shard13 r0 #74 cell=(26,79) sc=50266 nodes=50001 r=-1
T3[t=677s] shard10 r0 #68 cell=(36,57) sc=50258 nodes=50001 r=-1
T3[t=677s] shard11 r0 #71 cell=(28,35) sc=50276 nodes=50001 r=-1
T3[t=677s] shard7 r0 #66 cell=(85,30) sc=50273 nodes=50001 r=-1
T3[t=678s] shard15 r0 #46 cell=(184,78) sc=50272 nodes=50001 r=-1
T3[t=679s] shard2 r0 #63 cell=(10,77) sc=50263 nodes=50001 r=-1
T3[t=679s] shard5 r0 #63 cell=(196,71) sc=50271 nodes=50001 r=-1
T3[t=679s] shard3 r0 #40 cell=(211,51) sc=50266 nodes=34391 r=0
T3[t=680s] shard14 r0 #63 cell=(164,189) sc=50262 nodes=33377 r=0
T3[t=680s] shard8 r0 #67 cell=(217,44) sc=50256 nodes=41871 r=0
T3[t=681s] shard4 r0 #67 cell=(194,75) sc=50274 nodes=44144 r=0
T3[t=681s] shard6 r0 #41 cell=(211,15) sc=50265 nodes=50001 r=-1
T3[t=681s] shard0 r0 #41 cell=(31,44) sc=50273 nodes=50001 r=-1
T3[t=681s] shard13 r0 #75 cell=(25,84) sc=50260 nodes=39823 r=0
T3[t=681s] shard11 r0 #72 cell=(237,58) sc=50272 nodes=35005 r=0
T3[t=682s] shard10 r0 #69 cell=(201,58) sc=50264 nodes=50001 r=-1
T3[t=682s] shard1 r0 #57 cell=(10,61) sc=50277 nodes=50001 r=-1
T3[t=683s] shard9 r0 #40 cell=(32,60) sc=50270 nodes=34622 r=0
T3[t=683s] shard5 r0 #64 cell=(191,78) sc=50268 nodes=37469 r=0
T3[t=683s] shard7 r0 #67 cell=(27,38) sc=50271 nodes=50001 r=-1
T3[t=684s] shard15 r0 #47 cell=(15,81) sc=50270 nodes=50001 r=-1
T3[t=684s] shard2 r0 #64 cell=(17,36) sc=50268 nodes=50001 r=-1
T3[t=685s] shard3 r0 #41 cell=(36,54) sc=50261 nodes=50001 r=-1
T3[t=685s] shard4 r0 #68 cell=(190,79) sc=50273 nodes=39185 r=0
T3[t=686s] shard14 r0 #64 cell=(24,25) sc=50274 nodes=50001 r=-1
T3[t=686s] shard8 r0 #68 cell=(34,51) sc=50260 nodes=50001 r=-1
T3[t=686s] shard11 r0 #73 cell=(185,60) sc=50269 nodes=50001 r=-1
T3[t=686s] shard12 r0 #44 cell=(38,62) sc=50266 nodes=50001 r=-1
T3[t=686s] shard0 r0 #42 cell=(23,46) sc=50272 nodes=50001 r=-1
T3[t=687s] shard6 r0 #42 cell=(35,106) sc=50265 nodes=50001 r=-1
T3[t=687s] shard13 r0 #76 cell=(15,26) sc=50269 nodes=50001 r=-1
T3[t=688s] shard10 r0 #70 cell=(23,62) sc=50270 nodes=50001 r=-1
T3[t=688s] shard1 r0 #58 cell=(46,61) sc=50270 nodes=50001 r=-1
T3[t=688s] shard9 r0 #41 cell=(25,77) sc=50265 nodes=41644 r=0
T3[t=688s] shard15 r0 #48 cell=(202,88) sc=50278 nodes=50001 r=-1
T3[t=689s] shard7 r0 #68 cell=(22,51) sc=50274 nodes=50001 r=-1
T3[t=689s] shard5 r0 #65 cell=(26,81) sc=50267 nodes=50001 r=-1
T3[t=689s] shard4 r0 #69 cell=(24,81) sc=50272 nodes=39789 r=0
T3[t=689s] shard2 r0 #65 cell=(216,39) sc=50258 nodes=50001 r=-1
T3[t=690s] shard14 r0 #65 cell=(243,32) sc=50260 nodes=43461 r=0
T3[t=691s] shard11 r0 #74 cell=(29,62) sc=50265 nodes=50001 r=-1
T3[t=691s] shard8 r0 #69 cell=(54,53) sc=50276 nodes=50001 r=-1
T3[t=692s] shard6 r0 #43 cell=(215,54) sc=50269 nodes=50001 r=-1
T3[t=692s] shard0 r0 #43 cell=(25,48) sc=50273 nodes=50001 r=-1
T3[t=692s] shard13 r0 #77 cell=(27,56) sc=50266 nodes=50001 r=-1
T3[t=692s] shard10 r0 #71 cell=(183,64) sc=50269 nodes=50001 r=-1
T3[t=692s] shard1 r0 #59 cell=(187,62) sc=50265 nodes=50001 r=-1
T3[t=693s] shard12 r0 #45 cell=(209,39) sc=50276 nodes=50001 r=-1
T3[t=693s] shard15 r0 #49 cell=(209,99) sc=50265 nodes=49886 r=0
T3[t=693s] shard3 r0 #42 cell=(53,57) sc=50274 nodes=50001 r=-1
T3[t=694s] shard7 r0 #69 cell=(169,58) sc=50267 nodes=50001 r=-1
T3[t=694s] shard9 r0 #42 cell=(12,80) sc=50271 nodes=50001 r=-1
T3[t=695s] shard14 r0 #66 cell=(212,35) sc=50270 nodes=50001 r=-1
T3[t=695s] shard5 r0 #66 cell=(211,88) sc=50260 nodes=38521 r=0
T3[t=695s] shard4 r0 #70 cell=(10,29) sc=50269 nodes=50001 r=-1
T3[t=695s] shard2 r0 #66 cell=(23,50) sc=50269 nodes=50001 r=-1
T3[t=695s] shard8 r0 #70 cell=(215,56) sc=50274 nodes=35433 r=0
T3[t=697s] shard6 r0 #44 cell=(48,71) sc=50264 nodes=50001 r=-1
T3[t=697s] shard13 r0 #78 cell=(185,62) sc=50253 nodes=50001 r=-1
T3[t=697s] shard0 r0 #44 cell=(24,49) sc=50276 nodes=50001 r=-1
T3[t=697s] shard11 r0 #75 cell=(199,64) sc=50265 nodes=50001 r=-1
T3[t=697s] shard10 r0 #72 cell=(183,66) sc=50270 nodes=50001 r=-1
T3[t=698s] shard5 r0 #67 cell=(217,98) sc=50262 nodes=32499 r=0
T3[t=698s] shard1 r0 #60 cell=(44,63) sc=50270 nodes=50001 r=-1
T3[t=699s] shard3 r0 #43 cell=(43,59) sc=50254 nodes=50001 r=-1
T3[t=699s] shard7 r0 #70 cell=(240,61) sc=50262 nodes=48504 r=0
T3[t=700s] shard8 r0 #71 cell=(171,58) sc=50265 nodes=50001 r=-1
T3[t=700s] shard15 r0 #50 cell=(50,62) sc=50274 nodes=50001 r=-1
T3[t=700s] shard12 r0 #46 cell=(36,72) sc=50268 nodes=50001 r=-1
T3[t=700s] shard2 r0 #67 cell=(200,57) sc=50260 nodes=50001 r=-1
T3[t=701s] shard9 r0 #43 cell=(217,23) sc=50266 nodes=50001 r=-1
T3[t=701s] shard14 r0 #67 cell=(82,41) sc=50270 nodes=47245 r=0
T3[t=701s] shard4 r0 #71 cell=(71,34) sc=50271 nodes=43477 r=0
T3[t=702s] shard6 r0 #45 cell=(238,37) sc=50266 nodes=50001 r=-1
T3[t=702s] shard0 r0 #45 cell=(203,50) sc=50265 nodes=50001 r=-1
T3[t=702s] shard11 r0 #76 cell=(209,66) sc=50272 nodes=50001 r=-1
T3[t=703s] shard13 r0 #79 cell=(7,68) sc=50263 nodes=50001 r=-1
T3[t=703s] shard5 r0 #68 cell=(16,29) sc=50269 nodes=50001 r=-1
T3[t=704s] shard10 r0 #73 cell=(5,68) sc=50273 nodes=50001 r=-1
T3[t=704s] shard2 r0 #68 cell=(188,59) sc=50263 nodes=43680 r=0
T3[t=704s] shard1 r0 #61 cell=(23,64) sc=50260 nodes=50001 r=-1
T3[t=704s] shard3 r0 #44 cell=(222,102) sc=50266 nodes=50001 r=-1
T3[t=705s] shard7 r0 #71 cell=(42,63) sc=50264 nodes=50001 r=-1
T3[t=705s] shard12 r0 #47 cell=(41,60) sc=50270 nodes=50001 r=-1
T3[t=705s] shard14 r0 #68 cell=(206,45) sc=50269 nodes=39328 r=0
T3[t=705s] shard8 r0 #72 cell=(11,62) sc=50266 nodes=50001 r=-1
T3[t=705s] shard15 r0 #51 cell=(1,65) sc=50267 nodes=50001 r=-1
T3[t=706s] shard9 r0 #44 cell=(19,43) sc=50264 nodes=50001 r=-1
T3[t=707s] shard4 r0 #72 cell=(31,40) sc=50272 nodes=49290 r=0
T3[t=707s] shard6 r0 #46 cell=(31,48) sc=50270 nodes=50001 r=-1
T3[t=707s] shard13 r0 #80 cell=(209,64) sc=50268 nodes=48943 r=0
T3[t=708s] shard0 r0 #46 cell=(214,51) sc=50273 nodes=50001 r=-1
T3[t=708s] shard11 r0 #77 cell=(9,68) sc=50264 nodes=50001 r=-1
T3[t=709s] shard5 r0 #69 cell=(207,44) sc=50273 nodes=50001 r=-1
T3[t=709s] shard2 r0 #69 cell=(20,61) sc=50269 nodes=43107 r=0
T3[t=710s] shard10 r0 #74 cell=(17,74) sc=50259 nodes=50001 r=-1
T3[t=710s] shard12 r0 #48 cell=(216,27) sc=50268 nodes=50001 r=-1
T3[t=710s] shard7 r0 #72 cell=(26,65) sc=50260 nodes=50001 r=-1
T3[t=710s] shard3 r0 #45 cell=(22,74) sc=50267 nodes=50001 r=-1
T3[t=711s] shard1 r0 #62 cell=(200,65) sc=50269 nodes=50001 r=-1
T3[t=711s] shard14 r0 #69 cell=(27,54) sc=50262 nodes=50001 r=-1
T3[t=711s] shard15 r0 #52 cell=(20,44) sc=50264 nodes=50001 r=-1
T3[t=712s] shard8 r0 #73 cell=(3,68) sc=50270 nodes=50001 r=-1
T3[t=713s] shard6 r0 #47 cell=(185,66) sc=50270 nodes=50001 r=-1
T3[t=713s] shard4 r0 #73 cell=(25,50) sc=50274 nodes=50001 r=-1
T3[t=713s] shard13 r0 #81 cell=(39,72) sc=50269 nodes=50001 r=-1
T3[t=713s] shard9 r0 #45 cell=(36,64) sc=50267 nodes=50001 r=-1
T3[t=714s] shard2 r0 #70 cell=(171,62) sc=50270 nodes=50001 r=-1
T3[t=714s] shard11 r0 #78 cell=(36,69) sc=50265 nodes=50001 r=-1
T3[t=714s] shard1 r0 #63 cell=(29,66) sc=50266 nodes=32365 r=0
T3[t=716s] shard14 r0 #70 cell=(170,57) sc=50268 nodes=50001 r=-1
T3[t=716s] shard0 r0 #47 cell=(22,53) sc=50270 nodes=49943 r=0
T3[t=716s] shard5 r0 #70 cell=(95,46) sc=50270 nodes=50001 r=-1
T3[t=716s] shard12 r0 #49 cell=(199,32) sc=50274 nodes=50001 r=-1
T3[t=716s] shard10 r0 #75 cell=(38,77) sc=50261 nodes=50001 r=-1
T3[t=716s] shard7 r0 #73 cell=(45,66) sc=50274 nodes=50001 r=-1
T3[t=717s] shard8 r0 #74 cell=(22,69) sc=50265 nodes=50001 r=-1
T3[t=718s] shard6 r0 #48 cell=(236,33) sc=50267 nodes=50001 r=-1
T3[t=718s] shard3 r0 #46 cell=(20,54) sc=50263 nodes=49873 r=0
T3[t=718s] shard13 r0 #82 cell=(220,39) sc=50269 nodes=44128 r=0
T3[t=719s] shard1 r0 #64 cell=(199,66) sc=50268 nodes=50001 r=-1
T3[t=719s] shard2 r0 #71 cell=(10,65) sc=50269 nodes=50001 r=-1
T3[t=720s] shard11 r0 #79 cell=(45,72) sc=50257 nodes=50001 r=-1
T3[t=720s] shard4 r0 #74 cell=(106,55) sc=50268 nodes=50001 r=-1
T3[t=720s] shard15 r0 #53 cell=(204,46) sc=50267 nodes=50001 r=-1
T3[t=721s] shard12 r0 #50 cell=(223,34) sc=50268 nodes=50001 r=-1
T3[t=721s] shard5 r0 #71 cell=(35,58) sc=50278 nodes=50001 r=-1
T3[t=722s] shard14 r0 #71 cell=(22,59) sc=50261 nodes=50001 r=-1
T3[t=722s] shard10 r0 #76 cell=(14,83) sc=50270 nodes=50001 r=-1
T3[t=722s] shard7 r0 #74 cell=(10,69) sc=50267 nodes=50001 r=-1
T3[t=723s] shard0 r0 #48 cell=(47,56) sc=50271 nodes=50001 r=-1
T3[t=723s] shard9 r0 #46 cell=(112,166) sc=50275 nodes=32891 r=0
T3[t=723s] shard8 r0 #75 cell=(23,72) sc=50266 nodes=50001 r=-1
T3[t=724s] shard13 r0 #83 cell=(25,36) sc=50277 nodes=50001 r=-1
sweep shard13 round0 done (budget 50000)
T3[t=724s] shard4 r0 #75 cell=(214,57) sc=50264 nodes=34081 r=0
T3[t=724s] shard1 r0 #65 cell=(212,67) sc=50262 nodes=50001 r=-1
T3[t=724s] shard3 r0 #47 cell=(72,28) sc=50257 nodes=50001 r=-1
T3[t=725s] shard11 r0 #80 cell=(172,77) sc=50264 nodes=50001 r=-1
T3[t=725s] shard2 r0 #72 cell=(25,66) sc=50260 nodes=50001 r=-1
T3[t=725s] shard15 r0 #54 cell=(14,33) sc=50268 nodes=50001 r=-1
T3[t=726s] shard5 r0 #72 cell=(194,61) sc=50272 nodes=50001 r=-1
T3[t=726s] shard12 r0 #51 cell=(216,35) sc=50263 nodes=50001 r=-1
T3[t=727s] shard6 r0 #49 cell=(86,35) sc=50266 nodes=50001 r=-1
T3[t=727s] shard7 r0 #75 cell=(214,17) sc=50263 nodes=47570 r=0
T3[t=728s] shard10 r0 #77 cell=(38,107) sc=50275 nodes=46236 r=0
T3[t=728s] shard14 r0 #72 cell=(1,86) sc=50272 nodes=50001 r=-1
T3[t=728s] shard4 r0 #76 cell=(182,67) sc=50268 nodes=35468 r=0
T3[t=728s] shard0 r0 #49 cell=(30,57) sc=50267 nodes=50001 r=-1
T3[t=729s] shard11 r0 #81 cell=(206,93) sc=50271 nodes=50001 r=-1
T3[t=729s] shard13 r1 #1 cell=(218,32) sc=50262 nodes=50001 r=-1
T3[t=729s] shard1 r0 #66 cell=(45,68) sc=50254 nodes=50001 r=-1
T3[t=729s] shard8 r0 #76 cell=(6,83) sc=50275 nodes=50001 r=-1
T3[t=730s] shard9 r0 #47 cell=(48,64) sc=50263 nodes=50001 r=-1
T3[t=731s] shard15 r0 #55 cell=(11,24) sc=50276 nodes=50001 r=-1
T3[t=731s] shard2 r0 #73 cell=(35,68) sc=50266 nodes=50001 r=-1
T3[t=731s] shard5 r0 #73 cell=(18,65) sc=50273 nodes=50001 r=-1
T3[t=732s] shard12 r0 #52 cell=(214,39) sc=50268 nodes=50001 r=-1
T3[t=732s] shard3 r0 #48 cell=(35,102) sc=50261 nodes=50001 r=-1
T3[t=732s] shard6 r0 #50 cell=(213,36) sc=50269 nodes=50001 r=-1
T3[t=733s] shard11 r0 #82 cell=(30,109) sc=50267 nodes=36935 r=0
T3[t=733s] shard10 r0 #78 cell=(35,60) sc=50266 nodes=50001 r=-1
T3[t=733s] shard7 r0 #76 cell=(19,30) sc=50266 nodes=50001 r=-1
T3[t=734s] shard14 r0 #73 cell=(12,115) sc=50271 nodes=49479 r=0
T3[t=734s] shard4 r0 #77 cell=(37,68) sc=50268 nodes=50001 r=-1
T3[t=734s] shard8 r0 #77 cell=(83,30) sc=50271 nodes=32642 r=0
T3[t=734s] shard13 r1 #2 cell=(28,44) sc=50274 nodes=50001 r=-1
T3[t=734s] shard0 r0 #50 cell=(242,59) sc=50265 nodes=50001 r=-1
T3[t=734s] shard1 r0 #67 cell=(2,69) sc=50270 nodes=36789 r=0
T3[t=737s] shard5 r0 #74 cell=(43,66) sc=50276 nodes=50001 r=-1
T3[t=737s] shard15 r0 #56 cell=(20,33) sc=50266 nodes=50001 r=-1
T3[t=737s] shard12 r0 #53 cell=(27,44) sc=50270 nodes=50001 r=-1
T3[t=737s] shard3 r0 #49 cell=(23,26) sc=50267 nodes=50001 r=-1
T3[t=738s] shard2 r0 #74 cell=(204,69) sc=50270 nodes=44235 r=0
T3[t=739s] shard6 r0 #51 cell=(213,40) sc=50264 nodes=50001 r=-1
T3[t=739s] shard13 r1 #3 cell=(215,45) sc=50271 nodes=50001 r=-1
T3[t=739s] shard9 r0 #48 cell=(36,74) sc=50262 nodes=50001 r=-1
T3[t=739s] shard11 r0 #83 cell=(12,25) sc=50265 nodes=50001 r=-1
T3[t=739s] shard8 r0 #78 cell=(201,38) sc=50268 nodes=50001 r=-1
T3[t=740s] shard7 r0 #77 cell=(33,48) sc=50276 nodes=50001 r=-1
T3[t=740s] shard14 r0 #74 cell=(29,36) sc=50267 nodes=50001 r=-1
T3[t=740s] shard10 r0 #79 cell=(10,31) sc=50270 nodes=50001 r=-1
T3[t=740s] shard0 r0 #51 cell=(243,60) sc=50264 nodes=50001 r=-1
T3[t=740s] shard1 r0 #68 cell=(44,69) sc=50257 nodes=50001 r=-1
T3[t=742s] shard5 r0 #75 cell=(116,73) sc=50277 nodes=32478 r=0
T3[t=742s] shard4 r0 #78 cell=(203,70) sc=50271 nodes=50001 r=-1
T3[t=743s] shard15 r0 #57 cell=(263,34) sc=50262 nodes=50001 r=-1
T3[t=743s] shard12 r0 #54 cell=(253,44) sc=50270 nodes=50001 r=-1
T3[t=745s] shard9 r0 #49 cell=(207,16) sc=50267 nodes=50001 r=-1
T3[t=745s] shard13 r1 #9 cell=(35,61) sc=50265 nodes=50001 r=-1
T3[t=745s] shard6 r0 #52 cell=(214,41) sc=50270 nodes=50001 r=-1
T3[t=745s] shard1 r0 #69 cell=(199,70) sc=50275 nodes=36085 r=0
T3[t=745s] shard8 r0 #79 cell=(26,45) sc=50274 nodes=50001 r=-1
T3[t=745s] shard7 r0 #78 cell=(105,52) sc=50269 nodes=38713 r=0
T3[t=746s] shard11 r0 #84 cell=(11,36) sc=50272 nodes=50001 r=-1
T3[t=746s] shard10 r0 #80 cell=(20,53) sc=50265 nodes=50001 r=-1
T3[t=746s] shard2 r0 #75 cell=(200,75) sc=50270 nodes=40880 r=0
T3[t=747s] shard14 r0 #75 cell=(95,40) sc=50271 nodes=50001 r=-1
T3[t=747s] shard3 r0 #50 cell=(72,35) sc=50268 nodes=50001 r=-1
T3[t=748s] shard5 r0 #76 cell=(11,76) sc=50265 nodes=50001 r=-1
T3[t=749s] shard12 r0 #55 cell=(200,47) sc=50264 nodes=50001 r=-1
T3[t=750s] shard0 r0 #52 cell=(161,62) sc=50272 nodes=50001 r=-1
T3[t=751s] shard2 r0 #76 cell=(219,96) sc=50268 nodes=50001 r=-1
T3[t=751s] shard4 r0 #79 cell=(104,73) sc=50270 nodes=50001 r=-1
T3[t=751s] shard14 r0 #76 cell=(196,53) sc=50267 nodes=37647 r=0
T3[t=751s] shard7 r0 #79 cell=(19,60) sc=50268 nodes=44831 r=0
T3[t=751s] shard1 r0 #70 cell=(24,73) sc=50271 nodes=50001 r=-1
T3[t=751s] shard8 r0 #80 cell=(98,55) sc=50266 nodes=39068 r=0
T3[t=751s] shard13 r1 #11 cell=(10,64) sc=50270 nodes=50001 r=-1
T3[t=752s] shard10 r0 #81 cell=(45,74) sc=50255 nodes=50001 r=-1
T3[t=752s] shard15 r0 #58 cell=(81,40) sc=50269 nodes=50001 r=-1
T3[t=752s] shard11 r0 #85 cell=(88,43) sc=50271 nodes=43615 r=0
T3[t=753s] shard5 r0 #77 cell=(176,81) sc=50261 nodes=44712 r=0
T3[t=754s] shard9 r0 #50 cell=(85,32) sc=50271 nodes=50001 r=-1
T3[t=755s] shard2 r0 #77 cell=(6,127) sc=50265 nodes=33314 r=0
T3[t=755s] shard6 r0 #53 cell=(104,45) sc=50262 nodes=50001 r=-1
T3[t=755s] shard7 r0 #80 cell=(212,61) sc=50264 nodes=40272 r=0
T3[t=756s] shard1 r0 #71 cell=(28,75) sc=50273 nodes=39859 r=0
T3[t=756s] shard0 r0 #53 cell=(21,64) sc=50261 nodes=50001 r=-1
T3[t=756s] shard13 r1 #14 cell=(188,66) sc=50273 nodes=50001 r=-1
T3[t=756s] shard3 r0 #51 cell=(87,36) sc=50269 nodes=50001 r=-1
T3[t=757s] shard14 r0 #77 cell=(45,56) sc=50270 nodes=50001 r=-1
T3[t=757s] shard4 r0 #80 cell=(38,81) sc=50259 nodes=50001 r=-1
T3[t=757s] shard10 r0 #82 cell=(28,77) sc=50270 nodes=47564 r=0
T3[t=757s] shard8 r0 #81 cell=(27,60) sc=50267 nodes=50001 r=-1
T3[t=757s] shard12 r0 #56 cell=(98,51) sc=50262 nodes=40945 r=0
T3[t=757s] shard11 r0 #86 cell=(212,45) sc=50268 nodes=50001 r=-1
T3[t=759s] shard5 r0 #78 cell=(208,87) sc=50271 nodes=41897 r=0
T3[t=759s] shard9 r0 #51 cell=(10,37) sc=50277 nodes=50001 r=-1
T3[t=760s] shard2 r0 #78 cell=(14,37) sc=50269 nodes=50001 r=-1
T3[t=761s] shard7 r0 #81 cell=(52,63) sc=50271 nodes=50001 r=-1
T3[t=761s] shard15 r0 #59 cell=(86,41) sc=50265 nodes=50001 r=-1
T3[t=761s] shard14 r0 #78 cell=(189,58) sc=50277 nodes=50001 r=-1
T3[t=761s] shard3 r0 #52 cell=(200,37) sc=50271 nodes=50001 r=-1
T3[t=762s] shard1 r0 #72 cell=(37,78) sc=50253 nodes=50001 r=-1
T3[t=762s] shard4 r0 #81 cell=(208,97) sc=50276 nodes=50001 r=-1
T3[t=763s] shard10 r0 #83 cell=(9,86) sc=50264 nodes=50001 r=-1
T3[t=763s] shard8 r0 #82 cell=(14,67) sc=50271 nodes=50001 r=-1
T3[t=763s] shard5 r0 #79 cell=(218,97) sc=50264 nodes=50001 r=-1
T3[t=763s] shard0 r0 #54 cell=(45,64) sc=50270 nodes=50001 r=-1
T3[t=763s] shard12 r0 #57 cell=(190,53) sc=50261 nodes=42060 r=0
T3[t=763s] shard11 r0 #87 cell=(31,62) sc=50263 nodes=50001 r=-1
T3[t=765s] shard6 r0 #54 cell=(92,47) sc=50269 nodes=50001 r=-1
T3[t=765s] shard9 r0 #52 cell=(26,39) sc=50267 nodes=50001 r=-1
T3[t=766s] shard14 r0 #79 cell=(197,62) sc=50266 nodes=40793 r=0
T3[t=767s] shard2 r0 #79 cell=(30,41) sc=50265 nodes=50001 r=-1
T3[t=767s] shard15 r0 #60 cell=(34,45) sc=50266 nodes=50001 r=-1
T3[t=767s] shard7 r0 #82 cell=(52,71) sc=50266 nodes=50001 r=-1
T3[t=767s] shard11 r0 #88 cell=(189,64) sc=50261 nodes=34425 r=0
T3[t=767s] shard1 r0 #73 cell=(14,27) sc=50271 nodes=50001 r=-1
T3[t=768s] shard4 r0 #82 cell=(210,37) sc=50269 nodes=50001 r=-1
T3[t=768s] shard13 r1 #15 cell=(38,68) sc=50266 nodes=50001 r=-1
T3[t=768s] shard3 r0 #53 cell=(219,42) sc=50265 nodes=50001 r=-1
T3[t=768s] shard8 r0 #83 cell=(200,69) sc=50277 nodes=36079 r=0
T3[t=768s] shard5 r0 #80 cell=(81,42) sc=50269 nodes=37480 r=0
T3[t=769s] shard10 r0 #84 cell=(18,37) sc=50269 nodes=50001 r=-1
T3[t=769s] shard0 r0 #55 cell=(16,65) sc=50270 nodes=50001 r=-1
T3[t=770s] shard7 r0 #83 cell=(198,79) sc=50271 nodes=32820 r=0
T3[t=771s] shard9 r0 #53 cell=(31,42) sc=50271 nodes=50001 r=-1
T3[t=771s] shard6 r0 #55 cell=(212,49) sc=50271 nodes=50001 r=-1
T3[t=772s] shard12 r0 #58 cell=(97,54) sc=50272 nodes=42041 r=0
T3[t=772s] shard14 r0 #80 cell=(213,64) sc=50266 nodes=50001 r=-1
T3[t=772s] shard1 r0 #74 cell=(200,33) sc=50276 nodes=48085 r=0
T3[t=772s] shard15 r0 #61 cell=(23,48) sc=50277 nodes=50001 r=-1
T3[t=772s] shard4 r0 #83 cell=(216,51) sc=50270 nodes=47203 r=0
T3[t=772s] shard13 r1 #16 cell=(202,68) sc=50275 nodes=50001 r=-1
T3[t=773s] shard2 r0 #80 cell=(28,47) sc=50273 nodes=50001 r=-1
T3[t=773s] shard8 r0 #84 cell=(203,76) sc=50259 nodes=48752 r=0
T3[t=774s] shard11 r0 #89 cell=(204,67) sc=50263 nodes=50001 r=-1
T3[t=774s] shard3 r0 #54 cell=(206,43) sc=50267 nodes=50001 r=-1
T3[t=774s] shard5 r0 #81 cell=(106,57) sc=50269 nodes=38826 r=0
T3[t=774s] shard0 r0 #56 cell=(197,66) sc=50270 nodes=50001 r=-1
T3[t=776s] shard7 r0 #84 cell=(20,35) sc=50270 nodes=50001 r=-1
T3[t=777s] shard9 r0 #54 cell=(236,43) sc=50272 nodes=50001 r=-1
T3[t=777s] shard10 r0 #85 cell=(196,47) sc=50261 nodes=50001 r=-1
T3[t=778s] shard15 r0 #62 cell=(251,48) sc=50276 nodes=50001 r=-1
T3[t=778s] shard12 r0 #59 cell=(237,56) sc=50270 nodes=50001 r=-1
T3[t=778s] shard14 r0 #81 cell=(47,68) sc=50255 nodes=50001 r=-1
T3[t=778s] shard4 r0 #84 cell=(37,66) sc=50270 nodes=50001 r=-1
T3[t=778s] shard1 r0 #75 cell=(15,36) sc=50270 nodes=50001 r=-1
T3[t=778s] shard6 r0 #56 cell=(29,54) sc=50264 nodes=49719 r=0
T3[t=779s] shard8 r0 #85 cell=(20,71) sc=50266 nodes=50001 r=-1
T3[t=779s] shard2 r0 #81 cell=(12,63) sc=50265 nodes=50001 r=-1
T3[t=779s] shard3 r0 #55 cell=(201,44) sc=50266 nodes=50001 r=-1
T3[t=779s] shard11 r0 #90 cell=(173,80) sc=50254 nodes=44655 r=0
T3[t=780s] shard0 r0 #57 cell=(30,67) sc=50253 nodes=50001 r=-1
T3[t=780s] shard5 r0 #82 cell=(110,61) sc=50269 nodes=40650 r=0
T3[t=780s] shard13 r1 #17 cell=(33,69) sc=50261 nodes=50001 r=-1
T3[t=782s] shard7 r0 #85 cell=(21,38) sc=50268 nodes=50001 r=-1
T3[t=782s] shard4 r0 #85 cell=(16,69) sc=50267 nodes=34470 r=0
T3[t=783s] shard10 r0 #86 cell=(19,72) sc=50269 nodes=50001 r=-1
sweep shard10 round0 done (budget 50000)
T3[t=783s] shard15 r0 #63 cell=(191,54) sc=50266 nodes=50001 r=-1
T3[t=783s] shard2 r0 #82 cell=(14,71) sc=50258 nodes=32934 r=0
T3[t=783s] shard6 r0 #57 cell=(191,56) sc=50267 nodes=50001 r=-1
T3[t=784s] shard9 r0 #55 cell=(215,44) sc=50269 nodes=50001 r=-1
T3[t=784s] shard14 r0 #82 cell=(6,81) sc=50266 nodes=50001 r=-1
T3[t=784s] shard0 r0 #58 cell=(210,67) sc=50276 nodes=50001 r=-1
T3[t=784s] shard8 r0 #86 cell=(199,52) sc=50271 nodes=50001 r=-1
sweep shard8 round0 done (budget 50000)
T3[t=785s] shard11 r0 #91 cell=(23,44) sc=50271 nodes=50001 r=-1
T3[t=785s] shard1 r0 #76 cell=(92,41) sc=50265 nodes=50001 r=-1
T3[t=786s] shard2 r0 #83 cell=(210,89) sc=50274 nodes=35979 r=0
T3[t=786s] shard12 r0 #60 cell=(17,58) sc=50269 nodes=50001 r=-1
T3[t=786s] shard5 r0 #83 cell=(40,71) sc=50263 nodes=50001 r=-1
T3[t=787s] shard10 r1 #0 cell=(203,69) sc=50266 nodes=50001 r=-1
T3[t=788s] shard7 r0 #86 cell=(24,45) sc=50272 nodes=50001 r=-1
T3[t=788s] shard15 r0 #64 cell=(50,55) sc=50268 nodes=50001 r=-1
T3[t=788s] shard3 r0 #56 cell=(94,45) sc=50267 nodes=50001 r=-1
T3[t=788s] shard14 r0 #83 cell=(175,80) sc=50253 nodes=44703 r=0
T3[t=789s] shard1 r0 #77 cell=(218,45) sc=50269 nodes=32718 r=0
T3[t=789s] shard9 r0 #56 cell=(200,45) sc=50265 nodes=50001 r=-1
T3[t=789s] shard4 r0 #86 cell=(8,79) sc=50271 nodes=50001 r=-1
T3[t=789s] shard13 r1 #18 cell=(45,71) sc=50270 nodes=50001 r=-1
T3[t=789s] shard0 r0 #59 cell=(43,68) sc=50270 nodes=50001 r=-1
T3[t=790s] shard8 r1 #4 cell=(200,48) sc=50270 nodes=50001 r=-1
T3[t=790s] shard11 r0 #92 cell=(202,55) sc=50270 nodes=50001 r=-1
T3[t=791s] shard2 r0 #84 cell=(49,64) sc=50264 nodes=48554 r=0
T3[t=792s] shard5 r0 #84 cell=(38,83) sc=50260 nodes=50001 r=-1
T3[t=792s] shard7 r0 #87 cell=(34,107) sc=50264 nodes=40007 r=0
sweep shard7 round0 done (budget 50000)
T3[t=793s] shard6 r0 #58 cell=(172,57) sc=50268 nodes=50001 r=-1
T3[t=793s] shard12 r0 #61 cell=(26,59) sc=50264 nodes=49419 r=0
T3[t=793s] shard1 r0 #78 cell=(175,54) sc=50261 nodes=50001 r=-1
T3[t=794s] shard14 r0 #84 cell=(4,75) sc=50266 nodes=50001 r=-1
T3[t=794s] shard13 r1 #20 cell=(13,73) sc=50256 nodes=50001 r=-1
T3[t=794s] shard4 r0 #87 cell=(92,57) sc=50271 nodes=37712 r=0
T3[t=795s] shard0 r0 #60 cell=(225,68) sc=50254 nodes=50001 r=-1
T3[t=795s] shard8 r1 #5 cell=(25,51) sc=50266 nodes=50001 r=-1
T3[t=795s] shard15 r0 #65 cell=(27,58) sc=50268 nodes=50001 r=-1
T3[t=796s] shard3 r0 #57 cell=(30,53) sc=50263 nodes=49720 r=0
T3[t=796s] shard11 r0 #93 cell=(37,60) sc=50266 nodes=50001 r=-1
T3[t=797s] shard10 r1 #2 cell=(52,64) sc=50273 nodes=50001 r=-1
T3[t=797s] shard2 r0 #85 cell=(21,82) sc=50268 nodes=47499 r=0
T3[t=797s] shard5 r0 #85 cell=(38,73) sc=50269 nodes=50001 r=-1
T3[t=797s] shard9 r0 #57 cell=(108,47) sc=50274 nodes=45606 r=0
T3[t=798s] shard6 r0 #59 cell=(14,59) sc=50267 nodes=50001 r=-1
T3[t=798s] shard7 r1 #1 cell=(31,43) sc=50266 nodes=50001 r=-1
T3[t=799s] shard12 r0 #62 cell=(206,59) sc=50264 nodes=50001 r=-1
T3[t=799s] shard15 r0 #66 cell=(199,58) sc=50274 nodes=50001 r=-1
T3[t=800s] shard1 r0 #79 cell=(12,61) sc=50265 nodes=50001 r=-1
T3[t=800s] shard14 r0 #85 cell=(49,70) sc=50268 nodes=48674 r=0
sweep shard14 round0 done (budget 50000)
T3[t=800s] shard13 r1 #21 cell=(12,78) sc=50271 nodes=50001 r=-1
T3[t=800s] shard4 r0 #88 cell=(14,77) sc=50271 nodes=50001 r=-1
sweep shard4 round0 done (budget 50000)
T3[t=801s] shard8 r1 #6 cell=(34,52) sc=50273 nodes=50001 r=-1
T3[t=802s] shard11 r0 #94 cell=(20,37) sc=50267 nodes=50001 r=-1
T3[t=802s] shard5 r0 #86 cell=(84,29) sc=50264 nodes=33075 r=0
T3[t=803s] shard10 r1 #4 cell=(32,42) sc=50271 nodes=50001 r=-1
T3[t=803s] shard2 r0 #86 cell=(28,101) sc=50269 nodes=50001 r=-1
T3[t=803s] shard3 r0 #58 cell=(51,56) sc=50265 nodes=50001 r=-1
T3[t=803s] shard0 r0 #61 cell=(11,70) sc=50265 nodes=50001 r=-1
T3[t=804s] shard9 r0 #58 cell=(207,48) sc=50275 nodes=50001 r=-1
T3[t=804s] shard12 r0 #63 cell=(34,61) sc=50272 nodes=50001 r=-1
T3[t=804s] shard7 r1 #3 cell=(26,50) sc=50270 nodes=50001 r=-1
T3[t=805s] shard1 r0 #80 cell=(159,62) sc=50269 nodes=50001 r=-1
T3[t=805s] shard14 r1 #0 cell=(217,45) sc=50270 nodes=50001 r=-1
T3[t=805s] shard4 r1 #0 cell=(210,40) sc=50270 nodes=50001 r=-1
T3[t=805s] shard15 r0 #67 cell=(30,59) sc=50265 nodes=50001 r=-1
T3[t=806s] shard6 r0 #60 cell=(51,60) sc=50273 nodes=50001 r=-1
T3[t=806s] shard13 r1 #25 cell=(31,45) sc=50269 nodes=50001 r=-1
T3[t=807s] shard8 r1 #7 cell=(37,53) sc=50265 nodes=50001 r=-1
T3[t=807s] shard5 r0 #87 cell=(202,59) sc=50262 nodes=50001 r=-1
T3[t=807s] shard10 r1 #5 cell=(201,45) sc=50268 nodes=50001 r=-1
T3[t=809s] shard0 r0 #62 cell=(54,71) sc=50275 nodes=50001 r=-1
T3[t=809s] shard2 r0 #87 cell=(196,75) sc=50274 nodes=47699 r=0
sweep shard2 round0 done (budget 50000)
T3[t=809s] shard11 r0 #95 cell=(104,39) sc=50260 nodes=50001 r=-1
sweep shard11 round0 done (budget 50000)
T3[t=810s] shard4 r1 #1 cell=(216,8) sc=50267 nodes=50001 r=-1
T3[t=810s] shard1 r0 #81 cell=(243,64) sc=50270 nodes=45618 r=0
T3[t=810s] shard3 r0 #59 cell=(215,58) sc=50266 nodes=50001 r=-1
T3[t=810s] shard7 r1 #4 cell=(32,54) sc=50272 nodes=50001 r=-1
T3[t=810s] shard14 r1 #1 cell=(22,48) sc=50272 nodes=50001 r=-1
T3[t=811s] shard12 r0 #64 cell=(9,64) sc=50272 nodes=50001 r=-1
T3[t=811s] shard13 r1 #26 cell=(205,51) sc=50267 nodes=50001 r=-1
T3[t=811s] shard15 r0 #68 cell=(239,60) sc=50267 nodes=50001 r=-1
T3[t=812s] shard9 r0 #59 cell=(99,50) sc=50269 nodes=42395 r=0
T3[t=812s] shard8 r1 #8 cell=(34,54) sc=50269 nodes=50001 r=-1
T3[t=813s] shard10 r1 #7 cell=(30,56) sc=50267 nodes=50001 r=-1
T3[t=813s] shard6 r0 #61 cell=(27,62) sc=50267 nodes=50001 r=-1
T3[t=813s] shard5 r0 #88 cell=(14,79) sc=50270 nodes=50001 r=-1
T3[t=814s] shard11 r1 #0 cell=(203,45) sc=50261 nodes=50001 r=-1
T3[t=814s] shard2 r1 #0 cell=(40,59) sc=50269 nodes=50001 r=-1
T3[t=815s] shard4 r1 #3 cell=(207,43) sc=50274 nodes=50001 r=-1
T3[t=815s] shard0 r0 #63 cell=(25,72) sc=50264 nodes=50001 r=-1
T3[t=816s] shard1 r0 #82 cell=(34,67) sc=50273 nodes=50001 r=-1
T3[t=816s] shard7 r1 #5 cell=(18,56) sc=50260 nodes=50001 r=-1
T3[t=817s] shard13 r1 #27 cell=(47,57) sc=50275 nodes=50001 r=-1
T3[t=817s] shard15 r0 #69 cell=(9,62) sc=50268 nodes=50001 r=-1
T3[t=817s] shard8 r1 #9 cell=(193,57) sc=50263 nodes=50001 r=-1
T3[t=817s] shard12 r0 #65 cell=(239,64) sc=50274 nodes=50001 r=-1
T3[t=817s] shard9 r0 #60 cell=(26,51) sc=50275 nodes=50001 r=-1
T3[t=818s] shard3 r0 #60 cell=(23,60) sc=50269 nodes=50001 r=-1
T3[t=818s] shard5 r0 #89 cell=(26,69) sc=50263 nodes=50001 r=-1
sweep shard5 round0 done (budget 50000)
T3[t=819s] shard11 r1 #2 cell=(205,69) sc=50270 nodes=50001 r=-1
T3[t=819s] shard6 r0 #62 cell=(24,63) sc=50260 nodes=50001 r=-1
T3[t=820s] shard2 r1 #2 cell=(27,49) sc=50272 nodes=50001 r=-1
T3[t=820s] shard4 r1 #6 cell=(26,52) sc=50274 nodes=50001 r=-1
T3[t=821s] shard14 r1 #3 cell=(36,56) sc=50269 nodes=50001 r=-1
T3[t=821s] shard7 r1 #6 cell=(192,56) sc=50266 nodes=50001 r=-1
T3[t=821s] shard1 r0 #83 cell=(198,69) sc=50267 nodes=50001 r=-1
T3[t=822s] shard0 r0 #64 cell=(22,73) sc=50272 nodes=50001 r=-1
T3[t=822s] shard12 r0 #66 cell=(184,65) sc=50266 nodes=50001 r=-1
T3[t=823s] shard9 r0 #61 cell=(35,52) sc=50272 nodes=50001 r=-1
T3[t=823s] shard8 r1 #10 cell=(50,58) sc=50269 nodes=50001 r=-1
T3[t=823s] shard10 r1 #9 cell=(36,62) sc=50268 nodes=50001 r=-1
T3[t=823s] shard11 r1 #3 cell=(203,39) sc=50265 nodes=50001 r=-1
T3[t=824s] shard13 r1 #28 cell=(13,59) sc=50268 nodes=50001 r=-1
T3[t=824s] shard6 r0 #63 cell=(198,63) sc=50259 nodes=35268 r=0
T3[t=824s] shard3 r0 #61 cell=(14,61) sc=50274 nodes=50001 r=-1
T3[t=824s] shard15 r0 #70 cell=(40,63) sc=50266 nodes=50001 r=-1
T3[t=825s] shard2 r1 #5 cell=(212,58) sc=50262 nodes=50001 r=-1
T3[t=826s] shard14 r1 #5 cell=(29,59) sc=50265 nodes=50001 r=-1
T3[t=826s] shard5 r1 #0 cell=(37,65) sc=50257 nodes=50001 r=-1
T3[t=826s] shard7 r1 #7 cell=(15,59) sc=50266 nodes=50001 r=-1
T3[t=827s] shard1 r0 #84 cell=(44,73) sc=50257 nodes=50001 r=-1
T3[t=828s] shard12 r0 #67 cell=(187,66) sc=50271 nodes=50001 r=-1
T3[t=828s] shard0 r0 #65 cell=(230,73) sc=50256 nodes=50001 r=-1
T3[t=828s] shard8 r1 #11 cell=(186,60) sc=50271 nodes=50001 r=-1
T3[t=828s] shard11 r1 #4 cell=(208,72) sc=50261 nodes=50001 r=-1
T3[t=829s] shard6 r0 #64 cell=(31,64) sc=50268 nodes=50001 r=-1
T3[t=829s] shard13 r1 #31 cell=(39,53) sc=50263 nodes=50001 r=-1
T3[t=831s] shard2 r1 #6 cell=(37,59) sc=50266 nodes=50001 r=-1
T3[t=831s] shard4 r1 #7 cell=(36,58) sc=50277 nodes=50001 r=-1
T3[t=831s] shard9 r0 #62 cell=(100,53) sc=50259 nodes=38892 r=0
T3[t=831s] shard15 r0 #71 cell=(17,64) sc=50271 nodes=50001 r=-1
T3[t=832s] shard1 r0 #85 cell=(172,75) sc=50262 nodes=50001 r=-1
T3[t=832s] shard7 r1 #8 cell=(28,62) sc=50266 nodes=50001 r=-1
T3[t=832s] shard14 r1 #6 cell=(8,62) sc=50267 nodes=50001 r=-1
T3[t=832s] shard5 r1 #3 cell=(26,54) sc=50268 nodes=50001 r=-1
T3[t=833s] shard11 r1 #6 cell=(215,35) sc=50263 nodes=50001 r=-1
T3[t=833s] shard10 r1 #11 cell=(10,66) sc=50272 nodes=50001 r=-1
T3[t=834s] shard3 r0 #62 cell=(170,61) sc=50267 nodes=50001 r=-1
T3[t=834s] shard12 r0 #68 cell=(201,68) sc=50277 nodes=50001 r=-1
T3[t=835s] shard13 r1 #34 cell=(47,60) sc=50269 nodes=50001 r=-1
T3[t=836s] shard8 r1 #13 cell=(30,62) sc=50261 nodes=50001 r=-1
T3[t=836s] shard0 r0 #66 cell=(12,75) sc=50270 nodes=50001 r=-1
T3[t=837s] shard2 r1 #7 cell=(13,61) sc=50266 nodes=50001 r=-1
T3[t=837s] shard4 r1 #8 cell=(47,59) sc=50270 nodes=50001 r=-1
T3[t=837s] shard1 r0 #86 cell=(209,86) sc=50265 nodes=50001 r=-1
T3[t=837s] shard6 r0 #65 cell=(197,64) sc=50267 nodes=50001 r=-1
T3[t=838s] shard5 r1 #5 cell=(42,58) sc=50255 nodes=50001 r=-1
T3[t=838s] shard15 r0 #72 cell=(8,65) sc=50267 nodes=50001 r=-1
T3[t=838s] shard11 r1 #7 cell=(36,42) sc=50269 nodes=50001 r=-1
T3[t=839s] shard9 r0 #63 cell=(35,54) sc=50263 nodes=49739 r=0
T3[t=839s] shard10 r1 #12 cell=(189,67) sc=50274 nodes=50001 r=-1
T3[t=839s] shard3 r0 #63 cell=(19,62) sc=50268 nodes=50001 r=-1
T3[t=840s] shard7 r1 #9 cell=(25,63) sc=50257 nodes=50001 r=-1
T3[t=840s] shard13 r1 #36 cell=(225,34) sc=50270 nodes=50001 r=-1
T3[t=841s] shard14 r1 #7 cell=(42,64) sc=50267 nodes=50001 r=-1
T3[t=841s] shard6 r0 #66 cell=(38,65) sc=50261 nodes=50001 r=-1
T3[t=841s] shard8 r1 #14 cell=(203,63) sc=50272 nodes=50001 r=-1
T3[t=842s] shard0 r0 #67 cell=(27,78) sc=50269 nodes=50001 r=-1
T3[t=842s] shard4 r1 #9 cell=(187,61) sc=50264 nodes=50001 r=-1
T3[t=842s] shard12 r0 #69 cell=(32,69) sc=50269 nodes=50001 r=-1
T3[t=842s] shard2 r1 #8 cell=(47,61) sc=50271 nodes=50001 r=-1
T3[t=843s] shard11 r1 #9 cell=(197,47) sc=50262 nodes=50001 r=-1
T3[t=843s] shard10 r1 #13 cell=(198,68) sc=50266 nodes=50001 r=-1
T3[t=844s] shard9 r0 #64 cell=(29,56) sc=50268 nodes=50001 r=-1
T3[t=844s] shard1 r0 #87 cell=(118,75) sc=50272 nodes=49930 r=0
T3[t=845s] shard15 r0 #73 cell=(23,66) sc=50272 nodes=50001 r=-1
T3[t=845s] shard3 r0 #64 cell=(241,62) sc=50272 nodes=50001 r=-1
T3[t=845s] shard7 r1 #10 cell=(201,63) sc=50270 nodes=50001 r=-1
T3[t=846s] shard14 r1 #8 cell=(203,67) sc=50270 nodes=50001 r=-1
T3[t=846s] shard5 r1 #6 cell=(30,60) sc=50273 nodes=50001 r=-1
T3[t=846s] shard8 r1 #15 cell=(202,64) sc=50267 nodes=50001 r=-1
T3[t=846s] shard6 r0 #67 cell=(210,65) sc=50272 nodes=50001 r=-1
T3[t=847s] shard12 r0 #70 cell=(206,69) sc=50271 nodes=50001 r=-1
T3[t=847s] shard13 r1 #37 cell=(92,43) sc=50263 nodes=50001 r=-1
T3[t=848s] shard4 r1 #10 cell=(24,62) sc=50262 nodes=50001 r=-1
T3[t=848s] shard11 r1 #10 cell=(192,50) sc=50274 nodes=50001 r=-1
T3[t=848s] shard0 r0 #68 cell=(28,79) sc=50272 nodes=50001 r=-1
T3[t=848s] shard2 r1 #9 cell=(16,62) sc=50272 nodes=50001 r=-1
T3[t=849s] shard10 r1 #14 cell=(41,71) sc=50261 nodes=50001 r=-1
T3[t=850s] shard1 r0 #88 cell=(209,78) sc=50263 nodes=34303 r=0
T3[t=850s] shard15 r0 #74 cell=(208,67) sc=50272 nodes=50001 r=-1
T3[t=850s] shard14 r1 #9 cell=(208,68) sc=50272 nodes=50001 r=-1
T3[t=851s] shard6 r0 #68 cell=(39,66) sc=50270 nodes=50001 r=-1
T3[t=852s] shard3 r0 #65 cell=(27,64) sc=50258 nodes=50001 r=-1
T3[t=852s] shard12 r0 #71 cell=(53,70) sc=50269 nodes=50001 r=-1
T3[t=852s] shard5 r1 #7 cell=(17,61) sc=50267 nodes=50001 r=-1
T3[t=853s] shard13 r1 #40 cell=(192,53) sc=50264 nodes=50001 r=-1
T3[t=854s] shard10 r1 #15 cell=(194,74) sc=50273 nodes=50001 r=-1
T3[t=854s] shard9 r0 #65 cell=(107,58) sc=50268 nodes=50001 r=-1
T3[t=854s] shard4 r1 #11 cell=(9,63) sc=50271 nodes=50001 r=-1
T3[t=854s] shard11 r1 #14 cell=(16,58) sc=50271 nodes=50001 r=-1
T3[t=855s] shard0 r0 #69 cell=(191,82) sc=50273 nodes=50001 r=-1
T3[t=855s] shard15 r0 #75 cell=(209,68) sc=50263 nodes=50001 r=-1
T3[t=856s] shard1 r0 #89 cell=(36,59) sc=50266 nodes=50001 r=-1
sweep shard1 round0 done (budget 50000)
T3[t=857s] shard5 r1 #10 cell=(187,63) sc=50266 nodes=50001 r=-1
T3[t=858s] shard2 r1 #10 cell=(29,65) sc=50257 nodes=50001 r=-1
T3[t=858s] shard12 r0 #72 cell=(44,71) sc=50267 nodes=50001 r=-1
T3[t=859s] shard7 r1 #11 cell=(32,64) sc=50267 nodes=50001 r=-1
T3[t=859s] shard13 r1 #42 cell=(32,55) sc=50263 nodes=50001 r=-1
T3[t=859s] shard6 r0 #69 cell=(40,67) sc=50265 nodes=50001 r=-1
T3[t=859s] shard11 r1 #15 cell=(188,58) sc=50263 nodes=50001 r=-1
T3[t=859s] shard3 r0 #66 cell=(99,64) sc=50266 nodes=33003 r=0
T3[t=859s] shard15 r0 #76 cell=(40,69) sc=50261 nodes=50001 r=-1
T3[t=859s] shard9 r0 #66 cell=(204,61) sc=50267 nodes=50001 r=-1
T3[t=860s] shard10 r1 #16 cell=(12,76) sc=50265 nodes=50001 r=-1
T3[t=861s] shard8 r1 #16 cell=(42,66) sc=50277 nodes=50001 r=-1
T3[t=861s] shard0 r0 #70 cell=(210,87) sc=50269 nodes=50001 r=-1
T3[t=862s] shard1 r1 #0 cell=(20,57) sc=50262 nodes=50001 r=-1
T3[t=862s] shard4 r1 #12 cell=(28,64) sc=50257 nodes=50001 r=-1
T3[t=863s] shard2 r1 #11 cell=(201,65) sc=50279 nodes=50001 r=-1
T3[t=864s] shard6 r0 #70 cell=(187,68) sc=50267 nodes=50001 r=-1
T3[t=864s] shard9 r0 #67 cell=(204,63) sc=50265 nodes=50001 r=-1
T3[t=864s] shard15 r0 #77 cell=(216,73) sc=50275 nodes=47014 r=0
T3[t=864s] shard12 r0 #73 cell=(9,72) sc=50269 nodes=50001 r=-1
T3[t=865s] shard10 r1 #18 cell=(219,23) sc=50264 nodes=50001 r=-1
T3[t=865s] shard14 r1 #10 cell=(37,69) sc=50257 nodes=50001 r=-1
T3[t=865s] shard11 r1 #16 cell=(23,59) sc=50260 nodes=50001 r=-1
T3[t=865s] shard13 r1 #43 cell=(33,56) sc=50264 nodes=50001 r=-1
T3[t=866s] shard3 r0 #67 cell=(30,65) sc=50256 nodes=50001 r=-1
T3[t=867s] shard1 r1 #1 cell=(204,50) sc=50264 nodes=50001 r=-1
T3[t=868s] shard0 r0 #71 cell=(34,101) sc=50264 nodes=50001 r=-1
T3[t=868s] shard8 r1 #17 cell=(43,67) sc=50271 nodes=50001 r=-1
T3[t=869s] shard4 r1 #13 cell=(5,69) sc=50272 nodes=50001 r=-1
T3[t=869s] shard2 r1 #12 cell=(33,67) sc=50264 nodes=50001 r=-1
T3[t=869s] shard5 r1 #11 cell=(30,64) sc=50267 nodes=50001 r=-1
T3[t=869s] shard9 r0 #68 cell=(205,64) sc=50270 nodes=50001 r=-1
T3[t=870s] shard14 r1 #11 cell=(184,70) sc=50267 nodes=50001 r=-1
T3[t=870s] shard12 r0 #74 cell=(6,73) sc=50269 nodes=50001 r=-1
T3[t=871s] shard13 r1 #44 cell=(193,58) sc=50268 nodes=50001 r=-1
T3[t=871s] shard1 r1 #2 cell=(192,80) sc=50269 nodes=50001 r=-1
T3[t=871s] shard10 r1 #19 cell=(22,60) sc=50265 nodes=50001 r=-1
T3[t=871s] shard3 r0 #68 cell=(36,67) sc=50263 nodes=50001 r=-1
T3[t=872s] shard7 r1 #12 cell=(41,67) sc=50261 nodes=50001 r=-1
T3[t=872s] shard15 r0 #78 cell=(8,75) sc=50264 nodes=50001 r=-1
T3[t=873s] shard4 r1 #15 cell=(193,71) sc=50270 nodes=50001 r=-1
T3[t=874s] shard5 r1 #12 cell=(184,64) sc=50268 nodes=50001 r=-1
T3[t=874s] shard6 r0 #71 cell=(186,69) sc=50269 nodes=50001 r=-1
T3[t=874s] shard0 r0 #72 cell=(41,120) sc=50271 nodes=50001 r=-1
T3[t=874s] shard9 r0 #69 cell=(44,67) sc=50272 nodes=50001 r=-1
T3[t=874s] shard14 r1 #12 cell=(205,73) sc=50272 nodes=50001 r=-1
T3[t=875s] shard11 r1 #18 cell=(33,61) sc=50270 nodes=50001 r=-1
T3[t=875s] shard2 r1 #13 cell=(46,68) sc=50255 nodes=50001 r=-1
T3[t=876s] shard1 r1 #4 cell=(201,43) sc=50267 nodes=50001 r=-1
T3[t=876s] shard13 r1 #46 cell=(45,62) sc=50272 nodes=50001 r=-1
T3[t=877s] shard4 r1 #16 cell=(182,78) sc=50271 nodes=50001 r=-1
T3[t=878s] shard0 r0 #73 cell=(232,175) sc=50265 nodes=32248 r=0
T3[t=878s] shard7 r1 #14 cell=(11,69) sc=50265 nodes=50001 r=-1
T3[t=878s] shard12 r0 #75 cell=(37,76) sc=50256 nodes=50001 r=-1
T3[t=878s] shard15 r0 #79 cell=(201,76) sc=50270 nodes=50001 r=-1
T3[t=879s] shard3 r0 #69 cell=(51,68) sc=50276 nodes=49590 r=0
T3[t=879s] shard11 r1 #20 cell=(184,66) sc=50271 nodes=50001 r=-1
T3[t=879s] shard6 r0 #72 cell=(198,71) sc=50273 nodes=50001 r=-1
T3[t=879s] shard9 r0 #70 cell=(20,69) sc=50267 nodes=50001 r=-1
T3[t=880s] shard5 r1 #14 cell=(34,66) sc=50264 nodes=50001 r=-1
T3[t=880s] shard14 r1 #15 cell=(23,49) sc=50270 nodes=50001 r=-1
T3[t=881s] shard2 r1 #14 cell=(3,69) sc=50275 nodes=50001 r=-1
T3[t=881s] shard1 r1 #6 cell=(26,48) sc=50274 nodes=50001 r=-1
T3[t=882s] shard4 r1 #23 cell=(209,59) sc=50274 nodes=50001 r=-1
T3[t=882s] shard10 r1 #20 cell=(31,65) sc=50255 nodes=50001 r=-1
T3[t=882s] shard7 r1 #17 cell=(183,77) sc=50277 nodes=50001 r=-1
T3[t=882s] shard13 r1 #47 cell=(34,63) sc=50266 nodes=50001 r=-1
T3[t=883s] shard0 r0 #74 cell=(12,33) sc=50270 nodes=50001 r=-1
T3[t=884s] shard6 r0 #73 cell=(197,72) sc=50271 nodes=50001 r=-1
T3[t=884s] shard5 r1 #15 cell=(208,66) sc=50273 nodes=50001 r=-1
T3[t=884s] shard3 r0 #70 cell=(4,69) sc=50277 nodes=50001 r=-1
T3[t=885s] shard12 r0 #76 cell=(11,78) sc=50269 nodes=50001 r=-1
T3[t=885s] shard11 r1 #21 cell=(13,67) sc=50268 nodes=50001 r=-1
T3[t=885s] shard14 r1 #16 cell=(36,52) sc=50271 nodes=50001 r=-1
T3[t=885s] shard8 r1 #18 cell=(17,69) sc=50270 nodes=50001 r=-1
T3[t=886s] shard1 r1 #7 cell=(25,49) sc=50273 nodes=50001 r=-1
T3[t=887s] shard15 r0 #80 cell=(177,80) sc=50254 nodes=50001 r=-1
T3[t=887s] shard7 r1 #18 cell=(5,85) sc=50266 nodes=50001 r=-1
T3[t=887s] shard9 r0 #71 cell=(202,69) sc=50267 nodes=50001 r=-1
T3[t=888s] shard13 r1 #48 cell=(41,64) sc=50270 nodes=50001 r=-1
T3[t=889s] shard2 r1 #15 cell=(45,69) sc=50256 nodes=50001 r=-1
T3[t=889s] shard6 r0 #74 cell=(52,73) sc=50269 nodes=50001 r=-1
T3[t=889s] shard0 r0 #75 cell=(242,35) sc=50259 nodes=50001 r=-1
T3[t=890s] shard14 r1 #17 cell=(196,60) sc=50264 nodes=50001 r=-1
T3[t=890s] shard8 r1 #19 cell=(199,69) sc=50268 nodes=50001 r=-1
T3[t=890s] shard12 r0 #77 cell=(25,80) sc=50259 nodes=50001 r=-1
T3[t=891s] shard4 r1 #24 cell=(17,63) sc=50268 nodes=50001 r=-1
T3[t=892s] shard3 r0 #71 cell=(46,69) sc=50255 nodes=50001 r=-1
T3[t=892s] shard7 r1 #20 cell=(224,34) sc=50269 nodes=50001 r=-1
T3[t=893s] shard11 r1 #23 cell=(31,69) sc=50263 nodes=50001 r=-1
T3[t=893s] shard13 r1 #50 cell=(24,67) sc=50271 nodes=50001 r=-1
T3[t=894s] shard2 r1 #16 cell=(202,70) sc=50264 nodes=50001 r=-1
T3[t=894s] shard9 r0 #72 cell=(205,72) sc=50260 nodes=50001 r=-1
T3[t=894s] shard0 r0 #76 cell=(204,39) sc=50266 nodes=50001 r=-1
T3[t=895s] shard15 r0 #81 cell=(179,82) sc=50263 nodes=50001 r=-1
T3[t=896s] shard1 r1 #9 cell=(48,56) sc=50268 nodes=50001 r=-1
T3[t=896s] shard10 r1 #21 cell=(35,69) sc=50259 nodes=50001 r=-1
T3[t=896s] shard5 r1 #16 cell=(39,67) sc=50263 nodes=50001 r=-1
T3[t=896s] shard6 r0 #75 cell=(174,77) sc=50279 nodes=50001 r=-1
T3[t=896s] shard8 r1 #20 cell=(40,70) sc=50262 nodes=50001 r=-1
T3[t=896s] shard7 r1 #23 cell=(200,46) sc=50271 nodes=50001 r=-1
T3[t=897s] shard3 r0 #72 cell=(205,70) sc=50266 nodes=50001 r=-1
T3[t=897s] shard4 r1 #25 cell=(17,65) sc=50269 nodes=50001 r=-1
T3[t=898s] shard14 r1 #18 cell=(42,62) sc=50273 nodes=50001 r=-1
T3[t=898s] shard2 r1 #17 cell=(187,71) sc=50270 nodes=50001 r=-1
T3[t=898s] shard12 r0 #78 cell=(13,86) sc=50273 nodes=50001 r=-1
T3[t=900s] shard9 r0 #73 cell=(210,77) sc=50277 nodes=50001 r=-1
T3[t=900s] shard0 r0 #77 cell=(202,43) sc=50267 nodes=50001 r=-1
T3[t=900s] shard15 r0 #82 cell=(38,97) sc=50263 nodes=50001 r=-1
T3[t=900s] shard5 r1 #17 cell=(185,69) sc=50270 nodes=50001 r=-1
T3[t=901s] shard8 r1 #21 cell=(202,72) sc=50272 nodes=50001 r=-1
T3[t=902s] shard1 r1 #10 cell=(31,57) sc=50267 nodes=50001 r=-1
T3[t=902s] shard7 r1 #24 cell=(27,53) sc=50263 nodes=50001 r=-1
T3[t=903s] shard14 r1 #19 cell=(204,64) sc=50269 nodes=50001 r=-1
T3[t=903s] shard13 r1 #51 cell=(200,67) sc=50269 nodes=50001 r=-1
T3[t=903s] shard12 r0 #79 cell=(214,99) sc=50267 nodes=50001 r=-1
T3[t=903s] shard6 r0 #76 cell=(193,78) sc=50268 nodes=50001 r=-1
T3[t=904s] shard3 r0 #73 cell=(51,72) sc=50265 nodes=49594 r=0
T3[t=905s] shard8 r1 #24 cell=(191,81) sc=50270 nodes=50001 r=-1
T3[t=905s] shard4 r1 #26 cell=(40,66) sc=50275 nodes=50001 r=-1
T3[t=905s] shard10 r1 #22 cell=(44,72) sc=50252 nodes=50001 r=-1
T3[t=905s] shard0 r0 #78 cell=(216,45) sc=50264 nodes=50001 r=-1
T3[t=905s] shard9 r0 #74 cell=(3,80) sc=50269 nodes=50001 r=-1
T3[t=906s] shard11 r1 #24 cell=(44,70) sc=50261 nodes=50001 r=-1
T3[t=906s] shard5 r1 #18 cell=(36,70) sc=50264 nodes=50001 r=-1
T3[t=906s] shard1 r1 #11 cell=(210,58) sc=50264 nodes=50001 r=-1
T3[t=906s] shard15 r0 #83 cell=(32,101) sc=50264 nodes=50001 r=-1
T3[t=907s] shard14 r1 #20 cell=(183,65) sc=50267 nodes=50001 r=-1
T3[t=907s] shard7 r1 #25 cell=(214,56) sc=50272 nodes=50001 r=-1
T3[t=908s] shard12 r0 #80 cell=(26,117) sc=50266 nodes=40404 r=0
T3[t=908s] shard13 r1 #52 cell=(202,73) sc=50270 nodes=50001 r=-1
T3[t=909s] shard6 r0 #77 cell=(194,79) sc=50275 nodes=40748 r=0
T3[t=909s] shard8 r1 #27 cell=(220,22) sc=50272 nodes=50001 r=-1
T3[t=909s] shard10 r1 #24 cell=(199,35) sc=50272 nodes=50001 r=-1
T3[t=910s] shard5 r1 #19 cell=(196,72) sc=50270 nodes=50001 r=-1
T3[t=910s] shard4 r1 #27 cell=(10,76) sc=50264 nodes=50001 r=-1
T3[t=911s] shard9 r0 #75 cell=(208,81) sc=50276 nodes=50001 r=-1
T3[t=911s] shard2 r1 #18 cell=(42,72) sc=50254 nodes=50001 r=-1
T3[t=911s] shard0 r0 #79 cell=(208,49) sc=50273 nodes=50001 r=-1
T3[t=911s] shard11 r1 #25 cell=(8,72) sc=50266 nodes=50001 r=-1
T3[t=912s] shard3 r0 #74 cell=(36,73) sc=50269 nodes=50001 r=-1
T3[t=912s] shard15 r0 #84 cell=(40,119) sc=50268 nodes=45913 r=0
T3[t=912s] shard12 r0 #81 cell=(214,185) sc=50269 nodes=40205 r=0
T3[t=912s] shard1 r1 #13 cell=(12,62) sc=50266 nodes=50001 r=-1
T3[t=913s] shard13 r1 #53 cell=(205,74) sc=50263 nodes=50001 r=-1
T3[t=915s] shard10 r1 #25 cell=(35,43) sc=50266 nodes=50001 r=-1
T3[t=915s] shard4 r1 #28 cell=(207,87) sc=50272 nodes=50001 r=-1
T3[t=916s] shard8 r1 #28 cell=(20,60) sc=50267 nodes=50001 r=-1
T3[t=916s] shard2 r1 #19 cell=(25,73) sc=50263 nodes=50001 r=-1
T3[t=916s] shard11 r1 #26 cell=(195,73) sc=50273 nodes=50001 r=-1
T3[t=916s] shard9 r0 #76 cell=(208,85) sc=50273 nodes=50001 r=-1
T3[t=917s] shard7 r1 #26 cell=(14,60) sc=50272 nodes=50001 r=-1
T3[t=917s] shard6 r0 #78 cell=(178,81) sc=50268 nodes=50001 r=-1
T3[t=917s] shard0 r0 #80 cell=(189,52) sc=50263 nodes=50001 r=-1
T3[t=918s] shard5 r1 #20 cell=(44,74) sc=50261 nodes=50001 r=-1
T3[t=918s] shard15 r0 #85 cell=(217,8) sc=50272 nodes=41935 r=0
T3[t=919s] shard3 r0 #75 cell=(94,75) sc=50266 nodes=50001 r=-1
T3[t=919s] shard13 r1 #56 cell=(37,80) sc=50255 nodes=50001 r=-1
T3[t=920s] shard10 r1 #26 cell=(195,49) sc=50268 nodes=50001 r=-1
T3[t=920s] shard4 r1 #29 cell=(204,34) sc=50267 nodes=50001 r=-1
T3[t=920s] shard12 r0 #82 cell=(32,41) sc=50264 nodes=50001 r=-1
T3[t=921s] shard7 r1 #28 cell=(203,71) sc=50264 nodes=50001 r=-1
T3[t=922s] shard5 r1 #21 cell=(195,75) sc=50275 nodes=50001 r=-1
T3[t=922s] shard9 r0 #77 cell=(19,90) sc=50273 nodes=50001 r=-1
T3[t=922s] shard11 r1 #27 cell=(11,79) sc=50269 nodes=50001 r=-1
T3[t=923s] shard0 r0 #81 cell=(33,54) sc=50262 nodes=50001 r=-1
T3[t=923s] shard14 r1 #21 cell=(17,67) sc=50264 nodes=50001 r=-1
T3[t=923s] shard2 r1 #20 cell=(112,78) sc=50269 nodes=50001 r=-1
T3[t=923s] shard15 r0 #86 cell=(26,25) sc=50272 nodes=50001 r=-1
T3[t=924s] shard8 r1 #29 cell=(26,64) sc=50259 nodes=50001 r=-1
T3[t=925s] shard10 r1 #27 cell=(197,55) sc=50268 nodes=50001 r=-1
T3[t=925s] shard13 r1 #57 cell=(2,87) sc=50267 nodes=50001 r=-1
T3[t=926s] shard12 r0 #83 cell=(203,42) sc=50264 nodes=50001 r=-1
T3[t=926s] shard6 r0 #79 cell=(208,95) sc=50274 nodes=50001 r=-1
T3[t=926s] shard1 r1 #14 cell=(46,64) sc=50272 nodes=50001 r=-1
T3[t=926s] shard3 r0 #76 cell=(177,78) sc=50255 nodes=50001 r=-1
T3[t=926s] shard7 r1 #30 cell=(200,76) sc=50263 nodes=50001 r=-1
T3[t=928s] shard0 r0 #82 cell=(198,57) sc=50262 nodes=50001 r=-1
T3[t=928s] shard9 r0 #78 cell=(31,96) sc=50267 nodes=50001 r=-1
T3[t=928s] shard11 r1 #29 cell=(2,86) sc=50274 nodes=50001 r=-1
T3[t=928s] shard5 r1 #23 cell=(191,79) sc=50267 nodes=50001 r=-1
T3[t=929s] shard2 r1 #22 cell=(15,83) sc=50269 nodes=50001 r=-1
T3[t=930s] shard4 r1 #30 cell=(49,59) sc=50268 nodes=50001 r=-1
T3[t=930s] shard6 r0 #80 cell=(219,98) sc=50260 nodes=50001 r=-1
T3[t=931s] shard13 r1 #58 cell=(24,97) sc=50263 nodes=50001 r=-1
T3[t=931s] shard10 r1 #28 cell=(24,58) sc=50275 nodes=50001 r=-1
T3[t=931s] shard12 r0 #84 cell=(30,45) sc=50270 nodes=50001 r=-1
T3[t=931s] shard3 r0 #77 cell=(216,83) sc=50267 nodes=47831 r=0
T3[t=933s] shard1 r1 #15 cell=(25,65) sc=50259 nodes=50001 r=-1
T3[t=933s] shard15 r0 #87 cell=(74,39) sc=50258 nodes=50001 r=-1
T3[t=933s] shard11 r1 #31 cell=(221,23) sc=50262 nodes=50001 r=-1
T3[t=934s] shard5 r1 #28 cell=(28,50) sc=50274 nodes=50001 r=-1
T3[t=934s] shard2 r1 #27 cell=(201,33) sc=50270 nodes=50001 r=-1
T3[t=934s] shard8 r1 #30 cell=(27,65) sc=50259 nodes=50001 r=-1
T3[t=935s] shard9 r0 #79 cell=(30,99) sc=50266 nodes=50001 r=-1
T3[t=935s] shard14 r1 #22 cell=(18,68) sc=50271 nodes=50001 r=-1
T3[t=936s] shard4 r1 #31 cell=(51,61) sc=50271 nodes=50001 r=-1
T3[t=936s] shard7 r1 #32 cell=(49,55) sc=50271 nodes=50001 r=-1
T3[t=936s] shard10 r1 #31 cell=(198,60) sc=50262 nodes=50001 r=-1
T3[t=936s] shard12 r0 #85 cell=(204,51) sc=50264 nodes=50001 r=-1
T3[t=937s] shard6 r0 #81 cell=(37,106) sc=50268 nodes=50001 r=-1
T3[t=937s] shard3 r0 #78 cell=(21,88) sc=50264 nodes=50001 r=-1
T3[t=937s] shard13 r1 #59 cell=(25,24) sc=50263 nodes=50001 r=-1
T3[t=937s] shard0 r0 #83 cell=(108,59) sc=50263 nodes=50001 r=-1
T3[t=938s] shard11 r1 #32 cell=(199,31) sc=50269 nodes=50001 r=-1
T3[t=939s] shard5 r1 #29 cell=(21,53) sc=50268 nodes=50001 r=-1
T3[t=940s] shard8 r1 #31 cell=(52,66) sc=50271 nodes=50001 r=-1
T3[t=940s] shard1 r1 #16 cell=(31,67) sc=50265 nodes=50001 r=-1
T3[t=940s] shard9 r0 #80 cell=(30,113) sc=50266 nodes=44426 r=0
T3[t=941s] shard10 r1 #32 cell=(206,72) sc=50274 nodes=50001 r=-1
T3[t=942s] shard15 r0 #88 cell=(88,41) sc=50267 nodes=50001 r=-1
T3[t=942s] shard7 r1 #33 cell=(47,69) sc=50254 nodes=50001 r=-1
T3[t=942s] shard3 r0 #79 cell=(27,94) sc=50279 nodes=50001 r=-1
T3[t=942s] shard0 r0 #84 cell=(17,66) sc=50259 nodes=50001 r=-1
T3[t=942s] shard6 r0 #82 cell=(9,126) sc=50265 nodes=37726 r=0
T3[t=942s] shard11 r1 #34 cell=(202,42) sc=50266 nodes=50001 r=-1
T3[t=943s] shard13 r1 #61 cell=(16,39) sc=50270 nodes=50001 r=-1
T3[t=943s] shard4 r1 #35 cell=(37,73) sc=50268 nodes=50001 r=-1
T3[t=944s] shard12 r0 #86 cell=(46,57) sc=50273 nodes=50001 r=-1
T3[t=944s] shard14 r1 #23 cell=(43,69) sc=50251 nodes=50001 r=-1
T3[t=945s] shard8 r1 #32 cell=(8,74) sc=50265 nodes=50001 r=-1
T3[t=946s] shard2 r1 #30 cell=(35,67) sc=50267 nodes=50001 r=-1
T3[t=946s] shard1 r1 #19 cell=(9,77) sc=50259 nodes=50001 r=-1
T3[t=946s] shard9 r0 #81 cell=(1,138) sc=50266 nodes=37185 r=0
T3[t=947s] shard10 r1 #35 cell=(32,61) sc=50270 nodes=50001 r=-1
T3[t=947s] shard3 r0 #80 cell=(215,98) sc=50256 nodes=50001 r=-1
T3[t=947s] shard15 r0 #89 cell=(22,43) sc=50261 nodes=50001 r=-1
T3[t=947s] shard0 r0 #85 cell=(33,68) sc=50267 nodes=50001 r=-1
T3[t=948s] shard4 r1 #36 cell=(201,73) sc=50271 nodes=50001 r=-1
T3[t=948s] shard13 r1 #62 cell=(217,42) sc=50258 nodes=50001 r=-1
T3[t=948s] shard11 r1 #35 cell=(29,45) sc=50271 nodes=50001 r=-1
T3[t=948s] shard5 r1 #30 cell=(50,56) sc=50271 nodes=50001 r=-1
T3[t=949s] shard7 r1 #35 cell=(39,65) sc=50266 nodes=50001 r=-1
T3[t=949s] shard12 r0 #87 cell=(12,59) sc=50263 nodes=50001 r=-1
T3[t=950s] shard6 r0 #83 cell=(8,183) sc=50266 nodes=50001 r=-1
T3[t=951s] shard14 r1 #24 cell=(9,73) sc=50266 nodes=50001 r=-1
T3[t=951s] shard9 r0 #82 cell=(31,184) sc=50267 nodes=42720 r=0
T3[t=951s] shard8 r1 #33 cell=(11,77) sc=50270 nodes=50001 r=-1
T3[t=952s] shard3 r0 #81 cell=(12,123) sc=50272 nodes=39693 r=0
T3[t=952s] shard0 r0 #86 cell=(110,69) sc=50271 nodes=32121 r=0
T3[t=952s] shard1 r1 #20 cell=(113,79) sc=50269 nodes=50001 r=-1
T3[t=952s] shard2 r1 #33 cell=(1,87) sc=50273 nodes=50001 r=-1
T3[t=952s] shard10 r1 #36 cell=(215,16) sc=50274 nodes=50001 r=-1
T3[t=952s] shard15 r0 #90 cell=(28,49) sc=50277 nodes=50001 r=-1
T3[t=953s] shard11 r1 #36 cell=(199,47) sc=50264 nodes=50001 r=-1
T3[t=953s] shard5 r1 #32 cell=(201,67) sc=50266 nodes=50001 r=-1
T3[t=954s] shard12 r0 #88 cell=(201,64) sc=50263 nodes=50001 r=-1
T3[t=954s] shard13 r1 #63 cell=(22,49) sc=50276 nodes=50001 r=-1
T3[t=956s] shard7 r1 #36 cell=(18,71) sc=50266 nodes=50001 r=-1
T3[t=956s] shard14 r1 #25 cell=(27,79) sc=50269 nodes=50001 r=-1
T3[t=956s] shard9 r0 #83 cell=(221,22) sc=50261 nodes=50001 r=-1
T3[t=957s] shard1 r1 #24 cell=(215,39) sc=50269 nodes=50001 r=-1
T3[t=957s] shard6 r0 #84 cell=(207,22) sc=50270 nodes=50001 r=-1
T3[t=957s] shard0 r0 #87 cell=(30,73) sc=50273 nodes=50001 r=-1
T3[t=957s] shard10 r1 #38 cell=(200,39) sc=50270 nodes=50001 r=-1
T3[t=958s] shard8 r1 #34 cell=(104,90) sc=50270 nodes=50001 r=-1
T3[t=958s] shard3 r0 #82 cell=(4,179) sc=50274 nodes=50001 r=-1
T3[t=958s] shard2 r1 #34 cell=(45,57) sc=50271 nodes=50001 r=-1
T3[t=959s] shard11 r1 #39 cell=(41,57) sc=50254 nodes=50001 r=-1
T3[t=959s] shard13 r1 #65 cell=(195,60) sc=50265 nodes=50001 r=-1
T3[t=959s] shard12 r0 #89 cell=(52,65) sc=50272 nodes=50001 r=-1
T3[t=961s] shard7 r1 #39 cell=(205,66) sc=50268 nodes=50001 r=-1
T3[t=961s] shard14 r1 #28 cell=(202,46) sc=50262 nodes=50001 r=-1
T3[t=961s] shard1 r1 #25 cell=(203,43) sc=50263 nodes=50001 r=-1
T3[t=962s] shard9 r0 #84 cell=(243,30) sc=50256 nodes=50001 r=-1
T3[t=962s] shard15 r0 #91 cell=(103,52) sc=50270 nodes=50001 r=-1
T3[t=962s] shard5 r1 #33 cell=(52,68) sc=50269 nodes=50001 r=-1
T3[t=962s] shard4 r1 #37 cell=(39,63) sc=50275 nodes=50001 r=-1
T3[t=963s] shard10 r1 #42 cell=(37,52) sc=50276 nodes=50001 r=-1
T3[t=963s] shard0 r0 #88 cell=(122,75) sc=50267 nodes=50001 r=-1
T3[t=964s] shard2 r1 #35 cell=(45,61) sc=50269 nodes=50001 r=-1
T3[t=964s] shard8 r1 #35 cell=(18,58) sc=50260 nodes=50001 r=-1
T3[t=964s] shard3 r0 #83 cell=(15,28) sc=50260 nodes=50001 r=-1
T3[t=965s] shard12 r0 #90 cell=(225,66) sc=50270 nodes=48667 r=0
T3[t=965s] shard13 r1 #66 cell=(33,62) sc=50276 nodes=50001 r=-1
T3[t=966s] shard6 r0 #85 cell=(86,29) sc=50271 nodes=50001 r=-1
T3[t=966s] shard1 r1 #26 cell=(22,50) sc=50270 nodes=50001 r=-1
T3[t=967s] shard7 r1 #40 cell=(15,30) sc=50268 nodes=50001 r=-1
T3[t=967s] shard5 r1 #34 cell=(204,70) sc=50259 nodes=50001 r=-1
T3[t=967s] shard9 r0 #85 cell=(16,35) sc=50273 nodes=50001 r=-1
T3[t=968s] shard8 r1 #36 cell=(191,63) sc=50268 nodes=50001 r=-1
T3[t=968s] shard11 r1 #40 cell=(45,65) sc=50264 nodes=50001 r=-1
T3[t=968s] shard14 r1 #29 cell=(107,32) sc=50261 nodes=50001 r=-1
T3[t=969s] shard4 r1 #38 cell=(38,71) sc=50268 nodes=50001 r=-1
T3[t=969s] shard10 r1 #44 cell=(51,54) sc=50278 nodes=50001 r=-1
T3[t=969s] shard0 r0 #89 cell=(192,79) sc=50266 nodes=40751 r=0
T3[t=969s] shard2 r1 #36 cell=(13,69) sc=50267 nodes=50001 r=-1
T3[t=971s] shard13 r1 #67 cell=(203,64) sc=50261 nodes=50001 r=-1
T3[t=971s] shard6 r0 #86 cell=(201,34) sc=50269 nodes=50001 r=-1
T3[t=971s] shard1 r1 #28 cell=(199,57) sc=50264 nodes=50001 r=-1
T3[t=971s] shard12 r0 #91 cell=(38,69) sc=50263 nodes=50001 r=-1
T3[t=972s] shard15 r0 #92 cell=(174,57) sc=50274 nodes=50001 r=-1
T3[t=972s] shard7 r1 #44 cell=(215,40) sc=50264 nodes=50001 r=-1
T3[t=972s] shard9 r0 #86 cell=(217,40) sc=50260 nodes=50001 r=-1
T3[t=972s] shard5 r1 #39 cell=(47,63) sc=50271 nodes=50001 r=-1
T3[t=973s] shard3 r0 #84 cell=(63,34) sc=50267 nodes=50001 r=-1
T3[t=973s] shard8 r1 #38 cell=(207,71) sc=50262 nodes=50001 r=-1
T3[t=974s] shard14 r1 #32 cell=(21,28) sc=50267 nodes=50001 r=-1
T3[t=974s] shard10 r1 #46 cell=(208,57) sc=50257 nodes=50001 r=-1
T3[t=974s] shard4 r1 #40 cell=(10,83) sc=50274 nodes=50001 r=-1
T3[t=975s] shard0 r0 #90 cell=(7,86) sc=50267 nodes=50001 r=-1
T3[t=975s] shard11 r1 #41 cell=(122,74) sc=50266 nodes=50001 r=-1
T3[t=975s] shard2 r1 #37 cell=(39,73) sc=50270 nodes=50001 r=-1
T3[t=976s] shard13 r1 #68 cell=(182,65) sc=50268 nodes=50001 r=-1
T3[t=976s] shard1 r1 #29 cell=(185,59) sc=50271 nodes=50001 r=-1
T3[t=976s] shard6 r0 #87 cell=(203,40) sc=50265 nodes=50001 r=-1
T3[t=977s] shard15 r0 #93 cell=(197,60) sc=50265 nodes=50001 r=-1
T3[t=978s] shard7 r1 #46 cell=(24,51) sc=50277 nodes=50001 r=-1
T3[t=978s] shard12 r0 #92 cell=(231,72) sc=50259 nodes=50001 r=-1
T3[t=978s] shard8 r1 #40 cell=(207,42) sc=50274 nodes=50001 r=-1
T3[t=978s] shard3 r0 #85 cell=(257,36) sc=50278 nodes=50001 r=-1
T3[t=979s] shard10 r1 #47 cell=(187,58) sc=50262 nodes=50001 r=-1
T3[t=980s] shard5 r1 #42 cell=(48,66) sc=50269 nodes=50001 r=-1
T3[t=980s] shard11 r1 #42 cell=(6,84) sc=50274 nodes=50001 r=-1
T3[t=980s] shard14 r1 #33 cell=(9,36) sc=50268 nodes=50001 r=-1
T3[t=980s] shard2 r1 #38 cell=(30,54) sc=50262 nodes=50001 r=-1
T3[t=981s] shard0 r0 #91 cell=(37,96) sc=50273 nodes=50001 r=-1
T3[t=981s] shard4 r1 #41 cell=(21,54) sc=50263 nodes=50001 r=-1
T3[t=981s] shard13 r1 #69 cell=(16,67) sc=50260 nodes=50001 r=-1
T3[t=982s] shard9 r0 #87 cell=(103,42) sc=50274 nodes=50001 r=-1
T3[t=983s] shard6 r0 #88 cell=(218,41) sc=50266 nodes=50001 r=-1
T3[t=983s] shard12 r0 #93 cell=(7,84) sc=50275 nodes=50001 r=-1
T3[t=984s] shard8 r1 #41 cell=(199,30) sc=50270 nodes=50001 r=-1
T3[t=984s] shard7 r1 #48 cell=(36,53) sc=50261 nodes=50001 r=-1
T3[t=984s] shard15 r0 #94 cell=(43,62) sc=50251 nodes=50001 r=-1
T3[t=984s] shard3 r0 #86 cell=(238,39) sc=50267 nodes=50001 r=-1
T3[t=985s] shard11 r1 #43 cell=(201,49) sc=50267 nodes=50001 r=-1
T3[t=985s] shard10 r1 #48 cell=(20,59) sc=50270 nodes=50001 r=-1
T3[t=985s] shard0 r0 #92 cell=(28,119) sc=50272 nodes=38536 r=0
T3[t=986s] shard4 r1 #42 cell=(199,54) sc=50270 nodes=50001 r=-1
T3[t=986s] shard5 r1 #44 cell=(27,26) sc=50268 nodes=50001 r=-1
T3[t=986s] shard14 r1 #34 cell=(28,37) sc=50264 nodes=50001 r=-1
T3[t=987s] shard13 r1 #70 cell=(17,68) sc=50260 nodes=50001 r=-1
T3[t=988s] shard9 r0 #88 cell=(34,47) sc=50273 nodes=50001 r=-1
T3[t=989s] shard8 r1 #42 cell=(200,35) sc=50267 nodes=50001 r=-1
T3[t=989s] shard7 r1 #49 cell=(192,57) sc=50267 nodes=50001 r=-1
T3[t=989s] shard6 r0 #89 cell=(213,44) sc=50271 nodes=50001 r=-1
T3[t=990s] shard10 r1 #49 cell=(200,59) sc=50264 nodes=50001 r=-1
T3[t=990s] shard12 r0 #94 cell=(38,109) sc=50268 nodes=50001 r=-1
T3[t=990s] shard15 r0 #95 cell=(241,64) sc=50272 nodes=50001 r=-1
T3[t=991s] shard11 r1 #44 cell=(23,53) sc=50269 nodes=50001 r=-1
T3[t=992s] shard4 r1 #43 cell=(25,26) sc=50261 nodes=50001 r=-1
T3[t=992s] shard14 r1 #35 cell=(27,40) sc=50265 nodes=50001 r=-1
T3[t=993s] shard13 r1 #71 cell=(42,69) sc=50259 nodes=50001 r=-1
T3[t=993s] shard5 r1 #45 cell=(84,35) sc=50268 nodes=50001 r=-1
T3[t=993s] shard1 r1 #30 cell=(18,66) sc=50258 nodes=50001 r=-1
T3[t=993s] shard3 r0 #87 cell=(69,44) sc=50261 nodes=50001 r=-1
T3[t=994s] shard9 r0 #89 cell=(96,53) sc=50263 nodes=32061 r=0
T3[t=994s] shard0 r0 #93 cell=(28,183) sc=50269 nodes=45625 r=0
T3[t=995s] shard7 r1 #50 cell=(49,58) sc=50279 nodes=50001 r=-1
T3[t=995s] shard8 r1 #43 cell=(21,42) sc=50264 nodes=50001 r=-1
T3[t=996s] shard2 r1 #39 cell=(35,65) sc=50269 nodes=50001 r=-1
T3[t=996s] shard10 r1 #50 cell=(30,63) sc=50270 nodes=50001 r=-1
T3[t=996s] shard15 r0 #96 cell=(18,67) sc=50267 nodes=50001 r=-1
T3[t=997s] shard11 r1 #45 cell=(28,58) sc=50275 nodes=50001 r=-1
T3[t=998s] shard4 r1 #47 cell=(15,38) sc=50270 nodes=50001 r=-1
T3[t=998s] shard6 r0 #90 cell=(105,46) sc=50267 nodes=50001 r=-1
T3[t=998s] shard13 r1 #72 cell=(8,73) sc=50267 nodes=50001 r=-1
T3[t=999s] shard14 r1 #36 cell=(96,43) sc=50278 nodes=50001 r=-1
T3[t=999s] shard5 r1 #46 cell=(17,38) sc=50268 nodes=50001 r=-1
T3[t=999s] shard3 r0 #88 cell=(31,46) sc=50271 nodes=50001 r=-1
T3[t=999s] shard9 r0 #90 cell=(21,60) sc=50270 nodes=50001 r=-1
T3[t=1000s] shard0 r0 #94 cell=(227,46) sc=50268 nodes=50001 r=-1
T3[t=1000s] shard15 r0 #97 cell=(31,68) sc=50271 nodes=50001 r=-1
T3[t=1000s] shard12 r0 #95 cell=(10,181) sc=50278 nodes=50001 r=-1
T3[t=1000s] shard7 r1 #51 cell=(52,59) sc=50268 nodes=50001 r=-1
T3[t=1000s] shard8 r1 #44 cell=(32,43) sc=50267 nodes=50001 r=-1
T3[t=1001s] shard11 r1 #47 cell=(204,74) sc=50260 nodes=50001 r=-1
T3[t=1001s] shard2 r1 #41 cell=(216,25) sc=50267 nodes=50001 r=-1
T3[t=1001s] shard10 r1 #51 cell=(37,64) sc=50263 nodes=50001 r=-1
T3[t=1002s] shard1 r1 #31 cell=(34,68) sc=50262 nodes=50001 r=-1
T3[t=1002s] shard4 r1 #49 cell=(203,44) sc=50262 nodes=50001 r=-1
T3[t=1004s] shard5 r1 #47 cell=(211,40) sc=50272 nodes=50001 r=-1
T3[t=1004s] shard6 r0 #91 cell=(255,50) sc=50266 nodes=50001 r=-1
T3[t=1004s] shard0 r0 #95 cell=(195,56) sc=50260 nodes=50001 r=-1
T3[t=1004s] shard14 r1 #37 cell=(29,44) sc=50272 nodes=50001 r=-1
T3[t=1004s] shard13 r1 #73 cell=(10,75) sc=50265 nodes=50001 r=-1
T3[t=1006s] shard10 r1 #52 cell=(46,65) sc=50263 nodes=50001 r=-1
T3[t=1007s] shard3 r0 #89 cell=(28,55) sc=50273 nodes=50001 r=-1
T3[t=1007s] shard2 r1 #42 cell=(18,29) sc=50263 nodes=50001 r=-1
T3[t=1007s] shard12 r0 #96 cell=(220,43) sc=50267 nodes=50001 r=-1
T3[t=1007s] shard11 r1 #49 cell=(38,64) sc=50264 nodes=50001 r=-1
T3[t=1007s] shard1 r1 #32 cell=(193,79) sc=50275 nodes=50001 r=-1
T3[t=1007s] shard15 r0 #98 cell=(52,69) sc=50274 nodes=50001 r=-1
T3[t=1007s] shard8 r1 #46 cell=(106,47) sc=50277 nodes=50001 r=-1
T3[t=1008s] shard7 r1 #52 cell=(109,60) sc=50272 nodes=50001 r=-1
T3[t=1008s] shard4 r1 #51 cell=(203,54) sc=50267 nodes=50001 r=-1
T3[t=1009s] shard9 r0 #91 cell=(161,64) sc=50277 nodes=50001 r=-1
T3[t=1009s] shard5 r1 #48 cell=(212,43) sc=50271 nodes=50001 r=-1
T3[t=1009s] shard6 r0 #92 cell=(26,53) sc=50275 nodes=50001 r=-1
T3[t=1010s] shard14 r1 #38 cell=(32,45) sc=50268 nodes=50001 r=-1
T3[t=1010s] shard13 r1 #74 cell=(26,79) sc=50266 nodes=50001 r=-1
T3[t=1011s] shard0 r0 #96 cell=(226,1) sc=50255 nodes=50001 r=-1
T3[t=1012s] shard3 r0 #90 cell=(208,59) sc=50265 nodes=50001 r=-1
T3[t=1012s] shard2 r1 #45 cell=(204,41) sc=50275 nodes=50001 r=-1
T3[t=1012s] shard1 r1 #34 cell=(199,33) sc=50259 nodes=50001 r=-1
T3[t=1013s] shard10 r1 #55 cell=(43,70) sc=50261 nodes=50001 r=-1
T3[t=1013s] shard4 r1 #52 cell=(198,55) sc=50265 nodes=50001 r=-1
T3[t=1013s] shard11 r1 #51 cell=(9,78) sc=50272 nodes=50001 r=-1
T3[t=1013s] shard8 r1 #47 cell=(27,50) sc=50271 nodes=50001 r=-1
T3[t=1014s] shard15 r0 #99 cell=(18,75) sc=50279 nodes=50001 r=-1
T3[t=1014s] shard7 r1 #53 cell=(24,61) sc=50265 nodes=50001 r=-1
T3[t=1014s] shard12 r0 #97 cell=(35,46) sc=50271 nodes=49962 r=0
T3[t=1015s] shard6 r0 #93 cell=(47,58) sc=50269 nodes=50001 r=-1
T3[t=1015s] shard5 r1 #51 cell=(27,52) sc=50275 nodes=50001 r=-1
T3[t=1015s] shard9 r0 #92 cell=(28,65) sc=50258 nodes=50001 r=-1
T3[t=1016s] shard14 r1 #39 cell=(24,47) sc=50272 nodes=50001 r=-1
T3[t=1016s] shard0 r0 #97 cell=(201,40) sc=50274 nodes=50001 r=-1
T3[t=1017s] shard13 r1 #76 cell=(15,26) sc=50269 nodes=50001 r=-1
T3[t=1017s] shard2 r1 #46 cell=(215,42) sc=50259 nodes=50001 r=-1
T3[t=1018s] shard1 r1 #35 cell=(29,51) sc=50271 nodes=50001 r=-1
T3[t=1018s] shard4 r1 #53 cell=(171,56) sc=50264 nodes=50001 r=-1
T3[t=1018s] shard3 r0 #91 cell=(27,66) sc=50270 nodes=50001 r=-1
T3[t=1019s] shard7 r1 #54 cell=(196,61) sc=50273 nodes=50001 r=-1
T3[t=1019s] shard11 r1 #53 cell=(24,41) sc=50273 nodes=50001 r=-1
T3[t=1019s] shard10 r1 #57 cell=(7,78) sc=50272 nodes=50001 r=-1
T3[t=1019s] shard8 r1 #49 cell=(25,56) sc=50273 nodes=50001 r=-1
T3[t=1020s] shard12 r0 #98 cell=(24,53) sc=50268 nodes=50001 r=-1
T3[t=1021s] shard9 r0 #93 cell=(181,66) sc=50268 nodes=50001 r=-1
T3[t=1021s] shard6 r0 #94 cell=(13,60) sc=50270 nodes=50001 r=-1
T3[t=1021s] shard5 r1 #52 cell=(32,53) sc=50264 nodes=50001 r=-1
T3[t=1021s] shard15 r0 #100 cell=(38,79) sc=50267 nodes=50001 r=-1
T3[t=1022s] shard14 r1 #41 cell=(195,52) sc=50279 nodes=50001 r=-1
T3[t=1022s] shard13 r1 #77 cell=(27,56) sc=50266 nodes=50001 r=-1
T3[t=1022s] shard0 r0 #98 cell=(8,61) sc=50265 nodes=50001 r=-1
T3[t=1023s] shard2 r1 #47 cell=(204,43) sc=50276 nodes=50001 r=-1
T3[t=1024s] shard1 r1 #36 cell=(39,59) sc=50268 nodes=50001 r=-1
T3[t=1024s] shard4 r1 #54 cell=(48,57) sc=50267 nodes=50001 r=-1
T3[t=1024s] shard3 r0 #92 cell=(21,70) sc=50267 nodes=50001 r=-1
T3[t=1024s] shard7 r1 #55 cell=(212,65) sc=50269 nodes=50001 r=-1
T3[t=1025s] shard8 r1 #50 cell=(193,56) sc=50265 nodes=50001 r=-1
T3[t=1025s] shard10 r1 #58 cell=(11,80) sc=50274 nodes=50001 r=-1
T3[t=1025s] shard11 r1 #58 cell=(53,54) sc=50271 nodes=50001 r=-1
T3[t=1025s] shard6 r0 #95 cell=(22,65) sc=50269 nodes=32941 r=0
T3[t=1026s] shard12 r0 #99 cell=(234,55) sc=50272 nodes=50001 r=-1
T3[t=1026s] shard5 r1 #54 cell=(175,56) sc=50271 nodes=50001 r=-1
T3[t=1026s] shard9 r0 #94 cell=(34,69) sc=50267 nodes=50001 r=-1
T3[t=1027s] shard14 r1 #42 cell=(194,53) sc=50265 nodes=50001 r=-1
T3[t=1027s] shard13 r1 #78 cell=(185,62) sc=50253 nodes=50001 r=-1
T3[t=1028s] shard0 r0 #99 cell=(215,62) sc=50272 nodes=50001 r=-1
T3[t=1028s] shard15 r0 #101 cell=(27,96) sc=50277 nodes=50001 r=-1
T3[t=1029s] shard2 r1 #48 cell=(88,45) sc=50269 nodes=50001 r=-1
T3[t=1030s] shard7 r1 #56 cell=(41,66) sc=50276 nodes=50001 r=-1
T3[t=1030s] shard4 r1 #55 cell=(29,60) sc=50279 nodes=50001 r=-1
T3[t=1030s] shard3 r0 #93 cell=(94,73) sc=50268 nodes=40060 r=0
T3[t=1030s] shard6 r0 #96 cell=(202,67) sc=50271 nodes=50001 r=-1
T3[t=1031s] shard10 r1 #59 cell=(7,82) sc=50273 nodes=50001 r=-1
T3[t=1031s] shard8 r1 #51 cell=(16,59) sc=50265 nodes=50001 r=-1
T3[t=1031s] shard11 r1 #59 cell=(31,56) sc=50266 nodes=50001 r=-1
T3[t=1032s] shard5 r1 #55 cell=(50,57) sc=50267 nodes=50001 r=-1
T3[t=1032s] shard12 r0 #100 cell=(5,88) sc=50262 nodes=50001 r=-1
T3[t=1032s] shard0 r0 #100 cell=(195,68) sc=50267 nodes=50001 r=-1
T3[t=1032s] shard9 r0 #95 cell=(9,74) sc=50267 nodes=50001 r=-1
T3[t=1033s] shard1 r1 #37 cell=(29,61) sc=50275 nodes=50001 r=-1
T3[t=1033s] shard14 r1 #44 cell=(18,57) sc=50264 nodes=50001 r=-1
T3[t=1034s] shard13 r1 #79 cell=(7,68) sc=50263 nodes=50001 r=-1
T3[t=1035s] shard15 r0 #102 cell=(26,183) sc=50271 nodes=50001 r=-1
T3[t=1035s] shard2 r1 #49 cell=(29,46) sc=50273 nodes=50001 r=-1
T3[t=1036s] shard7 r1 #57 cell=(4,67) sc=50275 nodes=50001 r=-1
T3[t=1036s] shard3 r0 #94 cell=(9,76) sc=50267 nodes=50001 r=-1
T3[t=1036s] shard4 r1 #56 cell=(16,61) sc=50272 nodes=50001 r=-1
T3[t=1037s] shard10 r1 #63 cell=(22,41) sc=50275 nodes=50001 r=-1
T3[t=1037s] shard11 r1 #60 cell=(41,62) sc=50270 nodes=50001 r=-1
T3[t=1037s] shard12 r0 #101 cell=(26,37) sc=50269 nodes=50001 r=-1
T3[t=1037s] shard8 r1 #52 cell=(26,61) sc=50266 nodes=50001 r=-1
T3[t=1037s] shard5 r1 #57 cell=(50,59) sc=50270 nodes=50001 r=-1
T3[t=1038s] shard6 r0 #97 cell=(235,68) sc=50263 nodes=50001 r=-1
T3[t=1038s] shard9 r0 #96 cell=(12,77) sc=50273 nodes=50001 r=-1
T3[t=1038s] shard0 r0 #101 cell=(10,73) sc=50265 nodes=50001 r=-1
T3[t=1039s] shard14 r1 #45 cell=(23,58) sc=50267 nodes=50001 r=-1
T3[t=1039s] shard13 r1 #81 cell=(39,72) sc=50269 nodes=50001 r=-1
T3[t=1040s] shard15 r0 #103 cell=(203,58) sc=50266 nodes=50001 r=-1
T3[t=1041s] shard4 r1 #57 cell=(184,63) sc=50263 nodes=50001 r=-1
T3[t=1041s] shard2 r1 #50 cell=(27,48) sc=50273 nodes=50001 r=-1
T3[t=1041s] shard12 r0 #102 cell=(197,74) sc=50271 nodes=50001 r=-1
T3[t=1042s] shard7 r1 #58 cell=(39,70) sc=50264 nodes=50001 r=-1
T3[t=1042s] shard11 r1 #61 cell=(32,63) sc=50268 nodes=50001 r=-1
T3[t=1043s] shard10 r1 #64 cell=(28,45) sc=50272 nodes=50001 r=-1
T3[t=1043s] shard5 r1 #59 cell=(13,68) sc=50269 nodes=50001 r=-1
T3[t=1043s] shard3 r0 #95 cell=(193,80) sc=50277 nodes=50001 r=-1
T3[t=1043s] shard8 r1 #53 cell=(28,63) sc=50269 nodes=50001 r=-1
T3[t=1044s] shard0 r0 #102 cell=(3,82) sc=50268 nodes=50001 r=-1
T3[t=1044s] shard6 r0 #98 cell=(192,71) sc=50271 nodes=38660 r=0
T3[t=1044s] shard9 r0 #97 cell=(36,103) sc=50261 nodes=50001 r=-1
T3[t=1045s] shard14 r1 #46 cell=(36,61) sc=50266 nodes=50001 r=-1
T3[t=1045s] shard15 r0 #104 cell=(212,53) sc=50275 nodes=50001 r=-1
T3[t=1045s] shard13 r1 #83 cell=(25,36) sc=50277 nodes=50001 r=-1
sweep shard13 round1 done (budget 50000)
T3[t=1047s] shard12 r0 #103 cell=(16,79) sc=50270 nodes=50001 r=-1
T3[t=1047s] shard4 r1 #58 cell=(32,65) sc=50254 nodes=50001 r=-1
T3[t=1047s] shard7 r1 #59 cell=(202,71) sc=50269 nodes=50001 r=-1
T3[t=1047s] shard2 r1 #51 cell=(21,52) sc=50270 nodes=50001 r=-1
T3[t=1049s] shard5 r1 #61 cell=(6,69) sc=50267 nodes=50001 r=-1
T3[t=1049s] shard11 r1 #63 cell=(11,66) sc=50273 nodes=50001 r=-1
T3[t=1049s] shard3 r0 #96 cell=(36,97) sc=50265 nodes=50001 r=-1
T3[t=1049s] shard8 r1 #54 cell=(35,64) sc=50269 nodes=50001 r=-1
T3[t=1049s] shard9 r0 #98 cell=(192,45) sc=50267 nodes=50001 r=-1
T3[t=1049s] shard0 r0 #103 cell=(209,88) sc=50264 nodes=50001 r=-1
T3[t=1050s] shard15 r0 #105 cell=(205,62) sc=50268 nodes=50001 r=-1
T3[t=1050s] shard10 r1 #65 cell=(198,47) sc=50270 nodes=50001 r=-1
T3[t=1051s] shard14 r1 #47 cell=(47,62) sc=50271 nodes=50001 r=-1
T3[t=1051s] shard6 r0 #99 cell=(118,73) sc=50275 nodes=50001 r=-1
T3[t=1051s] shard13 r2 #1 cell=(218,32) sc=50262 nodes=65362 r=0
T3[t=1052s] shard4 r1 #59 cell=(204,65) sc=50269 nodes=50001 r=-1
T3[t=1052s] shard1 r1 #38 cell=(15,65) sc=50259 nodes=50001 r=-1
T3[t=1053s] shard2 r1 #53 cell=(49,56) sc=50267 nodes=50001 r=-1
T3[t=1053s] shard7 r1 #64 cell=(14,107) sc=50271 nodes=50001 r=-1
T3[t=1053s] shard0 r0 #104 cell=(222,179) sc=50269 nodes=34571 r=0
T3[t=1054s] shard12 r0 #104 cell=(23,82) sc=50272 nodes=50001 r=-1
T3[t=1054s] shard15 r0 #106 cell=(189,70) sc=50270 nodes=50001 r=-1
T3[t=1054s] shard3 r0 #97 cell=(208,11) sc=50272 nodes=50001 r=-1
T3[t=1055s] shard8 r1 #55 cell=(42,65) sc=50260 nodes=50001 r=-1
T3[t=1055s] shard5 r1 #62 cell=(12,71) sc=50257 nodes=50001 r=-1
T3[t=1056s] shard9 r0 #99 cell=(237,30) sc=50271 nodes=50001 r=-1
T3[t=1056s] shard14 r1 #48 cell=(38,63) sc=50264 nodes=50001 r=-1
T3[t=1056s] shard10 r1 #66 cell=(36,51) sc=50262 nodes=50001 r=-1
T3[t=1058s] shard4 r1 #60 cell=(33,66) sc=50268 nodes=50001 r=-1
T3[t=1058s] shard2 r1 #54 cell=(34,57) sc=50260 nodes=50001 r=-1
T3[t=1058s] shard11 r1 #64 cell=(198,67) sc=50267 nodes=50001 r=-1
T3[t=1059s] shard6 r0 #100 cell=(39,76) sc=50270 nodes=50001 r=-1
T3[t=1059s] shard15 r0 #107 cell=(202,179) sc=50274 nodes=40295 r=0
T3[t=1060s] shard5 r1 #63 cell=(196,71) sc=50271 nodes=50001 r=-1
T3[t=1060s] shard3 r0 #98 cell=(250,41) sc=50273 nodes=50001 r=-1
T3[t=1060s] shard7 r1 #66 cell=(85,30) sc=50273 nodes=50001 r=-1
T3[t=1060s] shard12 r0 #105 cell=(230,177) sc=50267 nodes=33579 r=0
T3[t=1060s] shard1 r1 #39 cell=(204,68) sc=50261 nodes=50001 r=-1
T3[t=1061s] shard8 r1 #56 cell=(8,67) sc=50260 nodes=50001 r=-1
T3[t=1061s] shard0 r0 #105 cell=(106,41) sc=50267 nodes=42989 r=0
T3[t=1062s] shard13 r2 #2 cell=(28,44) sc=50274 nodes=100001 r=-1
T3[t=1062s] shard11 r1 #65 cell=(42,71) sc=50263 nodes=50001 r=-1
T3[t=1063s] shard4 r1 #61 cell=(203,66) sc=50277 nodes=50001 r=-1
T3[t=1063s] shard14 r1 #49 cell=(11,64) sc=50272 nodes=50001 r=-1
T3[t=1063s] shard10 r1 #67 cell=(98,53) sc=50261 nodes=50001 r=-1
T3[t=1064s] shard2 r1 #55 cell=(33,58) sc=50258 nodes=50001 r=-1
T3[t=1064s] shard3 r0 #99 cell=(36,63) sc=50272 nodes=50001 r=-1
T3[t=1064s] shard6 r0 #101 cell=(218,87) sc=50275 nodes=50001 r=-1
T3[t=1065s] shard9 r0 #100 cell=(92,35) sc=50260 nodes=50001 r=-1
T3[t=1065s] shard12 r0 #106 cell=(206,67) sc=50270 nodes=50001 r=-1
T3[t=1066s] shard5 r1 #65 cell=(26,81) sc=50267 nodes=50001 r=-1
T3[t=1066s] shard15 r0 #108 cell=(50,71) sc=50266 nodes=49591 r=0
T3[t=1066s] shard7 r1 #67 cell=(27,38) sc=50271 nodes=50001 r=-1
T3[t=1066s] shard0 r0 #106 cell=(194,43) sc=50272 nodes=50001 r=-1
T3[t=1067s] shard1 r1 #40 cell=(9,71) sc=50265 nodes=50001 r=-1
T3[t=1067s] shard8 r1 #57 cell=(21,68) sc=50272 nodes=50001 r=-1
T3[t=1067s] shard11 r1 #66 cell=(195,74) sc=50272 nodes=50001 r=-1
T3[t=1068s] shard14 r1 #50 cell=(196,65) sc=50269 nodes=50001 r=-1
T3[t=1068s] shard13 r2 #3 cell=(215,45) sc=50271 nodes=67701 r=0
T3[t=1069s] shard4 r1 #62 cell=(11,68) sc=50262 nodes=50001 r=-1
T3[t=1069s] shard10 r1 #68 cell=(36,57) sc=50258 nodes=50001 r=-1
T3[t=1069s] shard3 r0 #100 cell=(14,69) sc=50258 nodes=33816 r=0
T3[t=1069s] shard2 r1 #56 cell=(15,60) sc=50271 nodes=50001 r=-1
T3[t=1071s] shard12 r0 #107 cell=(21,36) sc=50269 nodes=50001 r=-1
T3[t=1071s] shard9 r0 #101 cell=(18,39) sc=50272 nodes=50001 r=-1
T3[t=1071s] shard15 r0 #109 cell=(18,27) sc=50264 nodes=50001 r=-1
T3[t=1072s] shard6 r0 #102 cell=(1,164) sc=50263 nodes=50001 r=-1
T3[t=1072s] shard8 r1 #58 cell=(189,68) sc=50280 nodes=50001 r=-1
T3[t=1072s] shard0 r0 #107 cell=(23,36) sc=50270 nodes=50001 r=-1
T3[t=1072s] shard7 r1 #68 cell=(22,51) sc=50274 nodes=50001 r=-1
T3[t=1072s] shard5 r1 #68 cell=(16,29) sc=50269 nodes=50001 r=-1
T3[t=1073s] shard14 r1 #51 cell=(189,66) sc=50274 nodes=50001 r=-1
T3[t=1073s] shard1 r1 #43 cell=(38,72) sc=50270 nodes=50001 r=-1
T3[t=1073s] shard11 r1 #71 cell=(28,35) sc=50276 nodes=50001 r=-1
T3[t=1074s] shard10 r1 #69 cell=(201,58) sc=50264 nodes=50001 r=-1
T3[t=1074s] shard4 r1 #64 cell=(35,70) sc=50267 nodes=50001 r=-1
T3[t=1075s] shard2 r1 #57 cell=(46,63) sc=50272 nodes=50001 r=-1
T3[t=1076s] shard12 r0 #108 cell=(15,32) sc=50262 nodes=50001 r=-1
T3[t=1076s] shard15 r0 #110 cell=(14,75) sc=50264 nodes=50001 r=-1
sweep shard15 round0 done (budget 50000)
T3[t=1077s] shard8 r1 #59 cell=(204,71) sc=50275 nodes=50001 r=-1
T3[t=1077s] shard7 r1 #69 cell=(169,58) sc=50267 nodes=50001 r=-1
T3[t=1077s] shard6 r0 #103 cell=(22,45) sc=50266 nodes=50001 r=-1
T3[t=1077s] shard3 r0 #101 cell=(36,71) sc=50267 nodes=50001 r=-1
T3[t=1077s] shard5 r1 #69 cell=(207,44) sc=50273 nodes=50001 r=-1
T3[t=1077s] shard0 r0 #108 cell=(25,44) sc=50272 nodes=50001 r=-1
T3[t=1078s] shard11 r1 #73 cell=(185,60) sc=50269 nodes=50001 r=-1
T3[t=1078s] shard9 r0 #102 cell=(30,49) sc=50275 nodes=49882 r=0
T3[t=1078s] shard14 r1 #53 cell=(41,68) sc=50274 nodes=50001 r=-1
T3[t=1079s] shard1 r1 #45 cell=(5,63) sc=50263 nodes=50001 r=-1
T3[t=1080s] shard4 r1 #65 cell=(189,72) sc=50272 nodes=50001 r=-1
T3[t=1080s] shard10 r1 #70 cell=(23,62) sc=50270 nodes=50001 r=-1
T3[t=1081s] shard2 r1 #58 cell=(25,64) sc=50258 nodes=50001 r=-1
T3[t=1081s] shard13 r2 #9 cell=(35,61) sc=50265 nodes=100001 r=-1
T3[t=1081s] shard12 r0 #109 cell=(219,74) sc=50270 nodes=46965 r=0
T3[t=1082s] shard8 r1 #62 cell=(206,79) sc=50263 nodes=50001 r=-1
T3[t=1082s] shard7 r1 #71 cell=(42,63) sc=50264 nodes=50001 r=-1
T3[t=1083s] shard6 r0 #104 cell=(3,74) sc=50265 nodes=50001 r=-1
T3[t=1083s] shard0 r0 #109 cell=(38,59) sc=50267 nodes=50001 r=-1
T3[t=1083s] shard15 r1 #0 cell=(46,56) sc=50270 nodes=50001 r=-1
T3[t=1084s] shard11 r1 #74 cell=(29,62) sc=50265 nodes=50001 r=-1
T3[t=1084s] shard5 r1 #70 cell=(95,46) sc=50270 nodes=50001 r=-1
T3[t=1084s] shard9 r0 #103 cell=(251,52) sc=50267 nodes=50001 r=-1
T3[t=1085s] shard1 r1 #47 cell=(14,29) sc=50265 nodes=50001 r=-1
T3[t=1085s] shard14 r1 #54 cell=(9,70) sc=50266 nodes=50001 r=-1
T3[t=1085s] shard3 r0 #102 cell=(190,73) sc=50267 nodes=50001 r=-1
T3[t=1085s] shard10 r1 #71 cell=(183,64) sc=50269 nodes=50001 r=-1
T3[t=1086s] shard4 r1 #66 cell=(37,74) sc=50264 nodes=50001 r=-1
T3[t=1086s] shard12 r0 #110 cell=(222,25) sc=50263 nodes=50001 r=-1
sweep shard12 round0 done (budget 50000)
T3[t=1086s] shard2 r1 #59 cell=(31,66) sc=50260 nodes=50001 r=-1
T3[t=1088s] shard6 r0 #105 cell=(220,29) sc=50259 nodes=50001 r=-1
T3[t=1088s] shard7 r1 #72 cell=(26,65) sc=50260 nodes=50001 r=-1
T3[t=1088s] shard0 r0 #110 cell=(27,100) sc=50277 nodes=50001 r=-1
T3[t=1088s] shard8 r1 #63 cell=(26,99) sc=50268 nodes=50001 r=-1
T3[t=1090s] shard5 r1 #71 cell=(35,58) sc=50278 nodes=50001 r=-1
T3[t=1090s] shard11 r1 #75 cell=(199,64) sc=50265 nodes=50001 r=-1
T3[t=1090s] shard1 r1 #50 cell=(202,41) sc=50277 nodes=50001 r=-1
T3[t=1090s] shard10 r1 #72 cell=(183,66) sc=50270 nodes=50001 r=-1
T3[t=1091s] shard14 r1 #56 cell=(13,72) sc=50269 nodes=50001 r=-1
T3[t=1091s] shard12 r1 #0 cell=(196,80) sc=50266 nodes=50001 r=-1
T3[t=1091s] shard2 r1 #60 cell=(201,66) sc=50278 nodes=50001 r=-1
T3[t=1092s] shard4 r1 #70 cell=(10,29) sc=50269 nodes=50001 r=-1
T3[t=1092s] shard15 r1 #1 cell=(86,28) sc=50269 nodes=50001 r=-1
T3[t=1092s] shard3 r0 #103 cell=(2,79) sc=50269 nodes=50001 r=-1
T3[t=1093s] shard7 r1 #73 cell=(45,66) sc=50274 nodes=50001 r=-1
T3[t=1094s] shard8 r1 #65 cell=(215,38) sc=50270 nodes=50001 r=-1
T3[t=1094s] shard5 r1 #72 cell=(194,61) sc=50272 nodes=50001 r=-1
T3[t=1094s] shard9 r0 #104 cell=(104,55) sc=50266 nodes=50001 r=-1
T3[t=1094s] shard0 r0 #111 cell=(200,53) sc=50263 nodes=50001 r=-1
sweep shard0 round0 done (budget 50000)
T3[t=1095s] shard11 r1 #76 cell=(209,66) sc=50272 nodes=50001 r=-1
T3[t=1095s] shard6 r0 #106 cell=(31,52) sc=50264 nodes=49739 r=0
T3[t=1096s] shard12 r1 #1 cell=(208,22) sc=50269 nodes=50001 r=-1
T3[t=1096s] shard1 r1 #51 cell=(33,44) sc=50271 nodes=50001 r=-1
T3[t=1096s] shard14 r1 #57 cell=(14,73) sc=50264 nodes=50001 r=-1
T3[t=1097s] shard2 r1 #62 cell=(38,75) sc=50259 nodes=50001 r=-1
T3[t=1097s] shard10 r1 #73 cell=(5,68) sc=50273 nodes=50001 r=-1
T3[t=1097s] shard3 r0 #104 cell=(180,65) sc=50269 nodes=50001 r=-1
T3[t=1098s] shard4 r1 #73 cell=(25,50) sc=50274 nodes=50001 r=-1
T3[t=1099s] shard15 r1 #2 cell=(16,36) sc=50269 nodes=50001 r=-1
T3[t=1100s] shard8 r1 #68 cell=(34,51) sc=50260 nodes=50001 r=-1
T3[t=1100s] shard9 r0 #105 cell=(52,67) sc=50270 nodes=50001 r=-1
T3[t=1100s] shard5 r1 #73 cell=(18,65) sc=50273 nodes=50001 r=-1
T3[t=1100s] shard7 r1 #74 cell=(10,69) sc=50267 nodes=50001 r=-1
T3[t=1101s] shard12 r1 #2 cell=(37,41) sc=50265 nodes=50001 r=-1
T3[t=1101s] shard13 r2 #11 cell=(10,64) sc=50270 nodes=100001 r=-1
T3[t=1101s] shard6 r0 #107 cell=(17,60) sc=50275 nodes=50001 r=-1
T3[t=1101s] shard11 r1 #77 cell=(9,68) sc=50264 nodes=50001 r=-1
T3[t=1102s] shard1 r1 #53 cell=(32,47) sc=50272 nodes=50001 r=-1
T3[t=1102s] shard0 r1 #0 cell=(72,24) sc=50267 nodes=50001 r=-1
T3[t=1103s] shard14 r1 #58 cell=(6,75) sc=50265 nodes=50001 r=-1
T3[t=1103s] shard10 r1 #74 cell=(17,74) sc=50259 nodes=50001 r=-1
T3[t=1103s] shard2 r1 #63 cell=(10,77) sc=50263 nodes=50001 r=-1
T3[t=1103s] shard3 r0 #105 cell=(1,90) sc=50268 nodes=50001 r=-1
T3[t=1105s] shard4 r1 #74 cell=(106,55) sc=50268 nodes=50001 r=-1
T3[t=1105s] shard5 r1 #74 cell=(43,66) sc=50276 nodes=50001 r=-1
T3[t=1105s] shard8 r1 #69 cell=(54,53) sc=50276 nodes=50001 r=-1
T3[t=1106s] shard9 r0 #106 cell=(11,72) sc=50259 nodes=50001 r=-1
T3[t=1106s] shard7 r1 #76 cell=(19,30) sc=50266 nodes=50001 r=-1
T3[t=1106s] shard6 r0 #108 cell=(30,69) sc=50253 nodes=50001 r=-1
T3[t=1106s] shard15 r1 #3 cell=(45,37) sc=50264 nodes=50001 r=-1
T3[t=1107s] shard11 r1 #78 cell=(36,69) sc=50265 nodes=50001 r=-1
T3[t=1107s] shard13 r2 #14 cell=(188,66) sc=50273 nodes=72472 r=0
T3[t=1107s] shard1 r1 #54 cell=(193,54) sc=50260 nodes=50001 r=-1
T3[t=1108s] shard3 r0 #106 cell=(224,181) sc=50271 nodes=38279 r=0
T3[t=1109s] shard2 r1 #64 cell=(17,36) sc=50268 nodes=50001 r=-1
T3[t=1109s] shard10 r1 #75 cell=(38,77) sc=50261 nodes=50001 r=-1
T3[t=1109s] shard14 r1 #59 cell=(13,78) sc=50270 nodes=50001 r=-1
T3[t=1110s] shard12 r1 #3 cell=(60,42) sc=50267 nodes=50001 r=-1
T3[t=1110s] shard8 r1 #71 cell=(171,58) sc=50265 nodes=50001 r=-1
T3[t=1110s] shard9 r0 #107 cell=(216,85) sc=50265 nodes=50001 r=-1
T3[t=1110s] shard0 r1 #1 cell=(71,33) sc=50266 nodes=50001 r=-1
T3[t=1111s] shard6 r0 #109 cell=(196,57) sc=50261 nodes=50001 r=-1
T3[t=1111s] shard4 r1 #77 cell=(37,68) sc=50268 nodes=50001 r=-1
T3[t=1111s] shard5 r1 #76 cell=(11,76) sc=50265 nodes=50001 r=-1
T3[t=1112s] shard7 r1 #77 cell=(33,48) sc=50276 nodes=50001 r=-1
T3[t=1113s] shard11 r1 #79 cell=(45,72) sc=50257 nodes=50001 r=-1
T3[t=1113s] shard3 r0 #107 cell=(201,54) sc=50271 nodes=50001 r=-1
T3[t=1113s] shard1 r1 #56 cell=(31,58) sc=50276 nodes=50001 r=-1
T3[t=1113s] shard14 r1 #61 cell=(177,82) sc=50262 nodes=50001 r=-1
T3[t=1114s] shard2 r1 #65 cell=(216,39) sc=50258 nodes=50001 r=-1
T3[t=1114s] shard15 r1 #4 cell=(92,42) sc=50273 nodes=50001 r=-1
T3[t=1114s] shard10 r1 #76 cell=(14,83) sc=50270 nodes=50001 r=-1
T3[t=1115s] shard5 r1 #79 cell=(218,97) sc=50264 nodes=50001 r=-1
T3[t=1116s] shard8 r1 #72 cell=(11,62) sc=50266 nodes=50001 r=-1
T3[t=1116s] shard6 r0 #110 cell=(9,84) sc=50276 nodes=50001 r=-1
sweep shard6 round0 done (budget 50000)
T3[t=1117s] shard9 r0 #108 cell=(219,40) sc=50262 nodes=50001 r=-1
T3[t=1117s] shard11 r1 #80 cell=(172,77) sc=50264 nodes=50001 r=-1
T3[t=1117s] shard7 r1 #81 cell=(52,63) sc=50271 nodes=50001 r=-1
T3[t=1117s] shard12 r1 #4 cell=(41,43) sc=50272 nodes=50001 r=-1
T3[t=1118s] shard4 r1 #78 cell=(203,70) sc=50271 nodes=50001 r=-1
T3[t=1119s] shard1 r1 #57 cell=(10,61) sc=50277 nodes=50001 r=-1
T3[t=1119s] shard14 r1 #62 cell=(1,92) sc=50261 nodes=50001 r=-1
T3[t=1119s] shard0 r1 #2 cell=(71,37) sc=50267 nodes=50001 r=-1
T3[t=1120s] shard2 r1 #66 cell=(23,50) sc=50269 nodes=50001 r=-1
T3[t=1120s] shard10 r1 #78 cell=(35,60) sc=50266 nodes=50001 r=-1
T3[t=1120s] shard3 r0 #108 cell=(50,63) sc=50276 nodes=50001 r=-1
T3[t=1121s] shard11 r1 #81 cell=(206,93) sc=50271 nodes=50001 r=-1
T3[t=1121s] shard5 r1 #83 cell=(40,71) sc=50263 nodes=50001 r=-1
T3[t=1122s] shard15 r1 #5 cell=(97,43) sc=50263 nodes=50001 r=-1
T3[t=1122s] shard8 r1 #73 cell=(3,68) sc=50270 nodes=50001 r=-1
T3[t=1122s] shard9 r0 #109 cell=(221,92) sc=50268 nodes=50001 r=-1
sweep shard9 round0 done (budget 50000)
T3[t=1123s] shard12 r1 #6 cell=(212,48) sc=50271 nodes=50001 r=-1
T3[t=1123s] shard7 r1 #82 cell=(52,71) sc=50266 nodes=50001 r=-1
T3[t=1124s] shard13 r2 #15 cell=(38,68) sc=50266 nodes=100001 r=-1
T3[t=1124s] shard0 r1 #3 cell=(204,42) sc=50264 nodes=50001 r=-1
T3[t=1124s] shard1 r1 #58 cell=(46,61) sc=50270 nodes=50001 r=-1
T3[t=1125s] shard3 r0 #109 cell=(191,44) sc=50265 nodes=50001 r=-1
T3[t=1125s] shard14 r1 #64 cell=(24,25) sc=50274 nodes=50001 r=-1
T3[t=1125s] shard2 r1 #67 cell=(200,57) sc=50260 nodes=50001 r=-1
T3[t=1126s] shard6 r1 #0 cell=(46,58) sc=50269 nodes=50001 r=-1
T3[t=1126s] shard10 r1 #79 cell=(10,31) sc=50270 nodes=50001 r=-1
T3[t=1127s] shard4 r1 #79 cell=(104,73) sc=50270 nodes=50001 r=-1
T3[t=1127s] shard11 r1 #83 cell=(12,25) sc=50265 nodes=50001 r=-1
T3[t=1128s] shard5 r1 #84 cell=(38,83) sc=50260 nodes=50001 r=-1
T3[t=1128s] shard15 r1 #6 cell=(30,44) sc=50276 nodes=50001 r=-1
T3[t=1128s] shard8 r1 #74 cell=(22,69) sc=50265 nodes=50001 r=-1
T3[t=1128s] shard9 r1 #1 cell=(207,69) sc=50272 nodes=50001 r=-1
T3[t=1129s] shard7 r1 #84 cell=(20,35) sc=50270 nodes=50001 r=-1
T3[t=1129s] shard1 r1 #59 cell=(187,62) sc=50265 nodes=50001 r=-1
T3[t=1129s] shard12 r1 #7 cell=(194,50) sc=50272 nodes=50001 r=-1
T3[t=1129s] shard0 r1 #4 cell=(43,45) sc=50271 nodes=50001 r=-1
T3[t=1130s] shard2 r1 #70 cell=(171,62) sc=50270 nodes=50001 r=-1
T3[t=1130s] shard14 r1 #66 cell=(212,35) sc=50270 nodes=50001 r=-1
T3[t=1131s] shard3 r0 #110 cell=(50,61) sc=50270 nodes=50001 r=-1
T3[t=1132s] shard13 r2 #16 cell=(202,68) sc=50275 nodes=81771 r=0
T3[t=1132s] shard10 r1 #80 cell=(20,53) sc=50265 nodes=50001 r=-1
T3[t=1133s] shard15 r1 #7 cell=(219,45) sc=50268 nodes=50001 r=-1
T3[t=1133s] shard4 r1 #80 cell=(38,81) sc=50259 nodes=50001 r=-1
T3[t=1133s] shard5 r1 #85 cell=(38,73) sc=50269 nodes=50001 r=-1
T3[t=1134s] shard11 r1 #84 cell=(11,36) sc=50272 nodes=50001 r=-1
T3[t=1134s] shard8 r1 #75 cell=(23,72) sc=50266 nodes=50001 r=-1
T3[t=1135s] shard12 r1 #8 cell=(192,52) sc=50269 nodes=50001 r=-1
T3[t=1135s] shard7 r1 #85 cell=(21,38) sc=50268 nodes=50001 r=-1
T3[t=1135s] shard1 r1 #60 cell=(44,63) sc=50270 nodes=50001 r=-1
T3[t=1136s] shard2 r1 #71 cell=(10,65) sc=50269 nodes=50001 r=-1
T3[t=1136s] shard0 r1 #5 cell=(31,47) sc=50272 nodes=50001 r=-1
T3[t=1136s] shard6 r1 #1 cell=(111,79) sc=50268 nodes=50001 r=-1
T3[t=1136s] shard3 r0 #111 cell=(15,76) sc=50263 nodes=50001 r=-1
sweep shard3 round0 done (budget 50000)
T3[t=1136s] shard14 r1 #69 cell=(27,54) sc=50262 nodes=50001 r=-1
T3[t=1137s] shard9 r1 #2 cell=(65,27) sc=50259 nodes=50001 r=-1
T3[t=1138s] shard10 r1 #81 cell=(45,74) sc=50255 nodes=50001 r=-1
T3[t=1138s] shard15 r1 #8 cell=(25,47) sc=50271 nodes=50001 r=-1
T3[t=1138s] shard5 r1 #87 cell=(202,59) sc=50262 nodes=50001 r=-1
T3[t=1138s] shard4 r1 #81 cell=(208,97) sc=50276 nodes=50001 r=-1
T3[t=1139s] shard11 r1 #86 cell=(212,45) sc=50268 nodes=50001 r=-1
T3[t=1140s] shard8 r1 #76 cell=(6,83) sc=50275 nodes=50001 r=-1
T3[t=1140s] shard0 r1 #6 cell=(192,54) sc=50270 nodes=50001 r=-1
T3[t=1141s] shard3 r1 #0 cell=(188,82) sc=50270 nodes=50001 r=-1
T3[t=1141s] shard6 r1 #2 cell=(216,10) sc=50266 nodes=50001 r=-1
T3[t=1141s] shard7 r1 #86 cell=(24,45) sc=50272 nodes=50001 r=-1
sweep shard7 round1 done (budget 50000)
T3[t=1141s] shard14 r1 #70 cell=(170,57) sc=50268 nodes=50001 r=-1
T3[t=1141s] shard2 r1 #72 cell=(25,66) sc=50260 nodes=50001 r=-1
T3[t=1142s] shard1 r1 #61 cell=(23,64) sc=50260 nodes=50001 r=-1
T3[t=1142s] shard15 r1 #9 cell=(202,50) sc=50266 nodes=50001 r=-1
T3[t=1142s] shard9 r1 #3 cell=(200,34) sc=50257 nodes=50001 r=-1
T3[t=1142s] shard12 r1 #9 cell=(29,55) sc=50272 nodes=50001 r=-1
T3[t=1144s] shard4 r1 #82 cell=(210,37) sc=50269 nodes=50001 r=-1
T3[t=1144s] shard10 r1 #83 cell=(9,86) sc=50264 nodes=50001 r=-1
T3[t=1144s] shard5 r1 #88 cell=(14,79) sc=50270 nodes=50001 r=-1
T3[t=1145s] shard11 r1 #87 cell=(31,62) sc=50263 nodes=50001 r=-1
T3[t=1145s] shard8 r1 #78 cell=(201,38) sc=50268 nodes=50001 r=-1
T3[t=1145s] shard13 r2 #17 cell=(33,69) sc=50261 nodes=100001 r=-1
T3[t=1146s] shard6 r1 #3 cell=(216,26) sc=50268 nodes=50001 r=-1
T3[t=1147s] shard15 r1 #10 cell=(201,51) sc=50265 nodes=50001 r=-1
T3[t=1147s] shard9 r1 #4 cell=(205,35) sc=50267 nodes=50001 r=-1
T3[t=1147s] shard2 r1 #73 cell=(35,68) sc=50266 nodes=50001 r=-1
T3[t=1147s] shard14 r1 #71 cell=(22,59) sc=50261 nodes=50001 r=-1
T3[t=1147s] shard12 r1 #10 cell=(32,56) sc=50265 nodes=50001 r=-1
T3[t=1148s] shard3 r1 #1 cell=(87,29) sc=50270 nodes=50001 r=-1
T3[t=1148s] shard1 r1 #62 cell=(200,65) sc=50269 nodes=50001 r=-1
T3[t=1149s] shard4 r1 #84 cell=(37,66) sc=50270 nodes=50001 r=-1
T3[t=1149s] shard5 r1 #89 cell=(26,69) sc=50263 nodes=50001 r=-1
sweep shard5 round1 done (budget 50000)
T3[t=1150s] shard10 r1 #84 cell=(18,37) sc=50269 nodes=50001 r=-1
T3[t=1150s] shard6 r1 #4 cell=(14,30) sc=50264 nodes=50001 r=-1
T3[t=1150s] shard0 r1 #7 cell=(51,55) sc=50267 nodes=50001 r=-1
T3[t=1150s] shard8 r1 #79 cell=(26,45) sc=50274 nodes=50001 r=-1
T3[t=1151s] shard11 r1 #89 cell=(204,67) sc=50263 nodes=50001 r=-1
T3[t=1151s] shard2 r1 #76 cell=(219,96) sc=50268 nodes=50001 r=-1
T3[t=1152s] shard7 r2 #1 cell=(31,43) sc=50266 nodes=100001 r=-1
T3[t=1152s] shard9 r1 #5 cell=(33,43) sc=50268 nodes=50001 r=-1
T3[t=1153s] shard1 r1 #64 cell=(199,66) sc=50268 nodes=50001 r=-1
T3[t=1153s] shard15 r1 #11 cell=(210,52) sc=50260 nodes=50001 r=-1
T3[t=1154s] shard14 r1 #72 cell=(1,86) sc=50272 nodes=50001 r=-1
T3[t=1154s] shard12 r1 #11 cell=(192,58) sc=50275 nodes=50001 r=-1
T3[t=1156s] shard6 r1 #5 cell=(214,38) sc=50264 nodes=50001 r=-1
T3[t=1156s] shard3 r1 #2 cell=(85,33) sc=50270 nodes=50001 r=-1
T3[t=1156s] shard4 r1 #86 cell=(8,79) sc=50271 nodes=50001 r=-1
T3[t=1156s] shard0 r1 #8 cell=(30,58) sc=50266 nodes=50001 r=-1
T3[t=1156s] shard8 r1 #81 cell=(27,60) sc=50267 nodes=50001 r=-1
T3[t=1157s] shard2 r1 #78 cell=(14,37) sc=50269 nodes=50001 r=-1
T3[t=1157s] shard11 r1 #91 cell=(23,44) sc=50271 nodes=50001 r=-1
T3[t=1157s] shard10 r1 #85 cell=(196,47) sc=50261 nodes=50001 r=-1
T3[t=1157s] shard15 r1 #12 cell=(195,53) sc=50266 nodes=50001 r=-1
T3[t=1158s] shard1 r1 #65 cell=(212,67) sc=50262 nodes=50001 r=-1
T3[t=1160s] shard14 r1 #74 cell=(29,36) sc=50267 nodes=50001 r=-1
T3[t=1160s] shard9 r1 #7 cell=(23,55) sc=50266 nodes=50001 r=-1
T3[t=1160s] shard12 r1 #12 cell=(208,60) sc=50276 nodes=50001 r=-1
T3[t=1161s] shard3 r1 #3 cell=(204,40) sc=50270 nodes=50001 r=-1
T3[t=1161s] shard6 r1 #7 cell=(208,44) sc=50269 nodes=50001 r=-1
T3[t=1161s] shard0 r1 #9 cell=(208,58) sc=50264 nodes=50001 r=-1
T3[t=1161s] shard4 r1 #88 cell=(14,77) sc=50271 nodes=50001 r=-1
sweep shard4 round1 done (budget 50000)
T3[t=1162s] shard8 r1 #82 cell=(14,67) sc=50271 nodes=50001 r=-1
T3[t=1162s] shard11 r1 #92 cell=(202,55) sc=50270 nodes=50001 r=-1
T3[t=1162s] shard1 r1 #66 cell=(45,68) sc=50254 nodes=50001 r=-1
T3[t=1162s] shard5 r2 #0 cell=(37,65) sc=50257 nodes=100001 r=-1
T3[t=1163s] shard10 r1 #86 cell=(19,72) sc=50269 nodes=50001 r=-1
sweep shard10 round1 done (budget 50000)
T3[t=1163s] shard2 r1 #79 cell=(30,41) sc=50265 nodes=50001 r=-1
T3[t=1163s] shard7 r2 #3 cell=(26,50) sc=50270 nodes=100001 r=-1
T3[t=1165s] shard9 r1 #8 cell=(197,57) sc=50263 nodes=50001 r=-1
T3[t=1165s] shard15 r1 #13 cell=(19,57) sc=50265 nodes=50001 r=-1
T3[t=1166s] shard13 r2 #18 cell=(45,71) sc=50270 nodes=100001 r=-1
T3[t=1166s] shard3 r1 #4 cell=(211,41) sc=50275 nodes=50001 r=-1
T3[t=1166s] shard14 r1 #75 cell=(95,40) sc=50271 nodes=50001 r=-1
T3[t=1167s] shard4 r2 #0 cell=(210,40) sc=50270 nodes=56926 r=0
T3[t=1168s] shard6 r1 #9 cell=(90,48) sc=50266 nodes=50001 r=-1
T3[t=1168s] shard8 r1 #85 cell=(20,71) sc=50266 nodes=50001 r=-1
T3[t=1168s] shard11 r1 #93 cell=(37,60) sc=50266 nodes=50001 r=-1
T3[t=1168s] shard12 r1 #14 cell=(44,62) sc=50271 nodes=50001 r=-1
T3[t=1168s] shard1 r1 #68 cell=(44,69) sc=50257 nodes=50001 r=-1
T3[t=1169s] shard0 r1 #10 cell=(35,59) sc=50273 nodes=50001 r=-1
T3[t=1169s] shard2 r1 #80 cell=(28,47) sc=50273 nodes=50001 r=-1
T3[t=1171s] shard3 r1 #5 cell=(30,46) sc=50273 nodes=50001 r=-1
T3[t=1171s] shard9 r1 #9 cell=(17,59) sc=50261 nodes=50001 r=-1
T3[t=1172s] shard10 r2 #0 cell=(203,69) sc=50266 nodes=100001 r=-1
T3[t=1172s] shard14 r1 #77 cell=(45,56) sc=50270 nodes=50001 r=-1
T3[t=1172s] shard4 r2 #1 cell=(216,8) sc=50267 nodes=60539 r=0
T3[t=1173s] shard5 r2 #3 cell=(26,54) sc=50268 nodes=100001 r=-1
T3[t=1174s] shard8 r1 #86 cell=(199,52) sc=50271 nodes=50001 r=-1
sweep shard8 round1 done (budget 50000)
T3[t=1174s] shard1 r1 #70 cell=(24,73) sc=50271 nodes=50001 r=-1
T3[t=1174s] shard11 r1 #94 cell=(20,37) sc=50267 nodes=50001 r=-1
T3[t=1174s] shard7 r2 #4 cell=(32,54) sc=50272 nodes=100001 r=-1
T3[t=1174s] shard6 r1 #10 cell=(23,51) sc=50268 nodes=50001 r=-1
T3[t=1175s] shard2 r1 #81 cell=(12,63) sc=50265 nodes=50001 r=-1
T3[t=1176s] shard12 r1 #15 cell=(33,63) sc=50265 nodes=50001 r=-1
T3[t=1176s] shard0 r1 #11 cell=(41,61) sc=50256 nodes=50001 r=-1
T3[t=1176s] shard9 r1 #10 cell=(193,59) sc=50265 nodes=50001 r=-1
T3[t=1177s] shard13 r2 #20 cell=(13,73) sc=50256 nodes=100001 r=-1
T3[t=1177s] shard14 r1 #78 cell=(189,58) sc=50277 nodes=50001 r=-1
T3[t=1178s] shard3 r1 #7 cell=(34,48) sc=50271 nodes=50001 r=-1
T3[t=1178s] shard4 r2 #3 cell=(207,43) sc=50274 nodes=57742 r=0
T3[t=1179s] shard8 r2 #4 cell=(200,48) sc=50270 nodes=51788 r=0
T3[t=1179s] shard15 r1 #14 cell=(241,59) sc=50267 nodes=50001 r=-1
T3[t=1180s] shard1 r1 #72 cell=(37,78) sc=50253 nodes=50001 r=-1
T3[t=1181s] shard6 r1 #11 cell=(28,52) sc=50269 nodes=50001 r=-1
T3[t=1181s] shard11 r1 #95 cell=(104,39) sc=50260 nodes=50001 r=-1
sweep shard11 round1 done (budget 50000)
T3[t=1181s] shard9 r1 #11 cell=(188,60) sc=50261 nodes=50001 r=-1
T3[t=1181s] shard2 r1 #86 cell=(28,101) sc=50269 nodes=50001 r=-1
sweep shard2 round1 done (budget 50000)
T3[t=1182s] shard12 r1 #16 cell=(40,64) sc=50267 nodes=50001 r=-1
T3[t=1183s] shard0 r1 #12 cell=(10,62) sc=50267 nodes=50001 r=-1
T3[t=1183s] shard13 r2 #21 cell=(12,78) sc=50271 nodes=59591 r=0
T3[t=1183s] shard14 r1 #80 cell=(213,64) sc=50266 nodes=50001 r=-1
T3[t=1185s] shard5 r2 #5 cell=(42,58) sc=50255 nodes=100001 r=-1
T3[t=1185s] shard1 r1 #73 cell=(14,27) sc=50271 nodes=50001 r=-1
T3[t=1186s] shard3 r1 #8 cell=(29,49) sc=50274 nodes=50001 r=-1
T3[t=1186s] shard10 r2 #2 cell=(52,64) sc=50273 nodes=100001 r=-1
T3[t=1187s] shard15 r1 #15 cell=(37,61) sc=50267 nodes=50001 r=-1
T3[t=1187s] shard6 r1 #13 cell=(213,55) sc=50273 nodes=50001 r=-1
T3[t=1187s] shard7 r2 #5 cell=(18,56) sc=50260 nodes=100001 r=-1
T3[t=1187s] shard11 r2 #0 cell=(203,45) sc=50261 nodes=60912 r=0
T3[t=1189s] shard4 r2 #6 cell=(26,52) sc=50274 nodes=100001 r=-1
T3[t=1189s] shard9 r1 #12 cell=(27,61) sc=50266 nodes=50001 r=-1
T3[t=1189s] shard14 r1 #81 cell=(47,68) sc=50255 nodes=50001 r=-1
T3[t=1189s] shard8 r2 #5 cell=(25,51) sc=50266 nodes=100001 r=-1
T3[t=1190s] shard2 r2 #0 cell=(40,59) sc=50269 nodes=100001 r=-1
T3[t=1191s] shard1 r1 #75 cell=(15,36) sc=50270 nodes=50001 r=-1
T3[t=1191s] shard3 r1 #9 cell=(212,50) sc=50264 nodes=50001 r=-1
T3[t=1192s] shard12 r1 #17 cell=(12,66) sc=50272 nodes=50001 r=-1
T3[t=1193s] shard0 r1 #13 cell=(43,63) sc=50250 nodes=50001 r=-1
T3[t=1193s] shard7 r2 #6 cell=(192,56) sc=50266 nodes=60700 r=0
T3[t=1194s] shard11 r2 #2 cell=(205,69) sc=50270 nodes=68728 r=0
T3[t=1195s] shard13 r2 #25 cell=(31,45) sc=50269 nodes=100001 r=-1
T3[t=1195s] shard15 r1 #16 cell=(44,64) sc=50277 nodes=50001 r=-1
T3[t=1195s] shard14 r1 #82 cell=(6,81) sc=50266 nodes=50001 r=-1
T3[t=1197s] shard6 r1 #14 cell=(51,59) sc=50269 nodes=50001 r=-1
T3[t=1197s] shard5 r2 #6 cell=(30,60) sc=50273 nodes=57512 r=0
T3[t=1198s] shard10 r2 #4 cell=(32,42) sc=50271 nodes=100001 r=-1
T3[t=1198s] shard1 r1 #76 cell=(92,41) sc=50265 nodes=50001 r=-1
T3[t=1198s] shard0 r1 #14 cell=(199,65) sc=50262 nodes=50001 r=-1
T3[t=1199s] shard3 r1 #10 cell=(22,52) sc=50268 nodes=50001 r=-1
T3[t=1200s] shard9 r1 #13 cell=(34,62) sc=50272 nodes=50001 r=-1
T3[t=1200s] shard11 r2 #3 cell=(203,39) sc=50265 nodes=66594 r=0
T3[t=1201s] shard8 r2 #6 cell=(34,52) sc=50273 nodes=100001 r=-1
T3[t=1201s] shard2 r2 #2 cell=(27,49) sc=50272 nodes=100001 r=-1
T3[t=1201s] shard14 r1 #84 cell=(4,75) sc=50266 nodes=50001 r=-1
sweep shard14 round1 done (budget 50000)
T3[t=1202s] shard13 r2 #26 cell=(205,51) sc=50267 nodes=64241 r=0
T3[t=1202s] shard15 r1 #17 cell=(197,65) sc=50262 nodes=50001 r=-1
T3[t=1203s] shard12 r1 #18 cell=(15,67) sc=50259 nodes=50001 r=-1
T3[t=1203s] shard1 r1 #78 cell=(175,54) sc=50261 nodes=50001 r=-1
T3[t=1203s] shard5 r2 #7 cell=(17,61) sc=50267 nodes=51186 r=0
T3[t=1204s] shard10 r2 #5 cell=(201,45) sc=50268 nodes=68585 r=0
T3[t=1204s] shard6 r1 #15 cell=(19,61) sc=50269 nodes=50001 r=-1
T3[t=1205s] shard4 r2 #7 cell=(36,58) sc=50277 nodes=100001 r=-1
T3[t=1206s] shard11 r2 #4 cell=(208,72) sc=50261 nodes=64522 r=0
T3[t=1206s] shard0 r1 #15 cell=(28,66) sc=50269 nodes=50001 r=-1
T3[t=1207s] shard15 r1 #18 cell=(196,66) sc=50268 nodes=50001 r=-1
T3[t=1207s] shard2 r2 #5 cell=(212,58) sc=50262 nodes=57273 r=0
T3[t=1207s] shard14 r2 #0 cell=(217,45) sc=50270 nodes=58527 r=0
T3[t=1207s] shard12 r1 #19 cell=(199,67) sc=50268 nodes=50001 r=-1
T3[t=1208s] shard7 r2 #7 cell=(15,59) sc=50266 nodes=100001 r=-1
T3[t=1209s] shard3 r1 #12 cell=(43,57) sc=50269 nodes=50001 r=-1
T3[t=1209s] shard1 r1 #79 cell=(12,61) sc=50265 nodes=50001 r=-1
T3[t=1209s] shard6 r1 #16 cell=(195,61) sc=50274 nodes=50001 r=-1
T3[t=1210s] shard9 r1 #14 cell=(29,63) sc=50271 nodes=50001 r=-1
T3[t=1211s] shard11 r2 #6 cell=(215,35) sc=50263 nodes=58279 r=0
T3[t=1212s] shard8 r2 #7 cell=(37,53) sc=50265 nodes=100001 r=-1
T3[t=1213s] shard5 r2 #10 cell=(187,63) sc=50266 nodes=100001 r=-1
T3[t=1213s] shard13 r2 #27 cell=(47,57) sc=50275 nodes=100001 r=-1
T3[t=1214s] shard1 r1 #80 cell=(159,62) sc=50269 nodes=50001 r=-1
T3[t=1214s] shard0 r1 #16 cell=(41,69) sc=50253 nodes=50001 r=-1
T3[t=1215s] shard10 r2 #7 cell=(30,56) sc=50267 nodes=100001 r=-1
T3[t=1216s] shard6 r1 #17 cell=(210,66) sc=50274 nodes=50001 r=-1
T3[t=1216s] shard3 r1 #13 cell=(34,58) sc=50265 nodes=50001 r=-1
T3[t=1217s] shard4 r2 #8 cell=(47,59) sc=50270 nodes=100001 r=-1
T3[t=1218s] shard9 r1 #15 cell=(43,65) sc=50269 nodes=50001 r=-1
T3[t=1218s] shard14 r2 #1 cell=(22,48) sc=50272 nodes=100001 r=-1
T3[t=1218s] shard15 r1 #19 cell=(29,67) sc=50276 nodes=50001 r=-1
T3[t=1219s] shard2 r2 #6 cell=(37,59) sc=50266 nodes=100001 r=-1
T3[t=1219s] shard7 r2 #8 cell=(28,62) sc=50266 nodes=100001 r=-1
T3[t=1220s] shard1 r1 #82 cell=(34,67) sc=50273 nodes=50001 r=-1
T3[t=1220s] shard0 r1 #18 cell=(7,77) sc=50277 nodes=50001 r=-1
T3[t=1221s] shard12 r1 #20 cell=(32,68) sc=50261 nodes=50001 r=-1
T3[t=1222s] shard11 r2 #7 cell=(36,42) sc=50269 nodes=100001 r=-1
T3[t=1223s] shard8 r2 #8 cell=(34,54) sc=50269 nodes=100001 r=-1
T3[t=1224s] shard3 r1 #14 cell=(41,59) sc=50269 nodes=50001 r=-1
T3[t=1225s] shard1 r1 #83 cell=(198,69) sc=50267 nodes=50001 r=-1
T3[t=1225s] shard0 r1 #19 cell=(190,80) sc=50277 nodes=50001 r=-1
T3[t=1226s] shard15 r1 #20 cell=(42,68) sc=50273 nodes=50001 r=-1
T3[t=1226s] shard6 r1 #19 cell=(9,69) sc=50267 nodes=50001 r=-1
T3[t=1226s] shard12 r1 #22 cell=(223,91) sc=50272 nodes=50001 r=-1
T3[t=1227s] shard4 r2 #9 cell=(187,61) sc=50264 nodes=100001 r=-1
T3[t=1227s] shard11 r2 #9 cell=(197,47) sc=50262 nodes=60376 r=0
T3[t=1228s] shard13 r2 #28 cell=(13,59) sc=50268 nodes=93051 r=0
T3[t=1228s] shard7 r2 #9 cell=(25,63) sc=50257 nodes=57347 r=0
T3[t=1229s] shard9 r1 #16 cell=(8,66) sc=50273 nodes=50001 r=-1
T3[t=1230s] shard10 r2 #9 cell=(36,62) sc=50268 nodes=100001 r=-1
T3[t=1231s] shard0 r1 #20 cell=(204,92) sc=50266 nodes=50001 r=-1
T3[t=1231s] shard1 r1 #84 cell=(44,73) sc=50257 nodes=50001 r=-1
T3[t=1231s] shard8 r2 #9 cell=(193,57) sc=50263 nodes=80065 r=0
T3[t=1231s] shard3 r1 #15 cell=(203,65) sc=50271 nodes=50001 r=-1
T3[t=1231s] shard12 r1 #23 cell=(220,96) sc=50267 nodes=50001 r=-1
T3[t=1231s] shard5 r2 #11 cell=(30,64) sc=50267 nodes=100001 r=-1
T3[t=1233s] shard6 r1 #20 cell=(38,70) sc=50269 nodes=50001 r=-1
T3[t=1233s] shard14 r2 #3 cell=(36,56) sc=50269 nodes=100001 r=-1
T3[t=1234s] shard15 r1 #21 cell=(10,70) sc=50268 nodes=50001 r=-1
T3[t=1235s] shard11 r2 #10 cell=(192,50) sc=50274 nodes=74152 r=0
T3[t=1235s] shard7 r2 #10 cell=(201,63) sc=50270 nodes=65261 r=0
T3[t=1235s] shard2 r2 #7 cell=(13,61) sc=50266 nodes=100001 r=-1
T3[t=1236s] shard1 r1 #85 cell=(172,75) sc=50262 nodes=50001 r=-1
T3[t=1237s] shard0 r1 #21 cell=(103,97) sc=50263 nodes=50001 r=-1
T3[t=1237s] shard12 r1 #25 cell=(24,24) sc=50271 nodes=50001 r=-1
T3[t=1239s] shard3 r1 #16 cell=(32,66) sc=50261 nodes=50001 r=-1
T3[t=1239s] shard5 r2 #12 cell=(184,64) sc=50268 nodes=77946 r=0
T3[t=1239s] shard13 r2 #31 cell=(39,53) sc=50263 nodes=100001 r=-1
T3[t=1240s] shard15 r1 #22 cell=(186,70) sc=50274 nodes=50001 r=-1
T3[t=1240s] shard9 r1 #18 cell=(9,67) sc=50268 nodes=50001 r=-1
T3[t=1240s] shard6 r1 #22 cell=(116,74) sc=50274 nodes=50001 r=-1
T3[t=1240s] shard4 r2 #10 cell=(24,62) sc=50262 nodes=100001 r=-1
T3[t=1241s] shard11 r2 #14 cell=(16,58) sc=50271 nodes=51006 r=0
T3[t=1241s] shard1 r1 #86 cell=(209,86) sc=50265 nodes=50001 r=-1
T3[t=1242s] shard12 r1 #26 cell=(200,32) sc=50275 nodes=50001 r=-1
T3[t=1243s] shard0 r1 #22 cell=(218,12) sc=50273 nodes=50001 r=-1
T3[t=1243s] shard8 r2 #10 cell=(50,58) sc=50269 nodes=100001 r=-1
T3[t=1244s] shard14 r2 #5 cell=(29,59) sc=50265 nodes=100001 r=-1
T3[t=1246s] shard6 r1 #23 cell=(201,75) sc=50260 nodes=50001 r=-1
T3[t=1246s] shard3 r1 #17 cell=(202,66) sc=50278 nodes=50001 r=-1
T3[t=1246s] shard15 r1 #23 cell=(22,72) sc=50267 nodes=50001 r=-1
T3[t=1247s] shard9 r1 #19 cell=(24,68) sc=50269 nodes=50001 r=-1
T3[t=1247s] shard1 r1 #89 cell=(36,59) sc=50266 nodes=50001 r=-1
sweep shard1 round1 done (budget 50000)
T3[t=1247s] shard12 r1 #27 cell=(87,35) sc=50265 nodes=50001 r=-1
T3[t=1248s] shard2 r2 #8 cell=(47,61) sc=50271 nodes=100001 r=-1
T3[t=1250s] shard11 r2 #15 cell=(188,58) sc=50263 nodes=94762 r=0
T3[t=1250s] shard13 r2 #34 cell=(47,60) sc=50269 nodes=100001 r=-1
T3[t=1250s] shard0 r1 #23 cell=(86,26) sc=50277 nodes=50001 r=-1
T3[t=1252s] shard6 r1 #24 cell=(24,84) sc=50264 nodes=50001 r=-1
T3[t=1252s] shard9 r1 #20 cell=(190,68) sc=50268 nodes=50001 r=-1
T3[t=1253s] shard8 r2 #11 cell=(186,60) sc=50271 nodes=94877 r=0
T3[t=1253s] shard14 r2 #6 cell=(8,62) sc=50267 nodes=66393 r=0
T3[t=1253s] shard1 r2 #0 cell=(20,57) sc=50262 nodes=50534 r=0
T3[t=1253s] shard15 r1 #24 cell=(17,73) sc=50266 nodes=50001 r=-1
T3[t=1255s] shard12 r1 #28 cell=(7,39) sc=50254 nodes=50001 r=-1
T3[t=1256s] shard3 r1 #18 cell=(8,68) sc=50265 nodes=50001 r=-1
T3[t=1256s] shard5 r2 #14 cell=(34,66) sc=50264 nodes=100001 r=-1
T3[t=1258s] shard7 r2 #11 cell=(32,64) sc=50267 nodes=100001 r=-1
T3[t=1258s] shard13 r2 #36 cell=(225,34) sc=50270 nodes=74796 r=0
T3[t=1258s] shard0 r1 #24 cell=(89,41) sc=50266 nodes=50001 r=-1
T3[t=1259s] shard10 r2 #11 cell=(10,66) sc=50272 nodes=100001 r=-1
T3[t=1259s] shard15 r1 #26 cell=(25,79) sc=50266 nodes=50001 r=-1
T3[t=1260s] shard12 r1 #31 cell=(194,60) sc=50266 nodes=50001 r=-1
T3[t=1260s] shard9 r1 #21 cell=(42,70) sc=50260 nodes=50001 r=-1
T3[t=1260s] shard1 r2 #1 cell=(204,50) sc=50264 nodes=78743 r=0
T3[t=1261s] shard5 r2 #15 cell=(208,66) sc=50273 nodes=51269 r=0
T3[t=1261s] shard11 r2 #16 cell=(23,59) sc=50260 nodes=100001 r=-1
T3[t=1261s] shard4 r2 #11 cell=(9,63) sc=50271 nodes=100001 r=-1
T3[t=1261s] shard6 r1 #25 cell=(105,89) sc=50270 nodes=50001 r=-1
T3[t=1263s] shard3 r1 #19 cell=(34,70) sc=50267 nodes=50001 r=-1
T3[t=1264s] shard15 r1 #27 cell=(203,87) sc=50266 nodes=50001 r=-1
T3[t=1265s] shard10 r2 #12 cell=(189,67) sc=50274 nodes=52335 r=0
T3[t=1266s] shard0 r1 #25 cell=(11,61) sc=50267 nodes=50001 r=-1
T3[t=1266s] shard1 r2 #2 cell=(192,80) sc=50269 nodes=78013 r=0
T3[t=1267s] shard9 r1 #22 cell=(29,71) sc=50267 nodes=50001 r=-1
T3[t=1267s] shard8 r2 #13 cell=(30,62) sc=50261 nodes=81937 r=0
T3[t=1267s] shard14 r2 #7 cell=(42,64) sc=50267 nodes=100001 r=-1
T3[t=1267s] shard3 r1 #20 cell=(189,71) sc=50270 nodes=50001 r=-1
T3[t=1267s] shard12 r1 #32 cell=(32,62) sc=50269 nodes=50001 r=-1
T3[t=1269s] shard6 r1 #26 cell=(6,38) sc=50273 nodes=50001 r=-1
T3[t=1270s] shard2 r2 #9 cell=(16,62) sc=50272 nodes=93645 r=0
T3[t=1270s] shard10 r2 #13 cell=(198,68) sc=50266 nodes=58192 r=0
T3[t=1270s] shard13 r2 #37 cell=(92,43) sc=50263 nodes=83871 r=0
T3[t=1271s] shard15 r1 #28 cell=(110,92) sc=50265 nodes=50001 r=-1
T3[t=1273s] shard1 r2 #4 cell=(201,43) sc=50267 nodes=66595 r=0
T3[t=1273s] shard14 r2 #8 cell=(203,67) sc=50270 nodes=58244 r=0
T3[t=1273s] shard9 r1 #23 cell=(205,71) sc=50262 nodes=50001 r=-1
T3[t=1273s] shard3 r1 #21 cell=(13,77) sc=50268 nodes=50001 r=-1
T3[t=1274s] shard8 r2 #14 cell=(203,63) sc=50272 nodes=65303 r=0
T3[t=1274s] shard6 r1 #27 cell=(198,56) sc=50268 nodes=50001 r=-1
T3[t=1274s] shard0 r1 #26 cell=(46,62) sc=50271 nodes=50001 r=-1
T3[t=1276s] shard7 r2 #12 cell=(41,67) sc=50261 nodes=100001 r=-1
T3[t=1276s] shard11 r2 #18 cell=(33,61) sc=50270 nodes=100001 r=-1
T3[t=1276s] shard13 r2 #40 cell=(192,53) sc=50264 nodes=54006 r=0
T3[t=1276s] shard15 r1 #30 cell=(11,33) sc=50267 nodes=50001 r=-1
T3[t=1277s] shard9 r1 #24 cell=(193,73) sc=50275 nodes=50001 r=-1
T3[t=1278s] shard5 r2 #16 cell=(39,67) sc=50263 nodes=100001 r=-1
T3[t=1278s] shard3 r1 #23 cell=(208,80) sc=50272 nodes=50001 r=-1
T3[t=1279s] shard12 r1 #33 cell=(10,68) sc=50263 nodes=50001 r=-1
T3[t=1279s] shard14 r2 #9 cell=(208,68) sc=50272 nodes=74336 r=0
T3[t=1281s] shard2 r2 #10 cell=(29,65) sc=50257 nodes=73728 r=0
T3[t=1282s] shard10 r2 #14 cell=(41,71) sc=50261 nodes=100001 r=-1
T3[t=1282s] shard0 r1 #28 cell=(25,67) sc=50261 nodes=50001 r=-1
T3[t=1282s] shard15 r1 #31 cell=(213,35) sc=50272 nodes=50001 r=-1
T3[t=1283s] shard1 r2 #6 cell=(26,48) sc=50274 nodes=100001 r=-1
T3[t=1283s] shard4 r2 #12 cell=(28,64) sc=50257 nodes=86382 r=0
T3[t=1283s] shard3 r1 #24 cell=(207,21) sc=50279 nodes=50001 r=-1
T3[t=1283s] shard11 r2 #20 cell=(184,66) sc=50271 nodes=77939 r=0
T3[t=1284s] shard8 r2 #15 cell=(202,64) sc=50267 nodes=100001 r=-1
T3[t=1284s] shard12 r1 #34 cell=(9,75) sc=50266 nodes=50001 r=-1
T3[t=1286s] shard2 r2 #11 cell=(201,65) sc=50279 nodes=58208 r=0
T3[t=1286s] shard9 r1 #26 cell=(8,76) sc=50263 nodes=50001 r=-1
T3[t=1287s] shard5 r2 #17 cell=(185,69) sc=50270 nodes=95774 r=0
T3[t=1287s] shard15 r1 #32 cell=(207,45) sc=50272 nodes=50001 r=-1
T3[t=1288s] shard13 r2 #42 cell=(32,55) sc=50263 nodes=100001 r=-1
T3[t=1288s] shard7 r2 #14 cell=(11,69) sc=50265 nodes=100001 r=-1
T3[t=1288s] shard3 r1 #25 cell=(203,41) sc=50263 nodes=50001 r=-1
T3[t=1289s] shard0 r1 #29 cell=(23,27) sc=50265 nodes=50001 r=-1
T3[t=1289s] shard12 r1 #35 cell=(192,78) sc=50269 nodes=50001 r=-1
T3[t=1290s] shard6 r1 #28 cell=(239,61) sc=50268 nodes=50001 r=-1
T3[t=1291s] shard10 r2 #15 cell=(194,74) sc=50273 nodes=100001 r=-1
T3[t=1291s] shard9 r1 #27 cell=(210,78) sc=50262 nodes=50001 r=-1
T3[t=1293s] shard7 r2 #17 cell=(183,77) sc=50277 nodes=58014 r=0
T3[t=1293s] shard15 r1 #33 cell=(28,54) sc=50263 nodes=50001 r=-1
T3[t=1294s] shard0 r1 #30 cell=(87,33) sc=50257 nodes=50001 r=-1
T3[t=1294s] shard4 r2 #13 cell=(5,69) sc=50272 nodes=90691 r=0
T3[t=1294s] shard1 r2 #7 cell=(25,49) sc=50273 nodes=100001 r=-1
T3[t=1295s] shard11 r2 #21 cell=(13,67) sc=50268 nodes=73936 r=0
T3[t=1295s] shard12 r1 #36 cell=(207,93) sc=50268 nodes=50001 r=-1
T3[t=1296s] shard6 r1 #29 cell=(41,63) sc=50270 nodes=50001 r=-1
T3[t=1296s] shard3 r1 #26 cell=(24,50) sc=50277 nodes=50001 r=-1
T3[t=1297s] shard9 r1 #28 cell=(216,38) sc=50276 nodes=50001 r=-1
T3[t=1298s] shard10 r2 #16 cell=(12,76) sc=50265 nodes=59979 r=0
T3[t=1298s] shard0 r1 #31 cell=(198,50) sc=50266 nodes=50001 r=-1
T3[t=1298s] shard14 r2 #10 cell=(37,69) sc=50257 nodes=100001 r=-1
T3[t=1299s] shard7 r2 #18 cell=(5,85) sc=50266 nodes=55435 r=0
T3[t=1299s] shard5 r2 #18 cell=(36,70) sc=50264 nodes=100001 r=-1
T3[t=1300s] shard13 r2 #43 cell=(33,56) sc=50264 nodes=100001 r=-1
T3[t=1301s] shard15 r1 #34 cell=(27,59) sc=50263 nodes=50001 r=-1
T3[t=1301s] shard12 r1 #37 cell=(215,49) sc=50270 nodes=50001 r=-1
T3[t=1303s] shard3 r1 #28 cell=(213,57) sc=50265 nodes=50001 r=-1
T3[t=1303s] shard9 r1 #29 cell=(218,44) sc=50271 nodes=50001 r=-1
T3[t=1303s] shard8 r2 #16 cell=(42,66) sc=50277 nodes=100001 r=-1
T3[t=1303s] shard4 r2 #15 cell=(193,71) sc=50270 nodes=100001 r=-1
T3[t=1303s] shard5 r2 #19 cell=(196,72) sc=50270 nodes=56499 r=0
T3[t=1304s] shard6 r1 #30 cell=(44,66) sc=50275 nodes=50001 r=-1
T3[t=1304s] shard0 r1 #32 cell=(215,53) sc=50268 nodes=50001 r=-1
T3[t=1304s] shard7 r2 #20 cell=(224,34) sc=50269 nodes=55137 r=0
T3[t=1305s] shard2 r2 #12 cell=(33,67) sc=50264 nodes=100001 r=-1
T3[t=1305s] shard14 r2 #11 cell=(184,70) sc=50267 nodes=73317 r=0
T3[t=1306s] shard13 r2 #44 cell=(193,58) sc=50268 nodes=54844 r=0
T3[t=1307s] shard10 r2 #18 cell=(219,23) sc=50264 nodes=92644 r=0
T3[t=1308s] shard4 r2 #16 cell=(182,78) sc=50271 nodes=58071 r=0
T3[t=1308s] shard9 r1 #30 cell=(35,51) sc=50261 nodes=50001 r=-1
T3[t=1309s] shard6 r1 #32 cell=(219,97) sc=50271 nodes=50001 r=-1
T3[t=1309s] shard1 r2 #9 cell=(48,56) sc=50268 nodes=100001 r=-1
T3[t=1310s] shard7 r2 #23 cell=(200,46) sc=50271 nodes=60561 r=0
T3[t=1310s] shard3 r1 #29 cell=(23,61) sc=50266 nodes=50001 r=-1
T3[t=1311s] shard15 r1 #35 cell=(16,66) sc=50262 nodes=50001 r=-1
T3[t=1311s] shard12 r1 #38 cell=(32,58) sc=50264 nodes=50001 r=-1
T3[t=1312s] shard11 r2 #23 cell=(31,69) sc=50263 nodes=100001 r=-1
T3[t=1313s] shard4 r2 #23 cell=(209,59) sc=50274 nodes=56877 r=0
T3[t=1313s] shard6 r1 #33 cell=(192,76) sc=50267 nodes=50001 r=-1
T3[t=1315s] shard14 r2 #12 cell=(205,73) sc=50272 nodes=100001 r=-1
T3[t=1315s] shard3 r1 #30 cell=(188,62) sc=50272 nodes=50001 r=-1
T3[t=1316s] shard9 r1 #31 cell=(35,57) sc=50259 nodes=50001 r=-1
T3[t=1316s] shard13 r2 #46 cell=(45,62) sc=50272 nodes=100001 r=-1
T3[t=1316s] shard12 r1 #39 cell=(206,64) sc=50271 nodes=50001 r=-1
T3[t=1317s] shard8 r2 #17 cell=(43,67) sc=50271 nodes=100001 r=-1
T3[t=1317s] shard2 r2 #13 cell=(46,68) sc=50255 nodes=100001 r=-1
T3[t=1317s] shard15 r1 #36 cell=(23,73) sc=50268 nodes=50001 r=-1
T3[t=1318s] shard0 r1 #33 cell=(13,65) sc=50272 nodes=50001 r=-1
T3[t=1320s] shard6 r1 #34 cell=(13,35) sc=50267 nodes=50001 r=-1
T3[t=1321s] shard1 r2 #10 cell=(31,57) sc=50267 nodes=100001 r=-1
T3[t=1321s] shard7 r2 #24 cell=(27,53) sc=50263 nodes=100001 r=-1
T3[t=1321s] shard9 r1 #32 cell=(200,58) sc=50265 nodes=50001 r=-1
T3[t=1321s] shard5 r2 #20 cell=(44,74) sc=50261 nodes=93392 r=0
T3[t=1323s] shard15 r1 #37 cell=(6,86) sc=50275 nodes=50001 r=-1
T3[t=1323s] shard0 r1 #34 cell=(196,70) sc=50271 nodes=50001 r=-1
T3[t=1324s] shard2 r2 #14 cell=(3,69) sc=50275 nodes=61990 r=0
T3[t=1325s] shard14 r2 #15 cell=(23,49) sc=50270 nodes=100001 r=-1
T3[t=1326s] shard1 r2 #11 cell=(210,58) sc=50264 nodes=56877 r=0
T3[t=1327s] shard13 r2 #47 cell=(34,63) sc=50266 nodes=100001 r=-1
T3[t=1328s] shard4 r2 #24 cell=(17,63) sc=50268 nodes=100001 r=-1
T3[t=1328s] shard5 r2 #21 cell=(195,75) sc=50275 nodes=70848 r=0
T3[t=1328s] shard6 r1 #35 cell=(86,42) sc=50265 nodes=50001 r=-1
T3[t=1328s] shard15 r1 #39 cell=(44,36) sc=50261 nodes=50001 r=-1
T3[t=1328s] shard7 r2 #25 cell=(214,56) sc=50272 nodes=68847 r=0
T3[t=1329s] shard3 r1 #31 cell=(11,65) sc=50263 nodes=50001 r=-1
T3[t=1329s] shard9 r1 #33 cell=(22,62) sc=50267 nodes=50001 r=-1
T3[t=1329s] shard10 r2 #19 cell=(22,60) sc=50265 nodes=100001 r=-1
T3[t=1329s] shard12 r1 #40 cell=(18,70) sc=50260 nodes=50001 r=-1
T3[t=1330s] shard0 r1 #35 cell=(115,75) sc=50272 nodes=50001 r=-1
T3[t=1331s] shard11 r2 #24 cell=(44,70) sc=50261 nodes=100001 r=-1
T3[t=1333s] shard15 r1 #40 cell=(196,40) sc=50275 nodes=50001 r=-1
T3[t=1334s] shard6 r1 #36 cell=(43,55) sc=50271 nodes=50001 r=-1
T3[t=1334s] shard12 r1 #41 cell=(214,94) sc=50260 nodes=50001 r=-1
T3[t=1335s] shard0 r1 #37 cell=(188,78) sc=50272 nodes=50001 r=-1
T3[t=1336s] shard5 r2 #23 cell=(191,79) sc=50267 nodes=66052 r=0
T3[t=1336s] shard3 r1 #32 cell=(37,67) sc=50265 nodes=50001 r=-1
T3[t=1336s] shard14 r2 #16 cell=(36,52) sc=50271 nodes=100001 r=-1
T3[t=1337s] shard9 r1 #34 cell=(4,68) sc=50269 nodes=50001 r=-1
T3[t=1338s] shard15 r1 #41 cell=(188,50) sc=50273 nodes=50001 r=-1
T3[t=1339s] shard13 r2 #48 cell=(41,64) sc=50270 nodes=100001 r=-1
T3[t=1339s] shard6 r1 #37 cell=(203,61) sc=50268 nodes=50001 r=-1
T3[t=1340s] shard4 r2 #25 cell=(17,65) sc=50269 nodes=97609 r=0
T3[t=1340s] shard12 r1 #42 cell=(205,45) sc=50264 nodes=50001 r=-1
T3[t=1340s] shard0 r1 #38 cell=(12,29) sc=50267 nodes=50001 r=-1
T3[t=1340s] shard8 r2 #18 cell=(17,69) sc=50270 nodes=100001 r=-1
T3[t=1341s] shard2 r2 #15 cell=(45,69) sc=50256 nodes=100001 r=-1
T3[t=1342s] shard11 r2 #25 cell=(8,72) sc=50266 nodes=100001 r=-1
T3[t=1342s] shard7 r2 #26 cell=(14,60) sc=50272 nodes=93122 r=0
T3[t=1343s] shard9 r1 #35 cell=(24,72) sc=50278 nodes=50001 r=-1
T3[t=1344s] shard3 r1 #33 cell=(36,68) sc=50271 nodes=50001 r=-1
T3[t=1345s] shard12 r1 #43 cell=(191,77) sc=50268 nodes=50001 r=-1
T3[t=1345s] shard8 r2 #19 cell=(199,69) sc=50268 nodes=53152 r=0
T3[t=1345s] shard15 r1 #42 cell=(190,56) sc=50267 nodes=50001 r=-1
T3[t=1346s] shard14 r2 #17 cell=(196,60) sc=50264 nodes=100001 r=-1
T3[t=1346s] shard5 r2 #28 cell=(28,50) sc=50274 nodes=100001 r=-1
T3[t=1346s] shard6 r1 #38 cell=(108,92) sc=50267 nodes=50001 r=-1
T3[t=1346s] shard0 r1 #39 cell=(12,35) sc=50266 nodes=50001 r=-1
T3[t=1347s] shard13 r2 #50 cell=(24,67) sc=50271 nodes=71926 r=0
T3[t=1349s] shard2 r2 #16 cell=(202,70) sc=50264 nodes=87176 r=0
T3[t=1349s] shard9 r1 #36 cell=(7,83) sc=50274 nodes=50001 r=-1
T3[t=1349s] shard7 r2 #28 cell=(203,71) sc=50264 nodes=78204 r=0
T3[t=1350s] shard11 r2 #26 cell=(195,73) sc=50273 nodes=81104 r=0
T3[t=1350s] shard1 r2 #13 cell=(12,62) sc=50266 nodes=88142 r=0
T3[t=1351s] shard15 r1 #43 cell=(190,60) sc=50263 nodes=50001 r=-1
T3[t=1352s] shard3 r1 #34 cell=(13,87) sc=50267 nodes=50001 r=-1
T3[t=1352s] shard4 r2 #26 cell=(40,66) sc=50275 nodes=100001 r=-1
T3[t=1353s] shard6 r1 #39 cell=(21,43) sc=50270 nodes=50001 r=-1
T3[t=1355s] shard12 r1 #44 cell=(38,62) sc=50266 nodes=50001 r=-1
T3[t=1355s] shard15 r1 #44 cell=(184,68) sc=50268 nodes=50001 r=-1
T3[t=1355s] shard2 r2 #17 cell=(187,71) sc=50270 nodes=73006 r=0
T3[t=1355s] shard10 r2 #20 cell=(31,65) sc=50255 nodes=100001 r=-1
T3[t=1356s] shard0 r1 #40 cell=(93,40) sc=50269 nodes=50001 r=-1
T3[t=1356s] shard7 r2 #30 cell=(200,76) sc=50263 nodes=71425 r=0
T3[t=1357s] shard8 r2 #20 cell=(40,70) sc=50262 nodes=100001 r=-1
T3[t=1357s] shard11 r2 #27 cell=(11,79) sc=50269 nodes=59984 r=0
T3[t=1357s] shard5 r2 #29 cell=(21,53) sc=50268 nodes=100001 r=-1
T3[t=1359s] shard9 r1 #37 cell=(106,90) sc=50272 nodes=50001 r=-1
T3[t=1359s] shard13 r2 #51 cell=(200,67) sc=50269 nodes=86677 r=0
T3[t=1359s] shard14 r2 #18 cell=(42,62) sc=50273 nodes=100001 r=-1
T3[t=1360s] shard6 r1 #40 cell=(51,63) sc=50275 nodes=50001 r=-1
T3[t=1360s] shard3 r1 #38 cell=(66,34) sc=50271 nodes=50001 r=-1
T3[t=1361s] shard15 r1 #45 cell=(5,73) sc=50272 nodes=50001 r=-1
T3[t=1361s] shard0 r1 #41 cell=(31,44) sc=50273 nodes=50001 r=-1
T3[t=1362s] shard12 r1 #45 cell=(209,39) sc=50276 nodes=50001 r=-1
T3[t=1363s] shard1 r2 #14 cell=(46,64) sc=50272 nodes=100001 r=-1
T3[t=1364s] shard11 r2 #29 cell=(2,86) sc=50274 nodes=59751 r=0
T3[t=1364s] shard4 r2 #27 cell=(10,76) sc=50264 nodes=100001 r=-1
T3[t=1364s] shard8 r2 #21 cell=(202,72) sc=50272 nodes=83348 r=0
T3[t=1365s] shard9 r1 #39 cell=(20,58) sc=50263 nodes=50001 r=-1
T3[t=1365s] shard15 r1 #46 cell=(184,78) sc=50272 nodes=50001 r=-1
T3[t=1366s] shard6 r1 #41 cell=(211,15) sc=50265 nodes=50001 r=-1
T3[t=1366s] shard13 r2 #52 cell=(202,73) sc=50270 nodes=71885 r=0
T3[t=1367s] shard0 r1 #42 cell=(23,46) sc=50272 nodes=50001 r=-1
T3[t=1368s] shard8 r2 #24 cell=(191,81) sc=50270 nodes=58083 r=0
T3[t=1369s] shard10 r2 #21 cell=(35,69) sc=50259 nodes=100001 r=-1
T3[t=1369s] shard14 r2 #19 cell=(204,64) sc=50269 nodes=93362 r=0
T3[t=1369s] shard3 r1 #39 cell=(89,47) sc=50267 nodes=50001 r=-1
T3[t=1370s] shard12 r1 #46 cell=(36,72) sc=50268 nodes=50001 r=-1
T3[t=1370s] shard4 r2 #28 cell=(207,87) sc=50272 nodes=62874 r=0
T3[t=1370s] shard11 r2 #31 cell=(221,23) sc=50262 nodes=63273 r=0
T3[t=1371s] shard13 r2 #53 cell=(205,74) sc=50263 nodes=52387 r=0
T3[t=1371s] shard7 r2 #32 cell=(49,55) sc=50271 nodes=100001 r=-1
T3[t=1372s] shard15 r1 #47 cell=(15,81) sc=50270 nodes=50001 r=-1
T3[t=1372s] shard5 r2 #30 cell=(50,56) sc=50271 nodes=100001 r=-1
T3[t=1372s] shard9 r1 #42 cell=(12,80) sc=50271 nodes=50001 r=-1
T3[t=1372s] shard6 r1 #42 cell=(35,106) sc=50265 nodes=50001 r=-1
T3[t=1373s] shard0 r1 #43 cell=(25,48) sc=50273 nodes=50001 r=-1
T3[t=1374s] shard2 r2 #18 cell=(42,72) sc=50254 nodes=100001 r=-1
T3[t=1374s] shard8 r2 #27 cell=(220,22) sc=50272 nodes=59482 r=0
T3[t=1375s] shard12 r1 #47 cell=(41,60) sc=50270 nodes=50001 r=-1
T3[t=1376s] shard11 r2 #32 cell=(199,31) sc=50269 nodes=58081 r=0
T3[t=1376s] shard4 r2 #29 cell=(204,34) sc=50267 nodes=66003 r=0
T3[t=1376s] shard3 r1 #41 cell=(36,54) sc=50261 nodes=50001 r=-1
T3[t=1376s] shard15 r1 #48 cell=(202,88) sc=50278 nodes=50001 r=-1
T3[t=1377s] shard6 r1 #43 cell=(215,54) sc=50269 nodes=50001 r=-1
T3[t=1378s] shard5 r2 #32 cell=(201,67) sc=50266 nodes=66897 r=0
T3[t=1378s] shard14 r2 #20 cell=(183,65) sc=50267 nodes=100001 r=-1
T3[t=1378s] shard0 r1 #44 cell=(24,49) sc=50276 nodes=50001 r=-1
T3[t=1378s] shard9 r1 #43 cell=(217,23) sc=50266 nodes=50001 r=-1
T3[t=1380s] shard12 r1 #48 cell=(216,27) sc=50268 nodes=50001 r=-1
T3[t=1380s] shard8 r2 #28 cell=(20,60) sc=50267 nodes=50952 r=0
T3[t=1380s] shard11 r2 #34 cell=(202,42) sc=50266 nodes=58985 r=0
T3[t=1380s] shard2 r2 #19 cell=(25,73) sc=50263 nodes=61440 r=0
T3[t=1381s] shard6 r1 #44 cell=(48,71) sc=50264 nodes=50001 r=-1
T3[t=1382s] shard1 r2 #15 cell=(25,65) sc=50259 nodes=65663 r=0
T3[t=1382s] shard13 r2 #56 cell=(37,80) sc=50255 nodes=100001 r=-1
T3[t=1382s] shard0 r1 #45 cell=(203,50) sc=50265 nodes=50001 r=-1
T3[t=1383s] shard7 r2 #33 cell=(47,69) sc=50254 nodes=100001 r=-1
T3[t=1383s] shard15 r1 #50 cell=(50,62) sc=50274 nodes=50001 r=-1
T3[t=1383s] shard9 r1 #44 cell=(19,43) sc=50264 nodes=50001 r=-1
T3[t=1383s] shard3 r1 #42 cell=(53,57) sc=50274 nodes=50001 r=-1
T3[t=1384s] shard12 r1 #49 cell=(199,32) sc=50274 nodes=50001 r=-1
T3[t=1386s] shard6 r1 #45 cell=(238,37) sc=50266 nodes=50001 r=-1
T3[t=1387s] shard13 r2 #57 cell=(2,87) sc=50267 nodes=52326 r=0
T3[t=1387s] shard0 r1 #46 cell=(214,51) sc=50273 nodes=50001 r=-1
T3[t=1387s] shard15 r1 #51 cell=(1,65) sc=50267 nodes=50001 r=-1
T3[t=1388s] shard12 r1 #50 cell=(223,34) sc=50268 nodes=50001 r=-1
T3[t=1389s] shard2 r2 #20 cell=(112,78) sc=50269 nodes=77376 r=0
T3[t=1389s] shard10 r2 #22 cell=(44,72) sc=50252 nodes=100001 r=-1
T3[t=1389s] shard3 r1 #43 cell=(43,59) sc=50254 nodes=50001 r=-1
T3[t=1389s] shard9 r1 #45 cell=(36,64) sc=50267 nodes=50001 r=-1
T3[t=1389s] shard4 r2 #30 cell=(49,59) sc=50268 nodes=100001 r=-1
T3[t=1390s] shard11 r2 #35 cell=(29,45) sc=50271 nodes=100001 r=-1
T3[t=1390s] shard6 r1 #46 cell=(31,48) sc=50270 nodes=50001 r=-1
T3[t=1391s] shard5 r2 #33 cell=(52,68) sc=50269 nodes=100001 r=-1
T3[t=1392s] shard8 r2 #29 cell=(26,64) sc=50259 nodes=100001 r=-1
T3[t=1392s] shard15 r1 #52 cell=(20,44) sc=50264 nodes=50001 r=-1
T3[t=1393s] shard12 r1 #51 cell=(216,35) sc=50263 nodes=50001 r=-1
T3[t=1393s] shard0 r1 #48 cell=(47,56) sc=50271 nodes=50001 r=-1
T3[t=1394s] shard3 r1 #44 cell=(222,102) sc=50266 nodes=50001 r=-1
T3[t=1394s] shard10 r2 #24 cell=(199,35) sc=50272 nodes=66106 r=0
T3[t=1394s] shard11 r2 #36 cell=(199,47) sc=50264 nodes=63279 r=0
T3[t=1394s] shard13 r2 #58 cell=(24,97) sc=50263 nodes=75308 r=0
T3[t=1395s] shard7 r2 #35 cell=(39,65) sc=50266 nodes=100001 r=-1
T3[t=1395s] shard9 r1 #47 cell=(48,64) sc=50263 nodes=50001 r=-1
T3[t=1395s] shard6 r1 #47 cell=(185,66) sc=50270 nodes=50001 r=-1
T3[t=1395s] shard14 r2 #21 cell=(17,67) sc=50264 nodes=83017 r=0
T3[t=1395s] shard2 r2 #22 cell=(15,83) sc=50269 nodes=62384 r=0
T3[t=1396s] shard1 r2 #16 cell=(31,67) sc=50265 nodes=67584 r=0
T3[t=1397s] shard12 r1 #52 cell=(214,39) sc=50268 nodes=50001 r=-1
T3[t=1398s] shard0 r1 #49 cell=(30,57) sc=50267 nodes=50001 r=-1
T3[t=1398s] shard5 r2 #34 cell=(204,70) sc=50259 nodes=100001 r=-1
T3[t=1399s] shard3 r1 #45 cell=(22,74) sc=50267 nodes=50001 r=-1
T3[t=1399s] shard6 r1 #48 cell=(236,33) sc=50267 nodes=50001 r=-1
T3[t=1400s] shard15 r1 #53 cell=(204,46) sc=50267 nodes=50001 r=-1
T3[t=1400s] shard4 r2 #31 cell=(51,61) sc=50271 nodes=100001 r=-1
T3[t=1402s] shard12 r1 #53 cell=(27,44) sc=50270 nodes=50001 r=-1
T3[t=1402s] shard2 r2 #27 cell=(201,33) sc=50270 nodes=90167 r=0
T3[t=1402s] shard0 r1 #50 cell=(242,59) sc=50265 nodes=50001 r=-1
T3[t=1402s] shard9 r1 #48 cell=(36,74) sc=50262 nodes=50001 r=-1
T3[t=1403s] shard10 r2 #25 cell=(35,43) sc=50266 nodes=100001 r=-1
T3[t=1404s] shard1 r2 #19 cell=(9,77) sc=50259 nodes=84487 r=0
T3[t=1404s] shard13 r2 #59 cell=(25,24) sc=50263 nodes=100001 r=-1
T3[t=1404s] shard3 r1 #47 cell=(72,28) sc=50257 nodes=50001 r=-1
T3[t=1404s] shard15 r1 #54 cell=(14,33) sc=50268 nodes=50001 r=-1
T3[t=1404s] shard7 r2 #36 cell=(18,71) sc=50266 nodes=100001 r=-1
T3[t=1404s] shard11 r2 #39 cell=(41,57) sc=50254 nodes=100001 r=-1
T3[t=1406s] shard12 r1 #54 cell=(253,44) sc=50270 nodes=50001 r=-1
T3[t=1406s] shard6 r1 #49 cell=(86,35) sc=50266 nodes=50001 r=-1
T3[t=1407s] shard9 r1 #49 cell=(207,16) sc=50267 nodes=50001 r=-1
T3[t=1407s] shard0 r1 #51 cell=(243,60) sc=50264 nodes=50001 r=-1
T3[t=1408s] shard10 r2 #26 cell=(195,49) sc=50268 nodes=70398 r=0
T3[t=1409s] shard15 r1 #55 cell=(11,24) sc=50276 nodes=50001 r=-1
T3[t=1409s] shard5 r2 #39 cell=(47,63) sc=50271 nodes=100001 r=-1
T3[t=1409s] shard7 r2 #39 cell=(205,66) sc=50268 nodes=56801 r=0
T3[t=1410s] shard3 r1 #48 cell=(35,102) sc=50261 nodes=50001 r=-1
T3[t=1410s] shard12 r1 #55 cell=(200,47) sc=50264 nodes=50001 r=-1
T3[t=1411s] shard6 r1 #50 cell=(213,36) sc=50269 nodes=50001 r=-1
T3[t=1412s] shard4 r2 #35 cell=(37,73) sc=50268 nodes=100001 r=-1
T3[t=1413s] shard13 r2 #61 cell=(16,39) sc=50270 nodes=100001 r=-1
T3[t=1413s] shard8 r2 #30 cell=(27,65) sc=50259 nodes=76162 r=0
T3[t=1413s] shard10 r2 #27 cell=(197,55) sc=50268 nodes=59106 r=0
T3[t=1413s] shard15 r1 #56 cell=(20,33) sc=50266 nodes=50001 r=-1
T3[t=1414s] shard1 r2 #20 cell=(113,79) sc=50269 nodes=98139 r=0
T3[t=1414s] shard11 r2 #40 cell=(45,65) sc=50264 nodes=100001 r=-1
T3[t=1414s] shard9 r1 #50 cell=(85,32) sc=50271 nodes=50001 r=-1
T3[t=1414s] shard3 r1 #49 cell=(23,26) sc=50267 nodes=50001 r=-1
T3[t=1415s] shard5 r2 #42 cell=(48,66) sc=50269 nodes=63594 r=0
T3[t=1415s] shard0 r1 #52 cell=(161,62) sc=50272 nodes=50001 r=-1
T3[t=1415s] shard12 r1 #59 cell=(237,56) sc=50270 nodes=50001 r=-1
T3[t=1416s] shard6 r1 #51 cell=(213,40) sc=50264 nodes=50001 r=-1
T3[t=1417s] shard14 r2 #22 cell=(18,68) sc=50271 nodes=70203 r=0
T3[t=1418s] shard4 r2 #36 cell=(201,73) sc=50271 nodes=83349 r=0
T3[t=1418s] shard15 r1 #57 cell=(263,34) sc=50262 nodes=50001 r=-1
T3[t=1418s] shard1 r2 #24 cell=(215,39) sc=50269 nodes=53808 r=0
T3[t=1418s] shard9 r1 #51 cell=(10,37) sc=50277 nodes=50001 r=-1
T3[t=1419s] shard7 r2 #40 cell=(15,30) sc=50268 nodes=100001 r=-1
T3[t=1419s] shard0 r1 #53 cell=(21,64) sc=50261 nodes=50001 r=-1
T3[t=1420s] shard13 r2 #62 cell=(217,42) sc=50258 nodes=75192 r=0
T3[t=1421s] shard6 r1 #52 cell=(214,41) sc=50270 nodes=50001 r=-1
T3[t=1421s] shard2 r2 #30 cell=(35,67) sc=50267 nodes=100001 r=-1
T3[t=1421s] shard3 r1 #50 cell=(72,35) sc=50268 nodes=50001 r=-1
T3[t=1422s] shard12 r1 #60 cell=(17,58) sc=50269 nodes=50001 r=-1
T3[t=1423s] shard9 r1 #52 cell=(26,39) sc=50267 nodes=50001 r=-1
T3[t=1423s] shard7 r2 #44 cell=(215,40) sc=50264 nodes=52732 r=0
T3[t=1423s] shard8 r2 #31 cell=(52,66) sc=50271 nodes=100001 r=-1
T3[t=1424s] shard11 r2 #41 cell=(122,74) sc=50266 nodes=85437 r=0
T3[t=1424s] shard5 r2 #44 cell=(27,26) sc=50268 nodes=100001 r=-1
T3[t=1425s] shard0 r1 #54 cell=(45,64) sc=50270 nodes=50001 r=-1
T3[t=1425s] shard15 r1 #58 cell=(81,40) sc=50269 nodes=50001 r=-1
T3[t=1426s] shard1 r2 #25 cell=(203,43) sc=50263 nodes=100001 r=-1
T3[t=1426s] shard12 r1 #62 cell=(206,59) sc=50264 nodes=50001 r=-1
T3[t=1427s] shard2 r2 #33 cell=(1,87) sc=50273 nodes=52502 r=0
T3[t=1427s] shard9 r1 #53 cell=(31,42) sc=50271 nodes=50001 r=-1
T3[t=1428s] shard14 r2 #23 cell=(43,69) sc=50251 nodes=100001 r=-1
T3[t=1428s] shard6 r1 #53 cell=(104,45) sc=50262 nodes=50001 r=-1
T3[t=1429s] shard3 r1 #51 cell=(87,36) sc=50269 nodes=50001 r=-1
T3[t=1429s] shard10 r2 #28 cell=(24,58) sc=50275 nodes=64778 r=0
T3[t=1429s] shard13 r2 #63 cell=(22,49) sc=50276 nodes=100001 r=-1
T3[t=1430s] shard0 r1 #55 cell=(16,65) sc=50270 nodes=50001 r=-1
T3[t=1430s] shard12 r1 #63 cell=(34,61) sc=50272 nodes=50001 r=-1
T3[t=1430s] shard8 r2 #32 cell=(8,74) sc=50265 nodes=74186 r=0
T3[t=1431s] shard5 r2 #45 cell=(84,35) sc=50268 nodes=59489 r=0
T3[t=1431s] shard11 r2 #42 cell=(6,84) sc=50274 nodes=80207 r=0
T3[t=1432s] shard9 r1 #54 cell=(236,43) sc=50272 nodes=50001 r=-1
T3[t=1433s] shard15 r1 #59 cell=(86,41) sc=50265 nodes=50001 r=-1
T3[t=1433s] shard3 r1 #52 cell=(200,37) sc=50271 nodes=50001 r=-1
T3[t=1433s] shard7 r2 #46 cell=(24,51) sc=50277 nodes=100001 r=-1
T3[t=1433s] shard10 r2 #31 cell=(198,60) sc=50262 nodes=58106 r=0
T3[t=1433s] shard14 r2 #24 cell=(9,73) sc=50266 nodes=50371 r=0
T3[t=1434s] shard0 r1 #56 cell=(197,66) sc=50270 nodes=50001 r=-1
T3[t=1434s] shard1 r2 #26 cell=(22,50) sc=50270 nodes=100001 r=-1
T3[t=1435s] shard4 r2 #37 cell=(39,63) sc=50275 nodes=100001 r=-1
T3[t=1436s] shard13 r2 #65 cell=(195,60) sc=50265 nodes=79035 r=0
T3[t=1436s] shard12 r1 #64 cell=(9,64) sc=50272 nodes=50001 r=-1
T3[t=1436s] shard6 r1 #54 cell=(92,47) sc=50269 nodes=50001 r=-1
T3[t=1437s] shard11 r2 #43 cell=(201,49) sc=50267 nodes=78745 r=0
T3[t=1437s] shard15 r1 #60 cell=(34,45) sc=50266 nodes=50001 r=-1
T3[t=1438s] shard2 r2 #34 cell=(45,57) sc=50271 nodes=100001 r=-1
T3[t=1438s] shard8 r2 #33 cell=(11,77) sc=50270 nodes=77135 r=0
T3[t=1438s] shard3 r1 #53 cell=(219,42) sc=50265 nodes=50001 r=-1
T3[t=1438s] shard0 r1 #57 cell=(30,67) sc=50253 nodes=50001 r=-1
T3[t=1438s] shard9 r1 #55 cell=(215,44) sc=50269 nodes=50001 r=-1
T3[t=1438s] shard1 r2 #28 cell=(199,57) sc=50264 nodes=54605 r=0
T3[t=1439s] shard14 r2 #25 cell=(27,79) sc=50269 nodes=68563 r=0
T3[t=1440s] shard10 r2 #32 cell=(206,72) sc=50274 nodes=81301 r=0
T3[t=1440s] shard5 r2 #46 cell=(17,38) sc=50268 nodes=100001 r=-1
T3[t=1441s] shard6 r1 #55 cell=(212,49) sc=50271 nodes=50001 r=-1
T3[t=1441s] shard12 r1 #65 cell=(239,64) sc=50274 nodes=50001 r=-1
T3[t=1441s] shard15 r1 #61 cell=(23,48) sc=50277 nodes=50001 r=-1
T3[t=1442s] shard0 r1 #58 cell=(210,67) sc=50276 nodes=50001 r=-1
T3[t=1442s] shard11 r2 #44 cell=(23,53) sc=50269 nodes=50196 r=0
T3[t=1442s] shard9 r1 #56 cell=(200,45) sc=50265 nodes=50001 r=-1
T3[t=1443s] shard3 r1 #54 cell=(206,43) sc=50267 nodes=50001 r=-1
T3[t=1443s] shard7 r2 #48 cell=(36,53) sc=50261 nodes=100001 r=-1
T3[t=1445s] shard4 r2 #38 cell=(38,71) sc=50268 nodes=100001 r=-1
T3[t=1445s] shard6 r1 #57 cell=(191,56) sc=50267 nodes=50001 r=-1
T3[t=1445s] shard12 r1 #66 cell=(184,65) sc=50266 nodes=50001 r=-1
T3[t=1445s] shard13 r2 #66 cell=(33,62) sc=50276 nodes=100001 r=-1
T3[t=1445s] shard5 r2 #47 cell=(211,40) sc=50272 nodes=71905 r=0
T3[t=1446s] shard0 r1 #59 cell=(43,68) sc=50270 nodes=50001 r=-1
T3[t=1446s] shard1 r2 #29 cell=(185,59) sc=50271 nodes=95186 r=0
T3[t=1446s] shard15 r1 #62 cell=(251,48) sc=50276 nodes=50001 r=-1
T3[t=1446s] shard8 r2 #34 cell=(104,90) sc=50270 nodes=81927 r=0
T3[t=1447s] shard14 r2 #28 cell=(202,46) sc=50262 nodes=89780 r=0
T3[t=1447s] shard11 r2 #45 cell=(28,58) sc=50275 nodes=50282 r=0
T3[t=1447s] shard3 r1 #55 cell=(201,44) sc=50266 nodes=50001 r=-1
T3[t=1447s] shard9 r1 #58 cell=(207,48) sc=50275 nodes=50001 r=-1
T3[t=1449s] shard2 r2 #35 cell=(45,61) sc=50269 nodes=100001 r=-1
T3[t=1449s] shard7 r2 #49 cell=(192,57) sc=50267 nodes=71935 r=0
T3[t=1449s] shard12 r1 #67 cell=(187,66) sc=50271 nodes=50001 r=-1
T3[t=1449s] shard10 r2 #35 cell=(32,61) sc=50270 nodes=100001 r=-1
T3[t=1450s] shard15 r1 #63 cell=(191,54) sc=50266 nodes=50001 r=-1
T3[t=1450s] shard0 r1 #60 cell=(225,68) sc=50254 nodes=50001 r=-1
T3[t=1451s] shard11 r2 #47 cell=(204,74) sc=50260 nodes=64519 r=0
T3[t=1451s] shard5 r2 #48 cell=(212,43) sc=50271 nodes=64415 r=0
T3[t=1452s] shard9 r1 #60 cell=(26,51) sc=50275 nodes=50001 r=-1
T3[t=1453s] shard4 r2 #40 cell=(10,83) sc=50274 nodes=88570 r=0
T3[t=1453s] shard6 r1 #58 cell=(172,57) sc=50268 nodes=50001 r=-1
T3[t=1454s] shard13 r2 #67 cell=(203,64) sc=50261 nodes=100001 r=-1
T3[t=1454s] shard3 r1 #56 cell=(94,45) sc=50267 nodes=50001 r=-1
T3[t=1454s] shard15 r1 #64 cell=(50,55) sc=50268 nodes=50001 r=-1
T3[t=1455s] shard12 r1 #68 cell=(201,68) sc=50277 nodes=50001 r=-1
T3[t=1455s] shard10 r2 #36 cell=(215,16) sc=50274 nodes=60324 r=0
T3[t=1456s] shard9 r1 #61 cell=(35,52) sc=50272 nodes=50001 r=-1
T3[t=1457s] shard8 r2 #35 cell=(18,58) sc=50260 nodes=100001 r=-1
T3[t=1457s] shard0 r1 #61 cell=(11,70) sc=50265 nodes=50001 r=-1
T3[t=1458s] shard6 r1 #59 cell=(14,59) sc=50267 nodes=50001 r=-1
T3[t=1458s] shard7 r2 #50 cell=(49,58) sc=50279 nodes=100001 r=-1
T3[t=1458s] shard14 r2 #29 cell=(107,32) sc=50261 nodes=100001 r=-1
T3[t=1459s] shard2 r2 #36 cell=(13,69) sc=50267 nodes=100001 r=-1
T3[t=1460s] shard3 r1 #58 cell=(51,56) sc=50265 nodes=50001 r=-1
T3[t=1460s] shard15 r1 #65 cell=(27,58) sc=50268 nodes=50001 r=-1
T3[t=1460s] shard11 r2 #49 cell=(38,64) sc=50264 nodes=100001 r=-1
T3[t=1461s] shard5 r2 #51 cell=(27,52) sc=50275 nodes=100001 r=-1
T3[t=1461s] shard10 r2 #38 cell=(200,39) sc=50270 nodes=66415 r=0
T3[t=1461s] shard12 r1 #69 cell=(32,69) sc=50269 nodes=50001 r=-1
T3[t=1461s] shard9 r1 #64 cell=(29,56) sc=50268 nodes=50001 r=-1
T3[t=1461s] shard13 r2 #68 cell=(182,65) sc=50268 nodes=81926 r=0
T3[t=1462s] shard0 r1 #62 cell=(54,71) sc=50275 nodes=50001 r=-1
T3[t=1462s] shard8 r2 #36 cell=(191,63) sc=50268 nodes=72270 r=0
T3[t=1463s] shard4 r2 #41 cell=(21,54) sc=50263 nodes=100001 r=-1
T3[t=1463s] shard15 r1 #66 cell=(199,58) sc=50274 nodes=50001 r=-1
T3[t=1464s] shard6 r1 #60 cell=(51,60) sc=50273 nodes=50001 r=-1
T3[t=1464s] shard1 r2 #30 cell=(18,66) sc=50258 nodes=63116 r=0
T3[t=1465s] shard12 r1 #70 cell=(206,69) sc=50271 nodes=50001 r=-1
T3[t=1465s] shard3 r1 #59 cell=(215,58) sc=50266 nodes=50001 r=-1
T3[t=1467s] shard0 r1 #63 cell=(25,72) sc=50264 nodes=50001 r=-1
T3[t=1467s] shard7 r2 #51 cell=(52,59) sc=50268 nodes=100001 r=-1
T3[t=1468s] shard14 r2 #32 cell=(21,28) sc=50267 nodes=100001 r=-1
T3[t=1468s] shard15 r1 #67 cell=(30,59) sc=50265 nodes=50001 r=-1
T3[t=1469s] shard9 r1 #65 cell=(107,58) sc=50268 nodes=50001 r=-1
T3[t=1469s] shard2 r2 #37 cell=(39,73) sc=50270 nodes=100001 r=-1
T3[t=1469s] shard4 r2 #42 cell=(199,54) sc=50270 nodes=73619 r=0
T3[t=1469s] shard12 r1 #71 cell=(53,70) sc=50269 nodes=50001 r=-1
T3[t=1469s] shard11 r2 #51 cell=(9,78) sc=50272 nodes=89988 r=0
T3[t=1469s] shard6 r1 #61 cell=(27,62) sc=50267 nodes=50001 r=-1
T3[t=1469s] shard8 r2 #38 cell=(207,71) sc=50262 nodes=90574 r=0
T3[t=1470s] shard5 r2 #52 cell=(32,53) sc=50264 nodes=100001 r=-1
T3[t=1471s] shard13 r2 #69 cell=(16,67) sc=50260 nodes=100001 r=-1
T3[t=1471s] shard10 r2 #42 cell=(37,52) sc=50276 nodes=100001 r=-1
T3[t=1472s] shard3 r1 #60 cell=(23,60) sc=50269 nodes=50001 r=-1
T3[t=1473s] shard0 r1 #64 cell=(22,73) sc=50272 nodes=50001 r=-1
T3[t=1473s] shard9 r1 #66 cell=(204,61) sc=50267 nodes=50001 r=-1
T3[t=1473s] shard15 r1 #68 cell=(239,60) sc=50267 nodes=50001 r=-1
T3[t=1474s] shard12 r1 #72 cell=(44,71) sc=50267 nodes=50001 r=-1
T3[t=1474s] shard5 r2 #54 cell=(175,56) sc=50271 nodes=52645 r=0
T3[t=1474s] shard6 r1 #62 cell=(24,63) sc=50260 nodes=50001 r=-1
T3[t=1475s] shard8 r2 #40 cell=(207,42) sc=50274 nodes=60732 r=0
T3[t=1477s] shard7 r2 #52 cell=(109,60) sc=50272 nodes=79872 r=0
T3[t=1477s] shard9 r1 #67 cell=(204,63) sc=50265 nodes=50001 r=-1
T3[t=1477s] shard0 r1 #65 cell=(230,73) sc=50256 nodes=50001 r=-1
T3[t=1477s] shard13 r2 #70 cell=(17,68) sc=50260 nodes=65117 r=0
T3[t=1477s] shard3 r1 #61 cell=(14,61) sc=50274 nodes=50001 r=-1
T3[t=1477s] shard2 r2 #38 cell=(30,54) sc=50262 nodes=100001 r=-1
T3[t=1478s] shard14 r2 #33 cell=(9,36) sc=50268 nodes=100001 r=-1
T3[t=1478s] shard15 r1 #69 cell=(9,62) sc=50268 nodes=50001 r=-1
T3[t=1478s] shard12 r1 #73 cell=(9,72) sc=50269 nodes=50001 r=-1
T3[t=1479s] shard4 r2 #43 cell=(25,26) sc=50261 nodes=100001 r=-1
T3[t=1479s] shard6 r1 #64 cell=(31,64) sc=50268 nodes=50001 r=-1
T3[t=1479s] shard11 r2 #53 cell=(24,41) sc=50273 nodes=100001 r=-1
T3[t=1480s] shard10 r2 #44 cell=(51,54) sc=50278 nodes=100001 r=-1
T3[t=1481s] shard8 r2 #41 cell=(199,30) sc=50270 nodes=66338 r=0
T3[t=1481s] shard9 r1 #68 cell=(205,64) sc=50270 nodes=50001 r=-1
T3[t=1482s] shard1 r2 #31 cell=(34,68) sc=50262 nodes=100001 r=-1
T3[t=1483s] shard12 r1 #74 cell=(6,73) sc=50269 nodes=50001 r=-1
T3[t=1483s] shard5 r2 #55 cell=(50,57) sc=50267 nodes=100001 r=-1
T3[t=1484s] shard0 r1 #66 cell=(12,75) sc=50270 nodes=50001 r=-1
T3[t=1484s] shard15 r1 #70 cell=(40,63) sc=50266 nodes=50001 r=-1
T3[t=1485s] shard9 r1 #69 cell=(44,67) sc=50272 nodes=50001 r=-1
T3[t=1486s] shard3 r1 #62 cell=(170,61) sc=50267 nodes=50001 r=-1
T3[t=1486s] shard6 r1 #65 cell=(197,64) sc=50267 nodes=50001 r=-1
T3[t=1487s] shard13 r2 #71 cell=(42,69) sc=50259 nodes=100001 r=-1
T3[t=1487s] shard8 r2 #42 cell=(200,35) sc=50267 nodes=66320 r=0
T3[t=1488s] shard7 r2 #53 cell=(24,61) sc=50265 nodes=100001 r=-1
T3[t=1488s] shard11 r2 #58 cell=(53,54) sc=50271 nodes=100001 r=-1
T3[t=1488s] shard14 r2 #34 cell=(28,37) sc=50264 nodes=100001 r=-1
T3[t=1489s] shard4 r2 #47 cell=(15,38) sc=50270 nodes=100001 r=-1
T3[t=1489s] shard0 r1 #67 cell=(27,78) sc=50269 nodes=50001 r=-1
T3[t=1490s] shard6 r1 #66 cell=(38,65) sc=50261 nodes=50001 r=-1
T3[t=1490s] shard10 r2 #46 cell=(208,57) sc=50257 nodes=100001 r=-1
T3[t=1490s] shard1 r2 #32 cell=(193,79) sc=50275 nodes=91644 r=0
T3[t=1490s] shard12 r1 #75 cell=(37,76) sc=50256 nodes=50001 r=-1
T3[t=1490s] shard9 r1 #70 cell=(20,69) sc=50267 nodes=50001 r=-1
T3[t=1491s] shard15 r1 #71 cell=(17,64) sc=50271 nodes=50001 r=-1
T3[t=1491s] shard3 r1 #63 cell=(19,62) sc=50268 nodes=50001 r=-1
T3[t=1493s] shard7 r2 #54 cell=(196,61) sc=50273 nodes=50510 r=0
T3[t=1494s] shard5 r2 #57 cell=(50,59) sc=50270 nodes=100001 r=-1
T3[t=1495s] shard10 r2 #47 cell=(187,58) sc=50262 nodes=52481 r=0
T3[t=1495s] shard4 r2 #49 cell=(203,44) sc=50262 nodes=58119 r=0
T3[t=1495s] shard6 r1 #67 cell=(210,65) sc=50272 nodes=50001 r=-1
T3[t=1496s] shard0 r1 #68 cell=(28,79) sc=50272 nodes=50001 r=-1
T3[t=1497s] shard2 r2 #39 cell=(35,65) sc=50269 nodes=86717 r=0
T3[t=1497s] shard12 r1 #76 cell=(11,78) sc=50269 nodes=50001 r=-1
T3[t=1497s] shard3 r1 #64 cell=(241,62) sc=50272 nodes=50001 r=-1
T3[t=1499s] shard15 r1 #72 cell=(8,65) sc=50267 nodes=50001 r=-1
T3[t=1499s] shard1 r2 #34 cell=(199,33) sc=50259 nodes=90106 r=0
T3[t=1499s] shard9 r1 #71 cell=(202,69) sc=50267 nodes=50001 r=-1
T3[t=1499s] shard8 r2 #43 cell=(21,42) sc=50264 nodes=100001 r=-1
T3[t=1500s] shard7 r2 #55 cell=(212,65) sc=50269 nodes=69872 r=0
T3[t=1501s] shard6 r1 #68 cell=(39,66) sc=50270 nodes=50001 r=-1
T3[t=1501s] shard14 r2 #35 cell=(27,40) sc=50265 nodes=100001 r=-1
T3[t=1501s] shard13 r2 #72 cell=(8,73) sc=50267 nodes=100001 r=-1
T3[t=1501s] shard11 r2 #59 cell=(31,56) sc=50266 nodes=100001 r=-1
T3[t=1502s] shard4 r2 #51 cell=(203,54) sc=50267 nodes=56307 r=0
T3[t=1503s] shard0 r1 #69 cell=(191,82) sc=50273 nodes=50001 r=-1
T3[t=1503s] shard12 r1 #77 cell=(25,80) sc=50259 nodes=50001 r=-1
T3[t=1504s] shard2 r2 #41 cell=(216,25) sc=50267 nodes=66662 r=0
T3[t=1504s] shard3 r1 #65 cell=(27,64) sc=50258 nodes=50001 r=-1
T3[t=1505s] shard15 r1 #73 cell=(23,66) sc=50272 nodes=50001 r=-1
T3[t=1506s] shard9 r1 #72 cell=(205,72) sc=50260 nodes=50001 r=-1
T3[t=1506s] shard5 r2 #59 cell=(13,68) sc=50269 nodes=100001 r=-1
T3[t=1507s] shard10 r2 #48 cell=(20,59) sc=50270 nodes=100001 r=-1
T3[t=1508s] shard6 r1 #69 cell=(40,67) sc=50265 nodes=50001 r=-1
T3[t=1508s] shard14 r2 #36 cell=(96,43) sc=50278 nodes=53746 r=0
T3[t=1509s] shard0 r1 #70 cell=(210,87) sc=50269 nodes=50001 r=-1
T3[t=1509s] shard4 r2 #52 cell=(198,55) sc=50265 nodes=69090 r=0
T3[t=1510s] shard1 r2 #35 cell=(29,51) sc=50271 nodes=100001 r=-1
T3[t=1510s] shard3 r1 #67 cell=(30,65) sc=50256 nodes=50001 r=-1
T3[t=1511s] shard15 r1 #74 cell=(208,67) sc=50272 nodes=50001 r=-1
T3[t=1511s] shard8 r2 #44 cell=(32,43) sc=50267 nodes=100001 r=-1
T3[t=1511s] shard12 r1 #78 cell=(13,86) sc=50273 nodes=50001 r=-1
T3[t=1512s] shard9 r1 #73 cell=(210,77) sc=50277 nodes=50001 r=-1
T3[t=1512s] shard7 r2 #56 cell=(41,66) sc=50276 nodes=100001 r=-1
T3[t=1513s] shard6 r1 #70 cell=(187,68) sc=50267 nodes=50001 r=-1
T3[t=1513s] shard11 r2 #60 cell=(41,62) sc=50270 nodes=100001 r=-1
T3[t=1513s] shard10 r2 #49 cell=(200,59) sc=50264 nodes=61354 r=0
T3[t=1513s] shard13 r2 #73 cell=(10,75) sc=50265 nodes=100001 r=-1
T3[t=1514s] shard4 r2 #53 cell=(171,56) sc=50264 nodes=52869 r=0
T3[t=1515s] shard0 r1 #71 cell=(34,101) sc=50264 nodes=50001 r=-1
T3[t=1515s] shard3 r1 #68 cell=(36,67) sc=50263 nodes=50001 r=-1
T3[t=1515s] shard15 r1 #75 cell=(209,68) sc=50263 nodes=50001 r=-1
T3[t=1516s] shard2 r2 #42 cell=(18,29) sc=50263 nodes=100001 r=-1
T3[t=1516s] shard12 r1 #79 cell=(214,99) sc=50267 nodes=50001 r=-1
T3[t=1518s] shard9 r1 #74 cell=(3,80) sc=50269 nodes=50001 r=-1
T3[t=1518s] shard5 r2 #61 cell=(6,69) sc=50267 nodes=93864 r=0
T3[t=1519s] shard7 r2 #57 cell=(4,67) sc=50275 nodes=52267 r=0
T3[t=1520s] shard15 r1 #76 cell=(40,69) sc=50261 nodes=50001 r=-1
T3[t=1520s] shard14 r2 #37 cell=(29,44) sc=50272 nodes=100001 r=-1
T3[t=1521s] shard3 r1 #70 cell=(4,69) sc=50277 nodes=50001 r=-1
T3[t=1521s] shard0 r1 #72 cell=(41,120) sc=50271 nodes=50001 r=-1
T3[t=1522s] shard6 r1 #71 cell=(186,69) sc=50269 nodes=50001 r=-1
T3[t=1523s] shard8 r2 #46 cell=(106,47) sc=50277 nodes=81408 r=0
T3[t=1523s] shard1 r2 #36 cell=(39,59) sc=50268 nodes=100001 r=-1
T3[t=1523s] shard9 r1 #75 cell=(208,81) sc=50276 nodes=50001 r=-1
T3[t=1524s] shard12 r1 #82 cell=(32,41) sc=50264 nodes=50001 r=-1
T3[t=1525s] shard11 r2 #61 cell=(32,63) sc=50268 nodes=100001 r=-1
T3[t=1525s] shard13 r2 #74 cell=(26,79) sc=50266 nodes=100001 r=-1
T3[t=1525s] shard4 r2 #54 cell=(48,57) sc=50267 nodes=100001 r=-1
T3[t=1526s] shard10 r2 #50 cell=(30,63) sc=50270 nodes=100001 r=-1
T3[t=1526s] shard2 r2 #45 cell=(204,41) sc=50275 nodes=90647 r=0
T3[t=1527s] shard0 r1 #74 cell=(12,33) sc=50270 nodes=50001 r=-1
T3[t=1527s] shard15 r1 #78 cell=(8,75) sc=50264 nodes=50001 r=-1
T3[t=1528s] shard6 r1 #72 cell=(198,71) sc=50273 nodes=50001 r=-1
T3[t=1529s] shard3 r1 #71 cell=(46,69) sc=50255 nodes=50001 r=-1
T3[t=1529s] shard9 r1 #76 cell=(208,85) sc=50273 nodes=50001 r=-1
T3[t=1530s] shard5 r2 #62 cell=(12,71) sc=50257 nodes=100001 r=-1
T3[t=1530s] shard12 r1 #83 cell=(203,42) sc=50264 nodes=50001 r=-1
T3[t=1531s] shard1 r2 #37 cell=(29,61) sc=50275 nodes=63712 r=0
T3[t=1531s] shard7 r2 #58 cell=(39,70) sc=50264 nodes=100001 r=-1
T3[t=1532s] shard14 r2 #38 cell=(32,45) sc=50268 nodes=100001 r=-1
T3[t=1532s] shard2 r2 #46 cell=(215,42) sc=50259 nodes=59455 r=0
T3[t=1533s] shard0 r1 #75 cell=(242,35) sc=50259 nodes=50001 r=-1
T3[t=1533s] shard6 r1 #73 cell=(197,72) sc=50271 nodes=50001 r=-1
T3[t=1534s] shard3 r1 #72 cell=(205,70) sc=50266 nodes=50001 r=-1
T3[t=1534s] shard15 r1 #79 cell=(201,76) sc=50270 nodes=50001 r=-1
T3[t=1534s] shard4 r2 #55 cell=(29,60) sc=50279 nodes=74871 r=0
T3[t=1535s] shard9 r1 #77 cell=(19,90) sc=50273 nodes=50001 r=-1
T3[t=1535s] shard8 r2 #47 cell=(27,50) sc=50271 nodes=100001 r=-1
T3[t=1536s] shard12 r1 #84 cell=(30,45) sc=50270 nodes=50001 r=-1
T3[t=1536s] shard5 r2 #63 cell=(196,71) sc=50271 nodes=62796 r=0
T3[t=1537s] shard10 r2 #51 cell=(37,64) sc=50263 nodes=100001 r=-1
T3[t=1537s] shard13 r2 #76 cell=(15,26) sc=50269 nodes=100001 r=-1
T3[t=1538s] shard11 r2 #63 cell=(11,66) sc=50273 nodes=100001 r=-1
T3[t=1538s] shard6 r1 #74 cell=(52,73) sc=50269 nodes=50001 r=-1
T3[t=1539s] shard0 r1 #76 cell=(204,39) sc=50266 nodes=50001 r=-1
T3[t=1540s] shard2 r2 #47 cell=(204,43) sc=50276 nodes=65141 r=0
T3[t=1541s] shard12 r1 #85 cell=(204,51) sc=50264 nodes=50001 r=-1
T3[t=1541s] shard9 r1 #78 cell=(31,96) sc=50267 nodes=50001 r=-1
T3[t=1542s] shard4 r2 #56 cell=(16,61) sc=50272 nodes=54244 r=0
T3[t=1542s] shard3 r1 #74 cell=(36,73) sc=50269 nodes=50001 r=-1
T3[t=1543s] shard15 r1 #80 cell=(177,80) sc=50254 nodes=50001 r=-1
T3[t=1544s] shard7 r2 #59 cell=(202,71) sc=50269 nodes=100001 r=-1
T3[t=1544s] shard0 r1 #77 cell=(202,43) sc=50267 nodes=50001 r=-1
T3[t=1544s] shard14 r2 #39 cell=(24,47) sc=50272 nodes=100001 r=-1
T3[t=1545s] shard5 r2 #65 cell=(26,81) sc=50267 nodes=71926 r=0
T3[t=1546s] shard6 r1 #75 cell=(174,77) sc=50279 nodes=50001 r=-1
T3[t=1547s] shard2 r2 #48 cell=(88,45) sc=50269 nodes=55251 r=0
T3[t=1548s] shard8 r2 #49 cell=(25,56) sc=50273 nodes=100001 r=-1
T3[t=1548s] shard9 r1 #79 cell=(30,99) sc=50266 nodes=50001 r=-1
T3[t=1548s] shard12 r1 #86 cell=(46,57) sc=50273 nodes=50001 r=-1
T3[t=1548s] shard10 r2 #52 cell=(46,65) sc=50263 nodes=100001 r=-1
T3[t=1548s] shard3 r1 #75 cell=(94,75) sc=50266 nodes=50001 r=-1
T3[t=1549s] shard0 r1 #78 cell=(216,45) sc=50264 nodes=50001 r=-1
T3[t=1549s] shard13 r2 #77 cell=(27,56) sc=50266 nodes=100001 r=-1
T3[t=1551s] shard15 r1 #81 cell=(179,82) sc=50263 nodes=50001 r=-1
T3[t=1551s] shard7 r2 #64 cell=(14,107) sc=50271 nodes=59299 r=0
T3[t=1552s] shard4 r2 #57 cell=(184,63) sc=50263 nodes=100001 r=-1
T3[t=1553s] shard14 r2 #41 cell=(195,52) sc=50279 nodes=74921 r=0
T3[t=1553s] shard11 r2 #64 cell=(198,67) sc=50267 nodes=100001 r=-1
T3[t=1553s] shard6 r1 #76 cell=(193,78) sc=50268 nodes=50001 r=-1
T3[t=1554s] shard9 r1 #83 cell=(221,22) sc=50261 nodes=50001 r=-1
T3[t=1554s] shard8 r2 #50 cell=(193,56) sc=50265 nodes=55097 r=0
T3[t=1554s] shard12 r1 #87 cell=(12,59) sc=50263 nodes=50001 r=-1
T3[t=1555s] shard1 r2 #38 cell=(15,65) sc=50259 nodes=100001 r=-1
T3[t=1555s] shard0 r1 #79 cell=(208,49) sc=50273 nodes=50001 r=-1
T3[t=1556s] shard3 r1 #76 cell=(177,78) sc=50255 nodes=50001 r=-1
T3[t=1556s] shard5 r2 #68 cell=(16,29) sc=50269 nodes=100001 r=-1
T3[t=1556s] shard15 r1 #82 cell=(38,97) sc=50263 nodes=50001 r=-1
T3[t=1557s] shard13 r2 #78 cell=(185,62) sc=50253 nodes=78613 r=0
T3[t=1559s] shard12 r1 #88 cell=(201,64) sc=50263 nodes=50001 r=-1
T3[t=1559s] shard9 r1 #84 cell=(243,30) sc=50256 nodes=50001 r=-1
T3[t=1559s] shard7 r2 #66 cell=(85,30) sc=50273 nodes=59488 r=0
T3[t=1559s] shard2 r2 #49 cell=(29,46) sc=50273 nodes=100001 r=-1
T3[t=1560s] shard14 r2 #42 cell=(194,53) sc=50265 nodes=73576 r=0
T3[t=1560s] shard10 r2 #55 cell=(43,70) sc=50261 nodes=100001 r=-1
T3[t=1561s] shard3 r1 #78 cell=(21,88) sc=50264 nodes=50001 r=-1
T3[t=1561s] shard0 r1 #80 cell=(189,52) sc=50263 nodes=50001 r=-1
T3[t=1561s] shard5 r2 #69 cell=(207,44) sc=50273 nodes=55390 r=0
T3[t=1562s] shard11 r2 #65 cell=(42,71) sc=50263 nodes=100001 r=-1
T3[t=1562s] shard6 r1 #78 cell=(178,81) sc=50268 nodes=50001 r=-1
T3[t=1562s] shard15 r1 #83 cell=(32,101) sc=50264 nodes=50001 r=-1
T3[t=1563s] shard4 r2 #58 cell=(32,65) sc=50254 nodes=100001 r=-1
T3[t=1564s] shard12 r1 #89 cell=(52,65) sc=50272 nodes=50001 r=-1
T3[t=1564s] shard9 r1 #85 cell=(16,35) sc=50273 nodes=50001 r=-1
T3[t=1565s] shard1 r2 #39 cell=(204,68) sc=50261 nodes=69425 r=0
T3[t=1565s] shard8 r2 #51 cell=(16,59) sc=50265 nodes=100001 r=-1
T3[t=1566s] shard3 r1 #79 cell=(27,94) sc=50279 nodes=50001 r=-1
T3[t=1566s] shard0 r1 #81 cell=(33,54) sc=50262 nodes=50001 r=-1
T3[t=1567s] shard15 r1 #86 cell=(26,25) sc=50272 nodes=50001 r=-1
T3[t=1569s] shard13 r2 #79 cell=(7,68) sc=50263 nodes=100001 r=-1
T3[t=1569s] shard9 r1 #86 cell=(217,40) sc=50260 nodes=50001 r=-1
T3[t=1570s] shard12 r1 #91 cell=(38,69) sc=50263 nodes=50001 r=-1
T3[t=1571s] shard3 r1 #80 cell=(215,98) sc=50256 nodes=50001 r=-1
T3[t=1571s] shard6 r1 #79 cell=(208,95) sc=50274 nodes=50001 r=-1
T3[t=1571s] shard11 r2 #66 cell=(195,74) sc=50272 nodes=91223 r=0
T3[t=1571s] shard2 r2 #50 cell=(27,48) sc=50273 nodes=100001 r=-1
T3[t=1571s] shard7 r2 #67 cell=(27,38) sc=50271 nodes=100001 r=-1
T3[t=1572s] shard0 r1 #82 cell=(198,57) sc=50262 nodes=50001 r=-1
T3[t=1572s] shard5 r2 #70 cell=(95,46) sc=50270 nodes=75224 r=0
T3[t=1572s] shard10 r2 #57 cell=(7,78) sc=50272 nodes=97934 r=0
T3[t=1573s] shard14 r2 #44 cell=(18,57) sc=50264 nodes=100001 r=-1
T3[t=1573s] shard4 r2 #59 cell=(204,65) sc=50269 nodes=95164 r=0
T3[t=1575s] shard6 r1 #80 cell=(219,98) sc=50260 nodes=50001 r=-1
T3[t=1577s] shard15 r1 #87 cell=(74,39) sc=50258 nodes=50001 r=-1
T3[t=1577s] shard3 r1 #82 cell=(4,179) sc=50274 nodes=50001 r=-1
T3[t=1577s] shard12 r1 #92 cell=(231,72) sc=50259 nodes=50001 r=-1
T3[t=1577s] shard1 r2 #40 cell=(9,71) sc=50265 nodes=99856 r=0
T3[t=1578s] shard8 r2 #52 cell=(26,61) sc=50266 nodes=100001 r=-1
T3[t=1580s] shard9 r1 #87 cell=(103,42) sc=50274 nodes=50001 r=-1
T3[t=1581s] shard13 r2 #81 cell=(39,72) sc=50269 nodes=100001 r=-1
T3[t=1581s] shard0 r1 #83 cell=(108,59) sc=50263 nodes=50001 r=-1
T3[t=1582s] shard6 r1 #81 cell=(37,106) sc=50268 nodes=50001 r=-1
T3[t=1582s] shard14 r2 #45 cell=(23,58) sc=50267 nodes=79241 r=0
T3[t=1583s] shard11 r2 #71 cell=(28,35) sc=50276 nodes=100001 r=-1
T3[t=1583s] shard10 r2 #58 cell=(11,80) sc=50274 nodes=88582 r=0
T3[t=1583s] shard12 r1 #93 cell=(7,84) sc=50275 nodes=50001 r=-1
T3[t=1583s] shard3 r1 #83 cell=(15,28) sc=50260 nodes=50001 r=-1
T3[t=1583s] shard2 r2 #51 cell=(21,52) sc=50270 nodes=98122 r=0
T3[t=1584s] shard7 r2 #68 cell=(22,51) sc=50274 nodes=100001 r=-1
T3[t=1584s] shard5 r2 #71 cell=(35,58) sc=50278 nodes=100001 r=-1
T3[t=1585s] shard4 r2 #60 cell=(33,66) sc=50268 nodes=100001 r=-1
T3[t=1585s] shard9 r1 #88 cell=(34,47) sc=50273 nodes=50001 r=-1
T3[t=1586s] shard15 r1 #88 cell=(88,41) sc=50267 nodes=50001 r=-1
T3[t=1587s] shard0 r1 #84 cell=(17,66) sc=50259 nodes=50001 r=-1
T3[t=1588s] shard11 r2 #73 cell=(185,60) sc=50269 nodes=52538 r=0
T3[t=1589s] shard7 r2 #69 cell=(169,58) sc=50267 nodes=52901 r=0
T3[t=1589s] shard5 r2 #72 cell=(194,61) sc=50272 nodes=50464 r=0
T3[t=1590s] shard1 r2 #43 cell=(38,72) sc=50270 nodes=100001 r=-1
T3[t=1590s] shard12 r1 #94 cell=(38,109) sc=50268 nodes=50001 r=-1
T3[t=1590s] shard8 r2 #53 cell=(28,63) sc=50269 nodes=100001 r=-1
T3[t=1591s] shard15 r1 #89 cell=(22,43) sc=50261 nodes=50001 r=-1
T3[t=1592s] shard6 r1 #83 cell=(8,183) sc=50266 nodes=50001 r=-1
T3[t=1592s] shard0 r1 #85 cell=(33,68) sc=50267 nodes=50001 r=-1
T3[t=1592s] shard9 r1 #90 cell=(21,60) sc=50270 nodes=50001 r=-1
T3[t=1592s] shard3 r1 #84 cell=(63,34) sc=50267 nodes=50001 r=-1
T3[t=1592s] shard13 r2 #83 cell=(25,36) sc=50277 nodes=100001 r=-1
sweep shard13 round2 done (budget 100000)
T3[t=1593s] shard14 r2 #46 cell=(36,61) sc=50266 nodes=100001 r=-1
T3[t=1593s] shard2 r2 #53 cell=(49,56) sc=50267 nodes=100001 r=-1
T3[t=1593s] shard10 r2 #59 cell=(7,82) sc=50273 nodes=88582 r=0
T3[t=1595s] shard4 r2 #61 cell=(203,66) sc=50277 nodes=100001 r=-1
T3[t=1597s] shard15 r1 #90 cell=(28,49) sc=50277 nodes=50001 r=-1
T3[t=1597s] shard11 r2 #74 cell=(29,62) sc=50265 nodes=79386 r=0
T3[t=1597s] shard0 r1 #87 cell=(30,73) sc=50273 nodes=50001 r=-1
T3[t=1598s] shard13 r3 #2 cell=(28,44) sc=50274 nodes=50001 r=-1
T3[t=1598s] shard3 r1 #85 cell=(257,36) sc=50278 nodes=50001 r=-1
T3[t=1599s] shard1 r2 #45 cell=(5,63) sc=50263 nodes=66796 r=0
T3[t=1599s] shard6 r1 #84 cell=(207,22) sc=50270 nodes=50001 r=-1
T3[t=1600s] shard8 r2 #54 cell=(35,64) sc=50269 nodes=79562 r=0
T3[t=1600s] shard7 r2 #71 cell=(42,63) sc=50264 nodes=100001 r=-1
T3[t=1600s] shard5 r2 #73 cell=(18,65) sc=50273 nodes=100001 r=-1
T3[t=1600s] shard12 r1 #95 cell=(10,181) sc=50278 nodes=50001 r=-1
T3[t=1602s] shard9 r1 #91 cell=(161,64) sc=50277 nodes=50001 r=-1
T3[t=1604s] shard13 r3 #9 cell=(35,61) sc=50265 nodes=50001 r=-1
T3[t=1604s] shard3 r1 #86 cell=(238,39) sc=50267 nodes=50001 r=-1
T3[t=1604s] shard14 r2 #47 cell=(47,62) sc=50271 nodes=100001 r=-1
T3[t=1604s] shard0 r1 #88 cell=(122,75) sc=50267 nodes=50001 r=-1
T3[t=1604s] shard2 r2 #54 cell=(34,57) sc=50260 nodes=100001 r=-1
T3[t=1606s] shard10 r2 #63 cell=(22,41) sc=50275 nodes=100001 r=-1
T3[t=1607s] shard15 r1 #91 cell=(103,52) sc=50270 nodes=50001 r=-1
T3[t=1607s] shard12 r1 #96 cell=(220,43) sc=50267 nodes=50001 r=-1
T3[t=1608s] shard4 r2 #62 cell=(11,68) sc=50262 nodes=100001 r=-1
T3[t=1608s] shard11 r2 #75 cell=(199,64) sc=50265 nodes=80869 r=0
T3[t=1608s] shard6 r1 #85 cell=(86,29) sc=50271 nodes=50001 r=-1
T3[t=1609s] shard9 r1 #92 cell=(28,65) sc=50258 nodes=50001 r=-1
T3[t=1610s] shard13 r3 #11 cell=(10,64) sc=50270 nodes=50001 r=-1
T3[t=1610s] shard0 r1 #90 cell=(7,86) sc=50267 nodes=50001 r=-1
T3[t=1611s] shard1 r2 #47 cell=(14,29) sc=50265 nodes=100001 r=-1
T3[t=1612s] shard8 r2 #55 cell=(42,65) sc=50260 nodes=100001 r=-1
T3[t=1612s] shard7 r2 #72 cell=(26,65) sc=50260 nodes=100001 r=-1
T3[t=1612s] shard5 r2 #74 cell=(43,66) sc=50276 nodes=100001 r=-1
T3[t=1613s] shard3 r1 #87 cell=(69,44) sc=50261 nodes=50001 r=-1
T3[t=1613s] shard12 r1 #98 cell=(24,53) sc=50268 nodes=50001 r=-1
T3[t=1614s] shard6 r1 #86 cell=(201,34) sc=50269 nodes=50001 r=-1
T3[t=1614s] shard9 r1 #93 cell=(181,66) sc=50268 nodes=50001 r=-1
T3[t=1615s] shard14 r2 #48 cell=(38,63) sc=50264 nodes=100001 r=-1
T3[t=1615s] shard2 r2 #55 cell=(33,58) sc=50258 nodes=100001 r=-1
T3[t=1616s] shard0 r1 #91 cell=(37,96) sc=50273 nodes=50001 r=-1
T3[t=1617s] shard11 r2 #76 cell=(209,66) sc=50272 nodes=77067 r=0
T3[t=1617s] shard15 r1 #92 cell=(174,57) sc=50274 nodes=50001 r=-1
T3[t=1618s] shard10 r2 #64 cell=(28,45) sc=50272 nodes=100001 r=-1
T3[t=1619s] shard3 r1 #88 cell=(31,46) sc=50271 nodes=50001 r=-1
T3[t=1619s] shard1 r2 #50 cell=(202,41) sc=50277 nodes=72924 r=0
T3[t=1619s] shard12 r1 #99 cell=(234,55) sc=50272 nodes=50001 r=-1
T3[t=1619s] shard6 r1 #87 cell=(203,40) sc=50265 nodes=50001 r=-1
T3[t=1620s] shard9 r1 #94 cell=(34,69) sc=50267 nodes=50001 r=-1
T3[t=1620s] shard4 r2 #64 cell=(35,70) sc=50267 nodes=100001 r=-1
T3[t=1622s] shard0 r1 #94 cell=(227,46) sc=50268 nodes=50001 r=-1
T3[t=1622s] shard13 r3 #15 cell=(38,68) sc=50266 nodes=50001 r=-1
T3[t=1623s] shard15 r1 #93 cell=(197,60) sc=50265 nodes=50001 r=-1
T3[t=1624s] shard5 r2 #76 cell=(11,76) sc=50265 nodes=100001 r=-1
T3[t=1624s] shard7 r2 #73 cell=(45,66) sc=50274 nodes=100001 r=-1
T3[t=1625s] shard12 r1 #100 cell=(5,88) sc=50262 nodes=50001 r=-1
T3[t=1625s] shard8 r2 #56 cell=(8,67) sc=50260 nodes=100001 r=-1
T3[t=1626s] shard9 r1 #95 cell=(9,74) sc=50267 nodes=50001 r=-1
T3[t=1627s] shard3 r1 #89 cell=(28,55) sc=50273 nodes=50001 r=-1
T3[t=1627s] shard6 r1 #88 cell=(218,41) sc=50266 nodes=50001 r=-1
T3[t=1627s] shard10 r2 #65 cell=(198,47) sc=50270 nodes=55782 r=0
T3[t=1627s] shard0 r1 #95 cell=(195,56) sc=50260 nodes=50001 r=-1
T3[t=1628s] shard14 r2 #49 cell=(11,64) sc=50272 nodes=100001 r=-1
T3[t=1628s] shard4 r2 #65 cell=(189,72) sc=50272 nodes=76414 r=0
T3[t=1628s] shard2 r2 #56 cell=(15,60) sc=50271 nodes=100001 r=-1
T3[t=1629s] shard11 r2 #77 cell=(9,68) sc=50264 nodes=100001 r=-1
T3[t=1630s] shard13 r3 #17 cell=(33,69) sc=50261 nodes=50001 r=-1
T3[t=1630s] shard15 r1 #94 cell=(43,62) sc=50251 nodes=50001 r=-1
T3[t=1631s] shard12 r1 #101 cell=(26,37) sc=50269 nodes=50001 r=-1
T3[t=1631s] shard5 r2 #79 cell=(218,97) sc=50264 nodes=69300 r=0
T3[t=1632s] shard3 r1 #90 cell=(208,59) sc=50265 nodes=50001 r=-1
T3[t=1632s] shard1 r2 #51 cell=(33,44) sc=50271 nodes=100001 r=-1
T3[t=1632s] shard8 r2 #57 cell=(21,68) sc=50272 nodes=56697 r=0
T3[t=1632s] shard9 r1 #96 cell=(12,77) sc=50273 nodes=50001 r=-1
T3[t=1632s] shard6 r1 #89 cell=(213,44) sc=50271 nodes=50001 r=-1
T3[t=1634s] shard0 r1 #96 cell=(226,1) sc=50255 nodes=50001 r=-1
T3[t=1635s] shard12 r1 #102 cell=(197,74) sc=50271 nodes=50001 r=-1
T3[t=1637s] shard15 r1 #95 cell=(241,64) sc=50272 nodes=50001 r=-1
T3[t=1637s] shard8 r2 #58 cell=(189,68) sc=50280 nodes=52721 r=0
T3[t=1638s] shard7 r2 #74 cell=(10,69) sc=50267 nodes=100001 r=-1
T3[t=1638s] shard3 r1 #91 cell=(27,66) sc=50270 nodes=50001 r=-1
T3[t=1638s] shard14 r2 #50 cell=(196,65) sc=50269 nodes=85168 r=0
T3[t=1638s] shard9 r1 #97 cell=(36,103) sc=50261 nodes=50001 r=-1
T3[t=1639s] shard2 r2 #57 cell=(46,63) sc=50272 nodes=100001 r=-1
T3[t=1639s] shard10 r2 #66 cell=(36,51) sc=50262 nodes=100001 r=-1
T3[t=1639s] shard13 r3 #18 cell=(45,71) sc=50270 nodes=50001 r=-1
T3[t=1639s] shard0 r1 #97 cell=(201,40) sc=50274 nodes=50001 r=-1
T3[t=1640s] shard4 r2 #66 cell=(37,74) sc=50264 nodes=100001 r=-1
T3[t=1640s] shard12 r1 #103 cell=(16,79) sc=50270 nodes=50001 r=-1
T3[t=1641s] shard11 r2 #78 cell=(36,69) sc=50265 nodes=100001 r=-1
T3[t=1642s] shard6 r1 #90 cell=(105,46) sc=50267 nodes=50001 r=-1
T3[t=1642s] shard15 r1 #96 cell=(18,67) sc=50267 nodes=50001 r=-1
T3[t=1643s] shard5 r2 #83 cell=(40,71) sc=50263 nodes=100001 r=-1
T3[t=1643s] shard9 r1 #98 cell=(192,45) sc=50267 nodes=50001 r=-1
T3[t=1643s] shard14 r2 #51 cell=(189,66) sc=50274 nodes=52610 r=0
T3[t=1644s] shard3 r1 #92 cell=(21,70) sc=50267 nodes=50001 r=-1
T3[t=1644s] shard1 r2 #53 cell=(32,47) sc=50272 nodes=100001 r=-1
T3[t=1645s] shard13 r3 #20 cell=(13,73) sc=50256 nodes=50001 r=-1
T3[t=1645s] shard8 r2 #59 cell=(204,71) sc=50275 nodes=68765 r=0
T3[t=1645s] shard0 r1 #98 cell=(8,61) sc=50265 nodes=50001 r=-1
T3[t=1645s] shard2 r2 #58 cell=(25,64) sc=50258 nodes=58363 r=0
T3[t=1647s] shard15 r1 #97 cell=(31,68) sc=50271 nodes=50001 r=-1
T3[t=1647s] shard10 r2 #67 cell=(98,53) sc=50261 nodes=57302 r=0
T3[t=1648s] shard6 r1 #91 cell=(255,50) sc=50266 nodes=50001 r=-1
T3[t=1648s] shard12 r1 #104 cell=(23,82) sc=50272 nodes=50001 r=-1
T3[t=1650s] shard7 r2 #76 cell=(19,30) sc=50266 nodes=100001 r=-1
T3[t=1650s] shard3 r1 #94 cell=(9,76) sc=50267 nodes=50001 r=-1
T3[t=1650s] shard9 r1 #99 cell=(237,30) sc=50271 nodes=50001 r=-1
T3[t=1651s] shard8 r2 #62 cell=(206,79) sc=50263 nodes=52387 r=0
T3[t=1651s] shard13 r3 #25 cell=(31,45) sc=50269 nodes=50001 r=-1
T3[t=1651s] shard0 r1 #99 cell=(215,62) sc=50272 nodes=50001 r=-1
T3[t=1652s] shard11 r2 #79 cell=(45,72) sc=50257 nodes=100001 r=-1
T3[t=1652s] shard4 r2 #70 cell=(10,29) sc=50269 nodes=100001 r=-1
T3[t=1653s] shard12 r1 #106 cell=(206,67) sc=50270 nodes=50001 r=-1
T3[t=1653s] shard6 r1 #92 cell=(26,53) sc=50275 nodes=50001 r=-1
T3[t=1653s] shard1 r2 #54 cell=(193,54) sc=50260 nodes=83569 r=0
T3[t=1654s] shard15 r1 #98 cell=(52,69) sc=50274 nodes=50001 r=-1
T3[t=1655s] shard14 r2 #53 cell=(41,68) sc=50274 nodes=100001 r=-1
T3[t=1655s] shard5 r2 #84 cell=(38,83) sc=50260 nodes=100001 r=-1
T3[t=1655s] shard0 r1 #100 cell=(195,68) sc=50267 nodes=50001 r=-1
T3[t=1657s] shard13 r3 #27 cell=(47,57) sc=50275 nodes=50001 r=-1
T3[t=1657s] shard3 r1 #95 cell=(193,80) sc=50277 nodes=50001 r=-1
T3[t=1657s] shard11 r2 #80 cell=(172,77) sc=50264 nodes=53575 r=0
T3[t=1657s] shard2 r2 #59 cell=(31,66) sc=50260 nodes=100001 r=-1
T3[t=1658s] shard8 r2 #63 cell=(26,99) sc=50268 nodes=60717 r=0
T3[t=1659s] shard10 r2 #68 cell=(36,57) sc=50258 nodes=100001 r=-1
T3[t=1659s] shard12 r1 #107 cell=(21,36) sc=50269 nodes=50001 r=-1
T3[t=1659s] shard6 r1 #93 cell=(47,58) sc=50269 nodes=50001 r=-1
T3[t=1660s] shard9 r1 #100 cell=(92,35) sc=50260 nodes=50001 r=-1
T3[t=1661s] shard15 r1 #99 cell=(18,75) sc=50279 nodes=50001 r=-1
T3[t=1661s] shard0 r1 #101 cell=(10,73) sc=50265 nodes=50001 r=-1
T3[t=1662s] shard7 r2 #77 cell=(33,48) sc=50276 nodes=100001 r=-1
T3[t=1662s] shard13 r3 #31 cell=(39,53) sc=50263 nodes=50001 r=-1
T3[t=1663s] shard3 r1 #96 cell=(36,97) sc=50265 nodes=50001 r=-1
T3[t=1663s] shard1 r2 #56 cell=(31,58) sc=50276 nodes=100001 r=-1
T3[t=1663s] shard14 r2 #54 cell=(9,70) sc=50266 nodes=65887 r=0
T3[t=1664s] shard8 r2 #65 cell=(215,38) sc=50270 nodes=53166 r=0
T3[t=1664s] shard12 r1 #108 cell=(15,32) sc=50262 nodes=50001 r=-1
T3[t=1665s] shard4 r2 #73 cell=(25,50) sc=50274 nodes=100001 r=-1
T3[t=1665s] shard6 r1 #94 cell=(13,60) sc=50270 nodes=50001 r=-1
T3[t=1665s] shard11 r2 #81 cell=(206,93) sc=50271 nodes=77144 r=0
T3[t=1666s] shard9 r1 #101 cell=(18,39) sc=50272 nodes=50001 r=-1
T3[t=1666s] shard5 r2 #85 cell=(38,73) sc=50269 nodes=100001 r=-1
T3[t=1667s] shard0 r1 #102 cell=(3,82) sc=50268 nodes=50001 r=-1
T3[t=1668s] shard2 r2 #60 cell=(201,66) sc=50278 nodes=100001 r=-1
T3[t=1668s] shard13 r3 #34 cell=(47,60) sc=50269 nodes=50001 r=-1
T3[t=1668s] shard3 r1 #97 cell=(208,11) sc=50272 nodes=50001 r=-1
T3[t=1669s] shard15 r1 #100 cell=(38,79) sc=50267 nodes=50001 r=-1
T3[t=1669s] shard10 r2 #69 cell=(201,58) sc=50264 nodes=100001 r=-1
T3[t=1670s] shard12 r1 #110 cell=(222,25) sc=50263 nodes=50001 r=-1
sweep shard12 round1 done (budget 50000)
T3[t=1670s] shard6 r1 #96 cell=(202,67) sc=50271 nodes=50001 r=-1
T3[t=1672s] shard9 r1 #103 cell=(251,52) sc=50267 nodes=50001 r=-1
T3[t=1673s] shard7 r2 #81 cell=(52,63) sc=50271 nodes=100001 r=-1
T3[t=1673s] shard0 r1 #103 cell=(209,88) sc=50264 nodes=50001 r=-1
T3[t=1674s] shard3 r1 #98 cell=(250,41) sc=50273 nodes=50001 r=-1
T3[t=1674s] shard13 r3 #42 cell=(32,55) sc=50263 nodes=50001 r=-1
T3[t=1675s] shard15 r1 #101 cell=(27,96) sc=50277 nodes=50001 r=-1
T3[t=1676s] shard14 r2 #56 cell=(13,72) sc=50269 nodes=100001 r=-1
T3[t=1676s] shard5 r2 #87 cell=(202,59) sc=50262 nodes=100001 r=-1
T3[t=1676s] shard1 r2 #57 cell=(10,61) sc=50277 nodes=100001 r=-1
T3[t=1676s] shard8 r2 #68 cell=(34,51) sc=50260 nodes=100001 r=-1
T3[t=1676s] shard4 r2 #74 cell=(106,55) sc=50268 nodes=77817 r=0
T3[t=1677s] shard6 r1 #97 cell=(235,68) sc=50263 nodes=50001 r=-1
T3[t=1677s] shard11 r2 #83 cell=(12,25) sc=50265 nodes=100001 r=-1
T3[t=1678s] shard3 r1 #99 cell=(36,63) sc=50272 nodes=50001 r=-1
T3[t=1678s] shard0 r1 #106 cell=(194,43) sc=50272 nodes=50001 r=-1
T3[t=1679s] shard12 r2 #0 cell=(196,80) sc=50266 nodes=100001 r=-1
T3[t=1679s] shard10 r2 #70 cell=(23,62) sc=50270 nodes=83561 r=0
T3[t=1680s] shard2 r2 #62 cell=(38,75) sc=50259 nodes=100001 r=-1
T3[t=1680s] shard13 r3 #43 cell=(33,56) sc=50264 nodes=50001 r=-1
T3[t=1682s] shard14 r2 #57 cell=(14,73) sc=50264 nodes=50799 r=0
T3[t=1682s] shard5 r2 #88 cell=(14,79) sc=50270 nodes=50799 r=0
T3[t=1682s] shard7 r2 #82 cell=(52,71) sc=50266 nodes=100001 r=-1
T3[t=1682s] shard15 r1 #102 cell=(26,183) sc=50271 nodes=50001 r=-1
T3[t=1683s] shard9 r1 #104 cell=(104,55) sc=50266 nodes=50001 r=-1
T3[t=1684s] shard0 r1 #107 cell=(23,36) sc=50270 nodes=50001 r=-1
T3[t=1685s] shard6 r1 #99 cell=(118,73) sc=50275 nodes=50001 r=-1
T3[t=1686s] shard3 r1 #101 cell=(36,71) sc=50267 nodes=50001 r=-1
T3[t=1686s] shard8 r2 #69 cell=(54,53) sc=50276 nodes=100001 r=-1
T3[t=1686s] shard13 r3 #46 cell=(45,62) sc=50272 nodes=50001 r=-1
T3[t=1687s] shard1 r2 #58 cell=(46,61) sc=50270 nodes=100001 r=-1
T3[t=1688s] shard15 r1 #103 cell=(203,58) sc=50266 nodes=50001 r=-1
T3[t=1688s] shard9 r1 #105 cell=(52,67) sc=50270 nodes=50001 r=-1
T3[t=1688s] shard4 r2 #77 cell=(37,68) sc=50268 nodes=100001 r=-1
T3[t=1689s] shard12 r2 #1 cell=(208,22) sc=50269 nodes=100001 r=-1
T3[t=1689s] shard10 r2 #71 cell=(183,64) sc=50269 nodes=95373 r=0
T3[t=1689s] shard11 r2 #84 cell=(11,36) sc=50272 nodes=100001 r=-1
T3[t=1690s] shard0 r1 #108 cell=(25,44) sc=50272 nodes=50001 r=-1
T3[t=1692s] shard13 r3 #47 cell=(34,63) sc=50266 nodes=50001 r=-1
T3[t=1693s] shard6 r1 #100 cell=(39,76) sc=50270 nodes=50001 r=-1
T3[t=1693s] shard1 r2 #59 cell=(187,62) sc=50265 nodes=52507 r=0
T3[t=1693s] shard2 r2 #63 cell=(10,77) sc=50263 nodes=100001 r=-1
T3[t=1693s] shard15 r1 #104 cell=(212,53) sc=50275 nodes=50001 r=-1
T3[t=1693s] shard5 r2 #89 cell=(26,69) sc=50263 nodes=100001 r=-1
sweep shard5 round2 done (budget 100000)
T3[t=1694s] shard8 r2 #71 cell=(171,58) sc=50265 nodes=79100 r=0
T3[t=1694s] shard3 r1 #102 cell=(190,73) sc=50267 nodes=50001 r=-1
T3[t=1694s] shard7 r2 #84 cell=(20,35) sc=50270 nodes=100001 r=-1
T3[t=1694s] shard9 r1 #106 cell=(11,72) sc=50259 nodes=50001 r=-1
T3[t=1695s] shard14 r2 #58 cell=(6,75) sc=50265 nodes=100001 r=-1
T3[t=1695s] shard0 r1 #109 cell=(38,59) sc=50267 nodes=50001 r=-1
T3[t=1696s] shard10 r2 #72 cell=(183,66) sc=50270 nodes=69083 r=0
T3[t=1697s] shard13 r3 #48 cell=(41,64) sc=50270 nodes=50001 r=-1
T3[t=1697s] shard11 r2 #86 cell=(212,45) sc=50268 nodes=75915 r=0
T3[t=1698s] shard15 r1 #105 cell=(205,62) sc=50268 nodes=50001 r=-1
T3[t=1698s] shard6 r1 #101 cell=(218,87) sc=50275 nodes=50001 r=-1
T3[t=1698s] shard9 r1 #107 cell=(216,85) sc=50265 nodes=50001 r=-1
T3[t=1699s] shard4 r2 #78 cell=(203,70) sc=50271 nodes=100001 r=-1
T3[t=1700s] shard0 r1 #110 cell=(27,100) sc=50277 nodes=50001 r=-1
T3[t=1700s] shard14 r2 #59 cell=(13,78) sc=50270 nodes=50799 r=0
T3[t=1700s] shard3 r1 #103 cell=(2,79) sc=50269 nodes=50001 r=-1
T3[t=1701s] shard5 r3 #0 cell=(37,65) sc=50257 nodes=50001 r=-1
T3[t=1701s] shard12 r2 #2 cell=(37,41) sc=50265 nodes=100001 r=-1
T3[t=1701s] shard15 r1 #106 cell=(189,70) sc=50270 nodes=50001 r=-1
T3[t=1703s] shard13 r3 #56 cell=(37,80) sc=50255 nodes=50001 r=-1
T3[t=1703s] shard1 r2 #60 cell=(44,63) sc=50270 nodes=100001 r=-1
T3[t=1704s] shard2 r2 #64 cell=(17,36) sc=50268 nodes=100001 r=-1
T3[t=1705s] shard9 r1 #108 cell=(219,40) sc=50262 nodes=50001 r=-1
T3[t=1705s] shard6 r1 #102 cell=(1,164) sc=50263 nodes=50001 r=-1
T3[t=1705s] shard7 r2 #85 cell=(21,38) sc=50268 nodes=100001 r=-1
T3[t=1706s] shard3 r1 #104 cell=(180,65) sc=50269 nodes=50001 r=-1
T3[t=1706s] shard8 r2 #72 cell=(11,62) sc=50266 nodes=100001 r=-1
T3[t=1706s] shard0 r1 #111 cell=(200,53) sc=50263 nodes=50001 r=-1
sweep shard0 round1 done (budget 50000)
T3[t=1706s] shard11 r2 #87 cell=(31,62) sc=50263 nodes=79381 r=0
T3[t=1707s] shard5 r3 #3 cell=(26,54) sc=50268 nodes=50001 r=-1
T3[t=1707s] shard15 r1 #109 cell=(18,27) sc=50264 nodes=50001 r=-1
T3[t=1707s] shard14 r2 #61 cell=(177,82) sc=50262 nodes=74436 r=0
T3[t=1708s] shard4 r2 #79 cell=(104,73) sc=50270 nodes=57500 r=0
T3[t=1709s] shard10 r2 #73 cell=(5,68) sc=50273 nodes=100001 r=-1
T3[t=1709s] shard13 r3 #59 cell=(25,24) sc=50263 nodes=50001 r=-1
T3[t=1711s] shard6 r1 #103 cell=(22,45) sc=50266 nodes=50001 r=-1
T3[t=1711s] shard2 r2 #65 cell=(216,39) sc=50258 nodes=60540 r=0
T3[t=1711s] shard9 r1 #109 cell=(221,92) sc=50268 nodes=50001 r=-1
sweep shard9 round1 done (budget 50000)
T3[t=1711s] shard3 r1 #105 cell=(1,90) sc=50268 nodes=50001 r=-1
T3[t=1712s] shard1 r2 #61 cell=(23,64) sc=50260 nodes=65974 r=0
T3[t=1712s] shard15 r1 #110 cell=(14,75) sc=50264 nodes=50001 r=-1
sweep shard15 round1 done (budget 50000)
T3[t=1713s] shard5 r3 #5 cell=(42,58) sc=50255 nodes=50001 r=-1
T3[t=1713s] shard14 r2 #62 cell=(1,92) sc=50261 nodes=50802 r=0
T3[t=1715s] shard13 r3 #61 cell=(16,39) sc=50270 nodes=50001 r=-1
T3[t=1716s] shard3 r1 #107 cell=(201,54) sc=50271 nodes=50001 r=-1
T3[t=1716s] shard6 r1 #104 cell=(3,74) sc=50265 nodes=50001 r=-1
T3[t=1717s] shard7 r2 #86 cell=(24,45) sc=50272 nodes=98060 r=0
sweep shard7 round2 done (budget 100000)
T3[t=1717s] shard5 r3 #10 cell=(187,63) sc=50266 nodes=50001 r=-1
T3[t=1718s] shard12 r2 #3 cell=(60,42) sc=50267 nodes=100001 r=-1
T3[t=1718s] shard11 r2 #89 cell=(204,67) sc=50263 nodes=90468 r=0
T3[t=1718s] shard8 r2 #73 cell=(3,68) sc=50270 nodes=100001 r=-1
T3[t=1721s] shard4 r2 #80 cell=(38,81) sc=50259 nodes=100001 r=-1
T3[t=1721s] shard10 r2 #74 cell=(17,74) sc=50259 nodes=100001 r=-1
T3[t=1721s] shard13 r3 #63 cell=(22,49) sc=50276 nodes=50001 r=-1
T3[t=1722s] shard6 r1 #105 cell=(220,29) sc=50259 nodes=50001 r=-1
T3[t=1722s] shard9 r2 #1 cell=(207,69) sc=50272 nodes=100001 r=-1
T3[t=1723s] shard2 r2 #66 cell=(23,50) sc=50269 nodes=100001 r=-1
T3[t=1723s] shard7 r3 #1 cell=(31,43) sc=50266 nodes=50001 r=-1
T3[t=1724s] shard1 r2 #62 cell=(200,65) sc=50269 nodes=100001 r=-1
T3[t=1724s] shard3 r1 #108 cell=(50,63) sc=50276 nodes=50001 r=-1
T3[t=1724s] shard0 r2 #0 cell=(72,24) sc=50267 nodes=100001 r=-1
T3[t=1726s] shard15 r2 #0 cell=(46,56) sc=50270 nodes=100001 r=-1
T3[t=1726s] shard14 r2 #64 cell=(24,25) sc=50274 nodes=100001 r=-1
T3[t=1727s] shard13 r3 #66 cell=(33,62) sc=50276 nodes=50001 r=-1
T3[t=1727s] shard4 r2 #81 cell=(208,97) sc=50276 nodes=58644 r=0
T3[t=1728s] shard6 r1 #107 cell=(17,60) sc=50275 nodes=50001 r=-1
T3[t=1729s] shard3 r1 #109 cell=(191,44) sc=50265 nodes=50001 r=-1
T3[t=1729s] shard5 r3 #11 cell=(30,64) sc=50267 nodes=50001 r=-1
T3[t=1730s] shard7 r3 #3 cell=(26,50) sc=50270 nodes=50001 r=-1
T3[t=1731s] shard11 r2 #91 cell=(23,44) sc=50271 nodes=100001 r=-1
T3[t=1731s] shard8 r2 #74 cell=(22,69) sc=50265 nodes=99945 r=0
T3[t=1731s] shard2 r2 #67 cell=(200,57) sc=50260 nodes=64783 r=0
T3[t=1733s] shard13 r3 #67 cell=(203,64) sc=50261 nodes=50001 r=-1
T3[t=1733s] shard6 r1 #108 cell=(30,69) sc=50253 nodes=50001 r=-1
T3[t=1733s] shard10 r2 #75 cell=(38,77) sc=50261 nodes=100001 r=-1
T3[t=1733s] shard12 r2 #4 cell=(41,43) sc=50272 nodes=100001 r=-1
T3[t=1734s] shard4 r2 #82 cell=(210,37) sc=50269 nodes=54670 r=0
T3[t=1734s] shard14 r2 #66 cell=(212,35) sc=50270 nodes=69985 r=0
T3[t=1734s] shard3 r1 #110 cell=(50,61) sc=50270 nodes=50001 r=-1
T3[t=1735s] shard1 r2 #64 cell=(199,66) sc=50268 nodes=100001 r=-1
T3[t=1736s] shard7 r3 #4 cell=(32,54) sc=50272 nodes=50001 r=-1
T3[t=1736s] shard2 r2 #70 cell=(171,62) sc=50270 nodes=53559 r=0
T3[t=1738s] shard6 r1 #109 cell=(196,57) sc=50261 nodes=50001 r=-1
T3[t=1739s] shard11 r2 #92 cell=(202,55) sc=50270 nodes=72922 r=0
T3[t=1739s] shard13 r3 #69 cell=(16,67) sc=50260 nodes=50001 r=-1
T3[t=1739s] shard5 r3 #14 cell=(34,66) sc=50264 nodes=50001 r=-1
T3[t=1740s] shard3 r1 #111 cell=(15,76) sc=50263 nodes=50001 r=-1
sweep shard3 round1 done (budget 50000)
T3[t=1740s] shard1 r2 #65 cell=(212,67) sc=50262 nodes=59785 r=0
T3[t=1741s] shard9 r2 #2 cell=(65,27) sc=50259 nodes=100001 r=-1
T3[t=1742s] shard7 r3 #5 cell=(18,56) sc=50260 nodes=50001 r=-1
T3[t=1742s] shard8 r2 #75 cell=(23,72) sc=50266 nodes=96428 r=0
T3[t=1743s] shard12 r2 #6 cell=(212,48) sc=50271 nodes=78927 r=0
T3[t=1743s] shard0 r2 #1 cell=(71,33) sc=50266 nodes=100001 r=-1
T3[t=1744s] shard6 r1 #110 cell=(9,84) sc=50276 nodes=50001 r=-1
sweep shard6 round1 done (budget 50000)
T3[t=1745s] shard13 r3 #71 cell=(42,69) sc=50259 nodes=50001 r=-1
T3[t=1745s] shard4 r2 #84 cell=(37,66) sc=50270 nodes=100001 r=-1
T3[t=1746s] shard10 r2 #76 cell=(14,83) sc=50270 nodes=100001 r=-1
T3[t=1746s] shard15 r2 #1 cell=(86,28) sc=50269 nodes=100001 r=-1
T3[t=1747s] shard14 r2 #69 cell=(27,54) sc=50262 nodes=100001 r=-1
T3[t=1748s] shard7 r3 #7 cell=(15,59) sc=50266 nodes=50001 r=-1
T3[t=1748s] shard2 r2 #71 cell=(10,65) sc=50269 nodes=100001 r=-1
T3[t=1749s] shard3 r2 #0 cell=(188,82) sc=50270 nodes=100001 r=-1
T3[t=1750s] shard11 r2 #93 cell=(37,60) sc=50266 nodes=100001 r=-1
T3[t=1750s] shard8 r2 #76 cell=(6,83) sc=50275 nodes=66850 r=0
T3[t=1751s] shard13 r3 #72 cell=(8,73) sc=50267 nodes=50001 r=-1
T3[t=1751s] shard1 r2 #66 cell=(45,68) sc=50254 nodes=100001 r=-1
T3[t=1752s] shard5 r3 #16 cell=(39,67) sc=50263 nodes=50001 r=-1
T3[t=1752s] shard9 r2 #3 cell=(200,34) sc=50257 nodes=100001 r=-1
T3[t=1752s] shard14 r2 #70 cell=(170,57) sc=50268 nodes=53098 r=0
T3[t=1753s] shard7 r3 #8 cell=(28,62) sc=50266 nodes=50001 r=-1
T3[t=1754s] shard12 r2 #7 cell=(194,50) sc=50272 nodes=100001 r=-1
T3[t=1754s] shard4 r2 #86 cell=(8,79) sc=50271 nodes=66481 r=0
T3[t=1757s] shard13 r3 #73 cell=(10,75) sc=50265 nodes=50001 r=-1
T3[t=1758s] shard8 r2 #78 cell=(201,38) sc=50268 nodes=66415 r=0
T3[t=1758s] shard10 r2 #78 cell=(35,60) sc=50266 nodes=100001 r=-1
T3[t=1758s] shard5 r3 #18 cell=(36,70) sc=50264 nodes=50001 r=-1
T3[t=1760s] shard6 r2 #0 cell=(46,58) sc=50269 nodes=100001 r=-1
T3[t=1760s] shard2 r2 #72 cell=(25,66) sc=50260 nodes=100001 r=-1
T3[t=1761s] shard12 r2 #8 cell=(192,52) sc=50269 nodes=65784 r=0
T3[t=1762s] shard11 r2 #94 cell=(20,37) sc=50267 nodes=100001 r=-1
T3[t=1763s] shard9 r2 #4 cell=(205,35) sc=50267 nodes=100001 r=-1
T3[t=1763s] shard1 r2 #68 cell=(44,69) sc=50257 nodes=100001 r=-1
T3[t=1763s] shard15 r2 #2 cell=(16,36) sc=50269 nodes=100001 r=-1
T3[t=1763s] shard13 r3 #74 cell=(26,79) sc=50266 nodes=50001 r=-1
T3[t=1764s] shard0 r2 #2 cell=(71,37) sc=50267 nodes=100001 r=-1
T3[t=1764s] shard5 r3 #28 cell=(28,50) sc=50274 nodes=50001 r=-1
T3[t=1765s] shard4 r2 #88 cell=(14,77) sc=50271 nodes=88849 r=0
sweep shard4 round2 done (budget 100000)
T3[t=1766s] shard14 r2 #71 cell=(22,59) sc=50261 nodes=100001 r=-1
T3[t=1766s] shard3 r2 #1 cell=(87,29) sc=50270 nodes=100001 r=-1
T3[t=1768s] shard7 r3 #11 cell=(32,64) sc=50267 nodes=50001 r=-1
T3[t=1769s] shard5 r3 #29 cell=(21,53) sc=50268 nodes=50001 r=-1
T3[t=1769s] shard8 r2 #79 cell=(26,45) sc=50274 nodes=100001 r=-1
T3[t=1770s] shard1 r2 #70 cell=(24,73) sc=50271 nodes=54885 r=0
T3[t=1770s] shard13 r3 #76 cell=(15,26) sc=50269 nodes=50001 r=-1
T3[t=1770s] shard10 r2 #79 cell=(10,31) sc=50270 nodes=100001 r=-1
T3[t=1771s] shard4 r3 #6 cell=(26,52) sc=50274 nodes=50001 r=-1
T3[t=1773s] shard2 r2 #73 cell=(35,68) sc=50266 nodes=100001 r=-1
T3[t=1773s] shard11 r2 #95 cell=(104,39) sc=50260 nodes=75567 r=0
sweep shard11 round2 done (budget 100000)
T3[t=1774s] shard0 r2 #3 cell=(204,42) sc=50264 nodes=100001 r=-1
T3[t=1776s] shard13 r3 #77 cell=(27,56) sc=50266 nodes=50001 r=-1
T3[t=1776s] shard9 r2 #5 cell=(33,43) sc=50268 nodes=100001 r=-1
T3[t=1777s] shard12 r2 #9 cell=(29,55) sc=50272 nodes=98721 r=0
T3[t=1777s] shard14 r2 #72 cell=(1,86) sc=50272 nodes=88278 r=0
T3[t=1778s] shard2 r2 #76 cell=(219,96) sc=50268 nodes=54857 r=0
T3[t=1778s] shard15 r2 #3 cell=(45,37) sc=50264 nodes=100001 r=-1
T3[t=1779s] shard11 r3 #7 cell=(36,42) sc=50269 nodes=50001 r=-1
T3[t=1779s] shard5 r3 #30 cell=(50,56) sc=50271 nodes=50001 r=-1
T3[t=1781s] shard6 r2 #1 cell=(111,79) sc=50268 nodes=100001 r=-1
T3[t=1781s] shard8 r2 #81 cell=(27,60) sc=50267 nodes=100001 r=-1
T3[t=1781s] shard7 r3 #12 cell=(41,67) sc=50261 nodes=50001 r=-1
T3[t=1782s] shard13 r3 #79 cell=(7,68) sc=50263 nodes=50001 r=-1
T3[t=1782s] shard1 r2 #72 cell=(37,78) sc=50253 nodes=100001 r=-1
T3[t=1783s] shard4 r3 #7 cell=(36,58) sc=50277 nodes=50001 r=-1
T3[t=1783s] shard10 r2 #80 cell=(20,53) sc=50265 nodes=100001 r=-1
T3[t=1784s] shard9 r2 #7 cell=(23,55) sc=50266 nodes=51962 r=0
T3[t=1785s] shard3 r2 #2 cell=(85,33) sc=50270 nodes=100001 r=-1
T3[t=1785s] shard11 r3 #16 cell=(23,59) sc=50260 nodes=50001 r=-1
T3[t=1787s] shard0 r2 #4 cell=(43,45) sc=50271 nodes=100001 r=-1
T3[t=1788s] shard5 r3 #33 cell=(52,68) sc=50269 nodes=50001 r=-1
T3[t=1788s] shard6 r2 #2 cell=(216,10) sc=50266 nodes=65717 r=0
T3[t=1788s] shard7 r3 #14 cell=(11,69) sc=50265 nodes=50001 r=-1
T3[t=1788s] shard13 r3 #81 cell=(39,72) sc=50269 nodes=50001 r=-1
T3[t=1789s] shard12 r2 #10 cell=(32,56) sc=50265 nodes=100001 r=-1
T3[t=1789s] shard4 r3 #8 cell=(47,59) sc=50270 nodes=50001 r=-1
T3[t=1789s] shard14 r2 #74 cell=(29,36) sc=50267 nodes=100001 r=-1
T3[t=1790s] shard2 r2 #78 cell=(14,37) sc=50269 nodes=100001 r=-1
T3[t=1793s] shard5 r3 #34 cell=(204,70) sc=50259 nodes=50001 r=-1
T3[t=1794s] shard8 r2 #82 cell=(14,67) sc=50271 nodes=100001 r=-1
T3[t=1794s] shard9 r2 #8 cell=(197,57) sc=50263 nodes=86852 r=0
T3[t=1794s] shard1 r2 #73 cell=(14,27) sc=50271 nodes=100001 r=-1
T3[t=1794s] shard13 r3 #83 cell=(25,36) sc=50277 nodes=50001 r=-1
sweep shard13 round3 done (budget 50000)
T3[t=1794s] shard6 r2 #3 cell=(216,26) sc=50268 nodes=63944 r=0
T3[t=1794s] shard4 r3 #9 cell=(187,61) sc=50264 nodes=50001 r=-1
T3[t=1794s] shard7 r3 #24 cell=(27,53) sc=50263 nodes=50001 r=-1
T3[t=1794s] shard10 r2 #81 cell=(45,74) sc=50255 nodes=100001 r=-1
T3[t=1795s] shard11 r3 #18 cell=(33,61) sc=50270 nodes=50001 r=-1
T3[t=1796s] shard3 r2 #3 cell=(204,40) sc=50270 nodes=100001 r=-1
T3[t=1796s] shard12 r2 #11 cell=(192,58) sc=50275 nodes=50462 r=0
T3[t=1796s] shard15 r2 #4 cell=(92,42) sc=50273 nodes=100001 r=-1
T3[t=1797s] shard14 r2 #75 cell=(95,40) sc=50271 nodes=54364 r=0
T3[t=1799s] shard5 r3 #39 cell=(47,63) sc=50271 nodes=50001 r=-1
T3[t=1800s] shard13 r4 #2 cell=(28,44) sc=50274 nodes=50001 r=-1
T3[t=1801s] shard0 r2 #5 cell=(31,47) sc=50272 nodes=100001 r=-1
T3[t=1801s] shard10 r2 #83 cell=(9,86) sc=50264 nodes=50854 r=0
T3[t=1801s] shard4 r3 #10 cell=(24,62) sc=50262 nodes=50001 r=-1
T3[t=1802s] shard3 r2 #4 cell=(211,41) sc=50275 nodes=61361 r=0
T3[t=1802s] shard2 r2 #79 cell=(30,41) sc=50265 nodes=100001 r=-1
T3[t=1803s] shard8 r2 #85 cell=(20,71) sc=50266 nodes=74749 r=0
T3[t=1803s] shard11 r3 #23 cell=(31,69) sc=50263 nodes=50001 r=-1
T3[t=1805s] shard7 r3 #32 cell=(49,55) sc=50271 nodes=50001 r=-1
T3[t=1805s] shard5 r3 #44 cell=(27,26) sc=50268 nodes=50001 r=-1
T3[t=1805s] shard6 r2 #4 cell=(14,30) sc=50264 nodes=100001 r=-1
T3[t=1805s] shard12 r2 #12 cell=(208,60) sc=50276 nodes=81868 r=0
T3[t=1806s] shard13 r4 #9 cell=(35,61) sc=50265 nodes=50001 r=-1
T3[t=1806s] shard1 r2 #75 cell=(15,36) sc=50270 nodes=100001 r=-1
T3[t=1807s] shard4 r3 #11 cell=(9,63) sc=50271 nodes=50001 r=-1
T3[t=1808s] shard14 r2 #77 cell=(45,56) sc=50270 nodes=100001 r=-1
T3[t=1808s] shard9 r2 #9 cell=(17,59) sc=50261 nodes=100001 r=-1
T3[t=1808s] shard0 r2 #6 cell=(192,54) sc=50270 nodes=74851 r=0
T3[t=1811s] shard8 r2 #86 cell=(199,52) sc=50271 nodes=65311 r=0
sweep shard8 round2 done (budget 100000)
T3[t=1811s] shard5 r3 #46 cell=(17,38) sc=50268 nodes=50001 r=-1
T3[t=1811s] shard7 r3 #33 cell=(47,69) sc=50254 nodes=50001 r=-1
T3[t=1812s] shard4 r3 #15 cell=(193,71) sc=50270 nodes=50001 r=-1
T3[t=1812s] shard13 r4 #11 cell=(10,64) sc=50270 nodes=50001 r=-1
T3[t=1813s] shard6 r2 #5 cell=(214,38) sc=50264 nodes=67956 r=0
T3[t=1813s] shard10 r2 #84 cell=(18,37) sc=50269 nodes=100001 r=-1
T3[t=1813s] shard3 r2 #5 cell=(30,46) sc=50273 nodes=100001 r=-1
T3[t=1813s] shard14 r2 #78 cell=(189,58) sc=50277 nodes=52540 r=0
T3[t=1814s] shard1 r2 #76 cell=(92,41) sc=50265 nodes=53972 r=0
T3[t=1815s] shard2 r2 #80 cell=(28,47) sc=50273 nodes=100001 r=-1
T3[t=1815s] shard15 r2 #5 cell=(97,43) sc=50263 nodes=100001 r=-1
T3[t=1816s] shard8 r3 #5 cell=(25,51) sc=50266 nodes=50001 r=-1
T3[t=1817s] shard5 r3 #51 cell=(27,52) sc=50275 nodes=50001 r=-1
T3[t=1817s] shard11 r3 #24 cell=(44,70) sc=50261 nodes=50001 r=-1
T3[t=1819s] shard7 r3 #35 cell=(39,65) sc=50266 nodes=50001 r=-1
T3[t=1819s] shard1 r2 #78 cell=(175,54) sc=50261 nodes=53178 r=0
T3[t=1819s] shard9 r2 #10 cell=(193,59) sc=50265 nodes=100001 r=-1
T3[t=1820s] shard6 r2 #7 cell=(208,44) sc=50269 nodes=62601 r=0
T3[t=1821s] shard12 r2 #14 cell=(44,62) sc=50271 nodes=100001 r=-1
T3[t=1821s] shard14 r2 #80 cell=(213,64) sc=50266 nodes=61112 r=0
T3[t=1822s] shard4 r3 #24 cell=(17,63) sc=50268 nodes=50001 r=-1
T3[t=1822s] shard10 r2 #85 cell=(196,47) sc=50261 nodes=59905 r=0
T3[t=1822s] shard8 r3 #6 cell=(34,52) sc=50273 nodes=50001 r=-1
T3[t=1823s] shard0 r2 #7 cell=(51,55) sc=50267 nodes=100001 r=-1
T3[t=1823s] shard5 r3 #52 cell=(32,53) sc=50264 nodes=50001 r=-1
T3[t=1823s] shard11 r3 #25 cell=(8,72) sc=50266 nodes=50001 r=-1
T3[t=1825s] shard13 r4 #15 cell=(38,68) sc=50266 nodes=50001 r=-1
T3[t=1826s] shard7 r3 #36 cell=(18,71) sc=50266 nodes=50001 r=-1
T3[t=1827s] shard2 r2 #81 cell=(12,63) sc=50265 nodes=100001 r=-1
T3[t=1828s] shard8 r3 #7 cell=(37,53) sc=50265 nodes=50001 r=-1
T3[t=1828s] shard3 r2 #7 cell=(34,48) sc=50271 nodes=100001 r=-1
T3[t=1829s] shard5 r3 #55 cell=(50,57) sc=50267 nodes=50001 r=-1
T3[t=1829s] shard15 r2 #6 cell=(30,44) sc=50276 nodes=100001 r=-1
T3[t=1829s] shard11 r3 #35 cell=(29,45) sc=50271 nodes=50001 r=-1
T3[t=1829s] shard9 r2 #11 cell=(188,60) sc=50261 nodes=100001 r=-1
T3[t=1830s] shard4 r3 #26 cell=(40,66) sc=50275 nodes=50001 r=-1
T3[t=1830s] shard10 r2 #86 cell=(19,72) sc=50269 nodes=65299 r=0
sweep shard10 round2 done (budget 100000)
T3[t=1831s] shard1 r2 #79 cell=(12,61) sc=50265 nodes=100001 r=-1
T3[t=1832s] shard7 r3 #40 cell=(15,30) sc=50268 nodes=50001 r=-1
T3[t=1832s] shard14 r2 #81 cell=(47,68) sc=50255 nodes=100001 r=-1
T3[t=1833s] shard13 r4 #17 cell=(33,69) sc=50261 nodes=50001 r=-1
T3[t=1834s] shard8 r3 #8 cell=(34,54) sc=50269 nodes=50001 r=-1
T3[t=1834s] shard5 r3 #57 cell=(50,59) sc=50270 nodes=50001 r=-1
T3[t=1835s] shard10 r3 #0 cell=(203,69) sc=50266 nodes=50001 r=-1
T3[t=1835s] shard2 r2 #86 cell=(28,101) sc=50269 nodes=60875 r=0
sweep shard2 round2 done (budget 100000)
T3[t=1835s] shard11 r3 #39 cell=(41,57) sc=50254 nodes=50001 r=-1
T3[t=1835s] shard15 r2 #7 cell=(219,45) sc=50268 nodes=59467 r=0
T3[t=1836s] shard0 r2 #8 cell=(30,58) sc=50266 nodes=100001 r=-1
T3[t=1836s] shard6 r2 #9 cell=(90,48) sc=50266 nodes=100001 r=-1
T3[t=1836s] shard4 r3 #27 cell=(10,76) sc=50264 nodes=50001 r=-1
T3[t=1837s] shard1 r2 #80 cell=(159,62) sc=50269 nodes=53943 r=0
T3[t=1838s] shard9 r2 #12 cell=(27,61) sc=50266 nodes=51357 r=0
T3[t=1838s] shard7 r3 #46 cell=(24,51) sc=50277 nodes=50001 r=-1
T3[t=1838s] shard14 r2 #82 cell=(6,81) sc=50266 nodes=50799 r=0
T3[t=1839s] shard12 r2 #15 cell=(33,63) sc=50265 nodes=100001 r=-1
T3[t=1840s] shard8 r3 #10 cell=(50,58) sc=50269 nodes=50001 r=-1
T3[t=1840s] shard5 r3 #59 cell=(13,68) sc=50269 nodes=50001 r=-1
T3[t=1840s] shard2 r3 #0 cell=(40,59) sc=50269 nodes=50001 r=-1
T3[t=1842s] shard13 r4 #18 cell=(45,71) sc=50270 nodes=50001 r=-1
T3[t=1843s] shard3 r2 #8 cell=(29,49) sc=50274 nodes=99599 r=0
T3[t=1844s] shard7 r3 #48 cell=(36,53) sc=50261 nodes=50001 r=-1
T3[t=1844s] shard10 r3 #2 cell=(52,64) sc=50273 nodes=50001 r=-1
T3[t=1845s] shard0 r2 #9 cell=(208,58) sc=50264 nodes=86673 r=0
T3[t=1845s] shard8 r3 #15 cell=(202,64) sc=50267 nodes=50001 r=-1
T3[t=1845s] shard11 r3 #40 cell=(45,65) sc=50264 nodes=50001 r=-1
T3[t=1846s] shard4 r3 #30 cell=(49,59) sc=50268 nodes=50001 r=-1
T3[t=1846s] shard2 r3 #2 cell=(27,49) sc=50272 nodes=50001 r=-1
T3[t=1847s] shard5 r3 #62 cell=(12,71) sc=50257 nodes=50001 r=-1
T3[t=1847s] shard13 r4 #20 cell=(13,73) sc=50256 nodes=50001 r=-1
T3[t=1848s] shard15 r2 #8 cell=(25,47) sc=50271 nodes=100001 r=-1
T3[t=1849s] shard1 r2 #82 cell=(34,67) sc=50273 nodes=100001 r=-1
T3[t=1849s] shard6 r2 #10 cell=(23,51) sc=50268 nodes=100001 r=-1
T3[t=1850s] shard12 r2 #16 cell=(40,64) sc=50267 nodes=100001 r=-1
T3[t=1850s] shard7 r3 #50 cell=(49,58) sc=50279 nodes=50001 r=-1
T3[t=1850s] shard10 r3 #4 cell=(32,42) sc=50271 nodes=50001 r=-1
T3[t=1851s] shard14 r2 #84 cell=(4,75) sc=50266 nodes=100001 r=-1
sweep shard14 round2 done (budget 100000)
T3[t=1852s] shard4 r3 #31 cell=(51,61) sc=50271 nodes=50001 r=-1
T3[t=1852s] shard11 r3 #49 cell=(38,64) sc=50264 nodes=50001 r=-1
T3[t=1852s] shard2 r3 #6 cell=(37,59) sc=50266 nodes=50001 r=-1
T3[t=1853s] shard5 r3 #68 cell=(16,29) sc=50269 nodes=50001 r=-1
T3[t=1853s] shard3 r2 #9 cell=(212,50) sc=50264 nodes=84725 r=0
T3[t=1853s] shard13 r4 #25 cell=(31,45) sc=50269 nodes=50001 r=-1
T3[t=1854s] shard9 r2 #13 cell=(34,62) sc=50272 nodes=86733 r=0
T3[t=1856s] shard10 r3 #7 cell=(30,56) sc=50267 nodes=50001 r=-1
T3[t=1856s] shard7 r3 #51 cell=(52,59) sc=50268 nodes=50001 r=-1
T3[t=1856s] shard14 r3 #1 cell=(22,48) sc=50272 nodes=50001 r=-1
T3[t=1857s] shard15 r2 #9 cell=(202,50) sc=50266 nodes=100001 r=-1
T3[t=1858s] shard11 r3 #53 cell=(24,41) sc=50273 nodes=50001 r=-1
T3[t=1858s] shard2 r3 #7 cell=(13,61) sc=50266 nodes=50001 r=-1
T3[t=1858s] shard0 r2 #10 cell=(35,59) sc=50273 nodes=100001 r=-1
T3[t=1858s] shard5 r3 #71 cell=(35,58) sc=50278 nodes=50001 r=-1
T3[t=1859s] shard1 r2 #83 cell=(198,69) sc=50267 nodes=93380 r=0
T3[t=1859s] shard13 r4 #27 cell=(47,57) sc=50275 nodes=50001 r=-1
T3[t=1859s] shard8 r3 #16 cell=(42,66) sc=50277 nodes=50001 r=-1
T3[t=1860s] shard4 r3 #35 cell=(37,73) sc=50268 nodes=50001 r=-1
T3[t=1861s] shard3 r2 #10 cell=(22,52) sc=50268 nodes=51300 r=0
T3[t=1861s] shard6 r2 #11 cell=(28,52) sc=50269 nodes=100001 r=-1
T3[t=1863s] shard7 r3 #53 cell=(24,61) sc=50265 nodes=50001 r=-1
T3[t=1864s] shard11 r3 #58 cell=(53,54) sc=50271 nodes=50001 r=-1
T3[t=1864s] shard5 r3 #73 cell=(18,65) sc=50273 nodes=50001 r=-1
T3[t=1864s] shard2 r3 #8 cell=(47,61) sc=50271 nodes=50001 r=-1
T3[t=1865s] shard13 r4 #31 cell=(39,53) sc=50263 nodes=50001 r=-1
T3[t=1865s] shard15 r2 #10 cell=(201,51) sc=50265 nodes=83174 r=0
T3[t=1866s] shard8 r3 #17 cell=(43,67) sc=50271 nodes=50001 r=-1
T3[t=1867s] shard10 r3 #9 cell=(36,62) sc=50268 nodes=50001 r=-1
T3[t=1867s] shard14 r3 #3 cell=(36,56) sc=50269 nodes=50001 r=-1
T3[t=1868s] shard7 r3 #56 cell=(41,66) sc=50276 nodes=50001 r=-1
T3[t=1869s] shard5 r3 #74 cell=(43,66) sc=50276 nodes=50001 r=-1
T3[t=1870s] shard12 r2 #17 cell=(12,66) sc=50272 nodes=100001 r=-1
T3[t=1870s] shard11 r3 #59 cell=(31,56) sc=50266 nodes=50001 r=-1
T3[t=1870s] shard13 r4 #34 cell=(47,60) sc=50269 nodes=50001 r=-1
T3[t=1870s] shard2 r3 #12 cell=(33,67) sc=50264 nodes=50001 r=-1
T3[t=1870s] shard1 r2 #84 cell=(44,73) sc=50257 nodes=100001 r=-1
T3[t=1872s] shard0 r2 #11 cell=(41,61) sc=50256 nodes=100001 r=-1
T3[t=1872s] shard6 r2 #13 cell=(213,55) sc=50273 nodes=96676 r=0
T3[t=1873s] shard14 r3 #5 cell=(29,59) sc=50265 nodes=50001 r=-1
T3[t=1874s] shard15 r2 #11 cell=(210,52) sc=50260 nodes=69758 r=0
T3[t=1874s] shard7 r3 #58 cell=(39,70) sc=50264 nodes=50001 r=-1
T3[t=1875s] shard4 r3 #37 cell=(39,63) sc=50275 nodes=50001 r=-1
T3[t=1875s] shard5 r3 #76 cell=(11,76) sc=50265 nodes=50001 r=-1
T3[t=1876s] shard1 r2 #85 cell=(172,75) sc=50262 nodes=53979 r=0
T3[t=1876s] shard11 r3 #60 cell=(41,62) sc=50270 nodes=50001 r=-1
T3[t=1876s] shard13 r4 #42 cell=(32,55) sc=50263 nodes=50001 r=-1
T3[t=1876s] shard9 r2 #14 cell=(29,63) sc=50271 nodes=100001 r=-1
T3[t=1876s] shard2 r3 #13 cell=(46,68) sc=50255 nodes=50001 r=-1
T3[t=1877s] shard3 r2 #12 cell=(43,57) sc=50269 nodes=100001 r=-1
T3[t=1877s] shard10 r3 #11 cell=(10,66) sc=50272 nodes=50001 r=-1
T3[t=1880s] shard7 r3 #59 cell=(202,71) sc=50269 nodes=50001 r=-1
T3[t=1881s] shard15 r2 #12 cell=(195,53) sc=50266 nodes=77584 r=0
T3[t=1881s] shard5 r3 #83 cell=(40,71) sc=50263 nodes=50001 r=-1
T3[t=1882s] shard11 r3 #61 cell=(32,63) sc=50268 nodes=50001 r=-1
T3[t=1882s] shard4 r3 #38 cell=(38,71) sc=50268 nodes=50001 r=-1
T3[t=1882s] shard14 r3 #7 cell=(42,64) sc=50267 nodes=50001 r=-1
T3[t=1882s] shard1 r2 #86 cell=(209,86) sc=50265 nodes=53198 r=0
T3[t=1882s] shard13 r4 #43 cell=(33,56) sc=50264 nodes=50001 r=-1
T3[t=1884s] shard10 r3 #14 cell=(41,71) sc=50261 nodes=50001 r=-1
T3[t=1884s] shard8 r3 #18 cell=(17,69) sc=50270 nodes=50001 r=-1
T3[t=1885s] shard2 r3 #15 cell=(45,69) sc=50256 nodes=50001 r=-1
T3[t=1886s] shard7 r3 #67 cell=(27,38) sc=50271 nodes=50001 r=-1
T3[t=1887s] shard5 r3 #84 cell=(38,83) sc=50260 nodes=50001 r=-1
T3[t=1888s] shard13 r4 #46 cell=(45,62) sc=50272 nodes=50001 r=-1
T3[t=1888s] shard10 r3 #15 cell=(194,74) sc=50273 nodes=50001 r=-1
T3[t=1888s] shard11 r3 #63 cell=(11,66) sc=50273 nodes=50001 r=-1
T3[t=1888s] shard4 r3 #41 cell=(21,54) sc=50263 nodes=50001 r=-1
T3[t=1888s] shard12 r2 #18 cell=(15,67) sc=50259 nodes=100001 r=-1
T3[t=1889s] shard0 r2 #12 cell=(10,62) sc=50267 nodes=100001 r=-1
T3[t=1889s] shard6 r2 #14 cell=(51,59) sc=50269 nodes=100001 r=-1
T3[t=1889s] shard14 r3 #10 cell=(37,69) sc=50257 nodes=50001 r=-1
T3[t=1889s] shard15 r2 #13 cell=(19,57) sc=50265 nodes=52539 r=0
T3[t=1890s] shard8 r3 #20 cell=(40,70) sc=50262 nodes=50001 r=-1
T3[t=1891s] shard3 r2 #13 cell=(34,58) sc=50265 nodes=100001 r=-1
T3[t=1892s] shard7 r3 #68 cell=(22,51) sc=50274 nodes=50001 r=-1
T3[t=1893s] shard9 r2 #15 cell=(43,65) sc=50269 nodes=100001 r=-1
T3[t=1893s] shard5 r3 #85 cell=(38,73) sc=50269 nodes=50001 r=-1
T3[t=1894s] shard13 r4 #47 cell=(34,63) sc=50266 nodes=50001 r=-1
T3[t=1894s] shard1 r2 #89 cell=(36,59) sc=50266 nodes=100001 r=-1
sweep shard1 round2 done (budget 100000)
T3[t=1894s] shard14 r3 #12 cell=(205,73) sc=50272 nodes=50001 r=-1
T3[t=1894s] shard10 r3 #19 cell=(22,60) sc=50265 nodes=50001 r=-1
T3[t=1894s] shard4 r3 #43 cell=(25,26) sc=50261 nodes=50001 r=-1
T3[t=1898s] shard7 r3 #71 cell=(42,63) sc=50264 nodes=50001 r=-1
T3[t=1898s] shard5 r3 #87 cell=(202,59) sc=50262 nodes=50001 r=-1
T3[t=1898s] shard2 r3 #18 cell=(42,72) sc=50254 nodes=50001 r=-1
T3[t=1898s] shard11 r3 #64 cell=(198,67) sc=50267 nodes=50001 r=-1
T3[t=1898s] shard12 r2 #19 cell=(199,67) sc=50268 nodes=100001 r=-1
T3[t=1899s] shard1 r3 #6 cell=(26,48) sc=50274 nodes=50001 r=-1
T3[t=1899s] shard13 r4 #48 cell=(41,64) sc=50270 nodes=50001 r=-1
T3[t=1899s] shard8 r3 #29 cell=(26,64) sc=50259 nodes=50001 r=-1
T3[t=1900s] shard14 r3 #15 cell=(23,49) sc=50270 nodes=50001 r=-1
T3[t=1900s] shard4 r3 #47 cell=(15,38) sc=50270 nodes=50001 r=-1
T3[t=1902s] shard11 r3 #65 cell=(42,71) sc=50263 nodes=50001 r=-1
T3[t=1903s] shard0 r2 #13 cell=(43,63) sc=50250 nodes=100001 r=-1
T3[t=1903s] shard5 r3 #89 cell=(26,69) sc=50263 nodes=50001 r=-1
sweep shard5 round3 done (budget 50000)
T3[t=1904s] shard7 r3 #72 cell=(26,65) sc=50260 nodes=50001 r=-1
T3[t=1904s] shard9 r2 #16 cell=(8,66) sc=50273 nodes=74882 r=0
T3[t=1905s] shard1 r3 #7 cell=(25,49) sc=50273 nodes=50001 r=-1
T3[t=1905s] shard15 r2 #14 cell=(241,59) sc=50267 nodes=54991 r=0
T3[t=1905s] shard10 r3 #20 cell=(31,65) sc=50255 nodes=50001 r=-1
T3[t=1905s] shard13 r4 #56 cell=(37,80) sc=50255 nodes=50001 r=-1
T3[t=1905s] shard14 r3 #16 cell=(36,52) sc=50271 nodes=50001 r=-1
T3[t=1905s] shard2 r3 #30 cell=(35,67) sc=50267 nodes=50001 r=-1
T3[t=1905s] shard8 r3 #31 cell=(52,66) sc=50271 nodes=50001 r=-1
T3[t=1905s] shard3 r2 #14 cell=(41,59) sc=50269 nodes=100001 r=-1
T3[t=1906s] shard4 r3 #54 cell=(48,57) sc=50267 nodes=50001 r=-1
T3[t=1908s] shard6 r2 #15 cell=(19,61) sc=50269 nodes=100001 r=-1
T3[t=1908s] shard11 r3 #71 cell=(28,35) sc=50276 nodes=50001 r=-1
T3[t=1909s] shard7 r3 #73 cell=(45,66) sc=50274 nodes=50001 r=-1
T3[t=1910s] shard14 r3 #17 cell=(196,60) sc=50264 nodes=50001 r=-1
T3[t=1911s] shard4 r3 #57 cell=(184,63) sc=50263 nodes=50001 r=-1
T3[t=1911s] shard13 r4 #59 cell=(25,24) sc=50263 nodes=50001 r=-1
T3[t=1911s] shard2 r3 #34 cell=(45,57) sc=50271 nodes=50001 r=-1
T3[t=1911s] shard5 r4 #0 cell=(37,65) sc=50257 nodes=50001 r=-1
T3[t=1911s] shard8 r3 #35 cell=(18,58) sc=50260 nodes=50001 r=-1
T3[t=1914s] shard0 r2 #14 cell=(199,65) sc=50262 nodes=100001 r=-1
T3[t=1914s] shard1 r3 #9 cell=(48,56) sc=50268 nodes=50001 r=-1
T3[t=1915s] shard3 r2 #15 cell=(203,65) sc=50271 nodes=65962 r=0
T3[t=1915s] shard11 r3 #77 cell=(9,68) sc=50264 nodes=50001 r=-1
T3[t=1916s] shard7 r3 #74 cell=(10,69) sc=50267 nodes=50001 r=-1
T3[t=1916s] shard12 r2 #20 cell=(32,68) sc=50261 nodes=100001 r=-1
T3[t=1917s] shard4 r3 #58 cell=(32,65) sc=50254 nodes=50001 r=-1
T3[t=1917s] shard13 r4 #61 cell=(16,39) sc=50270 nodes=50001 r=-1
T3[t=1917s] shard5 r4 #3 cell=(26,54) sc=50268 nodes=50001 r=-1
T3[t=1917s] shard2 r3 #35 cell=(45,61) sc=50269 nodes=50001 r=-1
T3[t=1918s] shard8 r3 #43 cell=(21,42) sc=50264 nodes=50001 r=-1
T3[t=1918s] shard14 r3 #18 cell=(42,62) sc=50273 nodes=50001 r=-1
T3[t=1918s] shard6 r2 #16 cell=(195,61) sc=50274 nodes=100001 r=-1
T3[t=1920s] shard15 r2 #15 cell=(37,61) sc=50267 nodes=100001 r=-1
T3[t=1920s] shard10 r3 #21 cell=(35,69) sc=50259 nodes=50001 r=-1
T3[t=1921s] shard1 r3 #10 cell=(31,57) sc=50267 nodes=50001 r=-1
T3[t=1921s] shard11 r3 #78 cell=(36,69) sc=50265 nodes=50001 r=-1
T3[t=1922s] shard7 r3 #76 cell=(19,30) sc=50266 nodes=50001 r=-1
T3[t=1922s] shard12 r2 #22 cell=(223,91) sc=50272 nodes=56132 r=0
T3[t=1923s] shard14 r3 #20 cell=(183,65) sc=50267 nodes=50001 r=-1
T3[t=1923s] shard5 r4 #5 cell=(42,58) sc=50255 nodes=50001 r=-1
T3[t=1923s] shard9 r2 #18 cell=(9,67) sc=50268 nodes=100001 r=-1
T3[t=1923s] shard13 r4 #63 cell=(22,49) sc=50276 nodes=50001 r=-1
T3[t=1923s] shard4 r3 #60 cell=(33,66) sc=50268 nodes=50001 r=-1
T3[t=1923s] shard2 r3 #36 cell=(13,69) sc=50267 nodes=50001 r=-1
T3[t=1923s] shard8 r3 #44 cell=(32,43) sc=50267 nodes=50001 r=-1
T3[t=1927s] shard11 r3 #79 cell=(45,72) sc=50257 nodes=50001 r=-1
T3[t=1928s] shard5 r4 #10 cell=(187,63) sc=50266 nodes=50001 r=-1
T3[t=1928s] shard7 r3 #77 cell=(33,48) sc=50276 nodes=50001 r=-1
T3[t=1928s] shard4 r3 #61 cell=(203,66) sc=50277 nodes=50001 r=-1
T3[t=1929s] shard6 r2 #17 cell=(210,66) sc=50274 nodes=85675 r=0
T3[t=1929s] shard10 r3 #22 cell=(44,72) sc=50252 nodes=50001 r=-1
T3[t=1929s] shard13 r4 #66 cell=(33,62) sc=50276 nodes=50001 r=-1
T3[t=1929s] shard8 r3 #47 cell=(27,50) sc=50271 nodes=50001 r=-1
T3[t=1929s] shard2 r3 #37 cell=(39,73) sc=50270 nodes=50001 r=-1
T3[t=1930s] shard14 r3 #23 cell=(43,69) sc=50251 nodes=50001 r=-1
T3[t=1930s] shard0 r2 #15 cell=(28,66) sc=50269 nodes=88133 r=0
T3[t=1932s] shard12 r2 #23 cell=(220,96) sc=50267 nodes=100001 r=-1
T3[t=1932s] shard15 r2 #16 cell=(44,64) sc=50277 nodes=100001 r=-1
T3[t=1933s] shard11 r3 #83 cell=(12,25) sc=50265 nodes=50001 r=-1
T3[t=1934s] shard7 r3 #81 cell=(52,63) sc=50271 nodes=50001 r=-1
T3[t=1934s] shard1 r3 #14 cell=(46,64) sc=50272 nodes=50001 r=-1
T3[t=1934s] shard10 r3 #25 cell=(35,43) sc=50266 nodes=50001 r=-1
T3[t=1934s] shard4 r3 #62 cell=(11,68) sc=50262 nodes=50001 r=-1
T3[t=1934s] shard3 r2 #16 cell=(32,66) sc=50261 nodes=100001 r=-1
T3[t=1935s] shard13 r4 #67 cell=(203,64) sc=50261 nodes=50001 r=-1
T3[t=1935s] shard2 r3 #38 cell=(30,54) sc=50262 nodes=50001 r=-1
T3[t=1935s] shard8 r3 #49 cell=(25,56) sc=50273 nodes=50001 r=-1
T3[t=1936s] shard9 r2 #19 cell=(24,68) sc=50269 nodes=84766 r=0
T3[t=1938s] shard14 r3 #29 cell=(107,32) sc=50261 nodes=50001 r=-1
T3[t=1939s] shard11 r3 #84 cell=(11,36) sc=50272 nodes=50001 r=-1
T3[t=1939s] shard1 r3 #25 cell=(203,43) sc=50263 nodes=50001 r=-1
T3[t=1939s] shard5 r4 #11 cell=(30,64) sc=50267 nodes=50001 r=-1
T3[t=1940s] shard7 r3 #82 cell=(52,71) sc=50266 nodes=50001 r=-1
T3[t=1940s] shard4 r3 #64 cell=(35,70) sc=50267 nodes=50001 r=-1
T3[t=1940s] shard13 r4 #69 cell=(16,67) sc=50260 nodes=50001 r=-1
T3[t=1940s] shard10 r3 #35 cell=(32,61) sc=50270 nodes=50001 r=-1
T3[t=1941s] shard2 r3 #42 cell=(18,29) sc=50263 nodes=50001 r=-1
T3[t=1941s] shard8 r3 #51 cell=(16,59) sc=50265 nodes=50001 r=-1
T3[t=1944s] shard14 r3 #32 cell=(21,28) sc=50267 nodes=50001 r=-1
T3[t=1944s] shard15 r2 #17 cell=(197,65) sc=50262 nodes=100001 r=-1
T3[t=1944s] shard1 r3 #26 cell=(22,50) sc=50270 nodes=50001 r=-1
T3[t=1945s] shard11 r3 #91 cell=(23,44) sc=50271 nodes=50001 r=-1
T3[t=1945s] shard0 r2 #16 cell=(41,69) sc=50253 nodes=100001 r=-1
T3[t=1946s] shard6 r2 #19 cell=(9,69) sc=50267 nodes=100001 r=-1
T3[t=1946s] shard7 r3 #84 cell=(20,35) sc=50270 nodes=50001 r=-1
T3[t=1946s] shard13 r4 #71 cell=(42,69) sc=50259 nodes=50001 r=-1
T3[t=1946s] shard4 r3 #66 cell=(37,74) sc=50264 nodes=50001 r=-1
T3[t=1946s] shard9 r2 #20 cell=(190,68) sc=50268 nodes=100001 r=-1
T3[t=1946s] shard3 r2 #17 cell=(202,66) sc=50278 nodes=100001 r=-1
T3[t=1946s] shard10 r3 #42 cell=(37,52) sc=50276 nodes=50001 r=-1
T3[t=1947s] shard2 r3 #49 cell=(29,46) sc=50273 nodes=50001 r=-1
T3[t=1947s] shard12 r2 #25 cell=(24,24) sc=50271 nodes=100001 r=-1
T3[t=1948s] shard8 r3 #52 cell=(26,61) sc=50266 nodes=50001 r=-1
T3[t=1948s] shard5 r4 #14 cell=(34,66) sc=50264 nodes=50001 r=-1
T3[t=1950s] shard14 r3 #33 cell=(9,36) sc=50268 nodes=50001 r=-1
T3[t=1950s] shard11 r3 #93 cell=(37,60) sc=50266 nodes=50001 r=-1
T3[t=1952s] shard13 r4 #72 cell=(8,73) sc=50267 nodes=50001 r=-1
T3[t=1952s] shard7 r3 #85 cell=(21,38) sc=50268 nodes=50001 r=-1
sweep shard7 round3 done (budget 50000)
T3[t=1952s] shard4 r3 #70 cell=(10,29) sc=50269 nodes=50001 r=-1
T3[t=1952s] shard10 r3 #44 cell=(51,54) sc=50278 nodes=50001 r=-1
T3[t=1953s] shard2 r3 #50 cell=(27,48) sc=50273 nodes=50001 r=-1
T3[t=1953s] shard1 r3 #31 cell=(34,68) sc=50262 nodes=50001 r=-1
T3[t=1954s] shard15 r2 #18 cell=(196,66) sc=50268 nodes=100001 r=-1
T3[t=1954s] shard8 r3 #53 cell=(28,63) sc=50269 nodes=50001 r=-1
T3[t=1956s] shard14 r3 #34 cell=(28,37) sc=50264 nodes=50001 r=-1
T3[t=1956s] shard11 r3 #94 cell=(20,37) sc=50267 nodes=50001 r=-1
sweep shard11 round3 done (budget 50000)
T3[t=1957s] shard10 r3 #46 cell=(208,57) sc=50257 nodes=50001 r=-1
T3[t=1957s] shard7 r4 #1 cell=(31,43) sc=50266 nodes=50001 r=-1
T3[t=1957s] shard0 r2 #18 cell=(7,77) sc=50277 nodes=100001 r=-1
T3[t=1958s] shard12 r2 #26 cell=(200,32) sc=50275 nodes=100001 r=-1
T3[t=1958s] shard13 r4 #73 cell=(10,75) sc=50265 nodes=50001 r=-1
T3[t=1958s] shard4 r3 #73 cell=(25,50) sc=50274 nodes=50001 r=-1
T3[t=1958s] shard2 r3 #53 cell=(49,56) sc=50267 nodes=50001 r=-1
T3[t=1958s] shard1 r3 #35 cell=(29,51) sc=50271 nodes=50001 r=-1
T3[t=1959s] shard8 r3 #55 cell=(42,65) sc=50260 nodes=50001 r=-1
T3[t=1960s] shard5 r4 #16 cell=(39,67) sc=50263 nodes=50001 r=-1
T3[t=1960s] shard9 r2 #21 cell=(42,70) sc=50260 nodes=100001 r=-1
T3[t=1960s] shard6 r2 #20 cell=(38,70) sc=50269 nodes=100001 r=-1
T3[t=1962s] shard14 r3 #35 cell=(27,40) sc=50265 nodes=50001 r=-1
T3[t=1962s] shard11 r4 #7 cell=(36,42) sc=50269 nodes=50001 r=-1
T3[t=1963s] shard10 r3 #48 cell=(20,59) sc=50270 nodes=50001 r=-1
T3[t=1963s] shard7 r4 #3 cell=(26,50) sc=50270 nodes=50001 r=-1
T3[t=1964s] shard13 r4 #74 cell=(26,79) sc=50266 nodes=50001 r=-1
T3[t=1964s] shard4 r3 #77 cell=(37,68) sc=50268 nodes=50001 r=-1
T3[t=1964s] shard2 r3 #54 cell=(34,57) sc=50260 nodes=50001 r=-1
T3[t=1964s] shard1 r3 #36 cell=(39,59) sc=50268 nodes=50001 r=-1
T3[t=1965s] shard3 r2 #18 cell=(8,68) sc=50265 nodes=100001 r=-1
T3[t=1966s] shard5 r4 #18 cell=(36,70) sc=50264 nodes=50001 r=-1
T3[t=1966s] shard8 r3 #56 cell=(8,67) sc=50260 nodes=50001 r=-1
T3[t=1966s] shard0 r2 #19 cell=(190,80) sc=50277 nodes=100001 r=-1
T3[t=1967s] shard14 r3 #37 cell=(29,44) sc=50272 nodes=50001 r=-1
T3[t=1967s] shard9 r2 #22 cell=(29,71) sc=50267 nodes=54507 r=0
T3[t=1967s] shard11 r4 #16 cell=(23,59) sc=50260 nodes=50001 r=-1
T3[t=1969s] shard7 r4 #4 cell=(32,54) sc=50272 nodes=50001 r=-1
T3[t=1969s] shard10 r3 #50 cell=(30,63) sc=50270 nodes=50001 r=-1
T3[t=1969s] shard13 r4 #76 cell=(15,26) sc=50269 nodes=50001 r=-1
T3[t=1970s] shard2 r3 #55 cell=(33,58) sc=50258 nodes=50001 r=-1
T3[t=1971s] shard5 r4 #28 cell=(28,50) sc=50274 nodes=50001 r=-1
T3[t=1971s] shard4 r3 #78 cell=(203,70) sc=50271 nodes=50001 r=-1
T3[t=1972s] shard8 r3 #68 cell=(34,51) sc=50260 nodes=50001 r=-1
T3[t=1972s] shard12 r2 #27 cell=(87,35) sc=50265 nodes=100001 r=-1
T3[t=1972s] shard0 r2 #20 cell=(204,92) sc=50266 nodes=62202 r=0
T3[t=1973s] shard14 r3 #38 cell=(32,45) sc=50268 nodes=50001 r=-1
T3[t=1973s] shard15 r2 #19 cell=(29,67) sc=50276 nodes=100001 r=-1
T3[t=1974s] shard10 r3 #51 cell=(37,64) sc=50263 nodes=50001 r=-1
T3[t=1975s] shard7 r4 #5 cell=(18,56) sc=50260 nodes=50001 r=-1
T3[t=1975s] shard13 r4 #77 cell=(27,56) sc=50266 nodes=50001 r=-1
T3[t=1975s] shard6 r2 #22 cell=(116,74) sc=50274 nodes=100001 r=-1
T3[t=1975s] shard2 r3 #56 cell=(15,60) sc=50271 nodes=50001 r=-1
T3[t=1976s] shard5 r4 #29 cell=(21,53) sc=50268 nodes=50001 r=-1
T3[t=1976s] shard11 r4 #18 cell=(33,61) sc=50270 nodes=50001 r=-1
T3[t=1977s] shard4 r3 #80 cell=(38,81) sc=50259 nodes=50001 r=-1
T3[t=1977s] shard8 r3 #69 cell=(54,53) sc=50276 nodes=50001 r=-1
T3[t=1978s] shard9 r2 #23 cell=(205,71) sc=50262 nodes=100001 r=-1
T3[t=1978s] shard14 r3 #39 cell=(24,47) sc=50272 nodes=50001 r=-1
T3[t=1979s] shard3 r2 #19 cell=(34,70) sc=50267 nodes=100001 r=-1
T3[t=1980s] shard10 r3 #52 cell=(46,65) sc=50263 nodes=50001 r=-1
T3[t=1980s] shard7 r4 #7 cell=(15,59) sc=50266 nodes=50001 r=-1
T3[t=1981s] shard13 r4 #79 cell=(7,68) sc=50263 nodes=50001 r=-1
T3[t=1981s] shard2 r3 #57 cell=(46,63) sc=50272 nodes=50001 r=-1
T3[t=1983s] shard4 r3 #84 cell=(37,66) sc=50270 nodes=50001 r=-1
sweep shard4 round3 done (budget 50000)
T3[t=1983s] shard8 r3 #72 cell=(11,62) sc=50266 nodes=50001 r=-1
T3[t=1984s] shard11 r4 #23 cell=(31,69) sc=50263 nodes=50001 r=-1
T3[t=1984s] shard1 r3 #38 cell=(15,65) sc=50259 nodes=50001 r=-1
T3[t=1984s] shard14 r3 #44 cell=(18,57) sc=50264 nodes=50001 r=-1
T3[t=1985s] shard0 r2 #21 cell=(103,97) sc=50263 nodes=100001 r=-1
T3[t=1985s] shard5 r4 #30 cell=(50,56) sc=50271 nodes=50001 r=-1
T3[t=1985s] shard6 r2 #23 cell=(201,75) sc=50260 nodes=100001 r=-1
T3[t=1985s] shard12 r2 #28 cell=(7,39) sc=50254 nodes=100001 r=-1
T3[t=1986s] shard7 r4 #8 cell=(28,62) sc=50266 nodes=50001 r=-1
T3[t=1986s] shard10 r3 #55 cell=(43,70) sc=50261 nodes=50001 r=-1
T3[t=1986s] shard9 r2 #24 cell=(193,73) sc=50275 nodes=100001 r=-1
T3[t=1986s] shard13 r4 #81 cell=(39,72) sc=50269 nodes=50001 r=-1
T3[t=1987s] shard2 r3 #59 cell=(31,66) sc=50260 nodes=50001 r=-1
T3[t=1987s] shard3 r2 #20 cell=(189,71) sc=50270 nodes=100001 r=-1
T3[t=1988s] shard4 r4 #6 cell=(26,52) sc=50274 nodes=50001 r=-1
T3[t=1988s] shard15 r2 #20 cell=(42,68) sc=50273 nodes=100001 r=-1
T3[t=1989s] shard8 r3 #73 cell=(3,68) sc=50270 nodes=50001 r=-1
T3[t=1990s] shard1 r3 #43 cell=(38,72) sc=50270 nodes=50001 r=-1
T3[t=1990s] shard14 r3 #46 cell=(36,61) sc=50266 nodes=50001 r=-1
T3[t=1991s] shard2 r3 #60 cell=(201,66) sc=50278 nodes=50001 r=-1
T3[t=1992s] shard10 r3 #63 cell=(22,41) sc=50275 nodes=50001 r=-1
T3[t=1992s] shard13 r4 #83 cell=(25,36) sc=50277 nodes=50001 r=-1
sweep shard13 round4 done (budget 50000)
T3[t=1993s] shard0 r2 #22 cell=(218,12) sc=50273 nodes=76944 r=0
T3[t=1993s] shard5 r4 #33 cell=(52,68) sc=50269 nodes=50001 r=-1
T3[t=1994s] shard3 r2 #21 cell=(13,77) sc=50268 nodes=55288 r=0
T3[t=1994s] shard6 r2 #24 cell=(24,84) sc=50264 nodes=68007 r=0
T3[t=1994s] shard8 r3 #79 cell=(26,45) sc=50274 nodes=50001 r=-1
T3[t=1996s] shard12 r2 #31 cell=(194,60) sc=50266 nodes=100001 r=-1
T3[t=1996s] shard14 r3 #47 cell=(47,62) sc=50271 nodes=50001 r=-1
T3[t=1996s] shard1 r3 #47 cell=(14,29) sc=50265 nodes=50001 r=-1
T3[t=1997s] shard11 r4 #24 cell=(44,70) sc=50261 nodes=50001 r=-1
T3[t=1997s] shard2 r3 #62 cell=(38,75) sc=50259 nodes=50001 r=-1
T3[t=1997s] shard9 r2 #26 cell=(8,76) sc=50263 nodes=65776 r=0
T3[t=1998s] shard10 r3 #64 cell=(28,45) sc=50272 nodes=50001 r=-1
T3[t=1998s] shard5 r4 #34 cell=(204,70) sc=50259 nodes=50001 r=-1
T3[t=1999s] shard7 r4 #11 cell=(32,64) sc=50267 nodes=50001 r=-1
T3[t=1999s] shard4 r4 #7 cell=(36,58) sc=50277 nodes=50001 r=-1
T3[t=2000s] shard8 r3 #81 cell=(27,60) sc=50267 nodes=50001 r=-1
T3[t=2001s] shard14 r3 #48 cell=(38,63) sc=50264 nodes=50001 r=-1
T3[t=2002s] shard1 r3 #51 cell=(33,44) sc=50271 nodes=50001 r=-1
T3[t=2002s] shard11 r4 #25 cell=(8,72) sc=50266 nodes=50001 r=-1
T3[t=2003s] shard13 r5 #2 cell=(28,44) sc=50274 nodes=100001 r=-1
T3[t=2003s] shard3 r2 #23 cell=(208,80) sc=50272 nodes=100001 r=-1
T3[t=2003s] shard2 r3 #63 cell=(10,77) sc=50263 nodes=50001 r=-1
T3[t=2003s] shard15 r2 #21 cell=(10,70) sc=50268 nodes=100001 r=-1
T3[t=2003s] shard12 r2 #32 cell=(32,62) sc=50269 nodes=51898 r=0
T3[t=2004s] shard10 r3 #66 cell=(36,51) sc=50262 nodes=50001 r=-1
T3[t=2004s] shard5 r4 #39 cell=(47,63) sc=50271 nodes=50001 r=-1
T3[t=2005s] shard4 r4 #8 cell=(47,59) sc=50270 nodes=50001 r=-1
T3[t=2006s] shard8 r3 #82 cell=(14,67) sc=50271 nodes=50001 r=-1
sweep shard8 round3 done (budget 50000)
T3[t=2007s] shard9 r2 #27 cell=(210,78) sc=50262 nodes=100001 r=-1
T3[t=2008s] shard1 r3 #53 cell=(32,47) sc=50272 nodes=50001 r=-1
T3[t=2008s] shard14 r3 #49 cell=(11,64) sc=50272 nodes=50001 r=-1
T3[t=2008s] shard11 r4 #35 cell=(29,45) sc=50271 nodes=50001 r=-1
T3[t=2009s] shard0 r2 #23 cell=(86,26) sc=50277 nodes=100001 r=-1
T3[t=2009s] shard10 r3 #68 cell=(36,57) sc=50258 nodes=50001 r=-1
T3[t=2009s] shard2 r3 #64 cell=(17,36) sc=50268 nodes=50001 r=-1
T3[t=2010s] shard5 r4 #44 cell=(27,26) sc=50268 nodes=50001 r=-1
T3[t=2010s] shard4 r4 #9 cell=(187,61) sc=50264 nodes=50001 r=-1
T3[t=2011s] shard6 r2 #25 cell=(105,89) sc=50270 nodes=100001 r=-1
T3[t=2011s] shard7 r4 #12 cell=(41,67) sc=50261 nodes=50001 r=-1
T3[t=2012s] shard8 r4 #5 cell=(25,51) sc=50266 nodes=50001 r=-1
T3[t=2013s] shard15 r2 #22 cell=(186,70) sc=50274 nodes=100001 r=-1
T3[t=2013s] shard3 r2 #24 cell=(207,21) sc=50279 nodes=100001 r=-1
T3[t=2013s] shard1 r3 #56 cell=(31,58) sc=50276 nodes=50001 r=-1
T3[t=2014s] shard14 r3 #53 cell=(41,68) sc=50274 nodes=50001 r=-1
T3[t=2014s] shard11 r4 #39 cell=(41,57) sc=50254 nodes=50001 r=-1
T3[t=2014s] shard10 r3 #69 cell=(201,58) sc=50264 nodes=50001 r=-1
T3[t=2015s] shard13 r5 #9 cell=(35,61) sc=50265 nodes=100001 r=-1
T3[t=2015s] shard5 r4 #46 cell=(17,38) sc=50268 nodes=50001 r=-1
T3[t=2015s] shard9 r2 #28 cell=(216,38) sc=50276 nodes=73080 r=0
T3[t=2016s] shard2 r3 #66 cell=(23,50) sc=50269 nodes=50001 r=-1
T3[t=2016s] shard4 r4 #10 cell=(24,62) sc=50262 nodes=50001 r=-1
T3[t=2017s] shard7 r4 #14 cell=(11,69) sc=50265 nodes=50001 r=-1
T3[t=2018s] shard8 r4 #6 cell=(34,52) sc=50273 nodes=50001 r=-1
T3[t=2019s] shard1 r3 #57 cell=(10,61) sc=50277 nodes=50001 r=-1
T3[t=2020s] shard14 r3 #56 cell=(13,72) sc=50269 nodes=50001 r=-1
T3[t=2021s] shard10 r3 #73 cell=(5,68) sc=50273 nodes=50001 r=-1
T3[t=2021s] shard5 r4 #51 cell=(27,52) sc=50275 nodes=50001 r=-1
T3[t=2021s] shard2 r3 #71 cell=(10,65) sc=50269 nodes=50001 r=-1
T3[t=2022s] shard4 r4 #11 cell=(9,63) sc=50271 nodes=50001 r=-1
T3[t=2023s] shard12 r2 #33 cell=(10,68) sc=50263 nodes=100001 r=-1
T3[t=2023s] shard8 r4 #7 cell=(37,53) sc=50265 nodes=50001 r=-1
T3[t=2023s] shard7 r4 #24 cell=(27,53) sc=50263 nodes=50001 r=-1
T3[t=2023s] shard3 r2 #25 cell=(203,41) sc=50263 nodes=100001 r=-1
T3[t=2024s] shard11 r4 #40 cell=(45,65) sc=50264 nodes=50001 r=-1
T3[t=2024s] shard15 r2 #23 cell=(22,72) sc=50267 nodes=85305 r=0
T3[t=2025s] shard0 r2 #24 cell=(89,41) sc=50266 nodes=100001 r=-1
T3[t=2025s] shard1 r3 #58 cell=(46,61) sc=50270 nodes=50001 r=-1
T3[t=2026s] shard9 r2 #29 cell=(218,44) sc=50271 nodes=91367 r=0
T3[t=2026s] shard6 r2 #26 cell=(6,38) sc=50273 nodes=100001 r=-1
T3[t=2026s] shard14 r3 #58 cell=(6,75) sc=50265 nodes=50001 r=-1
T3[t=2026s] shard4 r4 #15 cell=(193,71) sc=50270 nodes=50001 r=-1
T3[t=2027s] shard10 r3 #74 cell=(17,74) sc=50259 nodes=50001 r=-1
T3[t=2027s] shard5 r4 #52 cell=(32,53) sc=50264 nodes=50001 r=-1
T3[t=2027s] shard2 r3 #72 cell=(25,66) sc=50260 nodes=50001 r=-1
T3[t=2029s] shard8 r4 #8 cell=(34,54) sc=50269 nodes=50001 r=-1
T3[t=2030s] shard11 r4 #49 cell=(38,64) sc=50264 nodes=50001 r=-1
T3[t=2031s] shard1 r3 #60 cell=(44,63) sc=50270 nodes=50001 r=-1
T3[t=2032s] shard14 r3 #64 cell=(24,25) sc=50274 nodes=50001 r=-1
T3[t=2032s] shard5 r4 #55 cell=(50,57) sc=50267 nodes=50001 r=-1
T3[t=2032s] shard7 r4 #32 cell=(49,55) sc=50271 nodes=50001 r=-1
T3[t=2033s] shard10 r3 #75 cell=(38,77) sc=50261 nodes=50001 r=-1
T3[t=2033s] shard2 r3 #73 cell=(35,68) sc=50266 nodes=50001 r=-1
T3[t=2034s] shard12 r2 #34 cell=(9,75) sc=50266 nodes=100001 r=-1
T3[t=2034s] shard8 r4 #10 cell=(50,58) sc=50269 nodes=50001 r=-1
T3[t=2035s] shard13 r5 #11 cell=(10,64) sc=50270 nodes=100001 r=-1
T3[t=2036s] shard4 r4 #24 cell=(17,63) sc=50268 nodes=50001 r=-1
T3[t=2036s] shard11 r4 #53 cell=(24,41) sc=50273 nodes=50001 r=-1
T3[t=2037s] shard6 r2 #27 cell=(198,56) sc=50268 nodes=100001 r=-1
T3[t=2037s] shard1 r3 #62 cell=(200,65) sc=50269 nodes=50001 r=-1
T3[t=2038s] shard3 r2 #26 cell=(24,50) sc=50277 nodes=100001 r=-1
T3[t=2038s] shard5 r4 #57 cell=(50,59) sc=50270 nodes=50001 r=-1
T3[t=2038s] shard14 r3 #69 cell=(27,54) sc=50262 nodes=50001 r=-1
T3[t=2038s] shard15 r2 #24 cell=(17,73) sc=50266 nodes=100001 r=-1
T3[t=2038s] shard7 r4 #33 cell=(47,69) sc=50254 nodes=50001 r=-1
T3[t=2038s] shard10 r3 #76 cell=(14,83) sc=50270 nodes=50001 r=-1
T3[t=2039s] shard9 r2 #30 cell=(35,51) sc=50261 nodes=100001 r=-1
T3[t=2039s] shard0 r2 #25 cell=(11,61) sc=50267 nodes=100001 r=-1
T3[t=2039s] shard2 r3 #78 cell=(14,37) sc=50269 nodes=50001 r=-1
T3[t=2039s] shard8 r4 #15 cell=(202,64) sc=50267 nodes=50001 r=-1
T3[t=2042s] shard11 r4 #58 cell=(53,54) sc=50271 nodes=50001 r=-1
T3[t=2042s] shard1 r3 #64 cell=(199,66) sc=50268 nodes=50001 r=-1
T3[t=2043s] shard12 r2 #35 cell=(192,78) sc=50269 nodes=100001 r=-1
T3[t=2043s] shard4 r4 #26 cell=(40,66) sc=50275 nodes=50001 r=-1
T3[t=2043s] shard5 r4 #59 cell=(13,68) sc=50269 nodes=50001 r=-1
T3[t=2044s] shard10 r3 #78 cell=(35,60) sc=50266 nodes=50001 r=-1
T3[t=2044s] shard14 r3 #71 cell=(22,59) sc=50261 nodes=50001 r=-1
T3[t=2045s] shard15 r2 #26 cell=(25,79) sc=50266 nodes=52559 r=0
T3[t=2045s] shard2 r3 #79 cell=(30,41) sc=50265 nodes=50001 r=-1
T3[t=2046s] shard7 r4 #35 cell=(39,65) sc=50266 nodes=50001 r=-1
T3[t=2046s] shard1 r3 #66 cell=(45,68) sc=50254 nodes=50001 r=-1
T3[t=2047s] shard11 r4 #59 cell=(31,56) sc=50266 nodes=50001 r=-1
T3[t=2048s] shard3 r2 #28 cell=(213,57) sc=50265 nodes=84859 r=0
T3[t=2049s] shard4 r4 #27 cell=(10,76) sc=50264 nodes=50001 r=-1
T3[t=2050s] shard5 r4 #62 cell=(12,71) sc=50257 nodes=50001 r=-1
T3[t=2050s] shard10 r3 #79 cell=(10,31) sc=50270 nodes=50001 r=-1
T3[t=2050s] shard14 r3 #74 cell=(29,36) sc=50267 nodes=50001 r=-1
T3[t=2050s] shard13 r5 #15 cell=(38,68) sc=50266 nodes=100001 r=-1
T3[t=2051s] shard2 r3 #80 cell=(28,47) sc=50273 nodes=50001 r=-1
T3[t=2051s] shard12 r2 #36 cell=(207,93) sc=50268 nodes=76402 r=0
T3[t=2052s] shard7 r4 #36 cell=(18,71) sc=50266 nodes=50001 r=-1
T3[t=2052s] shard1 r3 #68 cell=(44,69) sc=50257 nodes=50001 r=-1
T3[t=2053s] shard11 r4 #60 cell=(41,62) sc=50270 nodes=50001 r=-1
T3[t=2053s] shard0 r2 #26 cell=(46,62) sc=50271 nodes=100001 r=-1
T3[t=2053s] shard9 r2 #31 cell=(35,57) sc=50259 nodes=100001 r=-1
T3[t=2053s] shard8 r4 #16 cell=(42,66) sc=50277 nodes=50001 r=-1
T3[t=2055s] shard15 r2 #27 cell=(203,87) sc=50266 nodes=100001 r=-1
T3[t=2055s] shard5 r4 #68 cell=(16,29) sc=50269 nodes=50001 r=-1
T3[t=2056s] shard10 r3 #80 cell=(20,53) sc=50265 nodes=50001 r=-1
T3[t=2056s] shard14 r3 #77 cell=(45,56) sc=50270 nodes=50001 r=-1
T3[t=2057s] shard2 r3 #81 cell=(12,63) sc=50265 nodes=50001 r=-1
sweep shard2 round3 done (budget 50000)
T3[t=2058s] shard1 r3 #72 cell=(37,78) sc=50253 nodes=50001 r=-1
T3[t=2058s] shard7 r4 #40 cell=(15,30) sc=50268 nodes=50001 r=-1
T3[t=2058s] shard12 r2 #37 cell=(215,49) sc=50270 nodes=59916 r=0
T3[t=2058s] shard4 r4 #30 cell=(49,59) sc=50268 nodes=50001 r=-1
T3[t=2058s] shard11 r4 #61 cell=(32,63) sc=50268 nodes=50001 r=-1
T3[t=2058s] shard6 r2 #28 cell=(239,61) sc=50268 nodes=62275 r=0
T3[t=2059s] shard8 r4 #17 cell=(43,67) sc=50271 nodes=50001 r=-1
T3[t=2061s] shard5 r4 #71 cell=(35,58) sc=50278 nodes=50001 r=-1
T3[t=2061s] shard10 r3 #81 cell=(45,74) sc=50255 nodes=50001 r=-1
T3[t=2062s] shard14 r3 #81 cell=(47,68) sc=50255 nodes=50001 r=-1
T3[t=2062s] shard2 r4 #0 cell=(40,59) sc=50269 nodes=50001 r=-1
T3[t=2063s] shard13 r5 #17 cell=(33,69) sc=50261 nodes=100001 r=-1
T3[t=2063s] shard1 r3 #73 cell=(14,27) sc=50271 nodes=50001 r=-1
T3[t=2064s] shard7 r4 #46 cell=(24,51) sc=50277 nodes=50001 r=-1
T3[t=2064s] shard4 r4 #31 cell=(51,61) sc=50271 nodes=50001 r=-1
T3[t=2064s] shard9 r2 #32 cell=(200,58) sc=50265 nodes=100001 r=-1
T3[t=2064s] shard11 r4 #63 cell=(11,66) sc=50273 nodes=50001 r=-1
T3[t=2064s] shard15 r2 #28 cell=(110,92) sc=50265 nodes=74145 r=0
T3[t=2066s] shard5 r4 #73 cell=(18,65) sc=50273 nodes=50001 r=-1
T3[t=2067s] shard10 r3 #84 cell=(18,37) sc=50269 nodes=50001 r=-1
sweep shard10 round3 done (budget 50000)
T3[t=2067s] shard0 r2 #28 cell=(25,67) sc=50261 nodes=100001 r=-1
T3[t=2067s] shard14 r3 #84 cell=(4,75) sc=50266 nodes=50001 r=-1
sweep shard14 round3 done (budget 50000)
T3[t=2067s] shard2 r4 #2 cell=(27,49) sc=50272 nodes=50001 r=-1
T3[t=2069s] shard1 r3 #75 cell=(15,36) sc=50270 nodes=50001 r=-1
T3[t=2069s] shard3 r2 #29 cell=(23,61) sc=50266 nodes=100001 r=-1
T3[t=2069s] shard7 r4 #48 cell=(36,53) sc=50261 nodes=50001 r=-1
T3[t=2070s] shard6 r2 #29 cell=(41,63) sc=50270 nodes=100001 r=-1
T3[t=2071s] shard10 r4 #0 cell=(203,69) sc=50266 nodes=50001 r=-1
T3[t=2071s] shard4 r4 #35 cell=(37,73) sc=50268 nodes=50001 r=-1
T3[t=2072s] shard5 r4 #74 cell=(43,66) sc=50276 nodes=50001 r=-1
T3[t=2073s] shard14 r4 #1 cell=(22,48) sc=50272 nodes=50001 r=-1
T3[t=2073s] shard2 r4 #6 cell=(37,59) sc=50266 nodes=50001 r=-1
T3[t=2073s] shard12 r2 #38 cell=(32,58) sc=50264 nodes=100001 r=-1
T3[t=2074s] shard11 r4 #64 cell=(198,67) sc=50267 nodes=50001 r=-1
T3[t=2075s] shard7 r4 #50 cell=(49,58) sc=50279 nodes=50001 r=-1
T3[t=2075s] shard1 r3 #79 cell=(12,61) sc=50265 nodes=50001 r=-1
T3[t=2076s] shard15 r2 #30 cell=(11,33) sc=50267 nodes=100001 r=-1
T3[t=2077s] shard8 r4 #18 cell=(17,69) sc=50270 nodes=50001 r=-1
T3[t=2077s] shard0 r2 #29 cell=(23,27) sc=50265 nodes=100001 r=-1
T3[t=2077s] shard5 r4 #76 cell=(11,76) sc=50265 nodes=50001 r=-1
T3[t=2077s] shard11 r4 #65 cell=(42,71) sc=50263 nodes=50001 r=-1
T3[t=2078s] shard3 r2 #30 cell=(188,62) sc=50272 nodes=100001 r=-1
T3[t=2079s] shard2 r4 #7 cell=(13,61) sc=50266 nodes=50001 r=-1
T3[t=2080s] shard7 r4 #51 cell=(52,59) sc=50268 nodes=50001 r=-1
T3[t=2080s] shard9 r2 #33 cell=(22,62) sc=50267 nodes=100001 r=-1
T3[t=2081s] shard10 r4 #2 cell=(52,64) sc=50273 nodes=50001 r=-1
T3[t=2081s] shard1 r3 #82 cell=(34,67) sc=50273 nodes=50001 r=-1
T3[t=2082s] shard8 r4 #20 cell=(40,70) sc=50262 nodes=50001 r=-1
T3[t=2083s] shard14 r4 #3 cell=(36,56) sc=50269 nodes=50001 r=-1
T3[t=2083s] shard5 r4 #83 cell=(40,71) sc=50263 nodes=50001 r=-1
T3[t=2083s] shard11 r4 #71 cell=(28,35) sc=50276 nodes=50001 r=-1
T3[t=2083s] shard13 r5 #18 cell=(45,71) sc=50270 nodes=100001 r=-1
T3[t=2083s] shard12 r2 #39 cell=(206,64) sc=50271 nodes=99726 r=0
T3[t=2084s] shard2 r4 #8 cell=(47,61) sc=50271 nodes=50001 r=-1
T3[t=2085s] shard4 r4 #37 cell=(39,63) sc=50275 nodes=50001 r=-1
T3[t=2086s] shard7 r4 #53 cell=(24,61) sc=50265 nodes=50001 r=-1
T3[t=2086s] shard1 r3 #84 cell=(44,73) sc=50257 nodes=50001 r=-1
T3[t=2086s] shard10 r4 #4 cell=(32,42) sc=50271 nodes=50001 r=-1
T3[t=2087s] shard15 r2 #31 cell=(213,35) sc=50272 nodes=100001 r=-1
T3[t=2087s] shard6 r2 #30 cell=(44,66) sc=50275 nodes=100001 r=-1
T3[t=2088s] shard14 r4 #5 cell=(29,59) sc=50265 nodes=50001 r=-1
T3[t=2089s] shard5 r4 #84 cell=(38,83) sc=50260 nodes=50001 r=-1
T3[t=2089s] shard11 r4 #77 cell=(9,68) sc=50264 nodes=50001 r=-1
T3[t=2090s] shard2 r4 #12 cell=(33,67) sc=50264 nodes=50001 r=-1
T3[t=2091s] shard7 r4 #56 cell=(41,66) sc=50276 nodes=50001 r=-1
T3[t=2091s] shard8 r4 #29 cell=(26,64) sc=50259 nodes=50001 r=-1
T3[t=2092s] shard0 r2 #30 cell=(87,33) sc=50257 nodes=100001 r=-1
T3[t=2092s] shard1 r3 #89 cell=(36,59) sc=50266 nodes=50001 r=-1
sweep shard1 round3 done (budget 50000)
T3[t=2092s] shard10 r4 #7 cell=(30,56) sc=50267 nodes=50001 r=-1
T3[t=2092s] shard4 r4 #38 cell=(38,71) sc=50268 nodes=50001 r=-1
T3[t=2093s] shard13 r5 #20 cell=(13,73) sc=50256 nodes=100001 r=-1
T3[t=2093s] shard9 r2 #34 cell=(4,68) sc=50269 nodes=99754 r=0
T3[t=2093s] shard5 r4 #85 cell=(38,73) sc=50269 nodes=50001 r=-1
T3[t=2094s] shard11 r4 #78 cell=(36,69) sc=50265 nodes=50001 r=-1
T3[t=2095s] shard2 r4 #13 cell=(46,68) sc=50255 nodes=50001 r=-1
T3[t=2096s] shard6 r2 #32 cell=(219,97) sc=50271 nodes=100001 r=-1
T3[t=2096s] shard15 r2 #32 cell=(207,45) sc=50272 nodes=100001 r=-1
T3[t=2096s] shard7 r4 #58 cell=(39,70) sc=50264 nodes=50001 r=-1
T3[t=2096s] shard14 r4 #7 cell=(42,64) sc=50267 nodes=50001 r=-1
T3[t=2096s] shard8 r4 #31 cell=(52,66) sc=50271 nodes=50001 r=-1
T3[t=2096s] shard1 r4 #6 cell=(26,48) sc=50274 nodes=50001 r=-1
T3[t=2097s] shard4 r4 #41 cell=(21,54) sc=50263 nodes=50001 r=-1
T3[t=2098s] shard0 r2 #31 cell=(198,50) sc=50266 nodes=75587 r=0
T3[t=2098s] shard5 r4 #87 cell=(202,59) sc=50262 nodes=50001 r=-1
T3[t=2098s] shard3 r2 #31 cell=(11,65) sc=50263 nodes=100001 r=-1
T3[t=2099s] shard11 r4 #79 cell=(45,72) sc=50257 nodes=50001 r=-1
T3[t=2101s] shard7 r4 #59 cell=(202,71) sc=50269 nodes=50001 r=-1
T3[t=2101s] shard12 r2 #40 cell=(18,70) sc=50260 nodes=100001 r=-1
T3[t=2102s] shard10 r4 #9 cell=(36,62) sc=50268 nodes=50001 r=-1
T3[t=2102s] shard1 r4 #7 cell=(25,49) sc=50273 nodes=50001 r=-1
T3[t=2102s] shard8 r4 #35 cell=(18,58) sc=50260 nodes=50001 r=-1
T3[t=2103s] shard4 r4 #43 cell=(25,26) sc=50261 nodes=50001 r=-1
T3[t=2103s] shard14 r4 #10 cell=(37,69) sc=50257 nodes=50001 r=-1
T3[t=2103s] shard5 r4 #89 cell=(26,69) sc=50263 nodes=50001 r=-1
sweep shard5 round4 done (budget 50000)
T3[t=2103s] shard2 r4 #15 cell=(45,69) sc=50256 nodes=50001 r=-1
T3[t=2104s] shard13 r5 #25 cell=(31,45) sc=50269 nodes=100001 r=-1
T3[t=2105s] shard6 r2 #33 cell=(192,76) sc=50267 nodes=100001 r=-1
T3[t=2105s] shard11 r4 #83 cell=(12,25) sc=50265 nodes=50001 r=-1
T3[t=2106s] shard9 r2 #35 cell=(24,72) sc=50278 nodes=100001 r=-1
T3[t=2107s] shard7 r4 #67 cell=(27,38) sc=50271 nodes=50001 r=-1
T3[t=2108s] shard15 r2 #33 cell=(28,54) sc=50263 nodes=100001 r=-1
T3[t=2108s] shard0 r2 #32 cell=(215,53) sc=50268 nodes=90015 r=0
T3[t=2108s] shard14 r4 #12 cell=(205,73) sc=50272 nodes=50001 r=-1
T3[t=2108s] shard8 r4 #43 cell=(21,42) sc=50264 nodes=50001 r=-1
T3[t=2109s] shard4 r4 #47 cell=(15,38) sc=50270 nodes=50001 r=-1
T3[t=2111s] shard11 r4 #84 cell=(11,36) sc=50272 nodes=50001 r=-1
T3[t=2111s] shard1 r4 #9 cell=(48,56) sc=50268 nodes=50001 r=-1
T3[t=2112s] shard12 r2 #41 cell=(214,94) sc=50260 nodes=100001 r=-1
T3[t=2112s] shard10 r4 #11 cell=(10,66) sc=50272 nodes=50001 r=-1
T3[t=2112s] shard3 r2 #32 cell=(37,67) sc=50265 nodes=100001 r=-1
T3[t=2113s] shard7 r4 #68 cell=(22,51) sc=50274 nodes=50001 r=-1
T3[t=2114s] shard14 r4 #15 cell=(23,49) sc=50270 nodes=50001 r=-1
T3[t=2114s] shard8 r4 #44 cell=(32,43) sc=50267 nodes=50001 r=-1
T3[t=2115s] shard4 r4 #54 cell=(48,57) sc=50267 nodes=50001 r=-1
T3[t=2116s] shard13 r5 #27 cell=(47,57) sc=50275 nodes=100001 r=-1
T3[t=2117s] shard5 r5 #0 cell=(37,65) sc=50257 nodes=100001 r=-1
T3[t=2117s] shard2 r4 #18 cell=(42,72) sc=50254 nodes=50001 r=-1
T3[t=2117s] shard11 r4 #91 cell=(23,44) sc=50271 nodes=50001 r=-1
T3[t=2117s] shard6 r2 #34 cell=(13,35) sc=50267 nodes=100001 r=-1
T3[t=2118s] shard1 r4 #10 cell=(31,57) sc=50267 nodes=50001 r=-1
T3[t=2118s] shard9 r2 #36 cell=(7,83) sc=50274 nodes=100001 r=-1
T3[t=2118s] shard10 r4 #14 cell=(41,71) sc=50261 nodes=50001 r=-1
T3[t=2119s] shard7 r4 #71 cell=(42,63) sc=50264 nodes=50001 r=-1
T3[t=2119s] shard14 r4 #16 cell=(36,52) sc=50271 nodes=50001 r=-1
T3[t=2120s] shard4 r4 #57 cell=(184,63) sc=50263 nodes=50001 r=-1
T3[t=2120s] shard8 r4 #47 cell=(27,50) sc=50271 nodes=50001 r=-1
T3[t=2123s] shard10 r4 #15 cell=(194,74) sc=50273 nodes=50001 r=-1
T3[t=2123s] shard15 r2 #34 cell=(27,59) sc=50263 nodes=99569 r=0
T3[t=2123s] shard11 r4 #93 cell=(37,60) sc=50266 nodes=50001 r=-1
T3[t=2123s] shard12 r2 #42 cell=(205,45) sc=50264 nodes=100001 r=-1
T3[t=2124s] shard2 r4 #30 cell=(35,67) sc=50267 nodes=50001 r=-1
T3[t=2124s] shard14 r4 #17 cell=(196,60) sc=50264 nodes=50001 r=-1
T3[t=2124s] shard0 r2 #33 cell=(13,65) sc=50272 nodes=68782 r=0
T3[t=2124s] shard7 r4 #72 cell=(26,65) sc=50260 nodes=50001 r=-1
T3[t=2126s] shard4 r4 #58 cell=(32,65) sc=50254 nodes=50001 r=-1
T3[t=2126s] shard8 r4 #49 cell=(25,56) sc=50273 nodes=50001 r=-1
T3[t=2127s] shard13 r5 #31 cell=(39,53) sc=50263 nodes=100001 r=-1
T3[t=2128s] shard5 r5 #3 cell=(26,54) sc=50268 nodes=100001 r=-1
T3[t=2129s] shard10 r4 #19 cell=(22,60) sc=50265 nodes=50001 r=-1
T3[t=2129s] shard11 r4 #94 cell=(20,37) sc=50267 nodes=50001 r=-1
sweep shard11 round4 done (budget 50000)
T3[t=2130s] shard7 r4 #73 cell=(45,66) sc=50274 nodes=50001 r=-1
T3[t=2130s] shard2 r4 #34 cell=(45,57) sc=50271 nodes=50001 r=-1
T3[t=2131s] shard1 r4 #14 cell=(46,64) sc=50272 nodes=50001 r=-1
T3[t=2132s] shard8 r4 #51 cell=(16,59) sc=50265 nodes=50001 r=-1
T3[t=2132s] shard4 r4 #60 cell=(33,66) sc=50268 nodes=50001 r=-1
T3[t=2132s] shard12 r2 #43 cell=(191,77) sc=50268 nodes=100001 r=-1
T3[t=2132s] shard14 r4 #18 cell=(42,62) sc=50273 nodes=50001 r=-1
T3[t=2133s] shard3 r2 #33 cell=(36,68) sc=50271 nodes=100001 r=-1
T3[t=2134s] shard6 r2 #35 cell=(86,42) sc=50265 nodes=100001 r=-1
T3[t=2134s] shard0 r2 #34 cell=(196,70) sc=50271 nodes=100001 r=-1
T3[t=2136s] shard9 r2 #37 cell=(106,90) sc=50272 nodes=100001 r=-1
T3[t=2136s] shard2 r4 #35 cell=(45,61) sc=50269 nodes=50001 r=-1
T3[t=2136s] shard1 r4 #25 cell=(203,43) sc=50263 nodes=50001 r=-1
T3[t=2136s] shard7 r4 #74 cell=(10,69) sc=50267 nodes=50001 r=-1
T3[t=2137s] shard14 r4 #20 cell=(183,65) sc=50267 nodes=50001 r=-1
T3[t=2137s] shard4 r4 #61 cell=(203,66) sc=50277 nodes=50001 r=-1
T3[t=2138s] shard8 r4 #52 cell=(26,61) sc=50266 nodes=50001 r=-1
T3[t=2138s] shard13 r5 #34 cell=(47,60) sc=50269 nodes=100001 r=-1
T3[t=2140s] shard5 r5 #5 cell=(42,58) sc=50255 nodes=100001 r=-1
T3[t=2140s] shard10 r4 #20 cell=(31,65) sc=50255 nodes=50001 r=-1
T3[t=2140s] shard11 r5 #7 cell=(36,42) sc=50269 nodes=100001 r=-1
T3[t=2141s] shard1 r4 #26 cell=(22,50) sc=50270 nodes=50001 r=-1
T3[t=2142s] shard15 r2 #35 cell=(16,66) sc=50262 nodes=100001 r=-1
T3[t=2142s] shard2 r4 #36 cell=(13,69) sc=50267 nodes=50001 r=-1
T3[t=2142s] shard7 r4 #76 cell=(19,30) sc=50266 nodes=50001 r=-1
T3[t=2143s] shard4 r4 #62 cell=(11,68) sc=50262 nodes=50001 r=-1
T3[t=2145s] shard8 r4 #53 cell=(28,63) sc=50269 nodes=50001 r=-1
T3[t=2145s] shard14 r4 #23 cell=(43,69) sc=50251 nodes=50001 r=-1
T3[t=2148s] shard2 r4 #37 cell=(39,73) sc=50270 nodes=50001 r=-1
T3[t=2148s] shard3 r2 #34 cell=(13,87) sc=50267 nodes=100001 r=-1
T3[t=2148s] shard12 r2 #44 cell=(38,62) sc=50266 nodes=100001 r=-1
T3[t=2148s] shard6 r2 #36 cell=(43,55) sc=50271 nodes=100001 r=-1
T3[t=2148s] shard7 r4 #77 cell=(33,48) sc=50276 nodes=50001 r=-1
T3[t=2149s] shard4 r4 #64 cell=(35,70) sc=50267 nodes=50001 r=-1
T3[t=2149s] shard0 r2 #35 cell=(115,75) sc=50272 nodes=91680 r=0
T3[t=2149s] shard5 r5 #10 cell=(187,63) sc=50266 nodes=100001 r=-1
T3[t=2150s] shard9 r2 #39 cell=(20,58) sc=50263 nodes=100001 r=-1
T3[t=2150s] shard13 r5 #42 cell=(32,55) sc=50263 nodes=100001 r=-1
T3[t=2150s] shard8 r4 #55 cell=(42,65) sc=50260 nodes=50001 r=-1
T3[t=2151s] shard1 r4 #31 cell=(34,68) sc=50262 nodes=50001 r=-1
T3[t=2151s] shard11 r5 #16 cell=(23,59) sc=50260 nodes=100001 r=-1
T3[t=2152s] shard14 r4 #29 cell=(107,32) sc=50261 nodes=50001 r=-1
T3[t=2153s] shard2 r4 #38 cell=(30,54) sc=50262 nodes=50001 r=-1
T3[t=2154s] shard15 r2 #36 cell=(23,73) sc=50268 nodes=95936 r=0
T3[t=2154s] shard7 r4 #81 cell=(52,63) sc=50271 nodes=50001 r=-1
T3[t=2154s] shard10 r4 #21 cell=(35,69) sc=50259 nodes=50001 r=-1
T3[t=2155s] shard4 r4 #66 cell=(37,74) sc=50264 nodes=50001 r=-1
T3[t=2156s] shard12 r2 #45 cell=(209,39) sc=50276 nodes=51093 r=0
T3[t=2156s] shard1 r4 #35 cell=(29,51) sc=50271 nodes=50001 r=-1
T3[t=2157s] shard8 r4 #56 cell=(8,67) sc=50260 nodes=50001 r=-1
T3[t=2157s] shard9 r2 #42 cell=(12,80) sc=50271 nodes=54770 r=0
T3[t=2158s] shard6 r2 #37 cell=(203,61) sc=50268 nodes=86591 r=0
T3[t=2158s] shard0 r2 #37 cell=(188,78) sc=50272 nodes=100001 r=-1
T3[t=2158s] shard14 r4 #32 cell=(21,28) sc=50267 nodes=50001 r=-1
T3[t=2160s] shard2 r4 #42 cell=(18,29) sc=50263 nodes=50001 r=-1
T3[t=2160s] shard7 r4 #82 cell=(52,71) sc=50266 nodes=50001 r=-1
T3[t=2161s] shard4 r4 #70 cell=(10,29) sc=50269 nodes=50001 r=-1
T3[t=2162s] shard1 r4 #36 cell=(39,59) sc=50268 nodes=50001 r=-1
T3[t=2162s] shard13 r5 #43 cell=(33,56) sc=50264 nodes=100001 r=-1
T3[t=2163s] shard8 r4 #68 cell=(34,51) sc=50260 nodes=50001 r=-1
T3[t=2164s] shard10 r4 #22 cell=(44,72) sc=50252 nodes=50001 r=-1
T3[t=2164s] shard14 r4 #33 cell=(9,36) sc=50268 nodes=50001 r=-1
T3[t=2165s] shard9 r2 #43 cell=(217,23) sc=50266 nodes=53087 r=0
T3[t=2166s] shard2 r4 #49 cell=(29,46) sc=50273 nodes=50001 r=-1
T3[t=2166s] shard15 r2 #37 cell=(6,86) sc=50275 nodes=100001 r=-1
T3[t=2166s] shard3 r2 #38 cell=(66,34) sc=50271 nodes=100001 r=-1
T3[t=2166s] shard7 r4 #84 cell=(20,35) sc=50270 nodes=50001 r=-1
T3[t=2166s] shard6 r2 #38 cell=(108,92) sc=50267 nodes=61946 r=0
T3[t=2167s] shard11 r5 #18 cell=(33,61) sc=50270 nodes=100001 r=-1
T3[t=2167s] shard4 r4 #73 cell=(25,50) sc=50274 nodes=50001 r=-1
T3[t=2169s] shard5 r5 #11 cell=(30,64) sc=50267 nodes=100001 r=-1
T3[t=2169s] shard8 r4 #69 cell=(54,53) sc=50276 nodes=50001 r=-1
T3[t=2169s] shard10 r4 #25 cell=(35,43) sc=50266 nodes=50001 r=-1
T3[t=2169s] shard0 r2 #38 cell=(12,29) sc=50267 nodes=100001 r=-1
T3[t=2171s] shard14 r4 #34 cell=(28,37) sc=50264 nodes=50001 r=-1
T3[t=2171s] shard12 r2 #46 cell=(36,72) sc=50268 nodes=100001 r=-1
T3[t=2172s] shard2 r4 #50 cell=(27,48) sc=50273 nodes=50001 r=-1
T3[t=2172s] shard7 r4 #85 cell=(21,38) sc=50268 nodes=50001 r=-1
sweep shard7 round4 done (budget 50000)
T3[t=2172s] shard13 r5 #46 cell=(45,62) sc=50272 nodes=100001 r=-1
T3[t=2173s] shard4 r4 #77 cell=(37,68) sc=50268 nodes=50001 r=-1
T3[t=2175s] shard8 r4 #72 cell=(11,62) sc=50266 nodes=50001 r=-1
T3[t=2175s] shard10 r4 #35 cell=(32,61) sc=50270 nodes=50001 r=-1
T3[t=2177s] shard9 r2 #44 cell=(19,43) sc=50264 nodes=100001 r=-1
T3[t=2177s] shard14 r4 #35 cell=(27,40) sc=50265 nodes=50001 r=-1
T3[t=2178s] shard2 r4 #53 cell=(49,56) sc=50267 nodes=50001 r=-1
T3[t=2179s] shard11 r5 #23 cell=(31,69) sc=50263 nodes=100001 r=-1
T3[t=2180s] shard6 r2 #39 cell=(21,43) sc=50270 nodes=100001 r=-1
T3[t=2181s] shard15 r2 #39 cell=(44,36) sc=50261 nodes=100001 r=-1
T3[t=2181s] shard8 r4 #73 cell=(3,68) sc=50270 nodes=50001 r=-1
T3[t=2181s] shard10 r4 #42 cell=(37,52) sc=50276 nodes=50001 r=-1
T3[t=2181s] shard0 r2 #39 cell=(12,35) sc=50266 nodes=100001 r=-1
T3[t=2182s] shard4 r4 #78 cell=(203,70) sc=50271 nodes=50001 r=-1
T3[t=2182s] shard12 r2 #47 cell=(41,60) sc=50270 nodes=100001 r=-1
T3[t=2183s] shard14 r4 #37 cell=(29,44) sc=50272 nodes=50001 r=-1
T3[t=2183s] shard7 r5 #1 cell=(31,43) sc=50266 nodes=100001 r=-1
T3[t=2184s] shard2 r4 #54 cell=(34,57) sc=50260 nodes=50001 r=-1
T3[t=2184s] shard1 r4 #38 cell=(15,65) sc=50259 nodes=50001 r=-1
T3[t=2184s] shard13 r5 #47 cell=(34,63) sc=50266 nodes=100001 r=-1
T3[t=2185s] shard3 r2 #39 cell=(89,47) sc=50267 nodes=100001 r=-1
T3[t=2187s] shard8 r4 #79 cell=(26,45) sc=50274 nodes=50001 r=-1
T3[t=2187s] shard10 r4 #44 cell=(51,54) sc=50278 nodes=50001 r=-1
T3[t=2187s] shard4 r4 #80 cell=(38,81) sc=50259 nodes=50001 r=-1
T3[t=2188s] shard14 r4 #38 cell=(32,45) sc=50268 nodes=50001 r=-1
T3[t=2189s] shard2 r4 #55 cell=(33,58) sc=50258 nodes=50001 r=-1
T3[t=2190s] shard1 r4 #43 cell=(38,72) sc=50270 nodes=50001 r=-1
T3[t=2190s] shard9 r2 #45 cell=(36,64) sc=50267 nodes=100001 r=-1
T3[t=2191s] shard15 r2 #40 cell=(196,40) sc=50275 nodes=100001 r=-1
T3[t=2191s] shard5 r5 #14 cell=(34,66) sc=50264 nodes=100001 r=-1
T3[t=2193s] shard10 r4 #46 cell=(208,57) sc=50257 nodes=50001 r=-1
T3[t=2193s] shard8 r4 #81 cell=(27,60) sc=50267 nodes=50001 r=-1
T3[t=2193s] shard12 r2 #48 cell=(216,27) sc=50268 nodes=100001 r=-1
T3[t=2193s] shard4 r4 #84 cell=(37,66) sc=50270 nodes=50001 r=-1
sweep shard4 round4 done (budget 50000)
T3[t=2194s] shard6 r2 #40 cell=(51,63) sc=50275 nodes=100001 r=-1
T3[t=2194s] shard7 r5 #3 cell=(26,50) sc=50270 nodes=100001 r=-1
T3[t=2195s] shard14 r4 #39 cell=(24,47) sc=50272 nodes=50001 r=-1
T3[t=2195s] shard2 r4 #56 cell=(15,60) sc=50271 nodes=50001 r=-1
T3[t=2196s] shard1 r4 #47 cell=(14,29) sc=50265 nodes=50001 r=-1
T3[t=2196s] shard13 r5 #48 cell=(41,64) sc=50270 nodes=100001 r=-1
T3[t=2198s] shard15 r2 #41 cell=(188,50) sc=50273 nodes=64784 r=0
T3[t=2198s] shard11 r5 #24 cell=(44,70) sc=50261 nodes=100001 r=-1
T3[t=2199s] shard8 r4 #82 cell=(14,67) sc=50271 nodes=50001 r=-1
sweep shard8 round4 done (budget 50000)
T3[t=2199s] shard10 r4 #48 cell=(20,59) sc=50270 nodes=50001 r=-1
T3[t=2200s] shard3 r2 #41 cell=(36,54) sc=50261 nodes=100001 r=-1
T3[t=2200s] shard0 r2 #40 cell=(93,40) sc=50269 nodes=100001 r=-1
T3[t=2201s] shard2 r4 #57 cell=(46,63) sc=50272 nodes=50001 r=-1
T3[t=2201s] shard14 r4 #44 cell=(18,57) sc=50264 nodes=50001 r=-1
T3[t=2202s] shard1 r4 #51 cell=(33,44) sc=50271 nodes=50001 r=-1
T3[t=2203s] shard6 r2 #41 cell=(211,15) sc=50265 nodes=76999 r=0
T3[t=2204s] shard4 r5 #6 cell=(26,52) sc=50274 nodes=100001 r=-1
T3[t=2204s] shard12 r2 #49 cell=(199,32) sc=50274 nodes=100001 r=-1
T3[t=2205s] shard10 r4 #50 cell=(30,63) sc=50270 nodes=50001 r=-1
T3[t=2205s] shard9 r2 #47 cell=(48,64) sc=50263 nodes=100001 r=-1
T3[t=2205s] shard7 r5 #4 cell=(32,54) sc=50272 nodes=100001 r=-1
T3[t=2207s] shard2 r4 #59 cell=(31,66) sc=50260 nodes=50001 r=-1
T3[t=2207s] shard14 r4 #46 cell=(36,61) sc=50266 nodes=50001 r=-1
T3[t=2208s] shard13 r5 #56 cell=(37,80) sc=50255 nodes=100001 r=-1
T3[t=2208s] shard1 r4 #53 cell=(32,47) sc=50272 nodes=50001 r=-1
T3[t=2208s] shard15 r2 #42 cell=(190,56) sc=50267 nodes=76099 r=0
T3[t=2209s] shard8 r5 #5 cell=(25,51) sc=50266 nodes=100001 r=-1
T3[t=2210s] shard11 r5 #25 cell=(8,72) sc=50266 nodes=100001 r=-1
T3[t=2210s] shard5 r5 #16 cell=(39,67) sc=50263 nodes=100001 r=-1
T3[t=2210s] shard10 r4 #51 cell=(37,64) sc=50263 nodes=50001 r=-1
T3[t=2212s] shard2 r4 #60 cell=(201,66) sc=50278 nodes=50001 r=-1
T3[t=2212s] shard0 r2 #41 cell=(31,44) sc=50273 nodes=100001 r=-1
T3[t=2213s] shard3 r2 #42 cell=(53,57) sc=50274 nodes=100001 r=-1
T3[t=2213s] shard14 r4 #47 cell=(47,62) sc=50271 nodes=50001 r=-1
T3[t=2214s] shard1 r4 #56 cell=(31,58) sc=50276 nodes=50001 r=-1
T3[t=2215s] shard12 r2 #50 cell=(223,34) sc=50268 nodes=100001 r=-1
T3[t=2215s] shard6 r2 #42 cell=(35,106) sc=50265 nodes=99992 r=0
T3[t=2216s] shard10 r4 #52 cell=(46,65) sc=50263 nodes=50001 r=-1
T3[t=2217s] shard2 r4 #62 cell=(38,75) sc=50259 nodes=50001 r=-1
T3[t=2218s] shard7 r5 #5 cell=(18,56) sc=50260 nodes=100001 r=-1
T3[t=2218s] shard14 r4 #48 cell=(38,63) sc=50264 nodes=50001 r=-1
T3[t=2219s] shard15 r2 #43 cell=(190,60) sc=50263 nodes=100001 r=-1
T3[t=2219s] shard13 r5 #59 cell=(25,24) sc=50263 nodes=100001 r=-1
T3[t=2220s] shard1 r4 #57 cell=(10,61) sc=50277 nodes=50001 r=-1
T3[t=2221s] shard11 r5 #35 cell=(29,45) sc=50271 nodes=100001 r=-1
T3[t=2221s] shard8 r5 #6 cell=(34,52) sc=50273 nodes=100001 r=-1
T3[t=2221s] shard4 r5 #7 cell=(36,58) sc=50277 nodes=100001 r=-1
T3[t=2222s] shard5 r5 #18 cell=(36,70) sc=50264 nodes=100001 r=-1
T3[t=2222s] shard9 r2 #48 cell=(36,74) sc=50262 nodes=100001 r=-1
T3[t=2222s] shard10 r4 #55 cell=(43,70) sc=50261 nodes=50001 r=-1
T3[t=2223s] shard0 r2 #42 cell=(23,46) sc=50272 nodes=100001 r=-1
T3[t=2224s] shard2 r4 #63 cell=(10,77) sc=50263 nodes=50001 r=-1
T3[t=2225s] shard14 r4 #49 cell=(11,64) sc=50272 nodes=50001 r=-1
T3[t=2226s] shard1 r4 #58 cell=(46,61) sc=50270 nodes=50001 r=-1
T3[t=2226s] shard6 r2 #43 cell=(215,54) sc=50269 nodes=100001 r=-1
T3[t=2226s] shard12 r2 #51 cell=(216,35) sc=50263 nodes=100001 r=-1
T3[t=2228s] shard3 r2 #43 cell=(43,59) sc=50254 nodes=100001 r=-1
T3[t=2228s] shard15 r2 #44 cell=(184,68) sc=50268 nodes=100001 r=-1
T3[t=2228s] shard10 r4 #63 cell=(22,41) sc=50275 nodes=50001 r=-1
T3[t=2230s] shard2 r4 #64 cell=(17,36) sc=50268 nodes=50001 r=-1
T3[t=2231s] shard13 r5 #61 cell=(16,39) sc=50270 nodes=100001 r=-1
T3[t=2232s] shard1 r4 #60 cell=(44,63) sc=50270 nodes=50001 r=-1
T3[t=2232s] shard14 r4 #53 cell=(41,68) sc=50274 nodes=50001 r=-1
T3[t=2232s] shard5 r5 #28 cell=(28,50) sc=50274 nodes=100001 r=-1
T3[t=2232s] shard8 r5 #7 cell=(37,53) sc=50265 nodes=100001 r=-1
T3[t=2233s] shard9 r2 #49 cell=(207,16) sc=50267 nodes=100001 r=-1
T3[t=2233s] shard11 r5 #39 cell=(41,57) sc=50254 nodes=100001 r=-1
T3[t=2234s] shard7 r5 #7 cell=(15,59) sc=50266 nodes=100001 r=-1
T3[t=2234s] shard4 r5 #8 cell=(47,59) sc=50270 nodes=100001 r=-1
T3[t=2234s] shard10 r4 #64 cell=(28,45) sc=50272 nodes=50001 r=-1
T3[t=2235s] shard0 r2 #43 cell=(25,48) sc=50273 nodes=100001 r=-1
T3[t=2235s] shard3 r2 #44 cell=(222,102) sc=50266 nodes=65250 r=0
T3[t=2235s] shard15 r2 #45 cell=(5,73) sc=50272 nodes=58893 r=0
T3[t=2236s] shard2 r4 #66 cell=(23,50) sc=50269 nodes=50001 r=-1
T3[t=2237s] shard12 r2 #52 cell=(214,39) sc=50268 nodes=100001 r=-1
T3[t=2237s] shard6 r2 #44 cell=(48,71) sc=50264 nodes=100001 r=-1
T3[t=2238s] shard14 r4 #56 cell=(13,72) sc=50269 nodes=50001 r=-1
T3[t=2238s] shard1 r4 #62 cell=(200,65) sc=50269 nodes=50001 r=-1
T3[t=2241s] shard10 r4 #66 cell=(36,51) sc=50262 nodes=50001 r=-1
T3[t=2242s] shard2 r4 #71 cell=(10,65) sc=50269 nodes=50001 r=-1
T3[t=2243s] shard13 r5 #63 cell=(22,49) sc=50276 nodes=100001 r=-1
T3[t=2243s] shard6 r2 #45 cell=(238,37) sc=50266 nodes=52355 r=0
T3[t=2243s] shard1 r4 #64 cell=(199,66) sc=50268 nodes=50001 r=-1
T3[t=2243s] shard5 r5 #29 cell=(21,53) sc=50268 nodes=100001 r=-1
T3[t=2244s] shard8 r5 #8 cell=(34,54) sc=50269 nodes=100001 r=-1
T3[t=2244s] shard14 r4 #58 cell=(6,75) sc=50265 nodes=50001 r=-1
T3[t=2244s] shard4 r5 #9 cell=(187,61) sc=50264 nodes=100001 r=-1
T3[t=2244s] shard15 r2 #46 cell=(184,78) sc=50272 nodes=100001 r=-1
T3[t=2245s] shard7 r5 #8 cell=(28,62) sc=50266 nodes=100001 r=-1
T3[t=2245s] shard11 r5 #40 cell=(45,65) sc=50264 nodes=100001 r=-1
T3[t=2247s] shard10 r4 #68 cell=(36,57) sc=50258 nodes=50001 r=-1
T3[t=2247s] shard0 r2 #44 cell=(24,49) sc=50276 nodes=100001 r=-1
T3[t=2248s] shard2 r4 #72 cell=(25,66) sc=50260 nodes=50001 r=-1
T3[t=2248s] shard1 r4 #66 cell=(45,68) sc=50254 nodes=50001 r=-1
T3[t=2248s] shard3 r2 #45 cell=(22,74) sc=50267 nodes=100001 r=-1
T3[t=2248s] shard12 r2 #53 cell=(27,44) sc=50270 nodes=100001 r=-1
T3[t=2251s] shard14 r4 #64 cell=(24,25) sc=50274 nodes=50001 r=-1
T3[t=2251s] shard9 r2 #50 cell=(85,32) sc=50271 nodes=94232 r=0
T3[t=2251s] shard15 r2 #47 cell=(15,81) sc=50270 nodes=55289 r=0
T3[t=2252s] shard10 r4 #69 cell=(201,58) sc=50264 nodes=50001 r=-1
T3[t=2254s] shard1 r4 #68 cell=(44,69) sc=50257 nodes=50001 r=-1
T3[t=2254s] shard2 r4 #73 cell=(35,68) sc=50266 nodes=50001 r=-1
T3[t=2255s] shard6 r2 #46 cell=(31,48) sc=50270 nodes=100001 r=-1
T3[t=2255s] shard13 r5 #66 cell=(33,62) sc=50276 nodes=100001 r=-1
T3[t=2255s] shard12 r2 #54 cell=(253,44) sc=50270 nodes=56519 r=0
T3[t=2257s] shard8 r5 #10 cell=(50,58) sc=50269 nodes=100001 r=-1
T3[t=2257s] shard11 r5 #49 cell=(38,64) sc=50264 nodes=100001 r=-1
T3[t=2257s] shard14 r4 #69 cell=(27,54) sc=50262 nodes=50001 r=-1
T3[t=2257s] shard0 r2 #45 cell=(203,50) sc=50265 nodes=100001 r=-1
T3[t=2258s] shard4 r5 #10 cell=(24,62) sc=50262 nodes=100001 r=-1
T3[t=2258s] shard10 r4 #73 cell=(5,68) sc=50273 nodes=50001 r=-1
T3[t=2259s] shard5 r5 #30 cell=(50,56) sc=50271 nodes=100001 r=-1
T3[t=2260s] shard2 r4 #78 cell=(14,37) sc=50269 nodes=50001 r=-1
T3[t=2260s] shard1 r4 #72 cell=(37,78) sc=50253 nodes=50001 r=-1
T3[t=2261s] shard15 r2 #48 cell=(202,88) sc=50278 nodes=96472 r=0
T3[t=2263s] shard14 r4 #71 cell=(22,59) sc=50261 nodes=50001 r=-1
T3[t=2263s] shard9 r2 #51 cell=(10,37) sc=50277 nodes=100001 r=-1
T3[t=2264s] shard10 r4 #74 cell=(17,74) sc=50259 nodes=50001 r=-1
T3[t=2265s] shard3 r2 #47 cell=(72,28) sc=50257 nodes=100001 r=-1
T3[t=2266s] shard13 r5 #67 cell=(203,64) sc=50261 nodes=100001 r=-1
T3[t=2266s] shard6 r2 #47 cell=(185,66) sc=50270 nodes=100001 r=-1
T3[t=2266s] shard1 r4 #73 cell=(14,27) sc=50271 nodes=50001 r=-1
T3[t=2266s] shard2 r4 #79 cell=(30,41) sc=50265 nodes=50001 r=-1
T3[t=2267s] shard8 r5 #15 cell=(202,64) sc=50267 nodes=100001 r=-1
T3[t=2268s] shard7 r5 #11 cell=(32,64) sc=50267 nodes=100001 r=-1
T3[t=2268s] shard12 r2 #55 cell=(200,47) sc=50264 nodes=100001 r=-1
T3[t=2268s] shard11 r5 #53 cell=(24,41) sc=50273 nodes=100001 r=-1
T3[t=2269s] shard14 r4 #74 cell=(29,36) sc=50267 nodes=50001 r=-1
T3[t=2270s] shard0 r2 #46 cell=(214,51) sc=50273 nodes=100001 r=-1
T3[t=2270s] shard10 r4 #75 cell=(38,77) sc=50261 nodes=50001 r=-1
T3[t=2272s] shard1 r4 #75 cell=(15,36) sc=50270 nodes=50001 r=-1
T3[t=2272s] shard6 r2 #48 cell=(236,33) sc=50267 nodes=56523 r=0
T3[t=2272s] shard2 r4 #80 cell=(28,47) sc=50273 nodes=50001 r=-1
T3[t=2272s] shard5 r5 #33 cell=(52,68) sc=50269 nodes=100001 r=-1
T3[t=2274s] shard15 r2 #50 cell=(50,62) sc=50274 nodes=100001 r=-1
T3[t=2275s] shard9 r2 #52 cell=(26,39) sc=50267 nodes=100001 r=-1
T3[t=2275s] shard14 r4 #77 cell=(45,56) sc=50270 nodes=50001 r=-1
T3[t=2276s] shard12 r2 #59 cell=(237,56) sc=50270 nodes=63390 r=0
T3[t=2276s] shard3 r2 #48 cell=(35,102) sc=50261 nodes=89080 r=0
T3[t=2276s] shard10 r4 #76 cell=(14,83) sc=50270 nodes=50001 r=-1
T3[t=2277s] shard13 r5 #69 cell=(16,67) sc=50260 nodes=100001 r=-1
T3[t=2278s] shard1 r4 #79 cell=(12,61) sc=50265 nodes=50001 r=-1
T3[t=2278s] shard2 r4 #81 cell=(12,63) sc=50265 nodes=50001 r=-1
sweep shard2 round4 done (budget 50000)
T3[t=2279s] shard11 r5 #58 cell=(53,54) sc=50271 nodes=100001 r=-1
T3[t=2279s] shard4 r5 #11 cell=(9,63) sc=50271 nodes=100001 r=-1
T3[t=2281s] shard14 r4 #81 cell=(47,68) sc=50255 nodes=50001 r=-1
T3[t=2282s] shard5 r5 #34 cell=(204,70) sc=50259 nodes=100001 r=-1
T3[t=2282s] shard0 r2 #48 cell=(47,56) sc=50271 nodes=100001 r=-1
T3[t=2282s] shard10 r4 #78 cell=(35,60) sc=50266 nodes=50001 r=-1
T3[t=2283s] shard15 r2 #51 cell=(1,65) sc=50267 nodes=59974 r=0
T3[t=2284s] shard1 r4 #82 cell=(34,67) sc=50273 nodes=50001 r=-1
T3[t=2284s] shard12 r2 #60 cell=(17,58) sc=50269 nodes=52221 r=0
T3[t=2286s] shard7 r5 #12 cell=(41,67) sc=50261 nodes=100001 r=-1
T3[t=2286s] shard8 r5 #16 cell=(42,66) sc=50277 nodes=100001 r=-1
T3[t=2286s] shard9 r2 #53 cell=(31,42) sc=50271 nodes=100001 r=-1
T3[t=2287s] shard14 r4 #84 cell=(4,75) sc=50266 nodes=50001 r=-1
sweep shard14 round4 done (budget 50000)
T3[t=2288s] shard3 r2 #49 cell=(23,26) sc=50267 nodes=100001 r=-1
T3[t=2288s] shard6 r2 #49 cell=(86,35) sc=50266 nodes=86741 r=0
T3[t=2288s] shard2 r5 #0 cell=(40,59) sc=50269 nodes=100001 r=-1
T3[t=2288s] shard4 r5 #15 cell=(193,71) sc=50270 nodes=100001 r=-1
T3[t=2288s] shard10 r4 #79 cell=(10,31) sc=50270 nodes=50001 r=-1
T3[t=2288s] shard13 r5 #71 cell=(42,69) sc=50259 nodes=100001 r=-1
T3[t=2290s] shard1 r4 #84 cell=(44,73) sc=50257 nodes=50001 r=-1
T3[t=2291s] shard11 r5 #59 cell=(31,56) sc=50266 nodes=100001 r=-1
T3[t=2293s] shard9 r2 #54 cell=(236,43) sc=50272 nodes=55435 r=0
T3[t=2294s] shard10 r4 #80 cell=(20,53) sc=50265 nodes=50001 r=-1
T3[t=2294s] shard5 r5 #39 cell=(47,63) sc=50271 nodes=100001 r=-1
T3[t=2294s] shard0 r2 #49 cell=(30,57) sc=50267 nodes=100001 r=-1
T3[t=2294s] shard15 r2 #52 cell=(20,44) sc=50264 nodes=100001 r=-1
T3[t=2295s] shard12 r2 #62 cell=(206,59) sc=50264 nodes=100001 r=-1
T3[t=2295s] shard1 r4 #89 cell=(36,59) sc=50266 nodes=50001 r=-1
sweep shard1 round4 done (budget 50000)
T3[t=2297s] shard14 r5 #1 cell=(22,48) sc=50272 nodes=100001 r=-1
T3[t=2298s] shard7 r5 #14 cell=(11,69) sc=50265 nodes=100001 r=-1
T3[t=2298s] shard2 r5 #2 cell=(27,49) sc=50272 nodes=100001 r=-1
T3[t=2298s] shard6 r2 #50 cell=(213,36) sc=50269 nodes=100001 r=-1
T3[t=2299s] shard8 r5 #17 cell=(43,67) sc=50271 nodes=100001 r=-1
T3[t=2300s] shard10 r4 #81 cell=(45,74) sc=50255 nodes=50001 r=-1
T3[t=2302s] shard13 r5 #72 cell=(8,73) sc=50267 nodes=100001 r=-1
T3[t=2302s] shard11 r5 #60 cell=(41,62) sc=50270 nodes=100001 r=-1
T3[t=2303s] shard4 r5 #24 cell=(17,63) sc=50268 nodes=100001 r=-1
T3[t=2305s] shard3 r2 #50 cell=(72,35) sc=50268 nodes=100001 r=-1
T3[t=2305s] shard10 r4 #84 cell=(18,37) sc=50269 nodes=50001 r=-1
sweep shard10 round4 done (budget 50000)
T3[t=2305s] shard12 r2 #63 cell=(34,61) sc=50272 nodes=100001 r=-1
T3[t=2306s] shard0 r2 #50 cell=(242,59) sc=50265 nodes=100001 r=-1
T3[t=2306s] shard5 r5 #44 cell=(27,26) sc=50268 nodes=100001 r=-1
T3[t=2306s] shard9 r2 #55 cell=(215,44) sc=50269 nodes=100001 r=-1
T3[t=2306s] shard1 r5 #6 cell=(26,48) sc=50274 nodes=100001 r=-1
T3[t=2309s] shard15 r2 #53 cell=(204,46) sc=50267 nodes=100001 r=-1
T3[t=2309s] shard7 r5 #24 cell=(27,53) sc=50263 nodes=100001 r=-1
T3[t=2310s] shard2 r5 #6 cell=(37,59) sc=50266 nodes=100001 r=-1
T3[t=2311s] shard6 r2 #51 cell=(213,40) sc=50264 nodes=100001 r=-1
T3[t=2313s] shard14 r5 #3 cell=(36,56) sc=50269 nodes=100001 r=-1
T3[t=2314s] shard11 r5 #61 cell=(32,63) sc=50268 nodes=100001 r=-1
T3[t=2314s] shard13 r5 #73 cell=(10,75) sc=50265 nodes=100001 r=-1
T3[t=2314s] shard10 r5 #0 cell=(203,69) sc=50266 nodes=100001 r=-1
T3[t=2315s] shard4 r5 #26 cell=(40,66) sc=50275 nodes=100001 r=-1
T3[t=2316s] shard9 r2 #56 cell=(200,45) sc=50265 nodes=100001 r=-1
T3[t=2317s] shard1 r5 #7 cell=(25,49) sc=50273 nodes=100001 r=-1
T3[t=2317s] shard5 r5 #46 cell=(17,38) sc=50268 nodes=100001 r=-1
T3[t=2317s] shard0 r2 #51 cell=(243,60) sc=50264 nodes=100001 r=-1
T3[t=2319s] shard12 r2 #64 cell=(9,64) sc=50272 nodes=100001 r=-1
T3[t=2320s] shard15 r2 #54 cell=(14,33) sc=50268 nodes=100001 r=-1
T3[t=2322s] shard3 r2 #51 cell=(87,36) sc=50269 nodes=96520 r=0
T3[t=2323s] shard8 r5 #18 cell=(17,69) sc=50270 nodes=100001 r=-1
T3[t=2323s] shard6 r2 #52 cell=(214,41) sc=50270 nodes=100001 r=-1
T3[t=2324s] shard14 r5 #5 cell=(29,59) sc=50265 nodes=100001 r=-1
T3[t=2324s] shard7 r5 #32 cell=(49,55) sc=50271 nodes=100001 r=-1
T3[t=2325s] shard13 r5 #74 cell=(26,79) sc=50266 nodes=100001 r=-1
T3[t=2326s] shard11 r5 #63 cell=(11,66) sc=50273 nodes=100001 r=-1
T3[t=2326s] shard4 r5 #27 cell=(10,76) sc=50264 nodes=100001 r=-1
T3[t=2327s] shard9 r2 #58 cell=(207,48) sc=50275 nodes=100001 r=-1
T3[t=2327s] shard2 r5 #7 cell=(13,61) sc=50266 nodes=100001 r=-1
T3[t=2328s] shard10 r5 #2 cell=(52,64) sc=50273 nodes=100001 r=-1
T3[t=2329s] shard5 r5 #51 cell=(27,52) sc=50275 nodes=100001 r=-1
T3[t=2330s] shard12 r2 #65 cell=(239,64) sc=50274 nodes=89938 r=0
T3[t=2331s] shard0 r2 #52 cell=(161,62) sc=50272 nodes=100001 r=-1
T3[t=2331s] shard15 r2 #55 cell=(11,24) sc=50276 nodes=100001 r=-1
T3[t=2331s] shard1 r5 #9 cell=(48,56) sc=50268 nodes=100001 r=-1
T3[t=2333s] shard3 r2 #52 cell=(200,37) sc=50271 nodes=100001 r=-1
T3[t=2334s] shard8 r5 #20 cell=(40,70) sc=50262 nodes=100001 r=-1
T3[t=2336s] shard7 r5 #33 cell=(47,69) sc=50254 nodes=100001 r=-1
T3[t=2336s] shard6 r2 #53 cell=(104,45) sc=50262 nodes=65468 r=0
T3[t=2337s] shard13 r5 #76 cell=(15,26) sc=50269 nodes=100001 r=-1
T3[t=2338s] shard14 r5 #7 cell=(42,64) sc=50267 nodes=100001 r=-1
T3[t=2338s] shard9 r2 #60 cell=(26,51) sc=50275 nodes=100001 r=-1
T3[t=2340s] shard2 r5 #8 cell=(47,61) sc=50271 nodes=100001 r=-1
T3[t=2340s] shard10 r5 #4 cell=(32,42) sc=50271 nodes=100001 r=-1
T3[t=2340s] shard11 r5 #64 cell=(198,67) sc=50267 nodes=100001 r=-1
T3[t=2340s] shard5 r5 #52 cell=(32,53) sc=50264 nodes=100001 r=-1
T3[t=2340s] shard12 r2 #66 cell=(184,65) sc=50266 nodes=100001 r=-1
T3[t=2341s] shard4 r5 #30 cell=(49,59) sc=50268 nodes=100001 r=-1
T3[t=2342s] shard0 r2 #53 cell=(21,64) sc=50261 nodes=100001 r=-1
T3[t=2343s] shard1 r5 #10 cell=(31,57) sc=50267 nodes=100001 r=-1
T3[t=2343s] shard15 r2 #56 cell=(20,33) sc=50266 nodes=100001 r=-1
T3[t=2345s] shard3 r2 #53 cell=(219,42) sc=50265 nodes=100001 r=-1
T3[t=2349s] shard8 r5 #29 cell=(26,64) sc=50259 nodes=100001 r=-1
T3[t=2349s] shard13 r5 #77 cell=(27,56) sc=50266 nodes=100001 r=-1
T3[t=2349s] shard9 r2 #61 cell=(35,52) sc=50272 nodes=100001 r=-1
T3[t=2349s] shard7 r5 #35 cell=(39,65) sc=50266 nodes=100001 r=-1
T3[t=2349s] shard6 r2 #54 cell=(92,47) sc=50269 nodes=66645 r=0
T3[t=2350s] shard11 r5 #65 cell=(42,71) sc=50263 nodes=100001 r=-1
T3[t=2350s] shard15 r2 #57 cell=(263,34) sc=50262 nodes=58078 r=0
T3[t=2350s] shard10 r5 #7 cell=(30,56) sc=50267 nodes=100001 r=-1
T3[t=2351s] shard5 r5 #55 cell=(50,57) sc=50267 nodes=100001 r=-1
T3[t=2351s] shard12 r2 #67 cell=(187,66) sc=50271 nodes=100001 r=-1
T3[t=2351s] shard14 r5 #10 cell=(37,69) sc=50257 nodes=100001 r=-1
T3[t=2353s] shard0 r2 #54 cell=(45,64) sc=50270 nodes=100001 r=-1
T3[t=2354s] shard4 r5 #31 cell=(51,61) sc=50271 nodes=100001 r=-1
T3[t=2356s] shard3 r2 #54 cell=(206,43) sc=50267 nodes=100001 r=-1
T3[t=2358s] shard2 r5 #12 cell=(33,67) sc=50264 nodes=100001 r=-1
T3[t=2360s] shard9 r2 #64 cell=(29,56) sc=50268 nodes=100001 r=-1
T3[t=2361s] shard8 r5 #31 cell=(52,66) sc=50271 nodes=100001 r=-1
T3[t=2361s] shard11 r5 #71 cell=(28,35) sc=50276 nodes=100001 r=-1
T3[t=2361s] shard14 r5 #12 cell=(205,73) sc=50272 nodes=100001 r=-1
T3[t=2361s] shard7 r5 #36 cell=(18,71) sc=50266 nodes=100001 r=-1
T3[t=2361s] shard13 r5 #79 cell=(7,68) sc=50263 nodes=100001 r=-1
T3[t=2361s] shard1 r5 #14 cell=(46,64) sc=50272 nodes=100001 r=-1
T3[t=2361s] shard12 r2 #68 cell=(201,68) sc=50277 nodes=100001 r=-1
T3[t=2362s] shard5 r5 #57 cell=(50,59) sc=50270 nodes=100001 r=-1
T3[t=2363s] shard6 r2 #55 cell=(212,49) sc=50271 nodes=100001 r=-1
T3[t=2366s] shard0 r2 #55 cell=(16,65) sc=50270 nodes=100001 r=-1
T3[t=2366s] shard10 r5 #9 cell=(36,62) sc=50268 nodes=100001 r=-1
T3[t=2366s] shard3 r2 #55 cell=(201,44) sc=50266 nodes=100001 r=-1
T3[t=2368s] shard15 r2 #58 cell=(81,40) sc=50269 nodes=100001 r=-1
T3[t=2368s] shard4 r5 #35 cell=(37,73) sc=50268 nodes=100001 r=-1
T3[t=2369s] shard12 r2 #69 cell=(32,69) sc=50269 nodes=51787 r=0
T3[t=2370s] shard2 r5 #13 cell=(46,68) sc=50255 nodes=100001 r=-1
T3[t=2371s] shard1 r5 #25 cell=(203,43) sc=50263 nodes=100001 r=-1
T3[t=2372s] shard14 r5 #15 cell=(23,49) sc=50270 nodes=100001 r=-1
T3[t=2373s] shard7 r5 #40 cell=(15,30) sc=50268 nodes=100001 r=-1
T3[t=2373s] shard13 r5 #81 cell=(39,72) sc=50269 nodes=100001 r=-1
T3[t=2373s] shard6 r2 #57 cell=(191,56) sc=50267 nodes=100001 r=-1
T3[t=2373s] shard11 r5 #77 cell=(9,68) sc=50264 nodes=100001 r=-1
T3[t=2374s] shard8 r5 #35 cell=(18,58) sc=50260 nodes=100001 r=-1
T3[t=2374s] shard5 r5 #59 cell=(13,68) sc=50269 nodes=100001 r=-1
T3[t=2376s] shard0 r2 #56 cell=(197,66) sc=50270 nodes=100001 r=-1
T3[t=2378s] shard9 r2 #65 cell=(107,58) sc=50268 nodes=91054 r=0
T3[t=2381s] shard12 r2 #70 cell=(206,69) sc=50271 nodes=100001 r=-1
T3[t=2381s] shard4 r5 #37 cell=(39,63) sc=50275 nodes=100001 r=-1
T3[t=2382s] shard1 r5 #26 cell=(22,50) sc=50270 nodes=100001 r=-1
T3[t=2383s] shard14 r5 #16 cell=(36,52) sc=50271 nodes=100001 r=-1
T3[t=2385s] shard11 r5 #78 cell=(36,69) sc=50265 nodes=100001 r=-1
T3[t=2385s] shard13 r5 #83 cell=(25,36) sc=50277 nodes=100001 r=-1
sweep shard13 round5 done (budget 100000)
T3[t=2385s] shard7 r5 #46 cell=(24,51) sc=50277 nodes=100001 r=-1
T3[t=2385s] shard3 r2 #56 cell=(94,45) sc=50267 nodes=100001 r=-1
T3[t=2386s] shard8 r5 #43 cell=(21,42) sc=50264 nodes=100001 r=-1
T3[t=2386s] shard5 r5 #62 cell=(12,71) sc=50257 nodes=100001 r=-1
T3[t=2386s] shard15 r2 #59 cell=(86,41) sc=50265 nodes=100001 r=-1
T3[t=2387s] shard6 r2 #58 cell=(172,57) sc=50268 nodes=100001 r=-1
T3[t=2388s] shard0 r2 #57 cell=(30,67) sc=50253 nodes=100001 r=-1
T3[t=2390s] shard2 r5 #15 cell=(45,69) sc=50256 nodes=100001 r=-1
T3[t=2390s] shard9 r2 #66 cell=(204,61) sc=50267 nodes=100001 r=-1
T3[t=2392s] shard12 r2 #71 cell=(53,70) sc=50269 nodes=100001 r=-1
T3[t=2392s] shard14 r5 #17 cell=(196,60) sc=50264 nodes=100001 r=-1
T3[t=2393s] shard4 r5 #38 cell=(38,71) sc=50268 nodes=100001 r=-1
T3[t=2395s] shard11 r5 #79 cell=(45,72) sc=50257 nodes=100001 r=-1
T3[t=2395s] shard10 r5 #11 cell=(10,66) sc=50272 nodes=100001 r=-1
T3[t=2396s] shard0 r2 #58 cell=(210,67) sc=50276 nodes=100001 r=-1
T3[t=2397s] shard7 r5 #48 cell=(36,53) sc=50261 nodes=100001 r=-1
T3[t=2397s] shard3 r2 #58 cell=(51,56) sc=50265 nodes=100001 r=-1
T3[t=2397s] shard8 r5 #44 cell=(32,43) sc=50267 nodes=100001 r=-1
T3[t=2397s] shard5 r5 #68 cell=(16,29) sc=50269 nodes=100001 r=-1
T3[t=2398s] shard13 r6 #2 cell=(28,44) sc=50274 nodes=122896 r=0
T3[t=2398s] shard15 r2 #60 cell=(34,45) sc=50266 nodes=100001 r=-1
T3[t=2399s] shard6 r2 #59 cell=(14,59) sc=50267 nodes=100001 r=-1
T3[t=2399s] shard9 r2 #67 cell=(204,63) sc=50265 nodes=100001 r=-1
T3[t=2403s] shard12 r2 #72 cell=(44,71) sc=50267 nodes=100001 r=-1
T3[t=2403s] shard2 r5 #18 cell=(42,72) sc=50254 nodes=100001 r=-1
T3[t=2404s] shard1 r5 #31 cell=(34,68) sc=50262 nodes=100001 r=-1
T3[t=2404s] shard4 r5 #41 cell=(21,54) sc=50263 nodes=100001 r=-1
T3[t=2405s] shard3 r2 #59 cell=(215,58) sc=50266 nodes=67417 r=0
T3[t=2406s] shard14 r5 #18 cell=(42,62) sc=50273 nodes=100001 r=-1
T3[t=2407s] shard11 r5 #83 cell=(12,25) sc=50265 nodes=100001 r=-1
T3[t=2407s] shard7 r5 #50 cell=(49,58) sc=50279 nodes=100001 r=-1
T3[t=2407s] shard10 r5 #14 cell=(41,71) sc=50261 nodes=100001 r=-1
T3[t=2408s] shard0 r2 #59 cell=(43,68) sc=50270 nodes=100001 r=-1
T3[t=2409s] shard5 r5 #71 cell=(35,58) sc=50278 nodes=100001 r=-1
T3[t=2409s] shard15 r2 #61 cell=(23,48) sc=50277 nodes=100001 r=-1
T3[t=2409s] shard8 r5 #47 cell=(27,50) sc=50271 nodes=100001 r=-1
T3[t=2409s] shard9 r2 #68 cell=(205,64) sc=50270 nodes=100001 r=-1
T3[t=2411s] shard6 r2 #60 cell=(51,60) sc=50273 nodes=100001 r=-1
T3[t=2414s] shard12 r2 #73 cell=(9,72) sc=50269 nodes=100001 r=-1
T3[t=2415s] shard14 r5 #20 cell=(183,65) sc=50267 nodes=100001 r=-1
T3[t=2415s] shard1 r5 #35 cell=(29,51) sc=50271 nodes=100001 r=-1
T3[t=2416s] shard15 r2 #62 cell=(251,48) sc=50276 nodes=56483 r=0
T3[t=2416s] shard0 r2 #60 cell=(225,68) sc=50254 nodes=59113 r=0
T3[t=2416s] shard4 r5 #43 cell=(25,26) sc=50261 nodes=100001 r=-1
T3[t=2416s] shard10 r5 #15 cell=(194,74) sc=50273 nodes=100001 r=-1
T3[t=2418s] shard7 r5 #51 cell=(52,59) sc=50268 nodes=100001 r=-1
T3[t=2418s] shard3 r2 #60 cell=(23,60) sc=50269 nodes=100001 r=-1
T3[t=2419s] shard11 r5 #84 cell=(11,36) sc=50272 nodes=100001 r=-1
T3[t=2419s] shard13 r6 #9 cell=(35,61) sc=50265 nodes=200001 r=-1
T3[t=2420s] shard5 r5 #73 cell=(18,65) sc=50273 nodes=100001 r=-1
T3[t=2420s] shard9 r2 #69 cell=(44,67) sc=50272 nodes=100001 r=-1
T3[t=2421s] shard8 r5 #49 cell=(25,56) sc=50273 nodes=100001 r=-1
T3[t=2424s] shard6 r2 #61 cell=(27,62) sc=50267 nodes=100001 r=-1
T3[t=2425s] shard2 r5 #30 cell=(35,67) sc=50267 nodes=100001 r=-1
T3[t=2426s] shard15 r2 #63 cell=(191,54) sc=50266 nodes=100001 r=-1
T3[t=2426s] shard12 r2 #74 cell=(6,73) sc=50269 nodes=100001 r=-1
T3[t=2428s] shard4 r5 #47 cell=(15,38) sc=50270 nodes=100001 r=-1
T3[t=2428s] shard1 r5 #36 cell=(39,59) sc=50268 nodes=100001 r=-1
T3[t=2428s] shard14 r5 #23 cell=(43,69) sc=50251 nodes=100001 r=-1
T3[t=2430s] shard0 r2 #61 cell=(11,70) sc=50265 nodes=100001 r=-1
T3[t=2430s] shard3 r2 #61 cell=(14,61) sc=50274 nodes=100001 r=-1
T3[t=2430s] shard7 r5 #53 cell=(24,61) sc=50265 nodes=100001 r=-1
T3[t=2431s] shard11 r5 #91 cell=(23,44) sc=50271 nodes=100001 r=-1
T3[t=2432s] shard5 r5 #74 cell=(43,66) sc=50276 nodes=100001 r=-1
T3[t=2433s] shard9 r2 #70 cell=(20,69) sc=50267 nodes=100001 r=-1
T3[t=2434s] shard8 r5 #51 cell=(16,59) sc=50265 nodes=100001 r=-1
T3[t=2435s] shard6 r2 #62 cell=(24,63) sc=50260 nodes=100001 r=-1
T3[t=2437s] shard15 r2 #64 cell=(50,55) sc=50268 nodes=100001 r=-1
T3[t=2438s] shard2 r5 #34 cell=(45,57) sc=50271 nodes=100001 r=-1
T3[t=2438s] shard10 r5 #19 cell=(22,60) sc=50265 nodes=100001 r=-1
T3[t=2439s] shard4 r5 #54 cell=(48,57) sc=50267 nodes=100001 r=-1
T3[t=2441s] shard0 r2 #62 cell=(54,71) sc=50275 nodes=100001 r=-1
T3[t=2441s] shard11 r5 #93 cell=(37,60) sc=50266 nodes=100001 r=-1
T3[t=2442s] shard12 r2 #75 cell=(37,76) sc=50256 nodes=100001 r=-1
T3[t=2442s] shard7 r5 #56 cell=(41,66) sc=50276 nodes=100001 r=-1
T3[t=2443s] shard14 r5 #29 cell=(107,32) sc=50261 nodes=100001 r=-1
T3[t=2444s] shard5 r5 #76 cell=(11,76) sc=50265 nodes=100001 r=-1
T3[t=2444s] shard3 r2 #62 cell=(170,61) sc=50267 nodes=100001 r=-1
T3[t=2445s] shard15 r2 #65 cell=(27,58) sc=50268 nodes=53927 r=0
T3[t=2446s] shard8 r5 #52 cell=(26,61) sc=50266 nodes=100001 r=-1
T3[t=2446s] shard6 r2 #64 cell=(31,64) sc=50268 nodes=100001 r=-1
T3[t=2447s] shard9 r2 #71 cell=(202,69) sc=50267 nodes=100001 r=-1
T3[t=2448s] shard1 r5 #38 cell=(15,65) sc=50259 nodes=100001 r=-1
T3[t=2449s] shard4 r5 #57 cell=(184,63) sc=50263 nodes=100001 r=-1
T3[t=2451s] shard2 r5 #35 cell=(45,61) sc=50269 nodes=100001 r=-1
T3[t=2453s] shard0 r2 #63 cell=(25,72) sc=50264 nodes=100001 r=-1
T3[t=2453s] shard11 r5 #94 cell=(20,37) sc=50267 nodes=100001 r=-1
sweep shard11 round5 done (budget 100000)
T3[t=2454s] shard15 r2 #66 cell=(199,58) sc=50274 nodes=100001 r=-1
T3[t=2454s] shard7 r5 #58 cell=(39,70) sc=50264 nodes=100001 r=-1
T3[t=2454s] shard12 r2 #76 cell=(11,78) sc=50269 nodes=100001 r=-1
T3[t=2455s] shard14 r5 #32 cell=(21,28) sc=50267 nodes=100001 r=-1
T3[t=2456s] shard5 r5 #83 cell=(40,71) sc=50263 nodes=100001 r=-1
T3[t=2456s] shard3 r2 #63 cell=(19,62) sc=50268 nodes=100001 r=-1
T3[t=2458s] shard9 r2 #72 cell=(205,72) sc=50260 nodes=100001 r=-1
T3[t=2458s] shard8 r5 #53 cell=(28,63) sc=50269 nodes=100001 r=-1
T3[t=2460s] shard1 r5 #43 cell=(38,72) sc=50270 nodes=100001 r=-1
T3[t=2461s] shard4 r5 #58 cell=(32,65) sc=50254 nodes=100001 r=-1
T3[t=2461s] shard6 r2 #65 cell=(197,64) sc=50267 nodes=100001 r=-1
T3[t=2463s] shard2 r5 #36 cell=(13,69) sc=50267 nodes=100001 r=-1
T3[t=2464s] shard13 r6 #11 cell=(10,64) sc=50270 nodes=191738 r=0
T3[t=2465s] shard15 r2 #67 cell=(30,59) sc=50265 nodes=100001 r=-1
T3[t=2465s] shard10 r5 #20 cell=(31,65) sc=50255 nodes=100001 r=-1
T3[t=2466s] shard0 r2 #64 cell=(22,73) sc=50272 nodes=100001 r=-1
T3[t=2466s] shard12 r2 #77 cell=(25,80) sc=50259 nodes=100001 r=-1
T3[t=2466s] shard7 r5 #59 cell=(202,71) sc=50269 nodes=100001 r=-1
T3[t=2466s] shard11 r6 #7 cell=(36,42) sc=50269 nodes=122950 r=0
T3[t=2467s] shard14 r5 #33 cell=(9,36) sc=50268 nodes=100001 r=-1
T3[t=2468s] shard5 r5 #84 cell=(38,83) sc=50260 nodes=100001 r=-1
T3[t=2468s] shard3 r2 #64 cell=(241,62) sc=50272 nodes=100001 r=-1
T3[t=2470s] shard9 r2 #73 cell=(210,77) sc=50277 nodes=100001 r=-1
T3[t=2470s] shard8 r5 #55 cell=(42,65) sc=50260 nodes=100001 r=-1
T3[t=2471s] shard6 r2 #66 cell=(38,65) sc=50261 nodes=100001 r=-1
T3[t=2472s] shard1 r5 #47 cell=(14,29) sc=50265 nodes=100001 r=-1
T3[t=2472s] shard4 r5 #60 cell=(33,66) sc=50268 nodes=100001 r=-1
T3[t=2475s] shard2 r5 #37 cell=(39,73) sc=50270 nodes=100001 r=-1
T3[t=2476s] shard15 r2 #68 cell=(239,60) sc=50267 nodes=93290 r=0
T3[t=2477s] shard0 r2 #65 cell=(230,73) sc=50256 nodes=86601 r=0
T3[t=2478s] shard7 r5 #67 cell=(27,38) sc=50271 nodes=100001 r=-1
T3[t=2478s] shard14 r5 #34 cell=(28,37) sc=50264 nodes=100001 r=-1
T3[t=2479s] shard5 r5 #85 cell=(38,73) sc=50269 nodes=100001 r=-1
T3[t=2479s] shard10 r5 #21 cell=(35,69) sc=50259 nodes=100001 r=-1
T3[t=2480s] shard3 r2 #65 cell=(27,64) sc=50258 nodes=100001 r=-1
T3[t=2481s] shard9 r2 #74 cell=(3,80) sc=50269 nodes=100001 r=-1
T3[t=2481s] shard12 r2 #78 cell=(13,86) sc=50273 nodes=100001 r=-1
T3[t=2482s] shard4 r5 #61 cell=(203,66) sc=50277 nodes=100001 r=-1
T3[t=2483s] shard8 r5 #56 cell=(8,67) sc=50260 nodes=100001 r=-1
T3[t=2484s] shard6 r2 #67 cell=(210,65) sc=50272 nodes=100001 r=-1
T3[t=2484s] shard1 r5 #51 cell=(33,44) sc=50271 nodes=100001 r=-1
T3[t=2486s] shard0 r2 #66 cell=(12,75) sc=50270 nodes=51770 r=0
T3[t=2486s] shard2 r5 #38 cell=(30,54) sc=50262 nodes=100001 r=-1
T3[t=2489s] shard15 r2 #69 cell=(9,62) sc=50268 nodes=100001 r=-1
T3[t=2489s] shard5 r5 #87 cell=(202,59) sc=50262 nodes=100001 r=-1
T3[t=2489s] shard7 r5 #68 cell=(22,51) sc=50274 nodes=100001 r=-1
T3[t=2490s] shard14 r5 #35 cell=(27,40) sc=50265 nodes=100001 r=-1
T3[t=2491s] shard12 r2 #79 cell=(214,99) sc=50267 nodes=100001 r=-1
T3[t=2492s] shard3 r2 #67 cell=(30,65) sc=50256 nodes=100001 r=-1
T3[t=2492s] shard9 r2 #75 cell=(208,81) sc=50276 nodes=100001 r=-1
T3[t=2494s] shard4 r5 #62 cell=(11,68) sc=50262 nodes=100001 r=-1
T3[t=2495s] shard6 r2 #68 cell=(39,66) sc=50270 nodes=100001 r=-1
T3[t=2495s] shard11 r6 #16 cell=(23,59) sc=50260 nodes=139564 r=0
T3[t=2495s] shard8 r5 #68 cell=(34,51) sc=50260 nodes=100001 r=-1
T3[t=2496s] shard1 r5 #53 cell=(32,47) sc=50272 nodes=100001 r=-1
T3[t=2497s] shard13 r6 #15 cell=(38,68) sc=50266 nodes=200001 r=-1
T3[t=2497s] shard2 r5 #42 cell=(18,29) sc=50263 nodes=100001 r=-1
T3[t=2498s] shard0 r2 #67 cell=(27,78) sc=50269 nodes=100001 r=-1
T3[t=2499s] shard12 r2 #82 cell=(32,41) sc=50264 nodes=50048 r=0
T3[t=2500s] shard5 r5 #89 cell=(26,69) sc=50263 nodes=100001 r=-1
sweep shard5 round5 done (budget 100000)
T3[t=2500s] shard7 r5 #71 cell=(42,63) sc=50264 nodes=100001 r=-1
T3[t=2501s] shard15 r2 #70 cell=(40,63) sc=50266 nodes=100001 r=-1
T3[t=2501s] shard10 r5 #22 cell=(44,72) sc=50252 nodes=100001 r=-1
T3[t=2502s] shard14 r5 #37 cell=(29,44) sc=50272 nodes=100001 r=-1
T3[t=2502s] shard3 r2 #68 cell=(36,67) sc=50263 nodes=100001 r=-1
T3[t=2504s] shard9 r2 #76 cell=(208,85) sc=50273 nodes=100001 r=-1
T3[t=2505s] shard8 r5 #69 cell=(54,53) sc=50276 nodes=100001 r=-1
T3[t=2506s] shard1 r5 #56 cell=(31,58) sc=50276 nodes=100001 r=-1
T3[t=2506s] shard4 r5 #64 cell=(35,70) sc=50267 nodes=100001 r=-1
T3[t=2510s] shard12 r2 #83 cell=(203,42) sc=50264 nodes=100001 r=-1
T3[t=2510s] shard2 r5 #49 cell=(29,46) sc=50273 nodes=100001 r=-1
T3[t=2510s] shard6 r2 #69 cell=(40,67) sc=50265 nodes=100001 r=-1
T3[t=2510s] shard0 r2 #68 cell=(28,79) sc=50272 nodes=100001 r=-1
T3[t=2512s] shard10 r5 #25 cell=(35,43) sc=50266 nodes=100001 r=-1
T3[t=2512s] shard7 r5 #72 cell=(26,65) sc=50260 nodes=100001 r=-1
T3[t=2513s] shard15 r2 #71 cell=(17,64) sc=50271 nodes=100001 r=-1
T3[t=2513s] shard14 r5 #38 cell=(32,45) sc=50268 nodes=100001 r=-1
T3[t=2513s] shard3 r2 #70 cell=(4,69) sc=50277 nodes=100001 r=-1
T3[t=2513s] shard13 r6 #17 cell=(33,69) sc=50261 nodes=122023 r=0
T3[t=2515s] shard9 r2 #77 cell=(19,90) sc=50273 nodes=100001 r=-1
T3[t=2517s] shard11 r6 #18 cell=(33,61) sc=50270 nodes=200001 r=-1
T3[t=2518s] shard8 r5 #72 cell=(11,62) sc=50266 nodes=100001 r=-1
T3[t=2518s] shard4 r5 #66 cell=(37,74) sc=50264 nodes=100001 r=-1
T3[t=2519s] shard1 r5 #57 cell=(10,61) sc=50277 nodes=100001 r=-1
T3[t=2519s] shard6 r2 #70 cell=(187,68) sc=50267 nodes=100001 r=-1
T3[t=2521s] shard12 r2 #84 cell=(30,45) sc=50270 nodes=100001 r=-1
T3[t=2522s] shard2 r5 #50 cell=(27,48) sc=50273 nodes=100001 r=-1
T3[t=2522s] shard5 r6 #0 cell=(37,65) sc=50257 nodes=200001 r=-1
T3[t=2522s] shard0 r2 #69 cell=(191,82) sc=50273 nodes=100001 r=-1
T3[t=2523s] shard10 r5 #35 cell=(32,61) sc=50270 nodes=100001 r=-1
T3[t=2524s] shard7 r5 #73 cell=(45,66) sc=50274 nodes=100001 r=-1
T3[t=2525s] shard14 r5 #39 cell=(24,47) sc=50272 nodes=100001 r=-1
T3[t=2526s] shard3 r2 #71 cell=(46,69) sc=50255 nodes=100001 r=-1
T3[t=2526s] shard15 r2 #72 cell=(8,65) sc=50267 nodes=100001 r=-1
T3[t=2527s] shard9 r2 #78 cell=(31,96) sc=50267 nodes=100001 r=-1
T3[t=2530s] shard4 r5 #70 cell=(10,29) sc=50269 nodes=100001 r=-1
T3[t=2530s] shard1 r5 #58 cell=(46,61) sc=50270 nodes=100001 r=-1
T3[t=2530s] shard8 r5 #73 cell=(3,68) sc=50270 nodes=100001 r=-1
T3[t=2531s] shard12 r2 #85 cell=(204,51) sc=50264 nodes=100001 r=-1
T3[t=2531s] shard11 r6 #23 cell=(31,69) sc=50263 nodes=110370 r=0
T3[t=2532s] shard2 r5 #53 cell=(49,56) sc=50267 nodes=100001 r=-1
T3[t=2533s] shard6 r2 #71 cell=(186,69) sc=50269 nodes=100001 r=-1
T3[t=2534s] shard0 r2 #70 cell=(210,87) sc=50269 nodes=100001 r=-1
T3[t=2536s] shard10 r5 #42 cell=(37,52) sc=50276 nodes=100001 r=-1
T3[t=2536s] shard7 r5 #74 cell=(10,69) sc=50267 nodes=100001 r=-1
T3[t=2537s] shard5 r6 #3 cell=(26,54) sc=50268 nodes=130563 r=0
T3[t=2538s] shard14 r5 #44 cell=(18,57) sc=50264 nodes=100001 r=-1
T3[t=2538s] shard3 r2 #72 cell=(205,70) sc=50266 nodes=100001 r=-1
T3[t=2538s] shard9 r2 #79 cell=(30,99) sc=50266 nodes=91503 r=0
T3[t=2538s] shard15 r2 #73 cell=(23,66) sc=50272 nodes=100001 r=-1
T3[t=2541s] shard1 r5 #60 cell=(44,63) sc=50270 nodes=100001 r=-1
T3[t=2541s] shard4 r5 #73 cell=(25,50) sc=50274 nodes=100001 r=-1
T3[t=2541s] shard8 r5 #79 cell=(26,45) sc=50274 nodes=100001 r=-1
T3[t=2542s] shard2 r5 #54 cell=(34,57) sc=50260 nodes=100001 r=-1
T3[t=2543s] shard12 r2 #86 cell=(46,57) sc=50273 nodes=100001 r=-1
T3[t=2544s] shard6 r2 #72 cell=(198,71) sc=50273 nodes=100001 r=-1
T3[t=2545s] shard13 r6 #18 cell=(45,71) sc=50270 nodes=200001 r=-1
T3[t=2546s] shard10 r5 #44 cell=(51,54) sc=50278 nodes=100001 r=-1
T3[t=2547s] shard0 r2 #71 cell=(34,101) sc=50264 nodes=100001 r=-1
T3[t=2547s] shard14 r5 #46 cell=(36,61) sc=50266 nodes=100001 r=-1
T3[t=2548s] shard7 r5 #76 cell=(19,30) sc=50266 nodes=100001 r=-1
T3[t=2548s] shard15 r2 #74 cell=(208,67) sc=50272 nodes=100001 r=-1
T3[t=2549s] shard9 r2 #83 cell=(221,22) sc=50261 nodes=100001 r=-1
T3[t=2552s] shard1 r5 #62 cell=(200,65) sc=50269 nodes=100001 r=-1
T3[t=2553s] shard2 r5 #55 cell=(33,58) sc=50258 nodes=100001 r=-1
T3[t=2553s] shard8 r5 #81 cell=(27,60) sc=50267 nodes=100001 r=-1
T3[t=2553s] shard4 r5 #77 cell=(37,68) sc=50268 nodes=100001 r=-1
T3[t=2553s] shard3 r2 #74 cell=(36,73) sc=50269 nodes=100001 r=-1
T3[t=2554s] shard0 r2 #72 cell=(41,120) sc=50271 nodes=51233 r=0
T3[t=2554s] shard6 r2 #73 cell=(197,72) sc=50271 nodes=100001 r=-1
T3[t=2555s] shard12 r2 #87 cell=(12,59) sc=50263 nodes=100001 r=-1
T3[t=2557s] shard10 r5 #46 cell=(208,57) sc=50257 nodes=100001 r=-1
T3[t=2557s] shard15 r2 #75 cell=(209,68) sc=50263 nodes=100001 r=-1
T3[t=2557s] shard5 r6 #5 cell=(42,58) sc=50255 nodes=200001 r=-1
T3[t=2558s] shard13 r6 #20 cell=(13,73) sc=50256 nodes=120591 r=0
T3[t=2558s] shard14 r5 #47 cell=(47,62) sc=50271 nodes=100001 r=-1
T3[t=2558s] shard11 r6 #24 cell=(44,70) sc=50261 nodes=200001 r=-1
T3[t=2560s] shard3 r2 #75 cell=(94,75) sc=50266 nodes=50885 r=0
T3[t=2560s] shard7 r5 #77 cell=(33,48) sc=50276 nodes=100001 r=-1
T3[t=2561s] shard9 r2 #84 cell=(243,30) sc=50256 nodes=100001 r=-1
T3[t=2562s] shard1 r5 #64 cell=(199,66) sc=50268 nodes=100001 r=-1
T3[t=2563s] shard4 r5 #78 cell=(203,70) sc=50271 nodes=100001 r=-1
T3[t=2565s] shard8 r5 #82 cell=(14,67) sc=50271 nodes=100001 r=-1
sweep shard8 round5 done (budget 100000)
T3[t=2565s] shard6 r2 #74 cell=(52,73) sc=50269 nodes=100001 r=-1
T3[t=2565s] shard0 r2 #74 cell=(12,33) sc=50270 nodes=100001 r=-1
T3[t=2565s] shard2 r5 #56 cell=(15,60) sc=50271 nodes=100001 r=-1
T3[t=2565s] shard12 r2 #88 cell=(201,64) sc=50263 nodes=100001 r=-1
T3[t=2567s] shard15 r2 #76 cell=(40,69) sc=50261 nodes=100001 r=-1
T3[t=2568s] shard10 r5 #48 cell=(20,59) sc=50270 nodes=100001 r=-1
T3[t=2569s] shard14 r5 #48 cell=(38,63) sc=50264 nodes=100001 r=-1
T3[t=2570s] shard7 r5 #81 cell=(52,63) sc=50271 nodes=100001 r=-1
T3[t=2570s] shard11 r6 #25 cell=(8,72) sc=50266 nodes=101318 r=0
T3[t=2571s] shard3 r2 #76 cell=(177,78) sc=50255 nodes=100001 r=-1
T3[t=2572s] shard9 r2 #85 cell=(16,35) sc=50273 nodes=100001 r=-1
T3[t=2572s] shard1 r5 #66 cell=(45,68) sc=50254 nodes=100001 r=-1
T3[t=2573s] shard5 r6 #10 cell=(187,63) sc=50266 nodes=172377 r=0
T3[t=2575s] shard4 r5 #80 cell=(38,81) sc=50259 nodes=100001 r=-1
T3[t=2575s] shard2 r5 #57 cell=(46,63) sc=50272 nodes=100001 r=-1
T3[t=2576s] shard0 r2 #75 cell=(242,35) sc=50259 nodes=100001 r=-1
T3[t=2576s] shard12 r2 #89 cell=(52,65) sc=50272 nodes=100001 r=-1
T3[t=2577s] shard6 r2 #75 cell=(174,77) sc=50279 nodes=100001 r=-1
T3[t=2579s] shard7 r5 #82 cell=(52,71) sc=50266 nodes=100001 r=-1
T3[t=2580s] shard13 r6 #25 cell=(31,45) sc=50269 nodes=200001 r=-1
T3[t=2580s] shard10 r5 #50 cell=(30,63) sc=50270 nodes=100001 r=-1
T3[t=2581s] shard14 r5 #49 cell=(11,64) sc=50272 nodes=100001 r=-1
T3[t=2582s] shard9 r2 #86 cell=(217,40) sc=50260 nodes=100001 r=-1
T3[t=2582s] shard15 r2 #78 cell=(8,75) sc=50264 nodes=100001 r=-1
T3[t=2582s] shard3 r2 #78 cell=(21,88) sc=50264 nodes=100001 r=-1
T3[t=2583s] shard1 r5 #68 cell=(44,69) sc=50257 nodes=100001 r=-1
T3[t=2586s] shard4 r5 #84 cell=(37,66) sc=50270 nodes=100001 r=-1
sweep shard4 round5 done (budget 100000)
T3[t=2586s] shard8 r6 #5 cell=(25,51) sc=50266 nodes=200001 r=-1
T3[t=2587s] shard2 r5 #59 cell=(31,66) sc=50260 nodes=100001 r=-1
T3[t=2587s] shard0 r2 #76 cell=(204,39) sc=50266 nodes=100001 r=-1
T3[t=2589s] shard12 r2 #91 cell=(38,69) sc=50263 nodes=100001 r=-1
T3[t=2590s] shard6 r2 #76 cell=(193,78) sc=50268 nodes=100001 r=-1
T3[t=2590s] shard7 r5 #84 cell=(20,35) sc=50270 nodes=100001 r=-1
T3[t=2591s] shard10 r5 #51 cell=(37,64) sc=50263 nodes=100001 r=-1
T3[t=2592s] shard14 r5 #53 cell=(41,68) sc=50274 nodes=100001 r=-1
T3[t=2592s] shard15 r2 #79 cell=(201,76) sc=50270 nodes=100001 r=-1
T3[t=2593s] shard11 r6 #35 cell=(29,45) sc=50271 nodes=200001 r=-1
T3[t=2593s] shard3 r2 #79 cell=(27,94) sc=50279 nodes=100001 r=-1
T3[t=2595s] shard1 r5 #72 cell=(37,78) sc=50253 nodes=100001 r=-1
T3[t=2597s] shard2 r5 #60 cell=(201,66) sc=50278 nodes=100001 r=-1
T3[t=2598s] shard5 r6 #11 cell=(30,64) sc=50267 nodes=151579 r=0
T3[t=2598s] shard0 r2 #77 cell=(202,43) sc=50267 nodes=100001 r=-1
T3[t=2598s] shard9 r2 #87 cell=(103,42) sc=50274 nodes=80866 r=0
T3[t=2600s] shard4 r6 #6 cell=(26,52) sc=50274 nodes=130200 r=0
T3[t=2601s] shard13 r6 #27 cell=(47,57) sc=50275 nodes=200001 r=-1
T3[t=2601s] shard6 r2 #78 cell=(178,81) sc=50268 nodes=100001 r=-1
T3[t=2602s] shard7 r5 #85 cell=(21,38) sc=50268 nodes=100001 r=-1
sweep shard7 round5 done (budget 100000)
T3[t=2602s] shard3 r2 #80 cell=(215,98) sc=50256 nodes=100001 r=-1
T3[t=2602s] shard12 r2 #92 cell=(231,72) sc=50259 nodes=100001 r=-1
T3[t=2602s] shard10 r5 #52 cell=(46,65) sc=50263 nodes=100001 r=-1
T3[t=2602s] shard15 r2 #80 cell=(177,80) sc=50254 nodes=100001 r=-1
T3[t=2604s] shard14 r5 #56 cell=(13,72) sc=50269 nodes=100001 r=-1
T3[t=2605s] shard8 r6 #6 cell=(34,52) sc=50273 nodes=171713 r=0
T3[t=2606s] shard1 r5 #73 cell=(14,27) sc=50271 nodes=100001 r=-1
T3[t=2608s] shard0 r2 #78 cell=(216,45) sc=50264 nodes=100001 r=-1
T3[t=2609s] shard2 r5 #62 cell=(38,75) sc=50259 nodes=100001 r=-1
T3[t=2610s] shard9 r2 #88 cell=(34,47) sc=50273 nodes=100001 r=-1
T3[t=2610s] shard6 r2 #79 cell=(208,95) sc=50274 nodes=50134 r=0
T3[t=2610s] shard3 r2 #82 cell=(4,179) sc=50274 nodes=69772 r=0
T3[t=2614s] shard11 r6 #39 cell=(41,57) sc=50254 nodes=200001 r=-1
T3[t=2614s] shard15 r2 #81 cell=(179,82) sc=50263 nodes=63168 r=0
T3[t=2614s] shard10 r5 #55 cell=(43,70) sc=50261 nodes=100001 r=-1
T3[t=2614s] shard12 r2 #93 cell=(7,84) sc=50275 nodes=100001 r=-1
T3[t=2614s] shard13 r6 #31 cell=(39,53) sc=50263 nodes=130400 r=0
T3[t=2616s] shard14 r5 #58 cell=(6,75) sc=50265 nodes=100001 r=-1
T3[t=2617s] shard5 r6 #14 cell=(34,66) sc=50264 nodes=116495 r=0
T3[t=2618s] shard1 r5 #75 cell=(15,36) sc=50270 nodes=100001 r=-1
T3[t=2618s] shard6 r2 #80 cell=(219,98) sc=50260 nodes=100001 r=-1
T3[t=2619s] shard0 r2 #79 cell=(208,49) sc=50273 nodes=83632 r=0
T3[t=2619s] shard8 r6 #7 cell=(37,53) sc=50265 nodes=130401 r=0
T3[t=2621s] shard9 r2 #90 cell=(21,60) sc=50270 nodes=100001 r=-1
T3[t=2621s] shard2 r5 #63 cell=(10,77) sc=50263 nodes=100001 r=-1
T3[t=2621s] shard3 r2 #83 cell=(15,28) sc=50260 nodes=100001 r=-1
T3[t=2623s] shard7 r6 #1 cell=(31,43) sc=50266 nodes=200001 r=-1
T3[t=2624s] shard4 r6 #7 cell=(36,58) sc=50277 nodes=200001 r=-1
T3[t=2625s] shard10 r5 #63 cell=(22,41) sc=50275 nodes=100001 r=-1
T3[t=2626s] shard15 r2 #82 cell=(38,97) sc=50263 nodes=100001 r=-1
T3[t=2627s] shard12 r2 #94 cell=(38,109) sc=50268 nodes=100001 r=-1
T3[t=2627s] shard14 r5 #64 cell=(24,25) sc=50274 nodes=100001 r=-1
T3[t=2629s] shard1 r5 #79 cell=(12,61) sc=50265 nodes=100001 r=-1
T3[t=2630s] shard6 r2 #81 cell=(37,106) sc=50268 nodes=92782 r=0
T3[t=2631s] shard0 r2 #80 cell=(189,52) sc=50263 nodes=100001 r=-1
T3[t=2632s] shard3 r2 #84 cell=(63,34) sc=50267 nodes=61696 r=0
T3[t=2633s] shard2 r5 #64 cell=(17,36) sc=50268 nodes=100001 r=-1
T3[t=2635s] shard9 r2 #91 cell=(161,64) sc=50277 nodes=100001 r=-1
T3[t=2637s] shard13 r6 #34 cell=(47,60) sc=50269 nodes=200001 r=-1
T3[t=2637s] shard10 r5 #64 cell=(28,45) sc=50272 nodes=100001 r=-1
T3[t=2638s] shard11 r6 #40 cell=(45,65) sc=50264 nodes=200001 r=-1
T3[t=2639s] shard3 r2 #85 cell=(257,36) sc=50278 nodes=58323 r=0
T3[t=2639s] shard15 r2 #83 cell=(32,101) sc=50264 nodes=100001 r=-1
T3[t=2639s] shard14 r5 #69 cell=(27,54) sc=50262 nodes=100001 r=-1
T3[t=2639s] shard8 r6 #8 cell=(34,54) sc=50269 nodes=179890 r=0
T3[t=2641s] shard1 r5 #82 cell=(34,67) sc=50273 nodes=100001 r=-1
T3[t=2642s] shard0 r2 #81 cell=(33,54) sc=50262 nodes=100001 r=-1
T3[t=2642s] shard7 r6 #3 cell=(26,50) sc=50270 nodes=179650 r=0
T3[t=2645s] shard2 r5 #66 cell=(23,50) sc=50269 nodes=100001 r=-1
T3[t=2645s] shard3 r2 #86 cell=(238,39) sc=50267 nodes=52526 r=0
T3[t=2645s] shard12 r2 #95 cell=(10,181) sc=50278 nodes=86213 r=0
T3[t=2646s] shard4 r6 #8 cell=(47,59) sc=50270 nodes=200001 r=-1
T3[t=2647s] shard9 r2 #92 cell=(28,65) sc=50258 nodes=100001 r=-1
T3[t=2649s] shard10 r5 #66 cell=(36,51) sc=50262 nodes=100001 r=-1
T3[t=2650s] shard15 r2 #86 cell=(26,25) sc=50272 nodes=100001 r=-1
T3[t=2650s] shard6 r2 #83 cell=(8,183) sc=50266 nodes=98692 r=0
T3[t=2652s] shard14 r5 #71 cell=(22,59) sc=50261 nodes=100001 r=-1
T3[t=2652s] shard1 r5 #84 cell=(44,73) sc=50257 nodes=100001 r=-1
T3[t=2652s] shard0 r2 #82 cell=(198,57) sc=50262 nodes=100001 r=-1
T3[t=2653s] shard5 r6 #16 cell=(39,67) sc=50263 nodes=200001 r=-1
T3[t=2654s] shard12 r2 #96 cell=(220,43) sc=50267 nodes=68036 r=0
T3[t=2655s] shard13 r6 #42 cell=(32,55) sc=50263 nodes=154086 r=0
T3[t=2656s] shard2 r5 #71 cell=(10,65) sc=50269 nodes=100001 r=-1
T3[t=2657s] shard11 r6 #49 cell=(38,64) sc=50264 nodes=200001 r=-1
T3[t=2657s] shard6 r2 #84 cell=(207,22) sc=50270 nodes=53763 r=0
T3[t=2657s] shard9 r2 #93 cell=(181,66) sc=50268 nodes=100001 r=-1
T3[t=2657s] shard7 r6 #4 cell=(32,54) sc=50272 nodes=131142 r=0
T3[t=2660s] shard10 r5 #68 cell=(36,57) sc=50258 nodes=100001 r=-1
T3[t=2661s] shard8 r6 #10 cell=(50,58) sc=50269 nodes=200001 r=-1
T3[t=2661s] shard3 r2 #87 cell=(69,44) sc=50261 nodes=92112 r=0
T3[t=2663s] shard14 r5 #74 cell=(29,36) sc=50267 nodes=100001 r=-1
T3[t=2663s] shard0 r2 #83 cell=(108,59) sc=50263 nodes=60062 r=0
T3[t=2664s] shard4 r6 #9 cell=(187,61) sc=50264 nodes=189553 r=0
T3[t=2664s] shard1 r5 #89 cell=(36,59) sc=50266 nodes=100001 r=-1
sweep shard1 round5 done (budget 100000)
T3[t=2665s] shard15 r2 #87 cell=(74,39) sc=50258 nodes=85129 r=0
T3[t=2666s] shard12 r2 #98 cell=(24,53) sc=50268 nodes=100001 r=-1
T3[t=2668s] shard2 r5 #72 cell=(25,66) sc=50260 nodes=100001 r=-1
T3[t=2668s] shard9 r2 #94 cell=(34,69) sc=50267 nodes=100001 r=-1
T3[t=2670s] shard10 r5 #69 cell=(201,58) sc=50264 nodes=100001 r=-1
T3[t=2670s] shard5 r6 #18 cell=(36,70) sc=50264 nodes=144828 r=0
T3[t=2671s] shard8 r6 #15 cell=(202,64) sc=50267 nodes=102879 r=0
T3[t=2673s] shard3 r2 #88 cell=(31,46) sc=50271 nodes=100001 r=-1
T3[t=2673s] shard12 r2 #99 cell=(234,55) sc=50272 nodes=60969 r=0
T3[t=2673s] shard14 r5 #77 cell=(45,56) sc=50270 nodes=100001 r=-1
T3[t=2674s] shard0 r2 #84 cell=(17,66) sc=50259 nodes=100001 r=-1
T3[t=2675s] shard11 r6 #53 cell=(24,41) sc=50273 nodes=153897 r=0
T3[t=2675s] shard6 r2 #85 cell=(86,29) sc=50271 nodes=100001 r=-1
T3[t=2678s] shard1 r6 #6 cell=(26,48) sc=50274 nodes=130492 r=0
T3[t=2678s] shard13 r6 #43 cell=(33,56) sc=50264 nodes=200001 r=-1
T3[t=2679s] shard2 r5 #73 cell=(35,68) sc=50266 nodes=100001 r=-1
T3[t=2680s] shard7 r6 #5 cell=(18,56) sc=50260 nodes=189163 r=0
T3[t=2681s] shard9 r2 #95 cell=(9,74) sc=50267 nodes=100001 r=-1
T3[t=2682s] shard10 r5 #73 cell=(5,68) sc=50273 nodes=100001 r=-1
T3[t=2683s] shard15 r2 #88 cell=(88,41) sc=50267 nodes=100001 r=-1
T3[t=2683s] shard14 r5 #81 cell=(47,68) sc=50255 nodes=100001 r=-1
T3[t=2684s] shard5 r6 #28 cell=(28,50) sc=50274 nodes=130514 r=0
T3[t=2685s] shard0 r2 #85 cell=(33,68) sc=50267 nodes=100001 r=-1
T3[t=2685s] shard12 r2 #100 cell=(5,88) sc=50262 nodes=100001 r=-1
T3[t=2686s] shard3 r2 #89 cell=(28,55) sc=50273 nodes=100001 r=-1
T3[t=2687s] shard6 r2 #86 cell=(201,34) sc=50269 nodes=100001 r=-1
T3[t=2691s] shard2 r5 #78 cell=(14,37) sc=50269 nodes=100001 r=-1
T3[t=2692s] shard1 r6 #7 cell=(25,49) sc=50273 nodes=130196 r=0
T3[t=2692s] shard4 r6 #10 cell=(24,62) sc=50262 nodes=163843 r=0
T3[t=2693s] shard9 r2 #96 cell=(12,77) sc=50273 nodes=100001 r=-1
T3[t=2694s] shard10 r5 #74 cell=(17,74) sc=50259 nodes=100001 r=-1
T3[t=2694s] shard15 r2 #89 cell=(22,43) sc=50261 nodes=100001 r=-1
T3[t=2695s] shard11 r6 #58 cell=(53,54) sc=50271 nodes=200001 r=-1
T3[t=2695s] shard14 r5 #84 cell=(4,75) sc=50266 nodes=100001 r=-1
sweep shard14 round5 done (budget 100000)
T3[t=2696s] shard3 r2 #90 cell=(208,59) sc=50265 nodes=100001 r=-1
T3[t=2696s] shard7 r6 #7 cell=(15,59) sc=50266 nodes=108896 r=0
T3[t=2697s] shard12 r2 #101 cell=(26,37) sc=50269 nodes=100001 r=-1
T3[t=2697s] shard0 r2 #87 cell=(30,73) sc=50273 nodes=100001 r=-1
T3[t=2697s] shard6 r2 #87 cell=(203,40) sc=50265 nodes=100001 r=-1
T3[t=2698s] shard5 r6 #29 cell=(21,53) sc=50268 nodes=132189 r=0
T3[t=2698s] shard13 r6 #46 cell=(45,62) sc=50272 nodes=200001 r=-1
T3[t=2699s] shard8 r6 #16 cell=(42,66) sc=50277 nodes=200001 r=-1
T3[t=2703s] shard2 r5 #79 cell=(30,41) sc=50265 nodes=100001 r=-1
T3[t=2705s] shard15 r2 #90 cell=(28,49) sc=50277 nodes=100001 r=-1
T3[t=2705s] shard10 r5 #75 cell=(38,77) sc=50261 nodes=100001 r=-1
T3[t=2705s] shard9 r2 #97 cell=(36,103) sc=50261 nodes=100001 r=-1
T3[t=2706s] shard12 r2 #102 cell=(197,74) sc=50271 nodes=100001 r=-1
T3[t=2708s] shard3 r2 #91 cell=(27,66) sc=50270 nodes=100001 r=-1
T3[t=2709s] shard14 r6 #1 cell=(22,48) sc=50272 nodes=124582 r=0
T3[t=2710s] shard0 r2 #88 cell=(122,75) sc=50267 nodes=100001 r=-1
T3[t=2711s] shard6 r2 #88 cell=(218,41) sc=50266 nodes=100001 r=-1
T3[t=2711s] shard13 r6 #47 cell=(34,63) sc=50266 nodes=110959 r=0
T3[t=2715s] shard2 r5 #80 cell=(28,47) sc=50273 nodes=100001 r=-1
T3[t=2716s] shard9 r2 #98 cell=(192,45) sc=50267 nodes=100001 r=-1
T3[t=2716s] shard1 r6 #9 cell=(48,56) sc=50268 nodes=200001 r=-1
T3[t=2717s] shard12 r2 #103 cell=(16,79) sc=50270 nodes=100001 r=-1
T3[t=2717s] shard10 r5 #76 cell=(14,83) sc=50270 nodes=100001 r=-1
T3[t=2718s] shard4 r6 #11 cell=(9,63) sc=50271 nodes=119346 r=0
T3[t=2718s] shard11 r6 #59 cell=(31,56) sc=50266 nodes=200001 r=-1
T3[t=2720s] shard3 r2 #92 cell=(21,70) sc=50267 nodes=100001 r=-1
T3[t=2721s] shard5 r6 #30 cell=(50,56) sc=50271 nodes=200001 r=-1
T3[t=2722s] shard15 r2 #91 cell=(103,52) sc=50270 nodes=83123 r=0
T3[t=2722s] shard0 r2 #90 cell=(7,86) sc=50267 nodes=100001 r=-1
T3[t=2722s] shard7 r6 #8 cell=(28,62) sc=50266 nodes=183967 r=0
T3[t=2723s] shard6 r2 #89 cell=(213,44) sc=50271 nodes=100001 r=-1
T3[t=2726s] shard8 r6 #17 cell=(43,67) sc=50271 nodes=200001 r=-1
T3[t=2726s] shard2 r5 #81 cell=(12,63) sc=50265 nodes=100001 r=-1
sweep shard2 round5 done (budget 100000)
T3[t=2729s] shard10 r5 #78 cell=(35,60) sc=50266 nodes=100001 r=-1
T3[t=2729s] shard9 r2 #99 cell=(237,30) sc=50271 nodes=100001 r=-1
T3[t=2730s] shard12 r2 #104 cell=(23,82) sc=50272 nodes=100001 r=-1
T3[t=2732s] shard3 r2 #94 cell=(9,76) sc=50267 nodes=100001 r=-1
T3[t=2733s] shard4 r6 #15 cell=(193,71) sc=50270 nodes=164132 r=0
T3[t=2733s] shard14 r6 #3 cell=(36,56) sc=50269 nodes=200001 r=-1
T3[t=2735s] shard13 r6 #48 cell=(41,64) sc=50270 nodes=200001 r=-1
T3[t=2735s] shard0 r2 #91 cell=(37,96) sc=50273 nodes=100001 r=-1
T3[t=2739s] shard15 r2 #92 cell=(174,57) sc=50274 nodes=100001 r=-1
T3[t=2740s] shard6 r2 #90 cell=(105,46) sc=50267 nodes=71086 r=0
T3[t=2742s] shard12 r2 #106 cell=(206,67) sc=50270 nodes=100001 r=-1
T3[t=2746s] shard10 r5 #79 cell=(10,31) sc=50270 nodes=100001 r=-1
T3[t=2747s] shard5 r6 #33 cell=(52,68) sc=50269 nodes=200001 r=-1
T3[t=2747s] shard11 r6 #60 cell=(41,62) sc=50270 nodes=200001 r=-1
T3[t=2748s] shard9 r2 #100 cell=(92,35) sc=50260 nodes=87344 r=0
T3[t=2750s] shard1 r6 #10 cell=(31,57) sc=50267 nodes=200001 r=-1
T3[t=2751s] shard3 r2 #95 cell=(193,80) sc=50277 nodes=100001 r=-1
T3[t=2752s] shard2 r6 #0 cell=(40,59) sc=50269 nodes=200001 r=-1
T3[t=2753s] shard0 r2 #94 cell=(227,46) sc=50268 nodes=100001 r=-1
T3[t=2757s] shard15 r2 #93 cell=(197,60) sc=50265 nodes=100001 r=-1
T3[t=2757s] shard12 r2 #107 cell=(21,36) sc=50269 nodes=100001 r=-1
T3[t=2760s] shard13 r6 #56 cell=(37,80) sc=50255 nodes=144664 r=0
T3[t=2760s] shard6 r2 #91 cell=(255,50) sc=50266 nodes=100001 r=-1
T3[t=2762s] shard7 r6 #11 cell=(32,64) sc=50267 nodes=153721 r=0
T3[t=2762s] shard8 r6 #18 cell=(17,69) sc=50270 nodes=100232 r=0
T3[t=2763s] shard10 r5 #80 cell=(20,53) sc=50265 nodes=100001 r=-1
T3[t=2764s] shard4 r6 #24 cell=(17,63) sc=50268 nodes=156153 r=0
T3[t=2765s] shard9 r2 #101 cell=(18,39) sc=50272 nodes=100001 r=-1
T3[t=2768s] shard0 r2 #95 cell=(195,56) sc=50260 nodes=100001 r=-1
T3[t=2769s] shard3 r2 #96 cell=(36,97) sc=50265 nodes=100001 r=-1
T3[t=2770s] shard14 r6 #5 cell=(29,59) sc=50265 nodes=193246 r=0
T3[t=2772s] shard5 r6 #34 cell=(204,70) sc=50259 nodes=184826 r=0
T3[t=2776s] shard15 r2 #94 cell=(43,62) sc=50251 nodes=100001 r=-1
T3[t=2776s] shard9 r2 #103 cell=(251,52) sc=50267 nodes=57158 r=0
T3[t=2776s] shard12 r2 #108 cell=(15,32) sc=50262 nodes=100001 r=-1
T3[t=2778s] shard6 r2 #92 cell=(26,53) sc=50275 nodes=100001 r=-1
T3[t=2779s] shard10 r5 #81 cell=(45,74) sc=50255 nodes=100001 r=-1
T3[t=2782s] shard11 r6 #61 cell=(32,63) sc=50268 nodes=193907 r=0
T3[t=2783s] shard2 r6 #2 cell=(27,49) sc=50272 nodes=200001 r=-1
T3[t=2785s] shard13 r6 #59 cell=(25,24) sc=50263 nodes=153893 r=0
T3[t=2788s] shard0 r2 #96 cell=(226,1) sc=50255 nodes=100001 r=-1
T3[t=2788s] shard3 r2 #97 cell=(208,11) sc=50272 nodes=100001 r=-1
T3[t=2790s] shard1 r6 #14 cell=(46,64) sc=50272 nodes=200001 r=-1
T3[t=2791s] shard12 r2 #110 cell=(222,25) sc=50263 nodes=100001 r=-1
sweep shard12 round2 done (budget 100000)
T3[t=2794s] shard4 r6 #26 cell=(40,66) sc=50275 nodes=200001 r=-1
T3[t=2796s] shard10 r5 #84 cell=(18,37) sc=50269 nodes=100001 r=-1
sweep shard10 round5 done (budget 100000)
T3[t=2796s] shard15 r2 #95 cell=(241,64) sc=50272 nodes=100001 r=-1
T3[t=2796s] shard6 r2 #93 cell=(47,58) sc=50269 nodes=100001 r=-1
T3[t=2798s] shard12 r3 #0 cell=(196,80) sc=50266 nodes=50001 r=-1
T3[t=2798s] shard8 r6 #20 cell=(40,70) sc=50262 nodes=182346 r=0
T3[t=2798s] shard9 r2 #104 cell=(104,55) sc=50266 nodes=82299 r=0
T3[t=2798s] shard3 r2 #98 cell=(250,41) sc=50273 nodes=56630 r=0
T3[t=2803s] shard5 r6 #39 cell=(47,63) sc=50271 nodes=200001 r=-1
T3[t=2805s] shard12 r3 #1 cell=(208,22) sc=50269 nodes=50001 r=-1
T3[t=2807s] shard0 r2 #97 cell=(201,40) sc=50274 nodes=100001 r=-1
T3[t=2808s] shard7 r6 #12 cell=(41,67) sc=50261 nodes=200001 r=-1
T3[t=2809s] shard10 r6 #0 cell=(203,69) sc=50266 nodes=105186 r=0
T3[t=2809s] shard1 r6 #25 cell=(203,43) sc=50263 nodes=135430 r=0
T3[t=2810s] shard14 r6 #7 cell=(42,64) sc=50267 nodes=200001 r=-1
T3[t=2810s] shard9 r2 #105 cell=(52,67) sc=50270 nodes=100001 r=-1
T3[t=2811s] shard15 r2 #96 cell=(18,67) sc=50267 nodes=100001 r=-1
T3[t=2812s] shard2 r6 #6 cell=(37,59) sc=50266 nodes=200001 r=-1
T3[t=2813s] shard12 r3 #2 cell=(37,41) sc=50265 nodes=50001 r=-1
T3[t=2814s] shard3 r2 #99 cell=(36,63) sc=50272 nodes=100001 r=-1
T3[t=2816s] shard6 r2 #94 cell=(13,60) sc=50270 nodes=100001 r=-1
T3[t=2818s] shard13 r6 #61 cell=(16,39) sc=50270 nodes=200001 r=-1
T3[t=2818s] shard4 r6 #27 cell=(10,76) sc=50264 nodes=176018 r=0
T3[t=2818s] shard11 r6 #63 cell=(11,66) sc=50273 nodes=187615 r=0
T3[t=2824s] shard0 r2 #98 cell=(8,61) sc=50265 nodes=100001 r=-1
T3[t=2824s] shard9 r2 #106 cell=(11,72) sc=50259 nodes=100001 r=-1
T3[t=2825s] shard15 r2 #97 cell=(31,68) sc=50271 nodes=100001 r=-1
T3[t=2827s] shard12 r3 #3 cell=(60,42) sc=50267 nodes=50001 r=-1
T3[t=2829s] shard5 r6 #44 cell=(27,26) sc=50268 nodes=153928 r=0
T3[t=2829s] shard1 r6 #26 cell=(22,50) sc=50270 nodes=125428 r=0
T3[t=2830s] shard6 r2 #96 cell=(202,67) sc=50271 nodes=100001 r=-1
T3[t=2831s] shard8 r6 #29 cell=(26,64) sc=50259 nodes=119786 r=0
T3[t=2833s] shard0 r2 #99 cell=(215,62) sc=50272 nodes=55225 r=0
T3[t=2836s] shard3 r2 #101 cell=(36,71) sc=50267 nodes=100001 r=-1
T3[t=2837s] shard11 r6 #64 cell=(198,67) sc=50267 nodes=117451 r=0
T3[t=2837s] shard9 r2 #107 cell=(216,85) sc=50265 nodes=100001 r=-1
T3[t=2838s] shard7 r6 #14 cell=(11,69) sc=50265 nodes=139615 r=0
T3[t=2838s] shard12 r3 #4 cell=(41,43) sc=50272 nodes=50001 r=-1
T3[t=2841s] shard2 r6 #7 cell=(13,61) sc=50266 nodes=117700 r=0
T3[t=2841s] shard15 r2 #98 cell=(52,69) sc=50274 nodes=100001 r=-1
T3[t=2844s] shard10 r6 #2 cell=(52,64) sc=50273 nodes=200001 r=-1
T3[t=2845s] shard6 r2 #97 cell=(235,68) sc=50263 nodes=63121 r=0
T3[t=2846s] shard0 r2 #100 cell=(195,68) sc=50267 nodes=100001 r=-1
T3[t=2847s] shard12 r3 #7 cell=(194,50) sc=50272 nodes=50001 r=-1
T3[t=2852s] shard13 r6 #63 cell=(22,49) sc=50276 nodes=200001 r=-1
T3[t=2854s] shard4 r6 #30 cell=(49,59) sc=50268 nodes=200001 r=-1
T3[t=2855s] shard14 r6 #10 cell=(37,69) sc=50257 nodes=200001 r=-1
T3[t=2855s] shard3 r2 #102 cell=(190,73) sc=50267 nodes=76450 r=0
T3[t=2855s] shard12 r3 #10 cell=(32,56) sc=50265 nodes=50001 r=-1
T3[t=2856s] shard9 r2 #108 cell=(219,40) sc=50262 nodes=100001 r=-1
T3[t=2859s] shard15 r2 #99 cell=(18,75) sc=50279 nodes=100001 r=-1
T3[t=2862s] shard8 r6 #31 cell=(52,66) sc=50271 nodes=200001 r=-1
T3[t=2862s] shard6 r2 #99 cell=(118,73) sc=50275 nodes=69086 r=0
T3[t=2863s] shard0 r2 #101 cell=(10,73) sc=50265 nodes=100001 r=-1
T3[t=2863s] shard5 r6 #46 cell=(17,38) sc=50268 nodes=200001 r=-1
T3[t=2864s] shard11 r6 #65 cell=(42,71) sc=50263 nodes=200001 r=-1
T3[t=2866s] shard12 r3 #14 cell=(44,62) sc=50271 nodes=50001 r=-1
T3[t=2870s] shard7 r6 #24 cell=(27,53) sc=50263 nodes=200001 r=-1
T3[t=2871s] shard9 r2 #109 cell=(221,92) sc=50268 nodes=100001 r=-1
sweep shard9 round2 done (budget 100000)
T3[t=2873s] shard14 r6 #12 cell=(205,73) sc=50272 nodes=144317 r=0
T3[t=2875s] shard2 r6 #8 cell=(47,61) sc=50271 nodes=200001 r=-1
T3[t=2875s] shard1 r6 #31 cell=(34,68) sc=50262 nodes=200001 r=-1
T3[t=2876s] shard3 r2 #103 cell=(2,79) sc=50269 nodes=100001 r=-1
T3[t=2876s] shard10 r6 #4 cell=(32,42) sc=50271 nodes=200001 r=-1
T3[t=2877s] shard12 r3 #15 cell=(33,63) sc=50265 nodes=50001 r=-1
T3[t=2880s] shard9 r3 #1 cell=(207,69) sc=50272 nodes=50001 r=-1
T3[t=2881s] shard0 r2 #102 cell=(3,82) sc=50268 nodes=100001 r=-1
T3[t=2884s] shard15 r2 #100 cell=(38,79) sc=50267 nodes=100001 r=-1
T3[t=2885s] shard13 r6 #66 cell=(33,62) sc=50276 nodes=200001 r=-1
T3[t=2885s] shard6 r2 #100 cell=(39,76) sc=50270 nodes=100001 r=-1
T3[t=2886s] shard12 r3 #16 cell=(40,64) sc=50267 nodes=50001 r=-1
T3[t=2887s] shard4 r6 #31 cell=(51,61) sc=50271 nodes=200001 r=-1
T3[t=2890s] shard11 r6 #71 cell=(28,35) sc=50276 nodes=153893 r=0
T3[t=2892s] shard9 r3 #2 cell=(65,27) sc=50259 nodes=50001 r=-1
T3[t=2893s] shard3 r2 #104 cell=(180,65) sc=50269 nodes=100001 r=-1
T3[t=2896s] shard10 r6 #7 cell=(30,56) sc=50267 nodes=124686 r=0
T3[t=2897s] shard8 r6 #35 cell=(18,58) sc=50260 nodes=189062 r=0
T3[t=2899s] shard0 r2 #103 cell=(209,88) sc=50264 nodes=100001 r=-1
T3[t=2899s] shard9 r3 #3 cell=(200,34) sc=50257 nodes=50001 r=-1
T3[t=2900s] shard5 r6 #51 cell=(27,52) sc=50275 nodes=200001 r=-1
T3[t=2900s] shard6 r2 #101 cell=(218,87) sc=50275 nodes=100001 r=-1
T3[t=2902s] shard15 r2 #101 cell=(27,96) sc=50277 nodes=100001 r=-1
T3[t=2902s] shard12 r3 #17 cell=(12,66) sc=50272 nodes=50001 r=-1
T3[t=2903s] shard14 r6 #15 cell=(23,49) sc=50270 nodes=200001 r=-1
T3[t=2904s] shard1 r6 #35 cell=(29,51) sc=50271 nodes=179536 r=0
T3[t=2907s] shard2 r6 #12 cell=(33,67) sc=50264 nodes=138692 r=0
T3[t=2907s] shard9 r3 #4 cell=(205,35) sc=50267 nodes=50001 r=-1
T3[t=2907s] shard7 r6 #32 cell=(49,55) sc=50271 nodes=200001 r=-1
T3[t=2911s] shard3 r2 #105 cell=(1,90) sc=50268 nodes=100001 r=-1
T3[t=2913s] shard13 r6 #67 cell=(203,64) sc=50261 nodes=186162 r=0
T3[t=2913s] shard0 r2 #106 cell=(194,43) sc=50272 nodes=100001 r=-1
T3[t=2914s] shard9 r3 #5 cell=(33,43) sc=50268 nodes=50001 r=-1
T3[t=2914s] shard15 r2 #102 cell=(26,183) sc=50271 nodes=57350 r=0
T3[t=2918s] shard12 r3 #18 cell=(15,67) sc=50259 nodes=50001 r=-1
T3[t=2918s] shard6 r2 #102 cell=(1,164) sc=50263 nodes=87785 r=0
T3[t=2922s] shard8 r6 #43 cell=(21,42) sc=50264 nodes=153893 r=0
T3[t=2923s] shard11 r6 #77 cell=(9,68) sc=50264 nodes=169904 r=0
T3[t=2924s] shard9 r3 #9 cell=(17,59) sc=50261 nodes=50001 r=-1
T3[t=2925s] shard12 r3 #19 cell=(199,67) sc=50268 nodes=50001 r=-1
T3[t=2927s] shard4 r6 #35 cell=(37,73) sc=50268 nodes=200001 r=-1
T3[t=2927s] shard3 r2 #107 cell=(201,54) sc=50271 nodes=100001 r=-1
T3[t=2929s] shard0 r2 #107 cell=(23,36) sc=50270 nodes=100001 r=-1
T3[t=2930s] shard10 r6 #9 cell=(36,62) sc=50268 nodes=200001 r=-1
T3[t=2931s] shard15 r2 #103 cell=(203,58) sc=50266 nodes=100001 r=-1
T3[t=2931s] shard9 r3 #10 cell=(193,59) sc=50265 nodes=50001 r=-1
T3[t=2934s] shard6 r2 #103 cell=(22,45) sc=50266 nodes=100001 r=-1
T3[t=2935s] shard14 r6 #16 cell=(36,52) sc=50271 nodes=200001 r=-1
T3[t=2936s] shard5 r6 #52 cell=(32,53) sc=50264 nodes=200001 r=-1
T3[t=2937s] shard1 r6 #36 cell=(39,59) sc=50268 nodes=200001 r=-1
T3[t=2937s] shard9 r3 #11 cell=(188,60) sc=50261 nodes=50001 r=-1
T3[t=2939s] shard2 r6 #13 cell=(46,68) sc=50255 nodes=200001 r=-1
T3[t=2939s] shard7 r6 #33 cell=(47,69) sc=50254 nodes=200001 r=-1
T3[t=2942s] shard3 r2 #108 cell=(50,63) sc=50276 nodes=100001 r=-1
T3[t=2944s] shard12 r3 #20 cell=(32,68) sc=50261 nodes=50001 r=-1
T3[t=2946s] shard15 r2 #104 cell=(212,53) sc=50275 nodes=100001 r=-1
T3[t=2946s] shard13 r6 #69 cell=(16,67) sc=50260 nodes=200001 r=-1
T3[t=2949s] shard14 r6 #17 cell=(196,60) sc=50264 nodes=100053 r=0
T3[t=2949s] shard0 r2 #108 cell=(25,44) sc=50272 nodes=100001 r=-1
T3[t=2951s] shard12 r3 #23 cell=(220,96) sc=50267 nodes=50001 r=-1
T3[t=2953s] shard6 r2 #104 cell=(3,74) sc=50265 nodes=100001 r=-1
T3[t=2954s] shard9 r3 #14 cell=(29,63) sc=50271 nodes=50001 r=-1
T3[t=2956s] shard3 r2 #109 cell=(191,44) sc=50265 nodes=100001 r=-1
T3[t=2957s] shard11 r6 #78 cell=(36,69) sc=50265 nodes=200001 r=-1
T3[t=2958s] shard8 r6 #44 cell=(32,43) sc=50267 nodes=200001 r=-1
T3[t=2958s] shard15 r2 #105 cell=(205,62) sc=50268 nodes=100001 r=-1
T3[t=2960s] shard12 r3 #25 cell=(24,24) sc=50271 nodes=50001 r=-1
T3[t=2962s] shard9 r3 #15 cell=(43,65) sc=50269 nodes=50001 r=-1
T3[t=2964s] shard0 r2 #109 cell=(38,59) sc=50267 nodes=100001 r=-1
T3[t=2967s] shard5 r6 #55 cell=(50,57) sc=50267 nodes=200001 r=-1
T3[t=2968s] shard4 r6 #37 cell=(39,63) sc=50275 nodes=200001 r=-1
T3[t=2968s] shard12 r3 #26 cell=(200,32) sc=50275 nodes=50001 r=-1
T3[t=2969s] shard6 r2 #105 cell=(220,29) sc=50259 nodes=100001 r=-1
T3[t=2971s] shard15 r2 #106 cell=(189,70) sc=50270 nodes=100001 r=-1
T3[t=2972s] shard3 r2 #110 cell=(50,61) sc=50270 nodes=100001 r=-1
T3[t=2975s] shard12 r3 #27 cell=(87,35) sc=50265 nodes=50001 r=-1
T3[t=2977s] shard13 r6 #71 cell=(42,69) sc=50259 nodes=200001 r=-1
T3[t=2979s] shard7 r6 #35 cell=(39,65) sc=50266 nodes=200001 r=-1
T3[t=2979s] shard9 r3 #18 cell=(9,67) sc=50268 nodes=50001 r=-1
T3[t=2981s] shard14 r6 #18 cell=(42,62) sc=50273 nodes=200001 r=-1
T3[t=2983s] shard2 r6 #15 cell=(45,69) sc=50256 nodes=200001 r=-1
T3[t=2984s] shard0 r2 #110 cell=(27,100) sc=50277 nodes=100001 r=-1
T3[t=2984s] shard1 r6 #38 cell=(15,65) sc=50259 nodes=158763 r=0
T3[t=2986s] shard12 r3 #28 cell=(7,39) sc=50254 nodes=50001 r=-1
T3[t=2986s] shard6 r2 #107 cell=(17,60) sc=50275 nodes=100001 r=-1
T3[t=2986s] shard9 r3 #20 cell=(190,68) sc=50268 nodes=50001 r=-1
T3[t=2987s] shard10 r6 #11 cell=(10,66) sc=50272 nodes=189117 r=0
T3[t=2988s] shard15 r2 #109 cell=(18,27) sc=50264 nodes=100001 r=-1
T3[t=2988s] shard3 r2 #111 cell=(15,76) sc=50263 nodes=100001 r=-1
sweep shard3 round2 done (budget 100000)
T3[t=2991s] shard8 r6 #47 cell=(27,50) sc=50271 nodes=200001 r=-1
T3[t=2992s] shard11 r6 #79 cell=(45,72) sc=50257 nodes=200001 r=-1
T3[t=2993s] shard12 r3 #31 cell=(194,60) sc=50266 nodes=50001 r=-1
T3[t=2996s] shard3 r3 #0 cell=(188,82) sc=50270 nodes=50001 r=-1
T3[t=3000s] shard9 r3 #21 cell=(42,70) sc=50260 nodes=50001 r=-1
T3[t=3000s] shard5 r6 #57 cell=(50,59) sc=50270 nodes=200001 r=-1
T3[t=3001s] shard14 r6 #20 cell=(183,65) sc=50267 nodes=156070 r=0
T3[t=3002s] shard0 r2 #111 cell=(200,53) sc=50263 nodes=100001 r=-1
sweep shard0 round2 done (budget 100000)
T3[t=3003s] shard4 r6 #38 cell=(38,71) sc=50268 nodes=200001 r=-1
T3[t=3003s] shard15 r2 #110 cell=(14,75) sc=50264 nodes=100001 r=-1
sweep shard15 round2 done (budget 100000)
T3[t=3003s] shard6 r2 #108 cell=(30,69) sc=50253 nodes=100001 r=-1
T3[t=3006s] shard3 r3 #1 cell=(87,29) sc=50270 nodes=50001 r=-1
T3[t=3010s] shard1 r6 #43 cell=(38,72) sc=50270 nodes=145480 r=0
T3[t=3010s] shard9 r3 #23 cell=(205,71) sc=50262 nodes=50001 r=-1
T3[t=3010s] shard12 r3 #33 cell=(10,68) sc=50263 nodes=50001 r=-1
T3[t=3011s] shard7 r6 #36 cell=(18,71) sc=50266 nodes=184397 r=0
T3[t=3013s] shard0 r3 #0 cell=(72,24) sc=50267 nodes=50001 r=-1
T3[t=3013s] shard15 r3 #0 cell=(46,56) sc=50270 nodes=50001 r=-1
T3[t=3015s] shard11 r6 #83 cell=(12,25) sc=50265 nodes=153894 r=0
T3[t=3016s] shard9 r3 #24 cell=(193,73) sc=50275 nodes=50001 r=-1
T3[t=3017s] shard2 r6 #18 cell=(42,72) sc=50254 nodes=200001 r=-1
T3[t=3018s] shard6 r2 #109 cell=(196,57) sc=50261 nodes=100001 r=-1
T3[t=3019s] shard3 r3 #2 cell=(85,33) sc=50270 nodes=50001 r=-1
T3[t=3019s] shard10 r6 #14 cell=(41,71) sc=50261 nodes=200001 r=-1
T3[t=3020s] shard12 r3 #34 cell=(9,75) sc=50266 nodes=50001 r=-1
T3[t=3023s] shard9 r3 #27 cell=(210,78) sc=50262 nodes=50001 r=-1
T3[t=3025s] shard3 r3 #3 cell=(204,40) sc=50270 nodes=50001 r=-1
T3[t=3027s] shard12 r3 #35 cell=(192,78) sc=50269 nodes=50001 r=-1
T3[t=3027s] shard0 r3 #1 cell=(71,33) sc=50266 nodes=50001 r=-1
T3[t=3027s] shard15 r3 #1 cell=(86,28) sc=50269 nodes=50001 r=-1
T3[t=3028s] shard13 r6 #72 cell=(8,73) sc=50267 nodes=200001 r=-1
T3[t=3030s] shard8 r6 #49 cell=(25,56) sc=50273 nodes=200001 r=-1
T3[t=3030s] shard4 r6 #41 cell=(21,54) sc=50263 nodes=156351 r=0
T3[t=3031s] shard9 r3 #30 cell=(35,51) sc=50261 nodes=50001 r=-1
T3[t=3033s] shard5 r6 #59 cell=(13,68) sc=50269 nodes=198400 r=0
T3[t=3033s] shard3 r3 #5 cell=(30,46) sc=50273 nodes=50001 r=-1
T3[t=3033s] shard10 r6 #15 cell=(194,74) sc=50273 nodes=105610 r=0
T3[t=3034s] shard14 r6 #23 cell=(43,69) sc=50251 nodes=200001 r=-1
T3[t=3034s] shard7 r6 #40 cell=(15,30) sc=50268 nodes=153893 r=0
T3[t=3036s] shard6 r2 #110 cell=(9,84) sc=50276 nodes=100001 r=-1
sweep shard6 round2 done (budget 100000)
T3[t=3038s] shard1 r6 #47 cell=(14,29) sc=50265 nodes=153893 r=0
T3[t=3040s] shard15 r3 #2 cell=(16,36) sc=50269 nodes=50001 r=-1
T3[t=3040s] shard0 r3 #2 cell=(71,37) sc=50267 nodes=50001 r=-1
T3[t=3040s] shard12 r3 #38 cell=(32,58) sc=50264 nodes=50001 r=-1
T3[t=3042s] shard9 r3 #31 cell=(35,57) sc=50259 nodes=50001 r=-1
T3[t=3043s] shard11 r6 #84 cell=(11,36) sc=50272 nodes=153893 r=0
T3[t=3043s] shard3 r3 #7 cell=(34,48) sc=50271 nodes=50001 r=-1
T3[t=3047s] shard0 r3 #3 cell=(204,42) sc=50264 nodes=50001 r=-1
T3[t=3048s] shard6 r3 #0 cell=(46,58) sc=50269 nodes=50001 r=-1
T3[t=3049s] shard9 r3 #32 cell=(200,58) sc=50265 nodes=50001 r=-1
T3[t=3051s] shard15 r3 #3 cell=(45,37) sc=50264 nodes=50001 r=-1
T3[t=3053s] shard12 r3 #40 cell=(18,70) sc=50260 nodes=50001 r=-1
T3[t=3054s] shard0 r3 #4 cell=(43,45) sc=50271 nodes=50001 r=-1
T3[t=3055s] shard3 r3 #12 cell=(43,57) sc=50269 nodes=50001 r=-1
T3[t=3058s] shard4 r6 #43 cell=(25,26) sc=50261 nodes=153894 r=0
T3[t=3059s] shard9 r3 #33 cell=(22,62) sc=50267 nodes=50001 r=-1
T3[t=3060s] shard8 r6 #51 cell=(16,59) sc=50265 nodes=153852 r=0
T3[t=3060s] shard12 r3 #41 cell=(214,94) sc=50260 nodes=50001 r=-1
T3[t=3061s] shard14 r6 #29 cell=(107,32) sc=50261 nodes=145391 r=0
T3[t=3061s] shard2 r6 #30 cell=(35,67) sc=50267 nodes=159281 r=0
T3[t=3062s] shard0 r3 #5 cell=(31,47) sc=50272 nodes=50001 r=-1
T3[t=3064s] shard13 r6 #73 cell=(10,75) sc=50265 nodes=200001 r=-1
T3[t=3064s] shard6 r3 #1 cell=(111,79) sc=50268 nodes=50001 r=-1
T3[t=3065s] shard15 r3 #4 cell=(92,42) sc=50273 nodes=50001 r=-1
T3[t=3066s] shard3 r3 #13 cell=(34,58) sc=50265 nodes=50001 r=-1
T3[t=3066s] shard5 r6 #62 cell=(12,71) sc=50257 nodes=200001 r=-1
T3[t=3068s] shard9 r3 #35 cell=(24,72) sc=50278 nodes=50001 r=-1
T3[t=3069s] shard11 r6 #91 cell=(23,44) sc=50271 nodes=153897 r=0
T3[t=3069s] shard7 r6 #46 cell=(24,51) sc=50277 nodes=200001 r=-1
T3[t=3070s] shard12 r3 #42 cell=(205,45) sc=50264 nodes=50001 r=-1
T3[t=3071s] shard1 r6 #51 cell=(33,44) sc=50271 nodes=200001 r=-1
T3[t=3074s] shard6 r3 #4 cell=(14,30) sc=50264 nodes=50001 r=-1
T3[t=3075s] shard0 r3 #7 cell=(51,55) sc=50267 nodes=50001 r=-1
T3[t=3076s] shard3 r3 #14 cell=(41,59) sc=50269 nodes=50001 r=-1
T3[t=3076s] shard9 r3 #36 cell=(7,83) sc=50274 nodes=50001 r=-1
T3[t=3078s] shard12 r3 #43 cell=(191,77) sc=50268 nodes=50001 r=-1
T3[t=3078s] shard15 r3 #5 cell=(97,43) sc=50263 nodes=50001 r=-1
T3[t=3082s] shard10 r6 #19 cell=(22,60) sc=50265 nodes=200001 r=-1
T3[t=3082s] shard13 r6 #74 cell=(26,79) sc=50266 nodes=109299 r=0
T3[t=3082s] shard0 r3 #8 cell=(30,58) sc=50266 nodes=50001 r=-1
T3[t=3085s] shard6 r3 #9 cell=(90,48) sc=50266 nodes=50001 r=-1
T3[t=3088s] shard3 r3 #16 cell=(32,66) sc=50261 nodes=50001 r=-1
T3[t=3088s] shard15 r3 #6 cell=(30,44) sc=50276 nodes=50001 r=-1
T3[t=3090s] shard9 r3 #37 cell=(106,90) sc=50272 nodes=50001 r=-1
T3[t=3091s] shard14 r6 #32 cell=(21,28) sc=50267 nodes=153900 r=0
T3[t=3092s] shard0 r3 #10 cell=(35,59) sc=50273 nodes=50001 r=-1
T3[t=3093s] shard4 r6 #47 cell=(15,38) sc=50270 nodes=200001 r=-1
T3[t=3093s] shard6 r3 #10 cell=(23,51) sc=50268 nodes=50001 r=-1
T3[t=3093s] shard2 r6 #34 cell=(45,57) sc=50271 nodes=200001 r=-1
T3[t=3094s] shard12 r3 #44 cell=(38,62) sc=50266 nodes=50001 r=-1
T3[t=3095s] shard7 r6 #48 cell=(36,53) sc=50261 nodes=153981 r=0
T3[t=3097s] shard8 r6 #52 cell=(26,61) sc=50266 nodes=200001 r=-1
T3[t=3097s] shard15 r3 #8 cell=(25,47) sc=50271 nodes=50001 r=-1
T3[t=3098s] shard11 r6 #93 cell=(37,60) sc=50266 nodes=200001 r=-1
T3[t=3099s] shard3 r3 #17 cell=(202,66) sc=50278 nodes=50001 r=-1
T3[t=3099s] shard9 r3 #39 cell=(20,58) sc=50263 nodes=50001 r=-1
T3[t=3100s] shard5 r6 #68 cell=(16,29) sc=50269 nodes=200001 r=-1
T3[t=3100s] shard6 r3 #11 cell=(28,52) sc=50269 nodes=50001 r=-1
T3[t=3102s] shard0 r3 #11 cell=(41,61) sc=50256 nodes=50001 r=-1
T3[t=3102s] shard15 r3 #9 cell=(202,50) sc=50266 nodes=50001 r=-1
T3[t=3105s] shard1 r6 #53 cell=(32,47) sc=50272 nodes=200001 r=-1
T3[t=3106s] shard9 r3 #44 cell=(19,43) sc=50264 nodes=50001 r=-1
T3[t=3106s] shard12 r3 #46 cell=(36,72) sc=50268 nodes=50001 r=-1
T3[t=3109s] shard13 r6 #76 cell=(15,26) sc=50269 nodes=153893 r=0
T3[t=3112s] shard0 r3 #12 cell=(10,62) sc=50267 nodes=50001 r=-1
T3[t=3113s] shard12 r3 #47 cell=(41,60) sc=50270 nodes=50001 r=-1
T3[t=3114s] shard15 r3 #15 cell=(37,61) sc=50267 nodes=50001 r=-1
T3[t=3114s] shard6 r3 #14 cell=(51,59) sc=50269 nodes=50001 r=-1
T3[t=3114s] shard3 r3 #18 cell=(8,68) sc=50265 nodes=50001 r=-1
T3[t=3116s] shard9 r3 #45 cell=(36,64) sc=50267 nodes=50001 r=-1
T3[t=3119s] shard12 r3 #48 cell=(216,27) sc=50268 nodes=50001 r=-1
T3[t=3123s] shard14 r6 #33 cell=(9,36) sc=50268 nodes=200001 r=-1
T3[t=3124s] shard2 r6 #35 cell=(45,61) sc=50269 nodes=200001 r=-1
T3[t=3124s] shard7 r6 #50 cell=(49,58) sc=50279 nodes=200001 r=-1
T3[t=3124s] shard3 r3 #19 cell=(34,70) sc=50267 nodes=50001 r=-1
T3[t=3125s] shard9 r3 #47 cell=(48,64) sc=50263 nodes=50001 r=-1
T3[t=3125s] shard12 r3 #49 cell=(199,32) sc=50274 nodes=50001 r=-1
T3[t=3125s] shard6 r3 #15 cell=(19,61) sc=50269 nodes=50001 r=-1
T3[t=3126s] shard0 r3 #13 cell=(43,63) sc=50250 nodes=50001 r=-1
T3[t=3127s] shard4 r6 #54 cell=(48,57) sc=50267 nodes=200001 r=-1
T3[t=3127s] shard15 r3 #16 cell=(44,64) sc=50277 nodes=50001 r=-1
T3[t=3129s] shard3 r3 #20 cell=(189,71) sc=50270 nodes=50001 r=-1
T3[t=3130s] shard11 r6 #94 cell=(20,37) sc=50267 nodes=200001 r=-1
sweep shard11 round6 done (budget 200000)
T3[t=3132s] shard5 r6 #71 cell=(35,58) sc=50278 nodes=200001 r=-1
T3[t=3132s] shard10 r6 #20 cell=(31,65) sc=50255 nodes=163238 r=0
T3[t=3133s] shard12 r3 #50 cell=(223,34) sc=50268 nodes=50001 r=-1
T3[t=3133s] shard1 r6 #56 cell=(31,58) sc=50276 nodes=200001 r=-1
T3[t=3134s] shard6 r3 #16 cell=(195,61) sc=50274 nodes=50001 r=-1
T3[t=3135s] shard8 r6 #53 cell=(28,63) sc=50269 nodes=200001 r=-1
T3[t=3136s] shard0 r3 #14 cell=(199,65) sc=50262 nodes=50001 r=-1
T3[t=3136s] shard15 r3 #17 cell=(197,65) sc=50262 nodes=50001 r=-1
T3[t=3136s] shard9 r3 #48 cell=(36,74) sc=50262 nodes=50001 r=-1
T3[t=3137s] shard3 r3 #23 cell=(208,80) sc=50272 nodes=50001 r=-1
T3[t=3140s] shard2 r6 #36 cell=(13,69) sc=50267 nodes=121333 r=0
T3[t=3141s] shard13 r6 #77 cell=(27,56) sc=50266 nodes=200001 r=-1
T3[t=3141s] shard12 r3 #51 cell=(216,35) sc=50263 nodes=50001 r=-1
T3[t=3142s] shard15 r3 #18 cell=(196,66) sc=50268 nodes=50001 r=-1
T3[t=3142s] shard11 r7 #18 cell=(33,61) sc=50270 nodes=50001 r=-1
T3[t=3142s] shard3 r3 #24 cell=(207,21) sc=50279 nodes=50001 r=-1
T3[t=3143s] shard4 r6 #57 cell=(184,63) sc=50263 nodes=121619 r=0
T3[t=3143s] shard9 r3 #49 cell=(207,16) sc=50267 nodes=50001 r=-1
T3[t=3147s] shard14 r6 #34 cell=(28,37) sc=50264 nodes=154292 r=0
T3[t=3149s] shard12 r3 #52 cell=(214,39) sc=50268 nodes=50001 r=-1
T3[t=3149s] shard6 r3 #19 cell=(9,69) sc=50267 nodes=50001 r=-1
T3[t=3149s] shard0 r3 #16 cell=(41,69) sc=50253 nodes=50001 r=-1
T3[t=3150s] shard3 r3 #25 cell=(203,41) sc=50263 nodes=50001 r=-1
T3[t=3151s] shard9 r3 #51 cell=(10,37) sc=50277 nodes=50001 r=-1
T3[t=3158s] shard5 r6 #73 cell=(18,65) sc=50273 nodes=154589 r=0
T3[t=3158s] shard7 r6 #51 cell=(52,59) sc=50268 nodes=200001 r=-1
T3[t=3158s] shard9 r3 #52 cell=(26,39) sc=50267 nodes=50001 r=-1
T3[t=3159s] shard12 r3 #53 cell=(27,44) sc=50270 nodes=50001 r=-1
T3[t=3159s] shard6 r3 #20 cell=(38,70) sc=50269 nodes=50001 r=-1
T3[t=3159s] shard13 r6 #79 cell=(7,68) sc=50263 nodes=102330 r=0
T3[t=3159s] shard0 r3 #18 cell=(7,77) sc=50277 nodes=50001 r=-1
T3[t=3160s] shard15 r3 #19 cell=(29,67) sc=50276 nodes=50001 r=-1
T3[t=3161s] shard2 r6 #37 cell=(39,73) sc=50270 nodes=145481 r=0
T3[t=3161s] shard3 r3 #26 cell=(24,50) sc=50277 nodes=50001 r=-1
T3[t=3161s] shard11 r7 #24 cell=(44,70) sc=50261 nodes=50001 r=-1
T3[t=3165s] shard0 r3 #19 cell=(190,80) sc=50277 nodes=50001 r=-1
T3[t=3165s] shard10 r6 #21 cell=(35,69) sc=50259 nodes=200001 r=-1
T3[t=3165s] shard9 r3 #53 cell=(31,42) sc=50271 nodes=50001 r=-1
T3[t=3166s] shard1 r6 #57 cell=(10,61) sc=50277 nodes=193446 r=0
T3[t=3167s] shard12 r3 #55 cell=(200,47) sc=50264 nodes=50001 r=-1
T3[t=3168s] shard14 r6 #35 cell=(27,40) sc=50265 nodes=153895 r=0
T3[t=3169s] shard15 r3 #20 cell=(42,68) sc=50273 nodes=50001 r=-1
T3[t=3169s] shard6 r3 #22 cell=(116,74) sc=50274 nodes=50001 r=-1
T3[t=3170s] shard11 r7 #35 cell=(29,45) sc=50271 nodes=50001 r=-1
T3[t=3172s] shard3 r3 #29 cell=(23,61) sc=50266 nodes=50001 r=-1
T3[t=3173s] shard8 r6 #55 cell=(42,65) sc=50260 nodes=200001 r=-1
T3[t=3174s] shard0 r3 #21 cell=(103,97) sc=50263 nodes=50001 r=-1
T3[t=3175s] shard12 r3 #62 cell=(206,59) sc=50264 nodes=50001 r=-1
T3[t=3175s] shard4 r6 #58 cell=(32,65) sc=50254 nodes=200001 r=-1
T3[t=3176s] shard9 r3 #55 cell=(215,44) sc=50269 nodes=50001 r=-1
T3[t=3177s] shard6 r3 #23 cell=(201,75) sc=50260 nodes=50001 r=-1
T3[t=3178s] shard11 r7 #39 cell=(41,57) sc=50254 nodes=50001 r=-1
T3[t=3179s] shard3 r3 #30 cell=(188,62) sc=50272 nodes=50001 r=-1
T3[t=3179s] shard2 r6 #38 cell=(30,54) sc=50262 nodes=122715 r=0
T3[t=3181s] shard13 r6 #81 cell=(39,72) sc=50269 nodes=145445 r=0
T3[t=3182s] shard15 r3 #21 cell=(10,70) sc=50268 nodes=50001 r=-1
T3[t=3183s] shard0 r3 #23 cell=(86,26) sc=50277 nodes=50001 r=-1
T3[t=3183s] shard12 r3 #63 cell=(34,61) sc=50272 nodes=50001 r=-1
T3[t=3184s] shard9 r3 #56 cell=(200,45) sc=50265 nodes=50001 r=-1
T3[t=3189s] shard15 r3 #22 cell=(186,70) sc=50274 nodes=50001 r=-1
T3[t=3189s] shard5 r6 #74 cell=(43,66) sc=50276 nodes=200001 r=-1
T3[t=3190s] shard6 r3 #25 cell=(105,89) sc=50270 nodes=50001 r=-1
T3[t=3191s] shard7 r6 #53 cell=(24,61) sc=50265 nodes=200001 r=-1
T3[t=3192s] shard12 r3 #64 cell=(9,64) sc=50272 nodes=50001 r=-1
T3[t=3193s] shard11 r7 #40 cell=(45,65) sc=50264 nodes=50001 r=-1
T3[t=3193s] shard9 r3 #58 cell=(207,48) sc=50275 nodes=50001 r=-1
T3[t=3195s] shard0 r3 #24 cell=(89,41) sc=50266 nodes=50001 r=-1
T3[t=3196s] shard1 r6 #58 cell=(46,61) sc=50270 nodes=200001 r=-1
T3[t=3197s] shard3 r3 #31 cell=(11,65) sc=50263 nodes=50001 r=-1
T3[t=3199s] shard12 r3 #66 cell=(184,65) sc=50266 nodes=50001 r=-1
T3[t=3199s] shard15 r3 #24 cell=(17,73) sc=50266 nodes=50001 r=-1
T3[t=3201s] shard9 r3 #60 cell=(26,51) sc=50275 nodes=50001 r=-1
T3[t=3201s] shard14 r6 #37 cell=(29,44) sc=50272 nodes=200001 r=-1
T3[t=3201s] shard6 r3 #26 cell=(6,38) sc=50273 nodes=50001 r=-1
T3[t=3202s] shard11 r7 #49 cell=(38,64) sc=50264 nodes=50001 r=-1
T3[t=3203s] shard2 r6 #42 cell=(18,29) sc=50263 nodes=153893 r=0
T3[t=3204s] shard10 r6 #22 cell=(44,72) sc=50252 nodes=161266 r=0
T3[t=3204s] shard0 r3 #25 cell=(11,61) sc=50267 nodes=50001 r=-1
T3[t=3205s] shard15 r3 #27 cell=(203,87) sc=50266 nodes=50001 r=-1
T3[t=3205s] shard13 r6 #83 cell=(25,36) sc=50277 nodes=153894 r=0
sweep shard13 round6 done (budget 200000)
T3[t=3205s] shard12 r3 #67 cell=(187,66) sc=50271 nodes=50001 r=-1
T3[t=3207s] shard4 r6 #60 cell=(33,66) sc=50268 nodes=200001 r=-1
T3[t=3207s] shard3 r3 #32 cell=(37,67) sc=50265 nodes=50001 r=-1
T3[t=3207s] shard8 r6 #56 cell=(8,67) sc=50260 nodes=200001 r=-1
T3[t=3209s] shard9 r3 #61 cell=(35,52) sc=50272 nodes=50001 r=-1
T3[t=3209s] shard11 r7 #58 cell=(53,54) sc=50271 nodes=50001 r=-1
T3[t=3209s] shard6 r3 #27 cell=(198,56) sc=50268 nodes=50001 r=-1
T3[t=3212s] shard15 r3 #30 cell=(11,33) sc=50267 nodes=50001 r=-1
T3[t=3214s] shard13 r7 #9 cell=(35,61) sc=50265 nodes=50001 r=-1
T3[t=3214s] shard12 r3 #68 cell=(201,68) sc=50277 nodes=50001 r=-1
T3[t=3215s] shard0 r3 #26 cell=(46,62) sc=50271 nodes=50001 r=-1
T3[t=3216s] shard9 r3 #64 cell=(29,56) sc=50268 nodes=50001 r=-1
T3[t=3219s] shard3 r3 #33 cell=(36,68) sc=50271 nodes=50001 r=-1
T3[t=3219s] shard11 r7 #59 cell=(31,56) sc=50266 nodes=50001 r=-1
T3[t=3219s] shard15 r3 #31 cell=(213,35) sc=50272 nodes=50001 r=-1
T3[t=3221s] shard6 r3 #29 cell=(41,63) sc=50270 nodes=50001 r=-1
T3[t=3222s] shard7 r6 #56 cell=(41,66) sc=50276 nodes=200001 r=-1
T3[t=3223s] shard12 r3 #70 cell=(206,69) sc=50271 nodes=50001 r=-1
T3[t=3223s] shard9 r3 #66 cell=(204,61) sc=50267 nodes=50001 r=-1
T3[t=3223s] shard10 r6 #25 cell=(35,43) sc=50266 nodes=122901 r=0
T3[t=3223s] shard5 r6 #76 cell=(11,76) sc=50265 nodes=200001 r=-1
T3[t=3226s] shard15 r3 #32 cell=(207,45) sc=50272 nodes=50001 r=-1
T3[t=3227s] shard11 r7 #60 cell=(41,62) sc=50270 nodes=50001 r=-1
T3[t=3229s] shard0 r3 #28 cell=(25,67) sc=50261 nodes=50001 r=-1
T3[t=3229s] shard9 r3 #67 cell=(204,63) sc=50265 nodes=50001 r=-1
T3[t=3229s] shard3 r3 #34 cell=(13,87) sc=50267 nodes=50001 r=-1
T3[t=3229s] shard12 r3 #71 cell=(53,70) sc=50269 nodes=50001 r=-1
T3[t=3229s] shard1 r6 #60 cell=(44,63) sc=50270 nodes=200001 r=-1
T3[t=3230s] shard13 r7 #15 cell=(38,68) sc=50266 nodes=50001 r=-1
T3[t=3230s] shard4 r6 #61 cell=(203,66) sc=50277 nodes=157899 r=0
T3[t=3231s] shard11 r7 #65 cell=(42,71) sc=50263 nodes=50001 r=-1
T3[t=3231s] shard14 r6 #38 cell=(32,45) sc=50268 nodes=200001 r=-1
T3[t=3232s] shard6 r3 #30 cell=(44,66) sc=50275 nodes=50001 r=-1
T3[t=3234s] shard15 r3 #33 cell=(28,54) sc=50263 nodes=50001 r=-1
T3[t=3235s] shard9 r3 #68 cell=(205,64) sc=50270 nodes=50001 r=-1
T3[t=3236s] shard2 r6 #49 cell=(29,46) sc=50273 nodes=200001 r=-1
T3[t=3237s] shard12 r3 #72 cell=(44,71) sc=50267 nodes=50001 r=-1
T3[t=3238s] shard8 r6 #68 cell=(34,51) sc=50260 nodes=200001 r=-1
T3[t=3238s] shard11 r7 #78 cell=(36,69) sc=50265 nodes=50001 r=-1
T3[t=3239s] shard6 r3 #32 cell=(219,97) sc=50271 nodes=50001 r=-1
T3[t=3240s] shard0 r3 #29 cell=(23,27) sc=50265 nodes=50001 r=-1
T3[t=3240s] shard9 r3 #69 cell=(44,67) sc=50272 nodes=50001 r=-1
T3[t=3241s] shard13 r7 #18 cell=(45,71) sc=50270 nodes=50001 r=-1
T3[t=3241s] shard3 r3 #38 cell=(66,34) sc=50271 nodes=50001 r=-1
T3[t=3244s] shard12 r3 #73 cell=(9,72) sc=50269 nodes=50001 r=-1
T3[t=3245s] shard6 r3 #33 cell=(192,76) sc=50267 nodes=50001 r=-1
T3[t=3246s] shard11 r7 #79 cell=(45,72) sc=50257 nodes=50001 r=-1
T3[t=3247s] shard9 r3 #70 cell=(20,69) sc=50267 nodes=50001 r=-1
T3[t=3249s] shard15 r3 #35 cell=(16,66) sc=50262 nodes=50001 r=-1
T3[t=3249s] shard0 r3 #30 cell=(87,33) sc=50257 nodes=50001 r=-1
T3[t=3250s] shard13 r7 #25 cell=(31,45) sc=50269 nodes=50001 r=-1
T3[t=3253s] shard12 r3 #74 cell=(6,73) sc=50269 nodes=50001 r=-1
T3[t=3253s] shard11 r7 #93 cell=(37,60) sc=50266 nodes=50001 r=-1
T3[t=3253s] shard6 r3 #34 cell=(13,35) sc=50267 nodes=50001 r=-1
T3[t=3255s] shard3 r3 #39 cell=(89,47) sc=50267 nodes=50001 r=-1
T3[t=3256s] shard7 r6 #58 cell=(39,70) sc=50264 nodes=200001 r=-1
T3[t=3256s] shard10 r6 #35 cell=(32,61) sc=50270 nodes=200001 r=-1
T3[t=3256s] shard13 r7 #27 cell=(47,57) sc=50275 nodes=50001 r=-1
T3[t=3257s] shard15 r3 #37 cell=(6,86) sc=50275 nodes=50001 r=-1
T3[t=3257s] shard1 r6 #62 cell=(200,65) sc=50269 nodes=168897 r=0
T3[t=3258s] shard5 r6 #83 cell=(40,71) sc=50263 nodes=200001 r=-1
T3[t=3258s] shard9 r3 #71 cell=(202,69) sc=50267 nodes=50001 r=-1
T3[t=3258s] shard0 r3 #34 cell=(196,70) sc=50271 nodes=50001 r=-1
T3[t=3261s] shard14 r6 #39 cell=(24,47) sc=50272 nodes=200001 r=-1
T3[t=3262s] shard11 r7 #94 cell=(20,37) sc=50267 nodes=50001 r=-1
sweep shard11 round7 done (budget 50000)
T3[t=3262s] shard4 r6 #62 cell=(11,68) sc=50262 nodes=198379 r=0
T3[t=3263s] shard12 r3 #75 cell=(37,76) sc=50256 nodes=50001 r=-1
T3[t=3264s] shard15 r3 #39 cell=(44,36) sc=50261 nodes=50001 r=-1
T3[t=3264s] shard13 r7 #34 cell=(47,60) sc=50269 nodes=50001 r=-1
T3[t=3264s] shard6 r3 #35 cell=(86,42) sc=50265 nodes=50001 r=-1
T3[t=3265s] shard0 r3 #37 cell=(188,78) sc=50272 nodes=50001 r=-1
T3[t=3265s] shard3 r3 #41 cell=(36,54) sc=50261 nodes=50001 r=-1
T3[t=3267s] shard8 r6 #69 cell=(54,53) sc=50276 nodes=200001 r=-1
T3[t=3267s] shard2 r6 #50 cell=(27,48) sc=50273 nodes=200001 r=-1
T3[t=3267s] shard9 r3 #72 cell=(205,72) sc=50260 nodes=50001 r=-1
T3[t=3270s] shard15 r3 #40 cell=(196,40) sc=50275 nodes=50001 r=-1
T3[t=3272s] shard13 r7 #43 cell=(33,56) sc=50264 nodes=50001 r=-1
T3[t=3272s] shard6 r3 #36 cell=(43,55) sc=50271 nodes=50001 r=-1
T3[t=3272s] shard0 r3 #38 cell=(12,29) sc=50267 nodes=50001 r=-1
T3[t=3273s] shard12 r3 #76 cell=(11,78) sc=50269 nodes=50001 r=-1
T3[t=3275s] shard1 r6 #64 cell=(199,66) sc=50268 nodes=116644 r=0
T3[t=3277s] shard9 r3 #73 cell=(210,77) sc=50277 nodes=50001 r=-1
T3[t=3277s] shard11 r8 #18 cell=(33,61) sc=50270 nodes=50001 r=-1
T3[t=3277s] shard15 r3 #43 cell=(190,60) sc=50263 nodes=50001 r=-1
T3[t=3277s] shard3 r3 #42 cell=(53,57) sc=50274 nodes=50001 r=-1
T3[t=3279s] shard7 r6 #59 cell=(202,71) sc=50269 nodes=139698 r=0
T3[t=3279s] shard5 r6 #84 cell=(38,83) sc=50260 nodes=144674 r=0
T3[t=3280s] shard12 r3 #77 cell=(25,80) sc=50259 nodes=50001 r=-1
T3[t=3280s] shard13 r7 #46 cell=(45,62) sc=50272 nodes=50001 r=-1
T3[t=3282s] shard6 r3 #39 cell=(21,43) sc=50270 nodes=50001 r=-1
T3[t=3283s] shard15 r3 #44 cell=(184,68) sc=50268 nodes=50001 r=-1
T3[t=3283s] shard0 r3 #39 cell=(12,35) sc=50266 nodes=50001 r=-1
T3[t=3284s] shard9 r3 #74 cell=(3,80) sc=50269 nodes=50001 r=-1
T3[t=3284s] shard3 r3 #43 cell=(43,59) sc=50254 nodes=50001 r=-1
T3[t=3286s] shard14 r6 #44 cell=(18,57) sc=50264 nodes=153854 r=0
T3[t=3287s] shard10 r6 #42 cell=(37,52) sc=50276 nodes=200001 r=-1
T3[t=3288s] shard13 r7 #48 cell=(41,64) sc=50270 nodes=50001 r=-1
T3[t=3289s] shard15 r3 #46 cell=(184,78) sc=50272 nodes=50001 r=-1
T3[t=3290s] shard9 r3 #75 cell=(208,81) sc=50276 nodes=50001 r=-1
T3[t=3290s] shard12 r3 #78 cell=(13,86) sc=50273 nodes=50001 r=-1
T3[t=3293s] shard6 r3 #40 cell=(51,63) sc=50275 nodes=50001 r=-1
T3[t=3294s] shard3 r3 #45 cell=(22,74) sc=50267 nodes=50001 r=-1
T3[t=3296s] shard0 r3 #40 cell=(93,40) sc=50269 nodes=50001 r=-1
T3[t=3296s] shard4 r6 #64 cell=(35,70) sc=50267 nodes=200001 r=-1
T3[t=3297s] shard11 r8 #24 cell=(44,70) sc=50261 nodes=50001 r=-1
T3[t=3297s] shard13 r7 #61 cell=(16,39) sc=50270 nodes=50001 r=-1
T3[t=3297s] shard12 r3 #79 cell=(214,99) sc=50267 nodes=50001 r=-1
T3[t=3298s] shard2 r6 #53 cell=(49,56) sc=50267 nodes=200001 r=-1
T3[t=3298s] shard8 r6 #72 cell=(11,62) sc=50266 nodes=193404 r=0
T3[t=3299s] shard9 r3 #76 cell=(208,85) sc=50273 nodes=50001 r=-1
T3[t=3300s] shard6 r3 #43 cell=(215,54) sc=50269 nodes=50001 r=-1
T3[t=3300s] shard15 r3 #50 cell=(50,62) sc=50274 nodes=50001 r=-1
T3[t=3301s] shard7 r6 #67 cell=(27,38) sc=50271 nodes=154238 r=0
T3[t=3301s] shard1 r6 #66 cell=(45,68) sc=50254 nodes=200001 r=-1
T3[t=3304s] shard0 r3 #41 cell=(31,44) sc=50273 nodes=50001 r=-1
T3[t=3304s] shard3 r3 #47 cell=(72,28) sc=50257 nodes=50001 r=-1
T3[t=3305s] shard12 r3 #83 cell=(203,42) sc=50264 nodes=50001 r=-1
T3[t=3306s] shard6 r3 #44 cell=(48,71) sc=50264 nodes=50001 r=-1
T3[t=3306s] shard13 r7 #63 cell=(22,49) sc=50276 nodes=50001 r=-1
T3[t=3307s] shard11 r8 #35 cell=(29,45) sc=50271 nodes=50001 r=-1
T3[t=3307s] shard15 r3 #52 cell=(20,44) sc=50264 nodes=50001 r=-1
T3[t=3307s] shard9 r3 #77 cell=(19,90) sc=50273 nodes=50001 r=-1
T3[t=3311s] shard0 r3 #42 cell=(23,46) sc=50272 nodes=50001 r=-1
T3[t=3311s] shard5 r6 #85 cell=(38,73) sc=50269 nodes=200001 r=-1
T3[t=3312s] shard10 r6 #44 cell=(51,54) sc=50278 nodes=200001 r=-1
T3[t=3312s] shard14 r6 #46 cell=(36,61) sc=50266 nodes=200001 r=-1
T3[t=3313s] shard6 r3 #46 cell=(31,48) sc=50270 nodes=50001 r=-1
T3[t=3313s] shard12 r3 #84 cell=(30,45) sc=50270 nodes=50001 r=-1
T3[t=3314s] shard13 r7 #66 cell=(33,62) sc=50276 nodes=50001 r=-1
T3[t=3315s] shard3 r3 #49 cell=(23,26) sc=50267 nodes=50001 r=-1
T3[t=3316s] shard9 r3 #78 cell=(31,96) sc=50267 nodes=50001 r=-1
T3[t=3316s] shard11 r8 #39 cell=(41,57) sc=50254 nodes=50001 r=-1
T3[t=3318s] shard0 r3 #43 cell=(25,48) sc=50273 nodes=50001 r=-1
T3[t=3318s] shard15 r3 #53 cell=(204,46) sc=50267 nodes=50001 r=-1
T3[t=3320s] shard12 r3 #85 cell=(204,51) sc=50264 nodes=50001 r=-1
T3[t=3320s] shard6 r3 #47 cell=(185,66) sc=50270 nodes=50001 r=-1
T3[t=3322s] shard7 r6 #68 cell=(22,51) sc=50274 nodes=147123 r=0
T3[t=3323s] shard13 r7 #69 cell=(16,67) sc=50260 nodes=50001 r=-1
T3[t=3323s] shard4 r6 #66 cell=(37,74) sc=50264 nodes=144740 r=0
T3[t=3324s] shard9 r3 #83 cell=(221,22) sc=50261 nodes=50001 r=-1
T3[t=3326s] shard2 r6 #54 cell=(34,57) sc=50260 nodes=200001 r=-1
T3[t=3326s] shard0 r3 #44 cell=(24,49) sc=50276 nodes=50001 r=-1
T3[t=3326s] shard6 r3 #50 cell=(213,36) sc=50269 nodes=50001 r=-1
T3[t=3326s] shard3 r3 #50 cell=(72,35) sc=50268 nodes=50001 r=-1
T3[t=3327s] shard15 r3 #54 cell=(14,33) sc=50268 nodes=50001 r=-1
T3[t=3328s] shard5 r6 #87 cell=(202,59) sc=50262 nodes=118534 r=0
T3[t=3329s] shard10 r6 #46 cell=(208,57) sc=50257 nodes=107702 r=0
T3[t=3330s] shard11 r8 #40 cell=(45,65) sc=50264 nodes=50001 r=-1
T3[t=3330s] shard13 r7 #71 cell=(42,69) sc=50259 nodes=50001 r=-1
T3[t=3330s] shard12 r3 #86 cell=(46,57) sc=50273 nodes=50001 r=-1
T3[t=3330s] shard9 r3 #84 cell=(243,30) sc=50256 nodes=50001 r=-1
T3[t=3330s] shard8 r6 #73 cell=(3,68) sc=50270 nodes=192212 r=0
T3[t=3332s] shard1 r6 #68 cell=(44,69) sc=50257 nodes=200001 r=-1
T3[t=3332s] shard0 r3 #45 cell=(203,50) sc=50265 nodes=50001 r=-1
T3[t=3333s] shard3 r3 #52 cell=(200,37) sc=50271 nodes=50001 r=-1
T3[t=3335s] shard6 r3 #51 cell=(213,40) sc=50264 nodes=50001 r=-1
T3[t=3335s] shard15 r3 #55 cell=(11,24) sc=50276 nodes=50001 r=-1
T3[t=3338s] shard9 r3 #85 cell=(16,35) sc=50273 nodes=50001 r=-1
T3[t=3338s] shard13 r7 #72 cell=(8,73) sc=50267 nodes=50001 r=-1
T3[t=3338s] shard12 r3 #87 cell=(12,59) sc=50263 nodes=50001 r=-1
T3[t=3339s] shard14 r6 #47 cell=(47,62) sc=50271 nodes=200001 r=-1
T3[t=3339s] shard11 r8 #49 cell=(38,64) sc=50264 nodes=50001 r=-1
T3[t=3340s] shard0 r3 #46 cell=(214,51) sc=50273 nodes=50001 r=-1
T3[t=3342s] shard3 r3 #53 cell=(219,42) sc=50265 nodes=50001 r=-1
T3[t=3342s] shard15 r3 #56 cell=(20,33) sc=50266 nodes=50001 r=-1
T3[t=3343s] shard6 r3 #52 cell=(214,41) sc=50270 nodes=50001 r=-1
T3[t=3345s] shard12 r3 #88 cell=(201,64) sc=50263 nodes=50001 r=-1
T3[t=3345s] shard9 r3 #86 cell=(217,40) sc=50260 nodes=50001 r=-1
T3[t=3346s] shard13 r7 #73 cell=(10,75) sc=50265 nodes=50001 r=-1
T3[t=3347s] shard11 r8 #58 cell=(53,54) sc=50271 nodes=50001 r=-1
T3[t=3349s] shard7 r6 #71 cell=(42,63) sc=50264 nodes=200001 r=-1
T3[t=3350s] shard3 r3 #54 cell=(206,43) sc=50267 nodes=50001 r=-1
T3[t=3351s] shard6 r3 #55 cell=(212,49) sc=50271 nodes=50001 r=-1
T3[t=3351s] shard0 r3 #48 cell=(47,56) sc=50271 nodes=50001 r=-1
T3[t=3353s] shard9 r3 #88 cell=(34,47) sc=50273 nodes=50001 r=-1
T3[t=3354s] shard13 r7 #77 cell=(27,56) sc=50266 nodes=50001 r=-1
sweep shard13 round7 done (budget 50000)
T3[t=3354s] shard12 r3 #89 cell=(52,65) sc=50272 nodes=50001 r=-1
T3[t=3355s] shard2 r6 #55 cell=(33,58) sc=50258 nodes=200001 r=-1
T3[t=3355s] shard15 r3 #58 cell=(81,40) sc=50269 nodes=50001 r=-1
T3[t=3356s] shard11 r8 #59 cell=(31,56) sc=50266 nodes=50001 r=-1
T3[t=3356s] shard3 r3 #55 cell=(201,44) sc=50266 nodes=50001 r=-1
T3[t=3357s] shard1 r6 #72 cell=(37,78) sc=50253 nodes=144665 r=0
T3[t=3357s] shard4 r6 #70 cell=(10,29) sc=50269 nodes=200001 r=-1
T3[t=3357s] shard6 r3 #57 cell=(191,56) sc=50267 nodes=50001 r=-1
T3[t=3357s] shard8 r6 #79 cell=(26,45) sc=50274 nodes=153893 r=0
T3[t=3359s] shard0 r3 #49 cell=(30,57) sc=50267 nodes=50001 r=-1
T3[t=3360s] shard5 r6 #89 cell=(26,69) sc=50263 nodes=200001 r=-1
sweep shard5 round6 done (budget 200000)
T3[t=3361s] shard10 r6 #48 cell=(20,59) sc=50270 nodes=200001 r=-1
T3[t=3362s] shard13 r8 #9 cell=(35,61) sc=50265 nodes=50001 r=-1
T3[t=3362s] shard9 r3 #90 cell=(21,60) sc=50270 nodes=50001 r=-1
T3[t=3363s] shard12 r3 #91 cell=(38,69) sc=50263 nodes=50001 r=-1
T3[t=3363s] shard11 r8 #60 cell=(41,62) sc=50270 nodes=50001 r=-1
T3[t=3364s] shard14 r6 #48 cell=(38,63) sc=50264 nodes=200001 r=-1
T3[t=3367s] shard15 r3 #59 cell=(86,41) sc=50265 nodes=50001 r=-1
T3[t=3367s] shard0 r3 #50 cell=(242,59) sc=50265 nodes=50001 r=-1
T3[t=3369s] shard6 r3 #58 cell=(172,57) sc=50268 nodes=50001 r=-1
T3[t=3369s] shard11 r8 #65 cell=(42,71) sc=50263 nodes=50001 r=-1
T3[t=3370s] shard3 r3 #56 cell=(94,45) sc=50267 nodes=50001 r=-1
T3[t=3373s] shard12 r3 #92 cell=(231,72) sc=50259 nodes=50001 r=-1
T3[t=3374s] shard15 r3 #60 cell=(34,45) sc=50266 nodes=50001 r=-1
T3[t=3375s] shard9 r3 #91 cell=(161,64) sc=50277 nodes=50001 r=-1
T3[t=3376s] shard0 r3 #51 cell=(243,60) sc=50264 nodes=50001 r=-1
T3[t=3376s] shard13 r8 #15 cell=(38,68) sc=50266 nodes=50001 r=-1
T3[t=3376s] shard6 r3 #59 cell=(14,59) sc=50267 nodes=50001 r=-1
T3[t=3376s] shard5 r7 #0 cell=(37,65) sc=50257 nodes=50001 r=-1
T3[t=3377s] shard11 r8 #78 cell=(36,69) sc=50265 nodes=50001 r=-1
T3[t=3379s] shard7 r6 #72 cell=(26,65) sc=50260 nodes=193161 r=0
T3[t=3379s] shard2 r6 #56 cell=(15,60) sc=50271 nodes=154524 r=0
T3[t=3381s] shard12 r3 #93 cell=(7,84) sc=50275 nodes=50001 r=-1
T3[t=3381s] shard3 r3 #58 cell=(51,56) sc=50265 nodes=50001 r=-1
T3[t=3381s] shard15 r3 #61 cell=(23,48) sc=50277 nodes=50001 r=-1
T3[t=3382s] shard9 r3 #92 cell=(28,65) sc=50258 nodes=50001 r=-1
T3[t=3384s] shard13 r8 #18 cell=(45,71) sc=50270 nodes=50001 r=-1
T3[t=3385s] shard11 r8 #79 cell=(45,72) sc=50257 nodes=50001 r=-1
T3[t=3385s] shard5 r7 #5 cell=(42,58) sc=50255 nodes=50001 r=-1
T3[t=3386s] shard6 r3 #60 cell=(51,60) sc=50273 nodes=50001 r=-1
T3[t=3387s] shard15 r3 #63 cell=(191,54) sc=50266 nodes=50001 r=-1
T3[t=3387s] shard0 r3 #52 cell=(161,62) sc=50272 nodes=50001 r=-1
T3[t=3388s] shard9 r3 #93 cell=(181,66) sc=50268 nodes=50001 r=-1
T3[t=3388s] shard8 r6 #81 cell=(27,60) sc=50267 nodes=200001 r=-1
T3[t=3389s] shard12 r3 #94 cell=(38,109) sc=50268 nodes=50001 r=-1
T3[t=3390s] shard1 r6 #73 cell=(14,27) sc=50271 nodes=200001 r=-1
T3[t=3390s] shard4 r6 #73 cell=(25,50) sc=50274 nodes=200001 r=-1
T3[t=3391s] shard13 r8 #25 cell=(31,45) sc=50269 nodes=50001 r=-1
T3[t=3393s] shard11 r8 #93 cell=(37,60) sc=50266 nodes=50001 r=-1
T3[t=3394s] shard0 r3 #53 cell=(21,64) sc=50261 nodes=50001 r=-1
T3[t=3394s] shard3 r3 #60 cell=(23,60) sc=50269 nodes=50001 r=-1
T3[t=3395s] shard15 r3 #64 cell=(50,55) sc=50268 nodes=50001 r=-1
T3[t=3395s] shard6 r3 #61 cell=(27,62) sc=50267 nodes=50001 r=-1
T3[t=3395s] shard10 r6 #50 cell=(30,63) sc=50270 nodes=200001 r=-1
T3[t=3395s] shard9 r3 #94 cell=(34,69) sc=50267 nodes=50001 r=-1
T3[t=3396s] shard14 r6 #49 cell=(11,64) sc=50272 nodes=200001 r=-1
T3[t=3397s] shard12 r3 #98 cell=(24,53) sc=50268 nodes=50001 r=-1
T3[t=3398s] shard13 r8 #27 cell=(47,57) sc=50275 nodes=50001 r=-1
T3[t=3400s] shard15 r3 #66 cell=(199,58) sc=50274 nodes=50001 r=-1
T3[t=3400s] shard11 r8 #94 cell=(20,37) sc=50267 nodes=50001 r=-1
sweep shard11 round8 done (budget 50000)
T3[t=3403s] shard5 r7 #16 cell=(39,67) sc=50263 nodes=50001 r=-1
T3[t=3403s] shard6 r3 #62 cell=(24,63) sc=50260 nodes=50001 r=-1
T3[t=3404s] shard0 r3 #54 cell=(45,64) sc=50270 nodes=50001 r=-1
T3[t=3404s] shard9 r3 #95 cell=(9,74) sc=50267 nodes=50001 r=-1
T3[t=3405s] shard12 r3 #100 cell=(5,88) sc=50262 nodes=50001 r=-1
T3[t=3406s] shard3 r3 #61 cell=(14,61) sc=50274 nodes=50001 r=-1
T3[t=3406s] shard8 r6 #82 cell=(14,67) sc=50271 nodes=104739 r=0
sweep shard8 round6 done (budget 200000)
T3[t=3407s] shard13 r8 #34 cell=(47,60) sc=50269 nodes=50001 r=-1
T3[t=3407s] shard15 r3 #67 cell=(30,59) sc=50265 nodes=50001 r=-1
T3[t=3408s] shard2 r6 #57 cell=(46,63) sc=50272 nodes=200001 r=-1
T3[t=3411s] shard6 r3 #64 cell=(31,64) sc=50268 nodes=50001 r=-1
T3[t=3411s] shard9 r3 #96 cell=(12,77) sc=50273 nodes=50001 r=-1
T3[t=3412s] shard0 r3 #55 cell=(16,65) sc=50270 nodes=50001 r=-1
T3[t=3412s] shard7 r6 #73 cell=(45,66) sc=50274 nodes=200001 r=-1
T3[t=3412s] shard12 r3 #101 cell=(26,37) sc=50269 nodes=50001 r=-1
T3[t=3413s] shard8 r7 #5 cell=(25,51) sc=50266 nodes=50001 r=-1
T3[t=3415s] shard13 r8 #43 cell=(33,56) sc=50264 nodes=50001 r=-1
T3[t=3415s] shard15 r3 #69 cell=(9,62) sc=50268 nodes=50001 r=-1
T3[t=3416s] shard5 r7 #30 cell=(50,56) sc=50271 nodes=50001 r=-1
T3[t=3417s] shard12 r3 #102 cell=(197,74) sc=50271 nodes=50001 r=-1
T3[t=3418s] shard3 r3 #62 cell=(170,61) sc=50267 nodes=50001 r=-1
T3[t=3418s] shard0 r3 #56 cell=(197,66) sc=50270 nodes=50001 r=-1
T3[t=3418s] shard10 r6 #51 cell=(37,64) sc=50263 nodes=200001 r=-1
T3[t=3419s] shard1 r6 #75 cell=(15,36) sc=50270 nodes=153899 r=0
T3[t=3421s] shard4 r6 #77 cell=(37,68) sc=50268 nodes=200001 r=-1
T3[t=3422s] shard13 r8 #46 cell=(45,62) sc=50272 nodes=50001 r=-1
T3[t=3422s] shard9 r3 #97 cell=(36,103) sc=50261 nodes=50001 r=-1
T3[t=3423s] shard8 r7 #10 cell=(50,58) sc=50269 nodes=50001 r=-1
T3[t=3423s] shard6 r3 #65 cell=(197,64) sc=50267 nodes=50001 r=-1
T3[t=3425s] shard15 r3 #70 cell=(40,63) sc=50266 nodes=50001 r=-1
T3[t=3425s] shard11 r9 #18 cell=(33,61) sc=50270 nodes=100001 r=-1
T3[t=3425s] shard12 r3 #103 cell=(16,79) sc=50270 nodes=50001 r=-1
T3[t=3425s] shard3 r3 #63 cell=(19,62) sc=50268 nodes=50001 r=-1
T3[t=3427s] shard0 r3 #57 cell=(30,67) sc=50253 nodes=50001 r=-1
T3[t=3427s] shard5 r7 #33 cell=(52,68) sc=50269 nodes=50001 r=-1
T3[t=3428s] shard9 r3 #98 cell=(192,45) sc=50267 nodes=50001 r=-1
T3[t=3428s] shard6 r3 #66 cell=(38,65) sc=50261 nodes=50001 r=-1
T3[t=3429s] shard14 r6 #53 cell=(41,68) sc=50274 nodes=200001 r=-1
T3[t=3430s] shard13 r8 #48 cell=(41,64) sc=50270 nodes=50001 r=-1
T3[t=3432s] shard0 r3 #58 cell=(210,67) sc=50276 nodes=50001 r=-1
T3[t=3433s] shard15 r3 #71 cell=(17,64) sc=50271 nodes=50001 r=-1
T3[t=3435s] shard3 r3 #64 cell=(241,62) sc=50272 nodes=50001 r=-1
T3[t=3435s] shard6 r3 #67 cell=(210,65) sc=50272 nodes=50001 r=-1
T3[t=3436s] shard12 r3 #104 cell=(23,82) sc=50272 nodes=50001 r=-1
T3[t=3436s] shard5 r7 #39 cell=(47,63) sc=50271 nodes=50001 r=-1
T3[t=3439s] shard13 r8 #61 cell=(16,39) sc=50270 nodes=50001 r=-1
T3[t=3439s] shard0 r3 #59 cell=(43,68) sc=50270 nodes=50001 r=-1
T3[t=3439s] shard9 r3 #99 cell=(237,30) sc=50271 nodes=50001 r=-1
T3[t=3439s] shard4 r6 #78 cell=(203,70) sc=50271 nodes=101017 r=0
T3[t=3440s] shard2 r6 #59 cell=(31,66) sc=50260 nodes=200001 r=-1
T3[t=3441s] shard11 r9 #24 cell=(44,70) sc=50261 nodes=100001 r=-1
T3[t=3441s] shard6 r3 #68 cell=(39,66) sc=50270 nodes=50001 r=-1
T3[t=3442s] shard8 r7 #16 cell=(42,66) sc=50277 nodes=50001 r=-1
T3[t=3442s] shard3 r3 #65 cell=(27,64) sc=50258 nodes=50001 r=-1
T3[t=3443s] shard12 r3 #106 cell=(206,67) sc=50270 nodes=50001 r=-1
T3[t=3443s] shard15 r3 #72 cell=(8,65) sc=50267 nodes=50001 r=-1
T3[t=3444s] shard7 r6 #74 cell=(10,69) sc=50267 nodes=200001 r=-1
T3[t=3445s] shard5 r7 #46 cell=(17,38) sc=50268 nodes=50001 r=-1
T3[t=3447s] shard9 r3 #101 cell=(18,39) sc=50272 nodes=50001 r=-1
T3[t=3447s] shard13 r8 #63 cell=(22,49) sc=50276 nodes=50001 r=-1
T3[t=3449s] shard10 r6 #52 cell=(46,65) sc=50263 nodes=200001 r=-1
T3[t=3450s] shard8 r7 #17 cell=(43,67) sc=50271 nodes=50001 r=-1
T3[t=3450s] shard0 r3 #61 cell=(11,70) sc=50265 nodes=50001 r=-1
T3[t=3450s] shard12 r3 #107 cell=(21,36) sc=50269 nodes=50001 r=-1
T3[t=3450s] shard3 r3 #67 cell=(30,65) sc=50256 nodes=50001 r=-1
T3[t=3451s] shard15 r3 #73 cell=(23,66) sc=50272 nodes=50001 r=-1
T3[t=3451s] shard1 r6 #79 cell=(12,61) sc=50265 nodes=200001 r=-1
T3[t=3452s] shard6 r3 #69 cell=(40,67) sc=50265 nodes=50001 r=-1
T3[t=3454s] shard5 r7 #51 cell=(27,52) sc=50275 nodes=50001 r=-1
T3[t=3454s] shard9 r3 #105 cell=(52,67) sc=50270 nodes=50001 r=-1
T3[t=3456s] shard13 r8 #66 cell=(33,62) sc=50276 nodes=50001 r=-1
T3[t=3457s] shard8 r7 #31 cell=(52,66) sc=50271 nodes=50001 r=-1
T3[t=3457s] shard0 r3 #62 cell=(54,71) sc=50275 nodes=50001 r=-1
T3[t=3457s] shard6 r3 #70 cell=(187,68) sc=50267 nodes=50001 r=-1
T3[t=3457s] shard3 r3 #68 cell=(36,67) sc=50263 nodes=50001 r=-1
T3[t=3457s] shard12 r3 #108 cell=(15,32) sc=50262 nodes=50001 r=-1
T3[t=3458s] shard11 r9 #35 cell=(29,45) sc=50271 nodes=100001 r=-1
T3[t=3458s] shard14 r6 #56 cell=(13,72) sc=50269 nodes=198229 r=0
T3[t=3459s] shard15 r3 #74 cell=(208,67) sc=50272 nodes=50001 r=-1
T3[t=3460s] shard4 r6 #80 cell=(38,81) sc=50259 nodes=144876 r=0
T3[t=3461s] shard5 r7 #52 cell=(32,53) sc=50264 nodes=50001 r=-1
T3[t=3463s] shard13 r8 #69 cell=(16,67) sc=50260 nodes=50001 r=-1
T3[t=3463s] shard9 r3 #106 cell=(11,72) sc=50259 nodes=50001 r=-1
T3[t=3464s] shard12 r3 #110 cell=(222,25) sc=50263 nodes=50001 r=-1
sweep shard12 round3 done (budget 50000)
T3[t=3464s] shard15 r3 #75 cell=(209,68) sc=50263 nodes=50001 r=-1
T3[t=3465s] shard3 r3 #70 cell=(4,69) sc=50277 nodes=50001 r=-1
T3[t=3465s] shard8 r7 #44 cell=(32,43) sc=50267 nodes=50001 r=-1
T3[t=3466s] shard7 r6 #76 cell=(19,30) sc=50266 nodes=153893 r=0
T3[t=3466s] shard0 r3 #63 cell=(25,72) sc=50264 nodes=50001 r=-1
T3[t=3468s] shard5 r7 #55 cell=(50,57) sc=50267 nodes=50001 r=-1
T3[t=3468s] shard2 r6 #60 cell=(201,66) sc=50278 nodes=200001 r=-1
T3[t=3469s] shard9 r3 #107 cell=(216,85) sc=50265 nodes=50001 r=-1
T3[t=3470s] shard13 r8 #71 cell=(42,69) sc=50259 nodes=50001 r=-1
T3[t=3470s] shard15 r3 #76 cell=(40,69) sc=50261 nodes=50001 r=-1
T3[t=3471s] shard6 r3 #71 cell=(186,69) sc=50269 nodes=50001 r=-1
T3[t=3471s] shard12 r4 #0 cell=(196,80) sc=50266 nodes=50001 r=-1
T3[t=3474s] shard14 r6 #58 cell=(6,75) sc=50265 nodes=105481 r=0
T3[t=3474s] shard8 r7 #47 cell=(27,50) sc=50271 nodes=50001 r=-1
T3[t=3475s] shard11 r9 #39 cell=(41,57) sc=50254 nodes=100001 r=-1
T3[t=3476s] shard5 r7 #57 cell=(50,59) sc=50270 nodes=50001 r=-1
T3[t=3476s] shard3 r3 #71 cell=(46,69) sc=50255 nodes=50001 r=-1
T3[t=3477s] shard0 r3 #64 cell=(22,73) sc=50272 nodes=50001 r=-1
T3[t=3478s] shard9 r3 #108 cell=(219,40) sc=50262 nodes=50001 r=-1
T3[t=3478s] shard13 r8 #72 cell=(8,73) sc=50267 nodes=50001 r=-1
T3[t=3479s] shard6 r3 #72 cell=(198,71) sc=50273 nodes=50001 r=-1
T3[t=3479s] shard12 r4 #1 cell=(208,22) sc=50269 nodes=50001 r=-1
T3[t=3479s] shard15 r3 #78 cell=(8,75) sc=50264 nodes=50001 r=-1
T3[t=3481s] shard10 r6 #55 cell=(43,70) sc=50261 nodes=200001 r=-1
T3[t=3482s] shard8 r7 #49 cell=(25,56) sc=50273 nodes=50001 r=-1
T3[t=3482s] shard3 r3 #72 cell=(205,70) sc=50266 nodes=50001 r=-1
T3[t=3483s] shard1 r6 #82 cell=(34,67) sc=50273 nodes=200001 r=-1
T3[t=3484s] shard5 r7 #62 cell=(12,71) sc=50257 nodes=50001 r=-1
T3[t=3484s] shard0 r3 #67 cell=(27,78) sc=50269 nodes=50001 r=-1
T3[t=3486s] shard9 r3 #109 cell=(221,92) sc=50268 nodes=50001 r=-1
sweep shard9 round3 done (budget 50000)
T3[t=3486s] shard6 r3 #73 cell=(197,72) sc=50271 nodes=50001 r=-1
T3[t=3487s] shard13 r8 #73 cell=(10,75) sc=50265 nodes=50001 r=-1
T3[t=3487s] shard12 r4 #2 cell=(37,41) sc=50265 nodes=50001 r=-1
T3[t=3487s] shard15 r3 #79 cell=(201,76) sc=50270 nodes=50001 r=-1
T3[t=3489s] shard11 r9 #40 cell=(45,65) sc=50264 nodes=100001 r=-1
T3[t=3490s] shard4 r6 #84 cell=(37,66) sc=50270 nodes=200001 r=-1
sweep shard4 round6 done (budget 200000)
T3[t=3491s] shard8 r7 #52 cell=(26,61) sc=50266 nodes=50001 r=-1
T3[t=3492s] shard5 r7 #68 cell=(16,29) sc=50269 nodes=50001 r=-1
T3[t=3492s] shard3 r3 #74 cell=(36,73) sc=50269 nodes=50001 r=-1
T3[t=3493s] shard6 r3 #74 cell=(52,73) sc=50269 nodes=50001 r=-1
T3[t=3493s] shard0 r3 #68 cell=(28,79) sc=50272 nodes=50001 r=-1
T3[t=3495s] shard9 r4 #1 cell=(207,69) sc=50272 nodes=50001 r=-1
T3[t=3496s] shard13 r8 #77 cell=(27,56) sc=50266 nodes=50001 r=-1
sweep shard13 round8 done (budget 50000)
T3[t=3498s] shard7 r6 #77 cell=(33,48) sc=50276 nodes=200001 r=-1
T3[t=3498s] shard15 r3 #80 cell=(177,80) sc=50254 nodes=50001 r=-1
T3[t=3499s] shard5 r7 #71 cell=(35,58) sc=50278 nodes=50001 r=-1
T3[t=3499s] shard14 r6 #64 cell=(24,25) sc=50274 nodes=153894 r=0
T3[t=3500s] shard8 r7 #53 cell=(28,63) sc=50269 nodes=50001 r=-1
T3[t=3500s] shard12 r4 #3 cell=(60,42) sc=50267 nodes=50001 r=-1
T3[t=3501s] shard4 r7 #7 cell=(36,58) sc=50277 nodes=50001 r=-1
T3[t=3501s] shard1 r6 #84 cell=(44,73) sc=50257 nodes=128706 r=0
T3[t=3501s] shard2 r6 #62 cell=(38,75) sc=50259 nodes=200001 r=-1
T3[t=3503s] shard0 r3 #69 cell=(191,82) sc=50273 nodes=50001 r=-1
T3[t=3503s] shard6 r3 #75 cell=(174,77) sc=50279 nodes=50001 r=-1
T3[t=3505s] shard11 r9 #49 cell=(38,64) sc=50264 nodes=100001 r=-1
T3[t=3505s] shard15 r3 #82 cell=(38,97) sc=50263 nodes=50001 r=-1
T3[t=3505s] shard5 r7 #74 cell=(43,66) sc=50276 nodes=50001 r=-1
T3[t=3506s] shard10 r6 #63 cell=(22,41) sc=50275 nodes=153893 r=0
T3[t=3506s] shard3 r3 #76 cell=(177,78) sc=50255 nodes=50001 r=-1
T3[t=3506s] shard8 r7 #55 cell=(42,65) sc=50260 nodes=50001 r=-1
T3[t=3507s] shard9 r4 #2 cell=(65,27) sc=50259 nodes=50001 r=-1
T3[t=3508s] shard4 r7 #8 cell=(47,59) sc=50270 nodes=50001 r=-1
T3[t=3510s] shard0 r3 #70 cell=(210,87) sc=50269 nodes=50001 r=-1
T3[t=3512s] shard5 r7 #76 cell=(11,76) sc=50265 nodes=50001 r=-1
T3[t=3513s] shard15 r3 #83 cell=(32,101) sc=50264 nodes=50001 r=-1
T3[t=3513s] shard13 r9 #9 cell=(35,61) sc=50265 nodes=100001 r=-1
T3[t=3513s] shard8 r7 #56 cell=(8,67) sc=50260 nodes=50001 r=-1
T3[t=3513s] shard12 r4 #4 cell=(41,43) sc=50272 nodes=50001 r=-1
T3[t=3514s] shard3 r3 #78 cell=(21,88) sc=50264 nodes=50001 r=-1
T3[t=3514s] shard6 r3 #76 cell=(193,78) sc=50268 nodes=50001 r=-1
T3[t=3514s] shard9 r4 #3 cell=(200,34) sc=50257 nodes=50001 r=-1
T3[t=3517s] shard4 r7 #26 cell=(40,66) sc=50275 nodes=50001 r=-1
T3[t=3519s] shard0 r3 #71 cell=(34,101) sc=50264 nodes=50001 r=-1
T3[t=3519s] shard11 r9 #58 cell=(53,54) sc=50271 nodes=100001 r=-1
T3[t=3519s] shard15 r3 #86 cell=(26,25) sc=50272 nodes=50001 r=-1
T3[t=3520s] shard5 r7 #83 cell=(40,71) sc=50263 nodes=50001 r=-1
T3[t=3520s] shard8 r7 #68 cell=(34,51) sc=50260 nodes=50001 r=-1
T3[t=3521s] shard3 r3 #79 cell=(27,94) sc=50279 nodes=50001 r=-1
T3[t=3521s] shard9 r4 #4 cell=(205,35) sc=50267 nodes=50001 r=-1
T3[t=3522s] shard12 r4 #7 cell=(194,50) sc=50272 nodes=50001 r=-1
T3[t=3523s] shard2 r6 #63 cell=(10,77) sc=50263 nodes=140037 r=0
T3[t=3524s] shard7 r6 #81 cell=(52,63) sc=50271 nodes=200001 r=-1
T3[t=3527s] shard0 r3 #74 cell=(12,33) sc=50270 nodes=50001 r=-1
T3[t=3527s] shard6 r3 #78 cell=(178,81) sc=50268 nodes=50001 r=-1
T3[t=3528s] shard8 r7 #69 cell=(54,53) sc=50276 nodes=50001 r=-1
T3[t=3528s] shard5 r7 #85 cell=(38,73) sc=50269 nodes=50001 r=-1
T3[t=3528s] shard3 r3 #80 cell=(215,98) sc=50256 nodes=50001 r=-1
T3[t=3528s] shard4 r7 #30 cell=(49,59) sc=50268 nodes=50001 r=-1
T3[t=3529s] shard9 r4 #5 cell=(33,43) sc=50268 nodes=50001 r=-1
T3[t=3530s] shard12 r4 #10 cell=(32,56) sc=50265 nodes=50001 r=-1
T3[t=3531s] shard13 r9 #15 cell=(38,68) sc=50266 nodes=100001 r=-1
T3[t=3531s] shard1 r6 #89 cell=(36,59) sc=50266 nodes=200001 r=-1
sweep shard1 round6 done (budget 200000)
T3[t=3532s] shard15 r3 #88 cell=(88,41) sc=50267 nodes=50001 r=-1
T3[t=3533s] shard14 r6 #69 cell=(27,54) sc=50262 nodes=200001 r=-1
T3[t=3533s] shard6 r3 #80 cell=(219,98) sc=50260 nodes=50001 r=-1
T3[t=3534s] shard8 r7 #81 cell=(27,60) sc=50267 nodes=50001 r=-1
sweep shard8 round7 done (budget 50000)
T3[t=3535s] shard0 r3 #75 cell=(242,35) sc=50259 nodes=50001 r=-1
T3[t=3535s] shard4 r7 #31 cell=(51,61) sc=50271 nodes=50001 r=-1
T3[t=3535s] shard5 r7 #89 cell=(26,69) sc=50263 nodes=50001 r=-1
sweep shard5 round7 done (budget 50000)
T3[t=3535s] shard3 r3 #83 cell=(15,28) sc=50260 nodes=50001 r=-1
T3[t=3536s] shard10 r6 #64 cell=(28,45) sc=50272 nodes=200001 r=-1
T3[t=3537s] shard11 r9 #59 cell=(31,56) sc=50266 nodes=100001 r=-1
T3[t=3538s] shard9 r4 #9 cell=(17,59) sc=50261 nodes=50001 r=-1
T3[t=3540s] shard15 r3 #89 cell=(22,43) sc=50261 nodes=50001 r=-1
T3[t=3541s] shard8 r8 #5 cell=(25,51) sc=50266 nodes=50001 r=-1
T3[t=3542s] shard12 r4 #14 cell=(44,62) sc=50271 nodes=50001 r=-1
T3[t=3543s] shard3 r3 #88 cell=(31,46) sc=50271 nodes=50001 r=-1
T3[t=3543s] shard0 r3 #76 cell=(204,39) sc=50266 nodes=50001 r=-1
T3[t=3544s] shard9 r4 #10 cell=(193,59) sc=50265 nodes=50001 r=-1
T3[t=3544s] shard1 r7 #9 cell=(48,56) sc=50268 nodes=50001 r=-1
T3[t=3544s] shard5 r8 #0 cell=(37,65) sc=50257 nodes=50001 r=-1
T3[t=3545s] shard6 r3 #85 cell=(86,29) sc=50271 nodes=50001 r=-1
T3[t=3545s] shard2 r6 #64 cell=(17,36) sc=50268 nodes=153893 r=0
T3[t=3546s] shard4 r7 #35 cell=(37,73) sc=50268 nodes=50001 r=-1
T3[t=3547s] shard7 r6 #82 cell=(52,71) sc=50266 nodes=200001 r=-1
T3[t=3548s] shard15 r3 #90 cell=(28,49) sc=50277 nodes=50001 r=-1
T3[t=3549s] shard8 r8 #10 cell=(50,58) sc=50269 nodes=50001 r=-1
T3[t=3551s] shard9 r4 #11 cell=(188,60) sc=50261 nodes=50001 r=-1
T3[t=3551s] shard11 r9 #60 cell=(41,62) sc=50270 nodes=100001 r=-1
T3[t=3551s] shard0 r3 #77 cell=(202,43) sc=50267 nodes=50001 r=-1
T3[t=3551s] shard6 r3 #86 cell=(201,34) sc=50269 nodes=50001 r=-1
T3[t=3552s] shard5 r8 #5 cell=(42,58) sc=50255 nodes=50001 r=-1
T3[t=3552s] shard12 r4 #15 cell=(33,63) sc=50265 nodes=50001 r=-1
T3[t=3553s] shard1 r7 #10 cell=(31,57) sc=50267 nodes=50001 r=-1
T3[t=3554s] shard3 r3 #89 cell=(28,55) sc=50273 nodes=50001 r=-1
T3[t=3557s] shard0 r3 #78 cell=(216,45) sc=50264 nodes=50001 r=-1
T3[t=3558s] shard13 r9 #18 cell=(45,71) sc=50270 nodes=100001 r=-1
T3[t=3560s] shard6 r3 #87 cell=(203,40) sc=50265 nodes=50001 r=-1
T3[t=3560s] shard3 r3 #90 cell=(208,59) sc=50265 nodes=50001 r=-1
T3[t=3560s] shard15 r3 #92 cell=(174,57) sc=50274 nodes=50001 r=-1
T3[t=3561s] shard12 r4 #16 cell=(40,64) sc=50267 nodes=50001 r=-1
T3[t=3564s] shard11 r9 #65 cell=(42,71) sc=50263 nodes=100001 r=-1
T3[t=3565s] shard0 r3 #80 cell=(189,52) sc=50263 nodes=50001 r=-1
T3[t=3565s] shard4 r7 #37 cell=(39,63) sc=50275 nodes=50001 r=-1
T3[t=3566s] shard9 r4 #14 cell=(29,63) sc=50271 nodes=50001 r=-1
T3[t=3566s] shard14 r6 #71 cell=(22,59) sc=50261 nodes=200001 r=-1
T3[t=3567s] shard10 r6 #66 cell=(36,51) sc=50262 nodes=200001 r=-1
T3[t=3568s] shard5 r8 #16 cell=(39,67) sc=50263 nodes=50001 r=-1
T3[t=3568s] shard15 r3 #93 cell=(197,60) sc=50265 nodes=50001 r=-1
T3[t=3569s] shard6 r3 #88 cell=(218,41) sc=50266 nodes=50001 r=-1
T3[t=3569s] shard8 r8 #16 cell=(42,66) sc=50277 nodes=50001 r=-1
T3[t=3569s] shard3 r3 #91 cell=(27,66) sc=50270 nodes=50001 r=-1
T3[t=3570s] shard1 r7 #14 cell=(46,64) sc=50272 nodes=50001 r=-1
T3[t=3572s] shard4 r7 #38 cell=(38,71) sc=50268 nodes=50001 r=-1
T3[t=3572s] shard7 r6 #84 cell=(20,35) sc=50270 nodes=153893 r=0
T3[t=3574s] shard0 r3 #81 cell=(33,54) sc=50262 nodes=50001 r=-1
T3[t=3575s] shard12 r4 #17 cell=(12,66) sc=50272 nodes=50001 r=-1
T3[t=3575s] shard9 r4 #15 cell=(43,65) sc=50269 nodes=50001 r=-1
T3[t=3576s] shard13 r9 #25 cell=(31,45) sc=50269 nodes=100001 r=-1
T3[t=3576s] shard11 r9 #78 cell=(36,69) sc=50265 nodes=100001 r=-1
T3[t=3577s] shard3 r3 #92 cell=(21,70) sc=50267 nodes=50001 r=-1
T3[t=3577s] shard6 r3 #89 cell=(213,44) sc=50271 nodes=50001 r=-1
T3[t=3577s] shard8 r8 #17 cell=(43,67) sc=50271 nodes=50001 r=-1
T3[t=3578s] shard2 r6 #66 cell=(23,50) sc=50269 nodes=200001 r=-1
T3[t=3578s] shard15 r3 #94 cell=(43,62) sc=50251 nodes=50001 r=-1
T3[t=3579s] shard4 r7 #47 cell=(15,38) sc=50270 nodes=50001 r=-1
T3[t=3582s] shard0 r3 #82 cell=(198,57) sc=50262 nodes=50001 r=-1
T3[t=3583s] shard1 r7 #31 cell=(34,68) sc=50262 nodes=50001 r=-1
T3[t=3583s] shard5 r8 #30 cell=(50,56) sc=50271 nodes=50001 r=-1
T3[t=3584s] shard8 r8 #31 cell=(52,66) sc=50271 nodes=50001 r=-1
T3[t=3584s] shard3 r3 #94 cell=(9,76) sc=50267 nodes=50001 r=-1
T3[t=3585s] shard6 r3 #91 cell=(255,50) sc=50266 nodes=50001 r=-1
T3[t=3585s] shard4 r7 #54 cell=(48,57) sc=50267 nodes=50001 r=-1
T3[t=3585s] shard15 r3 #95 cell=(241,64) sc=50272 nodes=50001 r=-1
T3[t=3588s] shard0 r3 #84 cell=(17,66) sc=50259 nodes=50001 r=-1
T3[t=3588s] shard12 r4 #18 cell=(15,67) sc=50259 nodes=50001 r=-1
T3[t=3588s] shard9 r4 #18 cell=(9,67) sc=50268 nodes=50001 r=-1
T3[t=3589s] shard1 r7 #36 cell=(39,59) sc=50268 nodes=50001 r=-1
T3[t=3589s] shard14 r6 #74 cell=(29,36) sc=50267 nodes=153904 r=0
T3[t=3589s] shard11 r9 #79 cell=(45,72) sc=50257 nodes=100001 r=-1
T3[t=3589s] shard8 r8 #44 cell=(32,43) sc=50267 nodes=50001 r=-1
T3[t=3590s] shard6 r3 #92 cell=(26,53) sc=50275 nodes=50001 r=-1
T3[t=3590s] shard13 r9 #27 cell=(47,57) sc=50275 nodes=100001 r=-1
T3[t=3591s] shard4 r7 #58 cell=(32,65) sc=50254 nodes=50001 r=-1
T3[t=3591s] shard15 r3 #96 cell=(18,67) sc=50267 nodes=50001 r=-1
T3[t=3591s] shard3 r3 #95 cell=(193,80) sc=50277 nodes=50001 r=-1
T3[t=3591s] shard5 r8 #33 cell=(52,68) sc=50269 nodes=50001 r=-1
T3[t=3592s] shard10 r6 #68 cell=(36,57) sc=50258 nodes=200001 r=-1
T3[t=3593s] shard0 r3 #85 cell=(33,68) sc=50267 nodes=50001 r=-1
T3[t=3593s] shard12 r4 #19 cell=(199,67) sc=50268 nodes=50001 r=-1
T3[t=3593s] shard9 r4 #20 cell=(190,68) sc=50268 nodes=50001 r=-1
T3[t=3594s] shard7 r6 #85 cell=(21,38) sc=50268 nodes=153893 r=0
sweep shard7 round6 done (budget 200000)
T3[t=3595s] shard1 r7 #51 cell=(33,44) sc=50271 nodes=50001 r=-1
T3[t=3595s] shard8 r8 #47 cell=(27,50) sc=50271 nodes=50001 r=-1
T3[t=3595s] shard15 r3 #97 cell=(31,68) sc=50271 nodes=50001 r=-1
T3[t=3596s] shard6 r3 #93 cell=(47,58) sc=50269 nodes=50001 r=-1
T3[t=3597s] shard4 r7 #60 cell=(33,66) sc=50268 nodes=50001 r=-1
T3[t=3597s] shard3 r3 #96 cell=(36,97) sc=50265 nodes=50001 r=-1
T3[t=3597s] shard5 r8 #39 cell=(47,63) sc=50271 nodes=50001 r=-1
T3[t=3599s] shard0 r3 #87 cell=(30,73) sc=50273 nodes=50001 r=-1
T3[t=3600s] shard7 r7 #1 cell=(31,43) sc=50266 nodes=50001 r=-1
T3[t=3600s] shard11 r9 #93 cell=(37,60) sc=50266 nodes=100001 r=-1
T3[t=3600s] shard1 r7 #53 cell=(32,47) sc=50272 nodes=50001 r=-1
T3[t=3601s] shard8 r8 #49 cell=(25,56) sc=50273 nodes=50001 r=-1
T3[t=3601s] shard6 r3 #94 cell=(13,60) sc=50270 nodes=50001 r=-1
T3[t=3602s] shard9 r4 #21 cell=(42,70) sc=50260 nodes=50001 r=-1
T3[t=3602s] shard3 r3 #97 cell=(208,11) sc=50272 nodes=50001 r=-1
T3[t=3602s] shard13 r9 #34 cell=(47,60) sc=50269 nodes=100001 r=-1
T3[t=3602s] shard4 r7 #64 cell=(35,70) sc=50267 nodes=50001 r=-1
T3[t=3603s] shard15 r3 #98 cell=(52,69) sc=50274 nodes=50001 r=-1
T3[t=3603s] shard5 r8 #46 cell=(17,38) sc=50268 nodes=50001 r=-1
T3[t=3603s] shard2 r6 #71 cell=(10,65) sc=50269 nodes=200001 r=-1
T3[t=3603s] shard10 r6 #69 cell=(201,58) sc=50264 nodes=118813 r=0
T3[t=3605s] shard0 r3 #88 cell=(122,75) sc=50267 nodes=50001 r=-1
T3[t=3606s] shard1 r7 #56 cell=(31,58) sc=50276 nodes=50001 r=-1
T3[t=3606s] shard6 r3 #96 cell=(202,67) sc=50271 nodes=50001 r=-1
T3[t=3606s] shard3 r3 #99 cell=(36,63) sc=50272 nodes=50001 r=-1
T3[t=3607s] shard12 r4 #20 cell=(32,68) sc=50261 nodes=50001 r=-1
T3[t=3607s] shard8 r8 #52 cell=(26,61) sc=50266 nodes=50001 r=-1
T3[t=3608s] shard9 r4 #23 cell=(205,71) sc=50262 nodes=50001 r=-1
T3[t=3608s] shard4 r7 #70 cell=(10,29) sc=50269 nodes=50001 r=-1
T3[t=3609s] shard5 r8 #51 cell=(27,52) sc=50275 nodes=50001 r=-1
T3[t=3609s] shard15 r3 #99 cell=(18,75) sc=50279 nodes=50001 r=-1
T3[t=3609s] shard14 r6 #77 cell=(45,56) sc=50270 nodes=200001 r=-1
T3[t=3611s] shard0 r3 #90 cell=(7,86) sc=50267 nodes=50001 r=-1
T3[t=3611s] shard11 r9 #94 cell=(20,37) sc=50267 nodes=100001 r=-1
sweep shard11 round9 done (budget 100000)
T3[t=3612s] shard7 r7 #12 cell=(41,67) sc=50261 nodes=50001 r=-1
T3[t=3612s] shard9 r4 #24 cell=(193,73) sc=50275 nodes=50001 r=-1
T3[t=3612s] shard1 r7 #58 cell=(46,61) sc=50270 nodes=50001 r=-1
T3[t=3612s] shard12 r4 #23 cell=(220,96) sc=50267 nodes=50001 r=-1
T3[t=3613s] shard8 r8 #53 cell=(28,63) sc=50269 nodes=50001 r=-1
T3[t=3614s] shard6 r3 #100 cell=(39,76) sc=50270 nodes=50001 r=-1
T3[t=3614s] shard3 r3 #101 cell=(36,71) sc=50267 nodes=50001 r=-1
T3[t=3614s] shard4 r7 #73 cell=(25,50) sc=50274 nodes=50001 r=-1
T3[t=3614s] shard13 r9 #43 cell=(33,56) sc=50264 nodes=100001 r=-1
T3[t=3615s] shard5 r8 #52 cell=(32,53) sc=50264 nodes=50001 r=-1
T3[t=3616s] shard15 r3 #100 cell=(38,79) sc=50267 nodes=50001 r=-1
T3[t=3616s] shard0 r3 #91 cell=(37,96) sc=50273 nodes=50001 r=-1
T3[t=3617s] shard9 r4 #27 cell=(210,78) sc=50262 nodes=50001 r=-1
T3[t=3618s] shard7 r7 #24 cell=(27,53) sc=50263 nodes=50001 r=-1
T3[t=3618s] shard1 r7 #60 cell=(44,63) sc=50270 nodes=50001 r=-1
T3[t=3618s] shard12 r4 #25 cell=(24,24) sc=50271 nodes=50001 r=-1
T3[t=3619s] shard8 r8 #55 cell=(42,65) sc=50260 nodes=50001 r=-1
T3[t=3619s] shard6 r3 #101 cell=(218,87) sc=50275 nodes=50001 r=-1
T3[t=3620s] shard4 r7 #77 cell=(37,68) sc=50268 nodes=50001 r=-1
T3[t=3620s] shard5 r8 #55 cell=(50,57) sc=50267 nodes=50001 r=-1
T3[t=3620s] shard11 r10 #18 cell=(33,61) sc=50270 nodes=50001 r=-1
T3[t=3621s] shard3 r3 #103 cell=(2,79) sc=50269 nodes=50001 r=-1
T3[t=3622s] shard9 r4 #30 cell=(35,51) sc=50261 nodes=50001 r=-1
T3[t=3622s] shard0 r3 #94 cell=(227,46) sc=50268 nodes=50001 r=-1
T3[t=3622s] shard1 r7 #66 cell=(45,68) sc=50254 nodes=50001 r=-1
T3[t=3623s] shard10 r6 #73 cell=(5,68) sc=50273 nodes=158442 r=0
T3[t=3623s] shard15 r3 #101 cell=(27,96) sc=50277 nodes=50001 r=-1
T3[t=3623s] shard12 r4 #26 cell=(200,32) sc=50275 nodes=50001 r=-1
T3[t=3624s] shard13 r9 #46 cell=(45,62) sc=50272 nodes=100001 r=-1
T3[t=3625s] shard6 r3 #103 cell=(22,45) sc=50266 nodes=50001 r=-1
T3[t=3625s] shard8 r8 #56 cell=(8,67) sc=50260 nodes=50001 r=-1
T3[t=3626s] shard4 r7 #84 cell=(37,66) sc=50270 nodes=50001 r=-1
sweep shard4 round7 done (budget 50000)
T3[t=3626s] shard5 r8 #57 cell=(50,59) sc=50270 nodes=50001 r=-1
T3[t=3626s] shard2 r6 #72 cell=(25,66) sc=50260 nodes=200001 r=-1
T3[t=3627s] shard3 r3 #104 cell=(180,65) sc=50269 nodes=50001 r=-1
T3[t=3627s] shard0 r3 #95 cell=(195,56) sc=50260 nodes=50001 r=-1
T3[t=3627s] shard7 r7 #32 cell=(49,55) sc=50271 nodes=50001 r=-1
T3[t=3628s] shard1 r7 #68 cell=(44,69) sc=50257 nodes=50001 r=-1
T3[t=3628s] shard15 r3 #103 cell=(203,58) sc=50266 nodes=50001 r=-1
T3[t=3628s] shard12 r4 #27 cell=(87,35) sc=50265 nodes=50001 r=-1
T3[t=3629s] shard9 r4 #31 cell=(35,57) sc=50259 nodes=50001 r=-1
T3[t=3630s] shard14 r6 #81 cell=(47,68) sc=50255 nodes=200001 r=-1
T3[t=3630s] shard6 r3 #104 cell=(3,74) sc=50265 nodes=50001 r=-1
T3[t=3631s] shard8 r8 #68 cell=(34,51) sc=50260 nodes=50001 r=-1
T3[t=3632s] shard5 r8 #62 cell=(12,71) sc=50257 nodes=50001 r=-1
T3[t=3632s] shard3 r3 #105 cell=(1,90) sc=50268 nodes=50001 r=-1
T3[t=3633s] shard7 r7 #33 cell=(47,69) sc=50254 nodes=50001 r=-1
T3[t=3633s] shard15 r3 #104 cell=(212,53) sc=50275 nodes=50001 r=-1
T3[t=3633s] shard11 r10 #24 cell=(44,70) sc=50261 nodes=50001 r=-1
T3[t=3634s] shard0 r3 #96 cell=(226,1) sc=50255 nodes=50001 r=-1
T3[t=3634s] shard1 r7 #73 cell=(14,27) sc=50271 nodes=50001 r=-1
T3[t=3634s] shard9 r4 #32 cell=(200,58) sc=50265 nodes=50001 r=-1
T3[t=3635s] shard10 r6 #74 cell=(17,74) sc=50259 nodes=110142 r=0
T3[t=3635s] shard6 r3 #105 cell=(220,29) sc=50259 nodes=50001 r=-1
T3[t=3636s] shard12 r4 #28 cell=(7,39) sc=50254 nodes=50001 r=-1
T3[t=3636s] shard13 r9 #48 cell=(41,64) sc=50270 nodes=100001 r=-1
T3[t=3636s] shard4 r8 #7 cell=(36,58) sc=50277 nodes=50001 r=-1
T3[t=3637s] shard8 r8 #69 cell=(54,53) sc=50276 nodes=50001 r=-1
T3[t=3637s] shard3 r3 #107 cell=(201,54) sc=50271 nodes=50001 r=-1
T3[t=3638s] shard5 r8 #68 cell=(16,29) sc=50269 nodes=50001 r=-1
T3[t=3638s] shard15 r3 #105 cell=(205,62) sc=50268 nodes=50001 r=-1
T3[t=3639s] shard0 r3 #97 cell=(201,40) sc=50274 nodes=50001 r=-1
T3[t=3639s] shard11 r10 #35 cell=(29,45) sc=50271 nodes=50001 r=-1
T3[t=3640s] shard1 r7 #79 cell=(12,61) sc=50265 nodes=50001 r=-1
T3[t=3640s] shard7 r7 #35 cell=(39,65) sc=50266 nodes=50001 r=-1
T3[t=3641s] shard12 r4 #31 cell=(194,60) sc=50266 nodes=50001 r=-1
T3[t=3641s] shard6 r3 #107 cell=(17,60) sc=50275 nodes=50001 r=-1
T3[t=3642s] shard9 r4 #33 cell=(22,62) sc=50267 nodes=50001 r=-1
T3[t=3642s] shard4 r8 #8 cell=(47,59) sc=50270 nodes=50001 r=-1
T3[t=3642s] shard8 r8 #81 cell=(27,60) sc=50267 nodes=50001 r=-1
sweep shard8 round8 done (budget 50000)
T3[t=3642s] shard15 r3 #106 cell=(189,70) sc=50270 nodes=50001 r=-1
T3[t=3644s] shard5 r8 #71 cell=(35,58) sc=50278 nodes=50001 r=-1
T3[t=3645s] shard3 r3 #108 cell=(50,63) sc=50276 nodes=50001 r=-1
T3[t=3645s] shard0 r3 #98 cell=(8,61) sc=50265 nodes=50001 r=-1
T3[t=3646s] shard11 r10 #39 cell=(41,57) sc=50254 nodes=50001 r=-1
T3[t=3646s] shard1 r7 #82 cell=(34,67) sc=50273 nodes=50001 r=-1
T3[t=3646s] shard6 r3 #108 cell=(30,69) sc=50253 nodes=50001 r=-1
T3[t=3646s] shard7 r7 #46 cell=(24,51) sc=50277 nodes=50001 r=-1
T3[t=3647s] shard14 r6 #84 cell=(4,75) sc=50266 nodes=145099 r=0
sweep shard14 round6 done (budget 200000)
T3[t=3648s] shard13 r9 #61 cell=(16,39) sc=50270 nodes=100001 r=-1
T3[t=3648s] shard15 r3 #109 cell=(18,27) sc=50264 nodes=50001 r=-1
T3[t=3649s] shard9 r4 #35 cell=(24,72) sc=50278 nodes=50001 r=-1
T3[t=3649s] shard0 r3 #100 cell=(195,68) sc=50267 nodes=50001 r=-1
T3[t=3649s] shard5 r8 #74 cell=(43,66) sc=50276 nodes=50001 r=-1
T3[t=3650s] shard3 r3 #109 cell=(191,44) sc=50265 nodes=50001 r=-1
T3[t=3650s] shard4 r8 #26 cell=(40,66) sc=50275 nodes=50001 r=-1
T3[t=3650s] shard2 r6 #73 cell=(35,68) sc=50266 nodes=200001 r=-1
T3[t=3651s] shard6 r3 #109 cell=(196,57) sc=50261 nodes=50001 r=-1
T3[t=3652s] shard1 r7 #89 cell=(36,59) sc=50266 nodes=50001 r=-1
sweep shard1 round7 done (budget 50000)
T3[t=3652s] shard12 r4 #33 cell=(10,68) sc=50263 nodes=50001 r=-1
T3[t=3652s] shard7 r7 #50 cell=(49,58) sc=50279 nodes=50001 r=-1
T3[t=3653s] shard15 r3 #110 cell=(14,75) sc=50264 nodes=50001 r=-1
sweep shard15 round3 done (budget 50000)
T3[t=3653s] shard8 r9 #5 cell=(25,51) sc=50266 nodes=100001 r=-1
T3[t=3655s] shard9 r4 #36 cell=(7,83) sc=50274 nodes=50001 r=-1
T3[t=3655s] shard3 r3 #110 cell=(50,61) sc=50270 nodes=50001 r=-1
T3[t=3655s] shard5 r8 #76 cell=(11,76) sc=50265 nodes=50001 r=-1
T3[t=3655s] shard11 r10 #40 cell=(45,65) sc=50264 nodes=50001 r=-1
T3[t=3655s] shard0 r3 #101 cell=(10,73) sc=50265 nodes=50001 r=-1
T3[t=3657s] shard6 r3 #110 cell=(9,84) sc=50276 nodes=50001 r=-1
sweep shard6 round3 done (budget 50000)
T3[t=3657s] shard14 r7 #3 cell=(36,56) sc=50269 nodes=50001 r=-1
T3[t=3658s] shard7 r7 #51 cell=(52,59) sc=50268 nodes=50001 r=-1
T3[t=3658s] shard12 r4 #34 cell=(9,75) sc=50266 nodes=50001 r=-1
T3[t=3658s] shard4 r8 #30 cell=(49,59) sc=50268 nodes=50001 r=-1
T3[t=3659s] shard10 r6 #75 cell=(38,77) sc=50261 nodes=200001 r=-1
T3[t=3659s] shard13 r9 #63 cell=(22,49) sc=50276 nodes=100001 r=-1
T3[t=3660s] shard3 r3 #111 cell=(15,76) sc=50263 nodes=50001 r=-1
sweep shard3 round3 done (budget 50000)
T3[t=3660s] shard15 r4 #0 cell=(46,56) sc=50270 nodes=50001 r=-1
T3[t=3661s] shard0 r3 #102 cell=(3,82) sc=50268 nodes=50001 r=-1
T3[t=3661s] shard5 r8 #83 cell=(40,71) sc=50263 nodes=50001 r=-1
T3[t=3662s] shard11 r10 #49 cell=(38,64) sc=50264 nodes=50001 r=-1
T3[t=3662s] shard1 r8 #9 cell=(48,56) sc=50268 nodes=50001 r=-1
T3[t=3663s] shard12 r4 #35 cell=(192,78) sc=50269 nodes=50001 r=-1
T3[t=3664s] shard9 r4 #37 cell=(106,90) sc=50272 nodes=50001 r=-1
T3[t=3664s] shard4 r8 #31 cell=(51,61) sc=50271 nodes=50001 r=-1
T3[t=3664s] shard7 r7 #53 cell=(24,61) sc=50265 nodes=50001 r=-1
T3[t=3664s] shard14 r7 #7 cell=(42,64) sc=50267 nodes=50001 r=-1
T3[t=3665s] shard3 r4 #0 cell=(188,82) sc=50270 nodes=50001 r=-1
T3[t=3666s] shard8 r9 #10 cell=(50,58) sc=50269 nodes=100001 r=-1
T3[t=3666s] shard6 r4 #0 cell=(46,58) sc=50269 nodes=50001 r=-1
T3[t=3667s] shard5 r8 #85 cell=(38,73) sc=50269 nodes=50001 r=-1
T3[t=3667s] shard0 r3 #103 cell=(209,88) sc=50264 nodes=50001 r=-1
T3[t=3668s] shard11 r10 #58 cell=(53,54) sc=50271 nodes=50001 r=-1
T3[t=3668s] shard1 r8 #10 cell=(31,57) sc=50267 nodes=50001 r=-1
T3[t=3668s] shard2 r6 #78 cell=(14,37) sc=50269 nodes=153893 r=0
T3[t=3669s] shard15 r4 #1 cell=(86,28) sc=50269 nodes=50001 r=-1
T3[t=3670s] shard7 r7 #56 cell=(41,66) sc=50276 nodes=50001 r=-1
T3[t=3670s] shard9 r4 #39 cell=(20,58) sc=50263 nodes=50001 r=-1
T3[t=3671s] shard14 r7 #10 cell=(37,69) sc=50257 nodes=50001 r=-1
T3[t=3671s] shard13 r9 #66 cell=(33,62) sc=50276 nodes=100001 r=-1
T3[t=3672s] shard0 r3 #106 cell=(194,43) sc=50272 nodes=50001 r=-1
T3[t=3672s] shard3 r4 #1 cell=(87,29) sc=50270 nodes=50001 r=-1
T3[t=3672s] shard4 r8 #35 cell=(37,73) sc=50268 nodes=50001 r=-1
T3[t=3672s] shard5 r8 #89 cell=(26,69) sc=50263 nodes=50001 r=-1
sweep shard5 round8 done (budget 50000)
T3[t=3673s] shard12 r4 #38 cell=(32,58) sc=50264 nodes=50001 r=-1
T3[t=3673s] shard11 r10 #59 cell=(31,56) sc=50266 nodes=50001 r=-1
T3[t=3674s] shard10 r6 #76 cell=(14,83) sc=50270 nodes=124153 r=0
T3[t=3676s] shard7 r7 #58 cell=(39,70) sc=50264 nodes=50001 r=-1
T3[t=3676s] shard9 r4 #44 cell=(19,43) sc=50264 nodes=50001 r=-1
T3[t=3676s] shard14 r7 #15 cell=(23,49) sc=50270 nodes=50001 r=-1
T3[t=3676s] shard6 r4 #1 cell=(111,79) sc=50268 nodes=50001 r=-1
T3[t=3677s] shard15 r4 #2 cell=(16,36) sc=50269 nodes=50001 r=-1
T3[t=3677s] shard0 r3 #107 cell=(23,36) sc=50270 nodes=50001 r=-1
T3[t=3678s] shard8 r9 #16 cell=(42,66) sc=50277 nodes=100001 r=-1
T3[t=3679s] shard11 r10 #60 cell=(41,62) sc=50270 nodes=50001 r=-1
T3[t=3680s] shard3 r4 #2 cell=(85,33) sc=50270 nodes=50001 r=-1
T3[t=3681s] shard1 r8 #14 cell=(46,64) sc=50272 nodes=50001 r=-1
T3[t=3681s] shard7 r7 #71 cell=(42,63) sc=50264 nodes=50001 r=-1
T3[t=3682s] shard14 r7 #16 cell=(36,52) sc=50271 nodes=50001 r=-1
T3[t=3682s] shard12 r4 #40 cell=(18,70) sc=50260 nodes=50001 r=-1
T3[t=3683s] shard13 r9 #69 cell=(16,67) sc=50260 nodes=100001 r=-1
T3[t=3683s] shard6 r4 #4 cell=(14,30) sc=50264 nodes=50001 r=-1
T3[t=3683s] shard0 r3 #108 cell=(25,44) sc=50272 nodes=50001 r=-1
T3[t=3683s] shard11 r10 #65 cell=(42,71) sc=50263 nodes=50001 r=-1
T3[t=3683s] shard9 r4 #45 cell=(36,64) sc=50267 nodes=50001 r=-1
T3[t=3684s] shard15 r4 #3 cell=(45,37) sc=50264 nodes=50001 r=-1
T3[t=3686s] shard3 r4 #3 cell=(204,40) sc=50270 nodes=50001 r=-1
T3[t=3686s] shard5 r9 #0 cell=(37,65) sc=50257 nodes=100001 r=-1
T3[t=3686s] shard2 r6 #79 cell=(30,41) sc=50265 nodes=154077 r=0
T3[t=3687s] shard4 r8 #37 cell=(39,63) sc=50275 nodes=50001 r=-1
T3[t=3687s] shard12 r4 #41 cell=(214,94) sc=50260 nodes=50001 r=-1
T3[t=3687s] shard7 r7 #73 cell=(45,66) sc=50274 nodes=50001 r=-1
T3[t=3688s] shard0 r3 #109 cell=(38,59) sc=50267 nodes=50001 r=-1
T3[t=3689s] shard11 r10 #78 cell=(36,69) sc=50265 nodes=50001 r=-1
T3[t=3689s] shard9 r4 #47 cell=(48,64) sc=50263 nodes=50001 r=-1
T3[t=3689s] shard1 r8 #31 cell=(34,68) sc=50262 nodes=50001 r=-1
T3[t=3691s] shard3 r4 #5 cell=(30,46) sc=50273 nodes=50001 r=-1
T3[t=3691s] shard6 r4 #9 cell=(90,48) sc=50266 nodes=50001 r=-1
T3[t=3691s] shard8 r9 #17 cell=(43,67) sc=50271 nodes=100001 r=-1
T3[t=3692s] shard15 r4 #4 cell=(92,42) sc=50273 nodes=50001 r=-1
T3[t=3692s] shard12 r4 #42 cell=(205,45) sc=50264 nodes=50001 r=-1
T3[t=3693s] shard14 r7 #18 cell=(42,62) sc=50273 nodes=50001 r=-1
T3[t=3693s] shard7 r7 #74 cell=(10,69) sc=50267 nodes=50001 r=-1
T3[t=3693s] shard4 r8 #38 cell=(38,71) sc=50268 nodes=50001 r=-1
T3[t=3694s] shard13 r9 #71 cell=(42,69) sc=50259 nodes=100001 r=-1
T3[t=3694s] shard0 r3 #110 cell=(27,100) sc=50277 nodes=50001 r=-1
T3[t=3695s] shard11 r10 #79 cell=(45,72) sc=50257 nodes=50001 r=-1
T3[t=3695s] shard1 r8 #36 cell=(39,59) sc=50268 nodes=50001 r=-1
T3[t=3697s] shard10 r6 #78 cell=(35,60) sc=50266 nodes=200001 r=-1
T3[t=3697s] shard12 r4 #43 cell=(191,77) sc=50268 nodes=50001 r=-1
T3[t=3697s] shard3 r4 #7 cell=(34,48) sc=50271 nodes=50001 r=-1
T3[t=3698s] shard5 r9 #5 cell=(42,58) sc=50255 nodes=100001 r=-1
T3[t=3698s] shard6 r4 #10 cell=(23,51) sc=50268 nodes=50001 r=-1
T3[t=3699s] shard9 r4 #48 cell=(36,74) sc=50262 nodes=50001 r=-1
T3[t=3699s] shard7 r7 #77 cell=(33,48) sc=50276 nodes=50001 r=-1
T3[t=3699s] shard4 r8 #47 cell=(15,38) sc=50270 nodes=50001 r=-1
T3[t=3699s] shard14 r7 #23 cell=(43,69) sc=50251 nodes=50001 r=-1
T3[t=3699s] shard15 r4 #5 cell=(97,43) sc=50263 nodes=50001 r=-1
T3[t=3700s] shard0 r3 #111 cell=(200,53) sc=50263 nodes=50001 r=-1
sweep shard0 round3 done (budget 50000)
T3[t=3700s] shard11 r10 #93 cell=(37,60) sc=50266 nodes=50001 r=-1
T3[t=3701s] shard1 r8 #51 cell=(33,44) sc=50271 nodes=50001 r=-1
T3[t=3704s] shard8 r9 #31 cell=(52,66) sc=50271 nodes=100001 r=-1
T3[t=3704s] shard9 r4 #49 cell=(207,16) sc=50267 nodes=50001 r=-1
T3[t=3704s] shard6 r4 #11 cell=(28,52) sc=50269 nodes=50001 r=-1
T3[t=3705s] shard4 r8 #54 cell=(48,57) sc=50267 nodes=50001 r=-1
T3[t=3705s] shard7 r7 #81 cell=(52,63) sc=50271 nodes=50001 r=-1
T3[t=3705s] shard3 r4 #12 cell=(43,57) sc=50269 nodes=50001 r=-1
T3[t=3705s] shard15 r4 #6 cell=(30,44) sc=50276 nodes=50001 r=-1
T3[t=3705s] shard14 r7 #33 cell=(9,36) sc=50268 nodes=50001 r=-1
T3[t=3706s] shard11 r10 #94 cell=(20,37) sc=50267 nodes=50001 r=-1
sweep shard11 round10 done (budget 50000)
T3[t=3707s] shard12 r4 #44 cell=(38,62) sc=50266 nodes=50001 r=-1
T3[t=3707s] shard1 r8 #53 cell=(32,47) sc=50272 nodes=50001 r=-1
T3[t=3708s] shard13 r9 #72 cell=(8,73) sc=50267 nodes=100001 r=-1
T3[t=3708s] shard0 r4 #0 cell=(72,24) sc=50267 nodes=50001 r=-1
T3[t=3710s] shard9 r4 #51 cell=(10,37) sc=50277 nodes=50001 r=-1
T3[t=3710s] shard2 r6 #80 cell=(28,47) sc=50273 nodes=200001 r=-1
T3[t=3710s] shard4 r8 #58 cell=(32,65) sc=50254 nodes=50001 r=-1
T3[t=3711s] shard7 r7 #82 cell=(52,71) sc=50266 nodes=50001 r=-1
sweep shard7 round7 done (budget 50000)
T3[t=3711s] shard14 r7 #37 cell=(29,44) sc=50272 nodes=50001 r=-1
T3[t=3711s] shard15 r4 #8 cell=(25,47) sc=50271 nodes=50001 r=-1
T3[t=3712s] shard6 r4 #14 cell=(51,59) sc=50269 nodes=50001 r=-1
T3[t=3712s] shard3 r4 #13 cell=(34,58) sc=50265 nodes=50001 r=-1
T3[t=3713s] shard1 r8 #56 cell=(31,58) sc=50276 nodes=50001 r=-1
T3[t=3714s] shard12 r4 #46 cell=(36,72) sc=50268 nodes=50001 r=-1
T3[t=3715s] shard10 r6 #79 cell=(10,31) sc=50270 nodes=153893 r=0
T3[t=3715s] shard8 r9 #44 cell=(32,43) sc=50267 nodes=100001 r=-1
T3[t=3715s] shard9 r4 #52 cell=(26,39) sc=50267 nodes=50001 r=-1
T3[t=3715s] shard15 r4 #9 cell=(202,50) sc=50266 nodes=50001 r=-1
T3[t=3715s] shard5 r9 #16 cell=(39,67) sc=50263 nodes=100001 r=-1
T3[t=3716s] shard11 r11 #18 cell=(33,61) sc=50270 nodes=50001 r=-1
T3[t=3716s] shard4 r8 #60 cell=(33,66) sc=50268 nodes=50001 r=-1
T3[t=3716s] shard14 r7 #38 cell=(32,45) sc=50268 nodes=50001 r=-1
T3[t=3716s] shard7 r8 #1 cell=(31,43) sc=50266 nodes=50001 r=-1
T3[t=3717s] shard0 r4 #1 cell=(71,33) sc=50266 nodes=50001 r=-1
T3[t=3718s] shard1 r8 #58 cell=(46,61) sc=50270 nodes=50001 r=-1
T3[t=3719s] shard6 r4 #15 cell=(19,61) sc=50269 nodes=50001 r=-1
T3[t=3719s] shard13 r9 #73 cell=(10,75) sc=50265 nodes=100001 r=-1
T3[t=3720s] shard12 r4 #47 cell=(41,60) sc=50270 nodes=50001 r=-1
T3[t=3720s] shard3 r4 #14 cell=(41,59) sc=50269 nodes=50001 r=-1
T3[t=3721s] shard9 r4 #53 cell=(31,42) sc=50271 nodes=50001 r=-1
T3[t=3722s] shard4 r8 #64 cell=(35,70) sc=50267 nodes=50001 r=-1
T3[t=3722s] shard15 r4 #15 cell=(37,61) sc=50267 nodes=50001 r=-1
T3[t=3723s] shard14 r7 #39 cell=(24,47) sc=50272 nodes=50001 r=-1
T3[t=3724s] shard1 r8 #60 cell=(44,63) sc=50270 nodes=50001 r=-1
T3[t=3724s] shard6 r4 #16 cell=(195,61) sc=50274 nodes=50001 r=-1
T3[t=3725s] shard12 r4 #48 cell=(216,27) sc=50268 nodes=50001 r=-1
T3[t=3725s] shard0 r4 #2 cell=(71,37) sc=50267 nodes=50001 r=-1
T3[t=3727s] shard8 r9 #47 cell=(27,50) sc=50271 nodes=100001 r=-1
T3[t=3728s] shard9 r4 #55 cell=(215,44) sc=50269 nodes=50001 r=-1
T3[t=3728s] shard3 r4 #16 cell=(32,66) sc=50261 nodes=50001 r=-1
T3[t=3728s] shard4 r8 #70 cell=(10,29) sc=50269 nodes=50001 r=-1
T3[t=3728s] shard14 r7 #46 cell=(36,61) sc=50266 nodes=50001 r=-1
T3[t=3729s] shard7 r8 #12 cell=(41,67) sc=50261 nodes=50001 r=-1
T3[t=3729s] shard1 r8 #66 cell=(45,68) sc=50254 nodes=50001 r=-1
T3[t=3730s] shard11 r11 #24 cell=(44,70) sc=50261 nodes=50001 r=-1
T3[t=3731s] shard12 r4 #49 cell=(199,32) sc=50274 nodes=50001 r=-1
T3[t=3731s] shard5 r9 #30 cell=(50,56) sc=50271 nodes=100001 r=-1
T3[t=3731s] shard0 r4 #3 cell=(204,42) sc=50264 nodes=50001 r=-1
T3[t=3731s] shard15 r4 #16 cell=(44,64) sc=50277 nodes=50001 r=-1
T3[t=3732s] shard13 r9 #77 cell=(27,56) sc=50266 nodes=100001 r=-1
sweep shard13 round9 done (budget 100000)
T3[t=3733s] shard9 r4 #56 cell=(200,45) sc=50265 nodes=50001 r=-1
T3[t=3734s] shard4 r8 #73 cell=(25,50) sc=50274 nodes=50001 r=-1
T3[t=3734s] shard14 r7 #47 cell=(47,62) sc=50271 nodes=50001 r=-1
T3[t=3734s] shard2 r6 #81 cell=(12,63) sc=50265 nodes=200001 r=-1
sweep shard2 round6 done (budget 200000)
T3[t=3734s] shard6 r4 #19 cell=(9,69) sc=50267 nodes=50001 r=-1
T3[t=3735s] shard3 r4 #17 cell=(202,66) sc=50278 nodes=50001 r=-1
T3[t=3735s] shard7 r8 #24 cell=(27,53) sc=50263 nodes=50001 r=-1
T3[t=3735s] shard1 r8 #68 cell=(44,69) sc=50257 nodes=50001 r=-1
T3[t=3736s] shard11 r11 #35 cell=(29,45) sc=50271 nodes=50001 r=-1
T3[t=3736s] shard0 r4 #4 cell=(43,45) sc=50271 nodes=50001 r=-1
T3[t=3736s] shard12 r4 #50 cell=(223,34) sc=50268 nodes=50001 r=-1
T3[t=3738s] shard13 r10 #9 cell=(35,61) sc=50265 nodes=50001 r=-1
T3[t=3738s] shard15 r4 #17 cell=(197,65) sc=50262 nodes=50001 r=-1
T3[t=3738s] shard10 r6 #80 cell=(20,53) sc=50265 nodes=200001 r=-1
T3[t=3739s] shard9 r4 #58 cell=(207,48) sc=50275 nodes=50001 r=-1
T3[t=3739s] shard8 r9 #49 cell=(25,56) sc=50273 nodes=100001 r=-1
T3[t=3740s] shard14 r7 #48 cell=(38,63) sc=50264 nodes=50001 r=-1
T3[t=3740s] shard4 r8 #77 cell=(37,68) sc=50268 nodes=50001 r=-1
T3[t=3740s] shard2 r7 #0 cell=(40,59) sc=50269 nodes=50001 r=-1
T3[t=3740s] shard1 r8 #73 cell=(14,27) sc=50271 nodes=50001 r=-1
T3[t=3741s] shard12 r4 #51 cell=(216,35) sc=50263 nodes=50001 r=-1
T3[t=3741s] shard11 r11 #39 cell=(41,57) sc=50254 nodes=50001 r=-1
T3[t=3742s] shard6 r4 #20 cell=(38,70) sc=50269 nodes=50001 r=-1
T3[t=3742s] shard0 r4 #5 cell=(31,47) sc=50272 nodes=50001 r=-1
T3[t=3743s] shard15 r4 #18 cell=(196,66) sc=50268 nodes=50001 r=-1
T3[t=3744s] shard7 r8 #32 cell=(49,55) sc=50271 nodes=50001 r=-1
T3[t=3744s] shard5 r9 #33 cell=(52,68) sc=50269 nodes=100001 r=-1
T3[t=3744s] shard9 r4 #60 cell=(26,51) sc=50275 nodes=50001 r=-1
T3[t=3745s] shard3 r4 #18 cell=(8,68) sc=50265 nodes=50001 r=-1
T3[t=3745s] shard2 r7 #2 cell=(27,49) sc=50272 nodes=50001 r=-1
T3[t=3745s] shard4 r8 #84 cell=(37,66) sc=50270 nodes=50001 r=-1
sweep shard4 round8 done (budget 50000)
T3[t=3746s] shard14 r7 #49 cell=(11,64) sc=50272 nodes=50001 r=-1
T3[t=3746s] shard1 r8 #79 cell=(12,61) sc=50265 nodes=50001 r=-1
T3[t=3747s] shard12 r4 #52 cell=(214,39) sc=50268 nodes=50001 r=-1
T3[t=3749s] shard6 r4 #22 cell=(116,74) sc=50274 nodes=50001 r=-1
T3[t=3749s] shard13 r10 #15 cell=(38,68) sc=50266 nodes=50001 r=-1
T3[t=3750s] shard9 r4 #61 cell=(35,52) sc=50272 nodes=50001 r=-1
T3[t=3750s] shard7 r8 #33 cell=(47,69) sc=50254 nodes=50001 r=-1
T3[t=3751s] shard8 r9 #52 cell=(26,61) sc=50266 nodes=100001 r=-1
T3[t=3751s] shard2 r7 #6 cell=(37,59) sc=50266 nodes=50001 r=-1
T3[t=3751s] shard11 r11 #40 cell=(45,65) sc=50264 nodes=50001 r=-1
T3[t=3752s] shard0 r4 #7 cell=(51,55) sc=50267 nodes=50001 r=-1
T3[t=3752s] shard14 r7 #53 cell=(41,68) sc=50274 nodes=50001 r=-1
T3[t=3752s] shard1 r8 #82 cell=(34,67) sc=50273 nodes=50001 r=-1
T3[t=3752s] shard3 r4 #19 cell=(34,70) sc=50267 nodes=50001 r=-1
T3[t=3752s] shard12 r4 #53 cell=(27,44) sc=50270 nodes=50001 r=-1
T3[t=3754s] shard6 r4 #23 cell=(201,75) sc=50260 nodes=50001 r=-1
T3[t=3755s] shard15 r4 #19 cell=(29,67) sc=50276 nodes=50001 r=-1
T3[t=3755s] shard9 r4 #64 cell=(29,56) sc=50268 nodes=50001 r=-1
T3[t=3756s] shard3 r4 #20 cell=(189,71) sc=50270 nodes=50001 r=-1
T3[t=3757s] shard13 r10 #18 cell=(45,71) sc=50270 nodes=50001 r=-1
T3[t=3757s] shard2 r7 #8 cell=(47,61) sc=50271 nodes=50001 r=-1
T3[t=3757s] shard5 r9 #39 cell=(47,63) sc=50271 nodes=100001 r=-1
T3[t=3757s] shard11 r11 #49 cell=(38,64) sc=50264 nodes=50001 r=-1
T3[t=3757s] shard7 r8 #35 cell=(39,65) sc=50266 nodes=50001 r=-1
T3[t=3758s] shard1 r8 #89 cell=(36,59) sc=50266 nodes=50001 r=-1
sweep shard1 round8 done (budget 50000)
T3[t=3758s] shard12 r4 #55 cell=(200,47) sc=50264 nodes=50001 r=-1
T3[t=3758s] shard14 r7 #69 cell=(27,54) sc=50262 nodes=50001 r=-1
T3[t=3758s] shard0 r4 #8 cell=(30,58) sc=50266 nodes=50001 r=-1
T3[t=3760s] shard10 r6 #81 cell=(45,74) sc=50255 nodes=200001 r=-1
T3[t=3760s] shard9 r4 #66 cell=(204,61) sc=50267 nodes=50001 r=-1
T3[t=3761s] shard3 r4 #23 cell=(208,80) sc=50272 nodes=50001 r=-1
T3[t=3761s] shard4 r9 #7 cell=(36,58) sc=50277 nodes=100001 r=-1
T3[t=3762s] shard15 r4 #20 cell=(42,68) sc=50273 nodes=50001 r=-1
T3[t=3762s] shard8 r9 #53 cell=(28,63) sc=50269 nodes=100001 r=-1
T3[t=3763s] shard13 r10 #25 cell=(31,45) sc=50269 nodes=50001 r=-1
T3[t=3763s] shard2 r7 #13 cell=(46,68) sc=50255 nodes=50001 r=-1
T3[t=3763s] shard11 r11 #58 cell=(53,54) sc=50271 nodes=50001 r=-1
T3[t=3763s] shard12 r4 #62 cell=(206,59) sc=50264 nodes=50001 r=-1
T3[t=3763s] shard6 r4 #25 cell=(105,89) sc=50270 nodes=50001 r=-1
T3[t=3763s] shard7 r8 #46 cell=(24,51) sc=50277 nodes=50001 r=-1
T3[t=3764s] shard14 r7 #71 cell=(22,59) sc=50261 nodes=50001 r=-1
T3[t=3765s] shard9 r4 #67 cell=(204,63) sc=50265 nodes=50001 r=-1
T3[t=3765s] shard0 r4 #10 cell=(35,59) sc=50273 nodes=50001 r=-1
T3[t=3766s] shard3 r4 #24 cell=(207,21) sc=50279 nodes=50001 r=-1
T3[t=3768s] shard12 r4 #63 cell=(34,61) sc=50272 nodes=50001 r=-1
T3[t=3768s] shard13 r10 #27 cell=(47,57) sc=50275 nodes=50001 r=-1
T3[t=3769s] shard5 r9 #46 cell=(17,38) sc=50268 nodes=100001 r=-1
T3[t=3769s] shard11 r11 #59 cell=(31,56) sc=50266 nodes=50001 r=-1
T3[t=3769s] shard7 r8 #50 cell=(49,58) sc=50279 nodes=50001 r=-1
T3[t=3770s] shard14 r7 #77 cell=(45,56) sc=50270 nodes=50001 r=-1
T3[t=3770s] shard9 r4 #68 cell=(205,64) sc=50270 nodes=50001 r=-1
T3[t=3770s] shard6 r4 #26 cell=(6,38) sc=50273 nodes=50001 r=-1
T3[t=3770s] shard15 r4 #21 cell=(10,70) sc=50268 nodes=50001 r=-1
T3[t=3770s] shard2 r7 #15 cell=(45,69) sc=50256 nodes=50001 r=-1
T3[t=3771s] shard3 r4 #25 cell=(203,41) sc=50263 nodes=50001 r=-1
T3[t=3772s] shard1 r9 #9 cell=(48,56) sc=50268 nodes=100001 r=-1
T3[t=3772s] shard0 r4 #11 cell=(41,61) sc=50256 nodes=50001 r=-1
T3[t=3774s] shard8 r9 #55 cell=(42,65) sc=50260 nodes=100001 r=-1
T3[t=3774s] shard4 r9 #8 cell=(47,59) sc=50270 nodes=100001 r=-1
T3[t=3774s] shard13 r10 #34 cell=(47,60) sc=50269 nodes=50001 r=-1
T3[t=3774s] shard9 r4 #69 cell=(44,67) sc=50272 nodes=50001 r=-1
T3[t=3775s] shard7 r8 #51 cell=(52,59) sc=50268 nodes=50001 r=-1
T3[t=3775s] shard11 r11 #60 cell=(41,62) sc=50270 nodes=50001 r=-1
T3[t=3775s] shard15 r4 #22 cell=(186,70) sc=50274 nodes=50001 r=-1
T3[t=3776s] shard6 r4 #27 cell=(198,56) sc=50268 nodes=50001 r=-1
T3[t=3776s] shard12 r4 #64 cell=(9,64) sc=50272 nodes=50001 r=-1
T3[t=3776s] shard14 r7 #81 cell=(47,68) sc=50255 nodes=50001 r=-1
sweep shard14 round7 done (budget 50000)
T3[t=3778s] shard10 r6 #84 cell=(18,37) sc=50269 nodes=153895 r=0
sweep shard10 round6 done (budget 200000)
T3[t=3778s] shard3 r4 #26 cell=(24,50) sc=50277 nodes=50001 r=-1
T3[t=3779s] shard11 r11 #65 cell=(42,71) sc=50263 nodes=50001 r=-1
T3[t=3779s] shard0 r4 #12 cell=(10,62) sc=50267 nodes=50001 r=-1
T3[t=3780s] shard9 r4 #70 cell=(20,69) sc=50267 nodes=50001 r=-1
T3[t=3780s] shard13 r10 #43 cell=(33,56) sc=50264 nodes=50001 r=-1
T3[t=3781s] shard12 r4 #66 cell=(184,65) sc=50266 nodes=50001 r=-1
T3[t=3781s] shard7 r8 #53 cell=(24,61) sc=50265 nodes=50001 r=-1
T3[t=3781s] shard5 r9 #51 cell=(27,52) sc=50275 nodes=100001 r=-1
T3[t=3783s] shard15 r4 #24 cell=(17,73) sc=50266 nodes=50001 r=-1
T3[t=3783s] shard1 r9 #10 cell=(31,57) sc=50267 nodes=100001 r=-1
T3[t=3783s] shard2 r7 #18 cell=(42,72) sc=50254 nodes=50001 r=-1
T3[t=3784s] shard6 r4 #29 cell=(41,63) sc=50270 nodes=50001 r=-1
T3[t=3785s] shard11 r11 #78 cell=(36,69) sc=50265 nodes=50001 r=-1
T3[t=3785s] shard4 r9 #26 cell=(40,66) sc=50275 nodes=100001 r=-1
T3[t=3786s] shard13 r10 #46 cell=(45,62) sc=50272 nodes=50001 r=-1
T3[t=3786s] shard3 r4 #29 cell=(23,61) sc=50266 nodes=50001 r=-1
T3[t=3786s] shard14 r8 #3 cell=(36,56) sc=50269 nodes=50001 r=-1
T3[t=3786s] shard7 r8 #56 cell=(41,66) sc=50276 nodes=50001 r=-1
T3[t=3786s] shard12 r4 #67 cell=(187,66) sc=50271 nodes=50001 r=-1
T3[t=3786s] shard8 r9 #56 cell=(8,67) sc=50260 nodes=100001 r=-1
T3[t=3787s] shard10 r7 #2 cell=(52,64) sc=50273 nodes=50001 r=-1
T3[t=3788s] shard9 r4 #71 cell=(202,69) sc=50267 nodes=50001 r=-1
T3[t=3788s] shard15 r4 #27 cell=(203,87) sc=50266 nodes=50001 r=-1
T3[t=3788s] shard0 r4 #13 cell=(43,63) sc=50250 nodes=50001 r=-1
T3[t=3789s] shard2 r7 #34 cell=(45,57) sc=50271 nodes=50001 r=-1
T3[t=3790s] shard11 r11 #79 cell=(45,72) sc=50257 nodes=50001 r=-1
T3[t=3790s] shard3 r4 #30 cell=(188,62) sc=50272 nodes=50001 r=-1
T3[t=3791s] shard13 r10 #48 cell=(41,64) sc=50270 nodes=50001 r=-1
T3[t=3792s] shard6 r4 #30 cell=(44,66) sc=50275 nodes=50001 r=-1
T3[t=3792s] shard7 r8 #58 cell=(39,70) sc=50264 nodes=50001 r=-1
T3[t=3792s] shard5 r9 #52 cell=(32,53) sc=50264 nodes=100001 r=-1
T3[t=3792s] shard12 r4 #68 cell=(201,68) sc=50277 nodes=50001 r=-1
T3[t=3793s] shard14 r8 #7 cell=(42,64) sc=50267 nodes=50001 r=-1
T3[t=3793s] shard15 r4 #30 cell=(11,33) sc=50267 nodes=50001 r=-1
T3[t=3793s] shard10 r7 #4 cell=(32,42) sc=50271 nodes=50001 r=-1
T3[t=3794s] shard9 r4 #72 cell=(205,72) sc=50260 nodes=50001 r=-1
T3[t=3794s] shard0 r4 #14 cell=(199,65) sc=50262 nodes=50001 r=-1
T3[t=3795s] shard2 r7 #35 cell=(45,61) sc=50269 nodes=50001 r=-1
T3[t=3796s] shard11 r11 #93 cell=(37,60) sc=50266 nodes=50001 r=-1
T3[t=3797s] shard6 r4 #32 cell=(219,97) sc=50271 nodes=50001 r=-1
T3[t=3797s] shard13 r10 #61 cell=(16,39) sc=50270 nodes=50001 r=-1
T3[t=3797s] shard7 r8 #71 cell=(42,63) sc=50264 nodes=50001 r=-1
T3[t=3798s] shard8 r9 #68 cell=(34,51) sc=50260 nodes=100001 r=-1
T3[t=3798s] shard12 r4 #70 cell=(206,69) sc=50271 nodes=50001 r=-1
T3[t=3799s] shard15 r4 #31 cell=(213,35) sc=50272 nodes=50001 r=-1
T3[t=3799s] shard14 r8 #10 cell=(37,69) sc=50257 nodes=50001 r=-1
T3[t=3799s] shard4 r9 #30 cell=(49,59) sc=50268 nodes=100001 r=-1
T3[t=3800s] shard9 r4 #73 cell=(210,77) sc=50277 nodes=50001 r=-1
T3[t=3801s] shard2 r7 #49 cell=(29,46) sc=50273 nodes=50001 r=-1
T3[t=3801s] shard6 r4 #33 cell=(192,76) sc=50267 nodes=50001 r=-1
T3[t=3801s] shard1 r9 #14 cell=(46,64) sc=50272 nodes=100001 r=-1
T3[t=3802s] shard11 r11 #94 cell=(20,37) sc=50267 nodes=50001 r=-1
sweep shard11 round11 done (budget 50000)
T3[t=3802s] shard0 r4 #16 cell=(41,69) sc=50253 nodes=50001 r=-1
T3[t=3803s] shard12 r4 #71 cell=(53,70) sc=50269 nodes=50001 r=-1
T3[t=3803s] shard7 r8 #73 cell=(45,66) sc=50274 nodes=50001 r=-1
T3[t=3803s] shard5 r9 #55 cell=(50,57) sc=50267 nodes=100001 r=-1
T3[t=3803s] shard13 r10 #63 cell=(22,49) sc=50276 nodes=50001 r=-1
T3[t=3804s] shard3 r4 #31 cell=(11,65) sc=50263 nodes=50001 r=-1
T3[t=3804s] shard10 r7 #9 cell=(36,62) sc=50268 nodes=50001 r=-1
T3[t=3804s] shard15 r4 #32 cell=(207,45) sc=50272 nodes=50001 r=-1
T3[t=3804s] shard14 r8 #15 cell=(23,49) sc=50270 nodes=50001 r=-1
T3[t=3805s] shard9 r4 #74 cell=(3,80) sc=50269 nodes=50001 r=-1
T3[t=3807s] shard2 r7 #50 cell=(27,48) sc=50273 nodes=50001 r=-1
T3[t=3807s] shard8 r9 #69 cell=(54,53) sc=50276 nodes=100001 r=-1
T3[t=3808s] shard6 r4 #34 cell=(13,35) sc=50267 nodes=50001 r=-1
T3[t=3808s] shard0 r4 #18 cell=(7,77) sc=50277 nodes=50001 r=-1
T3[t=3808s] shard12 r4 #72 cell=(44,71) sc=50267 nodes=50001 r=-1
T3[t=3809s] shard7 r8 #74 cell=(10,69) sc=50267 nodes=50001 r=-1
T3[t=3809s] shard13 r10 #66 cell=(33,62) sc=50276 nodes=50001 r=-1
T3[t=3809s] shard14 r8 #16 cell=(36,52) sc=50271 nodes=50001 r=-1
T3[t=3810s] shard10 r7 #14 cell=(41,71) sc=50261 nodes=50001 r=-1
T3[t=3810s] shard15 r4 #33 cell=(28,54) sc=50263 nodes=50001 r=-1
T3[t=3811s] shard9 r4 #75 cell=(208,81) sc=50276 nodes=50001 r=-1
T3[t=3811s] shard3 r4 #32 cell=(37,67) sc=50265 nodes=50001 r=-1
T3[t=3812s] shard4 r9 #31 cell=(51,61) sc=50271 nodes=100001 r=-1
T3[t=3812s] shard2 r7 #53 cell=(49,56) sc=50267 nodes=50001 r=-1
T3[t=3813s] shard0 r4 #19 cell=(190,80) sc=50277 nodes=50001 r=-1
T3[t=3814s] shard5 r9 #57 cell=(50,59) sc=50270 nodes=100001 r=-1
T3[t=3814s] shard12 r4 #73 cell=(9,72) sc=50269 nodes=50001 r=-1
T3[t=3815s] shard13 r10 #69 cell=(16,67) sc=50260 nodes=50001 r=-1
T3[t=3815s] shard7 r8 #77 cell=(33,48) sc=50276 nodes=50001 r=-1
T3[t=3816s] shard10 r7 #19 cell=(22,60) sc=50265 nodes=50001 r=-1
T3[t=3816s] shard6 r4 #35 cell=(86,42) sc=50265 nodes=50001 r=-1
T3[t=3816s] shard9 r4 #76 cell=(208,85) sc=50273 nodes=50001 r=-1
T3[t=3818s] shard11 r12 #18 cell=(33,61) sc=50270 nodes=100001 r=-1
T3[t=3818s] shard2 r7 #54 cell=(34,57) sc=50260 nodes=50001 r=-1
T3[t=3818s] shard8 r9 #81 cell=(27,60) sc=50267 nodes=100001 r=-1
sweep shard8 round9 done (budget 100000)
T3[t=3818s] shard3 r4 #33 cell=(36,68) sc=50271 nodes=50001 r=-1
T3[t=3819s] shard0 r4 #21 cell=(103,97) sc=50263 nodes=50001 r=-1
T3[t=3819s] shard15 r4 #35 cell=(16,66) sc=50262 nodes=50001 r=-1
T3[t=3820s] shard12 r4 #74 cell=(6,73) sc=50269 nodes=50001 r=-1
T3[t=3820s] shard7 r8 #81 cell=(52,63) sc=50271 nodes=50001 r=-1
T3[t=3820s] shard13 r10 #71 cell=(42,69) sc=50259 nodes=50001 r=-1
T3[t=3820s] shard14 r8 #18 cell=(42,62) sc=50273 nodes=50001 r=-1
T3[t=3822s] shard6 r4 #36 cell=(43,55) sc=50271 nodes=50001 r=-1
T3[t=3822s] shard9 r4 #77 cell=(19,90) sc=50273 nodes=50001 r=-1
T3[t=3823s] shard8 r10 #5 cell=(25,51) sc=50266 nodes=50001 r=-1
T3[t=3823s] shard2 r7 #55 cell=(33,58) sc=50258 nodes=50001 r=-1
T3[t=3825s] shard15 r4 #37 cell=(6,86) sc=50275 nodes=50001 r=-1
T3[t=3825s] shard5 r9 #62 cell=(12,71) sc=50257 nodes=100001 r=-1
T3[t=3825s] shard1 r9 #31 cell=(34,68) sc=50262 nodes=100001 r=-1
T3[t=3826s] shard7 r8 #82 cell=(52,71) sc=50266 nodes=50001 r=-1
sweep shard7 round8 done (budget 50000)
T3[t=3826s] shard13 r10 #72 cell=(8,73) sc=50267 nodes=50001 r=-1
T3[t=3826s] shard4 r9 #35 cell=(37,73) sc=50268 nodes=100001 r=-1
T3[t=3826s] shard3 r4 #34 cell=(13,87) sc=50267 nodes=50001 r=-1
T3[t=3826s] shard14 r8 #23 cell=(43,69) sc=50251 nodes=50001 r=-1
T3[t=3826s] shard0 r4 #23 cell=(86,26) sc=50277 nodes=50001 r=-1
T3[t=3827s] shard12 r4 #75 cell=(37,76) sc=50256 nodes=50001 r=-1
T3[t=3827s] shard9 r4 #78 cell=(31,96) sc=50267 nodes=50001 r=-1
T3[t=3828s] shard6 r4 #39 cell=(21,43) sc=50270 nodes=50001 r=-1
T3[t=3829s] shard8 r10 #10 cell=(50,58) sc=50269 nodes=50001 r=-1
T3[t=3829s] shard11 r12 #24 cell=(44,70) sc=50261 nodes=100001 r=-1
T3[t=3829s] shard2 r7 #57 cell=(46,63) sc=50272 nodes=50001 r=-1
T3[t=3829s] shard10 r7 #21 cell=(35,69) sc=50259 nodes=50001 r=-1
T3[t=3830s] shard15 r4 #39 cell=(44,36) sc=50261 nodes=50001 r=-1
T3[t=3832s] shard13 r10 #73 cell=(10,75) sc=50265 nodes=50001 r=-1
T3[t=3832s] shard14 r8 #33 cell=(9,36) sc=50268 nodes=50001 r=-1
T3[t=3832s] shard9 r4 #83 cell=(221,22) sc=50261 nodes=50001 r=-1
T3[t=3833s] shard12 r4 #76 cell=(11,78) sc=50269 nodes=50001 r=-1
T3[t=3834s] shard3 r4 #38 cell=(66,34) sc=50271 nodes=50001 r=-1
T3[t=3834s] shard0 r4 #24 cell=(89,41) sc=50266 nodes=50001 r=-1
T3[t=3835s] shard15 r4 #40 cell=(196,40) sc=50275 nodes=50001 r=-1
T3[t=3835s] shard2 r7 #59 cell=(31,66) sc=50260 nodes=50001 r=-1
T3[t=3835s] shard10 r7 #35 cell=(32,61) sc=50270 nodes=50001 r=-1
T3[t=3836s] shard6 r4 #40 cell=(51,63) sc=50275 nodes=50001 r=-1
T3[t=3836s] shard7 r9 #1 cell=(31,43) sc=50266 nodes=100001 r=-1
T3[t=3836s] shard5 r9 #68 cell=(16,29) sc=50269 nodes=100001 r=-1
T3[t=3837s] shard14 r8 #37 cell=(29,44) sc=50272 nodes=50001 r=-1
T3[t=3837s] shard1 r9 #36 cell=(39,59) sc=50268 nodes=100001 r=-1
T3[t=3837s] shard13 r10 #77 cell=(27,56) sc=50266 nodes=50001 r=-1
sweep shard13 round10 done (budget 50000)
T3[t=3838s] shard9 r4 #84 cell=(243,30) sc=50256 nodes=50001 r=-1
T3[t=3838s] shard4 r9 #37 cell=(39,63) sc=50275 nodes=100001 r=-1
T3[t=3839s] shard12 r4 #77 cell=(25,80) sc=50259 nodes=50001 r=-1
T3[t=3840s] shard2 r7 #60 cell=(201,66) sc=50278 nodes=50001 r=-1
T3[t=3840s] shard15 r4 #43 cell=(190,60) sc=50263 nodes=50001 r=-1
T3[t=3840s] shard11 r12 #35 cell=(29,45) sc=50271 nodes=100001 r=-1
T3[t=3840s] shard6 r4 #43 cell=(215,54) sc=50269 nodes=50001 r=-1
T3[t=3841s] shard10 r7 #42 cell=(37,52) sc=50276 nodes=50001 r=-1
T3[t=3841s] shard0 r4 #25 cell=(11,61) sc=50267 nodes=50001 r=-1
T3[t=3842s] shard8 r10 #16 cell=(42,66) sc=50277 nodes=50001 r=-1
T3[t=3843s] shard3 r4 #39 cell=(89,47) sc=50267 nodes=50001 r=-1
T3[t=3843s] shard14 r8 #38 cell=(32,45) sc=50268 nodes=50001 r=-1
T3[t=3843s] shard13 r11 #9 cell=(35,61) sc=50265 nodes=50001 r=-1
T3[t=3843s] shard9 r4 #85 cell=(16,35) sc=50273 nodes=50001 r=-1
T3[t=3844s] shard15 r4 #44 cell=(184,68) sc=50268 nodes=50001 r=-1
T3[t=3845s] shard2 r7 #62 cell=(38,75) sc=50259 nodes=50001 r=-1
T3[t=3846s] shard6 r4 #44 cell=(48,71) sc=50264 nodes=50001 r=-1
T3[t=3846s] shard12 r4 #78 cell=(13,86) sc=50273 nodes=50001 r=-1
T3[t=3846s] shard10 r7 #44 cell=(51,54) sc=50278 nodes=50001 r=-1
T3[t=3847s] shard5 r9 #71 cell=(35,58) sc=50278 nodes=100001 r=-1
T3[t=3848s] shard9 r4 #86 cell=(217,40) sc=50260 nodes=50001 r=-1
T3[t=3848s] shard15 r4 #46 cell=(184,78) sc=50272 nodes=50001 r=-1
T3[t=3848s] shard8 r10 #17 cell=(43,67) sc=50271 nodes=50001 r=-1
T3[t=3848s] shard14 r8 #39 cell=(24,47) sc=50272 nodes=50001 r=-1
T3[t=3849s] shard1 r9 #51 cell=(33,44) sc=50271 nodes=100001 r=-1
T3[t=3849s] shard3 r4 #41 cell=(36,54) sc=50261 nodes=50001 r=-1
T3[t=3849s] shard0 r4 #26 cell=(46,62) sc=50271 nodes=50001 r=-1
T3[t=3849s] shard4 r9 #38 cell=(38,71) sc=50268 nodes=100001 r=-1
T3[t=3851s] shard6 r4 #46 cell=(31,48) sc=50270 nodes=50001 r=-1
T3[t=3851s] shard2 r7 #66 cell=(23,50) sc=50269 nodes=50001 r=-1
T3[t=3851s] shard12 r4 #79 cell=(214,99) sc=50267 nodes=50001 r=-1
T3[t=3852s] shard11 r12 #39 cell=(41,57) sc=50254 nodes=100001 r=-1
T3[t=3852s] shard10 r7 #48 cell=(20,59) sc=50270 nodes=50001 r=-1
T3[t=3853s] shard9 r4 #88 cell=(34,47) sc=50273 nodes=50001 r=-1
T3[t=3853s] shard7 r9 #12 cell=(41,67) sc=50261 nodes=100001 r=-1
T3[t=3854s] shard14 r8 #46 cell=(36,61) sc=50266 nodes=50001 r=-1
T3[t=3854s] shard8 r10 #31 cell=(52,66) sc=50271 nodes=50001 r=-1
T3[t=3855s] shard13 r11 #15 cell=(38,68) sc=50266 nodes=50001 r=-1
T3[t=3855s] shard15 r4 #50 cell=(50,62) sc=50274 nodes=50001 r=-1
T3[t=3856s] shard6 r4 #47 cell=(185,66) sc=50270 nodes=50001 r=-1
T3[t=3857s] shard12 r4 #83 cell=(203,42) sc=50264 nodes=50001 r=-1
T3[t=3857s] shard2 r7 #71 cell=(10,65) sc=50269 nodes=50001 r=-1
T3[t=3857s] shard0 r4 #28 cell=(25,67) sc=50261 nodes=50001 r=-1
T3[t=3857s] shard3 r4 #42 cell=(53,57) sc=50274 nodes=50001 r=-1
T3[t=3858s] shard10 r7 #50 cell=(30,63) sc=50270 nodes=50001 r=-1
T3[t=3859s] shard5 r9 #74 cell=(43,66) sc=50276 nodes=100001 r=-1
T3[t=3859s] shard8 r10 #44 cell=(32,43) sc=50267 nodes=50001 r=-1
T3[t=3859s] shard14 r8 #47 cell=(47,62) sc=50271 nodes=50001 r=-1
T3[t=3860s] shard9 r4 #90 cell=(21,60) sc=50270 nodes=50001 r=-1
T3[t=3860s] shard1 r9 #53 cell=(32,47) sc=50272 nodes=100001 r=-1
T3[t=3861s] shard15 r4 #52 cell=(20,44) sc=50264 nodes=50001 r=-1
T3[t=3861s] shard4 r9 #47 cell=(15,38) sc=50270 nodes=100001 r=-1
T3[t=3861s] shard6 r4 #50 cell=(213,36) sc=50269 nodes=50001 r=-1
T3[t=3862s] shard13 r11 #18 cell=(45,71) sc=50270 nodes=50001 r=-1
T3[t=3862s] shard12 r4 #84 cell=(30,45) sc=50270 nodes=50001 r=-1
T3[t=3862s] shard2 r7 #72 cell=(25,66) sc=50260 nodes=50001 r=-1
T3[t=3863s] shard11 r12 #40 cell=(45,65) sc=50264 nodes=100001 r=-1
T3[t=3863s] shard3 r4 #43 cell=(43,59) sc=50254 nodes=50001 r=-1
T3[t=3863s] shard10 r7 #51 cell=(37,64) sc=50263 nodes=50001 r=-1
T3[t=3863s] shard0 r4 #29 cell=(23,27) sc=50265 nodes=50001 r=-1
T3[t=3864s] shard7 r9 #24 cell=(27,53) sc=50263 nodes=100001 r=-1
T3[t=3864s] shard14 r8 #48 cell=(38,63) sc=50264 nodes=50001 r=-1
T3[t=3865s] shard8 r10 #47 cell=(27,50) sc=50271 nodes=50001 r=-1
T3[t=3867s] shard12 r4 #85 cell=(204,51) sc=50264 nodes=50001 r=-1
T3[t=3868s] shard13 r11 #25 cell=(31,45) sc=50269 nodes=50001 r=-1
T3[t=3868s] shard6 r4 #51 cell=(213,40) sc=50264 nodes=50001 r=-1
T3[t=3868s] shard0 r4 #30 cell=(87,33) sc=50257 nodes=50001 r=-1
T3[t=3868s] shard10 r7 #52 cell=(46,65) sc=50263 nodes=50001 r=-1
T3[t=3868s] shard2 r7 #73 cell=(35,68) sc=50266 nodes=50001 r=-1
T3[t=3869s] shard9 r4 #91 cell=(161,64) sc=50277 nodes=50001 r=-1
T3[t=3869s] shard1 r9 #56 cell=(31,58) sc=50276 nodes=100001 r=-1
T3[t=3869s] shard3 r4 #45 cell=(22,74) sc=50267 nodes=50001 r=-1
T3[t=3870s] shard15 r4 #53 cell=(204,46) sc=50267 nodes=50001 r=-1
T3[t=3870s] shard5 r9 #76 cell=(11,76) sc=50265 nodes=100001 r=-1
T3[t=3871s] shard8 r10 #49 cell=(25,56) sc=50273 nodes=50001 r=-1
T3[t=3871s] shard14 r8 #49 cell=(11,64) sc=50272 nodes=50001 r=-1
T3[t=3871s] shard4 r9 #54 cell=(48,57) sc=50267 nodes=100001 r=-1
T3[t=3873s] shard13 r11 #27 cell=(47,57) sc=50275 nodes=50001 r=-1
T3[t=3874s] shard0 r4 #34 cell=(196,70) sc=50271 nodes=50001 r=-1
T3[t=3874s] shard11 r12 #49 cell=(38,64) sc=50264 nodes=100001 r=-1
T3[t=3874s] shard6 r4 #52 cell=(214,41) sc=50270 nodes=50001 r=-1
T3[t=3874s] shard12 r4 #86 cell=(46,57) sc=50273 nodes=50001 r=-1
T3[t=3874s] shard2 r7 #80 cell=(28,47) sc=50273 nodes=50001 r=-1
T3[t=3874s] shard10 r7 #55 cell=(43,70) sc=50261 nodes=50001 r=-1
T3[t=3875s] shard15 r4 #54 cell=(14,33) sc=50268 nodes=50001 r=-1
T3[t=3875s] shard9 r4 #92 cell=(28,65) sc=50258 nodes=50001 r=-1
T3[t=3876s] shard3 r4 #47 cell=(72,28) sc=50257 nodes=50001 r=-1
T3[t=3877s] shard14 r8 #53 cell=(41,68) sc=50274 nodes=50001 r=-1
T3[t=3877s] shard8 r10 #52 cell=(26,61) sc=50266 nodes=50001 r=-1
T3[t=3878s] shard0 r4 #37 cell=(188,78) sc=50272 nodes=50001 r=-1
T3[t=3879s] shard7 r9 #32 cell=(49,55) sc=50271 nodes=100001 r=-1
T3[t=3879s] shard13 r11 #34 cell=(47,60) sc=50269 nodes=50001 r=-1
T3[t=3880s] shard12 r4 #87 cell=(12,59) sc=50263 nodes=50001 r=-1
T3[t=3880s] shard6 r4 #55 cell=(212,49) sc=50271 nodes=50001 r=-1
T3[t=3880s] shard9 r4 #93 cell=(181,66) sc=50268 nodes=50001 r=-1
T3[t=3880s] shard15 r4 #55 cell=(11,24) sc=50276 nodes=50001 r=-1
T3[t=3880s] shard10 r7 #64 cell=(28,45) sc=50272 nodes=50001 r=-1
T3[t=3880s] shard2 r7 #81 cell=(12,63) sc=50265 nodes=50001 r=-1
sweep shard2 round7 done (budget 50000)
T3[t=3881s] shard1 r9 #58 cell=(46,61) sc=50270 nodes=100001 r=-1
