  分治：12 块 144 对，可行 40 对，整块淘汰掉 0 格
有向预计算：走向已定 0/143162 (0.0%) | 无向判定率 0.0% -> 0.0% (0 -> 0 / 71581 边)
有向预计算：走向已定 0/143162 (0.0%) | 无向判定率 0.0% -> 0.0% (0 -> 0 / 71581 边)
全局阶段：固定 0 条边，起点候选 50288 / 50288 (100.0%)
adaptive PROPDEPTH=2 (fixed 0 / 71581 edges; 第一层存活率>=SURVDEEP%再升深层)
STARTORD: F 升序就位（1780 起点，证伪剔除 0）
FRANK shard7: F降序
shard 7: 第一层存活 100% >= 38%，升深度传播(PD=64)
FRANK shard10: F降序
shard 10: 第一层存活 100% >= 38%，升深度传播(PD=64)
FRANK shard13: F降序
shard 13: 第一层存活 100% >= 38%，升深度传播(PD=64)
FRANK shard14: F降序
shard 14: 第一层存活 100% >= 38%，升深度传播(PD=64)
FRANK shard1: F降序
shard 1: 第一层存活 100% >= 38%，升深度传播(PD=64)
FRANK shard11: F降序
shard 11: 第一层存活 100% >= 38%，升深度传播(PD=64)
FRANK shard9: F降序
shard 9: 第一层存活 100% >= 38%，升深度传播(PD=64)
FRANK shard5: F降序
shard 5: 第一层存活 100% >= 38%，升深度传播(PD=64)
FRANK shard12: F降序
shard 12: 第一层存活 100% >= 38%，升深度传播(PD=64)
FRANK shard2: F降序
shard 2: 第一层存活 100% >= 38%，升深度传播(PD=64)
FRANK shard4: F降序
shard 4: 第一层存活 100% >= 38%，升深度传播(PD=64)
FRANK shard0: F降序
shard 0: 第一层存活 100% >= 38%，升深度传播(PD=64)
shard 7: 1.5 层深层重探后剩 111
shard 7: 第一层存活 111/111 = 100%%, 第二层 开
FRANK shard6: F降序
shard 6: 第一层存活 100% >= 38%，升深度传播(PD=64)
shard 10: 1.5 层深层重探后剩 111
shard 10: 第一层存活 111/111 = 100%%, 第二层 开
FRANK shard3: F降序
shard 3: 第一层存活 100% >= 38%，升深度传播(PD=64)
FRANK shard8: F降序
shard 8: 第一层存活 100% >= 38%，升深度传播(PD=64)
FRANK shard15: F降序
shard 15: 第一层存活 100% >= 38%，升深度传播(PD=64)
shard 14: 1.5 层深层重探后剩 111
shard 14: 第一层存活 111/111 = 100%%, 第二层 开
shard 11: 1.5 层深层重探后剩 111
shard 11: 第一层存活 111/111 = 100%%, 第二层 开
shard 5: 1.5 层深层重探后剩 111
shard 5: 第一层存活 111/111 = 100%%, 第二层 开
shard 2: 1.5 层深层重探后剩 112
shard 2: 第一层存活 112/112 = 100%%, 第二层 开
shard 1: 1.5 层深层重探后剩 112
shard 1: 第一层存活 112/112 = 100%%, 第二层 开
shard 9: 1.5 层深层重探后剩 111
shard 9: 第一层存活 111/111 = 100%%, 第二层 开
shard 4: 1.5 层深层重探后剩 111
shard 4: 第一层存活 111/111 = 100%%, 第二层 开
shard 12: 1.5 层深层重探后剩 111
shard 12: 第一层存活 111/111 = 100%%, 第二层 开
shard 13: 1.5 层深层重探后剩 111
shard 13: 第一层存活 111/111 = 100%%, 第二层 开
shard 0: 1.5 层深层重探后剩 112
shard 0: 第一层存活 112/112 = 100%%, 第二层 开
shard 6: 1.5 层深层重探后剩 111
shard 6: 第一层存活 111/111 = 100%%, 第二层 开
shard 8: 1.5 层深层重探后剩 111
shard 8: 第一层存活 111/111 = 100%%, 第二层 开
shard 3: 1.5 层深层重探后剩 112
shard 3: 第一层存活 112/112 = 100%%, 第二层 开
shard 15: 1.5 层深层重探后剩 111
shard 15: 第一层存活 111/111 = 100%%, 第二层 开
T2 sh14 cell=(70,42) PROBE0 nodes=7943
T2 sh7 cell=(219,13) PROBE0 nodes=29703
T2 sh10 cell=(23,69) PROBE0 nodes=23367
T2 sh8 cell=(20,74) PROBE0 nodes=21437
T2 sh2 cell=(83,33) PROBE0 nodes=11349
T2 sh13 cell=(239,27) PROBE0 nodes=23228
T2 sh5 cell=(212,36) PROBE0 nodes=31719
T2 sh8 cell=(221,13) PROBE0 nodes=74
T2 sh8 cell=(13,27) PROBE0 nodes=589
T2 sh2 cell=(69,35) PROBE0 nodes=13802
T2 sh1 cell=(27,35) PROBE0 nodes=708
T2 sh13 cell=(27,37) PROBE0 nodes=698
T2 sh13 cell=(39,41) PROBE0 nodes=78
T2 sh2 cell=(84,36) PROBE0 nodes=7426
T2 sh5 cell=(11,43) PROBE0 nodes=501
T2 sh1 cell=(66,36) PROBE0 nodes=7131
T2 sh13 cell=(66,42) PROBE0 nodes=6872
T2 sh2 cell=(88,44) PROBE0 nodes=8242
T2 sh7 cell=(198,46) PROBE0 nodes=354
T2 sh13 cell=(17,45) PROBE0 nodes=623
T2 sh5 cell=(91,47) PROBE0 nodes=27896
T2 sh8 cell=(224,36) PROBE0 nodes=31138
T2 sh7 cell=(95,47) PROBE0 nodes=24976
T2 sh10 cell=(86,32) PROBE0 nodes=11338
T2 sh4 cell=(43,47) PROBE0 nodes=108
T2 sh4 cell=(41,49) PROBE0 nodes=113
T2 sh11 cell=(222,34) PROBE0 nodes=28248
T2 sh5 cell=(89,49) PROBE0 nodes=23127
T2 sh10 cell=(22,44) PROBE0 nodes=334
T2 sh10 cell=(213,61) PROBE0 nodes=27850
T2 sh14 cell=(244,64) PROBE0 nodes=28602
T2 sh14 cell=(22,66) PROBE0 nodes=4386
T2 sh10 cell=(237,63) PROBE0 nodes=22132
T2 sh7 cell=(198,64) PROBE0 nodes=26925
T2 sh2 cell=(22,70) PROBE0 nodes=23490
T2 sh14 cell=(102,118) PROBE0 nodes=1314
T2 sh14 cell=(27,39) PROBE0 nodes=692
T2 sh10 cell=(202,90) PROBE0 nodes=29203
T2 sh10 cell=(102,96) PROBE0 nodes=196
T2 sh10 cell=(17,35) PROBE0 nodes=1765
T2 sh7 cell=(207,75) PROBE0 nodes=28125
T2 sh7 cell=(205,79) PROBE0 nodes=28818
T2 sh1 cell=(216,82) PROBE0 nodes=21756
T2 sh7 cell=(215,95) PROBE0 nodes=24898
T2 sh2 cell=(200,80) PROBE0 nodes=25645
T2 sh1 cell=(223,101) PROBE0 nodes=14753
T2 sh1 cell=(102,120) PROBE0 nodes=2086
T2 sh1 cell=(100,178) PROBE0 nodes=13916
T2 sh4 cell=(238,28) PROBE0 nodes=22607
T2 sh7 cell=(216,44) PROBE0 nodes=26360
T2 sh4 cell=(68,42) PROBE0 nodes=13012
T2 sh11 cell=(99,113) PROBE0 nodes=447
T2 sh11 cell=(119,153) PROBE0 nodes=10098
T2 sh10 cell=(108,178) PROBE0 nodes=10169
T2 sh5 cell=(82,34) PROBE0 nodes=10893
T2 sh13 cell=(108,112) PROBE0 nodes=402
T2 sh11 cell=(5,39) PROBE0 nodes=489
T2 sh10 cell=(197,45) PROBE0 nodes=352
T2 sh8 cell=(86,30) PROBE0 nodes=24746
T2 sh5 cell=(88,40) PROBE0 nodes=25621
T2 sh14 cell=(17,75) PROBE0 nodes=31527
T2 sh8 cell=(216,40) PROBE0 nodes=31581
T2 sh14 cell=(101,95) PROBE0 nodes=337
T2 sh14 cell=(212,182) PROBE0 nodes=19151
T2 sh14 cell=(242,26) PROBE0 nodes=22605
T2 sh14 cell=(10,44) PROBE0 nodes=486
T2 sh14 cell=(90,50) PROBE0 nodes=24652
T2 sh10 cell=(108,168) PROBE0 nodes=10148
T2 sh7 cell=(221,101) PROBE0 nodes=26638
T2 sh7 cell=(234,172) PROBE0 nodes=18488
T2 sh7 cell=(200,42) PROBE0 nodes=362
T2 sh4 cell=(199,44) PROBE0 nodes=25477
T2 sh14 cell=(104,170) PROBE0 nodes=10175
T2 sh14 cell=(105,179) PROBE0 nodes=10186
T2 sh2 cell=(20,28) PROBE0 nodes=464
T2 sh13 cell=(224,35) PROBE0 nodes=30580
T2 sh13 cell=(252,39) PROBE0 nodes=10307
T2 sh5 cell=(23,63) PROBE0 nodes=18355
T2 sh13 cell=(231,46) PROBE0 nodes=9930
T2 sh10 cell=(73,27) PROBE0 nodes=21988
T2 sh1 cell=(222,36) PROBE0 nodes=27157
T2 sh1 cell=(11,41) PROBE0 nodes=309
T2 sh7 cell=(202,92) PROBE0 nodes=27280
T2 sh2 cell=(211,181) PROBE0 nodes=15744
T2 sh8 cell=(105,173) PROBE0 nodes=20331
T2 sh1 cell=(96,44) PROBE0 nodes=24712
T2 sh1 cell=(17,47) PROBE0 nodes=535
T2 sh4 cell=(194,47) PROBE0 nodes=7699
T2 sh14 cell=(259,32) PROBE0 nodes=11767
T2 sh5 cell=(107,159) PROBE0 nodes=20998
T2 sh14 cell=(239,34) PROBE0 nodes=10321
T2 sh5 cell=(214,14) PROBE0 nodes=29687
T2 sh10 cell=(237,40) PROBE0 nodes=9975
T2 sh8 cell=(223,89) PROBE0 nodes=20211
T2 sh10 cell=(219,44) PROBE0 nodes=24731
T2 sh11 cell=(104,94) PROBE0 nodes=206
T2 sh13 cell=(241,56) PROBE0 nodes=12606
T2 sh14 cell=(72,41) PROBE0 nodes=610
T2 sh10 cell=(209,46) PROBE0 nodes=22396
T2 sh8 cell=(245,38) PROBE0 nodes=10286
T2 sh11 cell=(101,173) PROBE0 nodes=12122
T2 sh8 cell=(74,35) PROBE0 nodes=25488
T2 sh5 cell=(30,76) PROBE0 nodes=21753
T2 sh9 cell=(237,61) PROBE0 nodes=30706
T2 sh13 cell=(209,60) PROBE0 nodes=25203
T2 sh11 cell=(221,44) PROBE0 nodes=13715
T2 sh11 cell=(73,22) PROBE0 nodes=17032
T2 sh4 cell=(253,42) PROBE0 nodes=10797
T2 sh7 cell=(236,41) PROBE0 nodes=9943
T2 sh7 cell=(218,43) PROBE0 nodes=24576
T2 sh8 cell=(232,43) PROBE0 nodes=8944
T2 sh8 cell=(198,45) PROBE0 nodes=7790
T2 sh4 cell=(227,50) PROBE0 nodes=8438
T2 sh1 cell=(207,89) PROBE0 nodes=12894
T2 sh14 cell=(177,54) PROBE0 nodes=26285
T2 sh1 cell=(73,25) PROBE0 nodes=10764
T2 sh5 cell=(11,30) PROBE0 nodes=1548
T2 sh7 cell=(91,48) PROBE0 nodes=27653
T2 sh5 cell=(218,33) PROBE0 nodes=22620
T2 sh13 cell=(240,69) PROBE0 nodes=17602
T2 sh13 cell=(183,70) PROBE0 nodes=26915
T2 sh14 cell=(240,59) PROBE0 nodes=15730
T2 sh4 cell=(233,58) PROBE0 nodes=13979
T2 sh2 cell=(207,50) PROBE0 nodes=10301
T2 sh14 cell=(215,60) PROBE0 nodes=12392
T2 sh7 cell=(231,54) PROBE0 nodes=11569
T2 sh2 cell=(240,53) PROBE0 nodes=10361
T2 sh11 cell=(238,61) PROBE0 nodes=15334
T2 sh10 cell=(175,66) PROBE0 nodes=27033
T2 sh8 cell=(186,59) PROBE0 nodes=340
T2 sh5 cell=(75,46) PROBE0 nodes=627
T2 sh4 cell=(159,64) PROBE0 nodes=27560
T2 sh11 cell=(219,64) PROBE0 nodes=10065
T2 sh13 cell=(228,91) PROBE0 nodes=18316
T2 sh10 cell=(220,71) PROBE0 nodes=6757
T2 sh13 cell=(37,118) PROBE0 nodes=15579
T2 sh2 cell=(239,62) PROBE0 nodes=27124
T2 sh13 cell=(38,161) PROBE0 nodes=24895
T2 sh8 cell=(238,65) PROBE0 nodes=18718
T2 sh13 cell=(16,187) PROBE0 nodes=25218
T2 sh11 cell=(29,68) PROBE0 nodes=26504
T2 sh1 cell=(254,51) PROBE0 nodes=10145
T2 sh1 cell=(224,53) PROBE0 nodes=17140
T2 sh7 cell=(19,68) PROBE0 nodes=30664
T2 sh4 cell=(104,69) PROBE0 nodes=26832
T2 sh10 cell=(34,99) PROBE0 nodes=13069
T2 sh13 cell=(90,35) PROBE0 nodes=28387
T2 sh8 cell=(182,73) PROBE0 nodes=26900
T2 sh10 cell=(2,143) PROBE0 nodes=10228
T2 sh10 cell=(18,185) PROBE0 nodes=8275
T2 sh11 cell=(208,185) PROBE0 nodes=4985
T2 sh14 cell=(173,76) PROBE0 nodes=27506
T2 sh10 cell=(257,38) PROBE0 nodes=23839
T2 sh2 cell=(6,123) PROBE0 nodes=20990
T2 sh2 cell=(223,178) PROBE0 nodes=4271
T2 sh2 cell=(205,16) PROBE0 nodes=23494
T2 sh8 cell=(31,108) PROBE0 nodes=11817
T2 sh8 cell=(15,184) PROBE0 nodes=8352
T2 sh10 cell=(189,42) PROBE0 nodes=25512
T2 sh2 cell=(88,27) PROBE0 nodes=26234
T2 sh4 cell=(220,83) PROBE0 nodes=17185
T2 sh4 cell=(33,94) PROBE0 nodes=14937
T2 sh4 cell=(221,102) PROBE0 nodes=30376
T2 sh4 cell=(40,123) PROBE0 nodes=11410
T2 sh14 cell=(26,97) PROBE0 nodes=24969
T2 sh2 cell=(230,45) PROBE0 nodes=8673
T2 sh4 cell=(8,179) PROBE0 nodes=9139
T2 sh7 cell=(14,129) PROBE0 nodes=27584
T2 sh14 cell=(25,100) PROBE0 nodes=25193
T2 sh5 cell=(40,105) PROBE0 nodes=11855
T2 sh8 cell=(221,46) PROBE0 nodes=14056
T2 sh2 cell=(203,52) PROBE0 nodes=20311
T2 sh5 cell=(7,126) PROBE0 nodes=19871
T2 sh2 cell=(241,54) PROBE0 nodes=12828
T2 sh5 cell=(211,182) PROBE0 nodes=4301
T2 sh4 cell=(68,37) PROBE0 nodes=18761
T2 sh5 cell=(216,41) PROBE0 nodes=30257
T2 sh4 cell=(229,52) PROBE0 nodes=8571
T2 sh11 cell=(231,178) PROBE0 nodes=7291
T2 sh1 cell=(186,71) PROBE0 nodes=26926
T2 sh13 cell=(201,182) PROBE0 nodes=6848
T2 sh4 cell=(172,61) PROBE0 nodes=26842
T2 sh13 cell=(242,49) PROBE0 nodes=10091
T2 sh1 cell=(216,13) PROBE0 nodes=22291
T2 sh7 cell=(20,89) PROBE0 nodes=24827
T2 sh8 cell=(34,103) PROBE0 nodes=25012
T2 sh13 cell=(229,74) PROBE0 nodes=8969
T2 sh13 cell=(215,80) PROBE0 nodes=7261
T2 sh13 cell=(219,94) PROBE0 nodes=19820
T2 sh13 cell=(175,58) PROBE0 nodes=26283
T2 sh2 cell=(20,185) PROBE0 nodes=12044
T2 sh2 cell=(262,33) PROBE0 nodes=11712
T2 sh13 cell=(27,70) PROBE0 nodes=26217
T2 sh13 cell=(228,43) PROBE0 nodes=8741
T2 sh8 cell=(253,48) PROBE0 nodes=10304
T2 sh11 cell=(70,31) PROBE0 nodes=16650
T2 sh4 cell=(15,134) PROBE0 nodes=10473
T2 sh10 cell=(100,67) PROBE0 nodes=19959
T2 sh14 cell=(169,60) PROBE0 nodes=26536
T2 sh8 cell=(232,61) PROBE0 nodes=10866
T2 sh2 cell=(180,51) PROBE0 nodes=26271
T2 sh13 cell=(205,178) PROBE0 nodes=4351
probe[t=388s]: 1696/1780 起点被证伪，剩 84
DEATH liveend=0 estate=368432 reach=203541 dyn=82088 flow=0 geom=23123
DYN shard13: 213539 calls, 82088 refuted (38%)
T2 sh11 cell=(114,77) PROBE0 nodes=31411
T3[t=391s] shard13 r0 #0 cell=(222,22) sc=50272 nodes=33946 r=0
T2 sh5 cell=(208,73) PROBE0 nodes=18156
T2 sh8 cell=(213,92) PROBE0 nodes=23267
T2 sh4 cell=(19,76) PROBE0 nodes=24859
T2 sh2 cell=(219,78) PROBE0 nodes=7224
T2 sh8 cell=(42,119) PROBE0 nodes=15570
T2 sh7 cell=(18,85) PROBE0 nodes=24806
T2 sh7 cell=(10,183) PROBE0 nodes=8369
T3[t=397s] shard13 r0 #1 cell=(218,32) sc=50262 nodes=65362 r=0
T2 sh5 cell=(42,105) PROBE0 nodes=11801
T2 sh4 cell=(39,104) PROBE0 nodes=11861
T2 sh5 cell=(239,50) PROBE0 nodes=10185
T2 sh14 cell=(34,95) PROBE0 nodes=14935
T2 sh2 cell=(224,67) PROBE0 nodes=8899
probe[t=402s]: 1684/1780 起点被证伪，剩 96
DEATH liveend=0 estate=389314 reach=217928 dyn=84136 flow=0 geom=25466
DYN shard11: 220215 calls, 84136 refuted (38%)
T2 sh14 cell=(211,72) PROBE0 nodes=7062
T2 sh2 cell=(210,7) PROBE0 nodes=23935
T2 sh10 cell=(222,93) PROBE0 nodes=18611
probe[t=403s]: 1693/1780 起点被证伪，剩 87
DEATH liveend=0 estate=377378 reach=210703 dyn=80841 flow=0 geom=25756
DYN shard10: 213326 calls, 80841 refuted (38%)
T2 sh7 cell=(244,57) PROBE0 nodes=30910
T2 sh8 cell=(5,130) PROBE0 nodes=13597
T2 sh7 cell=(220,89) PROBE0 nodes=18448
probe[t=407s]: 1691/1780 起点被证伪，剩 89
DEATH liveend=0 estate=380659 reach=214925 dyn=83259 flow=0 geom=24949
DYN shard4: 218741 calls, 83259 refuted (38%)
probe[t=407s]: 1693/1780 起点被证伪，剩 87
DEATH liveend=0 estate=381994 reach=213745 dyn=81706 flow=0 geom=25713
DYN shard8: 216757 calls, 81706 refuted (38%)
T3[t=408s] shard11 r0 #0 cell=(203,45) sc=50261 nodes=60912 r=0
T2 sh5 cell=(251,44) PROBE0 nodes=10130
T2 sh1 cell=(8,123) PROBE0 nodes=10559
probe[t=410s]: 1694/1780 起点被证伪，剩 86
DEATH liveend=0 estate=375548 reach=209187 dyn=81331 flow=0 geom=25539
DYN shard14: 215576 calls, 81331 refuted (38%)
T3[t=411s] shard13 r0 #2 cell=(28,44) sc=50274 nodes=122896 r=0
T3[t=411s] shard8 r0 #0 cell=(4,80) sc=50264 nodes=33441 r=0
T2 sh1 cell=(7,184) PROBE0 nodes=17373
T3[t=412s] shard10 r0 #0 cell=(203,69) sc=50266 nodes=105186 r=0
T3[t=412s] shard11 r0 #1 cell=(200,60) sc=50265 nodes=38109 r=0
T3[t=412s] shard4 r0 #0 cell=(210,40) sc=50270 nodes=56926 r=0
T2 sh1 cell=(220,3) PROBE0 nodes=13305
probe[t=413s]: 1692/1780 起点被证伪，剩 88
DEATH liveend=0 estate=377701 reach=207956 dyn=82777 flow=0 geom=24376
DYN shard2: 217744 calls, 82777 refuted (38%)
T2 sh1 cell=(246,53) PROBE0 nodes=10149
T3[t=416s] shard14 r0 #0 cell=(217,45) sc=50270 nodes=58527 r=0
probe[t=416s]: 1692/1780 起点被证伪，剩 88
DEATH liveend=0 estate=396919 reach=221625 dyn=85347 flow=0 geom=26210
DYN shard7: 224277 calls, 85347 refuted (38%)
T3[t=418s] shard8 r0 #1 cell=(104,34) sc=50275 nodes=35182 r=0
T3[t=418s] shard13 r0 #3 cell=(215,45) sc=50271 nodes=67701 r=0
T3[t=418s] shard4 r0 #1 cell=(216,8) sc=50267 nodes=60539 r=0
T3[t=419s] shard11 r0 #2 cell=(205,69) sc=50270 nodes=68728 r=0
probe[t=419s]: 1690/1780 起点被证伪，剩 90
DEATH liveend=0 estate=387226 reach=218410 dyn=82265 flow=0 geom=26790
DYN shard5: 219261 calls, 82265 refuted (38%)
T3[t=420s] shard10 r0 #1 cell=(99,39) sc=50268 nodes=43354 r=0
T3[t=421s] shard7 r0 #0 cell=(218,26) sc=50256 nodes=46753 r=0
T3[t=422s] shard8 r0 #2 cell=(218,40) sc=50268 nodes=33100 r=0
T3[t=422s] shard4 r0 #2 cell=(217,33) sc=50262 nodes=36157 r=0
T3[t=422s] shard13 r0 #4 cell=(209,47) sc=50260 nodes=40120 r=0
T3[t=425s] shard8 r0 #3 cell=(214,44) sc=50270 nodes=33636 r=0
T3[t=425s] shard11 r0 #3 cell=(203,39) sc=50265 nodes=66594 r=0
T2 sh1 cell=(31,100) PROBE0 nodes=19294
T2 sh1 cell=(213,180) PROBE0 nodes=4283
T3[t=427s] shard13 r0 #5 cell=(193,51) sc=50272 nodes=47395 r=0
T3[t=428s] shard4 r0 #3 cell=(207,43) sc=50274 nodes=57742 r=0
probe[t=430s]: 1690/1780 起点被证伪，剩 90
DEATH liveend=0 estate=377446 reach=213596 dyn=80946 flow=0 geom=26350
DYN shard1: 216903 calls, 80946 refuted (37%)
T3[t=430s] shard14 r0 #1 cell=(22,48) sc=50272 nodes=124582 r=0
T3[t=431s] shard8 r0 #4 cell=(200,48) sc=50270 nodes=51788 r=0
T3[t=431s] shard13 r0 #6 cell=(194,52) sc=50272 nodes=38263 r=0
T3[t=432s] shard11 r0 #4 cell=(208,72) sc=50261 nodes=64522 r=0
T3[t=435s] shard14 r0 #2 cell=(214,48) sc=50269 nodes=45040 r=0
T3[t=436s] shard4 r0 #4 cell=(95,45) sc=50266 nodes=33777 r=0
T3[t=437s] shard1 r0 #0 cell=(20,57) sc=50262 nodes=50534 r=0
T3[t=437s] shard13 r0 #7 cell=(22,58) sc=50266 nodes=49095 r=0
T3[t=438s] shard11 r0 #5 cell=(102,32) sc=50260 nodes=35582 r=0
T3[t=441s] shard13 r0 #8 cell=(207,59) sc=50265 nodes=40567 r=0
T3[t=442s] shard4 r0 #5 cell=(34,46) sc=50277 nodes=49060 r=0
T3[t=444s] shard11 r0 #6 cell=(215,35) sc=50263 nodes=58279 r=0
T3[t=444s] shard1 r0 #1 cell=(204,50) sc=50264 nodes=78743 r=0
T3[t=450s] shard1 r0 #2 cell=(192,80) sc=50269 nodes=78013 r=0
T3[t=454s] shard1 r0 #3 cell=(214,42) sc=50258 nodes=33396 r=0
T3[t=454s] shard7 r0 #1 cell=(31,43) sc=50266 nodes=295471 r=0
T3[t=456s] shard4 r0 #6 cell=(26,52) sc=50274 nodes=130493 r=0
T3[t=457s] shard11 r0 #7 cell=(36,42) sc=50269 nodes=122950 r=0
T3[t=457s] shard7 r0 #2 cell=(212,44) sc=50276 nodes=33085 r=0
T3[t=459s] shard8 r0 #5 cell=(25,51) sc=50266 nodes=260919 r=0
T3[t=460s] shard1 r0 #4 cell=(201,43) sc=50267 nodes=66595 r=0
T3[t=464s] shard11 r0 #8 cell=(37,43) sc=50267 nodes=49200 r=0
T3[t=466s] shard1 r0 #5 cell=(28,46) sc=50268 nodes=49054 r=0
T3[t=469s] shard11 r0 #9 cell=(197,47) sc=50262 nodes=60376 r=0
T3[t=477s] shard11 r0 #10 cell=(192,50) sc=50274 nodes=74152 r=0
T3[t=477s] shard7 r0 #3 cell=(26,50) sc=50270 nodes=179650 r=0
T3[t=479s] shard8 r0 #6 cell=(34,52) sc=50273 nodes=171713 r=0
T3[t=480s] shard1 r0 #6 cell=(26,48) sc=50274 nodes=130492 r=0
T3[t=483s] shard11 r0 #11 cell=(33,51) sc=50259 nodes=48873 r=0
probe[t=488s]: 1669/1780 起点被证伪，剩 111
DEATH liveend=0 estate=441280 reach=267255 dyn=66760 flow=0 geom=45217
DYN shard12: 218513 calls, 66760 refuted (31%)
T3[t=489s] shard11 r0 #12 cell=(27,55) sc=50273 nodes=48266 r=0
probe[t=491s]: 1669/1780 起点被证伪，剩 111
DEATH liveend=0 estate=436665 reach=268337 dyn=68144 flow=0 geom=46876
DYN shard15: 224419 calls, 68144 refuted (30%)
T3[t=493s] shard8 r0 #7 cell=(37,53) sc=50265 nodes=130401 r=0
T3[t=493s] shard7 r0 #4 cell=(32,54) sc=50272 nodes=131142 r=0
T3[t=493s] shard11 r0 #13 cell=(216,56) sc=50268 nodes=44158 r=0
probe[t=494s]: 1668/1780 起点被证伪，剩 112
DEATH liveend=0 estate=452397 reach=276627 dyn=65640 flow=0 geom=49883
DYN shard0: 223900 calls, 65640 refuted (29%)
T3[t=494s] shard1 r0 #7 cell=(25,49) sc=50273 nodes=130196 r=0
DEATH sh5 liveend=0 estate=539456 reach=322425 dyn=82961 flow=0 geom=52111
PDEV sh5 try=0 kill=0 (0.0%) BJ try=8551 kill=713 nodes=1048576
ADAPT sh5 rp[P=8192 try=865 kill=74 9%] pd[P=74 try=36803 kill=8966 24%]
T3[t=499s] shard11 r0 #14 cell=(16,58) sc=50271 nodes=51006 r=0
T3[t=499s] shard1 r0 #8 cell=(25,53) sc=50265 nodes=49067 r=0
probe[t=502s]: 1669/1780 起点被证伪，剩 111
DEATH liveend=0 estate=441865 reach=271696 dyn=68548 flow=0 geom=46351
DYN shard6: 223566 calls, 68548 refuted (31%)
T3[t=508s] shard11 r0 #15 cell=(188,58) sc=50263 nodes=94762 r=0
T3[t=508s] shard12 r0 #0 cell=(196,80) sc=50266 nodes=240673 r=0
T3[t=512s] shard8 r0 #8 cell=(34,54) sc=50269 nodes=179890 r=0
DEATH sh13 liveend=0 estate=565315 reach=329910 dyn=96842 flow=0 geom=47624
PDEV sh13 try=0 kill=0 (0.0%) BJ try=9257 kill=676 nodes=1048576
ADAPT sh13 rp[P=8192 try=1220 kill=137 11%] pd[P=156 try=28754 kill=8098 28%]
probe[t=515s]: 1668/1780 起点被证伪，剩 112
DEATH liveend=0 estate=443748 reach=270492 dyn=69745 flow=0 geom=46493
DYN shard3: 224841 calls, 69745 refuted (31%)
T3[t=515s] shard7 r0 #5 cell=(18,56) sc=50260 nodes=189163 r=0
DEATH sh14 liveend=0 estate=554480 reach=329382 dyn=87410 flow=0 geom=53089
PDEV sh14 try=0 kill=0 (0.0%) BJ try=8776 kill=703 nodes=1048576
ADAPT sh14 rp[P=6739 try=1285 kill=153 12%] pd[P=26 try=36451 kill=8824 24%]
probe[t=517s]: 1670/1780 起点被证伪，剩 110
DEATH liveend=0 estate=440488 reach=271604 dyn=69506 flow=0 geom=48157
DYN shard9: 234516 calls, 69506 refuted (30%)
T3[t=519s] shard8 r0 #9 cell=(193,57) sc=50263 nodes=80065 r=0
T3[t=519s] shard12 r0 #1 cell=(208,22) sc=50269 nodes=127397 r=0
T3[t=521s] shard7 r0 #6 cell=(192,56) sc=50266 nodes=60700 r=0
T3[t=521s] shard9 r0 #0 cell=(200,56) sc=50269 nodes=35096 r=0
T3[t=523s] shard0 r0 #0 cell=(72,24) sc=50267 nodes=166679 r=0
T3[t=529s] shard11 r0 #16 cell=(23,59) sc=50260 nodes=137953 r=0
T3[t=531s] shard9 r0 #1 cell=(207,69) sc=50272 nodes=103169 r=0
T3[t=532s] shard11 r0 #17 cell=(201,59) sc=50265 nodes=40562 r=0
DEATH sh4 liveend=0 estate=582263 reach=348109 dyn=94046 flow=0 geom=54022
PDEV sh4 try=0 kill=0 (0.0%) BJ try=9309 kill=665 nodes=1048576
ADAPT sh4 rp[P=7369 try=1086 kill=112 10%] pd[P=44 try=37016 kill=8943 24%]
T3[t=535s] shard3 r0 #0 cell=(188,82) sc=50270 nodes=239841 r=0
T3[t=536s] shard7 r0 #7 cell=(15,59) sc=50266 nodes=108896 r=0
T3[t=541s] shard12 r0 #2 cell=(37,41) sc=50265 nodes=186272 r=0
DEATH sh10 liveend=0 estate=694140 reach=426377 dyn=84539 flow=0 geom=77326
PDEV sh10 try=0 kill=0 (0.0%) BJ try=10784 kill=1164 nodes=2097152
ADAPT sh10 rp[P=8192 try=1341 kill=145 11%] pd[P=56 try=71508 kill=17414 24%]
DEATH sh5 liveend=0 estate=686244 reach=423245 dyn=82961 flow=0 geom=76722
PDEV sh5 try=0 kill=0 (0.0%) BJ try=10648 kill=1185 nodes=2097152
ADAPT sh5 rp[P=8192 try=1046 kill=88 8%] pd[P=61 try=71089 kill=17350 24%]
DEATH sh2 liveend=0 estate=655165 reach=393931 dyn=88102 flow=0 geom=66226
PDEV sh2 try=0 kill=0 (0.0%) BJ try=10533 kill=1202 nodes=2097152
ADAPT sh2 rp[P=8192 try=1092 kill=100 9%] pd[P=80 try=56679 kill=15788 28%]
T3[t=550s] shard0 r0 #1 cell=(71,33) sc=50266 nodes=145051 r=0
T3[t=559s] shard9 r0 #2 cell=(65,27) sc=50259 nodes=156454 r=0
T3[t=560s] shard7 r0 #8 cell=(28,62) sc=50266 nodes=183967 r=0
DEATH sh15 liveend=0 estate=577570 reach=362163 dyn=70055 flow=0 geom=68525
PDEV sh15 try=0 kill=0 (0.0%) BJ try=9201 kill=967 nodes=1048576
ADAPT sh15 rp[P=8192 try=1979 kill=279 14%] pd[P=74 try=29140 kill=7973 27%]
DEATH sh14 liveend=0 estate=701113 reach=429719 dyn=87410 flow=0 geom=77590
PDEV sh14 try=0 kill=0 (0.0%) BJ try=10873 kill=1191 nodes=2097152
ADAPT sh14 rp[P=8192 try=1485 kill=172 12%] pd[P=142 try=70824 kill=17292 24%]
T3[t=568s] shard12 r0 #3 cell=(60,42) sc=50267 nodes=165261 r=0
T3[t=571s] shard7 r0 #9 cell=(25,63) sc=50257 nodes=57347 r=0
DEATH sh1 liveend=0 estate=607459 reach=361622 dyn=97281 flow=0 geom=57056
PDEV sh1 try=0 kill=0 (0.0%) BJ try=9752 kill=698 nodes=1048576
ADAPT sh1 rp[P=8192 try=984 kill=85 9%] pd[P=74 try=36449 kill=8873 24%]
T3[t=576s] shard0 r0 #2 cell=(71,37) sc=50267 nodes=144702 r=0
T3[t=578s] shard7 r0 #10 cell=(201,63) sc=50270 nodes=65261 r=0
DEATH sh4 liveend=0 estate=728813 reach=448496 dyn=94046 flow=0 geom=78441
PDEV sh4 try=0 kill=0 (0.0%) BJ try=11406 kill=1174 nodes=2097152
ADAPT sh4 rp[P=7047 try=1260 kill=126 10%] pd[P=99 try=70880 kill=17245 24%]
T3[t=582s] shard9 r0 #3 cell=(200,34) sc=50257 nodes=253666 r=0
DEATH sh8 liveend=0 estate=636831 reach=371620 dyn=108987 flow=0 geom=54745
PDEV sh8 try=0 kill=0 (0.0%) BJ try=10431 kill=745 nodes=1048576
ADAPT sh8 rp[P=8192 try=1415 kill=164 12%] pd[P=156 try=28858 kill=8081 28%]
DEATH sh13 liveend=0 estate=705882 reach=423478 dyn=100040 flow=0 geom=68591
PDEV sh13 try=0 kill=0 (0.0%) BJ try=11354 kill=1238 nodes=2097152
ADAPT sh13 rp[P=8192 try=1787 kill=223 12%] pd[P=80 try=57408 kill=16348 28%]
T3[t=588s] shard0 r0 #3 cell=(204,42) sc=50264 nodes=127573 r=0
T3[t=590s] shard3 r0 #1 cell=(87,29) sc=50270 nodes=316189 r=0
T3[t=590s] shard10 r0 #2 cell=(52,64) sc=50273 nodes=3000001 r=-1
T3[t=593s] shard5 r0 #0 cell=(37,65) sc=50257 nodes=3000001 r=-1
T3[t=593s] shard9 r0 #4 cell=(205,35) sc=50267 nodes=126693 r=0
T3[t=593s] shard12 r0 #4 cell=(41,43) sc=50272 nodes=178127 r=0
T3[t=594s] shard10 r0 #3 cell=(211,35) sc=50272 nodes=45137 r=0
T3[t=596s] shard5 r0 #1 cell=(213,41) sc=50272 nodes=34436 r=0
T3[t=598s] shard12 r0 #5 cell=(218,46) sc=50253 nodes=46533 r=0
DEATH sh11 liveend=0 estate=662498 reach=388216 dyn=115251 flow=0 geom=54955
PDEV sh11 try=0 kill=0 (0.0%) BJ try=10945 kill=813 nodes=1048576
ADAPT sh11 rp[P=8192 try=1170 kill=107 9%] pd[P=148 try=28871 kill=8179 28%]
T3[t=602s] shard5 r0 #2 cell=(40,48) sc=50274 nodes=49124 r=0
T3[t=606s] shard12 r0 #6 cell=(212,48) sc=50271 nodes=78927 r=0
T3[t=607s] shard2 r0 #0 cell=(40,59) sc=50269 nodes=3000001 r=-1
T3[t=610s] shard0 r0 #4 cell=(43,45) sc=50271 nodes=186240 r=0
T3[t=610s] shard7 r0 #11 cell=(32,64) sc=50267 nodes=170537 r=0
T3[t=612s] shard14 r0 #3 cell=(36,56) sc=50269 nodes=3000001 r=-1
T3[t=613s] shard2 r0 #1 cell=(33,47) sc=50277 nodes=49054 r=0
T3[t=615s] shard5 r0 #3 cell=(26,54) sc=50268 nodes=130444 r=0
T3[t=617s] shard14 r0 #4 cell=(198,58) sc=50266 nodes=46023 r=0
T3[t=617s] shard12 r0 #7 cell=(194,50) sc=50272 nodes=107607 r=0
T3[t=619s] shard5 r0 #4 cell=(199,55) sc=50264 nodes=45780 r=0
DEATH sh6 liveend=0 estate=601582 reach=386169 dyn=68883 flow=0 geom=75242
PDEV sh6 try=0 kill=0 (0.0%) BJ try=9201 kill=890 nodes=1048576
ADAPT sh6 rp[P=4973 try=2017 kill=290 14%] pd[P=69 try=33912 kill=7047 21%]
DEATH sh1 liveend=0 estate=754215 reach=462391 dyn=97281 flow=0 geom=81675
PDEV sh1 try=0 kill=0 (0.0%) BJ try=11849 kill=1178 nodes=2097152
ADAPT sh1 rp[P=8192 try=1164 kill=99 9%] pd[P=61 try=70692 kill=17227 24%]
T3[t=622s] shard10 r0 #4 cell=(32,42) sc=50271 nodes=294933 r=0
T3[t=623s] shard12 r0 #8 cell=(192,52) sc=50269 nodes=65784 r=0
T3[t=628s] shard10 r0 #5 cell=(201,45) sc=50268 nodes=68585 r=0
T3[t=629s] shard0 r0 #5 cell=(31,47) sc=50272 nodes=171602 r=0
T3[t=629s] shard4 r0 #7 cell=(36,58) sc=50277 nodes=3000001 r=-1
T3[t=632s] shard10 r0 #6 cell=(208,48) sc=50269 nodes=42822 r=0
T3[t=635s] shard0 r0 #6 cell=(192,54) sc=50270 nodes=76602 r=0
T3[t=636s] shard12 r0 #9 cell=(29,55) sc=50272 nodes=98721 r=0
T3[t=638s] shard2 r0 #2 cell=(27,49) sc=50272 nodes=253648 r=0
T3[t=639s] shard14 r0 #5 cell=(29,59) sc=50265 nodes=193246 r=0
T3[t=639s] shard13 r0 #9 cell=(35,61) sc=50265 nodes=3000001 r=-1
T3[t=639s] shard3 r0 #2 cell=(85,33) sc=50270 nodes=291931 r=0
T3[t=641s] shard2 r0 #3 cell=(200,54) sc=50271 nodes=36079 r=0
DEATH sh15 liveend=0 estate=719622 reach=456826 dyn=72468 flow=0 geom=90466
PDEV sh15 try=0 kill=0 (0.0%) BJ try=11298 kill=1466 nodes=2097152
ADAPT sh15 rp[P=2409 try=2188 kill=304 14%] pd[P=121 try=58378 kill=16023 27%]
T3[t=644s] shard2 r0 #4 cell=(191,55) sc=50265 nodes=36083 r=0
T3[t=645s] shard10 r0 #7 cell=(30,56) sc=50267 nodes=124686 r=0
T3[t=647s] shard14 r0 #6 cell=(8,62) sc=50267 nodes=66393 r=0
T3[t=648s] shard13 r0 #10 cell=(243,61) sc=50264 nodes=32253 r=0
T3[t=649s] shard10 r0 #8 cell=(212,56) sc=50268 nodes=45190 r=0
T3[t=650s] shard2 r0 #5 cell=(212,58) sc=50262 nodes=57273 r=0
T3[t=651s] shard3 r0 #3 cell=(204,40) sc=50270 nodes=127166 r=0
T3[t=654s] shard12 r0 #10 cell=(32,56) sc=50265 nodes=177545 r=0
DEATH sh8 liveend=0 estate=777380 reach=465181 dyn=112185 flow=0 geom=75709
PDEV sh8 try=0 kill=0 (0.0%) BJ try=12528 kill=1307 nodes=2097152
ADAPT sh8 rp[P=8192 try=1982 kill=250 13%] pd[P=80 try=57512 kill=16331 28%]
T3[t=657s] shard3 r0 #4 cell=(211,41) sc=50275 nodes=61361 r=0
T3[t=661s] shard12 r0 #11 cell=(192,58) sc=50275 nodes=50462 r=0
T3[t=668s] shard1 r0 #9 cell=(48,56) sc=50268 nodes=3000001 r=-1
T3[t=668s] shard12 r0 #12 cell=(208,60) sc=50276 nodes=81868 r=0
DEATH sh11 liveend=0 estate=802565 reach=481363 dyn=118195 flow=0 geom=75861
PDEV sh11 try=0 kill=0 (0.0%) BJ try=13042 kill=1333 nodes=2097152
ADAPT sh11 rp[P=8192 try=1353 kill=123 9%] pd[P=148 try=58929 kill=16896 29%]
T3[t=676s] shard9 r0 #5 cell=(33,43) sc=50268 nodes=726346 r=0
T3[t=680s] shard9 r0 #6 cell=(206,46) sc=50270 nodes=33968 r=0
DEATH sh5 liveend=0 estate=982703 reach=619593 dyn=91480 flow=0 geom=120978
PDEV sh5 try=0 kill=0 (0.0%) BJ try=15068 kill=2180 nodes=1048576
ADAPT sh5 rp[P=4972 try=1429 kill=122 9%] pd[P=167 try=131459 kill=33334 25%]
T3[t=682s] shard12 r0 #13 cell=(241,61) sc=50266 nodes=38741 r=0
T3[t=687s] shard9 r0 #7 cell=(23,55) sc=50266 nodes=51962 r=0
DEATH sh6 liveend=0 estate=756485 reach=494771 dyn=68883 flow=0 geom=103191
PDEV sh6 try=0 kill=0 (0.0%) BJ try=11298 kill=1337 nodes=2097152
ADAPT sh6 rp[P=8192 try=2244 kill=315 14%] pd[P=65 try=63656 kill=13584 21%]
T3[t=689s] shard13 r0 #11 cell=(10,64) sc=50270 nodes=191738 r=0
T3[t=692s] shard15 r0 #0 cell=(46,56) sc=50270 nodes=3000001 r=-1
T3[t=693s] shard13 r0 #12 cell=(240,64) sc=50246 nodes=17292 r=0
T3[t=695s] shard9 r0 #8 cell=(197,57) sc=50263 nodes=86852 r=0
DEATH sh4 liveend=0 estate=995596 reach=628750 dyn=96335 flow=0 geom=120818
PDEV sh4 try=0 kill=0 (0.0%) BJ try=15309 kill=2143 nodes=1048576
ADAPT sh4 rp[P=8192 try=1998 kill=234 12%] pd[P=156 try=130419 kill=33033 25%]
T3[t=697s] shard13 r0 #13 cell=(187,65) sc=50269 nodes=34428 r=0
T3[t=703s] shard13 r0 #14 cell=(188,66) sc=50273 nodes=72472 r=0
T3[t=703s] shard3 r0 #5 cell=(30,46) sc=50273 nodes=416891 r=0
T3[t=707s] shard8 r0 #10 cell=(50,58) sc=50269 nodes=3000001 r=-1
T3[t=710s] shard3 r0 #6 cell=(35,47) sc=50271 nodes=49846 r=0
DEATH sh2 liveend=0 estate=964120 reach=594874 dyn=104062 flow=0 geom=108347
PDEV sh2 try=0 kill=0 (0.0%) BJ try=15299 kill=2230 nodes=1048576
ADAPT sh2 rp[P=8192 try=1803 kill=189 10%] pd[P=66 try=109386 kill=30744 28%]
T3[t=715s] shard8 r0 #11 cell=(186,60) sc=50271 nodes=95053 r=0
T3[t=719s] shard8 r0 #12 cell=(197,61) sc=50266 nodes=45952 r=0
T3[t=720s] shard9 r0 #9 cell=(17,59) sc=50261 nodes=212104 r=0
DEATH sh14 liveend=0 estate=1017029 reach=642337 dyn=95545 flow=0 geom=127455
PDEV sh14 try=0 kill=0 (0.0%) BJ try=15386 kill=2169 nodes=1048576
ADAPT sh14 rp[P=8192 try=1972 kill=223 11%] pd[P=74 try=137825 kill=33762 24%]
DEATH sh10 liveend=0 estate=1047108 reach=659927 dyn=100412 flow=0 geom=129653
PDEV sh10 try=0 kill=0 (0.0%) BJ try=15927 kill=2174 nodes=1048576
ADAPT sh10 rp[P=8192 try=1847 kill=192 10%] pd[P=74 try=138698 kill=33950 24%]
T3[t=724s] shard11 r0 #18 cell=(33,61) sc=50270 nodes=3000001 r=-1
T3[t=727s] shard11 r0 #19 cell=(243,63) sc=50259 nodes=34115 r=0
T3[t=730s] shard3 r0 #7 cell=(34,48) sc=50271 nodes=184339 r=0
T3[t=732s] shard8 r0 #13 cell=(30,62) sc=50261 nodes=81937 r=0
T3[t=733s] shard11 r0 #20 cell=(184,66) sc=50271 nodes=77939 r=0
T3[t=734s] shard6 r0 #0 cell=(46,58) sc=50269 nodes=3000001 r=-1
T3[t=737s] shard9 r0 #10 cell=(193,59) sc=50265 nodes=186574 r=0
T3[t=738s] shard8 r0 #14 cell=(203,63) sc=50272 nodes=65303 r=0
T3[t=744s] shard3 r0 #8 cell=(29,49) sc=50274 nodes=99599 r=0
T3[t=744s] shard11 r0 #21 cell=(13,67) sc=50268 nodes=73936 r=0
T3[t=745s] shard15 r0 #1 cell=(86,28) sc=50269 nodes=293473 r=0
T3[t=747s] shard8 r0 #15 cell=(202,64) sc=50267 nodes=102879 r=0
T3[t=747s] shard11 r0 #22 cell=(200,68) sc=50277 nodes=41425 r=0
DEATH sh1 liveend=0 estate=1018749 reach=638057 dyn=103673 flow=0 geom=122199
PDEV sh1 try=0 kill=0 (0.0%) BJ try=15752 kill=2086 nodes=1048576
ADAPT sh1 rp[P=8192 try=1581 kill=146 9%] pd[P=24 try=125471 kill=31655 25%]
DEATH sh0 liveend=0 estate=734324 reach=478451 dyn=78050 flow=0 geom=98010
PDEV sh0 try=0 kill=0 (0.0%) BJ try=11300 kill=1244 nodes=1048576
ADAPT sh0 rp[P=4973 try=6964 kill=1193 17%] pd[P=69 try=37487 kill=7707 21%]
T3[t=752s] shard3 r0 #9 cell=(212,50) sc=50264 nodes=84725 r=0
T3[t=753s] shard6 r0 #1 cell=(111,79) sc=50268 nodes=100214 r=0
DEATH sh5 liveend=0 estate=1122965 reach=712518 dyn=94424 flow=0 geom=141821
PDEV sh5 try=0 kill=0 (0.0%) BJ try=17165 kill=2692 nodes=2097152
ADAPT sh5 rp[P=8192 try=1607 kill=136 8%] pd[P=107 try=161456 kill=42024 26%]
DEATH sh7 liveend=0 estate=848301 reach=504323 dyn=129871 flow=0 geom=79834
PDEV sh7 try=0 kill=0 (0.0%) BJ try=13855 kill=1300 nodes=2097152
ADAPT sh7 rp[P=8192 try=1598 kill=166 10%] pd[P=35 try=56601 kill=16090 28%]
T3[t=759s] shard6 r0 #2 cell=(216,10) sc=50266 nodes=65717 r=0
T3[t=759s] shard3 r0 #10 cell=(22,52) sc=50268 nodes=51300 r=0
T3[t=760s] shard11 r0 #23 cell=(31,69) sc=50263 nodes=110370 r=0
T3[t=762s] shard15 r0 #2 cell=(16,36) sc=50269 nodes=136701 r=0
T3[t=764s] shard9 r0 #11 cell=(188,60) sc=50261 nodes=316787 r=0
T3[t=764s] shard6 r0 #3 cell=(216,26) sc=50268 nodes=63944 r=0
T3[t=765s] shard3 r0 #11 cell=(193,55) sc=50263 nodes=49599 r=0
DEATH sh4 liveend=0 estate=1136145 reach=722311 dyn=99533 flow=0 geom=141782
PDEV sh4 try=0 kill=0 (0.0%) BJ try=17406 kill=2705 nodes=2097152
ADAPT sh4 rp[P=8192 try=2565 kill=320 12%] pd[P=80 try=159073 kill=41283 26%]
DEATH sh14 liveend=0 estate=1163788 reach=743138 dyn=95545 flow=0 geom=152062
PDEV sh14 try=0 kill=0 (0.0%) BJ try=17483 kill=2645 nodes=2097152
ADAPT sh14 rp[P=8192 try=2153 kill=237 11%] pd[P=61 try=172071 kill=42126 24%]
DEATH sh10 liveend=0 estate=1193867 reach=760700 dyn=100412 flow=0 geom=154248
PDEV sh10 try=0 kill=0 (0.0%) BJ try=18024 kill=2653 nodes=2097152
ADAPT sh10 rp[P=8192 try=2028 kill=206 10%] pd[P=61 try=172977 kill=42324 24%]
T3[t=770s] shard9 r0 #12 cell=(27,61) sc=50266 nodes=51357 r=0
DEATH sh13 liveend=0 estate=1002986 reach=618594 dyn=114263 flow=0 geom=109595
PDEV sh13 try=0 kill=0 (0.0%) BJ try=15950 kill=2228 nodes=1048576
ADAPT sh13 rp[P=8192 try=2346 kill=287 12%] pd[P=109 try=110204 kill=31324 28%]
T3[t=785s] shard9 r0 #13 cell=(34,62) sc=50272 nodes=86733 r=0
T3[t=787s] shard15 r0 #3 cell=(45,37) sc=50264 nodes=180014 r=0
DEATH sh2 liveend=0 estate=1103968 reach=688047 dyn=107126 flow=0 geom=129114
PDEV sh2 try=0 kill=0 (0.0%) BJ try=17396 kill=2749 nodes=2097152
ADAPT sh2 rp[P=8192 try=1997 kill=206 10%] pd[P=121 try=139093 kill=39313 28%]
DEATH sh12 liveend=0 estate=799960 reach=514382 dyn=94111 flow=0 geom=97933
PDEV sh12 try=0 kill=0 (0.0%) BJ try=12482 kill=1253 nodes=1048576
ADAPT sh12 rp[P=3856 try=4933 kill=803 16%] pd[P=86 try=34356 kill=7075 21%]
T3[t=797s] shard6 r0 #4 cell=(14,30) sc=50264 nodes=286204 r=0
T3[t=804s] shard5 r0 #5 cell=(42,58) sc=50255 nodes=3000001 r=-1
T3[t=804s] shard6 r0 #5 cell=(214,38) sc=50264 nodes=67956 r=0
T3[t=804s] shard7 r0 #12 cell=(41,67) sc=50261 nodes=3000001 r=-1
T3[t=807s] shard7 r0 #13 cell=(188,68) sc=50270 nodes=34958 r=0
T3[t=808s] shard6 r0 #6 cell=(213,43) sc=50272 nodes=34593 r=0
T3[t=813s] shard10 r0 #9 cell=(36,62) sc=50268 nodes=3000001 r=-1
T3[t=813s] shard14 r0 #7 cell=(42,64) sc=50267 nodes=3000001 r=-1
T3[t=813s] shard5 r0 #6 cell=(30,60) sc=50273 nodes=57512 r=0
T3[t=814s] shard6 r0 #7 cell=(208,44) sc=50269 nodes=62601 r=0
T3[t=816s] shard10 r0 #10 cell=(212,64) sc=50264 nodes=32379 r=0
DEATH sh0 liveend=0 estate=889227 reach=587053 dyn=78050 flow=0 geom=125959
PDEV sh0 try=0 kill=0 (0.0%) BJ try=13397 kill=1691 nodes=2097152
ADAPT sh0 rp[P=8192 try=7191 kill=1218 17%] pd[P=65 try=67231 kill=14244 21%]
T3[t=817s] shard4 r0 #8 cell=(47,59) sc=50270 nodes=3000001 r=-1
T3[t=818s] shard14 r0 #8 cell=(203,67) sc=50270 nodes=58231 r=0
DEATH sh1 liveend=0 estate=1158131 reach=730881 dyn=106245 flow=0 geom=143127
PDEV sh1 try=0 kill=0 (0.0%) BJ try=17849 kill=2610 nodes=2097152
ADAPT sh1 rp[P=5527 try=1758 kill=161 9%] pd[P=71 try=155594 kill=40260 26%]
T3[t=818s] shard9 r0 #14 cell=(29,63) sc=50271 nodes=224012 r=0
T3[t=818s] shard5 r0 #7 cell=(17,61) sc=50267 nodes=51186 r=0
DEATH sh8 liveend=0 estate=1093910 reach=676556 dyn=123395 flow=0 geom=122254
PDEV sh8 try=0 kill=0 (0.0%) BJ try=17210 kill=2285 nodes=1048576
ADAPT sh8 rp[P=8192 try=2806 kill=361 13%] pd[P=30 try=118818 kill=32264 27%]
T3[t=823s] shard6 r0 #8 cell=(90,46) sc=50266 nodes=46427 r=0
T3[t=823s] shard14 r0 #9 cell=(208,68) sc=50272 nodes=74336 r=0
T3[t=824s] shard5 r0 #8 cell=(26,62) sc=50264 nodes=49179 r=0
T3[t=826s] shard7 r0 #14 cell=(11,69) sc=50265 nodes=139615 r=0
T3[t=828s] shard5 r0 #9 cell=(11,63) sc=50265 nodes=36991 r=0
T3[t=829s] shard7 r0 #15 cell=(187,69) sc=50268 nodes=35020 r=0
T3[t=832s] shard4 r0 #9 cell=(187,61) sc=50264 nodes=189553 r=0
T3[t=832s] shard7 r0 #16 cell=(198,72) sc=50278 nodes=45120 r=0
DEATH sh11 liveend=0 estate=1112319 reach=687508 dyn=128431 flow=0 geom=121693
PDEV sh11 try=0 kill=0 (0.0%) BJ try=17617 kill=2310 nodes=1048576
ADAPT sh11 rp[P=8192 try=1800 kill=164 9%] pd[P=50 try=120504 kill=32870 27%]
T3[t=836s] shard7 r0 #17 cell=(183,77) sc=50277 nodes=58014 r=0
T3[t=837s] shard2 r0 #6 cell=(37,59) sc=50266 nodes=3000001 r=-1
T3[t=841s] shard7 r0 #18 cell=(5,85) sc=50266 nodes=55435 r=0
T3[t=841s] shard5 r0 #10 cell=(187,63) sc=50266 nodes=172377 r=0
T3[t=844s] shard7 r0 #19 cell=(25,99) sc=50267 nodes=39128 r=0
T3[t=849s] shard7 r0 #20 cell=(224,34) sc=50269 nodes=55137 r=0
T3[t=850s] shard10 r0 #11 cell=(10,66) sc=50272 nodes=189117 r=0
T3[t=853s] shard7 r0 #21 cell=(212,40) sc=50270 nodes=43805 r=0
T3[t=853s] shard2 r0 #7 cell=(13,61) sc=50266 nodes=117700 r=0
DEATH sh13 liveend=0 estate=1143417 reach=711966 dyn=117203 flow=0 geom=130599
PDEV sh13 try=0 kill=0 (0.0%) BJ try=18047 kill=2808 nodes=2097152
ADAPT sh13 rp[P=8192 try=2742 kill=340 12%] pd[P=81 try=139223 kill=39693 29%]
T3[t=855s] shard10 r0 #12 cell=(189,67) sc=50274 nodes=52335 r=0
DEATH sh12 liveend=0 estate=954729 reach=623004 dyn=94111 flow=0 geom=125884
PDEV sh12 try=0 kill=0 (0.0%) BJ try=14579 kill=1710 nodes=2097152
ADAPT sh12 rp[P=8192 try=5156 kill=826 16%] pd[P=65 try=63915 kill=13636 21%]
T3[t=857s] shard4 r0 #10 cell=(24,62) sc=50262 nodes=163843 r=0
T3[t=859s] shard7 r0 #22 cell=(40,42) sc=50270 nodes=49282 r=0
T3[t=859s] shard10 r0 #13 cell=(198,68) sc=50266 nodes=58192 r=0
T3[t=862s] shard0 r0 #7 cell=(51,55) sc=50267 nodes=3000001 r=-1
T3[t=863s] shard5 r0 #11 cell=(30,64) sc=50267 nodes=151579 r=0
T3[t=863s] shard7 r0 #23 cell=(200,46) sc=50271 nodes=60561 r=0
T3[t=864s] shard1 r0 #10 cell=(31,57) sc=50267 nodes=3000001 r=-1
T3[t=868s] shard1 r0 #11 cell=(210,58) sc=50264 nodes=56877 r=0
T3[t=869s] shard5 r0 #12 cell=(184,64) sc=50268 nodes=77946 r=0
DEATH sh8 liveend=0 estate=1243277 reach=778147 dyn=123395 flow=0 geom=147165
PDEV sh8 try=0 kill=0 (0.0%) BJ try=19307 kill=2777 nodes=2097152
ADAPT sh8 rp[P=4895 try=2980 kill=375 13%] pd[P=71 try=153819 kill=40865 27%]
T3[t=872s] shard5 r0 #13 cell=(205,65) sc=50271 nodes=32681 r=0
T3[t=873s] shard1 r0 #12 cell=(10,60) sc=50267 nodes=37059 r=0
DEATH sh3 liveend=0 estate=841671 reach=547589 dyn=97973 flow=0 geom=107610
PDEV sh3 try=0 kill=0 (0.0%) BJ try=13204 kill=1504 nodes=1048576
ADAPT sh3 rp[P=5241 try=9829 kill=1738 18%] pd[P=86 try=38003 kill=7771 20%]
T3[t=880s] shard4 r0 #11 cell=(9,63) sc=50271 nodes=119346 r=0
T3[t=880s] shard15 r0 #4 cell=(92,42) sc=50273 nodes=582386 r=0
DEATH sh11 liveend=0 estate=1261399 reach=789117 dyn=128431 flow=0 geom=146726
PDEV sh11 try=0 kill=0 (0.0%) BJ try=19714 kill=2790 nodes=2097152
ADAPT sh11 rp[P=8192 try=1990 kill=181 9%] pd[P=129 try=155333 kill=41357 27%]
T3[t=883s] shard10 r0 #14 cell=(41,71) sc=50261 nodes=242519 r=0
T3[t=888s] shard5 r0 #14 cell=(34,66) sc=50264 nodes=116495 r=0
T3[t=889s] shard7 r0 #24 cell=(27,53) sc=50263 nodes=269961 r=0
T3[t=890s] shard10 r0 #15 cell=(194,74) sc=50273 nodes=105610 r=0
T3[t=892s] shard5 r0 #15 cell=(208,66) sc=50273 nodes=51269 r=0
T3[t=894s] shard1 r0 #13 cell=(12,62) sc=50266 nodes=88142 r=0
DEATH sh14 liveend=0 estate=1446002 reach=932365 dyn=101318 flow=0 geom=195457
PDEV sh14 try=0 kill=0 (0.0%) BJ try=21650 kill=3649 nodes=1048576
ADAPT sh14 rp[P=8192 try=2661 kill=294 11%] pd[P=30 try=230992 kill=57723 25%]
T3[t=895s] shard7 r0 #25 cell=(214,56) sc=50272 nodes=68847 r=0
T3[t=896s] shard10 r0 #16 cell=(12,76) sc=50265 nodes=59979 r=0
T3[t=900s] shard12 r0 #14 cell=(44,62) sc=50271 nodes=3000001 r=-1
T3[t=901s] shard10 r0 #17 cell=(1,79) sc=50268 nodes=41970 r=0
T3[t=901s] shard4 r0 #12 cell=(28,64) sc=50257 nodes=86382 r=0
T3[t=901s] shard13 r0 #15 cell=(38,68) sc=50266 nodes=3000001 r=-1
T3[t=908s] shard7 r0 #26 cell=(14,60) sc=50272 nodes=93122 r=0
T3[t=908s] shard10 r0 #18 cell=(219,23) sc=50264 nodes=92644 r=0
T3[t=908s] shard13 r0 #16 cell=(202,68) sc=50275 nodes=81771 r=0
T3[t=909s] shard8 r0 #16 cell=(42,66) sc=50277 nodes=3000001 r=-1
T3[t=911s] shard4 r0 #13 cell=(5,69) sc=50272 nodes=90691 r=0
T3[t=911s] shard7 r0 #27 cell=(209,67) sc=50267 nodes=32002 r=0
T3[t=914s] shard4 r0 #14 cell=(11,71) sc=50256 nodes=32934 r=0
DEATH sh2 liveend=0 estate=1374978 reach=868780 dyn=113998 flow=0 geom=169347
PDEV sh2 try=0 kill=0 (0.0%) BJ try=21534 kill=3752 nodes=1048576
ADAPT sh2 rp[P=8192 try=2751 kill=315 11%] pd[P=156 try=193319 kill=54784 28%]
T3[t=917s] shard7 r0 #28 cell=(203,71) sc=50264 nodes=78204 r=0
T3[t=920s] shard11 r0 #24 cell=(44,70) sc=50261 nodes=3000001 r=-1
T3[t=921s] shard7 r0 #29 cell=(6,74) sc=50270 nodes=34868 r=0
T3[t=923s] shard13 r0 #17 cell=(33,69) sc=50261 nodes=129960 r=0
T3[t=927s] shard7 r0 #30 cell=(200,76) sc=50263 nodes=71425 r=0
T3[t=927s] shard4 r0 #15 cell=(193,71) sc=50270 nodes=164132 r=0
DEATH sh9 liveend=0 estate=911624 reach=595392 dyn=117043 flow=0 geom=114241
PDEV sh9 try=0 kill=0 (0.0%) BJ try=14494 kill=1235 nodes=1048576
ADAPT sh9 rp[P=8192 try=2584 kill=354 14%] pd[P=44 try=34822 kill=7197 21%]
T3[t=929s] shard11 r0 #25 cell=(8,72) sc=50266 nodes=101407 r=0
T3[t=930s] shard7 r0 #31 cell=(190,82) sc=50273 nodes=40095 r=0
T3[t=931s] shard4 r0 #16 cell=(182,78) sc=50271 nodes=58071 r=0
T3[t=933s] shard12 r0 #15 cell=(33,63) sc=50265 nodes=277119 r=0
T3[t=934s] shard4 r0 #17 cell=(208,88) sc=50268 nodes=37535 r=0
T3[t=936s] shard11 r0 #26 cell=(195,73) sc=50273 nodes=81104 r=0
T3[t=937s] shard4 r0 #18 cell=(216,98) sc=50263 nodes=41164 r=0
T3[t=940s] shard10 r0 #19 cell=(22,60) sc=50265 nodes=204800 r=0
T3[t=941s] shard4 r0 #19 cell=(219,21) sc=50266 nodes=42768 r=0
T3[t=942s] shard11 r0 #27 cell=(11,79) sc=50269 nodes=59984 r=0
T3[t=943s] shard4 r0 #20 cell=(215,41) sc=50270 nodes=33423 r=0
DEATH sh3 liveend=0 estate=996657 reach=656062 dyn=97973 flow=0 geom=135572
PDEV sh3 try=0 kill=0 (0.0%) BJ try=15301 kill=1970 nodes=2097152
ADAPT sh3 rp[P=8192 try=10069 kill=1767 18%] pd[P=65 try=67773 kill=14340 21%]
T3[t=945s] shard11 r0 #28 cell=(16,80) sc=50269 nodes=40632 r=0
T3[t=948s] shard4 r0 #21 cell=(206,44) sc=50273 nodes=49425 r=0
T3[t=951s] shard11 r0 #29 cell=(2,86) sc=50274 nodes=59751 r=0
T3[t=953s] shard4 r0 #22 cell=(94,46) sc=50269 nodes=34623 r=0
T3[t=955s] shard11 r0 #30 cell=(213,99) sc=50271 nodes=43352 r=0
T3[t=958s] shard4 r0 #23 cell=(209,59) sc=50274 nodes=56877 r=0
T3[t=961s] shard11 r0 #31 cell=(221,23) sc=50262 nodes=63273 r=0
T3[t=965s] shard11 r0 #32 cell=(199,31) sc=50269 nodes=58081 r=0
DEATH sh1 liveend=0 estate=1450728 reach=928706 dyn=111305 flow=0 geom=189050
PDEV sh1 try=0 kill=0 (0.0%) BJ try=22115 kill=3612 nodes=1048576
ADAPT sh1 rp[P=5201 try=2595 kill=279 11%] pd[P=62 try=218094 kill=56577 26%]
T3[t=966s] shard6 r0 #9 cell=(90,48) sc=50266 nodes=889082 r=0
T3[t=970s] shard10 r0 #20 cell=(31,65) sc=50255 nodes=151053 r=0
T3[t=970s] shard11 r0 #33 cell=(31,41) sc=50265 nodes=49060 r=0
DEATH sh0 liveend=0 estate=1173259 reach=787984 dyn=81154 flow=0 geom=176950
PDEV sh0 try=0 kill=0 (0.0%) BJ try=17300 kill=2523 nodes=1048576
ADAPT sh0 rp[P=3929 try=7732 kill=1291 17%] pd[P=72 try=120130 kill=25882 22%]
DEATH sh5 liveend=0 estate=1468485 reach=933150 dyn=121059 flow=0 geom=184688
PDEV sh5 try=0 kill=0 (0.0%) BJ try=22657 kill=3622 nodes=1048576
ADAPT sh5 rp[P=8192 try=2168 kill=190 9%] pd[P=100 try=212650 kill=56650 27%]
T3[t=975s] shard15 r0 #5 cell=(97,43) sc=50263 nodes=579190 r=0
T3[t=975s] shard11 r0 #34 cell=(202,42) sc=50266 nodes=58985 r=0
T3[t=976s] shard4 r0 #24 cell=(17,63) sc=50268 nodes=156153 r=0
DEATH sh8 liveend=0 estate=1521278 reach=968437 dyn=123893 flow=0 geom=193129
PDEV sh8 try=0 kill=0 (0.0%) BJ try=23210 kill=3752 nodes=1048576
ADAPT sh8 rp[P=8192 try=3415 kill=421 12%] pd[P=50 try=218475 kill=56453 26%]
T3[t=986s] shard4 r0 #25 cell=(17,65) sc=50269 nodes=97609 r=0
DEATH sh2 liveend=0 estate=1515519 reach=962349 dyn=117196 flow=0 geom=190311
PDEV sh2 try=0 kill=0 (0.0%) BJ try=23631 kill=4314 nodes=2097152
ADAPT sh2 rp[P=8192 try=3318 kill=401 12%] pd[P=80 try=221973 kill=63034 28%]
T3[t=988s] shard3 r0 #12 cell=(43,57) sc=50269 nodes=3000001 r=-1
DEATH sh9 liveend=0 estate=1066878 reach=704265 dyn=117043 flow=0 geom=142229
PDEV sh9 try=0 kill=0 (0.0%) BJ try=16591 kill=1676 nodes=2097152
ADAPT sh9 rp[P=8192 try=2826 kill=380 13%] pd[P=98 try=64935 kill=13857 21%]
DEATH sh13 liveend=0 estate=1424040 reach=897499 dyn=125517 flow=0 geom=171257
PDEV sh13 try=0 kill=0 (0.0%) BJ try=22372 kill=3780 nodes=1048576
ADAPT sh13 rp[P=8192 try=3152 kill=380 12%] pd[P=44 try=194182 kill=55426 29%]
DEATH sh7 liveend=0 estate=1271615 reach=775038 dyn=163010 flow=0 geom=133408
PDEV sh7 try=0 kill=0 (0.0%) BJ try=20359 kill=2330 nodes=1048576
ADAPT sh7 rp[P=8192 try=2116 kill=199 9%] pd[P=74 try=119764 kill=32678 27%]
T3[t=1001s] shard6 r0 #10 cell=(23,51) sc=50268 nodes=350017 r=0
T3[t=1012s] shard11 r0 #35 cell=(29,45) sc=50271 nodes=392888 r=0
T3[t=1013s] shard15 r0 #6 cell=(30,44) sc=50276 nodes=361822 r=0
DEATH sh1 liveend=0 estate=1599870 reach=1030108 dyn=111305 flow=0 geom=213912
PDEV sh1 try=0 kill=0 (0.0%) BJ try=24212 kill=4090 nodes=2097152
ADAPT sh1 rp[P=8192 try=2791 kill=298 11%] pd[P=54 try=253401 kill=65208 26%]
T3[t=1016s] shard14 r0 #10 cell=(37,69) sc=50257 nodes=3000001 r=-1
T3[t=1016s] shard11 r0 #36 cell=(199,47) sc=50264 nodes=63279 r=0
T3[t=1019s] shard15 r0 #7 cell=(219,45) sc=50268 nodes=59574 r=0
T3[t=1020s] shard11 r0 #37 cell=(203,51) sc=50268 nodes=32740 r=0
T3[t=1022s] shard14 r0 #11 cell=(184,70) sc=50267 nodes=73317 r=0
T3[t=1023s] shard11 r0 #38 cell=(191,53) sc=50262 nodes=39362 r=0
DEATH sh8 liveend=0 estate=1670356 reach=1070041 dyn=123893 flow=0 geom=218158
PDEV sh8 try=0 kill=0 (0.0%) BJ try=25307 kill=4232 nodes=2097152
ADAPT sh8 rp[P=8192 try=3605 kill=438 12%] pd[P=129 try=253304 kill=64940 26%]
T3[t=1033s] shard14 r0 #12 cell=(205,73) sc=50272 nodes=144317 r=0
T3[t=1035s] shard6 r0 #11 cell=(28,52) sc=50269 nodes=346123 r=0
T3[t=1037s] shard14 r0 #13 cell=(103,87) sc=50271 nodes=40945 r=0
T3[t=1038s] shard2 r0 #8 cell=(47,61) sc=50271 nodes=3000001 r=-1
T3[t=1038s] shard15 r0 #8 cell=(25,47) sc=50271 nodes=186814 r=0
T3[t=1040s] shard9 r0 #15 cell=(43,65) sc=50269 nodes=3000001 r=-1
T3[t=1041s] shard14 r0 #14 cell=(218,42) sc=50262 nodes=47982 r=0
DEATH sh10 liveend=0 estate=1599432 reach=1016770 dyn=136000 flow=0 geom=204336
PDEV sh10 try=0 kill=0 (0.0%) BJ try=24383 kill=3634 nodes=1048576
ADAPT sh10 rp[P=8192 try=3127 kill=361 12%] pd[P=35 try=229292 kill=57190 25%]
DEATH sh12 liveend=0 estate=1278068 reach=851568 dyn=98746 flow=0 geom=183469
PDEV sh12 try=0 kill=0 (0.0%) BJ try=19036 kill=2673 nodes=1048576
ADAPT sh12 rp[P=7369 try=6254 kill=994 16%] pd[P=65 try=122071 kill=26377 22%]
T3[t=1042s] shard6 r0 #12 cell=(33,53) sc=50261 nodes=49634 r=0
DEATH sh5 liveend=0 estate=1608239 reach=1026229 dyn=124127 flow=0 geom=205481
PDEV sh5 try=0 kill=0 (0.0%) BJ try=24754 kill=4166 nodes=2097152
ADAPT sh5 rp[P=8192 try=2354 kill=206 9%] pd[P=26 try=241794 kill=65058 27%]
DEATH sh7 liveend=0 estate=1418371 reach=875807 dyn=163010 flow=0 geom=158027
PDEV sh7 try=0 kill=0 (0.0%) BJ try=22456 kill=2810 nodes=2097152
ADAPT sh7 rp[P=8192 try=2296 kill=213 9%] pd[P=61 try=154007 kill=41032 27%]
DEATH sh4 liveend=0 estate=1562386 reach=993372 dyn=137359 flow=0 geom=192808
PDEV sh4 try=0 kill=0 (0.0%) BJ try=24210 kill=3797 nodes=1048576
ADAPT sh4 rp[P=8192 try=3293 kill=396 12%] pd[P=30 try=216306 kill=57543 27%]
T3[t=1051s] shard6 r0 #13 cell=(213,55) sc=50273 nodes=96676 r=0
T3[t=1052s] shard1 r0 #14 cell=(46,64) sc=50272 nodes=3000001 r=-1
T3[t=1054s] shard15 r0 #9 cell=(202,50) sc=50266 nodes=176313 r=0
T3[t=1057s] shard2 r0 #9 cell=(16,62) sc=50272 nodes=93645 r=0
T3[t=1058s] shard9 r0 #16 cell=(8,66) sc=50273 nodes=88337 r=0
T3[t=1062s] shard15 r0 #10 cell=(201,51) sc=50265 nodes=83174 r=0
T3[t=1064s] shard9 r0 #17 cell=(46,66) sc=50273 nodes=49376 r=0
T3[t=1064s] shard14 r0 #15 cell=(23,49) sc=50270 nodes=261775 r=0
T3[t=1067s] shard2 r0 #10 cell=(29,65) sc=50257 nodes=73728 r=0
T3[t=1068s] shard8 r0 #17 cell=(43,67) sc=50271 nodes=3000001 r=-1
T3[t=1068s] shard1 r0 #15 cell=(25,65) sc=50259 nodes=65663 r=0
DEATH sh13 liveend=0 estate=1564361 reach=991235 dyn=128087 flow=0 geom=192455
PDEV sh13 try=0 kill=0 (0.0%) BJ try=24469 kill=4301 nodes=2097152
ADAPT sh13 rp[P=8192 try=3319 kill=391 12%] pd[P=24 try=224523 kill=64182 29%]
T3[t=1069s] shard15 r0 #11 cell=(210,52) sc=50260 nodes=69758 r=0
T3[t=1072s] shard2 r0 #11 cell=(201,65) sc=50279 nodes=58208 r=0
T3[t=1075s] shard15 r0 #12 cell=(195,53) sc=50266 nodes=77584 r=0
T3[t=1082s] shard15 r0 #13 cell=(19,57) sc=50265 nodes=52539 r=0
T3[t=1082s] shard1 r0 #16 cell=(31,67) sc=50265 nodes=67584 r=0
DEATH sh11 liveend=0 estate=1658993 reach=1042070 dyn=159009 flow=0 geom=196408
PDEV sh11 try=0 kill=0 (0.0%) BJ try=25897 kill=3816 nodes=1048576
ADAPT sh11 rp[P=8192 try=2847 kill=286 10%] pd[P=66 try=213103 kill=56567 27%]
T3[t=1087s] shard14 r0 #16 cell=(36,52) sc=50271 nodes=245434 r=0
T3[t=1087s] shard7 r0 #32 cell=(49,55) sc=50271 nodes=3000001 r=-1
T3[t=1088s] shard1 r0 #17 cell=(20,70) sc=50265 nodes=42437 r=0
T3[t=1089s] shard8 r0 #18 cell=(17,69) sc=50270 nodes=100232 r=0
T3[t=1090s] shard5 r0 #16 cell=(39,67) sc=50263 nodes=3000001 r=-1
T3[t=1091s] shard0 r0 #8 cell=(30,58) sc=50266 nodes=3000001 r=-1
T3[t=1092s] shard1 r0 #18 cell=(10,74) sc=50266 nodes=41927 r=0
T3[t=1092s] shard2 r0 #12 cell=(33,67) sc=50264 nodes=138692 r=0
T3[t=1093s] shard8 r0 #19 cell=(199,69) sc=50268 nodes=53152 r=0
T3[t=1095s] shard14 r0 #17 cell=(196,60) sc=50264 nodes=100053 r=0
T3[t=1096s] shard15 r0 #14 cell=(241,59) sc=50267 nodes=54991 r=0
T3[t=1098s] shard9 r0 #18 cell=(9,67) sc=50268 nodes=247126 r=0
T3[t=1098s] shard5 r0 #17 cell=(185,69) sc=50270 nodes=95774 r=0
DEATH sh3 liveend=0 estate=1286678 reach=862107 dyn=98299 flow=0 geom=188459
PDEV sh3 try=0 kill=0 (0.0%) BJ try=19204 kill=2824 nodes=1048576
ADAPT sh3 rp[P=5241 try=10624 kill=1844 17%] pd[P=86 try=126471 kill=27150 21%]
T3[t=1100s] shard0 r0 #9 cell=(208,58) sc=50264 nodes=86597 r=0
T3[t=1100s] shard1 r0 #19 cell=(9,77) sc=50259 nodes=84487 r=0
DEATH sh12 liveend=0 estate=1433093 reach=960195 dyn=98746 flow=0 geom=211518
PDEV sh12 try=0 kill=0 (0.0%) BJ try=21133 kill=3121 nodes=2097152
ADAPT sh12 rp[P=8192 try=6461 kill=1016 16%] pd[P=222 try=152144 kill=33069 22%]
DEATH sh10 liveend=0 estate=1739461 reach=1110092 dyn=138950 flow=0 geom=225357
PDEV sh10 try=0 kill=0 (0.0%) BJ try=26480 kill=4175 nodes=2097152
ADAPT sh10 rp[P=8192 try=3468 kill=406 12%] pd[P=267 try=258456 kill=65518 25%]
T3[t=1111s] shard1 r0 #20 cell=(113,79) sc=50269 nodes=98139 r=0
T3[t=1113s] shard5 r0 #18 cell=(36,70) sc=50264 nodes=144828 r=0
T3[t=1113s] shard8 r0 #20 cell=(40,70) sc=50262 nodes=182346 r=0
T3[t=1114s] shard1 r0 #21 cell=(211,87) sc=50274 nodes=37701 r=0
T3[t=1116s] shard9 r0 #19 cell=(24,68) sc=50269 nodes=97604 r=0
T3[t=1117s] shard5 r0 #19 cell=(196,72) sc=50270 nodes=56499 r=0
T3[t=1118s] shard13 r0 #18 cell=(45,71) sc=50270 nodes=3000001 r=-1
T3[t=1118s] shard1 r0 #22 cell=(1,93) sc=50275 nodes=42518 r=0
T3[t=1120s] shard8 r0 #21 cell=(202,72) sc=50272 nodes=83348 r=0
DEATH sh4 liveend=0 estate=1702584 reach=1087185 dyn=139546 flow=0 geom=214144
PDEV sh4 try=0 kill=0 (0.0%) BJ try=26307 kill=4326 nodes=2097152
ADAPT sh4 rp[P=8192 try=3471 kill=410 12%] pd[P=180 try=247727 kill=66537 27%]
T3[t=1122s] shard13 r0 #19 cell=(12,72) sc=50271 nodes=32934 r=0
T3[t=1123s] shard1 r0 #23 cell=(26,98) sc=50261 nodes=44052 r=0
T3[t=1123s] shard8 r0 #22 cell=(118,74) sc=50272 nodes=32870 r=0
T3[t=1127s] shard1 r0 #24 cell=(215,39) sc=50269 nodes=53808 r=0
T3[t=1128s] shard8 r0 #23 cell=(6,76) sc=50268 nodes=45263 r=0
T3[t=1131s] shard8 r0 #24 cell=(191,81) sc=50270 nodes=58083 r=0
T3[t=1133s] shard13 r0 #20 cell=(13,73) sc=50256 nodes=120672 r=0
T3[t=1134s] shard5 r0 #20 cell=(44,74) sc=50261 nodes=93392 r=0
T3[t=1134s] shard9 r0 #20 cell=(190,68) sc=50268 nodes=196862 r=0
T3[t=1135s] shard8 r0 #25 cell=(7,85) sc=50274 nodes=40123 r=0
T3[t=1137s] shard1 r0 #25 cell=(203,43) sc=50263 nodes=135430 r=0
T3[t=1138s] shard8 r0 #26 cell=(217,95) sc=50267 nodes=32249 r=0
T3[t=1139s] shard5 r0 #21 cell=(195,75) sc=50275 nodes=70848 r=0
T3[t=1139s] shard13 r0 #21 cell=(12,78) sc=50271 nodes=59591 r=0
T3[t=1143s] shard8 r0 #27 cell=(220,22) sc=50272 nodes=59482 r=0
T3[t=1144s] shard5 r0 #22 cell=(113,77) sc=50272 nodes=40473 r=0
T3[t=1144s] shard13 r0 #22 cell=(24,82) sc=50265 nodes=44824 r=0
T3[t=1148s] shard13 r0 #23 cell=(24,100) sc=50261 nodes=35233 r=0
T3[t=1148s] shard8 r0 #28 cell=(20,60) sc=50267 nodes=50952 r=0
T3[t=1148s] shard1 r0 #26 cell=(22,50) sc=50270 nodes=125428 r=0
DEATH sh7 liveend=0 estate=1684786 reach=1055360 dyn=165093 flow=0 geom=200347
PDEV sh7 try=0 kill=0 (0.0%) BJ try=26359 kill=3787 nodes=1048576
ADAPT sh7 rp[P=8192 try=2618 kill=238 9%] pd[P=44 try=214261 kill=56985 27%]
T3[t=1149s] shard12 r0 #16 cell=(40,64) sc=50267 nodes=3000001 r=-1
T3[t=1151s] shard5 r0 #23 cell=(191,79) sc=50267 nodes=66052 r=0
T3[t=1151s] shard1 r0 #27 cell=(190,52) sc=50269 nodes=34100 r=0
T3[t=1154s] shard13 r0 #24 cell=(41,41) sc=50270 nodes=49260 r=0
DEATH sh11 liveend=0 estate=1798841 reach=1135243 dyn=162073 flow=0 geom=217175
PDEV sh11 try=0 kill=0 (0.0%) BJ try=27994 kill=4335 nodes=2097152
ADAPT sh11 rp[P=8192 try=3041 kill=303 10%] pd[P=121 try=242810 kill=65136 27%]
T3[t=1155s] shard5 r0 #24 cell=(8,84) sc=50276 nodes=42881 r=0
DEATH sh2 liveend=0 estate=1814457 reach=1158039 dyn=129195 flow=0 geom=232322
PDEV sh2 try=0 kill=0 (0.0%) BJ try=28261 kill=5345 nodes=1048576
ADAPT sh2 rp[P=8192 try=3780 kill=445 12%] pd[P=44 try=277705 kill=78860 28%]
T3[t=1155s] shard10 r0 #21 cell=(35,69) sc=50259 nodes=3000001 r=-1
T3[t=1156s] shard1 r0 #28 cell=(199,57) sc=50264 nodes=54605 r=0
T3[t=1159s] shard5 r0 #25 cell=(216,94) sc=50273 nodes=48307 r=0
T3[t=1162s] shard5 r0 #26 cell=(221,21) sc=50258 nodes=42683 r=0
DEATH sh3 liveend=0 estate=1441664 reach=970580 dyn=98299 flow=0 geom=216421
PDEV sh3 try=0 kill=0 (0.0%) BJ try=21301 kill=3290 nodes=2097152
ADAPT sh3 rp[P=8192 try=10864 kill=1873 17%] pd[P=65 try=156241 kill=33719 22%]
DEATH sh6 liveend=0 estate=1342713 reach=912984 dyn=101346 flow=0 geom=201825
PDEV sh6 try=0 kill=0 (0.0%) BJ try=20114 kill=2861 nodes=1048576
ADAPT sh6 rp[P=5241 try=8124 kill=1355 17%] pd[P=86 try=133298 kill=28482 21%]
T3[t=1163s] shard1 r0 #29 cell=(185,59) sc=50271 nodes=95186 r=0
DEATH sh14 liveend=0 estate=1966195 reach=1272966 dyn=126899 flow=0 geom=268597
PDEV sh14 try=0 kill=0 (0.0%) BJ try=29473 kill=5228 nodes=1048576
ADAPT sh14 rp[P=8192 try=3447 kill=372 11%] pd[P=74 try=324058 kill=82991 26%]
T3[t=1166s] shard5 r0 #27 cell=(215,37) sc=50264 nodes=40273 r=0
DEATH sh15 liveend=0 estate=1331504 reach=888113 dyn=106029 flow=0 geom=187824
PDEV sh15 try=0 kill=0 (0.0%) BJ try=20983 kill=3348 nodes=1048576
ADAPT sh15 rp[P=8192 try=11338 kill=1936 17%] pd[P=50 try=131620 kill=34680 26%]
T3[t=1167s] shard8 r0 #29 cell=(26,64) sc=50259 nodes=119786 r=0
DEATH sh0 liveend=0 estate=1612535 reach=1091816 dyn=84531 flow=0 geom=252448
PDEV sh0 try=0 kill=0 (0.0%) BJ try=23473 kill=3886 nodes=1048576
ADAPT sh0 rp[P=8192 try=8358 kill=1352 16%] pd[P=61 try=204553 kill=46257 23%]
T3[t=1175s] shard4 r0 #26 cell=(40,66) sc=50275 nodes=3000001 r=-1
T3[t=1175s] shard13 r0 #25 cell=(31,45) sc=50269 nodes=228515 r=0
T3[t=1178s] shard5 r0 #28 cell=(28,50) sc=50274 nodes=130514 r=0
T3[t=1179s] shard12 r0 #17 cell=(12,66) sc=50272 nodes=181474 r=0
T3[t=1181s] shard13 r0 #26 cell=(205,51) sc=50267 nodes=64241 r=0
T3[t=1182s] shard10 r0 #22 cell=(44,72) sc=50252 nodes=167190 r=0
T3[t=1182s] shard1 r0 #30 cell=(18,66) sc=50258 nodes=63116 r=0
T3[t=1186s] shard10 r0 #23 cell=(216,92) sc=50269 nodes=42848 r=0
T3[t=1190s] shard5 r0 #29 cell=(21,53) sc=50268 nodes=132189 r=0
T3[t=1191s] shard10 r0 #24 cell=(199,35) sc=50272 nodes=66106 r=0
T3[t=1191s] shard8 r0 #30 cell=(27,65) sc=50259 nodes=76162 r=0
T3[t=1192s] shard4 r0 #27 cell=(10,76) sc=50264 nodes=176018 r=0
T3[t=1197s] shard4 r0 #28 cell=(207,87) sc=50272 nodes=62874 r=0
T3[t=1202s] shard10 r0 #25 cell=(35,43) sc=50266 nodes=122901 r=0
T3[t=1203s] shard4 r0 #29 cell=(204,34) sc=50267 nodes=66003 r=0
T3[t=1203s] shard11 r0 #39 cell=(41,57) sc=50254 nodes=3000001 r=-1
T3[t=1207s] shard3 r0 #13 cell=(34,58) sc=50265 nodes=3000001 r=-1
T3[t=1208s] shard10 r0 #26 cell=(195,49) sc=50268 nodes=70398 r=0
DEATH sh14 liveend=0 estate=2112979 reach=1373752 dyn=126899 flow=0 geom=293195
PDEV sh14 try=0 kill=0 (0.0%) BJ try=31570 kill=5699 nodes=2097152
ADAPT sh14 rp[P=8192 try=3628 kill=386 11%] pd[P=61 try=358344 kill=91375 25%]
T3[t=1211s] shard12 r0 #18 cell=(15,67) sc=50259 nodes=233037 r=0
T3[t=1213s] shard10 r0 #27 cell=(197,55) sc=50268 nodes=59106 r=0
DEATH sh7 liveend=0 estate=1824685 reach=1148336 dyn=168037 flow=0 geom=221142
PDEV sh7 try=0 kill=0 (0.0%) BJ try=28456 kill=4314 nodes=2097152
ADAPT sh7 rp[P=8192 try=2841 kill=264 9%] pd[P=107 try=244259 kill=65604 27%]
DEATH sh2 liveend=0 estate=1954356 reach=1251015 dyn=132139 flow=0 geom=253117
PDEV sh2 try=0 kill=0 (0.0%) BJ try=30358 kill=5872 nodes=2097152
ADAPT sh2 rp[P=8192 try=4003 kill=471 12%] pd[P=107 try=307703 kill=87479 28%]
DEATH sh6 liveend=0 estate=1497699 reach=1021457 dyn=101346 flow=0 geom=229787
PDEV sh6 try=0 kill=0 (0.0%) BJ try=22211 kill=3327 nodes=2097152
ADAPT sh6 rp[P=8192 try=8364 kill=1384 17%] pd[P=65 try=163068 kill=35051 21%]
T3[t=1229s] shard10 r0 #28 cell=(24,58) sc=50275 nodes=64778 r=0
T3[t=1231s] shard12 r0 #19 cell=(199,67) sc=50268 nodes=215870 r=0
T3[t=1234s] shard10 r0 #29 cell=(6,70) sc=50268 nodes=47050 r=0
T3[t=1237s] shard10 r0 #30 cell=(22,80) sc=50269 nodes=36680 r=0
DEATH sh13 liveend=0 estate=1895206 reach=1204603 dyn=146306 flow=0 geom=236818
PDEV sh13 try=0 kill=0 (0.0%) BJ try=29639 kill=5328 nodes=1048576
ADAPT sh13 rp[P=8192 try=4061 kill=481 12%] pd[P=66 try=280342 kill=80118 29%]
DEATH sh15 liveend=0 estate=1473921 reach=983038 dyn=108115 flow=0 geom=209957
PDEV sh15 try=0 kill=0 (0.0%) BJ try=23080 kill=3887 nodes=2097152
ADAPT sh15 rp[P=8192 try=11655 kill=1977 17%] pd[P=100 try=161079 kill=42868 27%]
T3[t=1242s] shard10 r0 #31 cell=(198,60) sc=50262 nodes=58106 r=0
DEATH sh9 liveend=0 estate=1437132 reach=964537 dyn=129800 flow=0 geom=204956
PDEV sh9 try=0 kill=0 (0.0%) BJ try=21850 kill=2594 nodes=1048576
ADAPT sh9 rp[P=5241 try=3693 kill=507 14%] pd[P=86 try=123373 kill=26614 22%]
DEATH sh0 liveend=0 estate=1754625 reach=1186643 dyn=86688 flow=0 geom=274442
PDEV sh0 try=0 kill=0 (0.0%) BJ try=25570 kill=4374 nodes=2097152
ADAPT sh0 rp[P=7369 try=8570 kill=1376 16%] pd[P=81 try=234418 kill=54510 23%]
T3[t=1248s] shard10 r0 #32 cell=(206,72) sc=50274 nodes=81301 r=0
DEATH sh8 liveend=0 estate=2042663 reach=1308249 dyn=149059 flow=0 geom=265859
PDEV sh8 try=0 kill=0 (0.0%) BJ try=31071 kill=5272 nodes=1048576
ADAPT sh8 rp[P=8192 try=4163 kill=490 12%] pd[P=44 try=311466 kill=80190 26%]
T3[t=1252s] shard14 r0 #18 cell=(42,62) sc=50273 nodes=3000001 r=-1
T3[t=1253s] shard10 r0 #33 cell=(6,62) sc=50265 nodes=47077 r=0
T3[t=1254s] shard12 r0 #20 cell=(32,68) sc=50261 nodes=173549 r=0
T3[t=1256s] shard10 r0 #34 cell=(223,23) sc=50260 nodes=33946 r=0
T3[t=1258s] shard12 r0 #21 cell=(197,73) sc=50272 nodes=39172 r=0
DEATH sh5 liveend=0 estate=1998522 reach=1278444 dyn=148428 flow=0 geom=257932
PDEV sh5 try=0 kill=0 (0.0%) BJ try=30659 kill=5203 nodes=1048576
ADAPT sh5 rp[P=7369 try=3017 kill=279 9%] pd[P=44 try=305563 kill=81686 27%]
DEATH sh1 liveend=0 estate=1990451 reach=1280917 dyn=141997 flow=0 geom=263377
PDEV sh1 try=0 kill=0 (0.0%) BJ try=30280 kill=5064 nodes=1048576
ADAPT sh1 rp[P=8192 try=3708 kill=419 11%] pd[P=109 try=308918 kill=79700 26%]
T3[t=1261s] shard14 r0 #19 cell=(204,64) sc=50269 nodes=93362 r=0
T3[t=1263s] shard12 r0 #22 cell=(223,91) sc=50272 nodes=56132 r=0
T3[t=1268s] shard7 r0 #33 cell=(47,69) sc=50254 nodes=3000001 r=-1
T3[t=1271s] shard6 r0 #14 cell=(51,59) sc=50269 nodes=3000001 r=-1
T3[t=1272s] shard7 r0 #34 cell=(12,74) sc=50266 nodes=33127 r=0
T3[t=1273s] shard14 r0 #20 cell=(183,65) sc=50267 nodes=156070 r=0
T3[t=1273s] shard12 r0 #23 cell=(220,96) sc=50267 nodes=108304 r=0
DEATH sh11 liveend=0 estate=2070716 reach=1319632 dyn=164203 flow=0 geom=260849
PDEV sh11 try=0 kill=0 (0.0%) BJ try=31897 kill=5321 nodes=1048576
ADAPT sh11 rp[P=8192 try=3416 kill=337 10%] pd[P=74 try=304667 kill=81402 27%]
DEATH sh4 liveend=0 estate=2010604 reach=1293986 dyn=148093 flow=0 geom=261134
PDEV sh4 try=0 kill=0 (0.0%) BJ try=30819 kill=5318 nodes=1048576
ADAPT sh4 rp[P=6739 try=4206 kill=508 12%] pd[P=26 try=309940 kill=82778 27%]
DEATH sh3 liveend=0 estate=1713310 reach=1155792 dyn=100144 flow=0 geom=262053
PDEV sh3 try=0 kill=0 (0.0%) BJ try=25204 kill=4228 nodes=1048576
ADAPT sh3 rp[P=8192 try=11248 kill=1909 17%] pd[P=90 try=210130 kill=47435 23%]
T3[t=1278s] shard2 r0 #13 cell=(46,68) sc=50255 nodes=3000001 r=-1
T3[t=1280s] shard10 r0 #35 cell=(32,61) sc=50270 nodes=241887 r=0
T3[t=1280s] shard12 r0 #24 cell=(122,156) sc=50267 nodes=32915 r=0
T3[t=1284s] shard2 r0 #14 cell=(3,69) sc=50275 nodes=61990 r=0
T3[t=1285s] shard10 r0 #36 cell=(215,16) sc=50274 nodes=60324 r=0
T3[t=1288s] shard10 r0 #37 cell=(205,34) sc=50267 nodes=41957 r=0
T3[t=1289s] shard15 r0 #15 cell=(37,61) sc=50267 nodes=3000001 r=-1
T3[t=1290s] shard14 r0 #21 cell=(17,67) sc=50264 nodes=83017 r=0
T3[t=1290s] shard6 r0 #15 cell=(19,61) sc=50269 nodes=118155 r=0
T3[t=1293s] shard0 r0 #10 cell=(35,59) sc=50273 nodes=3000001 r=-1
T3[t=1294s] shard10 r0 #38 cell=(200,39) sc=50270 nodes=66415 r=0
T3[t=1299s] shard10 r0 #39 cell=(34,43) sc=50269 nodes=49245 r=0
T3[t=1300s] shard12 r0 #25 cell=(24,24) sc=50271 nodes=137335 r=0
DEATH sh5 liveend=0 estate=2144921 reach=1378823 dyn=148428 flow=0 geom=282355
PDEV sh5 try=0 kill=0 (0.0%) BJ try=32756 kill=5704 nodes=2097152
ADAPT sh5 rp[P=8192 try=3177 kill=288 9%] pd[P=132 try=339552 kill=90020 27%]
T3[t=1304s] shard10 r0 #40 cell=(101,50) sc=50266 nodes=39017 r=0
T3[t=1306s] shard6 r0 #16 cell=(195,61) sc=50274 nodes=173473 r=0
DEATH sh9 liveend=0 estate=1592118 reach=1073010 dyn=129800 flow=0 geom=232918
PDEV sh9 try=0 kill=0 (0.0%) BJ try=23947 kill=3060 nodes=2097152
ADAPT sh9 rp[P=8192 try=3933 kill=536 14%] pd[P=65 try=153143 kill=33183 22%]
T3[t=1309s] shard10 r0 #41 cell=(28,51) sc=50277 nodes=49032 r=0
DEATH sh13 liveend=0 estate=2035042 reach=1297777 dyn=149370 flow=0 geom=257584
PDEV sh13 try=0 kill=0 (0.0%) BJ try=31736 kill=5847 nodes=2097152
ADAPT sh13 rp[P=8192 try=4255 kill=498 12%] pd[P=121 try=310049 kill=88687 29%]
T3[t=1312s] shard12 r0 #26 cell=(200,32) sc=50275 nodes=126881 r=0
T3[t=1313s] shard14 r0 #22 cell=(18,68) sc=50271 nodes=70203 r=0
T3[t=1315s] shard6 r0 #17 cell=(210,66) sc=50274 nodes=85675 r=0
T3[t=1319s] shard6 r0 #18 cell=(16,68) sc=50272 nodes=34098 r=0
DEATH sh11 liveend=0 estate=2217496 reach=1420415 dyn=164203 flow=0 geom=285446
PDEV sh11 try=0 kill=0 (0.0%) BJ try=33994 kill=5792 nodes=2097152
ADAPT sh11 rp[P=8192 try=3597 kill=351 10%] pd[P=61 try=338953 kill=89786 26%]
DEATH sh4 liveend=0 estate=2157276 reach=1394297 dyn=148093 flow=0 geom=285623
PDEV sh4 try=0 kill=0 (0.0%) BJ try=32916 kill=5807 nodes=2097152
ADAPT sh4 rp[P=6632 try=4415 kill=530 12%] pd[P=71 try=344190 kill=91218 27%]
DEATH sh1 liveend=0 estate=2130415 reach=1374027 dyn=144825 flow=0 geom=284312
PDEV sh1 try=0 kill=0 (0.0%) BJ try=32377 kill=5575 nodes=2097152
ADAPT sh1 rp[P=8192 try=3872 kill=430 11%] pd[P=24 try=338833 kill=88368 26%]
DEATH sh7 liveend=0 estate=2086889 reach=1324349 dyn=171387 flow=0 geom=261111
PDEV sh7 try=0 kill=0 (0.0%) BJ try=32425 kill=5312 nodes=1048576
ADAPT sh7 rp[P=8192 try=3264 kill=312 10%] pd[P=30 try=300419 kill=81655 27%]
T3[t=1339s] shard10 r0 #42 cell=(37,52) sc=50276 nodes=286287 r=0
T3[t=1345s] shard10 r0 #43 cell=(102,53) sc=50265 nodes=41105 r=0
T3[t=1349s] shard5 r0 #30 cell=(50,56) sc=50271 nodes=3000001 r=-1
DEATH sh3 liveend=0 estate=1855265 reach=1250329 dyn=102396 flow=0 geom=283968
PDEV sh3 try=0 kill=0 (0.0%) BJ try=27301 kill=4759 nodes=2097152
ADAPT sh3 rp[P=8192 try=11439 kill=1925 17%] pd[P=35 try=239821 kill=55582 23%]
T3[t=1354s] shard9 r0 #21 cell=(42,70) sc=50260 nodes=3000001 r=-1
T3[t=1355s] shard6 r0 #19 cell=(9,69) sc=50267 nodes=244284 r=0
T3[t=1358s] shard5 r0 #31 cell=(12,60) sc=50268 nodes=49850 r=0
T3[t=1359s] shard9 r0 #22 cell=(29,71) sc=50267 nodes=54487 r=0
T3[t=1360s] shard13 r0 #27 cell=(47,57) sc=50275 nodes=3000001 r=-1
DEATH sh2 liveend=0 estate=2230557 reach=1437183 dyn=137662 flow=0 geom=296205
PDEV sh2 try=0 kill=0 (0.0%) BJ try=34384 kill=6770 nodes=1048576
ADAPT sh2 rp[P=8192 try=4653 kill=556 12%] pd[P=74 try=366780 kill=102963 28%]
T3[t=1364s] shard5 r0 #32 cell=(201,67) sc=50266 nodes=66897 r=0
T3[t=1364s] shard12 r0 #27 cell=(87,35) sc=50265 nodes=317891 r=0
DEATH sh0 liveend=0 estate=2016899 reach=1363004 dyn=88501 flow=0 geom=315610
PDEV sh0 try=0 kill=0 (0.0%) BJ try=29473 kill=5361 nodes=1048576
ADAPT sh0 rp[P=8192 try=8928 kill=1405 16%] pd[P=98 try=289126 kill=69556 24%]
T3[t=1366s] shard11 r0 #40 cell=(45,65) sc=50264 nodes=3000001 r=-1
T3[t=1367s] shard4 r0 #30 cell=(49,59) sc=50268 nodes=3000001 r=-1
T3[t=1369s] shard13 r0 #28 cell=(13,59) sc=50268 nodes=88279 r=0
T3[t=1372s] shard13 r0 #29 cell=(215,93) sc=50261 nodes=34127 r=0
T3[t=1373s] shard8 r0 #31 cell=(52,66) sc=50271 nodes=3000001 r=-1
T3[t=1373s] shard9 r0 #23 cell=(205,71) sc=50262 nodes=147734 r=0
T3[t=1377s] shard11 r0 #41 cell=(122,74) sc=50266 nodes=85437 r=0
T3[t=1377s] shard13 r0 #30 cell=(104,32) sc=50262 nodes=35173 r=0
T3[t=1380s] shard6 r0 #20 cell=(38,70) sc=50269 nodes=197357 r=0
T3[t=1380s] shard8 r0 #32 cell=(8,74) sc=50265 nodes=74186 r=0
T3[t=1380s] shard1 r0 #31 cell=(34,68) sc=50262 nodes=3000001 r=-1
T3[t=1381s] shard12 r0 #28 cell=(7,39) sc=50254 nodes=137627 r=0
T3[t=1384s] shard11 r0 #42 cell=(6,84) sc=50274 nodes=80207 r=0
T3[t=1385s] shard6 r0 #21 cell=(13,71) sc=50258 nodes=33780 r=0
T3[t=1386s] shard12 r0 #29 cell=(218,48) sc=50276 nodes=46007 r=0
T3[t=1387s] shard1 r0 #32 cell=(193,79) sc=50275 nodes=91644 r=0
T3[t=1388s] shard8 r0 #33 cell=(11,77) sc=50270 nodes=77135 r=0
DEATH sh14 liveend=0 estate=2422476 reach=1576176 dyn=143275 flow=0 geom=336222
PDEV sh14 try=0 kill=0 (0.0%) BJ try=36277 kill=6593 nodes=1048576
ADAPT sh14 rp[P=8192 try=4319 kill=474 11%] pd[P=264 try=413208 kill=105840 26%]
T3[t=1389s] shard13 r0 #31 cell=(39,53) sc=50263 nodes=129777 r=0
T3[t=1390s] shard1 r0 #33 cell=(218,96) sc=50269 nodes=39799 r=0
T3[t=1391s] shard11 r0 #43 cell=(201,49) sc=50267 nodes=78745 r=0
T3[t=1391s] shard12 r0 #30 cell=(203,53) sc=50270 nodes=43686 r=0
T3[t=1393s] shard13 r0 #32 cell=(12,88) sc=50272 nodes=35233 r=0
T3[t=1397s] shard11 r0 #44 cell=(23,53) sc=50269 nodes=50196 r=0
T3[t=1397s] shard8 r0 #34 cell=(104,90) sc=50270 nodes=81927 r=0
T3[t=1398s] shard1 r0 #34 cell=(199,33) sc=50259 nodes=90106 r=0
T3[t=1399s] shard13 r0 #33 cell=(38,46) sc=50271 nodes=49069 r=0
T3[t=1401s] shard9 r0 #24 cell=(193,73) sc=50275 nodes=346585 r=0
T3[t=1401s] shard3 r0 #14 cell=(41,59) sc=50269 nodes=3000001 r=-1
DEATH sh15 liveend=0 estate=1754258 reach=1179833 dyn=108442 flow=0 geom=258226
PDEV sh15 try=0 kill=0 (0.0%) BJ try=26983 kill=4785 nodes=1048576
ADAPT sh15 rp[P=5241 try=12175 kill=2045 17%] pd[P=86 try=220784 kill=57094 26%]
T3[t=1402s] shard11 r0 #45 cell=(28,58) sc=50275 nodes=50282 r=0
T3[t=1403s] shard6 r0 #22 cell=(116,74) sc=50274 nodes=132411 r=0
DEATH sh10 liveend=0 estate=2201931 reach=1400612 dyn=186044 flow=0 geom=279547
PDEV sh10 try=0 kill=0 (0.0%) BJ try=33918 kill=5240 nodes=1048576
ADAPT sh10 rp[P=8192 try=4128 kill=459 11%] pd[P=98 try=314992 kill=81598 26%]
T3[t=1406s] shard11 r0 #46 cell=(14,70) sc=50259 nodes=32934 r=0
DEATH sh7 liveend=0 estate=2227082 reach=1418165 dyn=173574 flow=0 geom=282442
PDEV sh7 try=0 kill=0 (0.0%) BJ try=34522 kill=5842 nodes=2097152
ADAPT sh7 rp[P=8192 try=3442 kill=326 9%] pd[P=180 try=331840 kill=90649 27%]
T3[t=1409s] shard9 r0 #25 cell=(120,74) sc=50272 nodes=47610 r=0
T3[t=1409s] shard12 r0 #31 cell=(194,60) sc=50266 nodes=195906 r=0
T3[t=1410s] shard3 r0 #15 cell=(203,65) sc=50271 nodes=65962 r=0
T3[t=1410s] shard11 r0 #47 cell=(204,74) sc=50260 nodes=64519 r=0
T3[t=1415s] shard11 r0 #48 cell=(3,87) sc=50267 nodes=41961 r=0
T3[t=1416s] shard1 r0 #35 cell=(29,51) sc=50271 nodes=179536 r=0
T3[t=1416s] shard12 r0 #32 cell=(32,62) sc=50269 nodes=51898 r=0
T3[t=1417s] shard8 r0 #35 cell=(18,58) sc=50260 nodes=189062 r=0
T3[t=1418s] shard6 r0 #23 cell=(201,75) sc=50260 nodes=154755 r=0
T3[t=1419s] shard9 r0 #26 cell=(8,76) sc=50263 nodes=65776 r=0
T3[t=1422s] shard8 r0 #36 cell=(191,63) sc=50268 nodes=72270 r=0
T3[t=1425s] shard6 r0 #24 cell=(24,84) sc=50264 nodes=68007 r=0
T3[t=1427s] shard8 r0 #37 cell=(105,85) sc=50271 nodes=40939 r=0
T3[t=1429s] shard3 r0 #16 cell=(32,66) sc=50261 nodes=116589 r=0
T3[t=1431s] shard9 r0 #27 cell=(210,78) sc=50262 nodes=144182 r=0
DEATH sh4 liveend=0 estate=2424012 reach=1574181 dyn=150383 flow=0 geom=327972
PDEV sh4 try=0 kill=0 (0.0%) BJ try=36819 kill=6780 nodes=1048576
ADAPT sh4 rp[P=8192 try=5129 kill=632 12%] pd[P=156 try=403449 kill=106886 26%]
T3[t=1434s] shard8 r0 #38 cell=(207,71) sc=50262 nodes=90574 r=0
DEATH sh5 liveend=0 estate=2439894 reach=1579158 dyn=151722 flow=0 geom=330544
PDEV sh5 try=0 kill=0 (0.0%) BJ try=36891 kill=6658 nodes=1048576
ADAPT sh5 rp[P=8192 try=3555 kill=319 9%] pd[P=74 try=406626 kill=106570 26%]
T3[t=1437s] shard8 r0 #39 cell=(209,23) sc=50271 nodes=33920 r=0
T3[t=1438s] shard9 r0 #28 cell=(216,38) sc=50276 nodes=73080 r=0
DEATH sh0 liveend=0 estate=2158982 reach=1457854 dyn=90658 flow=0 geom=337616
PDEV sh0 try=0 kill=0 (0.0%) BJ try=31570 kill=5850 nodes=2097152
ADAPT sh0 rp[P=7369 try=9140 kill=1429 16%] pd[P=81 try=318979 kill=77799 24%]
T3[t=1443s] shard3 r0 #17 cell=(202,66) sc=50278 nodes=135172 r=0
T3[t=1443s] shard8 r0 #40 cell=(207,42) sc=50274 nodes=60732 r=0
T3[t=1446s] shard9 r0 #29 cell=(218,44) sc=50271 nodes=91367 r=0
T3[t=1449s] shard8 r0 #41 cell=(199,30) sc=50270 nodes=66338 r=0
T3[t=1451s] shard6 r0 #25 cell=(105,89) sc=50270 nodes=171635 r=0
T3[t=1454s] shard2 r0 #15 cell=(45,69) sc=50256 nodes=3000001 r=-1
T3[t=1455s] shard8 r0 #42 cell=(200,35) sc=50267 nodes=66320 r=0
T3[t=1459s] shard7 r0 #35 cell=(39,65) sc=50266 nodes=3000001 r=-1
T3[t=1460s] shard3 r0 #18 cell=(8,68) sc=50265 nodes=114507 r=0
T3[t=1461s] shard2 r0 #16 cell=(202,70) sc=50264 nodes=87176 r=0
T3[t=1466s] shard9 r0 #30 cell=(35,51) sc=50261 nodes=180792 r=0
DEATH sh15 liveend=0 estate=1909244 reach=1288306 dyn=108442 flow=0 geom=286188
PDEV sh15 try=0 kill=0 (0.0%) BJ try=29080 kill=5251 nodes=2097152
ADAPT sh15 rp[P=8192 try=12415 kill=2074 17%] pd[P=65 try=250554 kill=63663 25%]
T3[t=1466s] shard6 r0 #26 cell=(6,38) sc=50273 nodes=138746 r=0
T3[t=1467s] shard2 r0 #17 cell=(187,71) sc=50270 nodes=73006 r=0
DEATH sh10 liveend=0 estate=2338543 reach=1495634 dyn=189028 flow=0 geom=301030
PDEV sh10 try=0 kill=0 (0.0%) BJ try=36015 kill=5758 nodes=2097152
ADAPT sh10 rp[P=8192 try=4311 kill=473 11%] pd[P=106 try=344157 kill=89864 26%]
T3[t=1470s] shard8 r0 #43 cell=(21,42) sc=50264 nodes=153893 r=0
DEATH sh13 liveend=0 estate=2337249 reach=1500026 dyn=165087 flow=0 geom=301537
PDEV sh13 try=0 kill=0 (0.0%) BJ try=36380 kill=6764 nodes=1048576
ADAPT sh13 rp[P=8192 try=4802 kill=564 12%] pd[P=50 try=362225 kill=102842 28%]
DEATH sh11 liveend=0 estate=2542719 reach=1634829 dyn=177244 flow=0 geom=332629
PDEV sh11 try=0 kill=0 (0.0%) BJ try=38861 kill=6823 nodes=1048576
ADAPT sh11 rp[P=6439 try=4193 kill=418 10%] pd[P=24 try=399977 kill=105983 26%]
T3[t=1475s] shard12 r0 #33 cell=(10,68) sc=50263 nodes=434453 r=0
T3[t=1477s] shard7 r0 #36 cell=(18,71) sc=50266 nodes=184397 r=0
DEATH sh1 liveend=0 estate=2435970 reach=1573894 dyn=156484 flow=0 geom=326967
PDEV sh1 try=0 kill=0 (0.0%) BJ try=37081 kill=6599 nodes=1048576
ADAPT sh1 rp[P=8192 try=4606 kill=525 11%] pd[P=156 try=394251 kill=104187 26%]
T3[t=1479s] shard3 r0 #19 cell=(34,70) sc=50267 nodes=148264 r=0
DEATH sh5 liveend=0 estate=2586606 reach=1679979 dyn=151722 flow=0 geom=355174
PDEV sh5 try=0 kill=0 (0.0%) BJ try=38988 kill=7144 nodes=2097152
ADAPT sh5 rp[P=8192 try=3735 kill=333 9%] pd[P=61 try=440854 kill=114913 26%]
T3[t=1480s] shard7 r0 #37 cell=(219,38) sc=50266 nodes=36483 r=0
T3[t=1483s] shard6 r0 #27 cell=(198,56) sc=50268 nodes=191118 r=0
T3[t=1485s] shard7 r0 #38 cell=(197,76) sc=50268 nodes=45654 r=0
T3[t=1489s] shard0 r0 #11 cell=(41,61) sc=50256 nodes=3000001 r=-1
T3[t=1489s] shard12 r0 #34 cell=(9,75) sc=50266 nodes=128435 r=0
T3[t=1490s] shard7 r0 #39 cell=(205,66) sc=50268 nodes=56801 r=0
T3[t=1492s] shard3 r0 #20 cell=(189,71) sc=50270 nodes=170597 r=0
T3[t=1498s] shard3 r0 #21 cell=(13,77) sc=50268 nodes=55288 r=0
T3[t=1498s] shard6 r0 #28 cell=(239,61) sc=50268 nodes=60104 r=0
T3[t=1502s] shard14 r0 #23 cell=(43,69) sc=50251 nodes=3000001 r=-1
DEATH sh4 liveend=0 estate=2564561 reach=1667742 dyn=153581 flow=0 geom=348936
PDEV sh4 try=0 kill=0 (0.0%) BJ try=38916 kill=7342 nodes=2097152
ADAPT sh4 rp[P=8192 try=5696 kill=718 13%] pd[P=80 try=432103 kill=115136 27%]
T3[t=1502s] shard3 r0 #22 cell=(189,79) sc=50271 nodes=41380 r=0
T3[t=1506s] shard7 r0 #40 cell=(15,30) sc=50268 nodes=153893 r=0
T3[t=1507s] shard12 r0 #35 cell=(192,78) sc=50269 nodes=240691 r=0
T3[t=1507s] shard14 r0 #24 cell=(9,73) sc=50266 nodes=50371 r=0
T3[t=1510s] shard7 r0 #41 cell=(85,34) sc=50269 nodes=32646 r=0
T3[t=1510s] shard15 r0 #16 cell=(44,64) sc=50277 nodes=3000001 r=-1
T3[t=1513s] shard14 r0 #25 cell=(27,79) sc=50269 nodes=68563 r=0
T3[t=1514s] shard12 r0 #36 cell=(207,93) sc=50268 nodes=76402 r=0
T3[t=1514s] shard7 r0 #42 cell=(88,35) sc=50268 nodes=34523 r=0
T3[t=1516s] shard3 r0 #23 cell=(208,80) sc=50272 nodes=157268 r=0
T3[t=1517s] shard14 r0 #26 cell=(16,78) sc=50269 nodes=33200 r=0
T3[t=1517s] shard7 r0 #43 cell=(215,36) sc=50254 nodes=32247 r=0
DEATH sh13 liveend=0 estate=2481063 reach=1609031 dyn=165087 flow=0 geom=329008
PDEV sh13 try=0 kill=0 (0.0%) BJ try=38477 kill=7230 nodes=2097152
ADAPT sh13 rp[P=8192 try=4987 kill=581 12%] pd[P=60 try=392741 kill=110353 28%]
T3[t=1520s] shard12 r0 #37 cell=(215,49) sc=50270 nodes=59916 r=0
T3[t=1521s] shard14 r0 #27 cell=(104,88) sc=50269 nodes=40960 r=0
T3[t=1521s] shard0 r0 #12 cell=(10,62) sc=50267 nodes=235982 r=0
T3[t=1522s] shard7 r0 #44 cell=(215,40) sc=50264 nodes=52732 r=0
T3[t=1522s] shard5 r0 #33 cell=(52,68) sc=50269 nodes=3000001 r=-1
T3[t=1523s] shard10 r0 #44 cell=(51,54) sc=50278 nodes=3000001 r=-1
T3[t=1526s] shard3 r0 #24 cell=(207,21) sc=50279 nodes=126946 r=0
T3[t=1527s] shard7 r0 #45 cell=(106,45) sc=50267 nodes=41197 r=0
T3[t=1528s] shard8 r0 #44 cell=(32,43) sc=50267 nodes=595766 r=0
T3[t=1528s] shard14 r0 #28 cell=(202,46) sc=50262 nodes=89780 r=0
T3[t=1528s] shard10 r0 #45 cell=(24,55) sc=50274 nodes=49131 r=0
DEATH sh9 liveend=0 estate=2003017 reach=1351112 dyn=151633 flow=0 geom=294534
PDEV sh9 try=0 kill=0 (0.0%) BJ try=30149 kill=4141 nodes=1048576
ADAPT sh9 rp[P=7369 try=4729 kill=629 13%] pd[P=86 try=207343 kill=46979 23%]
T3[t=1534s] shard15 r0 #17 cell=(197,65) sc=50262 nodes=270931 r=0
T3[t=1534s] shard8 r0 #45 cell=(201,46) sc=50261 nodes=39492 r=0
T3[t=1536s] shard5 r0 #34 cell=(204,70) sc=50259 nodes=184826 r=0
T3[t=1538s] shard10 r0 #46 cell=(208,57) sc=50257 nodes=107702 r=0
T3[t=1539s] shard5 r0 #35 cell=(218,34) sc=50264 nodes=35343 r=0
DEATH sh2 liveend=0 estate=2677668 reach=1740666 dyn=141967 flow=0 geom=368954
PDEV sh2 try=0 kill=0 (0.0%) BJ try=40704 kill=8146 nodes=1048576
ADAPT sh2 rp[P=8192 try=5176 kill=593 11%] pd[P=50 try=467599 kill=127596 27%]
T3[t=1542s] shard10 r0 #47 cell=(187,58) sc=50262 nodes=52481 r=0
T3[t=1542s] shard5 r0 #36 cell=(213,37) sc=50269 nodes=36749 r=0
DEATH sh11 liveend=0 estate=2682698 reach=1727809 dyn=180312 flow=0 geom=353401
PDEV sh11 try=0 kill=0 (0.0%) BJ try=40958 kill=7336 nodes=2097152
ADAPT sh11 rp[P=8192 try=4417 kill=442 10%] pd[P=26 try=429793 kill=114518 27%]
T3[t=1544s] shard8 r0 #46 cell=(106,47) sc=50277 nodes=81408 r=0
T3[t=1546s] shard14 r0 #29 cell=(107,32) sc=50261 nodes=145391 r=0
T3[t=1547s] shard13 r0 #34 cell=(47,60) sc=50269 nodes=3000001 r=-1
T3[t=1547s] shard5 r0 #37 cell=(30,48) sc=50274 nodes=49036 r=0
DEATH sh1 liveend=0 estate=2576537 reach=1667462 dyn=159682 flow=0 geom=347934
PDEV sh1 try=0 kill=0 (0.0%) BJ try=39178 kill=7161 nodes=2097152
ADAPT sh1 rp[P=8192 try=5173 kill=611 12%] pd[P=80 try=422905 kill=112437 27%]
T3[t=1549s] shard13 r0 #35 cell=(202,77) sc=50266 nodes=28156 r=0
T3[t=1550s] shard14 r0 #30 cell=(200,51) sc=50259 nodes=43967 r=0
T3[t=1551s] shard4 r0 #31 cell=(51,61) sc=50271 nodes=3000001 r=-1
T3[t=1552s] shard5 r0 #38 cell=(206,54) sc=50265 nodes=48450 r=0
T3[t=1552s] shard15 r0 #18 cell=(196,66) sc=50268 nodes=226834 r=0
T3[t=1553s] shard14 r0 #31 cell=(222,23) sc=50272 nodes=35412 r=0
T3[t=1554s] shard3 r0 #25 cell=(203,41) sc=50263 nodes=308166 r=0
T3[t=1555s] shard4 r0 #32 cell=(102,90) sc=50274 nodes=41016 r=0
T3[t=1557s] shard13 r0 #36 cell=(225,34) sc=50270 nodes=74796 r=0
T3[t=1560s] shard4 r0 #33 cell=(31,53) sc=50269 nodes=48876 r=0
T3[t=1564s] shard4 r0 #34 cell=(209,13) sc=50266 nodes=42440 r=0
T3[t=1567s] shard13 r0 #37 cell=(92,43) sc=50263 nodes=83871 r=0
T3[t=1567s] shard15 r0 #19 cell=(29,67) sc=50276 nodes=98391 r=0
T3[t=1568s] shard14 r0 #32 cell=(21,28) sc=50267 nodes=153900 r=0
T3[t=1571s] shard13 r0 #38 cell=(213,48) sc=50270 nodes=41040 r=0
T3[t=1572s] shard8 r0 #47 cell=(27,50) sc=50271 nodes=286472 r=0
T3[t=1575s] shard13 r0 #39 cell=(197,50) sc=50265 nodes=37656 r=0
T3[t=1575s] shard10 r0 #48 cell=(20,59) sc=50270 nodes=333197 r=0
T3[t=1577s] shard8 r0 #48 cell=(22,55) sc=50265 nodes=49096 r=0
T3[t=1579s] shard13 r0 #40 cell=(192,53) sc=50264 nodes=54006 r=0
T3[t=1580s] shard10 r0 #49 cell=(200,59) sc=50264 nodes=61354 r=0
T3[t=1584s] shard13 r0 #41 cell=(105,54) sc=50269 nodes=39426 r=0
T3[t=1585s] shard3 r0 #26 cell=(24,50) sc=50277 nodes=278635 r=0
T3[t=1589s] shard3 r0 #27 cell=(204,52) sc=50270 nodes=35303 r=0
DEATH sh2 liveend=0 estate=2826748 reach=1842275 dyn=141967 flow=0 geom=393987
PDEV sh2 try=0 kill=0 (0.0%) BJ try=42801 kill=8626 nodes=2097152
ADAPT sh2 rp[P=8192 try=5366 kill=610 11%] pd[P=129 try=502428 kill=136083 27%]
T3[t=1590s] shard4 r0 #35 cell=(37,73) sc=50268 nodes=227311 r=0
T3[t=1594s] shard11 r0 #49 cell=(38,64) sc=50264 nodes=3000001 r=-1
T3[t=1596s] shard4 r0 #36 cell=(201,73) sc=50271 nodes=83349 r=0
T3[t=1598s] shard14 r0 #33 cell=(9,36) sc=50268 nodes=309380 r=0
T3[t=1598s] shard1 r0 #36 cell=(39,59) sc=50268 nodes=3000001 r=-1
T3[t=1598s] shard3 r0 #28 cell=(213,57) sc=50265 nodes=84859 r=0
T3[t=1598s] shard11 r0 #50 cell=(21,72) sc=50260 nodes=48530 r=0
T3[t=1599s] shard13 r0 #42 cell=(32,55) sc=50263 nodes=154086 r=0
DEATH sh6 liveend=0 estate=2011737 reach=1368704 dyn=138648 flow=0 geom=305895
PDEV sh6 try=0 kill=0 (0.0%) BJ try=29715 kill=4350 nodes=1048576
ADAPT sh6 rp[P=4973 try=10457 kill=1715 16%] pd[P=69 try=220971 kill=47626 22%]
T3[t=1605s] shard8 r0 #49 cell=(25,56) sc=50273 nodes=286652 r=0
T3[t=1605s] shard7 r0 #46 cell=(24,51) sc=50277 nodes=772145 r=0
T3[t=1607s] shard11 r0 #51 cell=(9,78) sc=50272 nodes=90538 r=0
DEATH sh9 liveend=0 estate=2145426 reach=1446068 dyn=153719 flow=0 geom=316697
PDEV sh9 try=0 kill=0 (0.0%) BJ try=32246 kill=4677 nodes=2097152
ADAPT sh9 rp[P=8192 try=5043 kill=669 13%] pd[P=100 try=236810 kill=55153 23%]
T3[t=1608s] shard1 r0 #37 cell=(29,61) sc=50275 nodes=69603 r=0
T3[t=1610s] shard7 r0 #47 cell=(33,52) sc=50262 nodes=48873 r=0
T3[t=1610s] shard8 r0 #50 cell=(193,56) sc=50265 nodes=55097 r=0
T3[t=1611s] shard11 r0 #52 cell=(86,27) sc=50273 nodes=32647 r=0
T3[t=1613s] shard14 r0 #34 cell=(28,37) sc=50264 nodes=154292 r=0
DEATH sh5 liveend=0 estate=2895030 reach=1884334 dyn=162321 flow=0 geom=400061
PDEV sh5 try=0 kill=0 (0.0%) BJ try=43597 kill=8125 nodes=1048576
ADAPT sh5 rp[P=8192 try=4487 kill=435 10%] pd[P=156 try=500272 kill=130609 26%]
T3[t=1616s] shard10 r0 #50 cell=(30,63) sc=50270 nodes=384317 r=0
T3[t=1620s] shard3 r0 #29 cell=(23,61) sc=50266 nodes=116642 r=0
T3[t=1625s] shard7 r0 #48 cell=(36,53) sc=50261 nodes=153981 r=0
T3[t=1625s] shard8 r0 #51 cell=(16,59) sc=50265 nodes=153852 r=0
T3[t=1626s] shard11 r0 #53 cell=(24,41) sc=50273 nodes=153897 r=0
T3[t=1626s] shard2 r0 #18 cell=(42,72) sc=50254 nodes=3000001 r=-1
T3[t=1627s] shard13 r0 #43 cell=(33,56) sc=50264 nodes=286121 r=0
T3[t=1627s] shard14 r0 #35 cell=(27,40) sc=50265 nodes=153895 r=0
DEATH sh0 liveend=0 estate=2467214 reach=1675374 dyn=95233 flow=0 geom=390311
PDEV sh0 try=0 kill=0 (0.0%) BJ try=35944 kill=6804 nodes=1048576
ADAPT sh0 rp[P=3856 try=10070 kill=1566 16%] pd[P=86 try=378400 kill=91938 24%]
T3[t=1630s] shard11 r0 #54 cell=(213,46) sc=50265 nodes=39415 r=0
DEATH sh12 liveend=0 estate=2092793 reach=1415482 dyn=149195 flow=0 geom=310892
PDEV sh12 try=0 kill=0 (0.0%) BJ try=31099 kill=4579 nodes=1048576
ADAPT sh12 rp[P=5241 try=9940 kill=1581 16%] pd[P=86 try=214612 kill=46559 22%]
T3[t=1632s] shard13 r0 #44 cell=(193,58) sc=50268 nodes=54844 r=0
T3[t=1632s] shard7 r0 #49 cell=(192,57) sc=50267 nodes=71935 r=0
T3[t=1632s] shard2 r0 #19 cell=(25,73) sc=50263 nodes=61440 r=0
T3[t=1633s] shard3 r0 #30 cell=(188,62) sc=50272 nodes=160211 r=0
T3[t=1633s] shard11 r0 #55 cell=(209,48) sc=50271 nodes=37439 r=0
T3[t=1634s] shard14 r0 #36 cell=(96,43) sc=50278 nodes=53746 r=0
T3[t=1637s] shard13 r0 #45 cell=(28,59) sc=50274 nodes=48941 r=0
T3[t=1637s] shard11 r0 #56 cell=(191,52) sc=50276 nodes=39452 r=0
T3[t=1637s] shard1 r0 #38 cell=(15,65) sc=50259 nodes=158763 r=0
T3[t=1641s] shard2 r0 #20 cell=(112,78) sc=50269 nodes=77376 r=0
T3[t=1642s] shard11 r0 #57 cell=(104,53) sc=50268 nodes=38652 r=0
T3[t=1644s] shard1 r0 #39 cell=(204,68) sc=50261 nodes=83181 r=0
T3[t=1645s] shard2 r0 #21 cell=(117,79) sc=50269 nodes=37786 r=0
T3[t=1651s] shard2 r0 #22 cell=(15,83) sc=50269 nodes=62384 r=0
T3[t=1652s] shard8 r0 #52 cell=(26,61) sc=50266 nodes=268100 r=0
T3[t=1654s] shard9 r0 #31 cell=(35,57) sc=50259 nodes=3000001 r=-1
T3[t=1654s] shard1 r0 #40 cell=(9,71) sc=50265 nodes=99856 r=0
T3[t=1655s] shard2 r0 #23 cell=(4,88) sc=50259 nodes=39570 r=0
T3[t=1658s] shard1 r0 #41 cell=(15,73) sc=50259 nodes=40312 r=0
T3[t=1659s] shard2 r0 #24 cell=(109,93) sc=50266 nodes=40979 r=0
T3[t=1662s] shard1 r0 #42 cell=(8,82) sc=50275 nodes=42881 r=0
T3[t=1663s] shard2 r0 #25 cell=(214,98) sc=50266 nodes=38387 r=0
T3[t=1663s] shard9 r0 #32 cell=(200,58) sc=50265 nodes=104435 r=0
T3[t=1666s] shard2 r0 #26 cell=(32,102) sc=50273 nodes=35603 r=0
DEATH sh6 liveend=0 estate=2166640 reach=1477306 dyn=138648 flow=0 geom=333844
PDEV sh6 try=0 kill=0 (0.0%) BJ try=31812 kill=4797 nodes=2097152
ADAPT sh6 rp[P=8192 try=10684 kill=1740 16%] pd[P=65 try=250715 kill=54163 22%]
DEATH sh4 liveend=0 estate=2888960 reach=1881858 dyn=165551 flow=0 geom=396621
PDEV sh4 try=0 kill=0 (0.0%) BJ try=43702 kill=8319 nodes=1048576
ADAPT sh4 rp[P=8192 try=6418 kill=809 13%] pd[P=50 try=494201 kill=131254 27%]
DEATH sh10 liveend=0 estate=2714489 reach=1736091 dyn=220032 flow=0 geom=349555
PDEV sh10 try=0 kill=0 (0.0%) BJ try=41891 kill=6792 nodes=1048576
ADAPT sh10 rp[P=8192 try=4793 kill=508 11%] pd[P=44 try=399999 kill=105712 26%]
T3[t=1674s] shard2 r0 #27 cell=(201,33) sc=50270 nodes=90167 r=0
T3[t=1676s] shard3 r0 #31 cell=(11,65) sc=50263 nodes=304981 r=0
DEATH sh15 liveend=0 estate=2270899 reach=1538478 dyn=120940 flow=0 geom=344896
PDEV sh15 try=0 kill=0 (0.0%) BJ try=34173 kill=6137 nodes=1048576
ADAPT sh15 rp[P=8192 try=13244 kill=2189 17%] pd[P=44 try=307797 kill=76221 25%]
T3[t=1677s] shard1 r0 #43 cell=(38,72) sc=50270 nodes=145480 r=0
T3[t=1678s] shard14 r0 #37 cell=(29,44) sc=50272 nodes=465094 r=0
T3[t=1680s] shard2 r0 #28 cell=(93,41) sc=50273 nodes=42591 r=0
T3[t=1681s] shard1 r0 #44 cell=(241,27) sc=50270 nodes=45217 r=0
DEATH sh5 liveend=0 estate=3035571 reach=1977903 dyn=165519 flow=0 geom=421025
PDEV sh5 try=0 kill=0 (0.0%) BJ try=45694 kill=8687 nodes=2097152
ADAPT sh5 rp[P=8192 try=5054 kill=521 10%] pd[P=80 try=528926 kill=138859 26%]
T3[t=1685s] shard2 r0 #29 cell=(217,43) sc=50273 nodes=44095 r=0
T3[t=1685s] shard9 r0 #33 cell=(22,62) sc=50267 nodes=159925 r=0
T3[t=1687s] shard8 r0 #53 cell=(28,63) sc=50269 nodes=358671 r=0
T3[t=1689s] shard1 r0 #45 cell=(5,63) sc=50263 nodes=66796 r=0
DEATH sh7 liveend=0 estate=2690310 reach=1702077 dyn=223385 flow=0 geom=336123
PDEV sh7 try=0 kill=0 (0.0%) BJ try=41852 kill=6851 nodes=1048576
ADAPT sh7 rp[P=8192 try=4036 kill=369 9%] pd[P=98 try=387384 kill=106408 27%]
DEATH sh0 liveend=0 estate=2621983 reach=1783996 dyn=95233 flow=0 geom=418262
PDEV sh0 try=0 kill=0 (0.0%) BJ try=38041 kill=7261 nodes=2097152
ADAPT sh0 rp[P=8192 try=10293 kill=1589 15%] pd[P=65 try=407959 kill=98499 24%]
T3[t=1695s] shard8 r0 #54 cell=(35,64) sc=50269 nodes=79562 r=0
DEATH sh13 liveend=0 estate=2843768 reach=1850392 dyn=191629 flow=0 geom=380584
PDEV sh13 try=0 kill=0 (0.0%) BJ try=44181 kill=8196 nodes=1048576
ADAPT sh13 rp[P=7957 try=5428 kill=607 11%] pd[P=90 try=443065 kill=123487 28%]
T3[t=1696s] shard1 r0 #46 cell=(100,40) sc=50270 nodes=43940 r=0
DEATH sh12 liveend=0 estate=2247779 reach=1523955 dyn=149195 flow=0 geom=338854
PDEV sh12 try=0 kill=0 (0.0%) BJ try=33196 kill=5045 nodes=2097152
ADAPT sh12 rp[P=8192 try=10180 kill=1610 16%] pd[P=65 try=244382 kill=53128 22%]
T3[t=1698s] shard9 r0 #34 cell=(4,68) sc=50269 nodes=99754 r=0
DEATH sh11 liveend=0 estate=2996093 reach=1932821 dyn=197998 flow=0 geom=396818
PDEV sh11 try=0 kill=0 (0.0%) BJ try=45818 kill=8318 nodes=1048576
ADAPT sh11 rp[P=8192 try=4793 kill=466 10%] pd[P=98 try=483772 kill=129894 27%]
T3[t=1711s] shard2 r0 #30 cell=(35,67) sc=50267 nodes=159281 r=0
T3[t=1712s] shard1 r0 #47 cell=(14,29) sc=50265 nodes=153893 r=0
T3[t=1713s] shard9 r0 #35 cell=(24,72) sc=50278 nodes=138897 r=0
T3[t=1713s] shard6 r0 #29 cell=(41,63) sc=50270 nodes=3000001 r=-1
T3[t=1716s] shard1 r0 #48 cell=(78,33) sc=50273 nodes=34726 r=0
T3[t=1716s] shard2 r0 #31 cell=(45,73) sc=50264 nodes=48751 r=0
T3[t=1720s] shard1 r0 #49 cell=(72,37) sc=50269 nodes=34369 r=0
T3[t=1720s] shard2 r0 #32 cell=(26,80) sc=50265 nodes=38611 r=0
DEATH sh4 liveend=0 estate=3038035 reach=1983459 dyn=165551 flow=0 geom=421643
PDEV sh4 try=0 kill=0 (0.0%) BJ try=45799 kill=8798 nodes=2097152
ADAPT sh4 rp[P=8192 try=6608 kill=826 12%] pd[P=129 try=529030 kill=139738 26%]
T3[t=1724s] shard9 r0 #36 cell=(7,83) sc=50274 nodes=110161 r=0
T3[t=1724s] shard14 r0 #38 cell=(32,45) sc=50268 nodes=465054 r=0
T3[t=1726s] shard2 r0 #33 cell=(1,87) sc=50273 nodes=52525 r=0
T3[t=1726s] shard1 r0 #50 cell=(202,41) sc=50277 nodes=72924 r=0
T3[t=1731s] shard5 r0 #39 cell=(47,63) sc=50271 nodes=3000001 r=-1
T3[t=1735s] shard5 r0 #40 cell=(2,92) sc=50260 nodes=42485 r=0
DEATH sh10 liveend=0 estate=2851050 reach=1830503 dyn=223282 flow=0 geom=370839
PDEV sh10 try=0 kill=0 (0.0%) BJ try=43988 kill=7302 nodes=2097152
ADAPT sh10 rp[P=8192 try=4962 kill=520 10%] pd[P=52 try=428861 kill=113852 27%]
T3[t=1738s] shard0 r0 #13 cell=(43,63) sc=50250 nodes=3000001 r=-1
T3[t=1740s] shard5 r0 #41 cell=(30,52) sc=50268 nodes=48878 r=0
T3[t=1742s] shard12 r0 #38 cell=(32,58) sc=50264 nodes=3000001 r=-1
T3[t=1745s] shard14 r0 #39 cell=(24,47) sc=50272 nodes=203118 r=0
DEATH sh15 liveend=0 estate=2426153 reach=1647351 dyn=120940 flow=0 geom=372884
PDEV sh15 try=0 kill=0 (0.0%) BJ try=36270 kill=6578 nodes=2097152
ADAPT sh15 rp[P=8192 try=13486 kill=2215 16%] pd[P=98 try=337910 kill=82881 25%]
DEATH sh3 liveend=0 estate=2403152 reach=1611266 dyn=151524 flow=0 geom=354094
PDEV sh3 try=0 kill=0 (0.0%) BJ try=36037 kill=5988 nodes=1048576
ADAPT sh3 rp[P=8192 try=12525 kill=2050 16%] pd[P=74 try=294557 kill=70595 24%]
T3[t=1749s] shard5 r0 #42 cell=(48,66) sc=50269 nodes=72499 r=0
T3[t=1750s] shard9 r0 #37 cell=(106,90) sc=50272 nodes=171664 r=0
T3[t=1751s] shard14 r0 #40 cell=(201,50) sc=50266 nodes=33245 r=0
T3[t=1752s] shard5 r0 #43 cell=(216,9) sc=50275 nodes=37194 r=0
T3[t=1752s] shard12 r0 #39 cell=(206,64) sc=50271 nodes=99922 r=0
T3[t=1753s] shard9 r0 #38 cell=(229,173) sc=50279 nodes=34455 r=0
DEATH sh7 liveend=0 estate=2827607 reach=1797307 dyn=226631 flow=0 geom=357758
PDEV sh7 try=0 kill=0 (0.0%) BJ try=43949 kill=7415 nodes=2097152
ADAPT sh7 rp[P=8192 try=4268 kill=395 9%] pd[P=161 try=415343 kill=114280 28%]
T3[t=1758s] shard14 r0 #41 cell=(195,52) sc=50279 nodes=74921 r=0
T3[t=1759s] shard0 r0 #14 cell=(199,65) sc=50262 nodes=221577 r=0
T3[t=1759s] shard4 r0 #37 cell=(39,63) sc=50275 nodes=3000001 r=-1
DEATH sh11 liveend=0 estate=3132705 reach=2027843 dyn=200982 flow=0 geom=418301
PDEV sh11 try=0 kill=0 (0.0%) BJ try=47915 kill=8836 nodes=2097152
ADAPT sh11 rp[P=8192 try=4976 kill=480 10%] pd[P=106 try=512937 kill=138160 27%]
DEATH sh8 liveend=0 estate=2839663 reach=1798202 dyn=241908 flow=0 geom=356857
PDEV sh8 try=0 kill=0 (0.0%) BJ try=43582 kill=6867 nodes=1048576
ADAPT sh8 rp[P=8192 try=5735 kill=671 12%] pd[P=37 try=398461 kill=104070 26%]
T3[t=1765s] shard14 r0 #42 cell=(194,53) sc=50265 nodes=73576 r=0
T3[t=1767s] shard5 r0 #44 cell=(27,26) sc=50268 nodes=153928 r=0
T3[t=1770s] shard14 r0 #43 cell=(34,55) sc=50278 nodes=48797 r=0
T3[t=1772s] shard0 r0 #15 cell=(28,66) sc=50269 nodes=88133 r=0
T3[t=1774s] shard5 r0 #45 cell=(84,35) sc=50268 nodes=59489 r=0
T3[t=1779s] shard9 r0 #39 cell=(20,58) sc=50263 nodes=226072 r=0
T3[t=1781s] shard4 r0 #38 cell=(38,71) sc=50268 nodes=238760 r=0
T3[t=1783s] shard12 r0 #40 cell=(18,70) sc=50260 nodes=197522 r=0
T3[t=1785s] shard4 r0 #39 cell=(38,67) sc=50270 nodes=48523 r=0
T3[t=1786s] shard9 r0 #40 cell=(32,60) sc=50270 nodes=34622 r=0
T3[t=1786s] shard14 r0 #44 cell=(18,57) sc=50264 nodes=153854 r=0
DEATH sh2 liveend=0 estate=3195604 reach=2081347 dyn=166316 flow=0 geom=442993
PDEV sh2 try=0 kill=0 (0.0%) BJ try=48436 kill=9656 nodes=1048576
ADAPT sh2 rp[P=8192 try=6270 kill=732 12%] pd[P=156 try=560016 kill=151160 27%]
T3[t=1789s] shard1 r0 #51 cell=(33,44) sc=50271 nodes=642797 r=0
T3[t=1790s] shard9 r0 #41 cell=(25,77) sc=50265 nodes=41644 r=0
T3[t=1790s] shard15 r0 #20 cell=(42,68) sc=50273 nodes=3000001 r=-1
T3[t=1793s] shard12 r0 #41 cell=(214,94) sc=50260 nodes=114636 r=0
T3[t=1793s] shard1 r0 #52 cell=(86,45) sc=50264 nodes=37465 r=0
T3[t=1794s] shard14 r0 #45 cell=(23,58) sc=50267 nodes=79241 r=0
T3[t=1794s] shard4 r0 #40 cell=(10,83) sc=50274 nodes=88570 r=0
T3[t=1795s] shard10 r0 #51 cell=(37,64) sc=50263 nodes=3000001 r=-1
T3[t=1796s] shard9 r0 #42 cell=(12,80) sc=50271 nodes=54770 r=0
T3[t=1803s] shard9 r0 #43 cell=(217,23) sc=50266 nodes=53087 r=0
T3[t=1804s] shard5 r0 #46 cell=(17,38) sc=50268 nodes=309354 r=0
DEATH sh8 liveend=0 estate=2983184 reach=1905818 dyn=241908 flow=0 geom=383989
PDEV sh8 try=0 kill=0 (0.0%) BJ try=45679 kill=7369 nodes=2097152
ADAPT sh8 rp[P=8192 try=5918 kill=686 12%] pd[P=131 try=428535 kill=111369 26%]
T3[t=1811s] shard5 r0 #47 cell=(211,40) sc=50272 nodes=71905 r=0
T3[t=1811s] shard4 r0 #41 cell=(21,54) sc=50263 nodes=156351 r=0
T3[t=1813s] shard12 r0 #42 cell=(205,45) sc=50264 nodes=185666 r=0
T3[t=1813s] shard7 r0 #50 cell=(49,58) sc=50279 nodes=3000001 r=-1
T3[t=1816s] shard9 r0 #44 cell=(19,43) sc=50264 nodes=122162 r=0
T3[t=1816s] shard15 r0 #21 cell=(10,70) sc=50268 nodes=191723 r=0
T3[t=1816s] shard13 r0 #46 cell=(45,62) sc=50272 nodes=3000001 r=-1
T3[t=1818s] shard5 r0 #48 cell=(212,43) sc=50271 nodes=64415 r=0
T3[t=1818s] shard4 r0 #42 cell=(199,54) sc=50270 nodes=73619 r=0
T3[t=1820s] shard11 r0 #58 cell=(53,54) sc=50271 nodes=3000001 r=-1
DEATH sh3 liveend=0 estate=2545199 reach=1705854 dyn=153782 flow=0 geom=376057
PDEV sh3 try=0 kill=0 (0.0%) BJ try=38134 kill=6498 nodes=2097152
ADAPT sh3 rp[P=8192 try=12722 kill=2068 16%] pd[P=35 try=324255 kill=78798 24%]
DEATH sh6 liveend=0 estate=2451952 reach=1680020 dyn=140793 flow=0 geom=385343
PDEV sh6 try=0 kill=0 (0.0%) BJ try=35715 kill=5648 nodes=1048576
ADAPT sh6 rp[P=8192 try=12271 kill=2002 16%] pd[P=52 try=303630 kill=65764 22%]
T3[t=1829s] shard13 r0 #47 cell=(34,63) sc=50266 nodes=110959 r=0
T3[t=1829s] shard5 r0 #49 cell=(205,44) sc=50265 nodes=47539 r=0
T3[t=1834s] shard15 r0 #22 cell=(186,70) sc=50274 nodes=187476 r=0
T3[t=1834s] shard5 r0 #50 cell=(96,45) sc=50265 nodes=37860 r=0
T3[t=1835s] shard4 r0 #43 cell=(25,26) sc=50261 nodes=153894 r=0
T3[t=1835s] shard8 r0 #55 cell=(42,65) sc=50260 nodes=3000001 r=-1
T3[t=1839s] shard4 r0 #44 cell=(218,29) sc=50261 nodes=36292 r=0
T3[t=1843s] shard4 r0 #45 cell=(82,35) sc=50270 nodes=32644 r=0
T3[t=1845s] shard15 r0 #23 cell=(22,72) sc=50267 nodes=85305 r=0
T3[t=1848s] shard4 r0 #46 cell=(211,36) sc=50269 nodes=43790 r=0
T3[t=1852s] shard12 r0 #43 cell=(191,77) sc=50268 nodes=483562 r=0
T3[t=1857s] shard1 r0 #53 cell=(32,47) sc=50272 nodes=591991 r=0
DEATH sh14 liveend=0 estate=3176776 reach=2034171 dyn=229002 flow=0 geom=422336
PDEV sh14 try=0 kill=0 (0.0%) BJ try=48124 kill=8238 nodes=1048576
ADAPT sh14 rp[P=8192 try=5941 kill=665 11%] pd[P=66 try=498170 kill=130085 26%]
DEATH sh2 liveend=0 estate=3336153 reach=2174908 dyn=169514 flow=0 geom=463957
PDEV sh2 try=0 kill=0 (0.0%) BJ try=50533 kill=10218 nodes=2097152
ADAPT sh2 rp[P=8192 try=6837 kill=818 12%] pd[P=80 try=588670 kill=159410 27%]
T3[t=1865s] shard1 r0 #54 cell=(193,54) sc=50260 nodes=83569 r=0
T3[t=1865s] shard5 r0 #51 cell=(27,52) sc=50275 nodes=286332 r=0
T3[t=1866s] shard15 r0 #24 cell=(17,73) sc=50266 nodes=165551 r=0
DEATH sh10 liveend=0 estate=3113245 reach=2018364 dyn=227010 flow=0 geom=414827
PDEV sh10 try=0 kill=0 (0.0%) BJ try=47891 kill=8260 nodes=1048576
ADAPT sh10 rp[P=8192 try=5310 kill=552 10%] pd[P=58 try=486316 kill=129266 27%]
T3[t=1870s] shard1 r0 #55 cell=(108,55) sc=50273 nodes=38879 r=0
T3[t=1870s] shard8 r0 #56 cell=(8,67) sc=50260 nodes=312500 r=0
T3[t=1871s] shard15 r0 #25 cell=(24,78) sc=50271 nodes=41607 r=0
T3[t=1875s] shard3 r0 #32 cell=(37,67) sc=50265 nodes=3000001 r=-1
T3[t=1876s] shard8 r0 #57 cell=(21,68) sc=50272 nodes=56697 r=0
T3[t=1877s] shard15 r0 #26 cell=(25,79) sc=50266 nodes=52559 r=0
T3[t=1880s] shard4 r0 #47 cell=(15,38) sc=50270 nodes=309354 r=0
T3[t=1880s] shard8 r0 #58 cell=(189,68) sc=50280 nodes=52721 r=0
DEATH sh7 liveend=0 estate=3087620 reach=1982140 dyn=232640 flow=0 geom=400839
PDEV sh7 try=0 kill=0 (0.0%) BJ try=47852 kill=8370 nodes=1048576
ADAPT sh7 rp[P=8192 try=4608 kill=422 9%] pd[P=98 try=469769 kill=128707 27%]
T3[t=1884s] shard4 r0 #48 cell=(212,41) sc=50267 nodes=45917 r=0
DEATH sh9 liveend=0 estate=2573177 reach=1731078 dyn=181245 flow=0 geom=378455
PDEV sh9 try=0 kill=0 (0.0%) BJ try=38846 kill=5805 nodes=1048576
ADAPT sh9 rp[P=8192 try=5798 kill=753 13%] pd[P=65 try=292872 kill=70610 24%]
DEATH sh0 liveend=0 estate=2947804 reach=2013207 dyn=101930 flow=0 geom=474386
PDEV sh0 try=0 kill=0 (0.0%) BJ try=42563 kill=8138 nodes=1048576
ADAPT sh0 rp[P=5241 try=10888 kill=1667 15%] pd[P=86 try=466702 kill=111311 24%]
T3[t=1887s] shard15 r0 #27 cell=(203,87) sc=50266 nodes=109264 r=0
T3[t=1887s] shard8 r0 #59 cell=(204,71) sc=50275 nodes=68765 r=0
T3[t=1890s] shard4 r0 #49 cell=(203,44) sc=50262 nodes=58119 r=0
T3[t=1891s] shard8 r0 #60 cell=(206,77) sc=50265 nodes=36078 r=0
T3[t=1895s] shard8 r0 #61 cell=(205,78) sc=50266 nodes=48323 r=0
T3[t=1896s] shard4 r0 #50 cell=(35,48) sc=50271 nodes=49062 r=0
T3[t=1897s] shard15 r0 #28 cell=(110,92) sc=50265 nodes=74145 r=0
T3[t=1897s] shard5 r0 #52 cell=(32,53) sc=50264 nodes=309566 r=0
T3[t=1901s] shard15 r0 #29 cell=(233,173) sc=50266 nodes=35215 r=0
T3[t=1901s] shard8 r0 #62 cell=(206,79) sc=50263 nodes=52387 r=0
DEATH sh6 liveend=0 estate=2607289 reach=1789325 dyn=140793 flow=0 geom=413476
PDEV sh6 try=0 kill=0 (0.0%) BJ try=37812 kill=6108 nodes=2097152
ADAPT sh6 rp[P=8192 try=12479 kill=2024 16%] pd[P=86 try=334969 kill=72644 22%]
T3[t=1902s] shard5 r0 #53 cell=(213,54) sc=50268 nodes=39637 r=0
T3[t=1902s] shard4 r0 #51 cell=(203,54) sc=50267 nodes=56307 r=0
T3[t=1907s] shard5 r0 #54 cell=(175,56) sc=50271 nodes=52645 r=0
T3[t=1908s] shard8 r0 #63 cell=(26,99) sc=50268 nodes=60717 r=0
T3[t=1909s] shard4 r0 #52 cell=(198,55) sc=50265 nodes=69090 r=0
DEATH sh13 liveend=0 estate=3252023 reach=2130709 dyn=205800 flow=0 geom=443321
PDEV sh13 try=0 kill=0 (0.0%) BJ try=50402 kill=9628 nodes=1048576
ADAPT sh13 rp[P=8192 try=6171 kill=696 11%] pd[P=50 try=522910 kill=145378 28%]
T3[t=1912s] shard8 r0 #64 cell=(243,34) sc=50260 nodes=33041 r=0
T3[t=1914s] shard4 r0 #53 cell=(171,56) sc=50264 nodes=52869 r=0
T3[t=1915s] shard2 r0 #34 cell=(45,57) sc=50271 nodes=3000001 r=-1
DEATH sh10 liveend=0 estate=3256873 reach=2125996 dyn=227010 flow=0 geom=441982
PDEV sh10 try=0 kill=0 (0.0%) BJ try=49988 kill=8769 nodes=2097152
ADAPT sh10 rp[P=8192 try=5466 kill=560 10%] pd[P=172 try=516306 kill=136593 26%]
T3[t=1918s] shard8 r0 #65 cell=(215,38) sc=50270 nodes=53166 r=0
DEATH sh11 liveend=0 estate=3386552 reach=2194806 dyn=216384 flow=0 geom=453828
PDEV sh11 try=0 kill=0 (0.0%) BJ try=51818 kill=9608 nodes=1048576
ADAPT sh11 rp[P=7369 try=5870 kill=611 10%] pd[P=130 try=556328 kill=150003 27%]
T3[t=1923s] shard8 r0 #66 cell=(93,42) sc=50265 nodes=38159 r=0
T3[t=1927s] shard8 r0 #67 cell=(217,44) sc=50256 nodes=41871 r=0
DEATH sh14 liveend=0 estate=3313807 reach=2129016 dyn=231615 flow=0 geom=443979
PDEV sh14 try=0 kill=0 (0.0%) BJ try=50221 kill=8781 nodes=2097152
ADAPT sh14 rp[P=8192 try=6121 kill=680 11%] pd[P=161 try=527660 kill=138426 26%]
DEATH sh7 liveend=0 estate=3228786 reach=2087342 dyn=232640 flow=0 geom=427469
PDEV sh7 try=0 kill=0 (0.0%) BJ try=49949 kill=8869 nodes=2097152
ADAPT sh7 rp[P=7830 try=4780 kill=434 9%] pd[P=26 try=499960 kill=135932 27%]
DEATH sh1 liveend=0 estate=3128946 reach=2001479 dyn=228955 flow=0 geom=408770
PDEV sh1 try=0 kill=0 (0.0%) BJ try=48042 kill=8271 nodes=1048576
ADAPT sh1 rp[P=8192 try=6030 kill=690 11%] pd[P=86 try=478404 kill=128130 27%]
T3[t=1938s] shard15 r0 #30 cell=(11,33) sc=50267 nodes=287075 r=0
T3[t=1941s] shard10 r0 #52 cell=(46,65) sc=50263 nodes=3000001 r=-1
T3[t=1945s] shard10 r0 #53 cell=(12,67) sc=50264 nodes=33656 r=0
T3[t=1949s] shard10 r0 #54 cell=(25,68) sc=50262 nodes=42521 r=0
T3[t=1950s] shard6 r0 #30 cell=(44,66) sc=50275 nodes=3000001 r=-1
T3[t=1950s] shard15 r0 #31 cell=(213,35) sc=50272 nodes=146466 r=0
T3[t=1951s] shard8 r0 #68 cell=(34,51) sc=50260 nodes=252362 r=0
DEATH sh0 liveend=0 estate=3102790 reach=2121680 dyn=101930 flow=0 geom=502348
PDEV sh0 try=0 kill=0 (0.0%) BJ try=44660 kill=8604 nodes=2097152
ADAPT sh0 rp[P=8192 try=11128 kill=1696 15%] pd[P=65 try=496472 kill=117880 24%]
T3[t=1955s] shard6 r0 #31 cell=(6,82) sc=50272 nodes=32598 r=0
T3[t=1956s] shard7 r0 #51 cell=(52,59) sc=50268 nodes=3000001 r=-1
DEATH sh13 liveend=0 estate=3395837 reach=2239714 dyn=205800 flow=0 geom=470792
PDEV sh13 try=0 kill=0 (0.0%) BJ try=52499 kill=10094 nodes=2097152
ADAPT sh13 rp[P=8192 try=6356 kill=713 11%] pd[P=60 try=553426 kill=152889 28%]
T3[t=1963s] shard6 r0 #32 cell=(219,97) sc=50271 nodes=108636 r=0
DEATH sh9 liveend=0 estate=2715738 reach=1826160 dyn=183499 flow=0 geom=400609
PDEV sh9 try=0 kill=0 (0.0%) BJ try=40943 kill=6315 nodes=2097152
ADAPT sh9 rp[P=6632 try=6002 kill=774 13%] pd[P=35 try=322501 kill=78851 24%]
T3[t=1964s] shard15 r0 #32 cell=(207,45) sc=50272 nodes=159891 r=0
T3[t=1966s] shard7 r0 #52 cell=(109,60) sc=50272 nodes=79872 r=0
DEATH sh12 liveend=0 estate=2675556 reach=1817589 dyn=167904 flow=0 geom=405853
PDEV sh12 try=0 kill=0 (0.0%) BJ try=39260 kill=6031 nodes=1048576
ADAPT sh12 rp[P=5241 try=10910 kill=1700 16%] pd[P=86 try=303218 kill=65942 22%]
DEATH sh11 liveend=0 estate=3530089 reach=2303860 dyn=216384 flow=0 geom=481010
PDEV sh11 try=0 kill=0 (0.0%) BJ try=53915 kill=10105 nodes=2097152
ADAPT sh11 rp[P=8192 try=6027 kill=620 10%] pd[P=100 try=588299 kill=158010 27%]
DEATH sh5 liveend=0 estate=3494026 reach=2266495 dyn=213542 flow=0 geom=477613
PDEV sh5 try=0 kill=0 (0.0%) BJ try=52855 kill=9717 nodes=1048576
ADAPT sh5 rp[P=8192 try=5664 kill=568 10%] pd[P=98 try=585149 kill=153700 26%]
DEATH sh2 liveend=0 estate=3594082 reach=2347386 dyn=172774 flow=0 geom=503049
PDEV sh2 try=0 kill=0 (0.0%) BJ try=54436 kill=11223 nodes=1048576
ADAPT sh2 rp[P=8192 try=7549 kill=919 12%] pd[P=156 try=643474 kill=174976 27%]
T3[t=1981s] shard6 r0 #33 cell=(192,76) sc=50267 nodes=239841 r=0
DEATH sh4 liveend=0 estate=3489219 reach=2270506 dyn=209502 flow=0 geom=478744
PDEV sh4 try=0 kill=0 (0.0%) BJ try=52721 kill=9801 nodes=1048576
ADAPT sh4 rp[P=8192 try=7183 kill=869 12%] pd[P=98 try=587906 kill=154083 26%]
T3[t=1984s] shard13 r0 #48 cell=(41,64) sc=50270 nodes=3000001 r=-1
T3[t=1986s] shard14 r0 #46 cell=(36,61) sc=50266 nodes=3000001 r=-1
T3[t=1987s] shard13 r0 #49 cell=(15,66) sc=50260 nodes=33319 r=0
T3[t=1988s] shard15 r0 #33 cell=(28,54) sc=50263 nodes=228460 r=0
T3[t=1991s] shard7 r0 #53 cell=(24,61) sc=50265 nodes=244271 r=0
T3[t=1995s] shard13 r0 #50 cell=(24,67) sc=50271 nodes=71926 r=0
DEATH sh1 liveend=0 estate=3266381 reach=2096516 dyn=231933 flow=0 geom=430417
PDEV sh1 try=0 kill=0 (0.0%) BJ try=50139 kill=8800 nodes=2097152
ADAPT sh1 rp[P=8192 try=6617 kill=778 12%] pd[P=142 try=507200 kill=136317 27%]
T3[t=1995s] shard7 r0 #54 cell=(196,61) sc=50273 nodes=50510 r=0
T3[t=1998s] shard0 r0 #16 cell=(41,69) sc=50253 nodes=3000001 r=-1
T3[t=1999s] shard6 r0 #34 cell=(13,35) sc=50267 nodes=137249 r=0
T3[t=2001s] shard15 r0 #34 cell=(27,59) sc=50263 nodes=99569 r=0
T3[t=2002s] shard7 r0 #55 cell=(212,65) sc=50269 nodes=69872 r=0
T3[t=2003s] shard11 r0 #59 cell=(31,56) sc=50266 nodes=3000001 r=-1
T3[t=2003s] shard0 r0 #17 cell=(192,70) sc=50272 nodes=38204 r=0
T3[t=2005s] shard13 r0 #51 cell=(200,67) sc=50269 nodes=86677 r=0
DEATH sh3 liveend=0 estate=2810086 reach=1888239 dyn=161302 flow=0 geom=418857
PDEV sh3 try=0 kill=0 (0.0%) BJ try=42037 kill=7247 nodes=1048576
ADAPT sh3 rp[P=5201 try=13501 kill=2182 16%] pd[P=107 try=369629 kill=90016 24%]
DEATH sh8 liveend=0 estate=3369276 reach=2157812 dyn=272497 flow=0 geom=436260
PDEV sh8 try=0 kill=0 (0.0%) BJ try=51790 kill=8361 nodes=1048576
ADAPT sh8 rp[P=8192 try=6438 kill=724 11%] pd[P=66 try=478998 kill=124469 26%]
T3[t=2010s] shard9 r0 #45 cell=(36,64) sc=50267 nodes=3000001 r=-1
T3[t=2011s] shard13 r0 #52 cell=(202,73) sc=50270 nodes=71885 r=0
DEATH sh10 liveend=0 estate=3523520 reach=2322027 dyn=229518 flow=0 geom=490171
PDEV sh10 try=0 kill=0 (0.0%) BJ try=54043 kill=9648 nodes=1048576
ADAPT sh10 rp[P=7369 try=6074 kill=635 10%] pd[P=161 try=569622 kill=149328 26%]
T3[t=2015s] shard13 r0 #53 cell=(205,74) sc=50263 nodes=52387 r=0
T3[t=2016s] shard0 r0 #18 cell=(7,77) sc=50277 nodes=116229 r=0
DEATH sh5 liveend=0 estate=3635192 reach=2371697 dyn=213542 flow=0 geom=504243
PDEV sh5 try=0 kill=0 (0.0%) BJ try=54952 kill=10216 nodes=2097152
ADAPT sh5 rp[P=7830 try=5836 kill=580 10%] pd[P=26 try=615340 kill=160925 26%]
T3[t=2019s] shard9 r0 #46 cell=(112,166) sc=50275 nodes=43574 r=0
T3[t=2019s] shard13 r0 #54 cell=(119,76) sc=50265 nodes=34691 r=0
T3[t=2024s] shard13 r0 #55 cell=(22,79) sc=50272 nodes=47543 r=0
DEATH sh4 liveend=0 estate=3630385 reach=2375708 dyn=209502 flow=0 geom=505374
PDEV sh4 try=0 kill=0 (0.0%) BJ try=54818 kill=10300 nodes=2097152
ADAPT sh4 rp[P=7830 try=7355 kill=881 12%] pd[P=26 try=618097 kill=161308 26%]
T3[t=2031s] shard15 r0 #35 cell=(16,66) sc=50262 nodes=238239 r=0
DEATH sh12 liveend=0 estate=2830542 reach=1926062 dyn=167904 flow=0 geom=433815
PDEV sh12 try=0 kill=0 (0.0%) BJ try=41357 kill=6497 nodes=2097152
ADAPT sh12 rp[P=8192 try=11150 kill=1729 16%] pd[P=65 try=332988 kill=72511 22%]
T3[t=2033s] shard0 r0 #19 cell=(190,80) sc=50277 nodes=240672 r=0
T3[t=2038s] shard13 r0 #56 cell=(37,80) sc=50255 nodes=144664 r=0
T3[t=2039s] shard0 r0 #20 cell=(204,92) sc=50266 nodes=62202 r=0
T3[t=2041s] shard15 r0 #36 cell=(23,73) sc=50268 nodes=95936 r=0
T3[t=2043s] shard13 r0 #57 cell=(2,87) sc=50267 nodes=52326 r=0
DEATH sh14 liveend=0 estate=3569304 reach=2305099 dyn=236364 flow=0 geom=484240
PDEV sh14 try=0 kill=0 (0.0%) BJ try=54124 kill=9735 nodes=1048576
ADAPT sh14 rp[P=7369 try=6444 kill=704 11%] pd[P=35 try=583146 kill=154243 26%]
T3[t=2044s] shard5 r0 #55 cell=(50,57) sc=50267 nodes=3000001 r=-1
T3[t=2047s] shard6 r0 #35 cell=(86,42) sc=50265 nodes=299118 r=0
DEATH sh2 liveend=0 estate=3734623 reach=2440955 dyn=175972 flow=0 geom=524013
PDEV sh2 try=0 kill=0 (0.0%) BJ try=56533 kill=11785 nodes=2097152
ADAPT sh2 rp[P=8192 try=8116 kill=1005 12%] pd[P=80 try=672128 kill=183226 27%]
T3[t=2048s] shard5 r0 #56 cell=(241,58) sc=50268 nodes=36892 r=0
T3[t=2050s] shard4 r0 #54 cell=(48,57) sc=50267 nodes=3000001 r=-1
T3[t=2051s] shard13 r0 #58 cell=(24,97) sc=50263 nodes=75308 r=0
T3[t=2052s] shard15 r0 #37 cell=(6,86) sc=50275 nodes=110065 r=0
T3[t=2053s] shard1 r0 #56 cell=(31,58) sc=50276 nodes=3000001 r=-1
DEATH sh10 liveend=0 estate=3664127 reach=2426408 dyn=229518 flow=0 geom=516671
PDEV sh10 try=0 kill=0 (0.0%) BJ try=56140 kill=10131 nodes=2097152
ADAPT sh10 rp[P=8192 try=6228 kill=643 10%] pd[P=83 try=599163 kill=156337 26%]
T3[t=2058s] shard4 r0 #55 cell=(29,60) sc=50279 nodes=74036 r=0
T3[t=2058s] shard15 r0 #38 cell=(28,118) sc=50263 nodes=48013 r=0
T3[t=2064s] shard4 r0 #56 cell=(16,61) sc=50272 nodes=54244 r=0
T3[t=2066s] shard13 r0 #59 cell=(25,24) sc=50263 nodes=153893 r=0
T3[t=2069s] shard13 r0 #60 cell=(201,32) sc=50276 nodes=41969 r=0
DEATH sh8 liveend=0 estate=3506357 reach=2252715 dyn=275363 flow=0 geom=457820
PDEV sh8 try=0 kill=0 (0.0%) BJ try=53887 kill=8910 nodes=2097152
ADAPT sh8 rp[P=8192 try=6636 kill=744 11%] pd[P=161 try=507932 kill=132670 26%]
DEATH sh7 liveend=0 estate=3543119 reach=2308495 dyn=245195 flow=0 geom=478923
PDEV sh7 try=0 kill=0 (0.0%) BJ try=54739 kill=9794 nodes=1048576
ADAPT sh7 rp[P=8192 try=5639 kill=550 10%] pd[P=37 try=553691 kill=149053 27%]
T3[t=2073s] shard0 r0 #21 cell=(103,97) sc=50263 nodes=306167 r=0
T3[t=2074s] shard1 r0 #57 cell=(10,61) sc=50277 nodes=192340 r=0
T3[t=2075s] shard4 r0 #57 cell=(184,63) sc=50263 nodes=121619 r=0
T3[t=2075s] shard12 r0 #44 cell=(38,62) sc=50266 nodes=3000001 r=-1
T3[t=2078s] shard15 r0 #39 cell=(44,36) sc=50261 nodes=186242 r=0
T3[t=2080s] shard0 r0 #22 cell=(218,12) sc=50273 nodes=76944 r=0
DEATH sh11 liveend=0 estate=3790432 reach=2490359 dyn=221120 flow=0 geom=525940
PDEV sh11 try=0 kill=0 (0.0%) BJ try=57818 kill=10992 nodes=1048576
ADAPT sh11 rp[P=5201 try=6704 kill=712 11%] pd[P=99 try=639327 kill=170539 27%]
T3[t=2082s] shard12 r0 #45 cell=(209,39) sc=50276 nodes=51093 r=0
T3[t=2082s] shard10 r0 #55 cell=(43,70) sc=50261 nodes=3000001 r=-1
T3[t=2085s] shard10 r0 #56 cell=(194,73) sc=50270 nodes=39648 r=0
T3[t=2089s] shard15 r0 #40 cell=(196,40) sc=50275 nodes=126840 r=0
T3[t=2094s] shard15 r0 #41 cell=(188,50) sc=50273 nodes=64784 r=0
DEATH sh3 liveend=0 estate=2967608 reach=2000579 dyn=161302 flow=0 geom=447437
PDEV sh3 try=0 kill=0 (0.0%) BJ try=44134 kill=7664 nodes=2097152
ADAPT sh3 rp[P=6632 try=13750 kill=2214 16%] pd[P=202 try=402505 kill=97025 24%]
DEATH sh9 liveend=0 estate=2983686 reach=2005510 dyn=188565 flow=0 geom=442299
PDEV sh9 try=0 kill=0 (0.0%) BJ try=44933 kill=7257 nodes=1048576
ADAPT sh9 rp[P=8192 try=6813 kill=892 13%] pd[P=35 try=373526 kill=92831 25%]
T3[t=2097s] shard2 r0 #35 cell=(45,61) sc=50269 nodes=3000001 r=-1
T3[t=2097s] shard10 r0 #57 cell=(7,78) sc=50272 nodes=102330 r=0
T3[t=2099s] shard13 r0 #61 cell=(16,39) sc=50270 nodes=309354 r=0
T3[t=2104s] shard15 r0 #42 cell=(190,56) sc=50267 nodes=76099 r=0
DEATH sh14 liveend=0 estate=3705861 reach=2399865 dyn=239472 flow=0 geom=505643
PDEV sh14 try=0 kill=0 (0.0%) BJ try=56221 kill=10275 nodes=2097152
ADAPT sh14 rp[P=8192 try=6616 kill=716 11%] pd[P=106 try=611958 kill=162381 27%]
T3[t=2106s] shard10 r0 #58 cell=(11,80) sc=50274 nodes=88582 r=0
T3[t=2106s] shard13 r0 #62 cell=(217,42) sc=50258 nodes=75192 r=0
T3[t=2109s] shard2 r0 #36 cell=(13,69) sc=50267 nodes=121333 r=0
T3[t=2115s] shard10 r0 #59 cell=(7,82) sc=50273 nodes=88582 r=0
DEATH sh5 liveend=0 estate=3898368 reach=2563029 dyn=217229 flow=0 geom=551119
PDEV sh5 try=0 kill=0 (0.0%) BJ try=58928 kill=11122 nodes=1048576
ADAPT sh5 rp[P=8192 try=6148 kill=601 10%] pd[P=98 try=666789 kill=173264 26%]
DEATH sh7 liveend=0 estate=3686640 reach=2416111 dyn=245195 flow=0 geom=506055
PDEV sh7 try=0 kill=0 (0.0%) BJ try=56836 kill=10296 nodes=2097152
ADAPT sh7 rp[P=8192 try=5822 kill=565 10%] pd[P=131 try=583765 kill=156352 27%]
T3[t=2119s] shard15 r0 #43 cell=(190,60) sc=50263 nodes=177174 r=0
T3[t=2120s] shard10 r0 #60 cell=(218,85) sc=50273 nodes=34169 r=0
T3[t=2122s] shard12 r0 #46 cell=(36,72) sc=50268 nodes=307279 r=0
T3[t=2124s] shard2 r0 #37 cell=(39,73) sc=50270 nodes=145481 r=0
T3[t=2124s] shard10 r0 #61 cell=(36,113) sc=50269 nodes=42458 r=0
DEATH sh11 liveend=0 estate=3934167 reach=2598818 dyn=221120 flow=0 geom=553249
PDEV sh11 try=0 kill=0 (0.0%) BJ try=59915 kill=11479 nodes=2097152
ADAPT sh11 rp[P=8192 try=6876 kill=723 11%] pd[P=60 try=669812 kill=178095 27%]
T3[t=2128s] shard8 r0 #69 cell=(54,53) sc=50276 nodes=3000001 r=-1
T3[t=2129s] shard10 r0 #62 cell=(86,31) sc=50273 nodes=33373 r=0
T3[t=2129s] shard0 r0 #23 cell=(86,26) sc=50277 nodes=302244 r=0
T3[t=2132s] shard8 r0 #70 cell=(215,56) sc=50274 nodes=35433 r=0
T3[t=2133s] shard15 r0 #44 cell=(184,68) sc=50268 nodes=166802 r=0
T3[t=2133s] shard4 r0 #58 cell=(32,65) sc=50254 nodes=577781 r=0
T3[t=2136s] shard2 r0 #38 cell=(30,54) sc=50262 nodes=122715 r=0
T3[t=2137s] shard13 r0 #63 cell=(22,49) sc=50276 nodes=309661 r=0
T3[t=2139s] shard8 r0 #71 cell=(171,58) sc=50265 nodes=79145 r=0
DEATH sh1 liveend=0 estate=3549240 reach=2294106 dyn=242827 flow=0 geom=475354
PDEV sh1 try=0 kill=0 (0.0%) BJ try=54426 kill=9769 nodes=1048576
ADAPT sh1 rp[P=8192 try=7612 kill=924 12%] pd[P=35 try=561553 kill=150611 27%]
T3[t=2139s] shard15 r0 #45 cell=(5,73) sc=50272 nodes=58893 r=0
T3[t=2141s] shard13 r0 #64 cell=(204,53) sc=50262 nodes=35621 r=0
T3[t=2142s] shard4 r0 #59 cell=(204,65) sc=50269 nodes=95164 r=0
T3[t=2143s] shard7 r0 #56 cell=(41,66) sc=50276 nodes=3000001 r=-1
T3[t=2144s] shard3 r0 #33 cell=(36,68) sc=50271 nodes=3000001 r=-1
T3[t=2145s] shard10 r0 #63 cell=(22,41) sc=50275 nodes=153893 r=0
T3[t=2148s] shard13 r0 #65 cell=(195,60) sc=50265 nodes=79035 r=0
T3[t=2149s] shard7 r0 #57 cell=(4,67) sc=50275 nodes=53816 r=0
T3[t=2153s] shard2 r0 #39 cell=(35,65) sc=50269 nodes=85953 r=0
DEATH sh6 liveend=0 estate=3002675 reach=2068312 dyn=150374 flow=0 geom=481153
PDEV sh6 try=0 kill=0 (0.0%) BJ try=43348 kill=7200 nodes=1048576
ADAPT sh6 rp[P=3473 try=16973 kill=2831 17%] pd[P=44 try=395728 kill=85818 22%]
T3[t=2156s] shard11 r0 #60 cell=(41,62) sc=50270 nodes=3000001 r=-1
T3[t=2157s] shard15 r0 #46 cell=(184,78) sc=50272 nodes=240674 r=0
T3[t=2158s] shard2 r0 #40 cell=(103,44) sc=50261 nodes=39804 r=0
DEATH sh5 liveend=0 estate=4039534 reach=2668231 dyn=217229 flow=0 geom=577749
PDEV sh5 try=0 kill=0 (0.0%) BJ try=61025 kill=11621 nodes=2097152
ADAPT sh5 rp[P=7830 try=6320 kill=613 10%] pd[P=26 try=696980 kill=180489 26%]
T3[t=2161s] shard8 r0 #72 cell=(11,62) sc=50266 nodes=193404 r=0
T3[t=2165s] shard3 r0 #34 cell=(13,87) sc=50267 nodes=143640 r=0
T3[t=2165s] shard15 r0 #47 cell=(15,81) sc=50270 nodes=55289 r=0
T3[t=2165s] shard2 r0 #41 cell=(216,25) sc=50267 nodes=66662 r=0
T3[t=2166s] shard14 r0 #47 cell=(47,62) sc=50271 nodes=3000001 r=-1
T3[t=2170s] shard3 r0 #35 cell=(7,127) sc=50266 nodes=40736 r=0
DEATH sh9 liveend=0 estate=3125094 reach=2099667 dyn=190643 flow=0 geom=464004
PDEV sh9 try=0 kill=0 (0.0%) BJ try=47030 kill=7760 nodes=2097152
ADAPT sh9 rp[P=8192 try=7005 kill=910 13%] pd[P=106 try=403352 kill=101001 25%]
T3[t=2174s] shard3 r0 #36 cell=(191,189) sc=50266 nodes=33224 r=0
T3[t=2174s] shard15 r0 #48 cell=(202,88) sc=50278 nodes=96472 r=0
T3[t=2179s] shard11 r0 #61 cell=(32,63) sc=50268 nodes=193907 r=0
T3[t=2179s] shard15 r0 #49 cell=(209,99) sc=50265 nodes=49886 r=0
T3[t=2180s] shard0 r0 #24 cell=(89,41) sc=50266 nodes=290098 r=0
T3[t=2182s] shard3 r0 #37 cell=(103,37) sc=50273 nodes=32332 r=0
T3[t=2183s] shard2 r0 #42 cell=(18,29) sc=50263 nodes=153893 r=0
T3[t=2184s] shard8 r0 #73 cell=(3,68) sc=50270 nodes=192212 r=0
T3[t=2184s] shard11 r0 #62 cell=(48,65) sc=50270 nodes=48553 r=0
DEATH sh1 liveend=0 estate=3690503 reach=2399242 dyn=242827 flow=0 geom=501963
PDEV sh1 try=0 kill=0 (0.0%) BJ try=56523 kill=10221 nodes=2097152
ADAPT sh1 rp[P=8192 try=7787 kill=938 12%] pd[P=142 try=591794 kill=157804 27%]
T3[t=2187s] shard2 r0 #43 cell=(198,37) sc=50270 nodes=41391 r=0
T3[t=2190s] shard7 r0 #58 cell=(39,70) sc=50264 nodes=349276 r=0
T3[t=2190s] shard5 r0 #57 cell=(50,59) sc=50270 nodes=3000001 r=-1
T3[t=2191s] shard2 r0 #44 cell=(199,40) sc=50271 nodes=41373 r=0
T3[t=2194s] shard5 r0 #58 cell=(188,61) sc=50261 nodes=42740 r=0
T3[t=2195s] shard8 r0 #74 cell=(22,69) sc=50265 nodes=99945 r=0
T3[t=2199s] shard2 r0 #45 cell=(204,41) sc=50275 nodes=90647 r=0
T3[t=2200s] shard4 r0 #60 cell=(33,66) sc=50268 nodes=521837 r=0
T3[t=2205s] shard7 r0 #59 cell=(202,71) sc=50269 nodes=139698 r=0
T3[t=2205s] shard2 r0 #46 cell=(215,42) sc=50259 nodes=59455 r=0
T3[t=2205s] shard8 r0 #75 cell=(23,72) sc=50266 nodes=96428 r=0
T3[t=2205s] shard11 r0 #63 cell=(11,66) sc=50273 nodes=187615 r=0
T3[t=2209s] shard3 r0 #38 cell=(66,34) sc=50271 nodes=152995 r=0
T3[t=2210s] shard7 r0 #60 cell=(100,73) sc=50270 nodes=33692 r=0
T3[t=2211s] shard13 r0 #66 cell=(33,62) sc=50276 nodes=577102 r=0
T3[t=2211s] shard2 r0 #47 cell=(204,43) sc=50276 nodes=65141 r=0
T3[t=2212s] shard8 r0 #76 cell=(6,83) sc=50275 nodes=66850 r=0
T3[t=2212s] shard1 r0 #58 cell=(46,61) sc=50270 nodes=3000001 r=-1
T3[t=2212s] shard0 r0 #25 cell=(11,61) sc=50267 nodes=212264 r=0
T3[t=2214s] shard4 r0 #61 cell=(203,66) sc=50277 nodes=157899 r=0
T3[t=2214s] shard5 r0 #59 cell=(13,68) sc=50269 nodes=198400 r=0
T3[t=2214s] shard7 r0 #61 cell=(117,74) sc=50269 nodes=36447 r=0
T3[t=2216s] shard11 r0 #64 cell=(198,67) sc=50267 nodes=117451 r=0
T3[t=2216s] shard8 r0 #77 cell=(83,30) sc=50271 nodes=32642 r=0
T3[t=2216s] shard1 r0 #59 cell=(187,62) sc=50265 nodes=52507 r=0
T3[t=2217s] shard5 r0 #60 cell=(181,68) sc=50272 nodes=35322 r=0
T3[t=2217s] shard2 r0 #48 cell=(88,45) sc=50269 nodes=55251 r=0
T3[t=2219s] shard7 r0 #62 cell=(197,78) sc=50273 nodes=41007 r=0
T3[t=2222s] shard8 r0 #78 cell=(201,38) sc=50268 nodes=66415 r=0
T3[t=2222s] shard7 r0 #63 cell=(190,81) sc=50273 nodes=38548 r=0
DEATH sh6 liveend=0 estate=3157546 reach=2176890 dyn=150374 flow=0 geom=509106
PDEV sh6 try=0 kill=0 (0.0%) BJ try=45445 kill=7649 nodes=2097152
ADAPT sh6 rp[P=5795 try=17234 kill=2865 17%] pd[P=121 try=425731 kill=92470 22%]
T3[t=2223s] shard9 r0 #47 cell=(48,64) sc=50263 nodes=3000001 r=-1
DEATH sh14 liveend=0 estate=3962019 reach=2577021 dyn=243749 flow=0 geom=546339
PDEV sh14 try=0 kill=0 (0.0%) BJ try=60124 kill=11286 nodes=1048576
ADAPT sh14 rp[P=8192 try=6956 kill=745 11%] pd[P=107 try=667698 kill=178166 27%]
T3[t=2226s] shard5 r0 #61 cell=(6,69) sc=50267 nodes=93864 r=0
T3[t=2227s] shard13 r0 #67 cell=(203,64) sc=50261 nodes=186162 r=0
T3[t=2229s] shard7 r0 #64 cell=(14,107) sc=50271 nodes=59299 r=0
DEATH sh12 liveend=0 estate=3135639 reach=2126620 dyn=189826 flow=0 geom=478318
PDEV sh12 try=0 kill=0 (0.0%) BJ try=45976 kill=7095 nodes=1048576
ADAPT sh12 rp[P=5830 try=12826 kill=2005 16%] pd[P=86 try=363122 kill=79277 22%]
T3[t=2233s] shard7 r0 #65 cell=(219,22) sc=50263 nodes=45011 r=0
T3[t=2233s] shard4 r0 #62 cell=(11,68) sc=50262 nodes=198379 r=0
T3[t=2235s] shard13 r0 #68 cell=(182,65) sc=50268 nodes=81926 r=0
T3[t=2237s] shard8 r0 #79 cell=(26,45) sc=50274 nodes=153893 r=0
T3[t=2238s] shard4 r0 #63 cell=(53,68) sc=50274 nodes=48674 r=0
T3[t=2240s] shard7 r0 #66 cell=(85,30) sc=50273 nodes=59488 r=0
T3[t=2241s] shard10 r0 #64 cell=(28,45) sc=50272 nodes=899476 r=0
T3[t=2242s] shard8 r0 #80 cell=(98,55) sc=50266 nodes=39068 r=0
T3[t=2247s] shard2 r0 #49 cell=(29,46) sc=50273 nodes=286470 r=0
DEATH sh15 liveend=0 estate=3139944 reach=2122300 dyn=188918 flow=0 geom=469213
PDEV sh15 try=0 kill=0 (0.0%) BJ try=47470 kill=7993 nodes=1048576
ADAPT sh15 rp[P=8192 try=15355 kill=2465 16%] pd[P=74 try=391913 kill=96558 25%]
T3[t=2248s] shard10 r0 #65 cell=(198,47) sc=50270 nodes=55782 r=0
T3[t=2250s] shard5 r0 #62 cell=(12,71) sc=50257 nodes=231379 r=0
T3[t=2255s] shard13 r0 #69 cell=(16,67) sc=50260 nodes=208832 r=0
T3[t=2255s] shard5 r0 #63 cell=(196,71) sc=50271 nodes=62796 r=0
T3[t=2255s] shard7 r0 #67 cell=(27,38) sc=50271 nodes=154238 r=0
T3[t=2256s] shard3 r0 #39 cell=(89,47) sc=50267 nodes=286447 r=0
T3[t=2259s] shard5 r0 #64 cell=(191,78) sc=50268 nodes=37469 r=0
T3[t=2260s] shard3 r0 #40 cell=(211,51) sc=50266 nodes=34391 r=0
T3[t=2261s] shard13 r0 #70 cell=(17,68) sc=50260 nodes=65117 r=0
T3[t=2266s] shard5 r0 #65 cell=(26,81) sc=50267 nodes=71926 r=0
T3[t=2267s] shard6 r0 #36 cell=(43,55) sc=50271 nodes=3000001 r=-1
T3[t=2268s] shard8 r0 #81 cell=(27,60) sc=50267 nodes=257068 r=0
T3[t=2270s] shard5 r0 #66 cell=(211,88) sc=50260 nodes=45021 r=0
T3[t=2270s] shard7 r0 #68 cell=(22,51) sc=50274 nodes=147123 r=0
DEATH sh11 liveend=0 estate=4256065 reach=2816644 dyn=236399 flow=0 geom=602070
PDEV sh11 try=0 kill=0 (0.0%) BJ try=64911 kill=12472 nodes=1048576
ADAPT sh11 rp[P=8192 try=7581 kill=814 11%] pd[P=86 try=722889 kill=192023 27%]
T3[t=2272s] shard5 r0 #67 cell=(217,98) sc=50262 nodes=32499 r=0
T3[t=2274s] shard7 r0 #69 cell=(169,58) sc=50267 nodes=52901 r=0
T3[t=2274s] shard10 r0 #66 cell=(36,51) sc=50262 nodes=251730 r=0
T3[t=2274s] shard6 r0 #37 cell=(203,61) sc=50268 nodes=86667 r=0
T3[t=2278s] shard3 r0 #41 cell=(36,54) sc=50261 nodes=184395 r=0
T3[t=2278s] shard8 r0 #82 cell=(14,67) sc=50271 nodes=104739 r=0
T3[t=2278s] shard7 r0 #70 cell=(240,61) sc=50262 nodes=48504 r=0
DEATH sh1 liveend=0 estate=3954634 reach=2592512 dyn=245849 flow=0 geom=549481
PDEV sh1 try=0 kill=0 (0.0%) BJ try=60531 kill=11119 nodes=1048576
ADAPT sh1 rp[P=8192 try=8180 kill=978 12%] pd[P=66 try=643746 kill=170221 26%]
T3[t=2281s] shard6 r0 #38 cell=(108,92) sc=50267 nodes=61946 r=0
T3[t=2281s] shard10 r0 #67 cell=(98,53) sc=50261 nodes=57302 r=0
T3[t=2282s] shard9 r0 #48 cell=(36,74) sc=50262 nodes=463739 r=0
T3[t=2282s] shard8 r0 #83 cell=(200,69) sc=50277 nodes=36079 r=0
T3[t=2287s] shard8 r0 #84 cell=(203,76) sc=50259 nodes=48752 r=0
DEATH sh14 liveend=0 estate=4098887 reach=2671563 dyn=247164 flow=0 geom=567639
PDEV sh14 try=0 kill=0 (0.0%) BJ try=62221 kill=11828 nodes=2097152
ADAPT sh14 rp[P=8192 try=7116 kill=755 11%] pd[P=222 try=695797 kill=186092 27%]
T3[t=2291s] shard2 r0 #50 cell=(27,48) sc=50273 nodes=440092 r=0
T3[t=2292s] shard4 r0 #64 cell=(35,70) sc=50267 nodes=565994 r=0
T3[t=2294s] shard8 r0 #85 cell=(20,71) sc=50266 nodes=74749 r=0
T3[t=2295s] shard6 r0 #39 cell=(21,43) sc=50270 nodes=126877 r=0
T3[t=2299s] shard4 r0 #65 cell=(189,72) sc=50272 nodes=76414 r=0
T3[t=2301s] shard8 r0 #86 cell=(199,52) sc=50271 nodes=65311 r=0
sweep shard8 round0 done (budget 3000000)
T3[t=2301s] shard2 r0 #51 cell=(21,52) sc=50270 nodes=98122 r=0
T3[t=2303s] shard5 r0 #68 cell=(16,29) sc=50269 nodes=309503 r=0
T3[t=2306s] shard2 r0 #52 cell=(28,53) sc=50267 nodes=49030 r=0
T3[t=2307s] shard5 r0 #69 cell=(207,44) sc=50273 nodes=55390 r=0
T3[t=2312s] shard9 r0 #49 cell=(207,16) sc=50267 nodes=309126 r=0
T3[t=2313s] shard4 r0 #66 cell=(37,74) sc=50264 nodes=144740 r=0
DEATH sh0 liveend=0 estate=3605116 reach=2473698 dyn=124472 flow=0 geom=585766
PDEV sh0 try=0 kill=0 (0.0%) BJ try=51849 kill=9863 nodes=1048576
ADAPT sh0 rp[P=7369 try=16207 kill=2584 16%] pd[P=35 try=561713 kill=131934 23%]
T3[t=2317s] shard5 r0 #70 cell=(95,46) sc=50270 nodes=75224 r=0
T3[t=2318s] shard4 r0 #67 cell=(194,75) sc=50274 nodes=44144 r=0
DEATH sh12 liveend=0 estate=3292065 reach=2248774 dyn=189826 flow=0 geom=506105
PDEV sh12 try=0 kill=0 (0.0%) BJ try=48073 kill=7540 nodes=2097152
ADAPT sh12 rp[P=260 try=20191 kill=3345 17%] pd[P=156 try=385892 kill=83617 22%]
T3[t=2321s] shard4 r0 #68 cell=(190,79) sc=50273 nodes=39185 r=0
DEATH sh15 liveend=0 estate=3281989 reach=2216849 dyn=191172 flow=0 geom=491160
PDEV sh15 try=0 kill=0 (0.0%) BJ try=49567 kill=8504 nodes=2097152
ADAPT sh15 rp[P=8192 try=15552 kill=2483 16%] pd[P=35 try=421611 kill=104761 25%]
DEATH sh1 liveend=0 estate=4095780 reach=2697418 dyn=245849 flow=0 geom=576100
PDEV sh1 try=0 kill=0 (0.0%) BJ try=62628 kill=11584 nodes=2097152
ADAPT sh1 rp[P=7369 try=8362 kill=993 12%] pd[P=160 try=673314 kill=177274 26%]
T3[t=2325s] shard4 r0 #69 cell=(24,81) sc=50272 nodes=39789 r=0
DEATH sh13 liveend=0 estate=3985225 reach=2593277 dyn=286771 flow=0 geom=533036
PDEV sh13 try=0 kill=0 (0.0%) BJ try=61980 kill=11005 nodes=1048576
ADAPT sh13 rp[P=8192 try=7133 kill=769 11%] pd[P=30 try=600665 kill=165046 27%]
T3[t=2326s] shard9 r0 #50 cell=(85,32) sc=50271 nodes=94129 r=0
DEATH sh11 liveend=0 estate=4393393 reach=2911538 dyn=239766 flow=0 geom=623651
PDEV sh11 try=0 kill=0 (0.0%) BJ try=67008 kill=13011 nodes=2097152
ADAPT sh11 rp[P=8192 try=7965 kill=866 11%] pd[P=54 try=751122 kill=200016 27%]
T3[t=2345s] shard14 r0 #48 cell=(38,63) sc=50264 nodes=3000001 r=-1
DEATH sh10 liveend=0 estate=4147739 reach=2732430 dyn=282754 flow=0 geom=578774
PDEV sh10 try=0 kill=0 (0.0%) BJ try=63731 kill=11044 nodes=1048576
ADAPT sh10 rp[P=8192 try=7370 kill=786 11%] pd[P=35 try=650066 kill=168475 26%]
DEATH sh7 liveend=0 estate=4095520 reach=2686151 dyn=281057 flow=0 geom=561697
PDEV sh7 try=0 kill=0 (0.0%) BJ try=63251 kill=11230 nodes=1048576
ADAPT sh7 rp[P=8192 try=6501 kill=635 10%] pd[P=125 try=634775 kill=168710 27%]
T3[t=2350s] shard1 r0 #60 cell=(44,63) sc=50270 nodes=3000001 r=-1
T3[t=2354s] shard4 r0 #70 cell=(10,29) sc=50269 nodes=309335 r=0
T3[t=2357s] shard1 r0 #61 cell=(23,64) sc=50260 nodes=65974 r=0
T3[t=2359s] shard4 r0 #71 cell=(71,34) sc=50271 nodes=43477 r=0
DEATH sh6 liveend=0 estate=3463838 reach=2385898 dyn=157039 flow=0 geom=559451
PDEV sh6 try=0 kill=0 (0.0%) BJ try=49897 kill=8618 nodes=1048576
ADAPT sh6 rp[P=8192 try=17746 kill=2920 16%] pd[P=74 try=479658 kill=106197 22%]
DEATH sh8 liveend=0 estate=3963790 reach=2533359 dyn=325139 flow=0 geom=510707
PDEV sh8 try=0 kill=0 (0.0%) BJ try=61065 kill=9932 nodes=1048576
ADAPT sh8 rp[P=8192 try=7610 kill=864 11%] pd[P=156 try=562142 kill=148085 26%]
T3[t=2364s] shard4 r0 #72 cell=(31,40) sc=50272 nodes=49290 r=0
DEATH sh2 liveend=0 estate=4222235 reach=2740710 dyn=230965 flow=0 geom=579569
PDEV sh2 try=0 kill=0 (0.0%) BJ try=64352 kill=12847 nodes=1048576
ADAPT sh2 rp[P=7957 try=8746 kill=1049 12%] pd[P=90 try=726995 kill=198747 27%]
T3[t=2366s] shard15 r0 #50 cell=(50,62) sc=50274 nodes=3000001 r=-1
T3[t=2373s] shard15 r0 #51 cell=(1,65) sc=50267 nodes=59743 r=0
T3[t=2374s] shard1 r0 #62 cell=(200,65) sc=50269 nodes=168897 r=0
T3[t=2377s] shard1 r0 #63 cell=(29,66) sc=50266 nodes=32365 r=0
DEATH sh0 liveend=0 estate=3760040 reach=2582130 dyn=124472 flow=0 geom=613722
PDEV sh0 try=0 kill=0 (0.0%) BJ try=53946 kill=10319 nodes=2097152
ADAPT sh0 rp[P=8192 try=16420 kill=2607 16%] pd[P=65 try=591616 kill=138539 23%]
T3[t=2380s] shard14 r0 #49 cell=(11,64) sc=50272 nodes=331816 r=0
T3[t=2384s] shard4 r0 #73 cell=(25,50) sc=50274 nodes=203122 r=0
DEATH sh3 liveend=0 estate=3367478 reach=2283243 dyn=173645 flow=0 geom=516417
PDEV sh3 try=0 kill=0 (0.0%) BJ try=49848 kill=8789 nodes=1048576
ADAPT sh3 rp[P=7369 try=20001 kill=3341 17%] pd[P=35 try=463877 kill=110296 24%]
T3[t=2386s] shard15 r0 #52 cell=(20,44) sc=50264 nodes=122162 r=0
T3[t=2388s] shard1 r0 #64 cell=(199,66) sc=50268 nodes=116644 r=0
T3[t=2389s] shard14 r0 #50 cell=(196,65) sc=50269 nodes=85168 r=0
DEATH sh10 liveend=0 estate=4289002 reach=2837566 dyn=282754 flow=0 geom=605383
PDEV sh10 try=0 kill=0 (0.0%) BJ try=65828 kill=11496 nodes=2097152
ADAPT sh10 rp[P=8192 try=7545 kill=800 11%] pd[P=142 try=680307 kill=175668 26%]
DEATH sh5 liveend=0 estate=4452191 reach=2933647 dyn=256231 flow=0 geom=631950
PDEV sh5 try=0 kill=0 (0.0%) BJ try=67503 kill=12519 nodes=1048576
ADAPT sh5 rp[P=8192 try=6923 kill=666 10%] pd[P=50 try=745301 kill=192217 26%]
T3[t=2392s] shard11 r0 #65 cell=(42,71) sc=50263 nodes=3000001 r=-1
T3[t=2392s] shard1 r0 #65 cell=(212,67) sc=50262 nodes=59785 r=0
DEATH sh7 liveend=0 estate=4239256 reach=2794126 dyn=281057 flow=0 geom=588947
PDEV sh7 try=0 kill=0 (0.0%) BJ try=65348 kill=11744 nodes=2097152
ADAPT sh7 rp[P=8192 try=6649 kill=641 10%] pd[P=24 try=665334 kill=176169 26%]
DEATH sh13 liveend=0 estate=4123039 reach=2687836 dyn=290334 flow=0 geom=554440
PDEV sh13 try=0 kill=0 (0.0%) BJ try=64077 kill=11519 nodes=2097152
ADAPT sh13 rp[P=8192 try=7312 kill=785 11%] pd[P=35 try=630004 kill=173465 28%]
T3[t=2393s] shard14 r0 #51 cell=(189,66) sc=50274 nodes=52610 r=0
T3[t=2394s] shard12 r0 #47 cell=(41,60) sc=50270 nodes=3000001 r=-1
T3[t=2394s] shard4 r0 #74 cell=(106,55) sc=50268 nodes=77817 r=0
T3[t=2397s] shard14 r0 #52 cell=(26,67) sc=50270 nodes=42209 r=0
T3[t=2397s] shard4 r0 #75 cell=(214,57) sc=50264 nodes=34081 r=0
T3[t=2399s] shard11 r0 #66 cell=(195,74) sc=50272 nodes=91223 r=0
T3[t=2400s] shard4 r0 #76 cell=(182,67) sc=50268 nodes=35468 r=0
T3[t=2402s] shard15 r0 #53 cell=(204,46) sc=50267 nodes=143166 r=0
T3[t=2403s] shard11 r0 #67 cell=(23,76) sc=50268 nodes=47537 r=0
T3[t=2407s] shard11 r0 #68 cell=(13,82) sc=50275 nodes=32018 r=0
T3[t=2408s] shard12 r0 #48 cell=(216,27) sc=50268 nodes=160018 r=0
T3[t=2411s] shard11 r0 #69 cell=(206,91) sc=50263 nodes=40813 r=0
T3[t=2414s] shard11 r0 #70 cell=(217,96) sc=50265 nodes=37827 r=0
T3[t=2415s] shard10 r0 #68 cell=(36,57) sc=50258 nodes=3000001 r=-1
T3[t=2419s] shard7 r0 #71 cell=(42,63) sc=50264 nodes=3000001 r=-1
T3[t=2424s] shard0 r0 #26 cell=(46,62) sc=50271 nodes=3000001 r=-1
T3[t=2425s] shard10 r0 #69 cell=(201,58) sc=50264 nodes=118813 r=0
T3[t=2429s] shard11 r0 #71 cell=(28,35) sc=50276 nodes=153893 r=0
T3[t=2432s] shard11 r0 #72 cell=(237,58) sc=50272 nodes=35005 r=0
DEATH sh9 liveend=0 estate=3478591 reach=2329148 dyn=225022 flow=0 geom=511067
PDEV sh9 try=0 kill=0 (0.0%) BJ try=52666 kill=8329 nodes=1048576
ADAPT sh9 rp[P=8192 try=7697 kill=1000 13%] pd[P=8192 try=430001 kill=108279 25%]
DEATH sh8 liveend=0 estate=4104339 reach=2626920 dyn=328337 flow=0 geom=531671
PDEV sh8 try=0 kill=0 (0.0%) BJ try=63162 kill=10494 nodes=2097152
ADAPT sh8 rp[P=8192 try=8177 kill=950 12%] pd[P=80 try=590796 kill=156335 26%]
T3[t=2433s] shard10 r0 #70 cell=(23,62) sc=50270 nodes=83561 r=0
T3[t=2435s] shard12 r0 #49 cell=(199,32) sc=50274 nodes=306977 r=0
T3[t=2436s] shard11 r0 #73 cell=(185,60) sc=50269 nodes=52538 r=0
DEATH sh5 liveend=0 estate=4596005 reach=3042652 dyn=256231 flow=0 geom=659421
PDEV sh5 try=0 kill=0 (0.0%) BJ try=69600 kill=12985 nodes=2097152
ADAPT sh5 rp[P=8192 try=7108 kill=683 10%] pd[P=60 try=775817 kill=199728 26%]
T3[t=2438s] shard7 r0 #72 cell=(26,65) sc=50260 nodes=193161 r=0
DEATH sh6 liveend=0 estate=3605879 reach=2480447 dyn=159293 flow=0 geom=581398
PDEV sh6 try=0 kill=0 (0.0%) BJ try=51994 kill=9129 nodes=2097152
ADAPT sh6 rp[P=8192 try=17943 kill=2938 16%] pd[P=35 try=509356 kill=114400 22%]
T3[t=2441s] shard0 r0 #27 cell=(242,64) sc=50260 nodes=55020 r=0
T3[t=2442s] shard10 r0 #71 cell=(183,64) sc=50269 nodes=95373 r=0
T3[t=2444s] shard11 r0 #74 cell=(29,62) sc=50265 nodes=79386 r=0
T3[t=2446s] shard13 r0 #71 cell=(42,69) sc=50259 nodes=3000001 r=-1
DEATH sh3 liveend=0 estate=3522402 reach=2391675 dyn=173645 flow=0 geom=544373
PDEV sh3 try=0 kill=0 (0.0%) BJ try=51945 kill=9245 nodes=2097152
ADAPT sh3 rp[P=8192 try=20214 kill=3364 17%] pd[P=65 try=493780 kill=116901 24%]
T3[t=2448s] shard10 r0 #72 cell=(183,66) sc=50270 nodes=69083 r=0
T3[t=2452s] shard11 r0 #75 cell=(199,64) sc=50265 nodes=80869 r=0
T3[t=2459s] shard11 r0 #76 cell=(209,66) sc=50272 nodes=77067 r=0
T3[t=2460s] shard0 r0 #28 cell=(25,67) sc=50261 nodes=160302 r=0
T3[t=2462s] shard12 r0 #50 cell=(223,34) sc=50268 nodes=296599 r=0
T3[t=2463s] shard5 r0 #71 cell=(35,58) sc=50278 nodes=3000001 r=-1
T3[t=2464s] shard10 r0 #73 cell=(5,68) sc=50273 nodes=158442 r=0
DEATH sh14 liveend=0 estate=4420933 reach=2889651 dyn=265919 flow=0 geom=614549
PDEV sh14 try=0 kill=0 (0.0%) BJ try=67146 kill=12782 nodes=1048576
ADAPT sh14 rp[P=8192 try=7498 kill=778 10%] pd[P=44 try=751579 kill=201001 27%]
T3[t=2468s] shard5 r0 #72 cell=(194,61) sc=50272 nodes=50464 r=0
T3[t=2475s] shard0 r0 #29 cell=(23,27) sc=50265 nodes=147663 r=0
T3[t=2476s] shard10 r0 #74 cell=(17,74) sc=50259 nodes=110142 r=0
T3[t=2476s] shard11 r0 #77 cell=(9,68) sc=50264 nodes=169904 r=0
T3[t=2478s] shard12 r0 #51 cell=(216,35) sc=50263 nodes=174761 r=0
T3[t=2483s] shard8 r1 #10 cell=(50,58) sc=50269 nodes=3000001 r=-1
T3[t=2483s] shard5 r0 #73 cell=(18,65) sc=50273 nodes=156217 r=0
DEATH sh4 liveend=0 estate=4298412 reach=2761372 dyn=319178 flow=0 geom=568075
PDEV sh4 try=0 kill=0 (0.0%) BJ try=65734 kill=11117 nodes=1048576
ADAPT sh4 rp[P=8192 try=8512 kill=990 12%] pd[P=178 try=655397 kill=170579 26%]
T3[t=2485s] shard6 r0 #40 cell=(51,63) sc=50275 nodes=3000001 r=-1
T3[t=2486s] shard13 r0 #72 cell=(8,73) sc=50267 nodes=291262 r=0
T3[t=2486s] shard2 r0 #53 cell=(49,56) sc=50267 nodes=3000001 r=-1
T3[t=2492s] shard3 r0 #42 cell=(53,57) sc=50274 nodes=3000001 r=-1
T3[t=2493s] shard6 r0 #41 cell=(211,15) sc=50265 nodes=76999 r=0
T3[t=2498s] shard12 r0 #52 cell=(214,39) sc=50268 nodes=220597 r=0
DEATH sh7 liveend=0 estate=4521445 reach=2998375 dyn=286836 flow=0 geom=638391
PDEV sh7 try=0 kill=0 (0.0%) BJ try=69637 kill=12675 nodes=1048576
ADAPT sh7 rp[P=7369 try=7303 kill=724 10%] pd[P=161 try=718475 kill=188894 26%]
T3[t=2504s] shard6 r0 #42 cell=(35,106) sc=50265 nodes=99992 r=0
T3[t=2507s] shard10 r0 #75 cell=(38,77) sc=50261 nodes=289554 r=0
DEATH sh15 liveend=0 estate=3569262 reach=2403968 dyn=216035 flow=0 geom=529472
PDEV sh15 try=0 kill=0 (0.0%) BJ try=54119 kill=9009 nodes=1048576
ADAPT sh15 rp[P=8192 try=16139 kill=2558 16%] pd[P=8192 try=447738 kill=111871 25%]
T3[t=2512s] shard13 r0 #73 cell=(10,75) sc=50265 nodes=239215 r=0
DEATH sh14 liveend=0 estate=4564679 reach=2997394 dyn=265919 flow=0 geom=641686
PDEV sh14 try=0 kill=0 (0.0%) BJ try=69243 kill=13282 nodes=2097152
ADAPT sh14 rp[P=7830 try=7668 kill=791 10%] pd[P=265 try=782034 kill=208496 27%]
DEATH sh1 liveend=0 estate=4540680 reach=3003894 dyn=261113 flow=0 geom=645295
PDEV sh1 try=0 kill=0 (0.0%) BJ try=69512 kill=13055 nodes=2097152
ADAPT sh1 rp[P=8192 try=9085 kill=1064 12%] pd[P=66 try=754031 kill=198883 26%]
T3[t=2521s] shard6 r0 #43 cell=(215,54) sc=50269 nodes=164146 r=0
T3[t=2521s] shard10 r0 #76 cell=(14,83) sc=50270 nodes=124153 r=0
T3[t=2525s] shard13 r0 #74 cell=(26,79) sc=50266 nodes=109299 r=0
T3[t=2526s] shard0 r0 #30 cell=(87,33) sc=50257 nodes=302499 r=0
T3[t=2527s] shard10 r0 #77 cell=(38,107) sc=50275 nodes=46236 r=0
T3[t=2529s] shard13 r0 #75 cell=(25,84) sc=50260 nodes=39823 r=0
T3[t=2530s] shard11 r0 #78 cell=(36,69) sc=50265 nodes=509032 r=0
T3[t=2533s] shard0 r0 #31 cell=(198,50) sc=50266 nodes=76610 r=0
DEATH sh9 liveend=0 estate=3606074 reach=2406964 dyn=243711 flow=0 geom=524958
PDEV sh9 try=0 kill=0 (0.0%) BJ try=54763 kill=8360 nodes=2097152
ADAPT sh9 rp[P=8192 try=7964 kill=1036 13%] pd[P=8192 try=430124 kill=108282 25%]
T3[t=2542s] shard0 r0 #32 cell=(215,53) sc=50268 nodes=90015 r=0
T3[t=2542s] shard14 r0 #53 cell=(41,68) sc=50274 nodes=3000001 r=-1
T3[t=2545s] shard13 r0 #76 cell=(15,26) sc=50269 nodes=153893 r=0
DEATH sh7 liveend=0 estate=4662007 reach=3102846 dyn=286836 flow=0 geom=664907
PDEV sh7 try=0 kill=0 (0.0%) BJ try=71734 kill=13149 nodes=2097152
ADAPT sh7 rp[P=8192 try=7457 kill=732 10%] pd[P=176 try=748104 kill=195913 26%]
DEATH sh2 liveend=0 estate=4614641 reach=3011167 dyn=239506 flow=0 geom=640964
PDEV sh2 try=0 kill=0 (0.0%) BJ try=70352 kill=14341 nodes=1048576
ADAPT sh2 rp[P=8192 try=9357 kill=1111 12%] pd[P=24 try=810028 kill=222345 27%]
T3[t=2550s] shard14 r0 #54 cell=(9,70) sc=50266 nodes=65887 r=0
DEATH sh5 liveend=0 estate=4880648 reach=3248725 dyn=262117 flow=0 geom=709066
PDEV sh5 try=0 kill=0 (0.0%) BJ try=73915 kill=13908 nodes=1048576
ADAPT sh5 rp[P=7369 try=7754 kill=764 10%] pd[P=161 try=829455 kill=212608 26%]
T3[t=2554s] shard14 r0 #55 cell=(46,71) sc=50266 nodes=48713 r=0
T3[t=2556s] shard0 r0 #33 cell=(13,65) sc=50272 nodes=68782 r=0
DEATH sh8 liveend=0 estate=4375804 reach=2811590 dyn=329967 flow=0 geom=575517
PDEV sh8 try=0 kill=0 (0.0%) BJ try=67065 kill=11456 nodes=1048576
ADAPT sh8 rp[P=8192 try=8942 kill=1058 12%] pd[P=30 try=652056 kill=172267 26%]
T3[t=2564s] shard9 r0 #51 cell=(10,37) sc=50277 nodes=2310833 r=0
T3[t=2570s] shard0 r0 #34 cell=(196,70) sc=50271 nodes=158088 r=0
T3[t=2574s] shard13 r0 #77 cell=(27,56) sc=50266 nodes=285684 r=0
T3[t=2575s] shard7 r0 #73 cell=(45,66) sc=50274 nodes=3000001 r=-1
T3[t=2575s] shard14 r0 #56 cell=(13,72) sc=50269 nodes=198229 r=0
T3[t=2580s] shard1 r0 #66 cell=(45,68) sc=50254 nodes=3000001 r=-1
T3[t=2580s] shard13 r0 #78 cell=(185,62) sc=50253 nodes=78613 r=0
T3[t=2581s] shard14 r0 #57 cell=(14,73) sc=50264 nodes=50799 r=0
T3[t=2582s] shard0 r0 #35 cell=(115,75) sc=50272 nodes=91680 r=0
T3[t=2585s] shard1 r0 #67 cell=(2,69) sc=50270 nodes=36789 r=0
T3[t=2590s] shard0 r0 #36 cell=(104,36) sc=50275 nodes=32878 r=0
T3[t=2592s] shard13 r0 #79 cell=(7,68) sc=50263 nodes=102330 r=0
T3[t=2592s] shard14 r0 #58 cell=(6,75) sc=50265 nodes=105481 r=0
DEATH sh5 liveend=0 estate=5021210 reach=3353202 dyn=262117 flow=0 geom=735582
PDEV sh5 try=0 kill=0 (0.0%) BJ try=76012 kill=14382 nodes=2097152
ADAPT sh5 rp[P=8192 try=7908 kill=772 10%] pd[P=176 try=859084 kill=219627 26%]
T3[t=2595s] shard4 r0 #77 cell=(37,68) sc=50268 nodes=3000001 r=-1
T3[t=2596s] shard13 r0 #80 cell=(209,64) sc=50268 nodes=48943 r=0
T3[t=2598s] shard14 r0 #59 cell=(13,78) sc=50270 nodes=50799 r=0
DEATH sh11 liveend=0 estate=4822796 reach=3184569 dyn=282510 flow=0 geom=676660
PDEV sh11 try=0 kill=0 (0.0%) BJ try=73720 kill=14032 nodes=1048576
ADAPT sh11 rp[P=8192 try=8572 kill=921 11%] pd[P=98 try=805423 kill=214326 27%]
T3[t=2601s] shard7 r0 #74 cell=(10,69) sc=50267 nodes=247852 r=0
T3[t=2602s] shard14 r0 #60 cell=(24,79) sc=50268 nodes=47533 r=0
DEATH sh10 liveend=0 estate=4672699 reach=3088290 dyn=316244 flow=0 geom=656945
PDEV sh10 try=0 kill=0 (0.0%) BJ try=71918 kill=12366 nodes=1048576
ADAPT sh10 rp[P=8192 try=8112 kill=851 10%] pd[P=50 try=728415 kill=187370 26%]
T3[t=2606s] shard7 r0 #75 cell=(214,17) sc=50263 nodes=47570 r=0
T3[t=2607s] shard4 r0 #78 cell=(203,70) sc=50271 nodes=101017 r=0
DEATH sh3 liveend=0 estate=3812416 reach=2597712 dyn=173965 flow=0 geom=597256
PDEV sh3 try=0 kill=0 (0.0%) BJ try=55848 kill=10099 nodes=1048576
ADAPT sh3 rp[P=5241 try=20769 kill=3441 17%] pd[P=86 try=552478 kill=129711 23%]
T3[t=2608s] shard0 r0 #37 cell=(188,78) sc=50272 nodes=240673 r=0
T3[t=2608s] shard14 r0 #61 cell=(177,82) sc=50262 nodes=74436 r=0
DEATH sh12 liveend=0 estate=3698415 reach=2525941 dyn=227881 flow=0 geom=561263
PDEV sh12 try=0 kill=0 (0.0%) BJ try=54292 kill=7980 nodes=1048576
ADAPT sh12 rp[P=6957 try=26541 kill=4448 17%] pd[P=8192 try=405941 kill=87410 22%]
T3[t=2610s] shard13 r0 #81 cell=(39,72) sc=50269 nodes=145445 r=0
DEATH sh8 liveend=0 estate=4525171 reach=2913181 dyn=329967 flow=0 geom=600428
PDEV sh8 try=0 kill=0 (0.0%) BJ try=69162 kill=11948 nodes=2097152
ADAPT sh8 rp[P=4895 try=9116 kill=1072 12%] pd[P=71 try=687057 kill=180868 26%]
T3[t=2614s] shard14 r0 #62 cell=(1,92) sc=50261 nodes=50802 r=0
DEATH sh2 liveend=0 estate=4751570 reach=3106179 dyn=242368 flow=0 geom=662420
PDEV sh2 try=0 kill=0 (0.0%) BJ try=72449 kill=14868 nodes=2097152
ADAPT sh2 rp[P=8192 try=9545 kill=1127 12%] pd[P=66 try=839279 kill=230655 27%]
T3[t=2615s] shard13 r0 #82 cell=(220,39) sc=50269 nodes=44128 r=0
T3[t=2615s] shard4 r0 #79 cell=(104,73) sc=50270 nodes=57500 r=0
T3[t=2617s] shard14 r0 #63 cell=(164,189) sc=50262 nodes=33377 r=0
DEATH sh15 liveend=0 estate=3696776 reach=2481743 dyn=234756 flow=0 geom=543348
PDEV sh15 try=0 kill=0 (0.0%) BJ try=56216 kill=9034 nodes=2097152
ADAPT sh15 rp[P=8192 try=16428 kill=2599 16%] pd[P=8192 try=447861 kill=111874 25%]
T3[t=2620s] shard5 r0 #74 cell=(43,66) sc=50276 nodes=3000001 r=-1
T3[t=2622s] shard7 r0 #76 cell=(19,30) sc=50266 nodes=153893 r=0
T3[t=2624s] shard5 r0 #75 cell=(116,73) sc=50277 nodes=32490 r=0
DEATH sh6 liveend=0 estate=3895307 reach=2666031 dyn=184080 flow=0 geom=619176
PDEV sh6 try=0 kill=0 (0.0%) BJ try=56577 kill=9624 nodes=1048576
ADAPT sh6 rp[P=8192 try=18462 kill=2996 16%] pd[P=8192 try=535482 kill=121510 23%]
T3[t=2630s] shard4 r0 #80 cell=(38,81) sc=50259 nodes=144876 r=0
T3[t=2631s] shard13 r0 #83 cell=(25,36) sc=50277 nodes=153894 r=0
sweep shard13 round0 done (budget 3000000)
T3[t=2633s] shard14 r0 #64 cell=(24,25) sc=50274 nodes=153894 r=0
T3[t=2635s] shard4 r0 #81 cell=(208,97) sc=50276 nodes=58644 r=0
T3[t=2637s] shard14 r0 #65 cell=(243,32) sc=50260 nodes=43461 r=0
T3[t=2640s] shard15 r0 #54 cell=(14,33) sc=50268 nodes=2310833 r=0
T3[t=2641s] shard4 r0 #82 cell=(210,37) sc=50269 nodes=54670 r=0
DEATH sh11 liveend=0 estate=4963962 reach=3289771 dyn=282510 flow=0 geom=703290
PDEV sh11 try=0 kill=0 (0.0%) BJ try=75817 kill=14531 nodes=2097152
ADAPT sh11 rp[P=7830 try=8744 kill=933 11%] pd[P=26 try=835614 kill=221551 27%]
T3[t=2644s] shard14 r0 #66 cell=(212,35) sc=50270 nodes=69985 r=0
T3[t=2645s] shard4 r0 #83 cell=(216,51) sc=50270 nodes=47203 r=0
T3[t=2649s] shard8 r1 #16 cell=(42,66) sc=50277 nodes=3000001 r=-1
T3[t=2650s] shard14 r0 #67 cell=(82,41) sc=50270 nodes=47245 r=0
T3[t=2651s] shard7 r0 #77 cell=(33,48) sc=50276 nodes=286485 r=0
DEATH sh10 liveend=0 estate=4816513 reach=3197295 dyn=316244 flow=0 geom=684416
PDEV sh10 try=0 kill=0 (0.0%) BJ try=74015 kill=12832 nodes=2097152
ADAPT sh10 rp[P=8192 try=8297 kill=868 10%] pd[P=60 try=758931 kill=194881 26%]
DEATH sh1 liveend=0 estate=4804714 reach=3190527 dyn=268703 flow=0 geom=688490
PDEV sh1 try=0 kill=0 (0.0%) BJ try=73488 kill=14035 nodes=1048576
ADAPT sh1 rp[P=8192 try=9428 kill=1093 12%] pd[P=98 try=807390 kill=213027 26%]
T3[t=2653s] shard14 r0 #68 cell=(206,45) sc=50269 nodes=39328 r=0
T3[t=2655s] shard5 r0 #76 cell=(11,76) sc=50265 nodes=295858 r=0
T3[t=2656s] shard7 r0 #78 cell=(105,52) sc=50269 nodes=38713 r=0
T3[t=2659s] shard5 r0 #77 cell=(176,81) sc=50261 nodes=44712 r=0
T3[t=2660s] shard7 r0 #79 cell=(19,60) sc=50268 nodes=44831 r=0
T3[t=2664s] shard7 r0 #80 cell=(212,61) sc=50264 nodes=40272 r=0
T3[t=2664s] shard5 r0 #78 cell=(208,87) sc=50271 nodes=41897 r=0
T3[t=2667s] shard11 r0 #79 cell=(45,72) sc=50257 nodes=3000001 r=-1
T3[t=2670s] shard5 r0 #79 cell=(218,97) sc=50264 nodes=69300 r=0
T3[t=2671s] shard11 r0 #80 cell=(172,77) sc=50264 nodes=53570 r=0
DEATH sh9 liveend=0 estate=3759072 reach=2500898 dyn=266053 flow=0 geom=541648
PDEV sh9 try=0 kill=0 (0.0%) BJ try=57287 kill=8403 nodes=1048576
ADAPT sh9 rp[P=8192 try=8437 kill=1111 13%] pd[P=8192 try=430278 kill=108284 25%]
DEATH sh3 liveend=0 estate=3967402 reach=2706185 dyn=173965 flow=0 geom=625218
PDEV sh3 try=0 kill=0 (0.0%) BJ try=57945 kill=10565 nodes=2097152
ADAPT sh3 rp[P=8192 try=21009 kill=3470 17%] pd[P=65 try=582248 kill=136280 23%]
T3[t=2674s] shard5 r0 #80 cell=(81,42) sc=50269 nodes=37480 r=0
T3[t=2675s] shard2 r0 #54 cell=(34,57) sc=50260 nodes=3000001 r=-1
T3[t=2678s] shard11 r0 #81 cell=(206,93) sc=50271 nodes=77144 r=0
T3[t=2680s] shard5 r0 #81 cell=(106,57) sc=50269 nodes=38826 r=0
T3[t=2680s] shard6 r0 #44 cell=(48,71) sc=50264 nodes=1559377 r=0
T3[t=2681s] shard10 r0 #78 cell=(35,60) sc=50266 nodes=3000001 r=-1
T3[t=2682s] shard11 r0 #82 cell=(30,109) sc=50267 nodes=36574 r=0
T3[t=2685s] shard5 r0 #82 cell=(110,61) sc=50269 nodes=40650 r=0
T3[t=2685s] shard6 r0 #45 cell=(238,37) sc=50266 nodes=52355 r=0
DEATH sh13 liveend=0 estate=4583109 reach=2965822 dyn=342313 flow=0 geom=606120
PDEV sh13 try=0 kill=0 (0.0%) BJ try=71358 kill=12520 nodes=1048576
ADAPT sh13 rp[P=8192 try=8339 kill=915 11%] pd[P=156 try=682031 kill=188196 28%]
DEATH sh1 liveend=0 estate=4945880 reach=3295729 dyn=268703 flow=0 geom=715120
PDEV sh1 try=0 kill=0 (0.0%) BJ try=75585 kill=14534 nodes=2097152
ADAPT sh1 rp[P=7830 try=9600 kill=1105 12%] pd[P=26 try=837581 kill=220252 26%]
T3[t=2696s] shard10 r0 #79 cell=(10,31) sc=50270 nodes=153893 r=0
T3[t=2698s] shard11 r0 #83 cell=(12,25) sc=50265 nodes=153894 r=0
T3[t=2706s] shard5 r0 #83 cell=(40,71) sc=50263 nodes=206043 r=0
DEATH sh4 liveend=0 estate=4748382 reach=3074104 dyn=337284 flow=0 geom=636956
PDEV sh4 try=0 kill=0 (0.0%) BJ try=72660 kill=12618 nodes=1048576
ADAPT sh4 rp[P=8192 try=9646 kill=1139 12%] pd[P=35 try=740617 kill=193793 26%]
T3[t=2711s] shard14 r0 #69 cell=(27,54) sc=50262 nodes=573025 r=0
DEATH sh0 liveend=0 estate=4196054 reach=2871407 dyn=164949 flow=0 geom=674115
PDEV sh0 try=0 kill=0 (0.0%) BJ try=60693 kill=11073 nodes=1048576
ADAPT sh0 rp[P=7369 try=19090 kill=3066 16%] pd[P=8192 try=620490 kill=144987 23%]
T3[t=2714s] shard11 r0 #84 cell=(11,36) sc=50272 nodes=153893 r=0
DEATH sh12 liveend=0 estate=3826019 reach=2603705 dyn=246644 flow=0 geom=575155
PDEV sh12 try=0 kill=0 (0.0%) BJ try=56389 kill=8013 nodes=2097152
ADAPT sh12 rp[P=8192 try=26806 kill=4484 17%] pd[P=8192 try=406063 kill=87413 22%]
T3[t=2716s] shard14 r0 #70 cell=(170,57) sc=50268 nodes=53098 r=0
T3[t=2717s] shard3 r0 #43 cell=(43,59) sc=50254 nodes=3000001 r=-1
T3[t=2719s] shard11 r0 #85 cell=(88,43) sc=50271 nodes=43615 r=0
DEATH sh8 liveend=0 estate=4803172 reach=3103471 dyn=330465 flow=0 geom=646392
PDEV sh8 try=0 kill=0 (0.0%) BJ try=73065 kill=12923 nodes=1048576
ADAPT sh8 rp[P=8192 try=9551 kill=1118 12%] pd[P=50 try=751713 kill=196456 26%]
T3[t=2721s] shard5 r0 #84 cell=(38,83) sc=50260 nodes=144674 r=0
T3[t=2721s] shard1 r0 #68 cell=(44,69) sc=50257 nodes=3000001 r=-1
DEATH sh7 liveend=0 estate=5018924 reach=3337881 dyn=312520 flow=0 geom=715254
PDEV sh7 try=0 kill=0 (0.0%) BJ try=77352 kill=14134 nodes=1048576
ADAPT sh7 rp[P=8192 try=7903 kill=761 10%] pd[P=66 try=798697 kill=209013 26%]
T3[t=2723s] shard3 r0 #44 cell=(222,102) sc=50266 nodes=65250 r=0
T3[t=2725s] shard10 r0 #80 cell=(20,53) sc=50265 nodes=286571 r=0
T3[t=2726s] shard11 r0 #86 cell=(212,45) sc=50268 nodes=75915 r=0
T3[t=2726s] shard1 r0 #69 cell=(199,70) sc=50275 nodes=36085 r=0
T3[t=2731s] shard1 r0 #70 cell=(24,73) sc=50271 nodes=54885 r=0
T3[t=2734s] shard11 r0 #87 cell=(31,62) sc=50263 nodes=79381 r=0
DEATH sh2 liveend=0 estate=5007333 reach=3282008 dyn=247411 flow=0 geom=702489
PDEV sh2 try=0 kill=0 (0.0%) BJ try=76352 kill=15874 nodes=1048576
ADAPT sh2 rp[P=7369 try=9864 kill=1150 12%] pd[P=35 try=894192 kill=246360 28%]
T3[t=2735s] shard1 r0 #71 cell=(28,75) sc=50273 nodes=39859 r=0
T3[t=2735s] shard3 r0 #45 cell=(22,74) sc=50267 nodes=111754 r=0
T3[t=2737s] shard11 r0 #88 cell=(189,64) sc=50261 nodes=34425 r=0
T3[t=2742s] shard3 r0 #46 cell=(20,54) sc=50263 nodes=49873 r=0
T3[t=2743s] shard14 r0 #71 cell=(22,59) sc=50261 nodes=271092 r=0
T3[t=2744s] shard5 r0 #85 cell=(38,73) sc=50269 nodes=238760 r=0
T3[t=2747s] shard11 r0 #89 cell=(204,67) sc=50263 nodes=90468 r=0
DEATH sh15 liveend=0 estate=3849663 reach=2575774 dyn=257041 flow=0 geom=560056
PDEV sh15 try=0 kill=0 (0.0%) BJ try=58740 kill=9088 nodes=1048576
ADAPT sh15 rp[P=6957 try=16879 kill=2672 16%] pd[P=8192 try=448021 kill=111878 25%]
T3[t=2748s] shard5 r0 #86 cell=(84,29) sc=50264 nodes=33075 r=0
T3[t=2750s] shard1 r0 #72 cell=(37,78) sc=50253 nodes=144665 r=0
T3[t=2751s] shard11 r0 #90 cell=(173,80) sc=50254 nodes=44655 r=0
T3[t=2753s] shard14 r0 #72 cell=(1,86) sc=50272 nodes=88278 r=0
DEATH sh4 liveend=0 estate=4889645 reach=3179240 dyn=337284 flow=0 geom=663565
PDEV sh4 try=0 kill=0 (0.0%) BJ try=74757 kill=13070 nodes=2097152
ADAPT sh4 rp[P=8192 try=9821 kill=1153 12%] pd[P=142 try=770858 kill=200986 26%]
T3[t=2758s] shard14 r0 #73 cell=(12,115) sc=50271 nodes=49479 r=0
T3[t=2758s] shard5 r0 #87 cell=(202,59) sc=50262 nodes=118534 r=0
T3[t=2763s] shard5 r0 #88 cell=(14,79) sc=50270 nodes=50799 r=0
DEATH sh13 liveend=0 estate=4723676 reach=3059390 dyn=345511 flow=0 geom=627087
PDEV sh13 try=0 kill=0 (0.0%) BJ try=73455 kill=13082 nodes=2097152
ADAPT sh13 rp[P=8192 try=8906 kill=1001 11%] pd[P=80 try=710685 kill=196446 28%]
T3[t=2767s] shard11 r0 #91 cell=(23,44) sc=50271 nodes=153897 r=0
DEATH sh8 liveend=0 estate=4952250 reach=3205075 dyn=330465 flow=0 geom=671421
PDEV sh8 try=0 kill=0 (0.0%) BJ try=75162 kill=13403 nodes=2097152
ADAPT sh8 rp[P=8192 try=9741 kill=1135 12%] pd[P=129 try=786542 kill=204943 26%]
T3[t=2771s] shard3 r0 #47 cell=(72,28) sc=50257 nodes=187748 r=0
T3[t=2773s] shard11 r0 #92 cell=(202,55) sc=50270 nodes=72922 r=0
T3[t=2773s] shard14 r0 #74 cell=(29,36) sc=50267 nodes=153904 r=0
DEATH sh9 liveend=0 estate=3886586 reach=2578673 dyn=284774 flow=0 geom=555524
PDEV sh9 try=0 kill=0 (0.0%) BJ try=59384 kill=8428 nodes=2097152
ADAPT sh9 rp[P=8192 try=8726 kill=1152 13%] pd[P=8192 try=430401 kill=108287 25%]
T3[t=2779s] shard4 r0 #84 cell=(37,66) sc=50270 nodes=3000001 r=-1
T3[t=2780s] shard14 r0 #75 cell=(95,40) sc=50271 nodes=54364 r=0
T3[t=2781s] shard1 r0 #73 cell=(14,27) sc=50271 nodes=312854 r=0
T3[t=2781s] shard3 r0 #48 cell=(35,102) sc=50261 nodes=90805 r=0
T3[t=2783s] shard4 r0 #85 cell=(16,69) sc=50267 nodes=34470 r=0
T3[t=2783s] shard14 r0 #76 cell=(196,53) sc=50267 nodes=37647 r=0
T3[t=2785s] shard1 r0 #74 cell=(200,33) sc=50276 nodes=48085 r=0
DEATH sh7 liveend=0 estate=5155188 reach=3432268 dyn=315933 flow=0 geom=736419
PDEV sh7 try=0 kill=0 (0.0%) BJ try=79449 kill=14636 nodes=2097152
ADAPT sh7 rp[P=8192 try=8068 kill=772 10%] pd[P=106 try=827293 kill=217093 26%]
T3[t=2790s] shard4 r0 #86 cell=(8,79) sc=50271 nodes=66481 r=0
DEATH sh6 liveend=0 estate=4091490 reach=2786421 dyn=212593 flow=0 geom=640653
PDEV sh6 try=0 kill=0 (0.0%) BJ try=59799 kill=9696 nodes=1048576
ADAPT sh6 rp[P=6957 try=18950 kill=3071 16%] pd[P=8192 try=535674 kill=121512 23%]
DEATH sh10 liveend=0 estate=5128455 reach=3414055 dyn=330979 flow=0 geom=734504
PDEV sh10 try=0 kill=0 (0.0%) BJ try=78798 kill=13752 nodes=1048576
ADAPT sh10 rp[P=8192 try=8716 kill=903 10%] pd[P=98 try=810790 kill=207378 26%]
T3[t=2795s] shard4 r0 #87 cell=(92,57) sc=50271 nodes=37712 r=0
DEATH sh2 liveend=0 estate=5143844 reach=3376782 dyn=250519 flow=0 geom=723874
PDEV sh2 try=0 kill=0 (0.0%) BJ try=78449 kill=16424 nodes=2097152
ADAPT sh2 rp[P=8192 try=10032 kill=1161 12%] pd[P=106 try=922996 kill=254499 28%]
T3[t=2801s] shard1 r0 #75 cell=(15,36) sc=50270 nodes=153899 r=0
T3[t=2801s] shard9 r0 #52 cell=(26,39) sc=50267 nodes=2310834 r=0
T3[t=2804s] shard4 r0 #88 cell=(14,77) sc=50271 nodes=88849 r=0
sweep shard4 round0 done (budget 3000000)
T3[t=2806s] shard8 r1 #17 cell=(43,67) sc=50271 nodes=3000001 r=-1
T3[t=2807s] shard12 r0 #53 cell=(27,44) sc=50270 nodes=3000001 r=-1
T3[t=2807s] shard1 r0 #76 cell=(92,41) sc=50265 nodes=53972 r=0
T3[t=2810s] shard1 r0 #77 cell=(218,45) sc=50269 nodes=32718 r=0
T3[t=2812s] shard12 r0 #54 cell=(253,44) sc=50270 nodes=56519 r=0
T3[t=2813s] shard13 r1 #9 cell=(35,61) sc=50265 nodes=3000001 r=-1
T3[t=2814s] shard1 r0 #78 cell=(175,54) sc=50261 nodes=53178 r=0
DEATH sh0 liveend=0 estate=4323506 reach=2949253 dyn=183656 flow=0 geom=688003
PDEV sh0 try=0 kill=0 (0.0%) BJ try=62790 kill=11094 nodes=2097152
ADAPT sh0 rp[P=8192 try=19379 kill=3107 16%] pd[P=8192 try=620614 kill=144989 23%]
DEATH sh11 liveend=0 estate=5347140 reach=3539401 dyn=312837 flow=0 geom=755141
PDEV sh11 try=0 kill=0 (0.0%) BJ try=81853 kill=15462 nodes=1048576
ADAPT sh11 rp[P=8192 try=9225 kill=963 10%] pd[P=24 try=887027 kill=234925 26%]
T3[t=2836s] shard12 r0 #55 cell=(200,47) sc=50264 nodes=204006 r=0
DEATH sh10 liveend=0 estate=5269621 reach=3519257 dyn=330979 flow=0 geom=761134
PDEV sh10 try=0 kill=0 (0.0%) BJ try=80895 kill=14251 nodes=2097152
ADAPT sh10 rp[P=7830 try=8888 kill=915 10%] pd[P=26 try=840981 kill=214603 26%]
T3[t=2841s] shard0 r0 #38 cell=(12,29) sc=50267 nodes=2324630 r=0
DEATH sh14 liveend=0 estate=5103294 reach=3328324 dyn=332238 flow=0 geom=704199
PDEV sh14 try=0 kill=0 (0.0%) BJ try=77854 kill=14290 nodes=1048576
ADAPT sh14 rp[P=8192 try=8355 kill=837 10%] pd[P=66 try=832437 kill=221497 27%]
T3[t=2843s] shard12 r0 #56 cell=(98,51) sc=50262 nodes=40945 r=0
T3[t=2845s] shard7 r0 #81 cell=(52,63) sc=50271 nodes=3000001 r=-1
T3[t=2848s] shard1 r0 #79 cell=(12,61) sc=50265 nodes=315391 r=0
T3[t=2848s] shard12 r0 #57 cell=(190,53) sc=50261 nodes=42060 r=0
DEATH sh15 liveend=0 estate=3977270 reach=2653536 dyn=275804 flow=0 geom=573948
PDEV sh15 try=0 kill=0 (0.0%) BJ try=60837 kill=9121 nodes=2097152
ADAPT sh15 rp[P=8192 try=17144 kill=2708 16%] pd[P=8192 try=448143 kill=111881 25%]
T3[t=2852s] shard1 r0 #80 cell=(159,62) sc=50269 nodes=53943 r=0
T3[t=2856s] shard12 r0 #58 cell=(97,54) sc=50272 nodes=42041 r=0
T3[t=2856s] shard2 r0 #55 cell=(33,58) sc=50258 nodes=3000001 r=-1
T3[t=2857s] shard1 r0 #81 cell=(243,64) sc=50270 nodes=45618 r=0
T3[t=2862s] shard10 r0 #81 cell=(45,74) sc=50255 nodes=3000001 r=-1
T3[t=2862s] shard12 r0 #59 cell=(237,56) sc=50270 nodes=63390 r=0
T3[t=2867s] shard10 r0 #82 cell=(28,77) sc=50270 nodes=47564 r=0
DEATH sh8 liveend=0 estate=5216199 reach=3383015 dyn=332757 flow=0 geom=712393
PDEV sh8 try=0 kill=0 (0.0%) BJ try=79065 kill=14401 nodes=1048576
ADAPT sh8 rp[P=8192 try=10071 kill=1161 12%] pd[P=44 try=844588 kill=220190 26%]
T3[t=2870s] shard12 r0 #60 cell=(17,58) sc=50269 nodes=52221 r=0
T3[t=2872s] shard10 r0 #83 cell=(9,86) sc=50264 nodes=50854 r=0
T3[t=2873s] shard2 r0 #56 cell=(15,60) sc=50271 nodes=160522 r=0
T3[t=2874s] shard15 r0 #55 cell=(11,24) sc=50276 nodes=2310835 r=0
T3[t=2876s] shard12 r0 #61 cell=(26,59) sc=50264 nodes=49419 r=0
DEATH sh4 liveend=0 estate=5185466 reach=3384000 dyn=343842 flow=0 geom=712938
PDEV sh4 try=0 kill=0 (0.0%) BJ try=79112 kill=14001 nodes=1048576
ADAPT sh4 rp[P=6739 try=10530 kill=1248 12%] pd[P=26 try=828526 kill=214764 26%]
DEATH sh3 liveend=0 estate=4285831 reach=2916455 dyn=200069 flow=0 geom=671232
PDEV sh3 try=0 kill=0 (0.0%) BJ try=62856 kill=11165 nodes=1048576
ADAPT sh3 rp[P=8192 try=24202 kill=4046 17%] pd[P=8192 try=607790 kill=142093 23%]
T3[t=2887s] shard10 r0 #84 cell=(18,37) sc=50269 nodes=153895 r=0
DEATH sh13 liveend=0 estate=4979965 reach=3229648 dyn=350771 flow=0 geom=665120
PDEV sh13 try=0 kill=0 (0.0%) BJ try=77358 kill=14054 nodes=1048576
ADAPT sh13 rp[P=8192 try=9310 kill=1042 11%] pd[P=109 try=763435 kill=211420 28%]
T3[t=2895s] shard10 r0 #85 cell=(196,47) sc=50261 nodes=59905 r=0
DEATH sh11 liveend=0 estate=5483740 reach=3634465 dyn=315821 flow=0 geom=776619
PDEV sh11 try=0 kill=0 (0.0%) BJ try=83950 kill=15991 nodes=2097152
ADAPT sh11 rp[P=8192 try=9403 kill=976 10%] pd[P=106 try=916187 kill=243180 27%]
DEATH sh6 liveend=0 estate=4219094 reach=2864185 dyn=231356 flow=0 geom=654545
PDEV sh6 try=0 kill=0 (0.0%) BJ try=61896 kill=9729 nodes=2097152
ADAPT sh6 rp[P=8192 try=19215 kill=3107 16%] pd[P=8192 try=535796 kill=121515 23%]
DEATH sh5 liveend=0 estate=5584327 reach=3723848 dyn=305613 flow=0 geom=814270
PDEV sh5 try=0 kill=0 (0.0%) BJ try=84791 kill=15826 nodes=2097152
ADAPT sh5 rp[P=6935 try=8739 kill=848 10%] pd[P=74 try=938312 kill=239986 26%]
T3[t=2902s] shard10 r0 #86 cell=(19,72) sc=50269 nodes=65299 r=0
sweep shard10 round0 done (budget 3000000)
DEATH sh14 liveend=0 estate=5239561 reach=3422712 dyn=335651 flow=0 geom=725365
PDEV sh14 try=0 kill=0 (0.0%) BJ try=79951 kill=14792 nodes=2097152
ADAPT sh14 rp[P=8192 try=8520 kill=848 10%] pd[P=106 try=861033 kill=229577 27%]
DEATH sh7 liveend=0 estate=5419013 reach=3616651 dyn=324592 flow=0 geom=780558
PDEV sh7 try=0 kill=0 (0.0%) BJ try=83352 kill=16401 nodes=1048576
ADAPT sh7 rp[P=62 try=12237 kill=1525 12%] pd[P=8000 try=858414 kill=225931 26%]
DEATH sh9 liveend=0 estate=4039434 reach=2672742 dyn=307063 flow=0 geom=572257
PDEV sh9 try=0 kill=0 (0.0%) BJ try=61908 kill=8480 nodes=1048576
ADAPT sh9 rp[P=6957 try=9147 kill=1218 13%] pd[P=8192 try=430557 kill=108291 25%]
T3[t=2919s] shard6 r0 #46 cell=(31,48) sc=50270 nodes=2310828 r=0
DEATH sh4 liveend=0 estate=5332041 reach=3484463 dyn=343842 flow=0 geom=737469
PDEV sh4 try=0 kill=0 (0.0%) BJ try=81209 kill=14490 nodes=2097152
ADAPT sh4 rp[P=8192 try=10730 kill=1267 12%] pd[P=142 try=862865 kill=223226 26%]
T3[t=2929s] shard1 r0 #82 cell=(34,67) sc=50273 nodes=697025 r=0
DEATH sh2 liveend=0 estate=5419784 reach=3562906 dyn=260468 flow=0 geom=765511
PDEV sh2 try=0 kill=0 (0.0%) BJ try=82673 kill=17444 nodes=1048576
ADAPT sh2 rp[P=7957 try=10348 kill=1179 11%] pd[P=90 try=976209 kill=269591 28%]
T3[t=2938s] shard1 r0 #83 cell=(198,69) sc=50267 nodes=93380 r=0
T3[t=2941s] shard12 r0 #62 cell=(206,59) sc=50264 nodes=679855 r=0
T3[t=2942s] shard5 r0 #89 cell=(26,69) sc=50263 nodes=3000001 r=-1
sweep shard5 round0 done (budget 3000000)
DEATH sh0 liveend=0 estate=4478221 reach=3044286 dyn=206277 flow=0 geom=704935
PDEV sh0 try=0 kill=0 (0.0%) BJ try=65342 kill=11134 nodes=1048576
ADAPT sh0 rp[P=8192 try=19800 kill=3170 16%] pd[P=8192 try=620769 kill=144991 23%]
T3[t=2951s] shard1 r0 #84 cell=(44,73) sc=50257 nodes=128706 r=0
T3[t=2956s] shard1 r0 #85 cell=(172,75) sc=50262 nodes=53979 r=0
T3[t=2957s] shard7 r0 #82 cell=(52,71) sc=50266 nodes=1878668 r=0
T3[t=2958s] shard11 r0 #93 cell=(37,60) sc=50266 nodes=3000001 r=-1
T3[t=2960s] shard7 r0 #83 cell=(198,79) sc=50271 nodes=32820 r=0
T3[t=2962s] shard1 r0 #86 cell=(209,86) sc=50265 nodes=53198 r=0
DEATH sh13 liveend=0 estate=5120396 reach=3323020 dyn=353711 flow=0 geom=686124
PDEV sh13 try=0 kill=0 (0.0%) BJ try=79455 kill=14634 nodes=2097152
ADAPT sh13 rp[P=8192 try=9706 kill=1095 11%] pd[P=81 try=792454 kill=219789 28%]
T3[t=2966s] shard14 r0 #77 cell=(45,56) sc=50270 nodes=3000001 r=-1
T3[t=2968s] shard1 r0 #87 cell=(118,75) sc=50272 nodes=49930 r=0
T3[t=2970s] shard6 r0 #47 cell=(185,66) sc=50270 nodes=588298 r=0
T3[t=2971s] shard14 r0 #78 cell=(189,58) sc=50277 nodes=52507 r=0
T3[t=2971s] shard4 r1 #7 cell=(36,58) sc=50277 nodes=3000001 r=-1
T3[t=2973s] shard1 r0 #88 cell=(209,78) sc=50263 nodes=34303 r=0
T3[t=2974s] shard14 r0 #79 cell=(197,62) sc=50266 nodes=40793 r=0
T3[t=2975s] shard6 r0 #48 cell=(236,33) sc=50267 nodes=56523 r=0
DEATH sh10 liveend=0 estate=5585127 reach=3732721 dyn=341809 flow=0 geom=811355
PDEV sh10 try=0 kill=0 (0.0%) BJ try=85550 kill=15167 nodes=1048576
ADAPT sh10 rp[P=8192 try=9290 kill=944 10%] pd[P=74 try=898934 kill=228446 25%]
T3[t=2976s] shard7 r0 #84 cell=(20,35) sc=50270 nodes=153893 r=0
T3[t=2982s] shard14 r0 #80 cell=(213,64) sc=50266 nodes=61112 r=0
DEATH sh15 liveend=0 estate=4130266 reach=2747473 dyn=298145 flow=0 geom=590639
PDEV sh15 try=0 kill=0 (0.0%) BJ try=63361 kill=9164 nodes=1048576
ADAPT sh15 rp[P=8192 try=17617 kill=2783 16%] pd[P=8192 try=448297 kill=111883 25%]
T3[t=2989s] shard6 r0 #49 cell=(86,35) sc=50266 nodes=86741 r=0
T3[t=2990s] shard11 r0 #94 cell=(20,37) sc=50267 nodes=309380 r=0
T3[t=2992s] shard7 r0 #85 cell=(21,38) sc=50268 nodes=153893 r=0
T3[t=2993s] shard8 r1 #31 cell=(52,66) sc=50271 nodes=3000001 r=-1
DEATH sh3 liveend=0 estate=4413478 reach=2994274 dyn=218838 flow=0 geom=685171
PDEV sh3 try=0 kill=0 (0.0%) BJ try=64953 kill=11201 nodes=2097152
ADAPT sh3 rp[P=6935 try=24422 kill=4073 17%] pd[P=8192 try=607911 kill=142095 23%]
T3[t=3000s] shard11 r0 #95 cell=(104,39) sc=50260 nodes=75567 r=0
sweep shard11 round0 done (budget 3000000)
T3[t=3002s] shard7 r0 #86 cell=(24,45) sc=50272 nodes=98060 r=0
T3[t=3006s] shard6 r0 #50 cell=(213,36) sc=50269 nodes=174750 r=0
T3[t=3007s] shard7 r0 #87 cell=(34,107) sc=50264 nodes=40007 r=0
sweep shard7 round0 done (budget 3000000)
T3[t=3014s] shard13 r1 #15 cell=(38,68) sc=50266 nodes=3000001 r=-1
DEATH sh5 liveend=0 estate=5859962 reach=3921288 dyn=306199 flow=0 geom=863189
PDEV sh5 try=0 kill=0 (0.0%) BJ try=88694 kill=16785 nodes=1048576
ADAPT sh5 rp[P=8192 try=9111 kill=879 10%] pd[P=74 try=1001129 kill=255442 26%]
T3[t=3017s] shard3 r0 #49 cell=(23,26) sc=50267 nodes=2321229 r=0
DEATH sh9 liveend=0 estate=4167038 reach=2750506 dyn=325826 flow=0 geom=586149
PDEV sh9 try=0 kill=0 (0.0%) BJ try=64005 kill=8513 nodes=2097152
ADAPT sh9 rp[P=8192 try=9412 kill=1254 13%] pd[P=8192 try=430679 kill=108294 25%]
DEATH sh10 liveend=0 estate=5731876 reach=3833495 dyn=341809 flow=0 geom=835972
PDEV sh10 try=0 kill=0 (0.0%) BJ try=87647 kill=15647 nodes=2097152
ADAPT sh10 rp[P=8192 try=9470 kill=958 10%] pd[P=61 try=933177 kill=236800 25%]
DEATH sh4 liveend=0 estate=5598929 reach=3664594 dyn=346131 flow=0 geom=779811
PDEV sh4 try=0 kill=0 (0.0%) BJ try=85112 kill=15467 nodes=1048576
ADAPT sh4 rp[P=8192 try=11476 kill=1378 12%] pd[P=156 try=922164 kill=238911 26%]
T3[t=3037s] shard3 r0 #50 cell=(72,35) sc=50268 nodes=124506 r=0
DEATH sh14 liveend=0 estate=5513411 reach=3609398 dyn=345022 flow=0 geom=766518
PDEV sh14 try=0 kill=0 (0.0%) BJ try=84162 kill=15778 nodes=1048576
ADAPT sh14 rp[P=8192 try=8895 kill=876 10%] pd[P=24 try=914942 kill=244932 27%]
T3[t=3046s] shard6 r0 #51 cell=(213,40) sc=50264 nodes=439162 r=0
DEATH sh12 liveend=0 estate=4217645 reach=2843656 dyn=303657 flow=0 geom=618055
PDEV sh12 try=0 kill=0 (0.0%) BJ try=62749 kill=8167 nodes=1048576
ADAPT sh12 rp[P=7503 try=27603 kill=4590 17%] pd[P=8192 try=406429 kill=87415 22%]
DEATH sh1 liveend=0 estate=5500921 reach=3634880 dyn=339306 flow=0 geom=778615
PDEV sh1 try=0 kill=0 (0.0%) BJ try=84388 kill=15452 nodes=1048576
ADAPT sh1 rp[P=8192 try=10401 kill=1173 11%] pd[P=50 try=886110 kill=231965 26%]
T3[t=3052s] shard3 r0 #51 cell=(87,36) sc=50269 nodes=96520 r=0
T3[t=3057s] shard6 r0 #52 cell=(214,41) sc=50270 nodes=106483 r=0
DEATH sh0 liveend=0 estate=4605735 reach=3122061 dyn=224998 flow=0 geom=718811
PDEV sh0 try=0 kill=0 (0.0%) BJ try=67439 kill=11159 nodes=2097152
ADAPT sh0 rp[P=8192 try=20089 kill=3211 16%] pd[P=8192 try=620892 kill=144994 23%]
T3[t=3060s] shard2 r0 #57 cell=(46,63) sc=50272 nodes=3000001 r=-1
DEATH sh8 liveend=0 estate=5619284 reach=3662352 dyn=338002 flow=0 geom=777062
PDEV sh8 try=0 kill=0 (0.0%) BJ try=85065 kill=15916 nodes=1048576
ADAPT sh8 rp[P=8192 try=11098 kill=1302 12%] pd[P=37 try=931223 kill=244068 26%]
DEATH sh5 liveend=0 estate=6006750 reach=4022108 dyn=306199 flow=0 geom=887800
PDEV sh5 try=0 kill=0 (0.0%) BJ try=90791 kill=17257 nodes=2097152
ADAPT sh5 rp[P=8192 try=9292 kill=893 10%] pd[P=61 try=1035415 kill=263826 25%]
T3[t=3066s] shard2 r0 #58 cell=(25,64) sc=50258 nodes=58363 r=0
T3[t=3066s] shard10 r1 #2 cell=(52,64) sc=50273 nodes=3000001 r=-1
DEATH sh11 liveend=0 estate=5788153 reach=3832953 dyn=331907 flow=0 geom=819293
PDEV sh11 try=0 kill=0 (0.0%) BJ try=88622 kill=17014 nodes=1048576
ADAPT sh11 rp[P=8192 try=10003 kill=1043 10%] pd[P=148 try=969903 kill=258535 27%]
T3[t=3067s] shard6 r0 #53 cell=(104,45) sc=50262 nodes=65468 r=0
T3[t=3079s] shard6 r0 #54 cell=(92,47) sc=50269 nodes=66645 r=0
T3[t=3079s] shard3 r0 #52 cell=(200,37) sc=50271 nodes=304510 r=0
T3[t=3080s] shard0 r0 #39 cell=(12,35) sc=50266 nodes=2310833 r=0
DEATH sh7 liveend=0 estate=5731405 reach=3820135 dyn=346973 flow=0 geom=825156
PDEV sh7 try=0 kill=0 (0.0%) BJ try=88064 kill=18058 nodes=1048576
ADAPT sh7 rp[P=8192 try=18603 kill=2652 14%] pd[P=130 try=887148 kill=234137 26%]
DEATH sh13 liveend=0 estate=5376977 reach=3494911 dyn=356783 flow=0 geom=725291
PDEV sh13 try=0 kill=0 (0.0%) BJ try=83358 kill=15597 nodes=1048576
ADAPT sh13 rp[P=8192 try=10072 kill=1130 11%] pd[P=44 try=847387 kill=235521 28%]
DEATH sh15 liveend=0 estate=4257780 reach=2825248 dyn=316866 flow=0 geom=604515
PDEV sh15 try=0 kill=0 (0.0%) BJ try=65458 kill=9189 nodes=2097152
ADAPT sh15 rp[P=8192 try=17906 kill=2824 16%] pd[P=8192 try=448420 kill=111886 25%]
T3[t=3094s] shard2 r0 #59 cell=(31,66) sc=50260 nodes=278285 r=0
T3[t=3097s] shard6 r0 #55 cell=(212,49) sc=50271 nodes=175456 r=0
T3[t=3098s] shard3 r0 #53 cell=(219,42) sc=50265 nodes=169924 r=0
DEATH sh1 liveend=0 estate=5644735 reach=3743885 dyn=339306 flow=0 geom=806086
PDEV sh1 try=0 kill=0 (0.0%) BJ try=86485 kill=15918 nodes=2097152
ADAPT sh1 rp[P=8192 try=10586 kill=1190 11%] pd[P=60 try=916626 kill=239476 26%]
T3[t=3103s] shard6 r0 #56 cell=(29,54) sc=50264 nodes=49719 r=0
DEATH sh14 liveend=0 estate=5650025 reach=3704433 dyn=348006 flow=0 geom=787985
PDEV sh14 try=0 kill=0 (0.0%) BJ try=86259 kill=16307 nodes=2097152
ADAPT sh14 rp[P=8192 try=9077 kill=890 10%] pd[P=106 try=944088 kill=253184 27%]
DEATH sh4 liveend=0 estate=5739478 reach=3758155 dyn=349329 flow=0 geom=800775
PDEV sh4 try=0 kill=0 (0.0%) BJ try=87209 kill=16029 nodes=2097152
ADAPT sh4 rp[P=8192 try=12043 kill=1464 12%] pd[P=80 try=950818 kill=247161 26%]
T3[t=3107s] shard5 r1 #0 cell=(37,65) sc=50257 nodes=3000001 r=-1
DEATH sh8 liveend=0 estate=5762805 reach=3769968 dyn=338002 flow=0 geom=804194
PDEV sh8 try=0 kill=0 (0.0%) BJ try=87162 kill=16418 nodes=2097152
ADAPT sh8 rp[P=8192 try=11281 kill=1317 12%] pd[P=131 try=961297 kill=251367 26%]
T3[t=3112s] shard15 r0 #56 cell=(20,33) sc=50266 nodes=2310835 r=0
T3[t=3112s] shard9 r0 #53 cell=(31,42) sc=50271 nodes=3000001 r=-1
T3[t=3113s] shard2 r0 #60 cell=(201,66) sc=50278 nodes=201983 r=0
T3[t=3117s] shard2 r0 #61 cell=(13,74) sc=50268 nodes=32935 r=0
T3[t=3117s] shard15 r0 #57 cell=(263,34) sc=50262 nodes=58078 r=0
T3[t=3118s] shard9 r0 #54 cell=(236,43) sc=50272 nodes=55435 r=0
T3[t=3126s] shard1 r0 #89 cell=(36,59) sc=50266 nodes=3000001 r=-1
sweep shard1 round0 done (budget 3000000)
T3[t=3127s] shard12 r0 #63 cell=(34,61) sc=50272 nodes=1783447 r=0
T3[t=3131s] shard3 r0 #54 cell=(206,43) sc=50267 nodes=352160 r=0
T3[t=3131s] shard0 r0 #40 cell=(93,40) sc=50269 nodes=329437 r=0
T3[t=3132s] shard6 r0 #57 cell=(191,56) sc=50267 nodes=324607 r=0
T3[t=3132s] shard9 r0 #55 cell=(215,44) sc=50269 nodes=132431 r=0
DEATH sh10 liveend=0 estate=6012825 reach=4026035 dyn=342159 flow=0 geom=883362
PDEV sh10 try=0 kill=0 (0.0%) BJ try=91550 kill=16579 nodes=1048576
ADAPT sh10 rp[P=8192 try=10073 kill=1037 10%] pd[P=62 try=1000250 kill=253236 25%]
T3[t=3134s] shard8 r1 #55 cell=(42,65) sc=50260 nodes=3000001 r=-1
DEATH sh11 liveend=0 estate=5928220 reach=3926100 dyn=334851 flow=0 geom=840199
PDEV sh11 try=0 kill=0 (0.0%) BJ try=90719 kill=17534 nodes=2097152
ADAPT sh11 rp[P=8192 try=10186 kill=1059 10%] pd[P=148 try=999961 kill=267252 27%]
T3[t=3144s] shard15 r0 #58 cell=(81,40) sc=50269 nodes=171042 r=0
T3[t=3146s] shard2 r0 #62 cell=(38,75) sc=50259 nodes=289402 r=0
DEATH sh7 liveend=0 estate=5871385 reach=3913268 dyn=350039 flow=0 geom=846088
PDEV sh7 try=0 kill=0 (0.0%) BJ try=90161 kill=18597 nodes=2097152
ADAPT sh7 rp[P=5369 try=18794 kill=2673 14%] pd[P=58 try=916112 kill=242507 26%]
T3[t=3155s] shard4 r1 #8 cell=(47,59) sc=50270 nodes=3000001 r=-1
T3[t=3157s] shard6 r0 #58 cell=(172,57) sc=50268 nodes=254986 r=0
DEATH sh13 liveend=0 estate=5517298 reach=3588647 dyn=359353 flow=0 geom=746489
PDEV sh13 try=0 kill=0 (0.0%) BJ try=85455 kill=16118 nodes=2097152
ADAPT sh13 rp[P=8192 try=10239 kill=1141 11%] pd[P=24 try=877728 kill=244277 28%]
T3[t=3161s] shard2 r0 #63 cell=(10,77) sc=50263 nodes=140037 r=0
T3[t=3164s] shard14 r0 #81 cell=(47,68) sc=50255 nodes=3000001 r=-1
DEATH sh5 liveend=0 estate=6273220 reach=4201516 dyn=308301 flow=0 geom=930073
PDEV sh5 try=0 kill=0 (0.0%) BJ try=94694 kill=18234 nodes=1048576
ADAPT sh5 rp[P=4972 try=9619 kill=921 10%] pd[P=167 try=1095755 kill=279809 26%]
T3[t=3169s] shard14 r0 #82 cell=(6,81) sc=50266 nodes=50799 r=0
T3[t=3170s] shard15 r0 #59 cell=(86,41) sc=50265 nodes=170865 r=0
T3[t=3173s] shard14 r0 #83 cell=(175,80) sc=50253 nodes=44703 r=0
T3[t=3177s] shard2 r0 #64 cell=(17,36) sc=50268 nodes=153893 r=0
DEATH sh10 liveend=0 estate=6159322 reach=4126494 dyn=342159 flow=0 geom=907865
PDEV sh10 try=0 kill=0 (0.0%) BJ try=93647 kill=17047 nodes=2097152
ADAPT sh10 rp[P=8192 try=10250 kill=1051 10%] pd[P=157 try=1034910 kill=261811 25%]
T3[t=3182s] shard2 r0 #65 cell=(216,39) sc=50258 nodes=60540 r=0
T3[t=3188s] shard14 r0 #84 cell=(4,75) sc=50266 nodes=145099 r=0
T3[t=3188s] shard11 r1 #18 cell=(33,61) sc=50270 nodes=3000001 r=-1
T3[t=3188s] shard9 r0 #56 cell=(200,45) sc=50265 nodes=605459 r=0
DEATH sh8 liveend=0 estate=6016392 reach=3950641 dyn=340025 flow=0 geom=848023
PDEV sh8 try=0 kill=0 (0.0%) BJ try=91065 kill=17365 nodes=1048576
ADAPT sh8 rp[P=8192 try=11617 kill=1342 12%] pd[P=66 try=1011643 kill=264467 26%]
T3[t=3193s] shard14 r0 #85 cell=(49,70) sc=50268 nodes=48674 r=0
sweep shard14 round0 done (budget 3000000)
T3[t=3196s] shard9 r0 #57 cell=(108,47) sc=50274 nodes=45606 r=0
DEATH sh1 liveend=0 estate=5915252 reach=3935261 dyn=339823 flow=0 geom=853711
PDEV sh1 try=0 kill=0 (0.0%) BJ try=90388 kill=16844 nodes=1048576
ADAPT sh1 rp[P=8192 try=10959 kill=1223 11%] pd[P=74 try=974830 kill=253493 26%]
T3[t=3199s] shard7 r1 #12 cell=(41,67) sc=50261 nodes=3000001 r=-1
T3[t=3207s] shard13 r1 #18 cell=(45,71) sc=50270 nodes=3000001 r=-1
T3[t=3207s] shard3 r0 #55 cell=(201,44) sc=50266 nodes=859160 r=0
T3[t=3213s] shard2 r0 #66 cell=(23,50) sc=50269 nodes=309676 r=0
DEATH sh4 liveend=0 estate=5998246 reach=3932107 dyn=351137 flow=0 geom=840720
PDEV sh4 try=0 kill=0 (0.0%) BJ try=91112 kill=17069 nodes=1048576
ADAPT sh4 rp[P=8192 try=12470 kill=1513 12%] pd[P=30 try=1007870 kill=263416 26%]
T3[t=3219s] shard2 r0 #67 cell=(200,57) sc=50260 nodes=64783 r=0
T3[t=3222s] shard9 r0 #58 cell=(207,48) sc=50275 nodes=285410 r=0
T3[t=3223s] shard2 r0 #68 cell=(188,59) sc=50263 nodes=43680 r=0
T3[t=3224s] shard10 r1 #9 cell=(36,62) sc=50268 nodes=3000001 r=-1
T3[t=3228s] shard2 r0 #69 cell=(20,61) sc=50269 nodes=43107 r=0
T3[t=3230s] shard9 r0 #59 cell=(99,50) sc=50269 nodes=42395 r=0
T3[t=3232s] shard2 r0 #70 cell=(171,62) sc=50270 nodes=53559 r=0
DEATH sh0 liveend=0 estate=4802128 reach=3250035 dyn=253297 flow=0 geom=746831
PDEV sh0 try=0 kill=0 (0.0%) BJ try=70621 kill=11217 nodes=1048576
ADAPT sh0 rp[P=6957 try=20588 kill=3287 16%] pd[P=8192 try=621090 kill=145000 23%]
DEATH sh12 liveend=0 estate=4433245 reach=2976102 dyn=335887 flow=0 geom=641263
PDEV sh12 try=0 kill=0 (0.0%) BJ try=66315 kill=8225 nodes=1048576
ADAPT sh12 rp[P=6360 try=28178 kill=4677 17%] pd[P=8192 try=406639 kill=87418 21%]
DEATH sh5 liveend=0 estate=6413482 reach=4294441 dyn=311245 flow=0 geom=950916
PDEV sh5 try=0 kill=0 (0.0%) BJ try=96791 kill=18746 nodes=2097152
ADAPT sh5 rp[P=8192 try=9797 kill=935 10%] pd[P=107 try=1125752 kill=288499 26%]
DEATH sh1 liveend=0 estate=6062008 reach=4036030 dyn=339823 flow=0 geom=878330
PDEV sh1 try=0 kill=0 (0.0%) BJ try=92485 kill=17324 nodes=2097152
ADAPT sh1 rp[P=8192 try=11139 kill=1237 11%] pd[P=61 try=1009073 kill=261847 26%]
T3[t=3254s] shard12 r0 #64 cell=(9,64) sc=50272 nodes=1203621 r=0
DEATH sh8 liveend=0 estate=6153473 reach=4045544 dyn=342891 flow=0 geom=869583
PDEV sh8 try=0 kill=0 (0.0%) BJ try=93162 kill=17914 nodes=2097152
ADAPT sh8 rp[P=8192 try=11815 kill=1362 12%] pd[P=161 try=1040577 kill=272668 26%]
T3[t=3261s] shard3 r0 #56 cell=(94,45) sc=50267 nodes=348240 r=0
DEATH sh11 liveend=0 estate=6199558 reach=4110355 dyn=336612 flow=0 geom=883893
PDEV sh11 try=0 kill=0 (0.0%) BJ try=94622 kill=18503 nodes=1048576
ADAPT sh11 rp[P=8192 try=10573 kill=1096 10%] pd[P=50 try=1061499 kill=283226 27%]
DEATH sh6 liveend=0 estate=4670099 reach=3142246 dyn=295520 flow=0 geom=705567
PDEV sh6 try=0 kill=0 (0.0%) BJ try=69191 kill=9953 nodes=1048576
ADAPT sh6 rp[P=7503 try=20016 kill=3197 16%] pd[P=8192 try=536261 kill=121528 23%]
T3[t=3264s] shard12 r0 #65 cell=(239,64) sc=50274 nodes=89938 r=0
DEATH sh14 liveend=0 estate=5955897 reach=3908567 dyn=359174 flow=0 geom=834170
PDEV sh14 try=0 kill=0 (0.0%) BJ try=90739 kill=17300 nodes=1048576
ADAPT sh14 rp[P=6739 try=9793 kill=984 10%] pd[P=26 try=1005352 kill=269157 27%]
DEATH sh7 liveend=0 estate=6142850 reach=4098554 dyn=350638 flow=0 geom=890328
PDEV sh7 try=0 kill=0 (0.0%) BJ try=94064 kill=19543 nodes=1048576
ADAPT sh7 rp[P=8192 try=19123 kill=2699 14%] pd[P=58 try=979998 kill=259137 26%]
T3[t=3266s] shard2 r0 #71 cell=(10,65) sc=50269 nodes=328038 r=0
T3[t=3267s] shard3 r0 #57 cell=(30,53) sc=50263 nodes=49720 r=0
DEATH sh13 liveend=0 estate=5775568 reach=3761663 dyn=361649 flow=0 geom=785982
PDEV sh13 try=0 kill=0 (0.0%) BJ try=89358 kill=17122 nodes=1048576
ADAPT sh13 rp[P=8192 try=10899 kill=1229 11%] pd[P=66 try=933484 kill=260215 28%]
DEATH sh15 liveend=0 estate=4464350 reach=2959021 dyn=346253 flow=0 geom=633627
PDEV sh15 try=0 kill=0 (0.0%) BJ try=68781 kill=9245 nodes=1048576
ADAPT sh15 rp[P=6957 try=18392 kill=2894 16%] pd[P=8192 try=448619 kill=111890 25%]
T3[t=3288s] shard1 r1 #9 cell=(48,56) sc=50268 nodes=3000001 r=-1
DEATH sh4 liveend=0 estate=6138444 reach=4025920 dyn=353324 flow=0 geom=862056
PDEV sh4 try=0 kill=0 (0.0%) BJ try=93209 kill=17598 nodes=2097152
ADAPT sh4 rp[P=8192 try=12648 kill=1527 12%] pd[P=180 try=1039291 kill=272410 26%]
T3[t=3290s] shard5 r1 #5 cell=(42,58) sc=50255 nodes=3000001 r=-1
T3[t=3292s] shard2 r0 #72 cell=(25,66) sc=50260 nodes=258741 r=0
DEATH sh10 liveend=0 estate=6424569 reach=4303733 dyn=347386 flow=0 geom=948965
PDEV sh10 try=0 kill=0 (0.0%) BJ try=97550 kill=17944 nodes=1048576
ADAPT sh10 rp[P=8192 try=10662 kill=1097 10%] pd[P=35 try=1091027 kill=276585 25%]
DEATH sh14 liveend=0 estate=6102530 reach=4008904 dyn=359174 flow=0 geom=858671
PDEV sh14 try=0 kill=0 (0.0%) BJ try=92836 kill=17788 nodes=2097152
ADAPT sh14 rp[P=8192 try=9993 kill=1003 10%] pd[P=142 try=1039725 kill=277625 27%]
DEATH sh7 liveend=0 estate=6289225 reach=4199038 dyn=350638 flow=0 geom=914740
PDEV sh7 try=0 kill=0 (0.0%) BJ try=96161 kill=20060 nodes=2097152
ADAPT sh7 rp[P=8192 try=19294 kill=2711 14%] pd[P=132 try=1013946 kill=267434 26%]
T3[t=3312s] shard12 r0 #66 cell=(184,65) sc=50266 nodes=598017 r=0
DEATH sh11 liveend=0 estate=6348638 reach=4211964 dyn=336612 flow=0 geom=908926
PDEV sh11 try=0 kill=0 (0.0%) BJ try=96719 kill=18983 nodes=2097152
ADAPT sh11 rp[P=8192 try=10763 kill=1113 10%] pd[P=129 try=1096328 kill=291713 27%]
T3[t=3314s] shard8 r1 #69 cell=(54,53) sc=50276 nodes=3000001 r=-1
sweep shard8 round1 done (budget 3000000)
DEATH sh3 liveend=0 estate=4870617 reach=3297602 dyn=265281 flow=0 geom=753233
PDEV sh3 try=0 kill=0 (0.0%) BJ try=72105 kill=11835 nodes=1048576
ADAPT sh3 rp[P=8192 try=25003 kill=4111 16%] pd[P=178 try=636855 kill=149946 24%]
DEATH sh9 liveend=0 estate=4548418 reach=2986916 dyn=380763 flow=0 geom=628382
PDEV sh9 try=0 kill=0 (0.0%) BJ try=70237 kill=8622 nodes=1048576
ADAPT sh9 rp[P=6957 try=10192 kill=1356 13%] pd[P=8192 try=431055 kill=108300 25%]
DEATH sh13 liveend=0 estate=5915404 reach=3854837 dyn=364713 flow=0 geom=806748
PDEV sh13 try=0 kill=0 (0.0%) BJ try=91455 kill=17641 nodes=2097152
ADAPT sh13 rp[P=8192 try=11093 kill=1246 11%] pd[P=121 try=963191 kill=268784 28%]
T3[t=3342s] shard4 r1 #26 cell=(40,66) sc=50275 nodes=3000001 r=-1
DEATH sh0 liveend=0 estate=4929732 reach=3327799 dyn=272060 flow=0 geom=760723
PDEV sh0 try=0 kill=0 (0.0%) BJ try=72718 kill=11250 nodes=2097152
ADAPT sh0 rp[P=8192 try=20853 kill=3323 16%] pd[P=8192 try=621212 kill=145003 23%]
T3[t=3344s] shard12 r0 #67 cell=(187,66) sc=50271 nodes=379811 r=0
T3[t=3349s] shard11 r1 #24 cell=(44,70) sc=50261 nodes=3000001 r=-1
T3[t=3355s] shard14 r1 #3 cell=(36,56) sc=50269 nodes=3000001 r=-1
T3[t=3356s] shard7 r1 #32 cell=(49,55) sc=50271 nodes=3000001 r=-1
DEATH sh1 liveend=0 estate=6326542 reach=4211696 dyn=346215 flow=0 geom=918854
PDEV sh1 try=0 kill=0 (0.0%) BJ try=96388 kill=18232 nodes=1048576
ADAPT sh1 rp[P=8192 try=11556 kill=1284 11%] pd[P=24 try=1063852 kill=276275 26%]
DEATH sh6 liveend=0 estate=4797400 reach=3220181 dyn=314145 flow=0 geom=719448
PDEV sh6 try=0 kill=0 (0.0%) BJ try=71288 kill=9995 nodes=2097152
ADAPT sh6 rp[P=5285 try=20297 kill=3237 16%] pd[P=8192 try=536384 kill=121530 23%]
DEATH sh10 liveend=0 estate=6564598 reach=4397055 dyn=350336 flow=0 geom=969986
PDEV sh10 try=0 kill=0 (0.0%) BJ try=99647 kill=18485 nodes=2097152
ADAPT sh10 rp[P=8192 try=11003 kill=1142 10%] pd[P=267 try=1120191 kill=284913 25%]
DEATH sh5 liveend=0 estate=6668706 reach=4462994 dyn=318120 flow=0 geom=988054
PDEV sh5 try=0 kill=0 (0.0%) BJ try=100694 kill=19644 nodes=1048576
ADAPT sh5 rp[P=8192 try=10183 kill=970 10%] pd[P=100 try=1176859 kill=303125 26%]
DEATH sh8 liveend=0 estate=6410593 reach=4219336 dyn=348059 flow=0 geom=908706
PDEV sh8 try=0 kill=0 (0.0%) BJ try=97065 kill=18890 nodes=1048576
ADAPT sh8 rp[P=8192 try=12515 kill=1461 12%] pd[P=156 try=1094611 kill=288083 26%]
DEATH sh15 liveend=0 estate=4591957 reach=3036783 dyn=365016 flow=0 geom=647519
PDEV sh15 try=0 kill=0 (0.0%) BJ try=70878 kill=9278 nodes=2097152
ADAPT sh15 rp[P=8192 try=18657 kill=2930 16%] pd[P=8192 try=448741 kill=111893 25%]
T3[t=3389s] shard13 r1 #27 cell=(47,57) sc=50275 nodes=3000001 r=-1
T3[t=3390s] shard6 r0 #59 cell=(14,59) sc=50267 nodes=2320382 r=0
DEATH sh2 liveend=0 estate=6079890 reach=3947720 dyn=358090 flow=0 geom=830017
PDEV sh2 try=0 kill=0 (0.0%) BJ try=93300 kill=18495 nodes=1048576
ADAPT sh2 rp[P=5794 try=11354 kill=1273 11%] pd[P=8192 try=1030065 kill=284747 28%]
T3[t=3402s] shard12 r0 #68 cell=(201,68) sc=50277 nodes=686200 r=0
DEATH sh3 liveend=0 estate=5011458 reach=3394499 dyn=267578 flow=0 geom=776141
PDEV sh3 try=0 kill=0 (0.0%) BJ try=74202 kill=12315 nodes=2097152
ADAPT sh3 rp[P=8192 try=25180 kill=4125 16%] pd[P=24 try=667159 kill=158264 24%]
T3[t=3409s] shard12 r0 #69 cell=(32,69) sc=50269 nodes=51787 r=0
DEATH sh11 liveend=0 estate=6613281 reach=4390375 dyn=338780 flow=0 geom=950069
PDEV sh11 try=0 kill=0 (0.0%) BJ try=100622 kill=19958 nodes=1048576
ADAPT sh11 rp[P=8192 try=11442 kill=1206 11%] pd[P=66 try=1153957 kill=306919 27%]
DEATH sh4 liveend=0 estate=6410824 reach=4211281 dyn=354868 flow=0 geom=906173
PDEV sh4 try=0 kill=0 (0.0%) BJ try=97112 kill=18531 nodes=1048576
ADAPT sh4 rp[P=8192 try=13282 kill=1606 12%] pd[P=74 try=1102090 kill=288882 26%]
T3[t=3415s] shard10 r1 #21 cell=(35,69) sc=50259 nodes=3000001 r=-1
DEATH sh7 liveend=0 estate=6555866 reach=4378794 dyn=352721 flow=0 geom=957098
PDEV sh7 try=0 kill=0 (0.0%) BJ try=100064 kill=21032 nodes=1048576
ADAPT sh7 rp[P=8192 try=19618 kill=2736 14%] pd[P=44 try=1074240 kill=283446 26%]
DEATH sh14 liveend=0 estate=6383061 reach=4201051 dyn=359653 flow=0 geom=905703
PDEV sh14 try=0 kill=0 (0.0%) BJ try=96739 kill=18689 nodes=1048576
ADAPT sh14 rp[P=5201 try=10382 kill=1047 10%] pd[P=71 try=1107783 kill=294309 27%]
DEATH sh1 liveend=0 estate=6465924 reach=4304520 dyn=348787 flow=0 geom=939782
PDEV sh1 try=0 kill=0 (0.0%) BJ try=98485 kill=18756 nodes=2097152
ADAPT sh1 rp[P=5527 try=11733 kill=1299 11%] pd[P=71 try=1093975 kill=284880 26%]
T3[t=3436s] shard0 r0 #41 cell=(31,44) sc=50273 nodes=3000001 r=-1
DEATH sh5 liveend=0 estate=6808460 reach=4556073 dyn=321188 flow=0 geom=1008847
PDEV sh5 try=0 kill=0 (0.0%) BJ try=102791 kill=20188 nodes=2097152
ADAPT sh5 rp[P=8192 try=10369 kill=986 10%] pd[P=26 try=1206003 kill=311533 26%]
DEATH sh9 liveend=0 estate=4676022 reach=3064680 dyn=399526 flow=0 geom=642274
PDEV sh9 try=0 kill=0 (0.0%) BJ try=72334 kill=8655 nodes=2097152
ADAPT sh9 rp[P=8192 try=10457 kill=1392 13%] pd[P=8192 try=431177 kill=108303 25%]
DEATH sh8 liveend=0 estate=6551142 reach=4312897 dyn=351257 flow=0 geom=929670
PDEV sh8 try=0 kill=0 (0.0%) BJ try=99162 kill=19452 nodes=2097152
ADAPT sh8 rp[P=8192 try=13082 kill=1547 12%] pd[P=80 try=1123265 kill=296333 26%]
T3[t=3452s] shard12 r0 #70 cell=(206,69) sc=50271 nodes=474155 r=0
DEATH sh6 liveend=0 estate=4963279 reach=3333834 dyn=319918 flow=0 geom=745494
PDEV sh6 try=0 kill=0 (0.0%) BJ try=73831 kill=10546 nodes=1048576
ADAPT sh6 rp[P=8192 try=20508 kill=3250 16%] pd[P=178 try=565059 kill=129378 23%]
T3[t=3455s] shard3 r0 #58 cell=(51,56) sc=50265 nodes=3000001 r=-1
DEATH sh4 liveend=0 estate=6557580 reach=4312050 dyn=354868 flow=0 geom=930792
PDEV sh4 try=0 kill=0 (0.0%) BJ try=99209 kill=19011 nodes=2097152
ADAPT sh4 rp[P=8192 try=13462 kill=1620 12%] pd[P=61 try=1136333 kill=297236 26%]
T3[t=3462s] shard3 r0 #59 cell=(215,58) sc=50266 nodes=67580 r=0
DEATH sh13 liveend=0 estate=6174966 reach=4032481 dyn=371019 flow=0 geom=847329
PDEV sh13 try=0 kill=0 (0.0%) BJ try=95358 kill=18543 nodes=1048576
ADAPT sh13 rp[P=8192 try=11541 kill=1299 11%] pd[P=50 try=1015319 kill=282937 28%]
DEATH sh14 liveend=0 estate=6529532 reach=4301465 dyn=359653 flow=0 geom=930108
PDEV sh14 try=0 kill=0 (0.0%) BJ try=98836 kill=19184 nodes=2097152
ADAPT sh14 rp[P=8192 try=10560 kill=1059 10%] pd[P=54 try=1141657 kill=302627 27%]
DEATH sh10 liveend=0 estate=6820577 reach=4571546 dyn=352435 flow=0 geom=1010346
PDEV sh10 try=0 kill=0 (0.0%) BJ try=103550 kill=19485 nodes=1048576
ADAPT sh10 rp[P=8192 try=11308 kill=1163 10%] pd[P=98 try=1176514 kill=300989 26%]
T3[t=3477s] shard15 r0 #60 cell=(34,45) sc=50266 nodes=3000001 r=-1
T3[t=3480s] shard1 r1 #10 cell=(31,57) sc=50267 nodes=3000001 r=-1
DEATH sh11 liveend=0 estate=6753129 reach=4483548 dyn=341844 flow=0 geom=970836
PDEV sh11 try=0 kill=0 (0.0%) BJ try=102719 kill=20477 nodes=2097152
ADAPT sh11 rp[P=8192 try=11636 kill=1223 11%] pd[P=121 try=1183664 kill=315488 27%]
T3[t=3486s] shard3 r0 #60 cell=(23,60) sc=50269 nodes=222710 r=0
T3[t=3488s] shard5 r1 #16 cell=(39,67) sc=50263 nodes=3000001 r=-1
DEATH sh7 liveend=0 estate=6695765 reach=4471770 dyn=355665 flow=0 geom=977893
PDEV sh7 try=0 kill=0 (0.0%) BJ try=102161 kill=21559 nodes=2097152
ADAPT sh7 rp[P=8192 try=19841 kill=2762 14%] pd[P=107 try=1104238 kill=292065 26%]
T3[t=3505s] shard4 r1 #30 cell=(49,59) sc=50268 nodes=3000001 r=-1
DEATH sh2 liveend=0 estate=6207577 reach=4011857 dyn=387153 flow=0 geom=837961
PDEV sh2 try=0 kill=0 (0.0%) BJ try=95397 kill=18519 nodes=2097152
ADAPT sh2 rp[P=8192 try=11546 kill=1291 11%] pd[P=8192 try=1030182 kill=284747 28%]
T3[t=3508s] shard2 r0 #73 cell=(35,68) sc=50266 nodes=2124424 r=0
DEATH sh8 liveend=0 estate=6691011 reach=4406024 dyn=354099 flow=0 geom=950543
PDEV sh8 try=0 kill=0 (0.0%) BJ try=101259 kill=20044 nodes=3145728
ADAPT sh8 rp[P=1372 try=13961 kill=1694 12%] pd[P=74 try=1150064 kill=303938 26%]
T3[t=3514s] shard2 r0 #74 cell=(204,69) sc=50270 nodes=44235 r=0
DEATH sh13 liveend=0 estate=6318780 reach=4141486 dyn=371019 flow=0 geom=874800
PDEV sh13 try=0 kill=0 (0.0%) BJ try=97455 kill=19009 nodes=2097152
ADAPT sh13 rp[P=8192 try=11726 kill=1316 11%] pd[P=60 try=1045835 kill=290448 28%]
T3[t=3516s] shard14 r1 #7 cell=(42,64) sc=50267 nodes=3000001 r=-1
T3[t=3522s] shard2 r0 #75 cell=(200,75) sc=50270 nodes=40880 r=0
T3[t=3526s] shard2 r0 #76 cell=(219,96) sc=50268 nodes=54857 r=0
T3[t=3530s] shard2 r0 #77 cell=(6,127) sc=50265 nodes=33314 r=0
DEATH sh6 liveend=0 estate=5104120 reach=3430731 dyn=322215 flow=0 geom=768402
PDEV sh6 try=0 kill=0 (0.0%) BJ try=75928 kill=11026 nodes=2097152
ADAPT sh6 rp[P=8192 try=20685 kill=3264 16%] pd[P=24 try=595363 kill=137696 23%]
T3[t=3532s] shard9 r0 #60 cell=(26,51) sc=50275 nodes=3000001 r=-1
T3[t=3535s] shard11 r1 #39 cell=(41,57) sc=50254 nodes=3000001 r=-1
DEATH sh10 liveend=0 estate=6957189 reach=4666568 dyn=355419 flow=0 geom=1031829
PDEV sh10 try=0 kill=0 (0.0%) BJ try=105647 kill=20003 nodes=2097152
ADAPT sh10 rp[P=8192 try=11491 kill=1177 10%] pd[P=106 try=1205679 kill=309255 26%]
T3[t=3543s] shard7 r1 #33 cell=(47,69) sc=50254 nodes=3000001 r=-1
T3[t=3543s] shard13 r1 #34 cell=(47,60) sc=50269 nodes=3000001 r=-1
DEATH sh0 liveend=0 estate=5166212 reach=3473334 dyn=306623 flow=0 geom=786715
PDEV sh0 try=0 kill=0 (0.0%) BJ try=76621 kill=11327 nodes=1048576
ADAPT sh0 rp[P=6957 try=21466 kill=3418 16%] pd[P=8192 try=621444 kill=145007 23%]
T3[t=3546s] shard2 r0 #78 cell=(14,37) sc=50269 nodes=153893 r=0
T3[t=3548s] shard3 r0 #61 cell=(14,61) sc=50274 nodes=588100 r=0
DEATH sh1 liveend=0 estate=6737437 reach=4488973 dyn=349447 flow=0 geom=983963
PDEV sh1 try=0 kill=0 (0.0%) BJ try=102388 kill=19745 nodes=1048576
ADAPT sh1 rp[P=8192 try=12118 kill=1334 11%] pd[P=50 try=1156276 kill=301089 26%]
DEATH sh12 liveend=0 estate=4871353 reach=3237157 dyn=393510 flow=0 geom=691137
PDEV sh12 try=0 kill=0 (0.0%) BJ try=73279 kill=8575 nodes=1048576
ADAPT sh12 rp[P=5201 try=28863 kill=4751 16%] pd[P=8192 try=407121 kill=87444 21%]
T3[t=3562s] shard2 r0 #79 cell=(30,41) sc=50265 nodes=154077 r=0
DEATH sh4 liveend=0 estate=6824287 reach=4492030 dyn=357158 flow=0 geom=973168
PDEV sh4 try=0 kill=0 (0.0%) BJ try=103112 kill=19979 nodes=1048576
ADAPT sh4 rp[P=8192 try=14174 kill=1722 12%] pd[P=156 try=1195697 kill=312929 26%]
DEATH sh8 liveend=0 estate=6830039 reach=4499585 dyn=354490 flow=0 geom=972086
PDEV sh8 try=0 kill=0 (0.0%) BJ try=103356 kill=20601 nodes=4194304
ADAPT sh8 rp[P=8192 try=14199 kill=1716 12%] pd[P=83 try=1181545 kill=312943 26%]
T3[t=3574s] shard3 r0 #62 cell=(170,61) sc=50267 nodes=255781 r=0
T3[t=3581s] shard6 r0 #60 cell=(51,60) sc=50273 nodes=3000001 r=-1
T3[t=3583s] shard2 r0 #80 cell=(28,47) sc=50273 nodes=203105 r=0
DEATH sh15 liveend=0 estate=4828454 reach=3182324 dyn=399594 flow=0 geom=673501
PDEV sh15 try=0 kill=0 (0.0%) BJ try=74781 kill=9364 nodes=1048576
ADAPT sh15 rp[P=6957 try=19258 kill=3023 16%] pd[P=8192 try=448974 kill=111896 25%]
DEATH sh14 liveend=0 estate=6796227 reach=4481750 dyn=362377 flow=0 geom=972544
PDEV sh14 try=0 kill=0 (0.0%) BJ try=102739 kill=20166 nodes=1048576
ADAPT sh14 rp[P=8192 try=11032 kill=1110 10%] pd[P=30 try=1200702 kill=318303 27%]
T3[t=3594s] shard3 r0 #63 cell=(19,62) sc=50268 nodes=200706 r=0
T3[t=3597s] shard8 r2 #10 cell=(50,58) sc=50269 nodes=4558736 r=0
T3[t=3597s] shard10 r1 #44 cell=(51,54) sc=50278 nodes=3000001 r=-1
DEATH sh5 liveend=0 estate=7226725 reach=4841745 dyn=321552 flow=0 geom=1077764
PDEV sh5 try=0 kill=0 (0.0%) BJ try=108791 kill=21649 nodes=2097152
ADAPT sh5 rp[P=8192 try=10911 kill=1035 9%] pd[P=56 try=1303769 kill=336540 26%]
DEATH sh13 liveend=0 estate=6573566 reach=4322829 dyn=373310 flow=0 geom=918686
PDEV sh13 try=0 kill=0 (0.0%) BJ try=101358 kill=19953 nodes=1048576
ADAPT sh13 rp[P=7957 try=12023 kill=1333 11%] pd[P=90 try=1096054 kill=303580 28%]
DEATH sh1 liveend=0 estate=6886515 reach=4590573 dyn=349447 flow=0 geom=1008992
PDEV sh1 try=0 kill=0 (0.0%) BJ try=104485 kill=20225 nodes=2097152
ADAPT sh1 rp[P=8192 try=12308 kill=1351 11%] pd[P=129 try=1191105 kill=309576 26%]
DEATH sh11 liveend=0 estate=7025004 reach=4667937 dyn=343974 flow=0 geom=1014510
PDEV sh11 try=0 kill=0 (0.0%) BJ try=106622 kill=21463 nodes=1048576
ADAPT sh11 rp[P=8192 try=12011 kill=1257 10%] pd[P=74 try=1245521 kill=331754 27%]
DEATH sh7 liveend=0 estate=6954492 reach=4645893 dyn=358042 flow=0 geom=1017755
PDEV sh7 try=0 kill=0 (0.0%) BJ try=106064 kill=22565 nodes=1048576
ADAPT sh7 rp[P=8192 try=20255 kill=2809 14%] pd[P=30 try=1160400 kill=308117 27%]
T3[t=3608s] shard12 r0 #71 cell=(53,70) sc=50269 nodes=1564652 r=0
T3[t=3611s] shard3 r0 #64 cell=(241,62) sc=50272 nodes=174582 r=0
T3[t=3621s] shard2 r0 #81 cell=(12,63) sc=50265 nodes=356066 r=0
T3[t=3624s] shard2 r0 #82 cell=(14,71) sc=50258 nodes=32934 r=0
T3[t=3627s] shard2 r0 #83 cell=(210,89) sc=50274 nodes=35979 r=0
T3[t=3632s] shard2 r0 #84 cell=(49,64) sc=50264 nodes=48554 r=0
T3[t=3637s] shard2 r0 #85 cell=(21,82) sc=50268 nodes=47499 r=0
DEATH sh9 liveend=0 estate=4912670 reach=3210239 dyn=434141 flow=0 geom=668318
PDEV sh9 try=0 kill=0 (0.0%) BJ try=76237 kill=8732 nodes=1048576
ADAPT sh9 rp[P=6957 try=10997 kill=1469 13%] pd[P=8192 try=431409 kill=108306 25%]
DEATH sh4 liveend=0 estate=6964836 reach=4585591 dyn=360356 flow=0 geom=994132
PDEV sh4 try=0 kill=0 (0.0%) BJ try=105209 kill=20541 nodes=2097152
ADAPT sh4 rp[P=8192 try=14741 kill=1808 12%] pd[P=80 try=1224351 kill=321179 26%]
T3[t=3643s] shard2 r0 #86 cell=(28,101) sc=50269 nodes=60875 r=0
T3[t=3644s] shard1 r1 #14 cell=(46,64) sc=50272 nodes=3000001 r=-1
T3[t=3647s] shard5 r1 #30 cell=(50,56) sc=50271 nodes=3000001 r=-1
T3[t=3649s] shard2 r0 #87 cell=(196,75) sc=50274 nodes=47699 r=0
sweep shard2 round0 done (budget 3000000)
DEATH sh0 liveend=0 estate=5293816 reach=3551096 dyn=325389 flow=0 geom=800607
PDEV sh0 try=0 kill=0 (0.0%) BJ try=78718 kill=11360 nodes=2097152
ADAPT sh0 rp[P=8192 try=21731 kill=3454 16%] pd[P=8192 try=621566 kill=145010 23%]
DEATH sh11 liveend=0 estate=7171784 reach=4768720 dyn=343974 flow=0 geom=1039107
PDEV sh11 try=0 kill=0 (0.0%) BJ try=108719 kill=21934 nodes=2097152
ADAPT sh11 rp[P=8192 try=12192 kill=1271 10%] pd[P=61 try=1279807 kill=340138 27%]
DEATH sh10 liveend=0 estate=7213632 reach=4844246 dyn=359416 flow=0 geom=1072765
PDEV sh10 try=0 kill=0 (0.0%) BJ try=109550 kill=21016 nodes=1048576
ADAPT sh10 rp[P=8192 try=11818 kill=1202 10%] pd[P=44 try=1261408 kill=325102 26%]
DEATH sh8 liveend=0 estate=7030112 reach=4635571 dyn=357330 flow=0 geom=1004296
PDEV sh8 try=0 kill=0 (0.0%) BJ try=106182 kill=21267 nodes=1048576
ADAPT sh8 rp[P=8192 try=14862 kill=1815 12%] pd[P=30 try=1225555 kill=324063 26%]
DEATH sh7 liveend=0 estate=7094685 reach=4739709 dyn=360229 flow=0 geom=1039086
PDEV sh7 try=0 kill=0 (0.0%) BJ try=108161 kill=23095 nodes=2097152
ADAPT sh7 rp[P=8192 try=20433 kill=2823 14%] pd[P=180 try=1191821 kill=317111 27%]
T3[t=3690s] shard4 r1 #31 cell=(51,61) sc=50271 nodes=3000001 r=-1
DEATH sh15 liveend=0 estate=4956058 reach=3260086 dyn=418360 flow=0 geom=687393
PDEV sh15 try=0 kill=0 (0.0%) BJ try=76878 kill=9397 nodes=2097152
ADAPT sh15 rp[P=8192 try=19523 kill=3059 16%] pd[P=8192 try=449096 kill=111899 25%]
DEATH sh6 liveend=0 estate=5351609 reach=3592841 dyn=341135 flow=0 geom=802586
PDEV sh6 try=0 kill=0 (0.0%) BJ try=79831 kill=11487 nodes=1048576
ADAPT sh6 rp[P=4679 try=21145 kill=3323 16%] pd[P=8192 try=622674 kill=145222 23%]
T3[t=3699s] shard11 r1 #40 cell=(45,65) sc=50264 nodes=3000001 r=-1
T3[t=3710s] shard14 r1 #10 cell=(37,69) sc=50257 nodes=3000001 r=-1
DEATH sh12 liveend=0 estate=5066883 reach=3359752 dyn=416885 flow=0 geom=714969
PDEV sh12 try=0 kill=0 (0.0%) BJ try=76408 kill=8752 nodes=1048576
ADAPT sh12 rp[P=5046 try=30243 kill=4984 16%] pd[P=131 try=411751 kill=88378 21%]
T3[t=3716s] shard15 r0 #61 cell=(23,48) sc=50277 nodes=2310830 r=0
DEATH sh5 liveend=0 estate=7507742 reach=5034740 dyn=321918 flow=0 geom=1125148
PDEV sh5 try=0 kill=0 (0.0%) BJ try=112694 kill=22645 nodes=1048576
ADAPT sh5 rp[P=6739 try=11591 kill=1129 10%] pd[P=26 try=1370788 kill=353011 26%]
DEATH sh10 liveend=0 estate=7350193 reach=4938658 dyn=362666 flow=0 geom=1094049
PDEV sh10 try=0 kill=0 (0.0%) BJ try=111647 kill=21526 nodes=2097152
ADAPT sh10 rp[P=8192 try=11987 kill=1214 10%] pd[P=52 try=1290270 kill=333242 26%]
DEATH sh3 liveend=0 estate=5445849 reach=3671946 dyn=312886 flow=0 geom=831200
PDEV sh3 try=0 kill=0 (0.0%) BJ try=81122 kill=12848 nodes=1048576
ADAPT sh3 rp[P=8192 try=25921 kill=4207 16%] pd[P=7369 try=694657 kill=165800 24%]
T3[t=3721s] shard15 r0 #62 cell=(251,48) sc=50276 nodes=56483 r=0
DEATH sh8 liveend=0 estate=7179479 reach=4737162 dyn=357330 flow=0 geom=1029207
PDEV sh8 try=0 kill=0 (0.0%) BJ try=108279 kill=21759 nodes=2097152
ADAPT sh8 rp[P=4895 try=15036 kill=1829 12%] pd[P=71 try=1260556 kill=332664 26%]
DEATH sh1 liveend=0 estate=7149382 reach=4766963 dyn=353719 flow=0 geom=1049141
PDEV sh1 try=0 kill=0 (0.0%) BJ try=108388 kill=21169 nodes=1048576
ADAPT sh1 rp[P=8192 try=12882 kill=1426 11%] pd[P=66 try=1246556 kill=324117 26%]
T3[t=3728s] shard13 r1 #46 cell=(45,62) sc=50272 nodes=3000001 r=-1
T3[t=3734s] shard7 r1 #35 cell=(39,65) sc=50266 nodes=3000001 r=-1
T3[t=3744s] shard0 r0 #42 cell=(23,46) sc=50272 nodes=3000001 r=-1
DEATH sh9 liveend=0 estate=5040277 reach=3287997 dyn=452905 flow=0 geom=682210
PDEV sh9 try=0 kill=0 (0.0%) BJ try=78334 kill=8765 nodes=2097152
ADAPT sh9 rp[P=8192 try=11262 kill=1505 13%] pd[P=8192 try=431531 kill=108309 25%]
DEATH sh11 liveend=0 estate=7439236 reach=4950026 dyn=344858 flow=0 geom=1082157
PDEV sh11 try=0 kill=0 (0.0%) BJ try=112622 kill=22908 nodes=1048576
ADAPT sh11 rp[P=7369 try=12529 kill=1301 10%] pd[P=122 try=1341590 kill=356544 27%]
DEATH sh5 liveend=0 estate=7654293 reach=5135101 dyn=321918 flow=0 geom=1149650
PDEV sh5 try=0 kill=0 (0.0%) BJ try=114791 kill=23130 nodes=2097152
ADAPT sh5 rp[P=8192 try=11791 kill=1148 10%] pd[P=142 try=1405176 kill=361485 26%]
DEATH sh8 liveend=0 estate=7325560 reach=4837270 dyn=357330 flow=0 geom=1053184
PDEV sh8 try=0 kill=0 (0.0%) BJ try=110376 kill=22243 nodes=3145728
ADAPT sh8 rp[P=8192 try=15204 kill=1838 12%] pd[P=202 try=1294080 kill=340768 26%]
T3[t=3766s] shard15 r0 #63 cell=(191,54) sc=50266 nodes=493693 r=0
DEATH sh4 liveend=0 estate=7236523 reach=4769810 dyn=361998 flow=0 geom=1037860
PDEV sh4 try=0 kill=0 (0.0%) BJ try=109112 kill=21502 nodes=1048576
ADAPT sh4 rp[P=8192 try=15375 kill=1890 12%] pd[P=50 try=1286401 kill=337297 26%]
T3[t=3767s] shard9 r0 #61 cell=(35,52) sc=50272 nodes=2310812 r=0
DEATH sh2 liveend=0 estate=6646915 reach=4281080 dyn=427922 flow=0 geom=889860
PDEV sh2 try=0 kill=0 (0.0%) BJ try=102265 kill=19652 nodes=2097152
ADAPT sh2 rp[P=8192 try=12208 kill=1354 11%] pd[P=80 try=1086648 kill=300534 28%]
T3[t=3774s] shard9 r0 #62 cell=(100,53) sc=50259 nodes=38892 r=0
T3[t=3779s] shard10 r1 #51 cell=(37,64) sc=50263 nodes=3000001 r=-1
T3[t=3781s] shard9 r0 #63 cell=(35,54) sc=50263 nodes=49739 r=0
DEATH sh14 liveend=0 estate=7209046 reach=4760306 dyn=366063 flow=0 geom=1037825
PDEV sh14 try=0 kill=0 (0.0%) BJ try=108739 kill=21704 nodes=1048576
ADAPT sh14 rp[P=8192 try=11659 kill=1175 10%] pd[P=74 try=1293671 kill=343571 27%]
T3[t=3784s] shard6 r0 #61 cell=(27,62) sc=50267 nodes=1935684 r=0
DEATH sh7 liveend=0 estate=7351118 reach=4914789 dyn=363585 flow=0 geom=1079257
PDEV sh7 try=0 kill=0 (0.0%) BJ try=112064 kill=24065 nodes=1048576
ADAPT sh7 rp[P=8192 try=20738 kill=2843 14%] pd[P=98 try=1247173 kill=332868 27%]
DEATH sh1 liveend=0 estate=7289874 reach=4860762 dyn=356547 flow=0 geom=1070269
PDEV sh1 try=0 kill=0 (0.0%) BJ try=110485 kill=21734 nodes=2097152
ADAPT sh1 rp[P=8192 try=13187 kill=1467 11%] pd[P=35 try=1275907 kill=332564 26%]
DEATH sh12 liveend=0 estate=5223012 reach=3481504 dyn=416885 flow=0 geom=742680
PDEV sh12 try=0 kill=0 (0.0%) BJ try=78505 kill=9202 nodes=2097152
ADAPT sh12 rp[P=2828 try=38452 kill=6471 17%] pd[P=66 try=433896 kill=92613 21%]
DEATH sh13 liveend=0 estate=6969651 reach=4596743 dyn=384631 flow=0 geom=980849
PDEV sh13 try=0 kill=0 (0.0%) BJ try=107358 kill=21384 nodes=1048576
ADAPT sh13 rp[P=8192 try=12753 kill=1422 11%] pd[P=50 try=1175886 kill=325471 28%]
T3[t=3811s] shard5 r1 #33 cell=(52,68) sc=50269 nodes=3000001 r=-1
T3[t=3813s] shard3 r0 #65 cell=(27,64) sc=50258 nodes=1935835 r=0
DEATH sh4 liveend=0 estate=7385598 reach=4871411 dyn=361998 flow=0 geom=1062882
PDEV sh4 try=0 kill=0 (0.0%) BJ try=111209 kill=21981 nodes=2097152
ADAPT sh4 rp[P=8192 try=15565 kill=1907 12%] pd[P=129 try=1321230 kill=345781 26%]
T3[t=3820s] shard3 r0 #66 cell=(99,64) sc=50266 nodes=33339 r=0
DEATH sh14 liveend=0 estate=7355830 reach=4861092 dyn=366063 flow=0 geom=1062423
PDEV sh14 try=0 kill=0 (0.0%) BJ try=110836 kill=22175 nodes=2097152
ADAPT sh14 rp[P=8192 try=11840 kill=1189 10%] pd[P=61 try=1327957 kill=351955 27%]
T3[t=3829s] shard2 r1 #0 cell=(40,59) sc=50269 nodes=3000001 r=-1
DEATH sh11 liveend=0 estate=7580005 reach=5043508 dyn=347930 flow=0 geom=1103321
PDEV sh11 try=0 kill=0 (0.0%) BJ try=114719 kill=23479 nodes=2097152
ADAPT sh11 rp[P=8192 try=12800 kill=1335 10%] pd[P=26 try=1370487 kill=364894 27%]
DEATH sh8 liveend=0 estate=7477497 reach=4940923 dyn=358638 flow=0 geom=1078423
PDEV sh8 try=0 kill=0 (0.0%) BJ try=112473 kill=22717 nodes=4194304
ADAPT sh8 rp[P=822 try=15401 kill=1863 12%] pd[P=38 try=1329759 kill=349442 26%]
DEATH sh10 liveend=0 estate=7612388 reach=5126519 dyn=366394 flow=0 geom=1138037
PDEV sh10 try=0 kill=0 (0.0%) BJ try=115550 kill=22484 nodes=1048576
ADAPT sh10 rp[P=8192 try=12335 kill=1246 10%] pd[P=58 try=1347725 kill=348656 26%]
T3[t=3849s] shard1 r1 #31 cell=(34,68) sc=50262 nodes=3000001 r=-1
DEATH sh0 liveend=0 estate=5529965 reach=3695860 dyn=360361 flow=0 geom=826205
PDEV sh0 try=0 kill=0 (0.0%) BJ try=82621 kill=11434 nodes=1048576
ADAPT sh0 rp[P=6957 try=22350 kill=3550 16%] pd[P=8192 try=621813 kill=145018 23%]
DEATH sh13 liveend=0 estate=7113465 reach=4705748 dyn=384631 flow=0 geom=1008320
PDEV sh13 try=0 kill=0 (0.0%) BJ try=109455 kill=21850 nodes=2097152
ADAPT sh13 rp[P=8192 try=12938 kill=1439 11%] pd[P=60 try=1206402 kill=332982 28%]
T3[t=3856s] shard4 r1 #37 cell=(39,63) sc=50275 nodes=3000001 r=-1
DEATH sh7 liveend=0 estate=7488415 reach=5010019 dyn=366831 flow=0 geom=1100892
PDEV sh7 try=0 kill=0 (0.0%) BJ try=114161 kill=24629 nodes=2097152
ADAPT sh7 rp[P=8192 try=20970 kill=2869 14%] pd[P=161 try=1275132 kill=340740 27%]
DEATH sh15 liveend=0 estate=5184615 reach=3402842 dyn=445540 flow=0 geom=715152
PDEV sh15 try=0 kill=0 (0.0%) BJ try=80501 kill=9583 nodes=1048576
ADAPT sh15 rp[P=327 try=20516 kill=3221 16%] pd[P=132 try=453412 kill=112734 25%]
T3[t=3874s] shard14 r1 #18 cell=(42,62) sc=50273 nodes=3000001 r=-1
DEATH sh5 liveend=0 estate=7921087 reach=5315322 dyn=324206 flow=0 geom=1192006
PDEV sh5 try=0 kill=0 (0.0%) BJ try=118694 kill=24107 nodes=1048576
ADAPT sh5 rp[P=8192 try=12537 kill=1259 10%] pd[P=156 try=1464475 kill=377170 26%]
T3[t=3882s] shard12 r0 #72 cell=(44,71) sc=50267 nodes=3000001 r=-1
T3[t=3883s] shard13 r1 #48 cell=(41,64) sc=50270 nodes=3000001 r=-1
T3[t=3886s] shard11 r1 #49 cell=(38,64) sc=50264 nodes=3000001 r=-1
DEATH sh9 liveend=0 estate=5203555 reach=3388094 dyn=477738 flow=0 geom=699809
PDEV sh9 try=0 kill=0 (0.0%) BJ try=81034 kill=8822 nodes=1048576
ADAPT sh9 rp[P=7369 try=11669 kill=1565 13%] pd[P=8192 try=431691 kill=108310 25%]
DEATH sh10 liveend=0 estate=7756016 reach=5234151 dyn=366394 flow=0 geom=1165192
PDEV sh10 try=0 kill=0 (0.0%) BJ try=117647 kill=22993 nodes=2097152
ADAPT sh10 rp[P=8192 try=12491 kill=1254 10%] pd[P=172 try=1377715 kill=355983 26%]
DEATH sh6 liveend=0 estate=5586183 reach=3736844 dyn=375494 flow=0 geom=828215
PDEV sh6 try=0 kill=0 (0.0%) BJ try=83702 kill=11560 nodes=1048576
ADAPT sh6 rp[P=8192 try=21691 kill=3403 16%] pd[P=8192 try=622901 kill=145225 23%]
DEATH sh2 liveend=0 estate=6905983 reach=4453401 dyn=433227 flow=0 geom=928384
PDEV sh2 try=0 kill=0 (0.0%) BJ try=106168 kill=20664 nodes=1048576
ADAPT sh2 rp[P=8192 try=12859 kill=1440 11%] pd[P=66 try=1139314 kill=315491 28%]
DEATH sh1 liveend=0 estate=7547800 reach=5033717 dyn=358834 flow=0 geom=1109826
PDEV sh1 try=0 kill=0 (0.0%) BJ try=114388 kill=22733 nodes=1048576
ADAPT sh1 rp[P=8192 try=13878 kill=1563 11%] pd[P=156 try=1331403 kill=348412 26%]
DEATH sh8 liveend=0 estate=7629990 reach=5046196 dyn=358638 flow=0 geom=1104299
PDEV sh8 try=0 kill=0 (0.0%) BJ try=114570 kill=23212 nodes=5242880
ADAPT sh8 rp[P=8192 try=15667 kill=1890 12%] pd[P=47 try=1366944 kill=358441 26%]
T3[t=3916s] shard7 r1 #50 cell=(49,58) sc=50279 nodes=3000001 r=-1
T3[t=3917s] shard10 r1 #52 cell=(46,65) sc=50263 nodes=3000001 r=-1
DEATH sh4 liveend=0 estate=7652712 reach=5060778 dyn=364729 flow=0 geom=1108013
PDEV sh4 try=0 kill=0 (0.0%) BJ try=115112 kill=22941 nodes=1048576
ADAPT sh4 rp[P=8192 try=15907 kill=1936 12%] pd[P=98 try=1379949 kill=360127 26%]
DEATH sh3 liveend=0 estate=5684855 reach=3819020 dyn=348462 flow=0 geom=856994
PDEV sh3 try=0 kill=0 (0.0%) BJ try=85059 kill=12920 nodes=1048576
ADAPT sh3 rp[P=6177 try=26533 kill=4300 16%] pd[P=8192 try=694903 kill=165807 24%]
T3[t=3941s] shard6 r0 #62 cell=(24,63) sc=50260 nodes=1533586 r=0
DEATH sh11 liveend=0 estate=7835154 reach=5216337 dyn=352537 flow=0 geom=1142404
PDEV sh11 try=0 kill=0 (0.0%) BJ try=118622 kill=24451 nodes=1048576
ADAPT sh11 rp[P=8192 try=13097 kill=1353 10%] pd[P=98 try=1424419 kill=380270 27%]
T3[t=3946s] shard6 r0 #63 cell=(198,63) sc=50259 nodes=35268 r=0
DEATH sh5 liveend=0 estate=8061628 reach=5408891 dyn=327404 flow=0 geom=1212970
PDEV sh5 try=0 kill=0 (0.0%) BJ try=120791 kill=24669 nodes=2097152
ADAPT sh5 rp[P=8192 try=13104 kill=1345 10%] pd[P=80 try=1493129 kill=385420 26%]
DEATH sh14 liveend=0 estate=7618860 reach=5035569 dyn=372776 flow=0 geom=1102342
PDEV sh14 try=0 kill=0 (0.0%) BJ try=114739 kill=23028 nodes=1048576
ADAPT sh14 rp[P=8192 try=12177 kill=1217 10%] pd[P=179 try=1382934 kill=366451 26%]
T3[t=3950s] shard8 r2 #16 cell=(42,66) sc=50277 nodes=6000001 r=-1
DEATH sh13 liveend=0 estate=7366686 reach=4882963 dyn=390912 flow=0 geom=1050145
PDEV sh13 try=0 kill=0 (0.0%) BJ try=113358 kill=22711 nodes=1048576
ADAPT sh13 rp[P=8192 try=13260 kill=1461 11%] pd[P=37 try=1253473 kill=345236 28%]
DEATH sh0 liveend=0 estate=5657569 reach=3773622 dyn=379127 flow=0 geom=840097
PDEV sh0 try=0 kill=0 (0.0%) BJ try=84718 kill=11467 nodes=2097152
ADAPT sh0 rp[P=8192 try=22615 kill=3586 16%] pd[P=8192 try=621935 kill=145021 23%]
DEATH sh15 liveend=0 estate=5340816 reach=3523157 dyn=445540 flow=0 geom=742542
PDEV sh15 try=0 kill=0 (0.0%) BJ try=82598 kill=10019 nodes=2097152
ADAPT sh15 rp[P=148 try=29962 kill=4933 16%] pd[P=35 try=473756 kill=116605 25%]
DEATH sh2 liveend=0 estate=7045831 reach=4546574 dyn=436291 flow=0 geom=949151
PDEV sh2 try=0 kill=0 (0.0%) BJ try=108265 kill=21183 nodes=2097152
ADAPT sh2 rp[P=8192 try=13053 kill=1457 11%] pd[P=121 try=1169021 kill=324060 28%]
DEATH sh4 liveend=0 estate=7793878 reach=5165980 dyn=364729 flow=0 geom=1134643
PDEV sh4 try=0 kill=0 (0.0%) BJ try=117209 kill=23440 nodes=2097152
ADAPT sh4 rp[P=7830 try=16079 kill=1948 12%] pd[P=26 try=1410140 kill=367352 26%]
DEATH sh10 liveend=0 estate=8013851 reach=5425378 dyn=366880 flow=0 geom=1212827
PDEV sh10 try=0 kill=0 (0.0%) BJ try=121550 kill=23871 nodes=1048576
ADAPT sh10 rp[P=7369 try=13090 kill=1329 10%] pd[P=161 try=1431013 kill=368716 26%]
DEATH sh1 liveend=0 estate=7688367 reach=5127285 dyn=362032 flow=0 geom=1130793
PDEV sh1 try=0 kill=0 (0.0%) BJ try=116485 kill=23295 nodes=2097152
ADAPT sh1 rp[P=8192 try=14445 kill=1649 11%] pd[P=80 try=1360057 kill=356662 26%]
DEATH sh7 liveend=0 estate=7748428 reach=5194852 dyn=372840 flow=0 geom=1143973
PDEV sh7 try=0 kill=0 (0.0%) BJ try=118064 kill=25584 nodes=1048576
ADAPT sh7 rp[P=8192 try=21310 kill=2896 14%] pd[P=98 try=1329558 kill=355167 27%]
DEATH sh12 liveend=0 estate=5485129 reach=3667747 dyn=435494 flow=0 geom=781681
PDEV sh12 try=0 kill=0 (0.0%) BJ try=82408 kill=9648 nodes=1048576
ADAPT sh12 rp[P=6957 try=46000 kill=7823 17%] pd[P=8192 try=452129 kill=96043 21%]
DEATH sh9 liveend=0 estate=5331067 reach=3465979 dyn=496473 flow=0 geom=713748
PDEV sh9 try=0 kill=0 (0.0%) BJ try=83131 kill=8854 nodes=2097152
ADAPT sh9 rp[P=6935 try=11889 kill=1592 13%] pd[P=8192 try=431812 kill=108312 25%]
T3[t=3993s] shard4 r1 #54 cell=(48,57) sc=50267 nodes=3000001 r=-1
T3[t=3996s] shard5 r1 #39 cell=(47,63) sc=50271 nodes=3000001 r=-1
DEATH sh11 liveend=0 estate=7971766 reach=5311359 dyn=355521 flow=0 geom=1163887
PDEV sh11 try=0 kill=0 (0.0%) BJ try=120719 kill=24969 nodes=2097152
ADAPT sh11 rp[P=8192 try=13280 kill=1367 10%] pd[P=106 try=1453584 kill=388536 27%]
T3[t=4013s] shard2 r1 #6 cell=(37,59) sc=50266 nodes=3000001 r=-1
T3[t=4014s] shard9 r0 #64 cell=(29,56) sc=50268 nodes=2321067 r=0
DEATH sh8 liveend=0 estate=7890105 reach=5223847 dyn=359174 flow=0 geom=1148085
PDEV sh8 try=0 kill=0 (0.0%) BJ try=118182 kill=24088 nodes=1048576
ADAPT sh8 rp[P=8192 try=15974 kill=1911 12%] pd[P=50 try=1427751 kill=373264 26%]
DEATH sh13 liveend=0 estate=7504810 reach=4977924 dyn=394475 flow=0 geom=1071758
PDEV sh13 try=0 kill=0 (0.0%) BJ try=115455 kill=23253 nodes=2097152
ADAPT sh13 rp[P=8192 try=13432 kill=1473 11%] pd[P=35 try=1282329 kill=353477 28%]
DEATH sh10 liveend=0 estate=8154458 reach=5529759 dyn=366880 flow=0 geom=1239327
PDEV sh10 try=0 kill=0 (0.0%) BJ try=123647 kill=24354 nodes=2097152
ADAPT sh10 rp[P=8192 try=13244 kill=1337 10%] pd[P=83 try=1460554 kill=375725 26%]
DEATH sh7 liveend=0 estate=7889594 reach=5300054 dyn=372840 flow=0 geom=1170603
PDEV sh7 try=0 kill=0 (0.0%) BJ try=120161 kill=26083 nodes=2097152
ADAPT sh7 rp[P=7830 try=21482 kill=2908 14%] pd[P=26 try=1359749 kill=362392 27%]
T3[t=4028s] shard9 r0 #65 cell=(107,58) sc=50268 nodes=91054 r=0
T3[t=4032s] shard1 r1 #36 cell=(39,59) sc=50268 nodes=3000001 r=-1
DEATH sh3 liveend=0 estate=5812040 reach=3896993 dyn=367113 flow=0 geom=870903
PDEV sh3 try=0 kill=0 (0.0%) BJ try=87156 kill=12959 nodes=2097152
ADAPT sh3 rp[P=5464 try=26795 kill=4338 16%] pd[P=8192 try=695018 kill=165807 24%]
T3[t=4037s] shard15 r0 #64 cell=(50,55) sc=50268 nodes=3000001 r=-1
T3[t=4044s] shard15 r0 #65 cell=(27,58) sc=50268 nodes=53927 r=0
T3[t=4050s] shard0 r0 #43 cell=(25,48) sc=50273 nodes=3000001 r=-1
DEATH sh6 liveend=0 estate=5776095 reach=3853449 dyn=403473 flow=0 geom=848736
PDEV sh6 try=0 kill=0 (0.0%) BJ try=86839 kill=11620 nodes=1048576
ADAPT sh6 rp[P=7503 try=22162 kill=3475 16%] pd[P=8192 try=623088 kill=145227 23%]
T3[t=4051s] shard10 r1 #55 cell=(43,70) sc=50261 nodes=3000001 r=-1
T3[t=4052s] shard7 r1 #51 cell=(52,59) sc=50268 nodes=3000001 r=-1
T3[t=4058s] shard12 r0 #73 cell=(9,72) sc=50269 nodes=1714538 r=0
T3[t=4063s] shard14 r1 #23 cell=(43,69) sc=50251 nodes=3000001 r=-1
DEATH sh5 liveend=0 estate=8322329 reach=5592233 dyn=331102 flow=0 geom=1256077
PDEV sh5 try=0 kill=0 (0.0%) BJ try=124694 kill=25646 nodes=1048576
ADAPT sh5 rp[P=8192 try=13434 kill=1371 10%] pd[P=98 try=1549184 kill=400261 26%]
T3[t=4066s] shard11 r1 #58 cell=(53,54) sc=50271 nodes=3000001 r=-1
DEATH sh8 liveend=0 estate=8039183 reach=5325451 dyn=359174 flow=0 geom=1173114
PDEV sh8 try=0 kill=0 (0.0%) BJ try=120279 kill=24568 nodes=2097152
ADAPT sh8 rp[P=8192 try=16164 kill=1928 12%] pd[P=129 try=1462580 kill=381751 26%]
T3[t=4073s] shard13 r1 #71 cell=(42,69) sc=50259 nodes=3000001 r=-1
sweep shard13 round1 done (budget 3000000)
DEATH sh2 liveend=0 estate=7303472 reach=4718977 dyn=440103 flow=0 geom=988077
PDEV sh2 try=0 kill=0 (0.0%) BJ try=112168 kill=22184 nodes=1048576
ADAPT sh2 rp[P=8192 try=13783 kill=1563 11%] pd[P=156 try=1223235 kill=339531 28%]
DEATH sh4 liveend=0 estate=8043608 reach=5331651 dyn=379750 flow=0 geom=1171572
PDEV sh4 try=0 kill=0 (0.0%) BJ try=121112 kill=24166 nodes=1048576
ADAPT sh4 rp[P=8192 try=16694 kill=2026 12%] pd[P=178 try=1447017 kill=376615 26%]
T3[t=4085s] shard9 r0 #66 cell=(204,61) sc=50267 nodes=623783 r=0
DEATH sh1 liveend=0 estate=7944636 reach=5301885 dyn=365121 flow=0 geom=1170942
PDEV sh1 try=0 kill=0 (0.0%) BJ try=120388 kill=24337 nodes=1048576
ADAPT sh1 rp[P=8192 try=14785 kill=1677 11%] pd[P=86 try=1415257 kill=372349 26%]
T3[t=4098s] shard3 r0 #67 cell=(30,65) sc=50256 nodes=2701739 r=0
T3[t=4103s] shard15 r0 #66 cell=(199,58) sc=50274 nodes=720594 r=0
DEATH sh5 liveend=0 estate=8463495 reach=5697435 dyn=331102 flow=0 geom=1282707
PDEV sh5 try=0 kill=0 (0.0%) BJ try=126791 kill=26145 nodes=2097152
ADAPT sh5 rp[P=7830 try=13606 kill=1383 10%] pd[P=26 try=1579375 kill=407486 26%]
DEATH sh8 liveend=0 estate=8185662 reach=5425929 dyn=359174 flow=0 geom=1197054
PDEV sh8 try=0 kill=0 (0.0%) BJ try=122376 kill=25086 nodes=3145728
ADAPT sh8 rp[P=4840 try=16374 kill=1952 12%] pd[P=106 try=1496049 kill=389839 26%]
DEATH sh10 liveend=0 estate=8413515 reach=5719915 dyn=369605 flow=0 geom=1286546
PDEV sh10 try=0 kill=0 (0.0%) BJ try=127550 kill=25231 nodes=1048576
ADAPT sh10 rp[P=8192 try=14043 kill=1448 10%] pd[P=35 try=1511251 kill=387860 26%]
T3[t=4118s] shard12 r0 #74 cell=(6,73) sc=50269 nodes=579121 r=0
DEATH sh7 liveend=0 estate=8150340 reach=5491140 dyn=373280 flow=0 geom=1218126
PDEV sh7 try=0 kill=0 (0.0%) BJ try=124064 kill=26996 nodes=1048576
ADAPT sh7 rp[P=8192 try=22261 kill=3016 14%] pd[P=37 try=1413425 kill=375511 27%]
DEATH sh14 liveend=0 estate=8014966 reach=5304031 dyn=377734 flow=0 geom=1163771
PDEV sh14 try=0 kill=0 (0.0%) BJ try=120739 kill=24593 nodes=1048576
ADAPT sh14 rp[P=8192 try=13339 kill=1379 10%] pd[P=66 try=1467564 kill=390652 27%]
T3[t=4126s] shard9 r0 #67 cell=(204,63) sc=50265 nodes=501762 r=0
T3[t=4135s] shard5 r1 #55 cell=(50,57) sc=50267 nodes=3000001 r=-1
DEATH sh13 liveend=0 estate=7761154 reach=5150738 dyn=400245 flow=0 geom=1110738
PDEV sh13 try=0 kill=0 (0.0%) BJ try=119358 kill=24260 nodes=1048576
ADAPT sh13 rp[P=8192 try=14137 kill=1573 11%] pd[P=156 try=1333765 kill=368108 28%]
DEATH sh2 liveend=0 estate=7444013 reach=4812546 dyn=443301 flow=0 geom=1009041
PDEV sh2 try=0 kill=0 (0.0%) BJ try=114265 kill=22746 nodes=2097152
ADAPT sh2 rp[P=8192 try=14350 kill=1649 11%] pd[P=80 try=1251889 kill=347781 28%]
DEATH sh0 liveend=0 estate=5894238 reach=3919122 dyn=413738 flow=0 geom=866116
PDEV sh0 try=0 kill=0 (0.0%) BJ try=88621 kill=11541 nodes=1048576
ADAPT sh0 rp[P=8192 try=23218 kill=3679 16%] pd[P=8192 try=622168 kill=145025 23%]
T3[t=4160s] shard12 r0 #75 cell=(37,76) sc=50256 nodes=294744 r=0
DEATH sh1 liveend=0 estate=8082071 reach=5396922 dyn=368099 flow=0 geom=1192589
PDEV sh1 try=0 kill=0 (0.0%) BJ try=122485 kill=24866 nodes=2097152
ADAPT sh1 rp[P=8192 try=15372 kill=1765 11%] pd[P=142 try=1444053 kill=380536 26%]
DEATH sh6 liveend=0 estate=5903152 reach=3931248 dyn=422088 flow=0 geom=862540
PDEV sh6 try=0 kill=0 (0.0%) BJ try=88936 kill=11663 nodes=2097152
ADAPT sh6 rp[P=5259 try=22454 kill=3518 16%] pd[P=8192 try=623224 kill=145232 23%]
DEATH sh10 liveend=0 estate=8554778 reach=5825051 dyn=369605 flow=0 geom=1313155
PDEV sh10 try=0 kill=0 (0.0%) BJ try=129647 kill=25683 nodes=2097152
ADAPT sh10 rp[P=8192 try=14218 kill=1462 10%] pd[P=142 try=1541492 kill=395053 26%]
DEATH sh11 liveend=0 estate=8225613 reach=5478322 dyn=370923 flow=0 geom=1199414
PDEV sh11 try=0 kill=0 (0.0%) BJ try=124622 kill=25741 nodes=1048576
ADAPT sh11 rp[P=7369 try=14174 kill=1498 11%] pd[P=130 try=1496975 kill=400379 27%]
DEATH sh7 liveend=0 estate=8293861 reach=5598756 dyn=373280 flow=0 geom=1245258
PDEV sh7 try=0 kill=0 (0.0%) BJ try=126161 kill=27498 nodes=2097152
ADAPT sh7 rp[P=8192 try=22444 kill=3031 14%] pd[P=131 try=1443499 kill=382810 27%]
T3[t=4172s] shard9 r0 #68 cell=(205,64) sc=50270 nodes=484167 r=0
T3[t=4189s] shard10 r1 #68 cell=(36,57) sc=50258 nodes=3000001 r=-1
T3[t=4191s] shard4 r1 #77 cell=(37,68) sc=50268 nodes=3000001 r=-1
DEATH sh14 liveend=0 estate=8151997 reach=5398876 dyn=380347 flow=0 geom=1185414
PDEV sh14 try=0 kill=0 (0.0%) BJ try=122836 kill=25136 nodes=2097152
ADAPT sh14 rp[P=8192 try=13519 kill=1394 10%] pd[P=161 try=1497054 kill=398993 27%]
DEATH sh8 liveend=0 estate=8337708 reach=5529507 dyn=360475 flow=0 geom=1222301
PDEV sh8 try=0 kill=0 (0.0%) BJ try=124473 kill=25565 nodes=4194304
ADAPT sh8 rp[P=2889 try=16567 kill=1971 12%] pd[P=86 try=1532090 kill=398672 26%]
T3[t=4197s] shard7 r1 #56 cell=(41,66) sc=50276 nodes=3000001 r=-1
T3[t=4203s] shard2 r1 #8 cell=(47,61) sc=50271 nodes=3000001 r=-1
DEATH sh5 liveend=0 estate=8721784 reach=5885731 dyn=333833 flow=0 geom=1329266
PDEV sh5 try=0 kill=0 (0.0%) BJ try=130694 kill=27050 nodes=1048576
ADAPT sh5 rp[P=8192 try=13914 kill=1404 10%] pd[P=98 try=1630815 kill=419824 26%]
DEATH sh3 liveend=0 estate=6012488 reach=4020813 dyn=395352 flow=0 geom=893384
PDEV sh3 try=0 kill=0 (0.0%) BJ try=90462 kill=13063 nodes=1048576
ADAPT sh3 rp[P=8192 try=27346 kill=4420 16%] pd[P=8192 try=695213 kill=165811 24%]
DEATH sh13 liveend=0 estate=7901721 reach=5244306 dyn=403443 flow=0 geom=1131705
PDEV sh13 try=0 kill=0 (0.0%) BJ try=121455 kill=24822 nodes=2097152
ADAPT sh13 rp[P=8192 try=14704 kill=1659 11%] pd[P=80 try=1362419 kill=376358 28%]
DEATH sh11 liveend=0 estate=8369150 reach=5587376 dyn=370923 flow=0 geom=1226596
PDEV sh11 try=0 kill=0 (0.0%) BJ try=126719 kill=26238 nodes=2097152
ADAPT sh11 rp[P=8192 try=14331 kill=1507 11%] pd[P=100 try=1528946 kill=408386 27%]
DEATH sh15 liveend=0 estate=5700987 reach=3769987 dyn=476131 flow=0 geom=793734
PDEV sh15 try=0 kill=0 (0.0%) BJ try=88049 kill=10558 nodes=1048576
ADAPT sh15 rp[P=7369 try=35271 kill=5850 17%] pd[P=8192 try=495032 kill=120614 24%]
T3[t=4220s] shard1 r1 #56 cell=(31,58) sc=50276 nodes=3000001 r=-1
T3[t=4223s] shard12 r0 #76 cell=(11,78) sc=50269 nodes=615544 r=0
T3[t=4248s] shard11 r1 #59 cell=(31,56) sc=50266 nodes=3000001 r=-1
DEATH sh5 liveend=0 estate=8862950 reach=5990933 dyn=333833 flow=0 geom=1355896
PDEV sh5 try=0 kill=0 (0.0%) BJ try=132791 kill=27549 nodes=2097152
ADAPT sh5 rp[P=7830 try=14086 kill=1416 10%] pd[P=26 try=1661006 kill=427049 26%]
T3[t=4250s] shard6 r0 #64 cell=(31,64) sc=50268 nodes=3000001 r=-1
T3[t=4254s] shard14 r1 #46 cell=(36,61) sc=50266 nodes=3000001 r=-1
DEATH sh4 liveend=0 estate=8438677 reach=5612938 dyn=385413 flow=0 geom=1237431
PDEV sh4 try=0 kill=0 (0.0%) BJ try=127112 kill=25653 nodes=1048576
ADAPT sh4 rp[P=8192 try=17742 kill=2167 12%] pd[P=35 try=1532188 kill=399830 26%]
DEATH sh8 liveend=0 estate=8490254 reach=5634728 dyn=360475 flow=0 geom=1248216
PDEV sh8 try=0 kill=0 (0.0%) BJ try=126570 kill=26047 nodes=5242880
ADAPT sh8 rp[P=8192 try=16802 kill=1995 12%] pd[P=47 try=1569149 kill=407640 26%]
T3[t=4264s] shard6 r0 #65 cell=(197,64) sc=50267 nodes=115700 r=0
T3[t=4265s] shard12 r0 #77 cell=(25,80) sc=50259 nodes=398821 r=0
DEATH sh0 liveend=0 estate=6021862 reach=3996946 dyn=432516 flow=0 geom=880050
PDEV sh0 try=0 kill=0 (0.0%) BJ try=90718 kill=11574 nodes=2097152
ADAPT sh0 rp[P=6935 try=23440 kill=3706 16%] pd[P=8192 try=622287 kill=145027 23%]
DEATH sh2 liveend=0 estate=7701692 reach=4984550 dyn=446356 flow=0 geom=1048074
PDEV sh2 try=0 kill=0 (0.0%) BJ try=118168 kill=23761 nodes=1048576
ADAPT sh2 rp[P=8192 try=14672 kill=1673 11%] pd[P=44 try=1307583 kill=363607 28%]
DEATH sh10 liveend=0 estate=8812393 reach=6008234 dyn=374375 flow=0 geom=1357620
PDEV sh10 try=0 kill=0 (0.0%) BJ try=133550 kill=26533 nodes=1048576
ADAPT sh10 rp[P=8192 try=14640 kill=1509 10%] pd[P=50 try=1589474 kill=406755 26%]
DEATH sh9 liveend=0 estate=5729852 reach=3731542 dyn=529416 flow=0 geom=769833
PDEV sh9 try=0 kill=0 (0.0%) BJ try=89076 kill=9479 nodes=1048576
ADAPT sh9 rp[P=2947 try=18343 kill=2721 15%] pd[P=30 try=453656 kill=112528 25%]
DEATH sh7 liveend=0 estate=8552055 reach=5786101 dyn=375762 flow=0 geom=1291083
PDEV sh7 try=0 kill=0 (0.0%) BJ try=130064 kill=28400 nodes=1048576
ADAPT sh7 rp[P=8192 try=22886 kill=3079 13%] pd[P=125 try=1494373 kill=395168 26%]
T3[t=4277s] shard5 r1 #57 cell=(50,59) sc=50270 nodes=3000001 r=-1
DEATH sh13 liveend=0 estate=8041611 reach=5337450 dyn=406285 flow=0 geom=1152576
PDEV sh13 try=0 kill=0 (0.0%) BJ try=123552 kill=25416 nodes=3145728
ADAPT sh13 rp[P=1372 try=15583 kill=1806 12%] pd[P=74 try=1389233 kill=383970 28%]
T3[t=4280s] shard12 r0 #78 cell=(13,86) sc=50273 nodes=111665 r=0
DEATH sh1 liveend=0 estate=8341914 reach=5582303 dyn=373811 flow=0 geom=1235914
PDEV sh1 try=0 kill=0 (0.0%) BJ try=126388 kill=25833 nodes=1048576
ADAPT sh1 rp[P=8192 try=16335 kill=1909 12%] pd[P=35 try=1498379 kill=394829 26%]
T3[t=4297s] shard12 r0 #79 cell=(214,99) sc=50267 nodes=167726 r=0
T3[t=4301s] shard12 r0 #80 cell=(26,117) sc=50266 nodes=40404 r=0
T3[t=4305s] shard8 r2 #17 cell=(43,67) sc=50271 nodes=6000001 r=-1
DEATH sh4 liveend=0 estate=8579940 reach=5718074 dyn=385413 flow=0 geom=1264040
PDEV sh4 try=0 kill=0 (0.0%) BJ try=129209 kill=26105 nodes=2097152
ADAPT sh4 rp[P=8192 try=17917 kill=2181 12%] pd[P=142 try=1562429 kill=407023 26%]
T3[t=4305s] shard12 r0 #81 cell=(214,185) sc=50269 nodes=40205 r=0
T3[t=4312s] shard12 r0 #82 cell=(32,41) sc=50264 nodes=50048 r=0
DEATH sh3 liveend=0 estate=6139730 reach=4099120 dyn=413387 flow=0 geom=907636
PDEV sh3 try=0 kill=0 (0.0%) BJ try=92559 kill=13144 nodes=2097152
ADAPT sh3 rp[P=8192 try=27603 kill=4456 16%] pd[P=8192 try=695329 kill=165811 24%]
DEATH sh14 liveend=0 estate=8407494 reach=5574959 dyn=385096 flow=0 geom=1225675
PDEV sh14 try=0 kill=0 (0.0%) BJ try=126739 kill=26090 nodes=1048576
ADAPT sh14 rp[P=7369 try=13842 kill=1418 10%] pd[P=35 try=1552540 kill=414810 27%]
DEATH sh10 liveend=0 estate=8956207 reach=6117239 dyn=374375 flow=0 geom=1385091
PDEV sh10 try=0 kill=0 (0.0%) BJ try=135647 kill=26999 nodes=2097152
ADAPT sh10 rp[P=8192 try=14825 kill=1526 10%] pd[P=60 try=1619990 kill=414266 26%]
DEATH sh7 liveend=0 estate=8695791 reach=5894076 dyn=375762 flow=0 geom=1318333
PDEV sh7 try=0 kill=0 (0.0%) BJ try=132161 kill=28914 nodes=2097152
ADAPT sh7 rp[P=8192 try=23034 kill=3085 13%] pd[P=24 try=1524932 kill=402627 26%]
DEATH sh15 liveend=0 estate=5828532 reach=3847750 dyn=494878 flow=0 geom=807624
PDEV sh15 try=0 kill=0 (0.0%) BJ try=90146 kill=10593 nodes=2097152
ADAPT sh15 rp[P=6935 try=35521 kill=5883 17%] pd[P=8192 try=495150 kill=120615 24%]
DEATH sh6 liveend=0 estate=6167765 reach=4105262 dyn=440512 flow=0 geom=899730
PDEV sh6 try=0 kill=0 (0.0%) BJ try=93070 kill=12282 nodes=1048576
ADAPT sh6 rp[P=8192 try=22991 kill=3585 16%] pd[P=74 try=653457 kill=153561 23%]
DEATH sh11 liveend=0 estate=8629493 reach=5773875 dyn=375659 flow=0 geom=1271526
PDEV sh11 try=0 kill=0 (0.0%) BJ try=130622 kill=27125 nodes=1048576
ADAPT sh11 rp[P=5201 try=15008 kill=1599 11%] pd[P=99 try=1579974 kill=420915 27%]
T3[t=4332s] shard4 r1 #84 cell=(37,66) sc=50270 nodes=3000001 r=-1
sweep shard4 round1 done (budget 3000000)
DEATH sh1 liveend=0 estate=8483177 reach=5687439 dyn=373811 flow=0 geom=1262523
PDEV sh1 try=0 kill=0 (0.0%) BJ try=128485 kill=26285 nodes=2097152
ADAPT sh1 rp[P=8192 try=16510 kill=1923 12%] pd[P=142 try=1528620 kill=402022 26%]
DEATH sh13 liveend=0 estate=8180433 reach=5431152 dyn=406676 flow=0 geom=1174145
PDEV sh13 try=0 kill=0 (0.0%) BJ try=125649 kill=25985 nodes=4194304
ADAPT sh13 rp[P=8192 try=15821 kill=1828 12%] pd[P=105 try=1420578 kill=392949 28%]
DEATH sh2 liveend=0 estate=7841591 reach=5077526 dyn=449300 flow=0 geom=1068869
PDEV sh2 try=0 kill=0 (0.0%) BJ try=120265 kill=24288 nodes=2097152
ADAPT sh2 rp[P=8192 try=14895 kill=1699 11%] pd[P=107 try=1337581 kill=372226 28%]
T3[t=4345s] shard10 r1 #78 cell=(35,60) sc=50266 nodes=3000001 r=-1
T3[t=4347s] shard7 r1 #71 cell=(42,63) sc=50264 nodes=3000001 r=-1
T3[t=4350s] shard15 r0 #67 cell=(30,59) sc=50265 nodes=2322887 r=0
DEATH sh5 liveend=0 estate=9120471 reach=6173771 dyn=338605 flow=0 geom=1400169
PDEV sh5 try=0 kill=0 (0.0%) BJ try=136694 kill=28401 nodes=1048576
ADAPT sh5 rp[P=8192 try=14492 kill=1458 10%] pd[P=50 try=1709182 kill=438776 26%]
T3[t=4360s] shard15 r0 #68 cell=(239,60) sc=50267 nodes=93290 r=0
T3[t=4361s] shard1 r1 #58 cell=(46,61) sc=50270 nodes=3000001 r=-1
DEATH sh9 liveend=0 estate=5887363 reach=3854078 dyn=529416 flow=0 geom=798080
PDEV sh9 try=0 kill=0 (0.0%) BJ try=91173 kill=9905 nodes=2097152
ADAPT sh9 rp[P=946 try=22611 kill=3492 15%] pd[P=115 try=478627 kill=117312 25%]
T3[t=4362s] shard0 r0 #44 cell=(24,49) sc=50276 nodes=3000001 r=-1
T3[t=4368s] shard13 r2 #9 cell=(35,61) sc=50265 nodes=4558704 r=0
DEATH sh8 liveend=0 estate=8736129 reach=5799864 dyn=362767 flow=0 geom=1287026
PDEV sh8 try=0 kill=0 (0.0%) BJ try=130182 kill=26962 nodes=1048576
ADAPT sh8 rp[P=8192 try=17072 kill=2010 12%] pd[P=44 try=1623515 kill=422167 26%]
T3[t=4376s] shard12 r0 #83 cell=(203,42) sc=50264 nodes=712114 r=0
DEATH sh11 liveend=0 estate=8773228 reach=5882334 dyn=375659 flow=0 geom=1298835
PDEV sh11 try=0 kill=0 (0.0%) BJ try=132719 kill=27612 nodes=2097152
ADAPT sh11 rp[P=8192 try=15180 kill=1610 11%] pd[P=60 try=1610459 kill=428471 27%]
DEATH sh14 liveend=0 estate=8544051 reach=5669725 dyn=388204 flow=0 geom=1247078
PDEV sh14 try=0 kill=0 (0.0%) BJ try=128836 kill=26630 nodes=2097152
ADAPT sh14 rp[P=8192 try=14014 kill=1430 10%] pd[P=106 try=1581352 kill=422948 27%]
T3[t=4396s] shard2 r1 #13 cell=(46,68) sc=50255 nodes=3000001 r=-1
T3[t=4397s] shard0 r0 #45 cell=(203,50) sc=50265 nodes=321218 r=0
T3[t=4399s] shard3 r0 #68 cell=(36,67) sc=50263 nodes=3000001 r=-1
DEATH sh4 liveend=0 estate=8849929 reach=5908531 dyn=385771 flow=0 geom=1311813
PDEV sh4 try=0 kill=0 (0.0%) BJ try=133112 kill=27043 nodes=1048576
ADAPT sh4 rp[P=6739 try=18590 kill=2274 12%] pd[P=26 try=1620073 kill=420801 26%]
T3[t=4406s] shard3 r0 #69 cell=(51,68) sc=50276 nodes=49590 r=0
DEATH sh5 liveend=0 estate=9264285 reach=6282776 dyn=338605 flow=0 geom=1427640
PDEV sh5 try=0 kill=0 (0.0%) BJ try=138791 kill=28867 nodes=2097152
ADAPT sh5 rp[P=8192 try=14677 kill=1475 10%] pd[P=60 try=1739698 kill=446287 26%]
DEATH sh6 liveend=0 estate=6308516 reach=4202272 dyn=442805 flow=0 geom=922606
PDEV sh6 try=0 kill=0 (0.0%) BJ try=95167 kill=12789 nodes=2097152
ADAPT sh6 rp[P=8192 try=23149 kill=3594 16%] pd[P=58 try=683691 kill=161791 24%]
T3[t=4410s] shard11 r1 #60 cell=(41,62) sc=50270 nodes=3000001 r=-1
T3[t=4412s] shard0 r0 #46 cell=(214,51) sc=50273 nodes=142276 r=0
DEATH sh7 liveend=0 estate=8954880 reach=6086582 dyn=376251 flow=0 geom=1366387
PDEV sh7 try=0 kill=0 (0.0%) BJ try=136064 kill=29838 nodes=1048576
ADAPT sh7 rp[P=7369 try=23660 kill=3167 13%] pd[P=161 try=1578041 kill=415350 26%]
DEATH sh10 liveend=0 estate=9215227 reach=6307407 dyn=377090 flow=0 geom=1431944
PDEV sh10 try=0 kill=0 (0.0%) BJ try=139550 kill=27912 nodes=1048576
ADAPT sh10 rp[P=8192 try=15171 kill=1556 10%] pd[P=98 try=1671792 kill=426761 26%]
T3[t=4419s] shard0 r0 #47 cell=(22,53) sc=50270 nodes=49943 r=0
DEATH sh1 liveend=0 estate=8741040 reach=5877006 dyn=375562 flow=0 geom=1309614
PDEV sh1 try=0 kill=0 (0.0%) BJ try=132388 kill=27183 nodes=1048576
ADAPT sh1 rp[P=8192 try=16892 kill=1962 12%] pd[P=66 try=1580572 kill=414440 26%]
T3[t=4436s] shard5 r1 #71 cell=(35,58) sc=50278 nodes=3000001 r=-1
T3[t=4443s] shard14 r1 #47 cell=(47,62) sc=50271 nodes=3000001 r=-1
T3[t=4445s] shard9 r0 #69 cell=(44,67) sc=50272 nodes=3000001 r=-1
DEATH sh13 liveend=0 estate=8365262 reach=5552844 dyn=413144 flow=0 geom=1200581
PDEV sh13 try=0 kill=0 (0.0%) BJ try=128475 kill=26660 nodes=1048576
ADAPT sh13 rp[P=8192 try=16126 kill=1861 12%] pd[P=109 try=1455934 kill=402995 28%]
DEATH sh4 liveend=0 estate=8996504 reach=6008994 dyn=385771 flow=0 geom=1336344
PDEV sh4 try=0 kill=0 (0.0%) BJ try=135209 kill=27532 nodes=2097152
ADAPT sh4 rp[P=8192 try=18790 kill=2293 12%] pd[P=142 try=1654412 kill=429263 26%]
DEATH sh7 liveend=0 estate=9095442 reach=6191053 dyn=376251 flow=0 geom=1392903
PDEV sh7 try=0 kill=0 (0.0%) BJ try=138161 kill=30312 nodes=2097152
ADAPT sh7 rp[P=8192 try=23814 kill=3175 13%] pd[P=176 try=1607670 kill=422369 26%]
DEATH sh10 liveend=0 estate=9356393 reach=6412609 dyn=377090 flow=0 geom=1458574
PDEV sh10 try=0 kill=0 (0.0%) BJ try=141647 kill=28411 nodes=2097152
ADAPT sh10 rp[P=7830 try=15343 kill=1568 10%] pd[P=26 try=1701983 kill=433986 25%]
T3[t=4462s] shard6 r0 #66 cell=(38,65) sc=50261 nodes=3000001 r=-1
DEATH sh11 liveend=0 estate=9029138 reach=6065527 dyn=376505 flow=0 geom=1343409
PDEV sh11 try=0 kill=0 (0.0%) BJ try=136622 kill=28587 nodes=1048576
ADAPT sh11 rp[P=8192 try=15773 kill=1688 11%] pd[P=86 try=1663474 kill=442398 27%]
DEATH sh1 liveend=0 estate=8882186 reach=5981912 dyn=375562 flow=0 geom=1336233
PDEV sh1 try=0 kill=0 (0.0%) BJ try=134485 kill=27648 nodes=2097152
ADAPT sh1 rp[P=7369 try=17074 kill=1977 12%] pd[P=160 try=1610140 kill=421493 26%]
DEATH sh15 liveend=0 estate=5996428 reach=3951042 dyn=518992 flow=0 geom=826098
PDEV sh15 try=0 kill=0 (0.0%) BJ try=92880 kill=10635 nodes=1048576
ADAPT sh15 rp[P=8192 try=35956 kill=5949 17%] pd[P=8192 try=495311 kill=120616 24%]
DEATH sh2 liveend=0 estate=8110634 reach=5259535 dyn=453254 flow=0 geom=1111352
PDEV sh2 try=0 kill=0 (0.0%) BJ try=124168 kill=25185 nodes=1048576
ADAPT sh2 rp[P=8192 try=15534 kill=1783 11%] pd[P=74 try=1396652 kill=387710 28%]
T3[t=4476s] shard6 r0 #67 cell=(210,65) sc=50272 nodes=138666 r=0
DEATH sh0 liveend=0 estate=6333192 reach=4199951 dyn=459976 flow=0 geom=921574
PDEV sh0 try=0 kill=0 (0.0%) BJ try=95646 kill=12179 nodes=1048576
ADAPT sh0 rp[P=8192 try=23925 kill=3752 16%] pd[P=178 try=651094 kill=152875 23%]
T3[t=4485s] shard10 r1 #81 cell=(45,74) sc=50255 nodes=3000001 r=-1
sweep shard10 round1 done (budget 3000000)
T3[t=4486s] shard7 r1 #73 cell=(45,66) sc=50274 nodes=3000001 r=-1
DEATH sh12 liveend=0 estate=6059917 reach=4012293 dyn=521973 flow=0 geom=841012
PDEV sh12 try=0 kill=0 (0.0%) BJ try=91854 kill=9795 nodes=1048576
ADAPT sh12 rp[P=6957 try=47227 kill=7984 17%] pd[P=8192 try=452714 kill=96058 21%]
DEATH sh14 liveend=0 estate=8800209 reach=5846881 dyn=392481 flow=0 geom=1287774
PDEV sh14 try=0 kill=0 (0.0%) BJ try=132739 kill=27641 nodes=1048576
ADAPT sh14 rp[P=8192 try=14354 kill=1459 10%] pd[P=107 try=1637092 kill=438733 27%]
T3[t=4501s] shard1 r1 #60 cell=(44,63) sc=50270 nodes=3000001 r=-1
DEATH sh5 liveend=0 estate=9524200 reach=6475830 dyn=339102 flow=0 geom=1475775
PDEV sh5 try=0 kill=0 (0.0%) BJ try=142694 kill=29780 nodes=1048576
ADAPT sh5 rp[P=7369 try=15298 kill=1556 10%] pd[P=161 try=1793307 kill=459166 26%]
DEATH sh4 liveend=0 estate=9145839 reach=6111454 dyn=385771 flow=0 geom=1361625
PDEV sh4 try=0 kill=0 (0.0%) BJ try=137306 kill=28038 nodes=3145728
ADAPT sh4 rp[P=8192 try=18997 kill=2315 12%] pd[P=30 try=1689975 kill=438056 26%]
T3[t=4506s] shard9 r0 #70 cell=(20,69) sc=50267 nodes=574072 r=0
DEATH sh8 liveend=0 estate=9016296 reach=5986287 dyn=369002 flow=0 geom=1328669
PDEV sh8 try=0 kill=0 (0.0%) BJ try=134376 kill=28090 nodes=3145728
ADAPT sh8 rp[P=2925 try=18210 kill=2188 12%] pd[P=90 try=1679489 kill=438236 26%]
DEATH sh3 liveend=0 estate=6382174 reach=4249995 dyn=446566 flow=0 geom=935784
PDEV sh3 try=0 kill=0 (0.0%) BJ try=96561 kill=13327 nodes=1048576
ADAPT sh3 rp[P=8192 try=28215 kill=4546 16%] pd[P=8192 try=695604 kill=165822 24%]
DEATH sh13 liveend=0 estate=8505693 reach=5646216 dyn=416084 flow=0 geom=1221585
PDEV sh13 try=0 kill=0 (0.0%) BJ try=130572 kill=27240 nodes=2097152
ADAPT sh13 rp[P=8192 try=16522 kill=1914 12%] pd[P=81 try=1484953 kill=411364 28%]
T3[t=4523s] shard9 r0 #71 cell=(202,69) sc=50267 nodes=159595 r=0
T3[t=4531s] shard3 r0 #70 cell=(4,69) sc=50277 nodes=1168163 r=0
DEATH sh11 liveend=0 estate=9166466 reach=6160421 dyn=379872 flow=0 geom=1364990
PDEV sh11 try=0 kill=0 (0.0%) BJ try=138719 kill=29126 nodes=2097152
ADAPT sh11 rp[P=8192 try=16157 kill=1740 11%] pd[P=54 try=1691707 kill=450391 27%]
T3[t=4538s] shard9 r0 #72 cell=(205,72) sc=50260 nodes=148495 r=0
DEATH sh5 liveend=0 estate=9664762 reach=6580307 dyn=339102 flow=0 geom=1502291
PDEV sh5 try=0 kill=0 (0.0%) BJ try=144791 kill=30254 nodes=2097152
ADAPT sh5 rp[P=8192 try=15452 kill=1564 10%] pd[P=176 try=1822936 kill=466185 26%]
DEATH sh7 liveend=0 estate=9350426 reach=6372129 dyn=378661 flow=0 geom=1436848
PDEV sh7 try=0 kill=0 (0.0%) BJ try=142064 kill=31276 nodes=1048576
ADAPT sh7 rp[P=8192 try=24126 kill=3195 13%] pd[P=66 try=1658166 kill=435468 26%]
DEATH sh10 liveend=0 estate=9626222 reach=6602913 dyn=377458 flow=0 geom=1506204
PDEV sh10 try=0 kill=0 (0.0%) BJ try=145550 kill=29343 nodes=1048576
ADAPT sh10 rp[P=6739 try=15992 kill=1653 10%] pd[P=26 try=1759819 kill=447753 25%]
DEATH sh0 liveend=0 estate=6474033 reach=4296848 dyn=462273 flow=0 geom=944482
PDEV sh0 try=0 kill=0 (0.0%) BJ try=97743 kill=12659 nodes=2097152
ADAPT sh0 rp[P=8192 try=24102 kill=3766 16%] pd[P=24 try=681398 kill=161193 24%]
DEATH sh14 liveend=0 estate=8937077 reach=5941423 dyn=395896 flow=0 geom=1309074
PDEV sh14 try=0 kill=0 (0.0%) BJ try=134836 kill=28183 nodes=2097152
ADAPT sh14 rp[P=8192 try=14514 kill=1469 10%] pd[P=222 try=1665191 kill=446659 27%]
T3[t=4569s] shard2 r1 #15 cell=(45,69) sc=50256 nodes=3000001 r=-1
DEATH sh8 liveend=0 estate=9155143 reach=6080090 dyn=369212 flow=0 geom=1350425
PDEV sh8 try=0 kill=0 (0.0%) BJ try=136473 kill=28644 nodes=4194304
ADAPT sh8 rp[P=4545 try=18438 kill=2213 12%] pd[P=38 try=1710769 kill=447175 26%]
DEATH sh6 liveend=0 estate=6599609 reach=4415386 dyn=446695 flow=0 geom=972125
PDEV sh6 try=0 kill=0 (0.0%) BJ try=99347 kill=13696 nodes=1048576
ADAPT sh6 rp[P=190 try=31951 kill=5175 16%] pd[P=111 try=729885 kill=172934 24%]
T3[t=4573s] shard9 r0 #73 cell=(210,77) sc=50277 nodes=386914 r=0
T3[t=4575s] shard5 r1 #74 cell=(43,66) sc=50276 nodes=3000001 r=-1
DEATH sh15 liveend=0 estate=6124142 reach=4028987 dyn=537807 flow=0 geom=840097
PDEV sh15 try=0 kill=0 (0.0%) BJ try=94977 kill=10663 nodes=2097152
ADAPT sh15 rp[P=8192 try=36171 kill=5974 17%] pd[P=8192 try=495429 kill=120617 24%]
DEATH sh4 liveend=0 estate=9299783 reach=6216829 dyn=387048 flow=0 geom=1387289
PDEV sh4 try=0 kill=0 (0.0%) BJ try=139403 kill=28540 nodes=4194304
ADAPT sh4 rp[P=8192 try=19154 kill=2323 12%] pd[P=44 try=1727812 kill=447087 26%]
T3[t=4595s] shard8 r2 #31 cell=(52,66) sc=50271 nodes=4529234 r=0
DEATH sh12 liveend=0 estate=6187524 reach=4090055 dyn=540736 flow=0 geom=854904
PDEV sh12 try=0 kill=0 (0.0%) BJ try=93951 kill=9828 nodes=2097152
ADAPT sh12 rp[P=8192 try=47492 kill=8020 17%] pd[P=8192 try=452836 kill=96061 21%]
T3[t=4597s] shard11 r1 #65 cell=(42,71) sc=50263 nodes=3000001 r=-1
DEATH sh3 liveend=0 estate=6535654 reach=4355733 dyn=450332 flow=0 geom=960472
PDEV sh3 try=0 kill=0 (0.0%) BJ try=98897 kill=13855 nodes=1048576
ADAPT sh3 rp[P=7369 try=28424 kill=4563 16%] pd[P=24 try=724850 kill=173870 24%]
DEATH sh10 liveend=0 estate=9772885 reach=6703229 dyn=377458 flow=0 geom=1530691
PDEV sh10 try=0 kill=0 (0.0%) BJ try=147647 kill=29832 nodes=2097152
ADAPT sh10 rp[P=6632 try=16201 kill=1675 10%] pd[P=71 try=1794069 kill=456193 25%]
T3[t=4612s] shard0 r0 #48 cell=(47,56) sc=50271 nodes=3000001 r=-1
DEATH sh7 liveend=0 estate=9486690 reach=6466516 dyn=382074 flow=0 geom=1458013
PDEV sh7 try=0 kill=0 (0.0%) BJ try=144161 kill=31778 nodes=2097152
ADAPT sh7 rp[P=8192 try=24291 kill=3206 13%] pd[P=106 try=1686762 kill=443548 26%]
T3[t=4626s] shard14 r1 #48 cell=(38,63) sc=50264 nodes=3000001 r=-1
DEATH sh1 liveend=0 estate=9274462 reach=6258364 dyn=380180 flow=0 geom=1402096
PDEV sh1 try=0 kill=0 (0.0%) BJ try=140485 kill=29110 nodes=2097152
ADAPT sh1 rp[P=8192 try=17711 kill=2040 12%] pd[P=66 try=1690808 kill=443102 26%]
T3[t=4635s] shard9 r0 #74 cell=(3,80) sc=50269 nodes=579105 r=0
DEATH sh4 liveend=0 estate=9449580 reach=6320019 dyn=387048 flow=0 geom=1412747
PDEV sh4 try=0 kill=0 (0.0%) BJ try=141500 kill=29037 nodes=5242880
ADAPT sh4 rp[P=7369 try=19310 kill=2331 12%] pd[P=47 try=1763880 kill=456053 26%]
DEATH sh2 liveend=0 estate=8538517 reach=5552000 dyn=453923 flow=0 geom=1182944
PDEV sh2 try=0 kill=0 (0.0%) BJ try=130168 kill=26554 nodes=1048576
ADAPT sh2 rp[P=8192 try=16039 kill=1820 11%] pd[P=50 try=1497449 kill=412342 28%]
DEATH sh13 liveend=0 estate=8783828 reach=5832193 dyn=419020 flow=0 geom=1264011
PDEV sh13 try=0 kill=0 (0.0%) BJ try=134766 kill=28327 nodes=4194304
ADAPT sh13 rp[P=8192 try=17287 kill=2019 12%] pd[P=38 try=1544732 kill=428474 28%]
DEATH sh10 liveend=0 estate=9921991 reach=6805692 dyn=377458 flow=0 geom=1556016
PDEV sh10 try=0 kill=0 (0.0%) BJ try=149744 kill=30331 nodes=3145728
ADAPT sh10 rp[P=8192 try=16398 kill=1694 10%] pd[P=66 try=1829815 kill=465025 25%]
DEATH sh6 liveend=0 estate=6756940 reach=4537782 dyn=446695 flow=0 geom=1000269
PDEV sh6 try=0 kill=0 (0.0%) BJ try=101444 kill=14101 nodes=2097152
ADAPT sh6 rp[P=2793 try=37776 kill=6216 16%] pd[P=167 try=753922 kill=177559 24%]
DEATH sh8 liveend=0 estate=9342746 reach=6215042 dyn=371824 flow=0 geom=1382228
PDEV sh8 try=0 kill=0 (0.0%) BJ try=139240 kill=29288 nodes=1048576
ADAPT sh8 rp[P=8192 try=19164 kill=2323 12%] pd[P=37 try=1750921 kill=457683 26%]
DEATH sh11 liveend=0 estate=9426651 reach=6344756 dyn=386050 flow=0 geom=1407960
PDEV sh11 try=0 kill=0 (0.0%) BJ try=142622 kill=30100 nodes=1048576
ADAPT sh11 rp[P=8192 try=16548 kill=1781 11%] pd[P=98 try=1745836 kill=464697 27%]
T3[t=4670s] shard9 r0 #75 cell=(208,81) sc=50276 nodes=386929 r=0
T3[t=4670s] shard15 r0 #69 cell=(9,62) sc=50268 nodes=2915545 r=0
T3[t=4673s] shard7 r1 #81 cell=(52,63) sc=50271 nodes=3000001 r=-1
sweep shard7 round1 done (budget 3000000)
T3[t=4676s] shard4 r2 #7 cell=(36,58) sc=50277 nodes=6000001 r=-1
T3[t=4681s] shard13 r2 #15 cell=(38,68) sc=50266 nodes=4616061 r=0
DEATH sh3 liveend=0 estate=6674789 reach=4450847 dyn=454938 flow=0 geom=982498
PDEV sh3 try=0 kill=0 (0.0%) BJ try=100994 kill=14330 nodes=2097152
ADAPT sh3 rp[P=8192 try=28600 kill=4576 16%] pd[P=44 try=750370 kill=180763 24%]
T3[t=4688s] shard9 r0 #76 cell=(208,85) sc=50273 nodes=194941 r=0
T3[t=4691s] shard12 r0 #84 cell=(30,45) sc=50270 nodes=3000001 r=-1
T3[t=4692s] shard1 r1 #66 cell=(45,68) sc=50254 nodes=3000001 r=-1
DEATH sh14 liveend=0 estate=9198005 reach=6126303 dyn=401021 flow=0 geom=1352022
PDEV sh14 try=0 kill=0 (0.0%) BJ try=138739 kill=29118 nodes=1048576
ADAPT sh14 rp[P=8192 try=14811 kill=1486 10%] pd[P=44 try=1720912 kill=461567 27%]
DEATH sh2 liveend=0 estate=8687597 reach=5653609 dyn=453923 flow=0 geom=1207977
PDEV sh2 try=0 kill=0 (0.0%) BJ try=132265 kill=27034 nodes=2097152
ADAPT sh2 rp[P=8192 try=16229 kill=1837 11%] pd[P=129 try=1532278 kill=420829 27%]
T3[t=4710s] shard9 r0 #77 cell=(19,90) sc=50273 nodes=191090 r=0
DEATH sh11 liveend=0 estate=9567817 reach=6449958 dyn=386050 flow=0 geom=1434590
PDEV sh11 try=0 kill=0 (0.0%) BJ try=144719 kill=30599 nodes=2097152
ADAPT sh11 rp[P=7830 try=16720 kill=1793 11%] pd[P=26 try=1776027 kill=471922 27%]
DEATH sh8 liveend=0 estate=9486267 reach=6322658 dyn=371824 flow=0 geom=1409360
PDEV sh8 try=0 kill=0 (0.0%) BJ try=141337 kill=29790 nodes=2097152
ADAPT sh8 rp[P=8192 try=19347 kill=2338 12%] pd[P=131 try=1780995 kill=464982 26%]
DEATH sh5 liveend=0 estate=10059652 reach=6860148 dyn=345245 flow=0 geom=1569126
PDEV sh5 try=0 kill=0 (0.0%) BJ try=150791 kill=31665 nodes=2097152
ADAPT sh5 rp[P=6935 try=16042 kill=1621 10%] pd[P=74 try=1902001 kill=486542 26%]
DEATH sh0 liveend=0 estate=6721462 reach=4459047 dyn=481114 flow=0 geom=978639
PDEV sh0 try=0 kill=0 (0.0%) BJ try=101646 kill=13127 nodes=1048576
ADAPT sh0 rp[P=7369 try=24532 kill=3815 16%] pd[P=8192 try=708697 kill=168715 24%]
T3[t=4726s] shard12 r0 #85 cell=(204,51) sc=50264 nodes=355992 r=0
T3[t=4730s] shard9 r0 #78 cell=(31,96) sc=50267 nodes=193991 r=0
T3[t=4733s] shard3 r0 #71 cell=(46,69) sc=50255 nodes=3000001 r=-1
T3[t=4738s] shard2 r1 #18 cell=(42,72) sc=50254 nodes=3000001 r=-1
T3[t=4740s] shard11 r1 #79 cell=(45,72) sc=50257 nodes=3000001 r=-1
T3[t=4740s] shard9 r0 #79 cell=(30,99) sc=50266 nodes=92694 r=0
DEATH sh4 liveend=0 estate=9693205 reach=6484063 dyn=389337 flow=0 geom=1450940
PDEV sh4 try=0 kill=0 (0.0%) BJ try=145112 kill=29926 nodes=1048576
ADAPT sh4 rp[P=8192 try=20001 kill=2432 12%] pd[P=156 try=1816347 kill=469976 26%]
DEATH sh10 liveend=0 estate=10075991 reach=6910750 dyn=378824 flow=0 geom=1581469
PDEV sh10 try=0 kill=0 (0.0%) BJ try=151841 kill=30810 nodes=4194304
ADAPT sh10 rp[P=8192 try=16587 kill=1709 10%] pd[P=44 try=1867499 kill=474049 25%]
T3[t=4746s] shard9 r0 #80 cell=(30,113) sc=50266 nodes=45855 r=0
T3[t=4746s] shard6 r0 #68 cell=(39,66) sc=50270 nodes=3000001 r=-1
DEATH sh14 liveend=0 estate=9341751 reach=6234046 dyn=401021 flow=0 geom=1379159
PDEV sh14 try=0 kill=0 (0.0%) BJ try=140836 kill=29618 nodes=2097152
ADAPT sh14 rp[P=7830 try=14981 kill=1499 10%] pd[P=265 try=1751367 kill=469062 27%]
DEATH sh8 liveend=0 estate=9622487 reach=6422379 dyn=371824 flow=0 geom=1434848
PDEV sh8 try=0 kill=0 (0.0%) BJ try=143434 kill=30260 nodes=3145728
ADAPT sh8 rp[P=8192 try=19512 kill=2348 12%] pd[P=156 try=1805909 kill=470685 26%]
T3[t=4750s] shard9 r0 #81 cell=(1,138) sc=50266 nodes=36387 r=0
DEATH sh7 liveend=0 estate=9742611 reach=6638048 dyn=389463 flow=0 geom=1496016
PDEV sh7 try=0 kill=0 (0.0%) BJ try=148064 kill=32750 nodes=1048576
ADAPT sh7 rp[P=8192 try=24767 kill=3259 13%] pd[P=130 try=1737887 kill=458127 26%]
T3[t=4754s] shard9 r0 #82 cell=(31,184) sc=50267 nodes=42720 r=0
DEATH sh13 liveend=0 estate=8977187 reach=5960807 dyn=424120 flow=0 geom=1292514
PDEV sh13 try=0 kill=0 (0.0%) BJ try=137707 kill=29010 nodes=1048576
ADAPT sh13 rp[P=8192 try=17565 kill=2046 12%] pd[P=44 try=1583872 kill=439655 28%]
T3[t=4760s] shard5 r1 #89 cell=(26,69) sc=50263 nodes=3000001 r=-1
sweep shard5 round1 done (budget 3000000)
DEATH sh1 liveend=0 estate=9534345 reach=6442621 dyn=386768 flow=0 geom=1445002
PDEV sh1 try=0 kill=0 (0.0%) BJ try=144388 kill=30089 nodes=1048576
ADAPT sh1 rp[P=8192 try=18050 kill=2069 11%] pd[P=98 try=1744168 kill=457247 26%]
DEATH sh15 liveend=0 estate=6376703 reach=4203260 dyn=554157 flow=0 geom=877302
PDEV sh15 try=0 kill=0 (0.0%) BJ try=98711 kill=11102 nodes=1048576
ADAPT sh15 rp[P=631 try=42309 kill=7077 17%] pd[P=214 try=514895 kill=124349 24%]
T3[t=4770s] shard9 r0 #83 cell=(221,22) sc=50261 nodes=160069 r=0
T3[t=4774s] shard14 r1 #53 cell=(41,68) sc=50274 nodes=3000001 r=-1
T3[t=4793s] shard3 r0 #72 cell=(205,70) sc=50266 nodes=640540 r=0
DEATH sh12 liveend=0 estate=6478690 reach=4281790 dyn=564705 flow=0 geom=894536
PDEV sh12 try=0 kill=0 (0.0%) BJ try=98565 kill=10412 nodes=1048576
ADAPT sh12 rp[P=8192 try=47978 kill=8073 17%] pd[P=26 try=481713 kill=103949 22%]
T3[t=4796s] shard9 r0 #84 cell=(243,30) sc=50256 nodes=198276 r=0
T3[t=4800s] shard3 r0 #73 cell=(51,72) sc=50265 nodes=49594 r=0
DEATH sh10 liveend=0 estate=10226005 reach=7013587 dyn=378824 flow=0 geom=1606937
PDEV sh10 try=0 kill=0 (0.0%) BJ try=153938 kill=31292 nodes=5242880
ADAPT sh10 rp[P=7369 try=16747 kill=1719 10%] pd[P=47 try=1903583 kill=483077 25%]
DEATH sh11 liveend=0 estate=9821557 reach=6629765 dyn=388145 flow=0 geom=1478173
PDEV sh11 try=0 kill=0 (0.0%) BJ try=148622 kill=31497 nodes=1048576
ADAPT sh11 rp[P=8192 try=16994 kill=1804 11%] pd[P=24 try=1827327 kill=485295 27%]
DEATH sh2 liveend=0 estate=8951987 reach=5832060 dyn=456210 flow=0 geom=1249101
PDEV sh2 try=0 kill=0 (0.0%) BJ try=136168 kill=28021 nodes=1048576
ADAPT sh2 rp[P=8192 try=16953 kill=1941 11%] pd[P=156 try=1589761 kill=435903 27%]
DEATH sh1 liveend=0 estate=9675511 reach=6547823 dyn=386768 flow=0 geom=1471632
PDEV sh1 try=0 kill=0 (0.0%) BJ try=146485 kill=30588 nodes=2097152
ADAPT sh1 rp[P=7830 try=18222 kill=2081 11%] pd[P=26 try=1774359 kill=464472 26%]
DEATH sh4 liveend=0 estate=9833754 reach=6577624 dyn=392535 flow=0 geom=1471904
PDEV sh4 try=0 kill=0 (0.0%) BJ try=147209 kill=30488 nodes=2097152
ADAPT sh4 rp[P=8192 try=20568 kill=2518 12%] pd[P=80 try=1845001 kill=478226 26%]
T3[t=4819s] shard3 r0 #74 cell=(36,73) sc=50269 nodes=147400 r=0
T3[t=4825s] shard3 r0 #75 cell=(94,75) sc=50266 nodes=50885 r=0
DEATH sh7 liveend=0 estate=9882591 reach=6731181 dyn=392529 flow=0 geom=1516948
PDEV sh7 try=0 kill=0 (0.0%) BJ try=150161 kill=33289 nodes=2097152
ADAPT sh7 rp[P=5369 try=24958 kill=3280 13%] pd[P=58 try=1766851 kill=466497 26%]
DEATH sh0 liveend=0 estate=6848977 reach=4536934 dyn=499850 flow=0 geom=992579
PDEV sh0 try=0 kill=0 (0.0%) BJ try=103743 kill=13159 nodes=2097152
ADAPT sh0 rp[P=6935 try=24752 kill=3842 16%] pd[P=8192 try=708818 kill=168717 24%]
T3[t=4834s] shard10 r2 #2 cell=(52,64) sc=50273 nodes=6000001 r=-1
DEATH sh13 liveend=0 estate=9117508 reach=6054543 dyn=426690 flow=0 geom=1313712
PDEV sh13 try=0 kill=0 (0.0%) BJ try=139804 kill=29531 nodes=2097152
ADAPT sh13 rp[P=8192 try=17732 kill=2057 12%] pd[P=24 try=1614213 kill=448411 28%]
DEATH sh5 liveend=0 estate=10335287 reach=7057588 dyn=345831 flow=0 geom=1618045
PDEV sh5 try=0 kill=0 (0.0%) BJ try=154694 kill=32624 nodes=1048576
ADAPT sh5 rp[P=8192 try=16414 kill=1652 10%] pd[P=74 try=1964818 kill=501998 26%]
T3[t=4839s] shard1 r1 #68 cell=(44,69) sc=50257 nodes=3000001 r=-1
DEATH sh14 liveend=0 estate=9595605 reach=6414629 dyn=403428 flow=0 geom=1422747
PDEV sh14 try=0 kill=0 (0.0%) BJ try=144739 kill=30574 nodes=1048576
ADAPT sh14 rp[P=8192 try=15303 kill=1523 10%] pd[P=66 try=1801510 kill=482062 27%]
T3[t=4849s] shard3 r0 #76 cell=(177,78) sc=50255 nodes=268041 r=0
T3[t=4853s] shard3 r0 #77 cell=(216,83) sc=50267 nodes=47831 r=0
DEATH sh6 liveend=0 estate=7040561 reach=4750185 dyn=451009 flow=0 geom=1048204
PDEV sh6 try=0 kill=0 (0.0%) BJ try=105347 kill=14829 nodes=1048576
ADAPT sh6 rp[P=157 try=51354 kill=8674 17%] pd[P=1239 try=789215 kill=184347 23%]
DEATH sh15 liveend=0 estate=6533283 reach=4327234 dyn=554157 flow=0 geom=905950
PDEV sh15 try=0 kill=0 (0.0%) BJ try=100808 kill=11517 nodes=2097152
ADAPT sh15 rp[P=1236 try=49513 kill=8374 17%] pd[P=129 try=537827 kill=128751 24%]
DEATH sh11 liveend=0 estate=9958157 reach=6724829 dyn=391129 flow=0 geom=1499651
PDEV sh11 try=0 kill=0 (0.0%) BJ try=150719 kill=32026 nodes=2097152
ADAPT sh11 rp[P=8192 try=17172 kill=1817 11%] pd[P=106 try=1856487 kill=493550 27%]
DEATH sh12 liveend=0 estate=6619281 reach=4378636 dyn=566990 flow=0 geom=917371
PDEV sh12 try=0 kill=0 (0.0%) BJ try=100662 kill=10876 nodes=2097152
ADAPT sh12 rp[P=8192 try=48140 kill=8083 17%] pd[P=117 try=512429 kill=112328 22%]
DEATH sh2 liveend=0 estate=9092536 reach=5925621 dyn=459408 flow=0 geom=1270065
PDEV sh2 try=0 kill=0 (0.0%) BJ try=138265 kill=28583 nodes=2097152
ADAPT sh2 rp[P=8192 try=17520 kill=2027 12%] pd[P=80 try=1618415 kill=444153 27%]
DEATH sh4 liveend=0 estate=9973623 reach=6670751 dyn=395377 flow=0 geom=1492777
PDEV sh4 try=0 kill=0 (0.0%) BJ try=149306 kill=31080 nodes=3145728
ADAPT sh4 rp[P=1372 try=21447 kill=2665 12%] pd[P=74 try=1871800 kill=485831 26%]
DEATH sh5 liveend=0 estate=10482075 reach=7158408 dyn=345831 flow=0 geom=1642656
PDEV sh5 try=0 kill=0 (0.0%) BJ try=156791 kill=33096 nodes=2097152
ADAPT sh5 rp[P=8192 try=16595 kill=1666 10%] pd[P=61 try=1999104 kill=510382 26%]
DEATH sh7 liveend=0 estate=10021569 reach=6824018 dyn=395088 flow=0 geom=1537839
PDEV sh7 try=0 kill=0 (0.0%) BJ try=152258 kill=33808 nodes=3145728
ADAPT sh7 rp[P=800 try=25393 kill=3347 13%] pd[P=69 try=1795125 kill=474540 26%]
T3[t=4894s] shard3 r0 #78 cell=(21,88) sc=50264 nodes=385142 r=0
DEATH sh10 liveend=0 estate=10483469 reach=7189768 dyn=379202 flow=0 geom=1649878
PDEV sh10 try=0 kill=0 (0.0%) BJ try=157550 kill=32126 nodes=1048576
ADAPT sh10 rp[P=5201 try=17063 kill=1748 10%] pd[P=71 try=1964848 kill=498042 25%]
DEATH sh14 liveend=0 estate=9731872 reach=6509017 dyn=406841 flow=0 geom=1443913
PDEV sh14 try=0 kill=0 (0.0%) BJ try=146836 kill=31076 nodes=2097152
ADAPT sh14 rp[P=8192 try=15468 kill=1534 10%] pd[P=106 try=1830106 kill=490142 27%]
DEATH sh9 liveend=0 estate=6589457 reach=4294316 dyn=603693 flow=0 geom=885391
PDEV sh9 try=0 kill=0 (0.0%) BJ try=101850 kill=10629 nodes=1048576
ADAPT sh9 rp[P=6957 try=31092 kill=4974 16%] pd[P=8192 try=498450 kill=121009 24%]
T3[t=4914s] shard3 r0 #79 cell=(27,94) sc=50279 nodes=190543 r=0
DEATH sh1 liveend=0 estate=9933013 reach=6730912 dyn=391539 flow=0 geom=1515994
PDEV sh1 try=0 kill=0 (0.0%) BJ try=150388 kill=31427 nodes=1048576
ADAPT sh1 rp[P=8192 try=18623 kill=2121 11%] pd[P=50 try=1822611 kill=476182 26%]
T3[t=4926s] shard12 r0 #86 cell=(46,57) sc=50273 nodes=3000001 r=-1
T3[t=4927s] shard0 r0 #49 cell=(30,57) sc=50267 nodes=3000001 r=-1
T3[t=4929s] shard3 r0 #80 cell=(215,98) sc=50256 nodes=180347 r=0
T3[t=4934s] shard3 r0 #81 cell=(12,123) sc=50272 nodes=39693 r=0
T3[t=4934s] shard2 r1 #34 cell=(45,57) sc=50271 nodes=3000001 r=-1
T3[t=4935s] shard11 r1 #93 cell=(37,60) sc=50266 nodes=3000001 r=-1
sweep shard11 round1 done (budget 3000000)
T3[t=4941s] shard3 r0 #82 cell=(4,179) sc=50274 nodes=69772 r=0
DEATH sh6 liveend=0 estate=7196156 reach=4876106 dyn=451009 flow=0 geom=1077227
PDEV sh6 try=0 kill=0 (0.0%) BJ try=107444 kill=15254 nodes=2097152
ADAPT sh6 rp[P=162 try=61957 kill=10595 17%] pd[P=80 try=808855 kill=188085 23%]
DEATH sh5 liveend=0 estate=10631152 reach=7260967 dyn=345831 flow=0 geom=1668008
PDEV sh5 try=0 kill=0 (0.0%) BJ try=158888 kill=33590 nodes=3145728
ADAPT sh5 rp[P=8192 try=16790 kill=1685 10%] pd[P=66 try=2034955 kill=519239 26%]
DEATH sh4 liveend=0 estate=10112651 reach=6764312 dyn=395768 flow=0 geom=1514320
PDEV sh4 try=0 kill=0 (0.0%) BJ try=151403 kill=31637 nodes=4194304
ADAPT sh4 rp[P=8192 try=21685 kill=2687 12%] pd[P=83 try=1903281 kill=494836 26%]
T3[t=4946s] shard15 r0 #70 cell=(40,63) sc=50266 nodes=3000001 r=-1
T3[t=4947s] shard8 r2 #55 cell=(42,65) sc=50260 nodes=6000001 r=-1
T3[t=4949s] shard0 r0 #50 cell=(242,59) sc=50265 nodes=207863 r=0
DEATH sh10 liveend=0 estate=10629985 reach=7290241 dyn=379202 flow=0 geom=1674295
PDEV sh10 try=0 kill=0 (0.0%) BJ try=159647 kill=32604 nodes=2097152
ADAPT sh10 rp[P=8192 try=17233 kill=1758 10%] pd[P=183 try=1998621 kill=506361 25%]
T3[t=4960s] shard0 r0 #51 cell=(243,60) sc=50264 nodes=103964 r=0
T3[t=4967s] shard14 r1 #77 cell=(45,56) sc=50270 nodes=3000001 r=-1
DEATH sh1 liveend=0 estate=10076827 reach=6839917 dyn=391539 flow=0 geom=1543465
PDEV sh1 try=0 kill=0 (0.0%) BJ try=152485 kill=31893 nodes=2097152
ADAPT sh1 rp[P=8192 try=18808 kill=2138 11%] pd[P=60 try=1853127 kill=483693 26%]
T3[t=4972s] shard4 r2 #8 cell=(47,59) sc=50270 nodes=4558733 r=0
T3[t=4986s] shard0 r0 #52 cell=(161,62) sc=50272 nodes=260830 r=0
T3[t=4995s] shard13 r2 #18 cell=(45,71) sc=50270 nodes=4580814 r=0
T3[t=4999s] shard1 r1 #89 cell=(36,59) sc=50266 nodes=3000001 r=-1
sweep shard1 round1 done (budget 3000000)
DEATH sh2 liveend=0 estate=9350465 reach=6098099 dyn=462668 flow=0 geom=1309157
PDEV sh2 try=0 kill=0 (0.0%) BJ try=142168 kill=29588 nodes=1048576
ADAPT sh2 rp[P=8192 try=18232 kill=2128 12%] pd[P=156 try=1673219 kill=459719 27%]
DEATH sh11 liveend=0 estate=10215419 reach=6898293 dyn=396372 flow=0 geom=1538841
PDEV sh11 try=0 kill=0 (0.0%) BJ try=154622 kill=33035 nodes=1048576
ADAPT sh11 rp[P=8192 try=17705 kill=1879 11%] pd[P=148 try=1910167 kill=508906 27%]
DEATH sh8 liveend=0 estate=10148578 reach=6800019 dyn=377384 flow=0 geom=1526082
PDEV sh8 try=0 kill=0 (0.0%) BJ try=151240 kill=32114 nodes=1048576
ADAPT sh8 rp[P=8192 try=20692 kill=2495 12%] pd[P=66 try=1918193 kill=499404 26%]
DEATH sh9 liveend=0 estate=6717064 reach=4372078 dyn=622456 flow=0 geom=899283
PDEV sh9 try=0 kill=0 (0.0%) BJ try=103947 kill=10662 nodes=2097152
ADAPT sh9 rp[P=8192 try=31357 kill=5010 16%] pd[P=8192 try=498572 kill=121012 24%]
T3[t=5021s] shard6 r0 #69 cell=(40,67) sc=50265 nodes=3000001 r=-1
T3[t=5027s] shard0 r0 #53 cell=(21,64) sc=50261 nodes=389846 r=0
DEATH sh14 liveend=0 estate=9987370 reach=6684803 dyn=412357 flow=0 geom=1483883
PDEV sh14 try=0 kill=0 (0.0%) BJ try=150739 kill=32056 nodes=1048576
ADAPT sh14 rp[P=8192 try=15817 kill=1560 10%] pd[P=24 try=1884000 kill=505497 27%]
DEATH sh5 liveend=0 estate=10785283 reach=7366134 dyn=347144 flow=0 geom=1693578
PDEV sh5 try=0 kill=0 (0.0%) BJ try=160985 kill=34076 nodes=4194304
ADAPT sh5 rp[P=8192 try=16958 kill=1696 10%] pd[P=44 try=2072800 kill=528323 25%]
DEATH sh4 liveend=0 estate=10300027 reach=6889580 dyn=398784 flow=0 geom=1542629
PDEV sh4 try=0 kill=0 (0.0%) BJ try=154229 kill=32381 nodes=1048576
ADAPT sh4 rp[P=8192 try=22010 kill=2727 12%] pd[P=30 try=1943083 kill=506279 26%]
DEATH sh12 liveend=0 estate=6866637 reach=4541567 dyn=585774 flow=0 geom=951808
PDEV sh12 try=0 kill=0 (0.0%) BJ try=104565 kill=11336 nodes=1048576
ADAPT sh12 rp[P=8192 try=48660 kill=8152 17%] pd[P=8192 try=539684 kill=119795 22%]
T3[t=5041s] shard9 r0 #85 cell=(16,35) sc=50273 nodes=2310833 r=0
DEATH sh3 liveend=0 estate=7184989 reach=4764328 dyn=509569 flow=0 geom=1044467
PDEV sh3 try=0 kill=0 (0.0%) BJ try=109032 kill=15032 nodes=1048576
ADAPT sh3 rp[P=8192 try=29482 kill=4681 16%] pd[P=8192 try=777195 kill=188128 24%]
DEATH sh13 liveend=0 estate=9585560 reach=6367194 dyn=433358 flow=0 geom=1384489
PDEV sh13 try=0 kill=0 (0.0%) BJ try=146868 kill=31334 nodes=1048576
ADAPT sh13 rp[P=8192 try=18648 kill=2163 12%] pd[P=66 try=1713670 kill=476889 28%]
DEATH sh15 liveend=0 estate=6794551 reach=4514822 dyn=572721 flow=0 geom=945177
PDEV sh15 try=0 kill=0 (0.0%) BJ try=104711 kill=11942 nodes=1048576
ADAPT sh15 rp[P=6957 try=57407 kill=9790 17%] pd[P=8192 try=556473 kill=132274 24%]
T3[t=5073s] shard7 r2 #12 cell=(41,67) sc=50261 nodes=6000001 r=-1
DEATH sh1 liveend=0 estate=10347344 reach=7031293 dyn=392056 flow=0 geom=1591090
PDEV sh1 try=0 kill=0 (0.0%) BJ try=156388 kill=32819 nodes=1048576
ADAPT sh1 rp[P=8192 try=19181 kill=2171 11%] pd[P=74 try=1911331 kill=497710 26%]
DEATH sh8 liveend=0 estate=10285659 reach=6894922 dyn=380250 flow=0 geom=1547642
PDEV sh8 try=0 kill=0 (0.0%) BJ try=153337 kill=32663 nodes=2097152
ADAPT sh8 rp[P=8192 try=20890 kill=2515 12%] pd[P=161 try=1947127 kill=507605 26%]
DEATH sh2 liveend=0 estate=9491006 reach=6191668 dyn=465866 flow=0 geom=1330121
PDEV sh2 try=0 kill=0 (0.0%) BJ try=144265 kill=30150 nodes=2097152
ADAPT sh2 rp[P=8192 try=18799 kill=2214 12%] pd[P=80 try=1701873 kill=467969 27%]
T3[t=5076s] shard9 r0 #86 cell=(217,40) sc=50260 nodes=326372 r=0
DEATH sh11 liveend=0 estate=10355486 reach=6991440 dyn=399316 flow=0 geom=1559747
PDEV sh11 try=0 kill=0 (0.0%) BJ try=156719 kill=33555 nodes=2097152
ADAPT sh11 rp[P=8192 try=17888 kill=1895 11%] pd[P=148 try=1940225 kill=517623 27%]
DEATH sh5 liveend=0 estate=10935297 reach=7468971 dyn=347144 flow=0 geom=1719046
PDEV sh5 try=0 kill=0 (0.0%) BJ try=163082 kill=34558 nodes=5242880
ADAPT sh5 rp[P=7369 try=17118 kill=1706 10%] pd[P=47 try=2108884 kill=537351 25%]
T3[t=5088s] shard6 r0 #70 cell=(187,68) sc=50267 nodes=828368 r=0
T3[t=5089s] shard9 r0 #87 cell=(103,42) sc=50274 nodes=80866 r=0
DEATH sh10 liveend=0 estate=10934195 reach=7498767 dyn=380620 flow=0 geom=1725350
PDEV sh10 try=0 kill=0 (0.0%) BJ try=163841 kill=33548 nodes=4194304
ADAPT sh10 rp[P=8192 try=17565 kill=1781 10%] pd[P=106 try=2072620 kill=524425 25%]
DEATH sh14 liveend=0 estate=10123984 reach=6779838 dyn=415341 flow=0 geom=1505350
PDEV sh14 try=0 kill=0 (0.0%) BJ try=152836 kill=32585 nodes=2097152
ADAPT sh14 rp[P=8192 try=15999 kill=1574 10%] pd[P=106 try=1913146 kill=513749 27%]
DEATH sh4 liveend=0 estate=10440225 reach=6983393 dyn=400971 flow=0 geom=1563965
PDEV sh4 try=0 kill=0 (0.0%) BJ try=156326 kill=32910 nodes=2097152
ADAPT sh4 rp[P=8192 try=22188 kill=2741 12%] pd[P=180 try=1974504 kill=515273 26%]
T3[t=5113s] shard6 r0 #71 cell=(186,69) sc=50269 nodes=271035 r=0
T3[t=5118s] shard5 r2 #0 cell=(37,65) sc=50257 nodes=6000001 r=-1
DEATH sh1 liveend=0 estate=10494100 reach=7132062 dyn=392056 flow=0 geom=1615709
PDEV sh1 try=0 kill=0 (0.0%) BJ try=158485 kill=33299 nodes=2097152
ADAPT sh1 rp[P=8192 try=19361 kill=2185 11%] pd[P=61 try=1945574 kill=506064 26%]
DEATH sh0 liveend=0 estate=7234302 reach=4792307 dyn=533433 flow=0 geom=1044890
PDEV sh0 try=0 kill=0 (0.0%) BJ try=109568 kill=13674 nodes=1048576
ADAPT sh0 rp[P=631 try=31131 kill=4974 16%] pd[P=214 try=728411 kill=172451 24%]
T3[t=5127s] shard2 r1 #35 cell=(45,61) sc=50269 nodes=3000001 r=-1
T3[t=5133s] shard6 r0 #72 cell=(198,71) sc=50273 nodes=210357 r=0
DEATH sh13 liveend=0 estate=9725396 reach=6460368 dyn=436422 flow=0 geom=1405255
PDEV sh13 try=0 kill=0 (0.0%) BJ try=148965 kill=31853 nodes=2097152
ADAPT sh13 rp[P=8192 try=18842 kill=2180 12%] pd[P=121 try=1743377 kill=485458 28%]
T3[t=5134s] shard15 r0 #71 cell=(17,64) sc=50271 nodes=1714204 r=0
DEATH sh8 liveend=0 estate=10423712 reach=6989926 dyn=383128 flow=0 geom=1569263
PDEV sh8 try=0 kill=0 (0.0%) BJ try=155434 kill=33180 nodes=3145728
ADAPT sh8 rp[P=8192 try=21050 kill=2525 12%] pd[P=157 try=1977078 kill=516230 26%]
DEATH sh7 liveend=0 estate=10553738 reach=7183791 dyn=399244 flow=0 geom=1621713
PDEV sh7 try=0 kill=0 (0.0%) BJ try=160064 kill=35809 nodes=1048576
ADAPT sh7 rp[P=6739 try=26922 kill=3559 13%] pd[P=26 try=1913557 kill=506916 26%]
DEATH sh11 liveend=0 estate=10494342 reach=7083696 dyn=402202 flow=0 geom=1580315
PDEV sh11 try=0 kill=0 (0.0%) BJ try=158816 kill=34091 nodes=3145728
ADAPT sh11 rp[P=8192 try=18088 kill=1914 11%] pd[P=247 try=1968916 kill=525752 27%]
DEATH sh10 liveend=0 estate=11083204 reach=7601274 dyn=380620 flow=0 geom=1750609
PDEV sh10 try=0 kill=0 (0.0%) BJ try=165938 kill=34012 nodes=5242880
ADAPT sh10 rp[P=4846 try=17767 kill=1803 10%] pd[P=58 try=2108175 kill=533325 25%]
DEATH sh12 liveend=0 estate=6994073 reach=4619550 dyn=604438 flow=0 geom=965748
PDEV sh12 try=0 kill=0 (0.0%) BJ try=106662 kill=11366 nodes=2097152
ADAPT sh12 rp[P=8192 try=48931 kill=8189 17%] pd[P=8192 try=539808 kill=119798 22%]
T3[t=5157s] shard14 r1 #81 cell=(47,68) sc=50255 nodes=3000001 r=-1
sweep shard14 round1 done (budget 3000000)
DEATH sh3 liveend=0 estate=7312615 reach=4842152 dyn=528346 flow=0 geom=1058402
PDEV sh3 try=0 kill=0 (0.0%) BJ try=111129 kill=15064 nodes=2097152
ADAPT sh3 rp[P=6935 try=29704 kill=4708 16%] pd[P=8192 try=777314 kill=188130 24%]
DEATH sh1 liveend=0 estate=10643177 reach=7234621 dyn=392056 flow=0 geom=1641061
PDEV sh1 try=0 kill=0 (0.0%) BJ try=160582 kill=33793 nodes=3145728
ADAPT sh1 rp[P=8192 try=19556 kill=2204 11%] pd[P=66 try=1981425 kill=514921 26%]
T3[t=5178s] shard10 r2 #9 cell=(36,62) sc=50268 nodes=6000001 r=-1
T3[t=5178s] shard6 r0 #73 cell=(197,72) sc=50271 nodes=526591 r=0
DEATH sh5 liveend=0 estate=11178688 reach=7632432 dyn=349246 flow=0 geom=1757125
PDEV sh5 try=0 kill=0 (0.0%) BJ try=166694 kill=35456 nodes=1048576
ADAPT sh5 rp[P=4972 try=17424 kill=1733 10%] pd[P=167 try=2162327 kill=551564 26%]
DEATH sh4 liveend=0 estate=10580767 reach=7077721 dyn=403254 flow=0 geom=1585517
PDEV sh4 try=0 kill=0 (0.0%) BJ try=158423 kill=33474 nodes=3145728
ADAPT sh4 rp[P=2495 try=23116 kill=2896 13%] pd[P=95 try=2002006 kill=523067 26%]
T3[t=5182s] shard3 r0 #83 cell=(15,28) sc=50260 nodes=2321228 r=0
DEATH sh2 liveend=0 estate=9747412 reach=6366254 dyn=469131 flow=0 geom=1370296
PDEV sh2 try=0 kill=0 (0.0%) BJ try=148168 kill=31163 nodes=1048576
ADAPT sh2 rp[P=7957 try=19117 kill=2237 12%] pd[P=90 try=1756519 kill=483488 28%]
T3[t=5190s] shard8 r2 #69 cell=(54,53) sc=50276 nodes=3954968 r=0
sweep shard8 round2 done (budget 6000000)
T3[t=5191s] shard3 r0 #84 cell=(63,34) sc=50267 nodes=61696 r=0
DEATH sh7 liveend=0 estate=10700410 reach=7284102 dyn=399244 flow=0 geom=1646202
PDEV sh7 try=0 kill=0 (0.0%) BJ try=162161 kill=36298 nodes=2097152
ADAPT sh7 rp[P=6632 try=27131 kill=3581 13%] pd[P=71 try=1947807 kill=515356 26%]
T3[t=5197s] shard3 r0 #85 cell=(257,36) sc=50278 nodes=58323 r=0
DEATH sh9 liveend=0 estate=6921591 reach=4498993 dyn=653069 flow=0 geom=921930
PDEV sh9 try=0 kill=0 (0.0%) BJ try=107284 kill=10726 nodes=1048576
ADAPT sh9 rp[P=8192 try=31825 kill=5076 16%] pd[P=8192 try=498776 kill=121016 24%]
T3[t=5203s] shard3 r0 #86 cell=(238,39) sc=50267 nodes=52526 r=0
DEATH sh11 liveend=0 estate=10633281 reach=7177520 dyn=402254 flow=0 geom=1602099
PDEV sh11 try=0 kill=0 (0.0%) BJ try=160913 kill=34664 nodes=4194304
ADAPT sh11 rp[P=8192 try=18235 kill=1920 11%] pd[P=71 try=2000269 kill=534734 27%]
DEATH sh0 liveend=0 estate=7390882 reach=4916281 dyn=533433 flow=0 geom=1073538
PDEV sh0 try=0 kill=0 (0.0%) BJ try=111665 kill=14089 nodes=2097152
ADAPT sh0 rp[P=1236 try=38335 kill=6271 16%] pd[P=129 try=751343 kill=176853 24%]
T3[t=5217s] shard3 r0 #87 cell=(69,44) sc=50261 nodes=92112 r=0
DEATH sh14 liveend=0 estate=10395207 reach=6965883 dyn=418822 flow=0 geom=1549365
PDEV sh14 try=0 kill=0 (0.0%) BJ try=156739 kill=33570 nodes=1048576
ADAPT sh14 rp[P=6739 try=16666 kill=1664 10%] pd[P=26 try=1974371 kill=529720 27%]
T3[t=5236s] shard11 r2 #18 cell=(33,61) sc=50270 nodes=4528632 r=0
DEATH sh4 liveend=0 estate=10719594 reach=7171590 dyn=403414 flow=0 geom=1607253
PDEV sh4 try=0 kill=0 (0.0%) BJ try=160520 kill=34031 nodes=4194304
ADAPT sh4 rp[P=8192 try=23321 kill=2914 12%] pd[P=141 try=2033429 kill=532072 26%]
T3[t=5242s] shard12 r0 #87 cell=(12,59) sc=50263 nodes=3000001 r=-1
DEATH sh7 liveend=0 estate=10849516 reach=7386565 dyn=399244 flow=0 geom=1671527
PDEV sh7 try=0 kill=0 (0.0%) BJ try=164258 kill=36797 nodes=3145728
ADAPT sh7 rp[P=8192 try=27328 kill=3600 13%] pd[P=66 try=1983553 kill=524188 26%]
DEATH sh15 liveend=0 estate=7002209 reach=4642912 dyn=603314 flow=0 geom=967845
PDEV sh15 try=0 kill=0 (0.0%) BJ try=108139 kill=11999 nodes=1048576
ADAPT sh15 rp[P=8192 try=57993 kill=9884 17%] pd[P=8192 try=556678 kill=132278 24%]
DEATH sh5 liveend=0 estate=11318950 reach=7725357 dyn=352190 flow=0 geom=1777968
PDEV sh5 try=0 kill=0 (0.0%) BJ try=168791 kill=35968 nodes=2097152
ADAPT sh5 rp[P=8192 try=17602 kill=1747 10%] pd[P=107 try=2192324 kill=560254 26%]
DEATH sh10 liveend=0 estate=11325153 reach=7762310 dyn=385787 flow=0 geom=1787314
PDEV sh10 try=0 kill=0 (0.0%) BJ try=169550 kill=34883 nodes=1048576
ADAPT sh10 rp[P=8192 try=18524 kill=1916 10%] pd[P=35 try=2157700 kill=546446 25%]
DEATH sh13 liveend=0 estate=10003327 reach=6646655 dyn=439523 flow=0 geom=1447717
PDEV sh13 try=0 kill=0 (0.0%) BJ try=153159 kill=32927 nodes=4194304
ADAPT sh13 rp[P=5706 try=19503 kill=2268 12%] pd[P=38 try=1802653 kill=502470 28%]
DEATH sh1 liveend=0 estate=10797091 reach=7339771 dyn=393390 flow=0 geom=1666558
PDEV sh1 try=0 kill=0 (0.0%) BJ try=162679 kill=34271 nodes=4194304
ADAPT sh1 rp[P=8192 try=19715 kill=2213 11%] pd[P=44 try=2019058 kill=523903 26%]
T3[t=5264s] shard15 r0 #72 cell=(8,65) sc=50267 nodes=1209015 r=0
DEATH sh8 liveend=0 estate=10680804 reach=7167127 dyn=385907 flow=0 geom=1611261
PDEV sh8 try=0 kill=0 (0.0%) BJ try=159149 kill=34104 nodes=1048576
ADAPT sh8 rp[P=8192 try=21768 kill=2624 12%] pd[P=30 try=2034539 kill=531089 26%]
DEATH sh14 liveend=0 estate=10541840 reach=7066220 dyn=418822 flow=0 geom=1573866
PDEV sh14 try=0 kill=0 (0.0%) BJ try=158836 kill=34058 nodes=2097152
ADAPT sh14 rp[P=8192 try=16866 kill=1683 10%] pd[P=142 try=2008744 kill=538188 27%]
DEATH sh6 liveend=0 estate=7693740 reach=5204128 dyn=496220 flow=0 geom=1145867
PDEV sh6 try=0 kill=0 (0.0%) BJ try=115018 kill=16000 nodes=1048576
ADAPT sh6 rp[P=5201 try=69608 kill=11927 17%] pd[P=8192 try=827597 kill=191603 23%]
T3[t=5292s] shard0 r0 #54 cell=(45,64) sc=50270 nodes=3000001 r=-1
DEATH sh9 liveend=0 estate=7049210 reach=4576814 dyn=671845 flow=0 geom=935861
PDEV sh9 try=0 kill=0 (0.0%) BJ try=109381 kill=10762 nodes=2097152
ADAPT sh9 rp[P=6935 try=32047 kill=5103 16%] pd[P=8192 try=498895 kill=121018 24%]
T3[t=5306s] shard15 r0 #73 cell=(23,66) sc=50272 nodes=407057 r=0
DEATH sh11 liveend=0 estate=10829579 reach=7310808 dyn=405132 flow=0 geom=1633609
PDEV sh11 try=0 kill=0 (0.0%) BJ try=163679 kill=35301 nodes=1048576
ADAPT sh11 rp[P=8192 try=18921 kill=2021 11%] pd[P=50 try=2043751 kill=545641 27%]
T3[t=5313s] shard2 r1 #53 cell=(49,56) sc=50267 nodes=3000001 r=-1
DEATH sh1 liveend=0 estate=10947105 reach=7442608 dyn=393390 flow=0 geom=1692026
PDEV sh1 try=0 kill=0 (0.0%) BJ try=164776 kill=34753 nodes=5242880
ADAPT sh1 rp[P=7369 try=19875 kill=2223 11%] pd[P=47 try=2055142 kill=532931 26%]
DEATH sh8 liveend=0 estate=10830171 reach=7268718 dyn=385907 flow=0 geom=1636172
PDEV sh8 try=0 kill=0 (0.0%) BJ try=161246 kill=34596 nodes=2097152
ADAPT sh8 rp[P=4895 try=21942 kill=2638 12%] pd[P=71 try=2069540 kill=539690 26%]
DEATH sh4 liveend=0 estate=10859297 reach=7265054 dyn=406489 flow=0 geom=1628231
PDEV sh4 try=0 kill=0 (0.0%) BJ try=162617 kill=34555 nodes=5242880
ADAPT sh4 rp[P=8192 try=23501 kill=2929 12%] pd[P=136 try=2063059 kill=540585 26%]
DEATH sh5 liveend=0 estate=11458693 reach=7818083 dyn=355082 flow=0 geom=1798830
PDEV sh5 try=0 kill=0 (0.0%) BJ try=170888 kill=36499 nodes=3145728
ADAPT sh5 rp[P=4412 try=17946 kill=1794 10%] pd[P=363 try=2220212 kill=568201 26%]
T3[t=5324s] shard12 r0 #88 cell=(201,64) sc=50263 nodes=935252 r=0
DEATH sh10 liveend=0 estate=11465182 reach=7855632 dyn=388737 flow=0 geom=1808335
PDEV sh10 try=0 kill=0 (0.0%) BJ try=171647 kill=35424 nodes=2097152
ADAPT sh10 rp[P=8192 try=18865 kill=1961 10%] pd[P=267 try=2186864 kill=554774 25%]
DEATH sh3 liveend=0 estate=7502908 reach=4961915 dyn=555618 flow=0 geom=1082021
PDEV sh3 try=0 kill=0 (0.0%) BJ try=114202 kill=15124 nodes=1048576
ADAPT sh3 rp[P=6957 try=30141 kill=4770 16%] pd[P=8192 try=777494 kill=188133 24%]
DEATH sh7 liveend=0 estate=11003612 reach=7492214 dyn=400554 flow=0 geom=1697224
PDEV sh7 try=0 kill=0 (0.0%) BJ try=166355 kill=37285 nodes=4194304
ADAPT sh7 rp[P=8082 try=27494 kill=3612 13%] pd[P=56 try=2021382 kill=533167 26%]
DEATH sh14 liveend=0 estate=10691175 reach=7168680 dyn=418822 flow=0 geom=1599147
PDEV sh14 try=0 kill=0 (0.0%) BJ try=160933 kill=34564 nodes=3145728
ADAPT sh14 rp[P=8192 try=17073 kill=1705 10%] pd[P=30 try=2044307 kill=546981 27%]
T3[t=5334s] shard15 r0 #74 cell=(208,67) sc=50272 nodes=368495 r=0
T3[t=5335s] shard6 r0 #74 cell=(52,73) sc=50269 nodes=1564653 r=0
DEATH sh13 liveend=0 estate=10152359 reach=6747127 dyn=442048 flow=0 geom=1471248
PDEV sh13 try=0 kill=0 (0.0%) BJ try=155256 kill=33424 nodes=5242880
ADAPT sh13 rp[P=8192 try=20042 kill=2352 12%] pd[P=156 try=1835921 kill=510909 28%]
T3[t=5347s] shard1 r2 #9 cell=(48,56) sc=50268 nodes=6000001 r=-1
T3[t=5353s] shard8 r3 #16 cell=(42,66) sc=50277 nodes=3000001 r=-1
T3[t=5358s] shard4 r2 #26 cell=(40,66) sc=50275 nodes=6000001 r=-1
T3[t=5360s] shard6 r0 #75 cell=(174,77) sc=50279 nodes=264134 r=0
DEATH sh11 liveend=0 estate=10978659 reach=7412417 dyn=405132 flow=0 geom=1658642
PDEV sh11 try=0 kill=0 (0.0%) BJ try=165776 kill=35781 nodes=2097152
ADAPT sh11 rp[P=8192 try=19111 kill=2038 11%] pd[P=129 try=2078580 kill=554128 27%]
T3[t=5361s] shard15 r0 #75 cell=(209,68) sc=50263 nodes=344112 r=0
DEATH sh2 liveend=0 estate=10139818 reach=6636711 dyn=477672 flow=0 geom=1431691
PDEV sh2 try=0 kill=0 (0.0%) BJ try=154168 kill=32657 nodes=1048576
ADAPT sh2 rp[P=8192 try=19728 kill=2299 12%] pd[P=24 try=1839552 kill=507086 28%]
T3[t=5374s] shard13 r2 #27 cell=(47,57) sc=50275 nodes=6000001 r=-1
DEATH sh5 liveend=0 estate=11597630 reach=7911925 dyn=355134 flow=0 geom=1820627
PDEV sh5 try=0 kill=0 (0.0%) BJ try=172985 kill=37070 nodes=4194304
ADAPT sh5 rp[P=8192 try=18101 kill=1800 10%] pd[P=71 try=2251588 kill=577178 26%]
DEATH sh7 liveend=0 estate=11153498 reach=7594930 dyn=400554 flow=0 geom=1722574
PDEV sh7 try=0 kill=0 (0.0%) BJ try=168452 kill=37774 nodes=5242880
ADAPT sh7 rp[P=8192 try=27697 kill=3634 13%] pd[P=44 try=2057300 kill=542153 26%]
DEATH sh10 liveend=0 estate=11604011 reach=7948701 dyn=390345 flow=0 geom=1829611
PDEV sh10 try=0 kill=0 (0.0%) BJ try=173744 kill=35930 nodes=3145728
ADAPT sh10 rp[P=8192 try=19041 kill=1976 10%] pd[P=5314 try=2217139 kill=563414 25%]
T3[t=5397s] shard9 r0 #88 cell=(34,47) sc=50273 nodes=3000001 r=-1
DEATH sh0 liveend=0 estate=7652093 reach=5103720 dyn=552049 flow=0 geom=1112765
PDEV sh0 try=0 kill=0 (0.0%) BJ try=115568 kill=14515 nodes=1048576
ADAPT sh0 rp[P=6957 try=46213 kill=7683 17%] pd[P=8192 try=769997 kill=180379 23%]
T3[t=5403s] shard6 r0 #76 cell=(193,78) sc=50268 nodes=462133 r=0
T3[t=5403s] shard9 r0 #89 cell=(96,53) sc=50263 nodes=32061 r=0
DEATH sh11 liveend=0 estate=11125137 reach=7512896 dyn=405132 flow=0 geom=1682584
PDEV sh11 try=0 kill=0 (0.0%) BJ try=167873 kill=36299 nodes=3145728
ADAPT sh11 rp[P=4840 try=19321 kill=2062 11%] pd[P=106 try=2112049 kill=562216 27%]
T3[t=5408s] shard6 r0 #77 cell=(194,79) sc=50275 nodes=40748 r=0
T3[t=5414s] shard7 r2 #32 cell=(49,55) sc=50271 nodes=6000001 r=-1
DEATH sh14 liveend=0 estate=10845119 reach=7274055 dyn=420099 flow=0 geom=1624811
PDEV sh14 try=0 kill=0 (0.0%) BJ try=163030 kill=35066 nodes=4194304
ADAPT sh14 rp[P=8192 try=17230 kill=1713 10%] pd[P=44 try=2082144 kill=556012 27%]
DEATH sh8 liveend=0 estate=11108172 reach=7459008 dyn=386405 flow=0 geom=1682136
PDEV sh8 try=0 kill=0 (0.0%) BJ try=165149 kill=35571 nodes=1048576
ADAPT sh8 rp[P=8192 try=22377 kill=2684 12%] pd[P=50 try=2134196 kill=555278 26%]
DEATH sh1 liveend=0 estate=11188605 reach=7602373 dyn=399782 flow=0 geom=1728378
PDEV sh1 try=0 kill=0 (0.0%) BJ try=168388 kill=35589 nodes=1048576
ADAPT sh1 rp[P=8192 try=20265 kill=2267 11%] pd[P=24 try=2102970 kill=545582 26%]
DEATH sh4 liveend=0 estate=11111773 reach=7436824 dyn=407856 flow=0 geom=1669105
PDEV sh4 try=0 kill=0 (0.0%) BJ try=166229 kill=35456 nodes=1048576
ADAPT sh4 rp[P=8192 try=24115 kill=3009 12%] pd[P=74 try=2121762 kill=555908 26%]
DEATH sh12 liveend=0 estate=7358376 reach=4840753 dyn=648996 flow=0 geom=1008436
PDEV sh12 try=0 kill=0 (0.0%) BJ try=112435 kill=11684 nodes=1048576
ADAPT sh12 rp[P=389 try=50613 kill=8470 17%] pd[P=167 try=544873 kill=120781 22%]
DEATH sh3 liveend=0 estate=7630512 reach=5039679 dyn=574381 flow=0 geom=1095913
PDEV sh3 try=0 kill=0 (0.0%) BJ try=116299 kill=15157 nodes=2097152
ADAPT sh3 rp[P=8192 try=30406 kill=4806 16%] pd[P=8192 try=777616 kill=188136 24%]
T3[t=5437s] shard6 r0 #78 cell=(178,81) sc=50268 nodes=298776 r=0
DEATH sh2 liveend=0 estate=10276747 reach=6731723 dyn=480534 flow=0 geom=1453147
PDEV sh2 try=0 kill=0 (0.0%) BJ try=156265 kill=33184 nodes=2097152
ADAPT sh2 rp[P=8192 try=19916 kill=2315 12%] pd[P=66 try=1868803 kill=515396 28%]
T3[t=5444s] shard6 r0 #79 cell=(208,95) sc=50274 nodes=50134 r=0
DEATH sh13 liveend=0 estate=10400602 reach=6919046 dyn=446816 flow=0 geom=1511964
PDEV sh13 try=0 kill=0 (0.0%) BJ try=158868 kill=34245 nodes=1048576
ADAPT sh13 rp[P=8192 try=20471 kill=2406 12%] pd[P=50 try=1888212 kill=524056 28%]
DEATH sh5 liveend=0 estate=11746527 reach=8012432 dyn=357694 flow=0 geom=1844160
PDEV sh5 try=0 kill=0 (0.0%) BJ try=175082 kill=37558 nodes=5242880
ADAPT sh5 rp[P=8192 try=18606 kill=1876 10%] pd[P=156 try=2284988 kill=585650 26%]
DEATH sh15 liveend=0 estate=7325738 reach=4855157 dyn=623993 flow=0 geom=1014548
PDEV sh15 try=0 kill=0 (0.0%) BJ try=112795 kill=12562 nodes=1048576
ADAPT sh15 rp[P=1614 try=61884 kill=10563 17%] pd[P=90 try=579627 kill=136735 24%]
T3[t=5459s] shard6 r0 #80 cell=(219,98) sc=50260 nodes=179360 r=0
T3[t=5469s] shard6 r0 #81 cell=(37,106) sc=50268 nodes=92782 r=0
DEATH sh14 liveend=0 estate=10994916 reach=7377245 dyn=420099 flow=0 geom=1650269
PDEV sh14 try=0 kill=0 (0.0%) BJ try=165127 kill=35563 nodes=5242880
ADAPT sh14 rp[P=7369 try=17386 kill=1721 10%] pd[P=47 try=2118212 kill=564978 27%]
T3[t=5471s] shard0 r0 #55 cell=(16,65) sc=50270 nodes=1714222 r=0
T3[t=5474s] shard6 r0 #82 cell=(9,126) sc=50265 nodes=37726 r=0
DEATH sh8 liveend=0 estate=11257250 reach=7560612 dyn=386405 flow=0 geom=1707165
PDEV sh8 try=0 kill=0 (0.0%) BJ try=167246 kill=36051 nodes=2097152
ADAPT sh8 rp[P=8192 try=22567 kill=2701 12%] pd[P=129 try=2169025 kill=563765 26%]
DEATH sh7 liveend=0 estate=11396794 reach=7758393 dyn=402637 flow=0 geom=1760665
PDEV sh7 try=0 kill=0 (0.0%) BJ try=172064 kill=38659 nodes=1048576
ADAPT sh7 rp[P=8192 try=27970 kill=3650 13%] pd[P=44 try=2110930 kill=556446 26%]
DEATH sh4 liveend=0 estate=11258529 reach=7537593 dyn=407856 flow=0 geom=1693724
PDEV sh4 try=0 kill=0 (0.0%) BJ try=168326 kill=35936 nodes=2097152
ADAPT sh4 rp[P=8192 try=24295 kill=3023 12%] pd[P=61 try=2156005 kill=564262 26%]
DEATH sh11 liveend=0 estate=11277181 reach=7616477 dyn=406431 flow=0 geom=1707830
PDEV sh11 try=0 kill=0 (0.0%) BJ try=169970 kill=36777 nodes=4194304
ADAPT sh11 rp[P=2889 try=19514 kill=2081 11%] pd[P=86 try=2148090 kill=571049 27%]
T3[t=5492s] shard6 r0 #83 cell=(8,183) sc=50266 nodes=110576 r=0
DEATH sh1 liveend=0 estate=11327987 reach=7695197 dyn=402354 flow=0 geom=1749306
PDEV sh1 try=0 kill=0 (0.0%) BJ try=170485 kill=36113 nodes=2097152
ADAPT sh1 rp[P=5527 try=20442 kill=2282 11%] pd[P=71 try=2133093 kill=554187 26%]
T3[t=5495s] shard5 r2 #5 cell=(42,58) sc=50255 nodes=6000001 r=-1
T3[t=5497s] shard0 r0 #56 cell=(197,66) sc=50270 nodes=277048 r=0
T3[t=5499s] shard6 r0 #84 cell=(207,22) sc=50270 nodes=53763 r=0
DEATH sh13 liveend=0 estate=10544416 reach=7028051 dyn=446816 flow=0 geom=1539435
PDEV sh13 try=0 kill=0 (0.0%) BJ try=160965 kill=34711 nodes=2097152
ADAPT sh13 rp[P=8192 try=20656 kill=2423 12%] pd[P=60 try=1918728 kill=531567 28%]
T3[t=5501s] shard2 r1 #54 cell=(34,57) sc=50260 nodes=3000001 r=-1
T3[t=5502s] shard14 r2 #3 cell=(36,56) sc=50269 nodes=6000001 r=-1
T3[t=5514s] shard8 r3 #17 cell=(43,67) sc=50271 nodes=3000001 r=-1
DEATH sh9 liveend=0 estate=7289891 reach=4725394 dyn=707503 flow=0 geom=962466
PDEV sh9 try=0 kill=0 (0.0%) BJ try=113348 kill=10833 nodes=1048576
ADAPT sh9 rp[P=6957 try=32602 kill=5184 16%] pd[P=8192 try=499124 kill=121020 24%]
T3[t=5520s] shard10 r2 #21 cell=(35,69) sc=50259 nodes=4833612 r=0
T3[t=5530s] shard6 r0 #85 cell=(86,29) sc=50271 nodes=170150 r=0
DEATH sh12 liveend=0 estate=7514999 reach=4962502 dyn=648996 flow=0 geom=1036162
PDEV sh12 try=0 kill=0 (0.0%) BJ try=114532 kill=12098 nodes=2097152
ADAPT sh12 rp[P=320 try=59258 kill=10039 17%] pd[P=90 try=566077 kill=124826 22%]
T3[t=5532s] shard3 r0 #88 cell=(31,46) sc=50271 nodes=3000001 r=-1
DEATH sh4 liveend=0 estate=11407606 reach=7640152 dyn=407856 flow=0 geom=1719076
PDEV sh4 try=0 kill=0 (0.0%) BJ try=170423 kill=36430 nodes=3145728
ADAPT sh4 rp[P=8192 try=24490 kill=3042 12%] pd[P=66 try=2191856 kill=573119 26%]
DEATH sh13 liveend=0 estate=10681283 reach=7128977 dyn=446816 flow=0 geom=1565021
PDEV sh13 try=0 kill=0 (0.0%) BJ try=163062 kill=35172 nodes=3145728
ADAPT sh13 rp[P=8192 try=20811 kill=2430 12%] pd[P=90 try=1944204 kill=537476 28%]
DEATH sh15 liveend=0 estate=7481944 reach=4978129 dyn=623993 flow=0 geom=1042755
PDEV sh15 try=0 kill=0 (0.0%) BJ try=114892 kill=13030 nodes=2097152
ADAPT sh15 rp[P=701 try=71638 kill=12330 17%] pd[P=242 try=599531 kill=140547 23%]
DEATH sh7 liveend=0 estate=11536693 reach=7851369 dyn=405581 flow=0 geom=1781460
PDEV sh7 try=0 kill=0 (0.0%) BJ try=174161 kill=39186 nodes=2097152
ADAPT sh7 rp[P=8192 try=28193 kill=3676 13%] pd[P=107 try=2140928 kill=565065 26%]
DEATH sh1 liveend=0 estate=11467337 reach=7789321 dyn=402481 flow=0 geom=1771318
PDEV sh1 try=0 kill=0 (0.0%) BJ try=172582 kill=36676 nodes=3145728
ADAPT sh1 rp[P=8192 try=20644 kill=2300 11%] pd[P=33 try=2164620 kill=563230 26%]
DEATH sh11 liveend=0 estate=11429727 reach=7721698 dyn=406431 flow=0 geom=1733745
PDEV sh11 try=0 kill=0 (0.0%) BJ try=172067 kill=37259 nodes=5242880
ADAPT sh11 rp[P=8192 try=19749 kill=2105 11%] pd[P=47 try=2185149 kill=580017 27%]
T3[t=5565s] shard6 r0 #86 cell=(201,34) sc=50269 nodes=332593 r=0
DEATH sh2 liveend=0 estate=10532510 reach=6907552 dyn=485577 flow=0 geom=1493216
PDEV sh2 try=0 kill=0 (0.0%) BJ try=160168 kill=34190 nodes=1048576
ADAPT sh2 rp[P=7369 try=20235 kill=2338 12%] pd[P=35 try=1923716 kill=531101 28%]
DEATH sh14 liveend=0 estate=11252681 reach=7553338 dyn=420667 flow=0 geom=1693256
PDEV sh14 try=0 kill=0 (0.0%) BJ try=168739 kill=36450 nodes=1048576
ADAPT sh14 rp[P=8192 try=17759 kill=1757 10%] pd[P=74 try=2178353 kill=579686 27%]
DEATH sh5 liveend=0 estate=11990370 reach=8175341 dyn=362754 flow=0 geom=1881370
PDEV sh5 try=0 kill=0 (0.0%) BJ try=178694 kill=38393 nodes=1048576
ADAPT sh5 rp[P=8192 try=19130 kill=1944 10%] pd[P=229 try=2336613 kill=599360 26%]
DEATH sh10 liveend=0 estate=11960602 reach=8186730 dyn=400508 flow=0 geom=1882215
PDEV sh10 try=0 kill=0 (0.0%) BJ try=179217 kill=37237 nodes=1048576
ADAPT sh10 rp[P=8192 try=19640 kill=2039 10%] pd[P=98 try=2288618 kill=583839 26%]
DEATH sh8 liveend=0 estate=11526786 reach=7752735 dyn=386841 flow=0 geom=1753253
PDEV sh8 try=0 kill=0 (0.0%) BJ try=171149 kill=37011 nodes=1048576
ADAPT sh8 rp[P=8192 try=23386 kill=2819 12%] pd[P=37 try=2230012 kill=578897 26%]
T3[t=5600s] shard11 r2 #24 cell=(44,70) sc=50261 nodes=6000001 r=-1
T3[t=5612s] shard12 r0 #89 cell=(52,65) sc=50272 nodes=3000001 r=-1
DEATH sh0 liveend=0 estate=7895377 reach=5252195 dyn=586212 flow=0 geom=1139684
PDEV sh0 try=0 kill=0 (0.0%) BJ try=119550 kill=14624 nodes=1048576
ADAPT sh0 rp[P=7726 try=46864 kill=7784 17%] pd[P=8192 try=770257 kill=180389 23%]
T3[t=5617s] shard12 r0 #90 cell=(225,66) sc=50270 nodes=48614 r=0
T3[t=5621s] shard6 r0 #87 cell=(203,40) sc=50265 nodes=611415 r=0
DEATH sh7 liveend=0 estate=11675902 reach=7944037 dyn=408473 flow=0 geom=1802243
PDEV sh7 try=0 kill=0 (0.0%) BJ try=176258 kill=39685 nodes=3145728
ADAPT sh7 rp[P=8192 try=28365 kill=3689 13%] pd[P=110 try=2169723 kill=573259 26%]
DEATH sh1 liveend=0 estate=11606736 reach=7882655 dyn=404899 flow=0 geom=1792367
PDEV sh1 try=0 kill=0 (0.0%) BJ try=174679 kill=37258 nodes=4194304
ADAPT sh1 rp[P=8192 try=21212 kill=2387 11%] pd[P=38 try=2192488 kill=571124 26%]
DEATH sh4 liveend=0 estate=11561734 reach=7745632 dyn=409192 flow=0 geom=1744733
PDEV sh4 try=0 kill=0 (0.0%) BJ try=172520 kill=36904 nodes=4194304
ADAPT sh4 rp[P=8082 try=24709 kill=3066 12%] pd[P=56 try=2229427 kill=582044 26%]
DEATH sh14 liveend=0 estate=11399440 reach=7654139 dyn=420667 flow=0 geom=1717863
PDEV sh14 try=0 kill=0 (0.0%) BJ try=170836 kill=36926 nodes=2097152
ADAPT sh14 rp[P=8192 try=17940 kill=1771 10%] pd[P=61 try=2212599 kill=588050 27%]
DEATH sh9 liveend=0 estate=7417427 reach=4803191 dyn=726332 flow=0 geom=976369
PDEV sh9 try=0 kill=0 (0.0%) BJ try=115445 kill=10866 nodes=2097152
ADAPT sh9 rp[P=8192 try=32867 kill=5220 16%] pd[P=8192 try=499246 kill=121023 24%]
DEATH sh2 liveend=0 estate=10669021 reach=7002326 dyn=488685 flow=0 geom=1514601
PDEV sh2 try=0 kill=0 (0.0%) BJ try=162265 kill=34740 nodes=2097152
ADAPT sh2 rp[P=8192 try=20403 kill=2349 12%] pd[P=106 try=1952520 kill=539240 28%]
T3[t=5635s] shard15 r0 #76 cell=(40,69) sc=50261 nodes=3000001 r=-1
DEATH sh8 liveend=0 estate=11670307 reach=7860351 dyn=386841 flow=0 geom=1780385
PDEV sh8 try=0 kill=0 (0.0%) BJ try=173246 kill=37513 nodes=2097152
ADAPT sh8 rp[P=8192 try=23569 kill=2834 12%] pd[P=131 try=2260086 kill=586196 26%]
T3[t=5639s] shard15 r0 #77 cell=(216,73) sc=50275 nodes=47060 r=0
DEATH sh13 liveend=0 estate=10967526 reach=7342751 dyn=446816 flow=0 geom=1619057
PDEV sh13 try=0 kill=0 (0.0%) BJ try=167256 kill=36123 nodes=5242880
ADAPT sh13 rp[P=2009 try=21252 kill=2479 12%] pd[P=38 try=2004408 kill=552095 28%]
T3[t=5642s] shard6 r0 #88 cell=(218,41) sc=50266 nodes=188525 r=0
DEATH sh3 liveend=0 estate=7867174 reach=5184352 dyn=609567 flow=0 geom=1121698
PDEV sh3 try=0 kill=0 (0.0%) BJ try=120202 kill=15222 nodes=1048576
ADAPT sh3 rp[P=8192 try=30906 kill=4875 16%] pd[P=8192 try=777846 kill=188140 24%]
DEATH sh10 liveend=0 estate=12097214 reach=8281752 dyn=403492 flow=0 geom=1903698
PDEV sh10 try=0 kill=0 (0.0%) BJ try=181314 kill=37755 nodes=2097152
ADAPT sh10 rp[P=8192 try=19823 kill=2053 10%] pd[P=106 try=2317783 kill=592105 26%]
DEATH sh5 liveend=0 estate=12130622 reach=8268766 dyn=365811 flow=0 geom=1902373
PDEV sh5 try=0 kill=0 (0.0%) BJ try=180791 kill=38944 nodes=2097152
ADAPT sh5 rp[P=6935 try=19615 kill=2017 10%] pd[P=54 try=2365356 kill=607667 26%]
T3[t=5663s] shard1 r2 #10 cell=(31,57) sc=50267 nodes=4735647 r=0
T3[t=5665s] shard8 r3 #55 cell=(42,65) sc=50260 nodes=3000001 r=-1
sweep shard8 round3 done (budget 3000000)
DEATH sh11 liveend=0 estate=11676297 reach=7887304 dyn=408599 flow=0 geom=1772724
PDEV sh11 try=0 kill=0 (0.0%) BJ try=175679 kill=38151 nodes=1048576
ADAPT sh11 rp[P=8192 try=20368 kill=2187 11%] pd[P=66 try=2239098 kill=594503 27%]
T3[t=5665s] shard6 r0 #89 cell=(213,44) sc=50271 nodes=238593 r=0
T3[t=5677s] shard6 r0 #90 cell=(105,46) sc=50267 nodes=71086 r=0
DEATH sh7 liveend=0 estate=11814823 reach=8037900 dyn=408525 flow=0 geom=1824133
PDEV sh7 try=0 kill=0 (0.0%) BJ try=178355 kill=40207 nodes=4194304
ADAPT sh7 rp[P=6935 try=28542 kill=3702 13%] pd[P=106 try=2200950 kill=582204 26%]
T3[t=5681s] shard9 r0 #90 cell=(21,60) sc=50270 nodes=2557345 r=0
DEATH sh4 liveend=0 estate=11711620 reach=7848348 dyn=409192 flow=0 geom=1770083
PDEV sh4 try=0 kill=0 (0.0%) BJ try=174617 kill=37393 nodes=5242880
ADAPT sh4 rp[P=8192 try=24912 kill=3088 12%] pd[P=44 try=2265345 kill=591030 26%]
DEATH sh12 liveend=0 estate=7795008 reach=5171646 dyn=650308 flow=0 geom=1085125
PDEV sh12 try=0 kill=0 (0.0%) BJ try=118532 kill=13000 nodes=1048576
ADAPT sh12 rp[P=8192 try=65740 kill=11178 17%] pd[P=178 try=617280 kill=137195 22%]
DEATH sh14 liveend=0 estate=11548517 reach=7756698 dyn=420667 flow=0 geom=1743215
PDEV sh14 try=0 kill=0 (0.0%) BJ try=172933 kill=37420 nodes=3145728
ADAPT sh14 rp[P=8192 try=18135 kill=1790 10%] pd[P=66 try=2248450 kill=596907 27%]
T3[t=5687s] shard0 r0 #57 cell=(30,67) sc=50253 nodes=1741141 r=0
T3[t=5688s] shard6 r0 #91 cell=(255,50) sc=50266 nodes=113178 r=0
T3[t=5695s] shard2 r1 #55 cell=(33,58) sc=50258 nodes=3000001 r=-1
T3[t=5702s] shard7 r2 #33 cell=(47,69) sc=50254 nodes=4492774 r=0
T3[t=5713s] shard4 r2 #30 cell=(49,59) sc=50268 nodes=6000001 r=-1
T3[t=5717s] shard0 r0 #58 cell=(210,67) sc=50276 nodes=355377 r=0
DEATH sh10 liveend=0 estate=12235703 reach=8377246 dyn=406472 flow=0 geom=1925538
PDEV sh10 try=0 kill=0 (0.0%) BJ try=183411 kill=38283 nodes=3145728
ADAPT sh10 rp[P=7369 try=20016 kill=2071 10%] pd[P=60 try=2347211 kill=600534 26%]
DEATH sh5 liveend=0 estate=12269131 reach=8361619 dyn=367804 flow=0 geom=1923412
PDEV sh5 try=0 kill=0 (0.0%) BJ try=182888 kill=39468 nodes=3145728
ADAPT sh5 rp[P=8192 try=19805 kill=2035 10%] pd[P=4580 try=2394987 kill=616090 26%]
T3[t=5723s] shard13 r2 #34 cell=(47,60) sc=50269 nodes=6000001 r=-1
T3[t=5731s] shard9 r0 #91 cell=(161,64) sc=50277 nodes=515316 r=0
DEATH sh11 liveend=0 estate=11816145 reach=7980477 dyn=411663 flow=0 geom=1793491
PDEV sh11 try=0 kill=0 (0.0%) BJ try=177776 kill=38670 nodes=2097152
ADAPT sh11 rp[P=8192 try=20562 kill=2204 11%] pd[P=121 try=2268805 kill=603072 27%]
DEATH sh8 liveend=0 estate=11938941 reach=8050322 dyn=387393 flow=0 geom=1827593
PDEV sh8 try=0 kill=0 (0.0%) BJ try=177149 kill=38406 nodes=1048576
ADAPT sh8 rp[P=7369 try=23911 kill=2862 12%] pd[P=222 try=2317382 kill=599852 26%]
DEATH sh1 liveend=0 estate=11830645 reach=8034428 dyn=407507 flow=0 geom=1828375
PDEV sh1 try=0 kill=0 (0.0%) BJ try=177859 kill=38034 nodes=1048576
ADAPT sh1 rp[P=8192 try=21511 kill=2413 11%] pd[P=50 try=2242943 kill=583959 26%]
DEATH sh15 liveend=0 estate=7749184 reach=5167342 dyn=643572 flow=0 geom=1082138
PDEV sh15 try=0 kill=0 (0.0%) BJ try=118889 kill=13428 nodes=1048576
ADAPT sh15 rp[P=5794 try=79376 kill=13713 17%] pd[P=8192 try=618333 kill=144091 23%]
DEATH sh3 liveend=0 estate=7994462 reach=5262410 dyn=628178 flow=0 geom=1135573
PDEV sh3 try=0 kill=0 (0.0%) BJ try=122299 kill=15261 nodes=2097152
ADAPT sh3 rp[P=6935 try=31162 kill=4910 16%] pd[P=8192 try=777969 kill=188143 24%]
DEATH sh2 liveend=0 estate=10924746 reach=7178138 dyn=494125 flow=0 geom=1554813
PDEV sh2 try=0 kill=0 (0.0%) BJ try=166168 kill=35758 nodes=1048576
ADAPT sh2 rp[P=7957 try=20700 kill=2367 11%] pd[P=90 try=2005714 kill=554332 28%]
T3[t=5763s] shard10 r2 #44 cell=(51,54) sc=50278 nodes=3945559 r=0
DEATH sh7 liveend=0 estate=11993077 reach=8157332 dyn=411494 flow=0 geom=1851032
PDEV sh7 try=0 kill=0 (0.0%) BJ try=181049 kill=40901 nodes=1048576
ADAPT sh7 rp[P=8192 try=28859 kill=3741 13%] pd[P=30 try=2238960 kill=593071 26%]
DEATH sh12 liveend=0 estate=7934042 reach=5266663 dyn=654325 flow=0 geom=1107181
PDEV sh12 try=0 kill=0 (0.0%) BJ try=120629 kill=13455 nodes=2097152
ADAPT sh12 rp[P=8192 try=65921 kill=11192 17%] pd[P=178 try=643249 kill=144274 22%]
DEATH sh14 liveend=0 estate=11702535 reach=7861824 dyn=421954 flow=0 geom=1768701
PDEV sh14 try=0 kill=0 (0.0%) BJ try=175030 kill=37907 nodes=4194304
ADAPT sh14 rp[P=8192 try=18287 kill=1797 10%] pd[P=44 try=2286145 kill=605906 27%]
DEATH sh4 liveend=0 estate=11955208 reach=8012238 dyn=411482 flow=0 geom=1808230
PDEV sh4 try=0 kill=0 (0.0%) BJ try=178229 kill=38269 nodes=1048576
ADAPT sh4 rp[P=8192 try=25575 kill=3181 12%] pd[P=156 try=2318085 kill=605063 26%]
DEATH sh5 liveend=0 estate=12408216 reach=8454825 dyn=368916 flow=0 geom=1944769
PDEV sh5 try=0 kill=0 (0.0%) BJ try=184985 kill=40050 nodes=4194304
ADAPT sh5 rp[P=8192 try=20000 kill=2054 10%] pd[P=201 try=2425111 kill=624697 26%]
DEATH sh13 liveend=0 estate=11207124 reach=7505787 dyn=452532 flow=0 geom=1656421
PDEV sh13 try=0 kill=0 (0.0%) BJ try=170868 kill=37049 nodes=1048576
ADAPT sh13 rp[P=7957 try=21745 kill=2537 12%] pd[P=90 try=2054149 kill=565539 28%]
DEATH sh8 liveend=0 estate=12087629 reach=8151864 dyn=387393 flow=0 geom=1852485
PDEV sh8 try=0 kill=0 (0.0%) BJ try=179246 kill=38868 nodes=2097152
ADAPT sh8 rp[P=8192 try=24072 kill=2871 12%] pd[P=81 try=2352537 kill=608427 26%]
DEATH sh1 liveend=0 estate=11979723 reach=8136028 dyn=407507 flow=0 geom=1853404
PDEV sh1 try=0 kill=0 (0.0%) BJ try=179956 kill=38514 nodes=2097152
ADAPT sh1 rp[P=8192 try=21701 kill=2430 11%] pd[P=129 try=2277772 kill=592446 26%]
DEATH sh6 liveend=0 estate=8309388 reach=5580920 dyn=579663 flow=0 geom=1217106
PDEV sh6 try=0 kill=0 (0.0%) BJ try=124772 kill=16407 nodes=1048576
ADAPT sh6 rp[P=6957 try=70734 kill=12055 17%] pd[P=8192 try=828432 kill=191665 23%]
DEATH sh0 liveend=0 estate=8183557 reach=5449013 dyn=604207 flow=0 geom=1182512
PDEV sh0 try=0 kill=0 (0.0%) BJ try=123742 kill=15189 nodes=1048576
ADAPT sh0 rp[P=4154 try=54662 kill=9179 17%] pd[P=52 try=789717 kill=184147 23%]
T3[t=5816s] shard12 r0 #91 cell=(38,69) sc=50263 nodes=3000001 r=-1
DEATH sh10 liveend=0 estate=12477056 reach=8544661 dyn=409653 flow=0 geom=1964165
PDEV sh10 try=0 kill=0 (0.0%) BJ try=187108 kill=39197 nodes=1048576
ADAPT sh10 rp[P=8192 try=20320 kill=2094 10%] pd[P=44 try=2399979 kill=615546 26%]
DEATH sh14 liveend=0 estate=11852549 reach=7964661 dyn=421954 flow=0 geom=1794169
PDEV sh14 try=0 kill=0 (0.0%) BJ try=177127 kill=38389 nodes=5242880
ADAPT sh14 rp[P=7369 try=18447 kill=1807 10%] pd[P=47 try=2322229 kill=614934 26%]
T3[t=5824s] shard15 r0 #78 cell=(8,75) sc=50264 nodes=1758742 r=0
T3[t=5827s] shard8 r4 #16 cell=(42,66) sc=50277 nodes=3000001 r=-1
T3[t=5831s] shard12 r0 #92 cell=(231,72) sc=50259 nodes=143476 r=0
DEATH sh1 liveend=0 estate=12126261 reach=8236469 dyn=407507 flow=0 geom=1877348
PDEV sh1 try=0 kill=0 (0.0%) BJ try=182053 kill=39028 nodes=3145728
ADAPT sh1 rp[P=4840 try=21913 kill=2455 11%] pd[P=106 try=2311275 kill=600535 26%]
DEATH sh9 liveend=0 estate=7663264 reach=4953215 dyn=761732 flow=0 geom=1003460
PDEV sh9 try=0 kill=0 (0.0%) BJ try=119492 kill=10994 nodes=1048576
ADAPT sh9 rp[P=8192 try=33313 kill=5275 16%] pd[P=8192 try=499498 kill=121031 24%]
DEATH sh7 liveend=0 estate=12133270 reach=8251148 dyn=413681 flow=0 geom=1872363
PDEV sh7 try=0 kill=0 (0.0%) BJ try=183146 kill=41431 nodes=2097152
ADAPT sh7 rp[P=8192 try=29037 kill=3755 13%] pd[P=180 try=2270381 kill=602065 27%]
T3[t=5846s] shard3 r0 #89 cell=(28,55) sc=50273 nodes=3000001 r=-1
DEATH sh4 liveend=0 estate=12095757 reach=8105799 dyn=414680 flow=0 geom=1829194
PDEV sh4 try=0 kill=0 (0.0%) BJ try=180326 kill=38831 nodes=2097152
ADAPT sh4 rp[P=8192 try=26142 kill=3267 12%] pd[P=80 try=2346739 kill=613313 26%]
T3[t=5852s] shard14 r2 #7 cell=(42,64) sc=50267 nodes=6000001 r=-1
DEATH sh5 liveend=0 estate=12548558 reach=8548264 dyn=371867 flow=0 geom=1965790
PDEV sh5 try=0 kill=0 (0.0%) BJ try=187082 kill=40561 nodes=5242880
ADAPT sh5 rp[P=8192 try=20213 kill=2078 10%] pd[P=38 try=2454875 kill=633352 26%]
DEATH sh11 liveend=0 estate=12094103 reach=8166832 dyn=414764 flow=0 geom=1835952
PDEV sh11 try=0 kill=0 (0.0%) BJ try=181970 kill=39751 nodes=4194304
ADAPT sh11 rp[P=5706 try=21216 kill=2290 11%] pd[P=38 try=2328223 kill=620103 27%]
T3[t=5877s] shard2 r1 #57 cell=(46,63) sc=50272 nodes=3000001 r=-1
sweep shard2 round1 done (budget 3000000)
DEATH sh10 liveend=0 estate=12613617 reach=8639073 dyn=412903 flow=0 geom=1985449
PDEV sh10 try=0 kill=0 (0.0%) BJ try=189205 kill=39707 nodes=2097152
ADAPT sh10 rp[P=8192 try=20489 kill=2106 10%] pd[P=52 try=2428841 kill=623686 26%]
T3[t=5880s] shard11 r2 #39 cell=(41,57) sc=50254 nodes=4519520 r=0
T3[t=5883s] shard15 r0 #79 cell=(201,76) sc=50270 nodes=651593 r=0
T3[t=5888s] shard5 r2 #16 cell=(39,67) sc=50263 nodes=6000001 r=-1
DEATH sh0 liveend=0 estate=8340779 reach=5571479 dyn=604207 flow=0 geom=1210707
PDEV sh0 try=0 kill=0 (0.0%) BJ try=125839 kill=15627 nodes=2097152
ADAPT sh0 rp[P=172 try=62091 kill=10532 17%] pd[P=296 try=811742 kill=188394 23%]
DEATH sh8 liveend=0 estate=12365470 reach=8341899 dyn=388054 flow=0 geom=1898323
PDEV sh8 try=0 kill=0 (0.0%) BJ try=183149 kill=39762 nodes=1048576
ADAPT sh8 rp[P=8192 try=24434 kill=2901 12%] pd[P=50 try=2417272 kill=624028 26%]
DEATH sh6 liveend=0 estate=8436992 reach=5658684 dyn=598426 flow=0 geom=1230998
PDEV sh6 try=0 kill=0 (0.0%) BJ try=126869 kill=16440 nodes=2097152
ADAPT sh6 rp[P=8192 try=70999 kill=12091 17%] pd[P=8192 try=828554 kill=191668 23%]
DEATH sh7 liveend=0 estate=12273856 reach=8345483 dyn=415964 flow=0 geom=1893922
PDEV sh7 try=0 kill=0 (0.0%) BJ try=185243 kill=41992 nodes=3145728
ADAPT sh7 rp[P=2495 try=29965 kill=3910 13%] pd[P=95 try=2297883 kill=609859 27%]
DEATH sh1 liveend=0 estate=12278358 reach=8340082 dyn=408799 flow=0 geom=1902668
PDEV sh1 try=0 kill=0 (0.0%) BJ try=184150 kill=39525 nodes=4194304
ADAPT sh1 rp[P=4145 try=22095 kill=2471 11%] pd[P=54 try=2346841 kill=609244 26%]
DEATH sh4 liveend=0 estate=12235630 reach=8198921 dyn=417522 flow=0 geom=1850066
PDEV sh4 try=0 kill=0 (0.0%) BJ try=182423 kill=39423 nodes=3145728
ADAPT sh4 rp[P=1372 try=27021 kill=3414 13%] pd[P=74 try=2373538 kill=620918 26%]
T3[t=5909s] shard15 r0 #80 cell=(177,80) sc=50254 nodes=298254 r=0
DEATH sh14 liveend=0 estate=12096136 reach=8128582 dyn=424678 flow=0 geom=1832365
PDEV sh14 try=0 kill=0 (0.0%) BJ try=180739 kill=39311 nodes=1048576
ADAPT sh14 rp[P=8192 try=18918 kill=1863 10%] pd[P=30 try=2374228 kill=628759 26%]
T3[t=5921s] shard15 r0 #81 cell=(179,82) sc=50263 nodes=59112 r=0
DEATH sh12 liveend=0 estate=8200084 reach=5440364 dyn=676048 flow=0 geom=1143748
PDEV sh12 try=0 kill=0 (0.0%) BJ try=124818 kill=13954 nodes=1048576
ADAPT sh12 rp[P=8192 try=66350 kill=11239 17%] pd[P=8192 try=670090 kill=151705 23%]
T3[t=5947s] shard15 r0 #82 cell=(38,97) sc=50263 nodes=191104 r=0
T3[t=5947s] shard12 r0 #93 cell=(7,84) sc=50275 nodes=1156382 r=0
DEATH sh8 liveend=0 estate=12514548 reach=8443503 dyn=388054 flow=0 geom=1923352
PDEV sh8 try=0 kill=0 (0.0%) BJ try=185246 kill=40242 nodes=2097152
ADAPT sh8 rp[P=8192 try=24624 kill=2918 12%] pd[P=129 try=2452101 kill=632515 26%]
DEATH sh10 liveend=0 estate=12751688 reach=8734304 dyn=416194 flow=0 geom=2007046
PDEV sh10 try=0 kill=0 (0.0%) BJ try=191302 kill=40238 nodes=3145728
ADAPT sh10 rp[P=8192 try=20660 kill=2119 10%] pd[P=90 try=2458036 kill=632021 26%]
DEATH sh11 liveend=0 estate=12289619 reach=8299269 dyn=417516 flow=0 geom=1867342
PDEV sh11 try=0 kill=0 (0.0%) BJ try=184718 kill=40414 nodes=1048576
ADAPT sh11 rp[P=8192 try=21494 kill=2316 11%] pd[P=74 try=2372286 kill=631284 27%]
T3[t=5962s] shard13 r2 #46 cell=(45,62) sc=50272 nodes=3951408 r=0
DEATH sh7 liveend=0 estate=12412683 reach=8439352 dyn=416124 flow=0 geom=1915658
PDEV sh7 try=0 kill=0 (0.0%) BJ try=187340 kill=42549 nodes=4194304
ADAPT sh7 rp[P=8192 try=30170 kill=3928 13%] pd[P=141 try=2329306 kill=618864 27%]
DEATH sh5 liveend=0 estate=12800958 reach=8720538 dyn=372328 flow=0 geom=2007091
PDEV sh5 try=0 kill=0 (0.0%) BJ try=190694 kill=41471 nodes=1048576
ADAPT sh5 rp[P=6739 try=20843 kill=2163 10%] pd[P=26 try=2513276 kill=648526 26%]
T3[t=5972s] shard12 r0 #94 cell=(38,109) sc=50268 nodes=185750 r=0
T3[t=5974s] shard15 r0 #83 cell=(32,101) sc=50264 nodes=192989 r=0
T3[t=5974s] shard3 r0 #90 cell=(208,59) sc=50265 nodes=1359849 r=0
DEATH sh4 liveend=0 estate=12374658 reach=8292481 dyn=417913 flow=0 geom=1871608
PDEV sh4 try=0 kill=0 (0.0%) BJ try=184520 kill=39980 nodes=4194304
ADAPT sh4 rp[P=8192 try=27259 kill=3436 13%] pd[P=83 try=2405019 kill=629923 26%]
T3[t=5980s] shard15 r0 #84 cell=(40,119) sc=50268 nodes=44784 r=0
T3[t=5982s] shard0 r0 #59 cell=(43,68) sc=50270 nodes=3000001 r=-1
DEATH sh1 liveend=0 estate=12431089 reach=8444920 dyn=408799 flow=0 geom=1928437
PDEV sh1 try=0 kill=0 (0.0%) BJ try=186247 kill=40026 nodes=5242880
ADAPT sh1 rp[P=8120 try=22324 kill=2496 11%] pd[P=50 try=2384074 kill=618324 26%]
T3[t=5986s] shard15 r0 #85 cell=(217,8) sc=50272 nodes=41935 r=0
T3[t=5989s] shard12 r0 #95 cell=(10,181) sc=50278 nodes=92554 r=0
T3[t=5990s] shard0 r0 #60 cell=(225,68) sc=50254 nodes=59113 r=0
T3[t=5995s] shard8 r4 #17 cell=(43,67) sc=50271 nodes=3000001 r=-1
T3[t=5999s] shard12 r0 #96 cell=(220,43) sc=50267 nodes=68036 r=0
T3[t=6000s] shard10 r2 #51 cell=(37,64) sc=50263 nodes=3879289 r=0
T3[t=6004s] shard6 r0 #92 cell=(26,53) sc=50275 nodes=3000001 r=-1
T3[t=6006s] shard4 r2 #31 cell=(51,61) sc=50271 nodes=4558733 r=0
T3[t=6007s] shard12 r0 #97 cell=(35,46) sc=50271 nodes=49962 r=0
DEATH sh2 liveend=0 estate=11458035 reach=7540480 dyn=505979 flow=0 geom=1636428
PDEV sh2 try=0 kill=0 (0.0%) BJ try=174265 kill=37837 nodes=2097152
ADAPT sh2 rp[P=8192 try=21539 kill=2454 11%] pd[P=80 try=2115514 kill=585270 28%]
DEATH sh11 liveend=0 estate=12436399 reach=8400052 dyn=417516 flow=0 geom=1891939
PDEV sh11 try=0 kill=0 (0.0%) BJ try=186815 kill=40885 nodes=2097152
ADAPT sh11 rp[P=8192 try=21675 kill=2330 11%] pd[P=61 try=2406572 kill=639668 27%]
DEATH sh5 liveend=0 estate=12947630 reach=8820849 dyn=372328 flow=0 geom=2031581
PDEV sh5 try=0 kill=0 (0.0%) BJ try=192791 kill=41960 nodes=2097152
ADAPT sh5 rp[P=6632 try=21052 kill=2185 10%] pd[P=71 try=2547526 kill=656966 26%]
T3[t=6026s] shard9 r0 #92 cell=(28,65) sc=50258 nodes=2760301 r=0
T3[t=6030s] shard1 r2 #14 cell=(46,64) sc=50272 nodes=6000001 r=-1
DEATH sh13 liveend=0 estate=11727268 reach=7864990 dyn=466080 flow=0 geom=1738024
PDEV sh13 try=0 kill=0 (0.0%) BJ try=178770 kill=38940 nodes=1048576
ADAPT sh13 rp[P=8192 try=22626 kill=2636 12%] pd[P=50 try=2160657 kill=595091 28%]
DEATH sh7 liveend=0 estate=12550468 reach=8529286 dyn=421884 flow=0 geom=1935001
PDEV sh7 try=0 kill=0 (0.0%) BJ try=189437 kill=43027 nodes=5242880
ADAPT sh7 rp[P=8192 try=30551 kill=3983 13%] pd[P=152 try=2355547 kill=626457 27%]
DEATH sh11 liveend=0 estate=12585476 reach=8502611 dyn=417516 flow=0 geom=1917291
PDEV sh11 try=0 kill=0 (0.0%) BJ try=188912 kill=41379 nodes=3145728
ADAPT sh11 rp[P=8192 try=21870 kill=2349 11%] pd[P=66 try=2442423 kill=648525 27%]
DEATH sh8 liveend=0 estate=12784084 reach=8635626 dyn=388490 flow=0 geom=1969440
PDEV sh8 try=0 kill=0 (0.0%) BJ try=189149 kill=41202 nodes=1048576
ADAPT sh8 rp[P=8192 try=25443 kill=3036 12%] pd[P=37 try=2513088 kill=647647 26%]
DEATH sh14 liveend=0 estate=12375768 reach=8314552 dyn=430251 flow=0 geom=1874187
PDEV sh14 try=0 kill=0 (0.0%) BJ try=184933 kill=40405 nodes=3145728
ADAPT sh14 rp[P=3548 try=19487 kill=1937 10%] pd[P=29 try=2432473 kill=645527 27%]
DEATH sh10 liveend=0 estate=12990370 reach=8906042 dyn=418860 flow=0 geom=2047549
PDEV sh10 try=0 kill=0 (0.0%) BJ try=194866 kill=41111 nodes=1048576
ADAPT sh10 rp[P=8192 try=21429 kill=2230 10%] pd[P=37 try=2510059 kill=645855 26%]
DEATH sh5 liveend=0 estate=13096736 reach=8923312 dyn=372328 flow=0 geom=2056906
PDEV sh5 try=0 kill=0 (0.0%) BJ try=194888 kill=42459 nodes=3145728
ADAPT sh5 rp[P=8192 try=21249 kill=2204 10%] pd[P=66 try=2583272 kill=665798 26%]
DEATH sh2 liveend=0 estate=11598043 reach=7633865 dyn=509118 flow=0 geom=1657328
PDEV sh2 try=0 kill=0 (0.0%) BJ try=176362 kill=38403 nodes=3145728
ADAPT sh2 rp[P=7369 try=21698 kill=2463 11%] pd[P=201 try=2144023 kill=593311 28%]
T3[t=6092s] shard9 r0 #93 cell=(181,66) sc=50268 nodes=632780 r=0
DEATH sh4 liveend=0 estate=12574949 reach=8428021 dyn=420763 flow=0 geom=1903701
PDEV sh4 try=0 kill=0 (0.0%) BJ try=187346 kill=40645 nodes=1048576
ADAPT sh4 rp[P=8192 try=27791 kill=3509 13%] pd[P=50 try=2449819 kill=641229 26%]
DEATH sh3 liveend=0 estate=8403632 reach=5512182 dyn=684855 flow=0 geom=1181291
PDEV sh3 try=0 kill=0 (0.0%) BJ try=128921 kill=15435 nodes=1048576
ADAPT sh3 rp[P=8192 try=31997 kill=5018 16%] pd[P=8192 try=778379 kill=188155 24%]
DEATH sh13 liveend=0 estate=11871082 reach=7973995 dyn=466080 flow=0 geom=1765495
PDEV sh13 try=0 kill=0 (0.0%) BJ try=180867 kill=39406 nodes=2097152
ADAPT sh13 rp[P=8192 try=22811 kill=2653 12%] pd[P=60 try=2191173 kill=602602 28%]
DEATH sh15 liveend=0 estate=8154870 reach=5412002 dyn=698747 flow=0 geom=1127734
PDEV sh15 try=0 kill=0 (0.0%) BJ try=125362 kill=13764 nodes=1048576
ADAPT sh15 rp[P=4973 try=80264 kill=13841 17%] pd[P=8192 try=618770 kill=144113 23%]
T3[t=6116s] shard7 r2 #35 cell=(39,65) sc=50266 nodes=6000001 r=-1
DEATH sh1 liveend=0 estate=12675837 reach=8608716 dyn=413066 flow=0 geom=1966381
PDEV sh1 try=0 kill=0 (0.0%) BJ try=189859 kill=40882 nodes=1048576
ADAPT sh1 rp[P=8192 try=22857 kill=2565 11%] pd[P=66 try=2435897 kill=632156 26%]
DEATH sh6 liveend=0 estate=8679694 reach=5810471 dyn=628814 flow=0 geom=1260068
PDEV sh6 try=0 kill=0 (0.0%) BJ try=130772 kill=16646 nodes=1048576
ADAPT sh6 rp[P=1169 try=72659 kill=12382 17%] pd[P=179 try=832625 kill=192462 23%]
DEATH sh8 liveend=0 estate=12927605 reach=8743242 dyn=388490 flow=0 geom=1996572
PDEV sh8 try=0 kill=0 (0.0%) BJ try=191246 kill=41704 nodes=2097152
ADAPT sh8 rp[P=8192 try=25626 kill=3051 12%] pd[P=131 try=2543162 kill=654946 26%]
DEATH sh12 liveend=0 estate=8389566 reach=5555648 dyn=704795 flow=0 geom=1163815
PDEV sh12 try=0 kill=0 (0.0%) BJ try=127921 kill=14021 nodes=1048576
ADAPT sh12 rp[P=6957 try=66907 kill=11324 17%] pd[P=8192 try=670284 kill=151709 23%]
DEATH sh10 liveend=0 estate=13133891 reach=9013658 dyn=418860 flow=0 geom=2074681
PDEV sh10 try=0 kill=0 (0.0%) BJ try=196963 kill=41613 nodes=2097152
ADAPT sh10 rp[P=8192 try=21612 kill=2245 10%] pd[P=131 try=2540133 kill=653154 26%]
T3[t=6144s] shard2 r2 #0 cell=(40,59) sc=50269 nodes=3960126 r=0
DEATH sh13 liveend=0 estate=12007973 reach=8074932 dyn=466080 flow=0 geom=1791114
PDEV sh13 try=0 kill=0 (0.0%) BJ try=182964 kill=39863 nodes=3145728
ADAPT sh13 rp[P=8192 try=22970 kill=2661 12%] pd[P=90 try=2216887 kill=608571 27%]
DEATH sh14 liveend=0 estate=12514772 reach=8408204 dyn=430568 flow=0 geom=1895821
PDEV sh14 try=0 kill=0 (0.0%) BJ try=187030 kill=40942 nodes=4194304
ADAPT sh14 rp[P=8192 try=19660 kill=1947 10%] pd[P=106 try=2464111 kill=654537 27%]
DEATH sh4 liveend=0 estate=12724024 reach=8529622 dyn=420763 flow=0 geom=1928723
PDEV sh4 try=0 kill=0 (0.0%) BJ try=189443 kill=41124 nodes=2097152
ADAPT sh4 rp[P=8192 try=27981 kill=3526 13%] pd[P=129 try=2484648 kill=649713 26%]
T3[t=6165s] shard8 r4 #55 cell=(42,65) sc=50260 nodes=3000001 r=-1
sweep shard8 round4 done (budget 3000000)
DEATH sh11 liveend=0 estate=12739596 reach=8608083 dyn=418860 flow=0 geom=1942948
PDEV sh11 try=0 kill=0 (0.0%) BJ try=191009 kill=41853 nodes=4194304
ADAPT sh11 rp[P=8082 try=22089 kill=2373 11%] pd[P=56 try=2479994 kill=657450 27%]
DEATH sh10 liveend=0 estate=13270044 reach=9113128 dyn=418860 flow=0 geom=2100049
PDEV sh10 try=0 kill=0 (0.0%) BJ try=199060 kill=42090 nodes=3145728
ADAPT sh10 rp[P=8192 try=21781 kill=2256 10%] pd[P=156 try=2565152 kill=658865 26%]
T3[t=6187s] shard14 r2 #10 cell=(37,69) sc=50257 nodes=4560461 r=0
DEATH sh5 liveend=0 estate=13250650 reach=9028462 dyn=373662 flow=0 geom=2082403
PDEV sh5 try=0 kill=0 (0.0%) BJ try=196985 kill=42937 nodes=4194304
ADAPT sh5 rp[P=8192 try=21408 kill=2213 10%] pd[P=44 try=2620905 kill=674780 26%]
DEATH sh7 liveend=0 estate=12786770 reach=8690750 dyn=424183 flow=0 geom=1972246
PDEV sh7 try=0 kill=0 (0.0%) BJ try=193049 kill=43975 nodes=1048576
ADAPT sh7 rp[P=8192 try=30843 kill=4004 13%] pd[P=98 try=2406960 kill=641031 27%]
DEATH sh1 liveend=0 estate=12816329 reach=8702515 dyn=415894 flow=0 geom=1987509
PDEV sh1 try=0 kill=0 (0.0%) BJ try=191956 kill=41447 nodes=2097152
ADAPT sh1 rp[P=8192 try=23162 kill=2606 11%] pd[P=35 try=2465248 kill=640603 26%]
T3[t=6210s] shard9 r0 #94 cell=(34,69) sc=50267 nodes=866612 r=0
DEATH sh4 liveend=0 estate=12870502 reach=8630106 dyn=420763 flow=0 geom=1952660
PDEV sh4 try=0 kill=0 (0.0%) BJ try=191540 kill=41642 nodes=3145728
ADAPT sh4 rp[P=4840 try=28191 kill=3550 13%] pd[P=106 try=2518117 kill=657801 26%]
T3[t=6214s] shard0 r0 #61 cell=(11,70) sc=50265 nodes=1764158 r=0
DEATH sh2 liveend=0 estate=11843988 reach=7797872 dyn=513422 flow=0 geom=1694166
PDEV sh2 try=0 kill=0 (0.0%) BJ try=180088 kill=39323 nodes=1048576
ADAPT sh2 rp[P=8192 try=22322 kill=2544 11%] pd[P=66 try=2194672 kill=607764 28%]
DEATH sh3 liveend=0 estate=8554584 reach=5622681 dyn=687448 flow=0 geom=1206333
PDEV sh3 try=0 kill=0 (0.0%) BJ try=131018 kill=15846 nodes=2097152
ADAPT sh3 rp[P=1250 try=40285 kill=6518 16%] pd[P=37 try=795009 kill=191373 24%]
DEATH sh6 liveend=0 estate=8835709 reach=5931002 dyn=628814 flow=0 geom=1287565
PDEV sh6 try=0 kill=0 (0.0%) BJ try=132869 kill=17079 nodes=2097152
ADAPT sh6 rp[P=490 try=81356 kill=13952 17%] pd[P=35 try=853279 kill=196397 23%]
DEATH sh11 liveend=0 estate=12889482 reach=8710799 dyn=418860 flow=0 geom=1968298
PDEV sh11 try=0 kill=0 (0.0%) BJ try=193106 kill=42342 nodes=5242880
ADAPT sh11 rp[P=8192 try=22292 kill=2395 11%] pd[P=44 try=2515912 kill=666436 26%]
DEATH sh15 liveend=0 estate=8282157 reach=5489847 dyn=717293 flow=0 geom=1141577
PDEV sh15 try=0 kill=0 (0.0%) BJ try=127459 kill=13803 nodes=2097152
ADAPT sh15 rp[P=4974 try=80602 kill=13892 17%] pd[P=8192 try=618888 kill=144113 23%]
DEATH sh5 liveend=0 estate=13400664 reach=9131299 dyn=373662 flow=0 geom=2107871
PDEV sh5 try=0 kill=0 (0.0%) BJ try=199082 kill=43419 nodes=5242880
ADAPT sh5 rp[P=7369 try=21568 kill=2223 10%] pd[P=47 try=2656989 kill=683808 26%]
DEATH sh8 liveend=0 estate=13196239 reach=8933213 dyn=389042 flow=0 geom=2043780
PDEV sh8 try=0 kill=0 (0.0%) BJ try=195149 kill=42597 nodes=1048576
ADAPT sh8 rp[P=7369 try=25968 kill=3079 12%] pd[P=222 try=2600458 kill=668602 26%]
DEATH sh7 liveend=0 estate=12924067 reach=8785980 dyn=427429 flow=0 geom=1993881
PDEV sh7 try=0 kill=0 (0.0%) BJ try=195146 kill=44539 nodes=2097152
ADAPT sh7 rp[P=8192 try=31075 kill=4030 13%] pd[P=161 try=2434919 kill=648903 27%]
DEATH sh13 liveend=0 estate=12294216 reach=8288706 dyn=466080 flow=0 geom=1845150
PDEV sh13 try=0 kill=0 (0.0%) BJ try=187158 kill=40814 nodes=5242880
ADAPT sh13 rp[P=2009 try=23411 kill=2710 12%] pd[P=38 try=2277091 kill=623190 27%]
DEATH sh12 liveend=0 estate=8517170 reach=5633417 dyn=723559 flow=0 geom=1177709
PDEV sh12 try=0 kill=0 (0.0%) BJ try=130018 kill=14054 nodes=2097152
ADAPT sh12 rp[P=8192 try=67172 kill=11360 17%] pd[P=8192 try=670406 kill=151712 23%]
DEATH sh14 liveend=0 estate=12715521 reach=8544115 dyn=433356 flow=0 geom=1927949
PDEV sh14 try=0 kill=0 (0.0%) BJ try=189859 kill=41624 nodes=1048576
ADAPT sh14 rp[P=8192 try=19929 kill=1971 10%] pd[P=74 try=2509485 kill=666090 27%]
T3[t=6274s] shard15 r0 #86 cell=(26,25) sc=50272 nodes=2311425 r=0
DEATH sh1 liveend=0 estate=12954418 reach=8794680 dyn=418304 flow=0 geom=2008238
PDEV sh1 try=0 kill=0 (0.0%) BJ try=194053 kill=41943 nodes=3145728
ADAPT sh1 rp[P=8192 try=23337 kill=2619 11%] pd[P=7655 try=2494571 kill=648962 26%]
T3[t=6281s] shard11 r2 #40 cell=(45,65) sc=50264 nodes=6000001 r=-1
T3[t=6287s] shard9 r0 #95 cell=(9,74) sc=50267 nodes=597065 r=0
T3[t=6288s] shard5 r2 #30 cell=(50,56) sc=50271 nodes=6000001 r=-1
T3[t=6290s] shard15 r0 #87 cell=(74,39) sc=50258 nodes=85129 r=0
T3[t=6296s] shard12 r0 #98 cell=(24,53) sc=50268 nodes=2310831 r=0
T3[t=6304s] shard12 r0 #99 cell=(234,55) sc=50272 nodes=60969 r=0
DEATH sh2 liveend=0 estate=11983836 reach=7891045 dyn=516486 flow=0 geom=1714933
PDEV sh2 try=0 kill=0 (0.0%) BJ try=182185 kill=39842 nodes=2097152
ADAPT sh2 rp[P=8192 try=22516 kill=2561 11%] pd[P=121 try=2224379 kill=616333 28%]
DEATH sh4 liveend=0 estate=13022576 reach=8733687 dyn=422082 flow=0 geom=1977931
PDEV sh4 try=0 kill=0 (0.0%) BJ try=193637 kill=42119 nodes=4194304
ADAPT sh4 rp[P=7830 try=28372 kill=3564 13%] pd[P=86 try=2554158 kill=666634 26%]
DEATH sh8 liveend=0 estate=13344927 reach=9034755 dyn=389042 flow=0 geom=2068672
PDEV sh8 try=0 kill=0 (0.0%) BJ try=197246 kill=43059 nodes=2097152
ADAPT sh8 rp[P=8192 try=26129 kill=3088 12%] pd[P=81 try=2635613 kill=677177 26%]
T3[t=6316s] shard3 r0 #91 cell=(27,66) sc=50270 nodes=3000001 r=-1
DEATH sh14 liveend=0 estate=12862305 reach=8644901 dyn=433356 flow=0 geom=1952547
PDEV sh14 try=0 kill=0 (0.0%) BJ try=191956 kill=42095 nodes=2097152
ADAPT sh14 rp[P=8192 try=20110 kill=1985 10%] pd[P=61 try=2543771 kill=674474 27%]
T3[t=6328s] shard6 r0 #93 cell=(47,58) sc=50269 nodes=3000001 r=-1
DEATH sh0 liveend=0 estate=8823561 reach=5893918 dyn=654754 flow=0 geom=1274182
PDEV sh0 try=0 kill=0 (0.0%) BJ try=133388 kill=16149 nodes=1048576
ADAPT sh0 rp[P=8192 try=69983 kill=11916 17%] pd[P=8192 try=831175 kill=192052 23%]
DEATH sh7 liveend=0 estate=13062343 reach=8881189 dyn=430708 flow=0 geom=2015444
PDEV sh7 try=0 kill=0 (0.0%) BJ try=197243 kill=45060 nodes=3145728
ADAPT sh7 rp[P=8192 try=31261 kill=4044 13%] pd[P=105 try=2464131 kill=657286 27%]
DEATH sh11 liveend=0 estate=13134435 reach=8876414 dyn=419748 flow=0 geom=2007342
PDEV sh11 try=0 kill=0 (0.0%) BJ try=196718 kill=43271 nodes=1048576
ADAPT sh11 rp[P=6439 try=22792 kill=2457 11%] pd[P=24 try=2570437 kill=681040 26%]
T3[t=6356s] shard15 r0 #88 cell=(88,41) sc=50267 nodes=342096 r=0
DEATH sh1 liveend=0 estate=13094290 reach=8888486 dyn=418730 flow=0 geom=2029943
PDEV sh1 try=0 kill=0 (0.0%) BJ try=196150 kill=42504 nodes=4194304
ADAPT sh1 rp[P=8192 try=23543 kill=2639 11%] pd[P=38 try=2525790 kill=657933 26%]
T3[t=6365s] shard13 r2 #48 cell=(41,64) sc=50270 nodes=6000001 r=-1
T3[t=6369s] shard3 r0 #92 cell=(21,70) sc=50267 nodes=398821 r=0
DEATH sh8 liveend=0 estate=13491184 reach=9135018 dyn=389042 flow=0 geom=2092642
PDEV sh8 try=0 kill=0 (0.0%) BJ try=199343 kill=43517 nodes=3145728
ADAPT sh8 rp[P=8192 try=26312 kill=3102 12%] pd[P=72 try=2669475 kill=685393 26%]
T3[t=6376s] shard3 r0 #93 cell=(94,73) sc=50268 nodes=40060 r=0
DEATH sh5 liveend=0 estate=13658483 reach=9307583 dyn=374184 flow=0 geom=2150892
PDEV sh5 try=0 kill=0 (0.0%) BJ try=202694 kill=44299 nodes=1048576
ADAPT sh5 rp[P=8192 try=21898 kill=2250 10%] pd[P=74 try=2717045 kill=698519 26%]
T3[t=6380s] shard12 r0 #100 cell=(5,88) sc=50262 nodes=573302 r=0
DEATH sh4 liveend=0 estate=13175122 reach=8838921 dyn=422082 flow=0 geom=2003849
PDEV sh4 try=0 kill=0 (0.0%) BJ try=195734 kill=42599 nodes=5242880
ADAPT sh4 rp[P=8192 try=28593 kill=3588 13%] pd[P=47 try=2591212 kill=675597 26%]
DEATH sh14 liveend=0 estate=13011382 reach=8747460 dyn=433356 flow=0 geom=1977899
PDEV sh14 try=0 kill=0 (0.0%) BJ try=194053 kill=42589 nodes=3145728
ADAPT sh14 rp[P=8192 try=20305 kill=2004 10%] pd[P=66 try=2579622 kill=683331 26%]
T3[t=6407s] shard6 r0 #94 cell=(13,60) sc=50270 nodes=585516 r=0
T3[t=6408s] shard7 r2 #50 cell=(49,58) sc=50279 nodes=3960034 r=0
T3[t=6410s] shard0 r0 #62 cell=(54,71) sc=50275 nodes=1574696 r=0
T3[t=6410s] shard10 r2 #52 cell=(46,65) sc=50263 nodes=6000001 r=-1
T3[t=6413s] shard6 r0 #95 cell=(22,65) sc=50269 nodes=32941 r=0
DEATH sh9 liveend=0 estate=8253393 reach=5312573 dyn=847928 flow=0 geom=1067122
PDEV sh9 try=0 kill=0 (0.0%) BJ try=129204 kill=11249 nodes=1048576
ADAPT sh9 rp[P=8192 try=34850 kill=5509 16%] pd[P=8192 try=500101 kill=121043 24%]
T3[t=6438s] shard0 r0 #63 cell=(25,72) sc=50264 nodes=210352 r=0
T3[t=6441s] shard4 r2 #37 cell=(39,63) sc=50275 nodes=6000001 r=-1
DEATH sh5 liveend=0 estate=13805195 reach=9408404 dyn=374184 flow=0 geom=2175522
PDEV sh5 try=0 kill=0 (0.0%) BJ try=204791 kill=44785 nodes=2097152
ADAPT sh5 rp[P=8192 try=22078 kill=2264 10%] pd[P=61 try=2751273 kill=706862 26%]
DEATH sh11 liveend=0 estate=13274414 reach=8969394 dyn=422816 flow=0 geom=2028114
PDEV sh11 try=0 kill=0 (0.0%) BJ try=198815 kill=43784 nodes=2097152
ADAPT sh11 rp[P=8192 try=23016 kill=2481 11%] pd[P=26 try=2600253 kill=689575 27%]
DEATH sh1 liveend=0 estate=13234627 reach=8981942 dyn=421538 flow=0 geom=2050912
PDEV sh1 try=0 kill=0 (0.0%) BJ try=198247 kill=43032 nodes=5242880
ADAPT sh1 rp[P=4895 try=23727 kill=2656 11%] pd[P=229 try=2555979 kill=666672 26%]
DEATH sh13 liveend=0 estate=12531992 reach=8447241 dyn=475816 flow=0 geom=1880334
PDEV sh13 try=0 kill=0 (0.0%) BJ try=190770 kill=41626 nodes=1048576
ADAPT sh13 rp[P=8192 try=23890 kill=2764 12%] pd[P=30 try=2323314 kill=635598 27%]
DEATH sh2 liveend=0 estate=12261794 reach=8077400 dyn=519587 flow=0 geom=1757394
PDEV sh2 try=0 kill=0 (0.0%) BJ try=186379 kill=40923 nodes=4194304
ADAPT sh2 rp[P=5706 try=23170 kill=2647 11%] pd[P=38 try=2283797 kill=633364 28%]
T3[t=6470s] shard0 r0 #64 cell=(22,73) sc=50272 nodes=222710 r=0
DEATH sh8 liveend=0 estate=13643141 reach=9238613 dyn=390350 flow=0 geom=2117895
PDEV sh8 try=0 kill=0 (0.0%) BJ try=201440 kill=43995 nodes=4194304
ADAPT sh8 rp[P=822 try=26488 kill=3121 12%] pd[P=38 try=2705150 kill=694105 26%]
T3[t=6482s] shard0 r0 #65 cell=(230,73) sc=50256 nodes=86601 r=0
T3[t=6491s] shard0 r0 #66 cell=(12,75) sc=50270 nodes=51770 r=0
T3[t=6496s] shard2 r2 #6 cell=(37,59) sc=50266 nodes=4519522 r=0
DEATH sh7 liveend=0 estate=13309149 reach=9057291 dyn=435665 flow=0 geom=2056669
PDEV sh7 try=0 kill=0 (0.0%) BJ try=200969 kill=45949 nodes=1048576
ADAPT sh7 rp[P=8192 try=31576 kill=4068 13%] pd[P=98 try=2516367 kill=671086 27%]
DEATH sh10 liveend=0 estate=13801177 reach=9502124 dyn=422819 flow=0 geom=2195406
PDEV sh10 try=0 kill=0 (0.0%) BJ try=206866 kill=43918 nodes=1048576
ADAPT sh10 rp[P=7369 try=23234 kill=2454 11%] pd[P=161 try=2680118 kill=687135 26%]
T3[t=6506s] shard1 r2 #31 cell=(34,68) sc=50262 nodes=6000001 r=-1
DEATH sh14 liveend=0 estate=13165370 reach=8852708 dyn=434645 flow=0 geom=2003442
PDEV sh14 try=0 kill=0 (0.0%) BJ try=196150 kill=43080 nodes=4194304
ADAPT sh14 rp[P=8192 try=20453 kill=2010 10%] pd[P=44 try=2617336 kill=692336 26%]
DEATH sh15 liveend=0 estate=8492402 reach=5627433 dyn=747483 flow=0 geom=1172613
PDEV sh15 try=0 kill=0 (0.0%) BJ try=130838 kill=13843 nodes=1048576
ADAPT sh15 rp[P=8192 try=81132 kill=13968 17%] pd[P=8192 try=619085 kill=144114 23%]
DEATH sh5 liveend=0 estate=13954219 reach=9511011 dyn=374184 flow=0 geom=2200891
PDEV sh5 try=0 kill=0 (0.0%) BJ try=206888 kill=45279 nodes=3145728
ADAPT sh5 rp[P=8192 try=22273 kill=2283 10%] pd[P=66 try=2787124 kill=715719 26%]
T3[t=6524s] shard0 r0 #67 cell=(27,78) sc=50269 nodes=206441 r=0
DEATH sh3 liveend=0 estate=8870596 reach=5842583 dyn=714598 flow=0 geom=1251091
PDEV sh3 try=0 kill=0 (0.0%) BJ try=135798 kill=16228 nodes=1048576
ADAPT sh3 rp[P=8192 try=46050 kill=7534 16%] pd[P=8192 try=815379 kill=195223 24%]
T3[t=6528s] shard9 r0 #96 cell=(12,77) sc=50273 nodes=1725972 r=0
DEATH sh12 liveend=0 estate=8748284 reach=5775207 dyn=756966 flow=0 geom=1202971
PDEV sh12 try=0 kill=0 (0.0%) BJ try=133809 kill=14111 nodes=1048576
ADAPT sh12 rp[P=8192 try=67804 kill=11460 17%] pd[P=8192 try=670640 kill=151717 23%]
DEATH sh4 liveend=0 estate=13423905 reach=9016005 dyn=424734 flow=0 geom=2046927
PDEV sh4 try=0 kill=0 (0.0%) BJ try=199346 kill=43446 nodes=1048576
ADAPT sh4 rp[P=8192 try=29364 kill=3696 13%] pd[P=35 try=2645960 kill=689125 26%]
DEATH sh11 liveend=0 estate=13413336 reach=9061597 dyn=425927 flow=0 geom=2048530
PDEV sh11 try=0 kill=0 (0.0%) BJ try=200912 kill=44322 nodes=3145728
ADAPT sh11 rp[P=8192 try=23323 kill=2519 11%] pd[P=76 try=2628539 kill=697549 27%]
DEATH sh6 liveend=0 estate=9180628 reach=6164952 dyn=656156 flow=0 geom=1337076
PDEV sh6 try=0 kill=0 (0.0%) BJ try=138008 kill=17613 nodes=1048576
ADAPT sh6 rp[P=5169 try=88587 kill=15230 17%] pd[P=8192 try=872560 kill=200055 23%]
T3[t=6550s] shard3 r0 #94 cell=(9,76) sc=50267 nodes=1211523 r=0
T3[t=6553s] shard0 r0 #68 cell=(28,79) sc=50272 nodes=202042 r=0
DEATH sh13 liveend=0 estate=12669806 reach=8541800 dyn=479379 flow=0 geom=1901738
PDEV sh13 try=0 kill=0 (0.0%) BJ try=192867 kill=42140 nodes=2097152
ADAPT sh13 rp[P=8192 try=24069 kill=2780 12%] pd[P=35 try=2352653 kill=644017 27%]
T3[t=6556s] shard9 r0 #97 cell=(36,103) sc=50261 nodes=191071 r=0
DEATH sh10 liveend=0 estate=13941784 reach=9606505 dyn=422819 flow=0 geom=2221906
PDEV sh10 try=0 kill=0 (0.0%) BJ try=208963 kill=44401 nodes=2097152
ADAPT sh10 rp[P=8192 try=23388 kill=2462 11%] pd[P=83 try=2709659 kill=694144 26%]
DEATH sh7 liveend=0 estate=13450315 reach=9162493 dyn=435665 flow=0 geom=2083299
PDEV sh7 try=0 kill=0 (0.0%) BJ try=203066 kill=46448 nodes=2097152
ADAPT sh7 rp[P=7830 try=31748 kill=4080 13%] pd[P=26 try=2546558 kill=678311 27%]
DEATH sh8 liveend=0 estate=13795634 reach=9343886 dyn=390350 flow=0 geom=2143771
PDEV sh8 try=0 kill=0 (0.0%) BJ try=203537 kill=44490 nodes=5242880
ADAPT sh8 rp[P=8192 try=26754 kill=3148 12%] pd[P=47 try=2742335 kill=703104 26%]
