  分治：12 块 144 对，可行 40 对，整块淘汰掉 0 格
有向预计算：走向已定 0/143162 (0.0%) | 无向判定率 0.0% -> 0.0% (0 -> 0 / 71581 边)
有向预计算：走向已定 0/143162 (0.0%) | 无向判定率 0.0% -> 0.0% (0 -> 0 / 71581 边)
全局阶段：固定 0 条边，起点候选 50288 / 50288 (100.0%)
adaptive PROPDEPTH=2 (fixed 0 / 71581 edges; 第一层存活率>=SURVDEEP%再升深层)
STARTORD: F 升序就位（126 起点，证伪剔除 0）
shard 0: swarm 模式（126 个候选全员上，随机顺序）
shard 1: swarm 模式（126 个候选全员上，随机顺序）
shard 2: swarm 模式（126 个候选全员上，随机顺序）
shard 3: swarm 模式（126 个候选全员上，随机顺序）
shard 10: swarm 模式（126 个候选全员上，随机顺序）
shard 4: swarm 模式（126 个候选全员上，随机顺序）
shard 13: swarm 模式（126 个候选全员上，随机顺序）
shard 5: swarm 模式（126 个候选全员上，随机顺序）
shard 6: swarm 模式（126 个候选全员上，随机顺序）
shard 18: swarm 模式（126 个候选全员上，随机顺序）
shard 7: swarm 模式（126 个候选全员上，随机顺序）
shard 8: swarm 模式（126 个候选全员上，随机顺序）
shard 9: swarm 模式（126 个候选全员上，随机顺序）
shard 11: swarm 模式（126 个候选全员上，随机顺序）
shard 12: swarm 模式（126 个候选全员上，随机顺序）
shard 14: swarm 模式（126 个候选全员上，随机顺序）
shard 15: swarm 模式（126 个候选全员上，随机顺序）
shard 16: swarm 模式（126 个候选全员上，随机顺序）
shard 17: swarm 模式（126 个候选全员上，随机顺序）
shard 19: swarm 模式（126 个候选全员上，随机顺序）
shard 20: swarm 模式（126 个候选全员上，随机顺序）
shard 21: swarm 模式（126 个候选全员上，随机顺序）
shard 23: swarm 模式（126 个候选全员上，随机顺序）
shard 22: swarm 模式（126 个候选全员上，随机顺序）
shard 24: swarm 模式（126 个候选全员上，随机顺序）
shard 25: swarm 模式（126 个候选全员上，随机顺序）
FRANK shard16: F降序
shard 16: 第一层存活 2520% >= 38%，升深度传播(PD=64)
FRANK shard1: F降序
shard 1: 第一层存活 2520% >= 38%，升深度传播(PD=64)
FRANK shard10: F降序
shard 10: 第一层存活 2520% >= 38%，升深度传播(PD=64)
FRANK shard19: F降序
shard 19: 第一层存活 2520% >= 38%，升深度传播(PD=64)
FRANK shard7: F降序
shard 7: 第一层存活 2520% >= 38%，升深度传播(PD=64)
FRANK shard25: F降序
shard 25: 第一层存活 3150% >= 38%，升深度传播(PD=64)
FRANK shard13: F降序
shard 13: 第一层存活 2520% >= 38%，升深度传播(PD=64)
FRANK shard4: F降序
shard 4: 第一层存活 2520% >= 38%，升深度传播(PD=64)
FRANK shard22: F降序
shard 22: 第一层存活 3150% >= 38%，升深度传播(PD=64)
FRANK shard2: F降序
shard 2: 第一层存活 2520% >= 38%，升深度传播(PD=64)
FRANK shard20: F降序
shard 20: 第一层存活 2520% >= 38%，升深度传播(PD=64)
FRANK shard0: F降序
shard 0: 第一层存活 2520% >= 38%，升深度传播(PD=64)
FRANK shard11: F降序
FRANK shard21: F降序
shard 21: 第一层存活 2520% >= 38%，升深度传播(PD=64)
shard 11: 第一层存活 2520% >= 38%，升深度传播(PD=64)
FRANK shard3: F降序
shard 3: 第一层存活 2520% >= 38%，升深度传播(PD=64)
FRANK shard17: F降序
shard 17: 第一层存活 2520% >= 38%，升深度传播(PD=64)
FRANK shard9: F降序
shard 9: 第一层存活 2520% >= 38%，升深度传播(PD=64)
FRANK shard23: F降序
shard 23: 第一层存活 3150% >= 38%，升深度传播(PD=64)
FRANK shard14: F降序
shard 14: 第一层存活 2520% >= 38%，升深度传播(PD=64)
FRANK shard5: F降序
shard 5: 第一层存活 2520% >= 38%，升深度传播(PD=64)
FRANK shard8: F降序
shard 8: 第一层存活 2520% >= 38%，升深度传播(PD=64)
FRANK shard15: F降序
shard 15: 第一层存活 2520% >= 38%，升深度传播(PD=64)
FRANK shard24: F降序
shard 24: 第一层存活 3150% >= 38%，升深度传播(PD=64)
FRANK shard12: F降序
shard 12: 第一层存活 2520% >= 38%，升深度传播(PD=64)
FRANK shard18: F降序
shard 18: 第一层存活 2520% >= 38%，升深度传播(PD=64)
FRANK shard6: F降序
shard 6: 第一层存活 2520% >= 38%，升深度传播(PD=64)
shard 19: 1.5 层深层重探后剩 126
shard 19: 第一层存活 126/5 = 2520%%, 第二层 开
shard 1: 1.5 层深层重探后剩 126
shard 1: 第一层存活 126/5 = 2520%%, 第二层 开
shard 7: 1.5 层深层重探后剩 126
shard 7: 第一层存活 126/5 = 2520%%, 第二层 开
shard 10: 1.5 层深层重探后剩 126
shard 10: 第一层存活 126/5 = 2520%%, 第二层 开
shard 16: 1.5 层深层重探后剩 126
shard 16: 第一层存活 126/5 = 2520%%, 第二层 开
shard 13: 1.5 层深层重探后剩 126
shard 13: 第一层存活 126/5 = 2520%%, 第二层 开
T2 sh7 cell=(27,35) PROBE0 nodes=708
shard 25: 1.5 层深层重探后剩 126
shard 25: 第一层存活 126/4 = 3150%%, 第二层 开
shard 22: 1.5 层深层重探后剩 126
shard 22: 第一层存活 126/4 = 3150%%, 第二层 开
shard 4: 1.5 层深层重探后剩 126
shard 4: 第一层存活 126/5 = 2520%%, 第二层 开
shard 20: 1.5 层深层重探后剩 126
shard 20: 第一层存活 126/5 = 2520%%, 第二层 开
shard 17: 1.5 层深层重探后剩 126
shard 17: 第一层存活 126/5 = 2520%%, 第二层 开
shard 2: 1.5 层深层重探后剩 126
shard 2: 第一层存活 126/5 = 2520%%, 第二层 开
shard 21: 1.5 层深层重探后剩 126
shard 21: 第一层存活 126/5 = 2520%%, 第二层 开
shard 0: 1.5 层深层重探后剩 126
shard 0: 第一层存活 126/5 = 2520%%, 第二层 开
shard 5: 1.5 层深层重探后剩 126
shard 5: 第一层存活 126/5 = 2520%%, 第二层 开
shard 23: 1.5 层深层重探后剩 126
shard 23: 第一层存活 126/4 = 3150%%, 第二层 开
shard 11: 1.5 层深层重探后剩 126
shard 11: 第一层存活 126/5 = 2520%%, 第二层 开
shard 3: 1.5 层深层重探后剩 126
shard 3: 第一层存活 126/5 = 2520%%, 第二层 开
shard 14: 1.5 层深层重探后剩 126
shard 14: 第一层存活 126/5 = 2520%%, 第二层 开
shard 8: 1.5 层深层重探后剩 126
shard 8: 第一层存活 126/5 = 2520%%, 第二层 开
shard 9: 1.5 层深层重探后剩 126
shard 9: 第一层存活 126/5 = 2520%%, 第二层 开
shard 12: 1.5 层深层重探后剩 126
shard 12: 第一层存活 126/5 = 2520%%, 第二层 开
shard 15: 1.5 层深层重探后剩 126
shard 15: 第一层存活 126/5 = 2520%%, 第二层 开
shard 24: 1.5 层深层重探后剩 126
shard 24: 第一层存活 126/4 = 3150%%, 第二层 开
shard 18: 1.5 层深层重探后剩 126
shard 18: 第一层存活 126/5 = 2520%%, 第二层 开
shard 6: 1.5 层深层重探后剩 126
shard 6: 第一层存活 126/5 = 2520%%, 第二层 开
T2 sh5 cell=(24,68) PROBE0 nodes=2178
T2 sh4 cell=(19,61) PROBE0 nodes=3483
T2 sh4 cell=(24,68) PROBE0 nodes=2301
T2 sh8 cell=(28,66) PROBE0 nodes=6440
T2 sh7 cell=(28,66) PROBE0 nodes=7587
T2 sh5 cell=(24,78) PROBE0 nodes=31484
T2 sh5 cell=(27,35) PROBE0 nodes=708
T2 sh2 cell=(99,39) PROBE0 nodes=29024
T2 sh2 cell=(5,39) PROBE0 nodes=489
T2 sh4 cell=(24,78) PROBE0 nodes=31502
T2 sh4 cell=(27,35) PROBE0 nodes=708
T2 sh2 cell=(19,61) PROBE0 nodes=3334
T2 sh1 cell=(99,39) PROBE0 nodes=25969
T2 sh1 cell=(5,39) PROBE0 nodes=489
T2 sh2 cell=(24,68) PROBE0 nodes=3012
T2 sh1 cell=(19,61) PROBE0 nodes=4280
T2 sh1 cell=(24,68) PROBE0 nodes=2812
T2 sh2 cell=(24,78) PROBE0 nodes=31009
T2 sh2 cell=(27,35) PROBE0 nodes=708
T2 sh1 cell=(24,78) PROBE0 nodes=31496
T2 sh1 cell=(27,35) PROBE0 nodes=708
T2 sh5 cell=(28,66) PROBE0 nodes=23442
T2 sh2 cell=(28,66) PROBE0 nodes=15831
T2 sh4 cell=(28,66) PROBE0 nodes=23045
T2 sh1 cell=(28,66) PROBE0 nodes=24006
T2 sh23 cell=(60,42) PROBE0 nodes=306
T2 sh25 cell=(60,42) PROBE0 nodes=306
T2 sh23 cell=(87,29) PROBE0 nodes=22538
T2 sh25 cell=(87,29) PROBE0 nodes=12224
T2 sh20 cell=(60,42) PROBE0 nodes=306
T2 sh20 cell=(87,29) PROBE0 nodes=19114
T2 sh25 cell=(93,41) PROBE0 nodes=25346
T2 sh25 cell=(99,113) PROBE0 nodes=435
T2 sh25 cell=(102,96) PROBE0 nodes=177
T2 sh23 cell=(99,113) PROBE0 nodes=435
T2 sh23 cell=(102,96) PROBE0 nodes=177
T2 sh25 cell=(102,118) PROBE0 nodes=1272
T2 sh23 cell=(102,118) PROBE0 nodes=1280
T2 sh25 cell=(102,120) PROBE0 nodes=2026
T2 sh23 cell=(102,120) PROBE0 nodes=2037
T2 sh25 cell=(108,178) PROBE0 nodes=9970
T2 sh23 cell=(108,178) PROBE0 nodes=9974
T2 sh25 cell=(191,189) PROBE0 nodes=9783
T2 sh23 cell=(191,189) PROBE0 nodes=9769
T2 sh20 cell=(93,41) PROBE0 nodes=28180
T2 sh20 cell=(99,113) PROBE0 nodes=435
T2 sh20 cell=(102,96) PROBE0 nodes=177
T2 sh20 cell=(102,118) PROBE0 nodes=1280
T2 sh20 cell=(102,120) PROBE0 nodes=2037
T2 sh20 cell=(108,178) PROBE0 nodes=9972
T2 sh25 cell=(209,67) PROBE0 nodes=31780
T2 sh23 cell=(209,67) PROBE0 nodes=31908
T2 sh22 cell=(60,42) PROBE0 nodes=306
T2 sh20 cell=(191,189) PROBE0 nodes=9783
T2 sh25 cell=(222,34) PROBE0 nodes=27982
T2 sh23 cell=(222,34) PROBE0 nodes=27982
T2 sh22 cell=(87,29) PROBE0 nodes=17732
T2 sh24 cell=(99,113) PROBE0 nodes=8667
T2 sh20 cell=(209,67) PROBE0 nodes=31844
T2 sh25 cell=(234,172) PROBE0 nodes=16246
T2 sh23 cell=(234,172) PROBE0 nodes=16246
T2 sh20 cell=(222,34) PROBE0 nodes=27982
T2 sh20 cell=(234,172) PROBE0 nodes=16245
T2 sh22 cell=(93,41) PROBE0 nodes=27962
T2 sh22 cell=(99,113) PROBE0 nodes=435
T2 sh22 cell=(102,96) PROBE0 nodes=177
T2 sh22 cell=(102,118) PROBE0 nodes=1263
T2 sh25 cell=(241,61) PROBE0 nodes=23298
T2 sh24 cell=(102,118) PROBE0 nodes=12374
T2 sh22 cell=(102,120) PROBE0 nodes=2037
T2 sh22 cell=(108,178) PROBE0 nodes=9963
T2 sh23 cell=(241,61) PROBE0 nodes=28386
T2 sh24 cell=(102,120) PROBE0 nodes=14080
T2 sh22 cell=(191,189) PROBE0 nodes=9783
T2 sh20 cell=(241,61) PROBE0 nodes=22034
T2 sh25 cell=(243,63) PROBE0 nodes=15393
T2 sh25 cell=(10,44) PROBE0 nodes=486
T2 sh23 cell=(243,63) PROBE0 nodes=16942
T2 sh23 cell=(10,44) PROBE0 nodes=486
T2 sh22 cell=(209,67) PROBE0 nodes=31874
T2 sh22 cell=(222,34) PROBE0 nodes=27977
T2 sh20 cell=(243,63) PROBE0 nodes=17311
T2 sh20 cell=(10,44) PROBE0 nodes=486
T2 sh22 cell=(234,172) PROBE0 nodes=16231
T2 sh17 cell=(60,42) PROBE0 nodes=301
T2 sh21 cell=(99,113) PROBE0 nodes=8316
T2 sh17 cell=(87,29) PROBE0 nodes=10860
T2 sh22 cell=(241,61) PROBE0 nodes=26121
T2 sh17 cell=(93,41) PROBE0 nodes=24677
T2 sh17 cell=(99,113) PROBE0 nodes=435
T2 sh17 cell=(102,96) PROBE0 nodes=177
T2 sh17 cell=(102,118) PROBE0 nodes=1263
T2 sh17 cell=(102,120) PROBE0 nodes=2037
T2 sh21 cell=(102,118) PROBE0 nodes=10947
T2 sh17 cell=(108,178) PROBE0 nodes=9969
T2 sh22 cell=(243,63) PROBE0 nodes=16123
T2 sh22 cell=(10,44) PROBE0 nodes=486
T2 sh19 cell=(60,42) PROBE0 nodes=306
T2 sh17 cell=(191,189) PROBE0 nodes=9783
T2 sh21 cell=(102,120) PROBE0 nodes=14080
T2 sh19 cell=(87,29) PROBE0 nodes=18390
T2 sh17 cell=(209,67) PROBE0 nodes=31882
T2 sh16 cell=(60,42) PROBE0 nodes=306
T2 sh18 cell=(99,113) PROBE0 nodes=8304
T2 sh17 cell=(222,34) PROBE0 nodes=27982
T2 sh25 cell=(89,47) PROBE0 nodes=14046
T2 sh25 cell=(196,40) PROBE0 nodes=92
T2 sh16 cell=(87,29) PROBE0 nodes=15439
T2 sh20 cell=(89,47) PROBE0 nodes=12091
T2 sh20 cell=(196,40) PROBE0 nodes=92
T2 sh17 cell=(234,172) PROBE0 nodes=16246
T2 sh13 cell=(60,42) PROBE0 nodes=306
T2 sh19 cell=(93,41) PROBE0 nodes=28096
T2 sh19 cell=(99,113) PROBE0 nodes=435
T2 sh19 cell=(102,96) PROBE0 nodes=177
T2 sh23 cell=(89,47) PROBE0 nodes=14100
T2 sh25 cell=(198,50) PROBE0 nodes=31829
T2 sh23 cell=(196,40) PROBE0 nodes=92
T2 sh19 cell=(102,118) PROBE0 nodes=1280
T2 sh19 cell=(102,120) PROBE0 nodes=2037
T2 sh20 cell=(198,50) PROBE0 nodes=31725
T2 sh18 cell=(102,118) PROBE0 nodes=10108
T2 sh19 cell=(108,178) PROBE0 nodes=9971
T2 sh13 cell=(87,29) PROBE0 nodes=13960
T2 sh11 cell=(60,42) PROBE0 nodes=306
T2 sh25 cell=(222,102) PROBE0 nodes=28429
T2 sh23 cell=(198,50) PROBE0 nodes=31798
T2 sh19 cell=(191,189) PROBE0 nodes=9783
T2 sh17 cell=(241,61) PROBE0 nodes=22932
T2 sh20 cell=(222,102) PROBE0 nodes=28305
T2 sh18 cell=(102,120) PROBE0 nodes=11802
T2 sh16 cell=(93,41) PROBE0 nodes=29010
T2 sh16 cell=(99,113) PROBE0 nodes=435
T2 sh16 cell=(102,96) PROBE0 nodes=177
T2 sh16 cell=(102,118) PROBE0 nodes=1280
T2 sh16 cell=(102,120) PROBE0 nodes=2037
T2 sh11 cell=(87,29) PROBE0 nodes=15103
T2 sh23 cell=(222,102) PROBE0 nodes=28325
T2 sh19 cell=(209,67) PROBE0 nodes=31875
T2 sh20 cell=(237,61) PROBE0 nodes=16292
T2 sh16 cell=(108,178) PROBE0 nodes=9974
T2 sh13 cell=(93,41) PROBE0 nodes=25412
T2 sh13 cell=(99,113) PROBE0 nodes=435
T2 sh13 cell=(102,96) PROBE0 nodes=177
T2 sh10 cell=(60,42) PROBE0 nodes=306
T2 sh13 cell=(102,118) PROBE0 nodes=1270
T2 sh25 cell=(237,61) PROBE0 nodes=22127
T2 sh16 cell=(191,189) PROBE0 nodes=9783
T2 sh13 cell=(102,120) PROBE0 nodes=2024
T2 sh20 cell=(112,166) PROBE0 nodes=12467
T2 sh17 cell=(243,63) PROBE0 nodes=15531
T2 sh17 cell=(10,44) PROBE0 nodes=486
T2 sh19 cell=(222,34) PROBE0 nodes=27982
T2 sh23 cell=(237,61) PROBE0 nodes=21879
T2 sh13 cell=(108,178) PROBE0 nodes=9961
T2 sh25 cell=(112,166) PROBE0 nodes=12467
T2 sh19 cell=(234,172) PROBE0 nodes=16246
T2 sh10 cell=(87,29) PROBE0 nodes=19669
T2 sh16 cell=(209,67) PROBE0 nodes=31866
T2 sh13 cell=(191,189) PROBE0 nodes=9783
T2 sh23 cell=(112,166) PROBE0 nodes=12455
T2 sh11 cell=(93,41) PROBE0 nodes=29407
T2 sh20 cell=(73,27) PROBE0 nodes=26818
T2 sh24 cell=(243,63) PROBE0 nodes=26633
T2 sh11 cell=(99,113) PROBE0 nodes=402
T2 sh11 cell=(102,96) PROBE0 nodes=177
T2 sh11 cell=(102,118) PROBE0 nodes=1280
T2 sh11 cell=(102,120) PROBE0 nodes=2023
T2 sh16 cell=(222,34) PROBE0 nodes=27982
T2 sh13 cell=(209,67) PROBE0 nodes=31902
T2 sh25 cell=(73,27) PROBE0 nodes=21164
T2 sh15 cell=(99,113) PROBE0 nodes=8432
T2 sh20 cell=(199,44) PROBE0 nodes=25322
T2 sh23 cell=(73,27) PROBE0 nodes=20865
T2 sh11 cell=(108,178) PROBE0 nodes=9956
T2 sh16 cell=(234,172) PROBE0 nodes=16246
T2 sh10 cell=(93,41) PROBE0 nodes=29080
T2 sh10 cell=(99,113) PROBE0 nodes=435
T2 sh10 cell=(102,96) PROBE0 nodes=177
T2 sh14 cell=(60,42) PROBE0 nodes=306
T2 sh11 cell=(191,189) PROBE0 nodes=9783
T2 sh10 cell=(102,118) PROBE0 nodes=1275
T2 sh25 cell=(199,44) PROBE0 nodes=25293
T2 sh10 cell=(102,120) PROBE0 nodes=2037
T2 sh13 cell=(222,34) PROBE0 nodes=27982
T2 sh23 cell=(199,44) PROBE0 nodes=25314
T2 sh10 cell=(108,178) PROBE0 nodes=9962
T2 sh22 cell=(89,47) PROBE0 nodes=14100
T2 sh19 cell=(241,61) PROBE0 nodes=24397
T2 sh22 cell=(196,40) PROBE0 nodes=92
T2 sh13 cell=(234,172) PROBE0 nodes=16232
T2 sh9 cell=(99,113) PROBE0 nodes=8645
T2 sh14 cell=(87,29) PROBE0 nodes=18330
T2 sh11 cell=(209,67) PROBE0 nodes=31887
T2 sh10 cell=(191,189) PROBE0 nodes=9783
T2 sh15 cell=(102,118) PROBE0 nodes=12374
T2 sh7 cell=(60,42) PROBE0 nodes=306
T2 sh22 cell=(198,50) PROBE0 nodes=31845
T2 sh20 cell=(35,106) PROBE0 nodes=29596
T2 sh19 cell=(243,63) PROBE0 nodes=13922
T2 sh19 cell=(10,44) PROBE0 nodes=486
T2 sh11 cell=(222,34) PROBE0 nodes=27970
T2 sh10 cell=(209,67) PROBE0 nodes=31823
T2 sh15 cell=(102,120) PROBE0 nodes=14080
T2 sh20 cell=(2,143) PROBE0 nodes=10144
T2 sh11 cell=(234,172) PROBE0 nodes=16236
T2 sh16 cell=(243,63) PROBE0 nodes=22236
T2 sh16 cell=(10,44) PROBE0 nodes=486
T2 sh22 cell=(222,102) PROBE0 nodes=28320
T2 sh7 cell=(87,29) PROBE0 nodes=13953
T2 sh20 cell=(8,123) PROBE0 nodes=10476
T2 sh25 cell=(35,106) PROBE0 nodes=28811
T2 sh23 cell=(35,106) PROBE0 nodes=30315
T2 sh14 cell=(93,41) PROBE0 nodes=29051
T2 sh9 cell=(102,118) PROBE0 nodes=12370
T2 sh14 cell=(99,113) PROBE0 nodes=399
T2 sh14 cell=(102,96) PROBE0 nodes=177
T2 sh10 cell=(222,34) PROBE0 nodes=27981
T2 sh14 cell=(102,118) PROBE0 nodes=1274
T2 sh14 cell=(102,120) PROBE0 nodes=2037
T2 sh25 cell=(2,143) PROBE0 nodes=10144
T2 sh23 cell=(2,143) PROBE0 nodes=9379
T2 sh13 cell=(241,61) PROBE0 nodes=31086
T2 sh10 cell=(234,172) PROBE0 nodes=16233
T2 sh9 cell=(102,120) PROBE0 nodes=14078
T2 sh22 cell=(237,61) PROBE0 nodes=16619
T2 sh25 cell=(8,123) PROBE0 nodes=10476
T2 sh23 cell=(8,123) PROBE0 nodes=9416
T2 sh14 cell=(108,178) PROBE0 nodes=9974
T2 sh11 cell=(241,61) PROBE0 nodes=22902
T2 sh21 cell=(243,63) PROBE0 nodes=22427
T2 sh14 cell=(191,189) PROBE0 nodes=9772
T2 sh20 cell=(31,184) PROBE0 nodes=4202
T2 sh22 cell=(112,166) PROBE0 nodes=12467
T2 sh6 cell=(99,113) PROBE0 nodes=8646
T2 sh13 cell=(243,63) PROBE0 nodes=13849
T2 sh7 cell=(93,41) PROBE0 nodes=27322
T2 sh13 cell=(10,44) PROBE0 nodes=486
T2 sh7 cell=(99,113) PROBE0 nodes=435
T2 sh7 cell=(102,96) PROBE0 nodes=177
T2 sh7 cell=(102,118) PROBE0 nodes=1280
T2 sh7 cell=(102,120) PROBE0 nodes=2037
T2 sh20 cell=(33,94) PROBE0 nodes=14952
T2 sh12 cell=(99,113) PROBE0 nodes=8697
T2 sh14 cell=(209,67) PROBE0 nodes=31905
T2 sh25 cell=(31,184) PROBE0 nodes=4202
T2 sh23 cell=(31,184) PROBE0 nodes=4202
T2 sh7 cell=(108,178) PROBE0 nodes=9961
T2 sh11 cell=(243,63) PROBE0 nodes=16844
T2 sh11 cell=(10,44) PROBE0 nodes=486
T2 sh10 cell=(241,61) PROBE0 nodes=27544
T2 sh7 cell=(191,189) PROBE0 nodes=9783
T2 sh25 cell=(33,94) PROBE0 nodes=14944
T2 sh23 cell=(33,94) PROBE0 nodes=14952
T2 sh22 cell=(73,27) PROBE0 nodes=22345
T2 sh8 cell=(60,42) PROBE0 nodes=306
T2 sh14 cell=(222,34) PROBE0 nodes=27982
T2 sh6 cell=(102,118) PROBE0 nodes=12374
T2 sh22 cell=(199,44) PROBE0 nodes=25316
T2 sh14 cell=(234,172) PROBE0 nodes=16246
T2 sh7 cell=(209,67) PROBE0 nodes=31895
T2 sh12 cell=(102,118) PROBE0 nodes=10054
T2 sh10 cell=(243,63) PROBE0 nodes=14711
T2 sh10 cell=(10,44) PROBE0 nodes=486
T2 sh20 cell=(34,103) PROBE0 nodes=24842
T2 sh17 cell=(89,47) PROBE0 nodes=8667
T2 sh8 cell=(87,29) PROBE0 nodes=18867
T2 sh17 cell=(196,40) PROBE0 nodes=92
T2 sh6 cell=(102,120) PROBE0 nodes=14080
T2 sh12 cell=(102,120) PROBE0 nodes=14079
T2 sh7 cell=(222,34) PROBE0 nodes=27981
T2 sh5 cell=(60,42) PROBE0 nodes=306
T2 sh25 cell=(34,103) PROBE0 nodes=24844
T2 sh17 cell=(198,50) PROBE0 nodes=31841
T2 sh23 cell=(34,103) PROBE0 nodes=24840
T2 sh7 cell=(234,172) PROBE0 nodes=16246
T2 sh5 cell=(87,29) PROBE0 nodes=10491
T2 sh8 cell=(93,41) PROBE0 nodes=27361
T2 sh8 cell=(99,113) PROBE0 nodes=435
T2 sh8 cell=(102,96) PROBE0 nodes=177
T2 sh17 cell=(222,102) PROBE0 nodes=28402
T2 sh8 cell=(102,118) PROBE0 nodes=1265
T2 sh8 cell=(102,120) PROBE0 nodes=2030
T2 sh22 cell=(35,106) PROBE0 nodes=30304
T2 sh8 cell=(108,178) PROBE0 nodes=9956
T2 sh22 cell=(2,143) PROBE0 nodes=9782
T2 sh3 cell=(99,113) PROBE0 nodes=8627
T2 sh17 cell=(237,61) PROBE0 nodes=31362
T2 sh18 cell=(243,63) PROBE0 nodes=25217
T2 sh8 cell=(191,189) PROBE0 nodes=9783
T2 sh7 cell=(241,61) PROBE0 nodes=29885
T2 sh14 cell=(243,63) PROBE0 nodes=17910
T2 sh14 cell=(10,44) PROBE0 nodes=486
T2 sh22 cell=(8,123) PROBE0 nodes=9519
T2 sh5 cell=(93,41) PROBE0 nodes=26905
T2 sh5 cell=(99,113) PROBE0 nodes=435
T2 sh5 cell=(102,96) PROBE0 nodes=177
T2 sh17 cell=(112,166) PROBE0 nodes=12455
T2 sh5 cell=(102,118) PROBE0 nodes=1271
T2 sh5 cell=(102,120) PROBE0 nodes=2037
T2 sh8 cell=(209,67) PROBE0 nodes=31825
T2 sh5 cell=(108,178) PROBE0 nodes=9970
T2 sh7 cell=(243,63) PROBE0 nodes=15615
T2 sh7 cell=(10,44) PROBE0 nodes=486
T2 sh22 cell=(31,184) PROBE0 nodes=4202
T2 sh5 cell=(191,189) PROBE0 nodes=9783
T2 sh3 cell=(102,118) PROBE0 nodes=12341
T2 sh17 cell=(73,27) PROBE0 nodes=27157
T2 sh8 cell=(222,34) PROBE0 nodes=27982
T2 sh1 cell=(60,42) PROBE0 nodes=306
T2 sh19 cell=(89,47) PROBE0 nodes=9783
T2 sh19 cell=(196,40) PROBE0 nodes=92
T2 sh22 cell=(33,94) PROBE0 nodes=14952
T2 sh8 cell=(234,172) PROBE0 nodes=16246
T2 sh17 cell=(199,44) PROBE0 nodes=25322
T2 sh3 cell=(102,120) PROBE0 nodes=12982
T2 sh5 cell=(209,67) PROBE0 nodes=31900
T2 sh1 cell=(87,29) PROBE0 nodes=14123
T2 sh19 cell=(198,50) PROBE0 nodes=31844
T2 sh5 cell=(222,34) PROBE0 nodes=27982
T2 sh19 cell=(222,102) PROBE0 nodes=28429
T2 sh16 cell=(89,47) PROBE0 nodes=11796
T2 sh16 cell=(196,40) PROBE0 nodes=92
T2 sh13 cell=(89,47) PROBE0 nodes=14073
T2 sh13 cell=(196,40) PROBE0 nodes=92
T2 sh5 cell=(234,172) PROBE0 nodes=16235
T2 sh20 cell=(40,105) PROBE0 nodes=11771
T2 sh8 cell=(241,61) PROBE0 nodes=28386
T2 sh22 cell=(34,103) PROBE0 nodes=24639
T2 sh11 cell=(89,47) PROBE0 nodes=14100
T2 sh11 cell=(196,40) PROBE0 nodes=92
T2 sh1 cell=(93,41) PROBE0 nodes=26462
T2 sh1 cell=(99,113) PROBE0 nodes=435
T2 sh1 cell=(102,96) PROBE0 nodes=177
T2 sh1 cell=(102,118) PROBE0 nodes=1280
T2 sh17 cell=(35,106) PROBE0 nodes=30315
T2 sh1 cell=(102,120) PROBE0 nodes=2037
T2 sh19 cell=(237,61) PROBE0 nodes=31399
T2 sh16 cell=(198,50) PROBE0 nodes=31845
T2 sh13 cell=(198,50) PROBE0 nodes=31844
T2 sh17 cell=(2,143) PROBE0 nodes=10144
T2 sh15 cell=(243,63) PROBE0 nodes=26518
T2 sh25 cell=(40,105) PROBE0 nodes=11771
T2 sh1 cell=(108,178) PROBE0 nodes=9949
T2 sh11 cell=(198,50) PROBE0 nodes=31729
T2 sh23 cell=(40,105) PROBE0 nodes=11771
T2 sh19 cell=(112,166) PROBE0 nodes=12466
T2 sh17 cell=(8,123) PROBE0 nodes=10476
T2 sh24 cell=(237,61) PROBE0 nodes=29592
T2 sh16 cell=(222,102) PROBE0 nodes=28229
T2 sh1 cell=(191,189) PROBE0 nodes=9783
T2 sh8 cell=(243,63) PROBE0 nodes=16066
T2 sh8 cell=(10,44) PROBE0 nodes=486
T2 sh13 cell=(222,102) PROBE0 nodes=28426
T2 sh5 cell=(241,61) PROBE0 nodes=24402
T2 sh11 cell=(222,102) PROBE0 nodes=28429
T2 sh1 cell=(209,67) PROBE0 nodes=31884
T2 sh9 cell=(243,63) PROBE0 nodes=23429
T2 sh19 cell=(73,27) PROBE0 nodes=21692
T2 sh17 cell=(31,184) PROBE0 nodes=4202
T2 sh16 cell=(237,61) PROBE0 nodes=24079
T2 sh5 cell=(243,63) PROBE0 nodes=13570
T2 sh5 cell=(10,44) PROBE0 nodes=486
T2 sh13 cell=(237,61) PROBE0 nodes=19673
T2 sh1 cell=(222,34) PROBE0 nodes=27982
T2 sh17 cell=(33,94) PROBE0 nodes=14943
T2 sh14 cell=(89,47) PROBE0 nodes=14100
T2 sh14 cell=(196,40) PROBE0 nodes=92
T2 sh19 cell=(199,44) PROBE0 nodes=25318
T2 sh11 cell=(237,61) PROBE0 nodes=23912
T2 sh4 cell=(60,42) PROBE0 nodes=306
T2 sh10 cell=(89,47) PROBE0 nodes=8120
T2 sh10 cell=(196,40) PROBE0 nodes=92
T2 sh16 cell=(112,166) PROBE0 nodes=12450
T2 sh1 cell=(234,172) PROBE0 nodes=16246
T2 sh13 cell=(112,166) PROBE0 nodes=12467
T2 sh11 cell=(112,166) PROBE0 nodes=12450
T2 sh4 cell=(87,29) PROBE0 nodes=10638
T2 sh14 cell=(198,50) PROBE0 nodes=31819
T2 sh10 cell=(198,50) PROBE0 nodes=31691
T2 sh16 cell=(73,27) PROBE0 nodes=14702
T2 sh0 cell=(99,113) PROBE0 nodes=8195
T2 sh13 cell=(73,27) PROBE0 nodes=20668
T2 sh14 cell=(222,102) PROBE0 nodes=28395
T2 sh10 cell=(222,102) PROBE0 nodes=28429
T2 sh16 cell=(199,44) PROBE0 nodes=25319
T2 sh17 cell=(34,103) PROBE0 nodes=24844
T2 sh11 cell=(73,27) PROBE0 nodes=18462
T2 sh2 cell=(60,42) PROBE0 nodes=306
T2 sh19 cell=(35,106) PROBE0 nodes=30315
T2 sh13 cell=(199,44) PROBE0 nodes=25321
T2 sh7 cell=(89,47) PROBE0 nodes=14100
T2 sh7 cell=(196,40) PROBE0 nodes=92
T2 sh4 cell=(93,41) PROBE0 nodes=26660
T2 sh1 cell=(241,61) PROBE0 nodes=24280
T2 sh4 cell=(99,113) PROBE0 nodes=435
T2 sh4 cell=(102,96) PROBE0 nodes=177
T2 sh4 cell=(102,118) PROBE0 nodes=1280
T2 sh14 cell=(237,61) PROBE0 nodes=31350
T2 sh19 cell=(2,143) PROBE0 nodes=9375
T2 sh4 cell=(102,120) PROBE0 nodes=2037
T2 sh11 cell=(199,44) PROBE0 nodes=25319
T2 sh6 cell=(243,63) PROBE0 nodes=29207
T2 sh2 cell=(87,29) PROBE0 nodes=14317
T2 sh19 cell=(8,123) PROBE0 nodes=9370
T2 sh0 cell=(102,118) PROBE0 nodes=10267
T2 sh12 cell=(243,63) PROBE0 nodes=26000
T2 sh4 cell=(108,178) PROBE0 nodes=9965
T2 sh14 cell=(112,166) PROBE0 nodes=12467
T2 sh21 cell=(237,61) PROBE0 nodes=30550
T2 sh7 cell=(198,50) PROBE0 nodes=31751
T2 sh10 cell=(237,61) PROBE0 nodes=20698
T2 sh4 cell=(191,189) PROBE0 nodes=9783
T2 sh1 cell=(243,63) PROBE0 nodes=14727
T2 sh1 cell=(10,44) PROBE0 nodes=486
T2 sh0 cell=(102,120) PROBE0 nodes=12194
T2 sh7 cell=(222,102) PROBE0 nodes=28303
T2 sh16 cell=(35,106) PROBE0 nodes=30315
T2 sh22 cell=(40,105) PROBE0 nodes=11771
T2 sh10 cell=(112,166) PROBE0 nodes=12450
T2 sh19 cell=(31,184) PROBE0 nodes=4202
T2 sh16 cell=(2,143) PROBE0 nodes=10144
T2 sh4 cell=(209,67) PROBE0 nodes=31805
T2 sh2 cell=(93,41) PROBE0 nodes=29038
T2 sh13 cell=(35,106) PROBE0 nodes=30315
T2 sh2 cell=(99,113) PROBE0 nodes=428
T2 sh14 cell=(73,27) PROBE0 nodes=22034
T2 sh2 cell=(102,96) PROBE0 nodes=177
T2 sh2 cell=(102,118) PROBE0 nodes=1280
T2 sh16 cell=(8,123) PROBE0 nodes=10476
T2 sh2 cell=(102,120) PROBE0 nodes=2037
T2 sh19 cell=(33,94) PROBE0 nodes=14952
T2 sh11 cell=(35,106) PROBE0 nodes=30315
T2 sh7 cell=(237,61) PROBE0 nodes=31375
T2 sh13 cell=(2,143) PROBE0 nodes=9783
T2 sh11 cell=(2,143) PROBE0 nodes=10144
T2 sh4 cell=(222,34) PROBE0 nodes=27978
T2 sh14 cell=(199,44) PROBE0 nodes=25319
T2 sh2 cell=(108,178) PROBE0 nodes=9974
T2 sh13 cell=(8,123) PROBE0 nodes=9450
T2 sh21 cell=(112,166) PROBE0 nodes=30787
T2 sh10 cell=(73,27) PROBE0 nodes=21927
T2 sh7 cell=(112,166) PROBE0 nodes=12463
T2 sh2 cell=(191,189) PROBE0 nodes=9783
T2 sh11 cell=(8,123) PROBE0 nodes=10476
T2 sh4 cell=(234,172) PROBE0 nodes=16246
T2 sh16 cell=(31,184) PROBE0 nodes=4202
T2 sh10 cell=(199,44) PROBE0 nodes=25322
T2 sh2 cell=(209,67) PROBE0 nodes=31832
T2 sh16 cell=(33,94) PROBE0 nodes=14952
T2 sh13 cell=(31,184) PROBE0 nodes=4202
T2 sh19 cell=(34,103) PROBE0 nodes=24844
T2 sh11 cell=(31,184) PROBE0 nodes=4202
T2 sh7 cell=(73,27) PROBE0 nodes=23500
T2 sh13 cell=(33,94) PROBE0 nodes=14952
T2 sh2 cell=(222,34) PROBE0 nodes=27982
T2 sh14 cell=(35,106) PROBE0 nodes=30315
T2 sh11 cell=(33,94) PROBE0 nodes=14951
T2 sh14 cell=(2,143) PROBE0 nodes=9370
T2 sh7 cell=(199,44) PROBE0 nodes=25281
T2 sh2 cell=(234,172) PROBE0 nodes=16246
T2 sh17 cell=(40,105) PROBE0 nodes=11771
T2 sh5 cell=(89,47) PROBE0 nodes=14083
T2 sh5 cell=(196,40) PROBE0 nodes=92
T2 sh3 cell=(243,63) PROBE0 nodes=28057
T2 sh14 cell=(8,123) PROBE0 nodes=9407
T2 sh10 cell=(35,106) PROBE0 nodes=30315
T2 sh16 cell=(34,103) PROBE0 nodes=24844
T2 sh10 cell=(2,143) PROBE0 nodes=10144
T2 sh5 cell=(198,50) PROBE0 nodes=31833
T2 sh10 cell=(8,123) PROBE0 nodes=10476
T2 sh4 cell=(243,63) PROBE0 nodes=26841
T2 sh4 cell=(10,44) PROBE0 nodes=486
T2 sh11 cell=(34,103) PROBE0 nodes=24844
T2 sh13 cell=(34,103) PROBE0 nodes=24844
T2 sh1 cell=(89,47) PROBE0 nodes=9044
T2 sh1 cell=(196,40) PROBE0 nodes=92
T2 sh8 cell=(89,47) PROBE0 nodes=12080
T2 sh8 cell=(196,40) PROBE0 nodes=92
T2 sh14 cell=(31,184) PROBE0 nodes=4202
T2 sh5 cell=(222,102) PROBE0 nodes=28123
T2 sh2 cell=(241,61) PROBE0 nodes=29653
T2 sh18 cell=(237,61) PROBE0 nodes=30710
T2 sh7 cell=(35,106) PROBE0 nodes=29427
T2 sh14 cell=(33,94) PROBE0 nodes=14952
T2 sh1 cell=(198,50) PROBE0 nodes=31845
T2 sh8 cell=(198,50) PROBE0 nodes=31842
T2 sh10 cell=(31,184) PROBE0 nodes=4202
T2 sh7 cell=(2,143) PROBE0 nodes=10144
T2 sh7 cell=(8,123) PROBE0 nodes=10476
T2 sh5 cell=(237,61) PROBE0 nodes=17738
T2 sh10 cell=(33,94) PROBE0 nodes=14952
T2 sh1 cell=(222,102) PROBE0 nodes=28259
T2 sh2 cell=(243,63) PROBE0 nodes=18023
T2 sh8 cell=(222,102) PROBE0 nodes=28383
T2 sh2 cell=(10,44) PROBE0 nodes=486
T2 sh5 cell=(112,166) PROBE0 nodes=12451
T2 sh14 cell=(34,103) PROBE0 nodes=24844
T2 sh1 cell=(237,61) PROBE0 nodes=22135
T2 sh7 cell=(31,184) PROBE0 nodes=4202
T2 sh15 cell=(237,61) PROBE0 nodes=26720
T2 sh8 cell=(237,61) PROBE0 nodes=22400
T2 sh19 cell=(40,105) PROBE0 nodes=11771
T2 sh7 cell=(33,94) PROBE0 nodes=14952
T2 sh1 cell=(112,166) PROBE0 nodes=12444
T2 sh5 cell=(73,27) PROBE0 nodes=19296
T2 sh10 cell=(34,103) PROBE0 nodes=24844
T2 sh8 cell=(112,166) PROBE0 nodes=12466
T2 sh5 cell=(199,44) PROBE0 nodes=25319
T2 sh1 cell=(73,27) PROBE0 nodes=20463
T2 sh7 cell=(34,103) PROBE0 nodes=24843
T2 sh8 cell=(73,27) PROBE0 nodes=22019
T2 sh1 cell=(199,44) PROBE0 nodes=25311
T2 sh9 cell=(237,61) PROBE0 nodes=29547
T2 sh11 cell=(40,105) PROBE0 nodes=10490
T2 sh16 cell=(40,105) PROBE0 nodes=11771
T2 sh8 cell=(199,44) PROBE0 nodes=25283
T2 sh5 cell=(35,106) PROBE0 nodes=30315
T2 sh13 cell=(40,105) PROBE0 nodes=11771
T2 sh20 cell=(73,22) PROBE0 nodes=11144
T2 sh5 cell=(2,143) PROBE0 nodes=9783
T2 sh1 cell=(35,106) PROBE0 nodes=29432
T2 sh5 cell=(8,123) PROBE0 nodes=9455
T2 sh0 cell=(243,63) PROBE0 nodes=26564
T2 sh1 cell=(2,143) PROBE0 nodes=10144
T2 sh20 cell=(94,73) PROBE0 nodes=22413
T2 sh9 cell=(112,166) PROBE0 nodes=29406
T2 sh1 cell=(8,123) PROBE0 nodes=10476
T2 sh8 cell=(35,106) PROBE0 nodes=30315
T2 sh25 cell=(73,22) PROBE0 nodes=16818
T2 sh20 cell=(161,62) PROBE0 nodes=26713
T2 sh6 cell=(237,61) PROBE0 nodes=30857
T2 sh8 cell=(2,143) PROBE0 nodes=9778
T2 sh5 cell=(31,184) PROBE0 nodes=4202
T2 sh4 cell=(89,47) PROBE0 nodes=7756
T2 sh4 cell=(196,40) PROBE0 nodes=92
T2 sh1 cell=(31,184) PROBE0 nodes=4202
T2 sh8 cell=(8,123) PROBE0 nodes=9492
T2 sh20 cell=(177,78) PROBE0 nodes=27049
T2 sh5 cell=(33,94) PROBE0 nodes=14952
T2 sh25 cell=(94,73) PROBE0 nodes=22433
T2 sh14 cell=(40,105) PROBE0 nodes=11771
T2 sh1 cell=(33,94) PROBE0 nodes=14952
T2 sh12 cell=(237,61) PROBE0 nodes=31401
T2 sh20 cell=(186,69) PROBE0 nodes=26678
T2 sh4 cell=(198,50) PROBE0 nodes=31731
T2 sh25 cell=(161,62) PROBE0 nodes=26713
T2 sh23 cell=(73,22) PROBE0 nodes=17579
T2 sh10 cell=(40,105) PROBE0 nodes=11771
T2 sh8 cell=(31,184) PROBE0 nodes=4202
T2 sh20 cell=(205,16) PROBE0 nodes=23484
T2 sh4 cell=(222,102) PROBE0 nodes=28263
T2 sh2 cell=(89,47) PROBE0 nodes=8695
T2 sh2 cell=(196,40) PROBE0 nodes=92
T2 sh25 cell=(177,78) PROBE0 nodes=26963
T2 sh7 cell=(40,105) PROBE0 nodes=11771
T2 sh20 cell=(208,49) PROBE0 nodes=11528
T2 sh8 cell=(33,94) PROBE0 nodes=14952
T2 sh23 cell=(94,73) PROBE0 nodes=22433
T2 sh1 cell=(34,103) PROBE0 nodes=24843
T2 sh5 cell=(34,103) PROBE0 nodes=24844
T2 sh20 cell=(208,85) PROBE0 nodes=25177
T2 sh25 cell=(186,69) PROBE0 nodes=26695
T2 sh2 cell=(198,50) PROBE0 nodes=31845
T2 sh4 cell=(237,61) PROBE0 nodes=21879
T2 sh23 cell=(161,62) PROBE0 nodes=26685
T2 sh20 cell=(210,67) PROBE0 nodes=22414
T2 sh25 cell=(205,16) PROBE0 nodes=23471
T2 sh4 cell=(112,166) PROBE0 nodes=12467
T2 sh12 cell=(112,166) PROBE0 nodes=31380
T2 sh2 cell=(222,102) PROBE0 nodes=28429
T2 sh20 cell=(214,185) PROBE0 nodes=6658
T2 sh23 cell=(177,78) PROBE0 nodes=27049
T2 sh25 cell=(208,49) PROBE0 nodes=11473
T2 sh8 cell=(34,103) PROBE0 nodes=24844
T2 sh20 cell=(215,58) PROBE0 nodes=16615
T2 sh2 cell=(237,61) PROBE0 nodes=21467
T2 sh23 cell=(186,69) PROBE0 nodes=26695
T2 sh20 cell=(216,83) PROBE0 nodes=10681
T2 sh4 cell=(73,27) PROBE0 nodes=27147
T2 sh25 cell=(208,85) PROBE0 nodes=21825
T2 sh2 cell=(112,166) PROBE0 nodes=12444
T2 sh20 cell=(218,33) PROBE0 nodes=22605
T2 sh23 cell=(205,16) PROBE0 nodes=23484
T2 sh4 cell=(199,44) PROBE0 nodes=25309
T2 sh25 cell=(210,67) PROBE0 nodes=22414
T2 sh23 cell=(208,49) PROBE0 nodes=11545
T2 sh20 cell=(230,73) PROBE0 nodes=14437
T2 sh25 cell=(214,185) PROBE0 nodes=6661
T2 sh20 cell=(232,175) PROBE0 nodes=5938
T2 sh2 cell=(73,27) PROBE0 nodes=14270
T2 sh20 cell=(238,37) PROBE0 nodes=8767
T2 sh25 cell=(215,58) PROBE0 nodes=16585
T2 sh23 cell=(208,85) PROBE0 nodes=26337
T2 sh20 cell=(239,34) PROBE0 nodes=10321
T2 sh25 cell=(216,83) PROBE0 nodes=10716
T2 sh2 cell=(199,44) PROBE0 nodes=25322
T2 sh22 cell=(73,22) PROBE0 nodes=16585
T2 sh20 cell=(240,59) PROBE0 nodes=15746
T2 sh23 cell=(210,67) PROBE0 nodes=22414
T2 sh4 cell=(35,106) PROBE0 nodes=29427
T2 sh23 cell=(214,185) PROBE0 nodes=6661
T2 sh25 cell=(218,33) PROBE0 nodes=22605
T2 sh20 cell=(255,50) PROBE0 nodes=20447
T2 sh4 cell=(2,143) PROBE0 nodes=10142
T2 sh22 cell=(94,73) PROBE0 nodes=22371
T2 sh25 cell=(230,73) PROBE0 nodes=14422
T2 sh23 cell=(215,58) PROBE0 nodes=16615
T2 sh4 cell=(8,123) PROBE0 nodes=10476
T2 sh25 cell=(232,175) PROBE0 nodes=5938
T2 sh23 cell=(216,83) PROBE0 nodes=10704
T2 sh1 cell=(40,105) PROBE0 nodes=11771
T2 sh22 cell=(161,62) PROBE0 nodes=26737
T2 sh25 cell=(238,37) PROBE0 nodes=8767
T2 sh5 cell=(40,105) PROBE0 nodes=11771
T2 sh25 cell=(239,34) PROBE0 nodes=10321
T2 sh2 cell=(35,106) PROBE0 nodes=30315
T2 sh23 cell=(218,33) PROBE0 nodes=22576
T2 sh17 cell=(73,22) PROBE0 nodes=16497
T2 sh22 cell=(177,78) PROBE0 nodes=27049
T2 sh2 cell=(2,143) PROBE0 nodes=9788
T2 sh25 cell=(240,59) PROBE0 nodes=15741
T2 sh20 cell=(19,76) PROBE0 nodes=24691
T2 sh4 cell=(31,184) PROBE0 nodes=4202
T2 sh23 cell=(230,73) PROBE0 nodes=14437
T2 sh2 cell=(8,123) PROBE0 nodes=9520
T2 sh23 cell=(232,175) PROBE0 nodes=5938
T2 sh22 cell=(186,69) PROBE0 nodes=26688
T2 sh25 cell=(255,50) PROBE0 nodes=20447
T2 sh4 cell=(33,94) PROBE0 nodes=14949
T2 sh17 cell=(94,73) PROBE0 nodes=22431
T2 sh23 cell=(238,37) PROBE0 nodes=8767
T2 sh23 cell=(239,34) PROBE0 nodes=10321
T2 sh8 cell=(40,105) PROBE0 nodes=11771
T2 sh22 cell=(205,16) PROBE0 nodes=23423
T2 sh17 cell=(161,62) PROBE0 nodes=26737
T2 sh23 cell=(240,59) PROBE0 nodes=15783
T2 sh22 cell=(208,49) PROBE0 nodes=11532
T2 sh2 cell=(31,184) PROBE0 nodes=4202
T2 sh4 cell=(34,103) PROBE0 nodes=24844
T2 sh17 cell=(177,78) PROBE0 nodes=27049
T2 sh2 cell=(33,94) PROBE0 nodes=14952
T2 sh23 cell=(255,50) PROBE0 nodes=20447
T2 sh22 cell=(208,85) PROBE0 nodes=25294
T2 sh25 cell=(19,76) PROBE0 nodes=24691
T2 sh22 cell=(210,67) PROBE0 nodes=22414
T2 sh17 cell=(186,69) PROBE0 nodes=26688
T2 sh22 cell=(214,185) PROBE0 nodes=6661
T2 sh20 cell=(202,179) PROBE0 nodes=6772
T2 sh17 cell=(205,16) PROBE0 nodes=23484
T2 sh22 cell=(215,58) PROBE0 nodes=16615
T2 sh20 cell=(208,11) PROBE0 nodes=22238
T2 sh17 cell=(208,49) PROBE0 nodes=11545
T2 sh22 cell=(216,83) PROBE0 nodes=10716
T2 sh2 cell=(34,103) PROBE0 nodes=24844
T2 sh23 cell=(19,76) PROBE0 nodes=24691
T2 sh20 cell=(226,1) PROBE0 nodes=12974
T2 sh17 cell=(208,85) PROBE0 nodes=20449
T2 sh19 cell=(73,22) PROBE0 nodes=13635
T2 sh20 cell=(246,53) PROBE0 nodes=10149
T2 sh22 cell=(218,33) PROBE0 nodes=22597
T2 sh17 cell=(210,67) PROBE0 nodes=22414
T2 sh22 cell=(230,73) PROBE0 nodes=14437
T2 sh17 cell=(214,185) PROBE0 nodes=6661
T2 sh19 cell=(94,73) PROBE0 nodes=22432
T2 sh22 cell=(232,175) PROBE0 nodes=5933
T2 sh22 cell=(238,37) PROBE0 nodes=8767
T2 sh17 cell=(215,58) PROBE0 nodes=16615
T2 sh25 cell=(202,179) PROBE0 nodes=6775
T2 sh22 cell=(239,34) PROBE0 nodes=10321
T2 sh19 cell=(161,62) PROBE0 nodes=26737
T2 sh17 cell=(216,83) PROBE0 nodes=10713
T2 sh11 cell=(73,22) PROBE0 nodes=17226
T2 sh22 cell=(240,59) PROBE0 nodes=15722
T2 sh25 cell=(208,11) PROBE0 nodes=22238
T2 sh17 cell=(218,33) PROBE0 nodes=22591
T2 sh19 cell=(177,78) PROBE0 nodes=27013
T2 sh0 cell=(237,61) PROBE0 nodes=28958
T2 sh25 cell=(226,1) PROBE0 nodes=12974
T2 sh22 cell=(255,50) PROBE0 nodes=20447
T2 sh25 cell=(246,53) PROBE0 nodes=10149
T2 sh11 cell=(94,73) PROBE0 nodes=22440
T2 sh17 cell=(230,73) PROBE0 nodes=14437
T2 sh23 cell=(202,179) PROBE0 nodes=6775
T2 sh19 cell=(186,69) PROBE0 nodes=26695
T2 sh17 cell=(232,175) PROBE0 nodes=5938
T2 sh17 cell=(238,37) PROBE0 nodes=8767
T2 sh16 cell=(73,22) PROBE0 nodes=17210
T2 sh11 cell=(161,62) PROBE0 nodes=26703
T2 sh23 cell=(208,11) PROBE0 nodes=22238
T2 sh4 cell=(40,105) PROBE0 nodes=11771
T2 sh17 cell=(239,34) PROBE0 nodes=10321
T2 sh19 cell=(205,16) PROBE0 nodes=23484
T2 sh23 cell=(226,1) PROBE0 nodes=12974
T2 sh19 cell=(208,49) PROBE0 nodes=11427
T2 sh17 cell=(240,59) PROBE0 nodes=15768
T2 sh11 cell=(177,78) PROBE0 nodes=27016
T2 sh23 cell=(246,53) PROBE0 nodes=10149
T2 sh16 cell=(94,73) PROBE0 nodes=22426
T2 sh22 cell=(19,76) PROBE0 nodes=24691
T2 sh13 cell=(73,22) PROBE0 nodes=17536
T2 sh17 cell=(255,50) PROBE0 nodes=20447
T2 sh19 cell=(208,85) PROBE0 nodes=27030
T2 sh11 cell=(186,69) PROBE0 nodes=26693
T2 sh16 cell=(161,62) PROBE0 nodes=26737
T2 sh19 cell=(210,67) PROBE0 nodes=22413
T2 sh13 cell=(94,73) PROBE0 nodes=22436
T2 sh2 cell=(40,105) PROBE0 nodes=11771
T2 sh19 cell=(214,185) PROBE0 nodes=6661
T2 sh11 cell=(205,16) PROBE0 nodes=23484
T2 sh16 cell=(177,78) PROBE0 nodes=27049
T2 sh11 cell=(208,49) PROBE0 nodes=11545
T2 sh13 cell=(161,62) PROBE0 nodes=26717
T2 sh19 cell=(215,58) PROBE0 nodes=16612
T2 sh20 cell=(99,39) PROBE0 nodes=30764
T2 sh20 cell=(5,39) PROBE0 nodes=489
T2 sh16 cell=(186,69) PROBE0 nodes=26695
T2 sh17 cell=(19,76) PROBE0 nodes=24691
T2 sh19 cell=(216,83) PROBE0 nodes=10716
T2 sh7 cell=(73,22) PROBE0 nodes=17751
T2 sh20 cell=(19,61) PROBE0 nodes=3031
T2 sh14 cell=(73,22) PROBE0 nodes=12866
T2 sh11 cell=(208,85) PROBE0 nodes=26413
T2 sh13 cell=(177,78) PROBE0 nodes=27026
T2 sh20 cell=(24,68) PROBE0 nodes=2160
T2 sh16 cell=(205,16) PROBE0 nodes=23484
T2 sh19 cell=(218,33) PROBE0 nodes=22605
T2 sh11 cell=(210,67) PROBE0 nodes=22414
T2 sh16 cell=(208,49) PROBE0 nodes=11510
T2 sh13 cell=(186,69) PROBE0 nodes=26695
T2 sh7 cell=(94,73) PROBE0 nodes=22431
T2 sh11 cell=(214,185) PROBE0 nodes=6661
T2 sh19 cell=(230,73) PROBE0 nodes=14437
T2 sh14 cell=(94,73) PROBE0 nodes=22433
T2 sh25 cell=(5,39) PROBE0 nodes=489
T2 sh22 cell=(202,179) PROBE0 nodes=6770
T2 sh20 cell=(24,78) PROBE0 nodes=31253
T2 sh20 cell=(27,35) PROBE0 nodes=708
T2 sh19 cell=(232,175) PROBE0 nodes=5938
T2 sh10 cell=(73,22) PROBE0 nodes=17416
T2 sh19 cell=(238,37) PROBE0 nodes=8767
T2 sh11 cell=(215,58) PROBE0 nodes=16615
T2 sh13 cell=(205,16) PROBE0 nodes=23469
T2 sh7 cell=(161,62) PROBE0 nodes=26701
T2 sh14 cell=(161,62) PROBE0 nodes=26737
T2 sh19 cell=(239,34) PROBE0 nodes=10321
T2 sh22 cell=(208,11) PROBE0 nodes=22225
T2 sh16 cell=(208,85) PROBE0 nodes=22620
T2 sh11 cell=(216,83) PROBE0 nodes=10716
T2 sh13 cell=(208,49) PROBE0 nodes=11545
T2 sh22 cell=(226,1) PROBE0 nodes=12974
T2 sh19 cell=(240,59) PROBE0 nodes=15766
T2 sh10 cell=(94,73) PROBE0 nodes=22436
T2 sh14 cell=(177,78) PROBE0 nodes=27049
T2 sh7 cell=(177,78) PROBE0 nodes=27049
T2 sh16 cell=(210,67) PROBE0 nodes=22414
T2 sh22 cell=(246,53) PROBE0 nodes=10149
T2 sh25 cell=(19,61) PROBE0 nodes=7129
T2 sh11 cell=(218,33) PROBE0 nodes=22605
T2 sh17 cell=(202,179) PROBE0 nodes=6774
T2 sh16 cell=(214,185) PROBE0 nodes=6656
T2 sh25 cell=(24,68) PROBE0 nodes=2544
T2 sh19 cell=(255,50) PROBE0 nodes=20447
T2 sh13 cell=(208,85) PROBE0 nodes=24954
T2 sh10 cell=(161,62) PROBE0 nodes=26725
T2 sh14 cell=(186,69) PROBE0 nodes=26690
T2 sh11 cell=(230,73) PROBE0 nodes=14437
T2 sh7 cell=(186,69) PROBE0 nodes=26695
T2 sh16 cell=(215,58) PROBE0 nodes=16615
T2 sh17 cell=(208,11) PROBE0 nodes=22238
T2 sh11 cell=(232,175) PROBE0 nodes=5938
T2 sh13 cell=(210,67) PROBE0 nodes=22414
T2 sh16 cell=(216,83) PROBE0 nodes=10716
T2 sh11 cell=(238,37) PROBE0 nodes=8767
T2 sh17 cell=(226,1) PROBE0 nodes=12974
T2 sh14 cell=(205,16) PROBE0 nodes=23484
T2 sh10 cell=(177,78) PROBE0 nodes=27014
T2 sh13 cell=(214,185) PROBE0 nodes=6661
T2 sh25 cell=(24,78) PROBE0 nodes=31459
T2 sh25 cell=(27,35) PROBE0 nodes=708
T2 sh7 cell=(205,16) PROBE0 nodes=23484
T2 sh11 cell=(239,34) PROBE0 nodes=10321
T2 sh17 cell=(246,53) PROBE0 nodes=10149
T2 sh14 cell=(208,49) PROBE0 nodes=11511
T2 sh7 cell=(208,49) PROBE0 nodes=11482
T2 sh16 cell=(218,33) PROBE0 nodes=22574
T2 sh13 cell=(215,58) PROBE0 nodes=16610
T2 sh11 cell=(240,59) PROBE0 nodes=15779
T2 sh10 cell=(186,69) PROBE0 nodes=26653
T2 sh19 cell=(19,76) PROBE0 nodes=24689
T2 sh16 cell=(230,73) PROBE0 nodes=14435
T2 sh13 cell=(216,83) PROBE0 nodes=10716
T2 sh14 cell=(208,85) PROBE0 nodes=25242
T2 sh16 cell=(232,175) PROBE0 nodes=5938
T2 sh11 cell=(255,50) PROBE0 nodes=20447
T2 sh10 cell=(205,16) PROBE0 nodes=23479
T2 sh16 cell=(238,37) PROBE0 nodes=8767
T2 sh7 cell=(208,85) PROBE0 nodes=28625
T2 sh13 cell=(218,33) PROBE0 nodes=22582
T2 sh14 cell=(210,67) PROBE0 nodes=22414
T2 sh10 cell=(208,49) PROBE0 nodes=11496
T2 sh16 cell=(239,34) PROBE0 nodes=10321
T2 sh14 cell=(214,185) PROBE0 nodes=6661
T2 sh23 cell=(5,39) PROBE0 nodes=489
T2 sh20 cell=(28,66) PROBE0 nodes=23037
T2 sh7 cell=(210,67) PROBE0 nodes=22414
T2 sh13 cell=(230,73) PROBE0 nodes=14434
T2 sh16 cell=(240,59) PROBE0 nodes=15783
T2 sh7 cell=(214,185) PROBE0 nodes=6661
T2 sh13 cell=(232,175) PROBE0 nodes=5938
T2 sh14 cell=(215,58) PROBE0 nodes=16615
T2 sh23 cell=(19,61) PROBE0 nodes=4046
T2 sh10 cell=(208,85) PROBE0 nodes=23904
T2 sh13 cell=(238,37) PROBE0 nodes=8767
T2 sh16 cell=(255,50) PROBE0 nodes=20447
T2 sh14 cell=(216,83) PROBE0 nodes=10716
T2 sh1 cell=(73,22) PROBE0 nodes=17384
T2 sh23 cell=(24,68) PROBE0 nodes=2423
T2 sh7 cell=(215,58) PROBE0 nodes=16615
T2 sh13 cell=(239,34) PROBE0 nodes=10321
T2 sh11 cell=(19,76) PROBE0 nodes=24689
T2 sh5 cell=(73,22) PROBE0 nodes=16487
T2 sh10 cell=(210,67) PROBE0 nodes=22410
T2 sh7 cell=(216,83) PROBE0 nodes=10716
T2 sh13 cell=(240,59) PROBE0 nodes=15751
T2 sh10 cell=(214,185) PROBE0 nodes=6658
T2 sh14 cell=(218,33) PROBE0 nodes=22605
T2 sh1 cell=(94,73) PROBE0 nodes=22425
T2 sh23 cell=(24,78) PROBE0 nodes=31496
T2 sh23 cell=(27,35) PROBE0 nodes=708
T2 sh7 cell=(218,33) PROBE0 nodes=22605
T2 sh14 cell=(230,73) PROBE0 nodes=14437
T2 sh5 cell=(94,73) PROBE0 nodes=22420
T2 sh13 cell=(255,50) PROBE0 nodes=20447
T2 sh10 cell=(215,58) PROBE0 nodes=16585
T2 sh19 cell=(202,179) PROBE0 nodes=6775
T2 sh14 cell=(232,175) PROBE0 nodes=5938
T2 sh25 cell=(28,66) PROBE0 nodes=22183
T2 sh10 cell=(216,83) PROBE0 nodes=10716
T2 sh1 cell=(161,62) PROBE0 nodes=26678
T2 sh7 cell=(230,73) PROBE0 nodes=14437
T2 sh14 cell=(238,37) PROBE0 nodes=8767
T2 sh16 cell=(19,76) PROBE0 nodes=24690
T2 sh5 cell=(161,62) PROBE0 nodes=26704
T2 sh7 cell=(232,175) PROBE0 nodes=5938
T2 sh19 cell=(208,11) PROBE0 nodes=22238
T2 sh14 cell=(239,34) PROBE0 nodes=10321
T2 sh7 cell=(238,37) PROBE0 nodes=8767
T2 sh10 cell=(218,33) PROBE0 nodes=22605
T2 sh1 cell=(177,78) PROBE0 nodes=27044
T2 sh19 cell=(226,1) PROBE0 nodes=12974
T2 sh14 cell=(240,59) PROBE0 nodes=15783
T2 sh7 cell=(239,34) PROBE0 nodes=10321
T2 sh5 cell=(177,78) PROBE0 nodes=27012
T2 sh19 cell=(246,53) PROBE0 nodes=10149
T2 sh10 cell=(230,73) PROBE0 nodes=14437
T2 sh22 cell=(5,39) PROBE0 nodes=489
T2 sh1 cell=(186,69) PROBE0 nodes=26695
T2 sh7 cell=(240,59) PROBE0 nodes=15705
T2 sh14 cell=(255,50) PROBE0 nodes=20447
T2 sh10 cell=(232,175) PROBE0 nodes=5938
T2 sh13 cell=(19,76) PROBE0 nodes=24691
T2 sh22 cell=(19,61) PROBE0 nodes=2993
T2 sh8 cell=(73,22) PROBE0 nodes=17536
T2 sh11 cell=(202,179) PROBE0 nodes=6773
T2 sh5 cell=(186,69) PROBE0 nodes=26651
T2 sh10 cell=(238,37) PROBE0 nodes=8767
T2 sh22 cell=(24,68) PROBE0 nodes=2274
T2 sh10 cell=(239,34) PROBE0 nodes=10321
T2 sh7 cell=(255,50) PROBE0 nodes=20447
T2 sh1 cell=(205,16) PROBE0 nodes=23484
T2 sh11 cell=(208,11) PROBE0 nodes=22238
T2 sh1 cell=(208,49) PROBE0 nodes=11460
T2 sh5 cell=(205,16) PROBE0 nodes=23484
T2 sh10 cell=(240,59) PROBE0 nodes=15734
T2 sh8 cell=(94,73) PROBE0 nodes=22395
T2 sh5 cell=(208,49) PROBE0 nodes=11538
T2 sh22 cell=(24,78) PROBE0 nodes=31502
T2 sh22 cell=(27,35) PROBE0 nodes=708
T2 sh11 cell=(226,1) PROBE0 nodes=12974
T2 sh10 cell=(255,50) PROBE0 nodes=20447
T2 sh11 cell=(246,53) PROBE0 nodes=10149
T2 sh14 cell=(19,76) PROBE0 nodes=24691
T2 sh8 cell=(161,62) PROBE0 nodes=26727
T2 sh5 cell=(208,85) PROBE0 nodes=22973
T2 sh23 cell=(28,66) PROBE0 nodes=24444
T2 sh16 cell=(202,179) PROBE0 nodes=6775
T2 sh1 cell=(208,85) PROBE0 nodes=28323
T2 sh5 cell=(210,67) PROBE0 nodes=22414
T2 sh7 cell=(19,76) PROBE0 nodes=24691
T2 sh1 cell=(210,67) PROBE0 nodes=22414
T2 sh8 cell=(177,78) PROBE0 nodes=27049
T2 sh17 cell=(99,39) PROBE0 nodes=30540
T2 sh16 cell=(208,11) PROBE0 nodes=22223
T2 sh17 cell=(5,39) PROBE0 nodes=489
T2 sh5 cell=(214,185) PROBE0 nodes=6661
T2 sh1 cell=(214,185) PROBE0 nodes=6661
T2 sh17 cell=(19,61) PROBE0 nodes=3314
T2 sh16 cell=(226,1) PROBE0 nodes=12974
T2 sh17 cell=(24,68) PROBE0 nodes=2288
T2 sh8 cell=(186,69) PROBE0 nodes=26683
T2 sh16 cell=(246,53) PROBE0 nodes=10149
T2 sh5 cell=(215,58) PROBE0 nodes=16615
T2 sh1 cell=(215,58) PROBE0 nodes=16615
T2 sh10 cell=(19,76) PROBE0 nodes=24691
T2 sh13 cell=(202,179) PROBE0 nodes=6772
T2 sh5 cell=(216,83) PROBE0 nodes=10716
T2 sh1 cell=(216,83) PROBE0 nodes=10716
T2 sh8 cell=(205,16) PROBE0 nodes=23472
T2 sh17 cell=(24,78) PROBE0 nodes=31286
T2 sh17 cell=(27,35) PROBE0 nodes=708
T2 sh13 cell=(208,11) PROBE0 nodes=22238
T2 sh8 cell=(208,49) PROBE0 nodes=11386
T2 sh5 cell=(218,33) PROBE0 nodes=22591
T2 sh1 cell=(218,33) PROBE0 nodes=22605
T2 sh13 cell=(226,1) PROBE0 nodes=12974
T2 sh14 cell=(202,179) PROBE0 nodes=6775
T2 sh1 cell=(230,73) PROBE0 nodes=14437
T2 sh5 cell=(230,73) PROBE0 nodes=14437
T2 sh13 cell=(246,53) PROBE0 nodes=10149
T2 sh22 cell=(28,66) PROBE0 nodes=23002
T2 sh1 cell=(232,175) PROBE0 nodes=5920
T2 sh5 cell=(232,175) PROBE0 nodes=5938
T2 sh8 cell=(208,85) PROBE0 nodes=24485
T2 sh7 cell=(202,179) PROBE0 nodes=6775
T2 sh19 cell=(99,39) PROBE0 nodes=27982
T2 sh1 cell=(238,37) PROBE0 nodes=8767
T2 sh19 cell=(5,39) PROBE0 nodes=489
T2 sh5 cell=(238,37) PROBE0 nodes=8767
T2 sh14 cell=(208,11) PROBE0 nodes=22210
T2 sh1 cell=(239,34) PROBE0 nodes=10321
T2 sh5 cell=(239,34) PROBE0 nodes=10321
T2 sh8 cell=(210,67) PROBE0 nodes=22414
T2 sh4 cell=(73,22) PROBE0 nodes=17515
T2 sh14 cell=(226,1) PROBE0 nodes=12974
T2 sh19 cell=(19,61) PROBE0 nodes=3292
probe[t=397s]: 61/126 起点被证伪，剩 65
DEATH liveend=0 estate=368480 reach=202859 dyn=70007 flow=0 geom=28411
DYN shard20: 184246 calls, 70007 refuted (38%)
T2 sh7 cell=(208,11) PROBE0 nodes=22238
T2 sh8 cell=(214,185) PROBE0 nodes=6655
T2 sh19 cell=(24,68) PROBE0 nodes=2243
T2 sh14 cell=(246,53) PROBE0 nodes=10149
T2 sh1 cell=(240,59) PROBE0 nodes=15752
T2 sh2 cell=(73,22) PROBE0 nodes=10063
T2 sh5 cell=(240,59) PROBE0 nodes=15783
T2 sh7 cell=(226,1) PROBE0 nodes=12974
T2 sh11 cell=(99,39) PROBE0 nodes=30547
T2 sh11 cell=(5,39) PROBE0 nodes=489
T2 sh8 cell=(215,58) PROBE0 nodes=16615
T2 sh1 cell=(255,50) PROBE0 nodes=20447
T2 sh7 cell=(246,53) PROBE0 nodes=10149
T2 sh4 cell=(94,73) PROBE0 nodes=22428
T2 sh5 cell=(255,50) PROBE0 nodes=20447
T2 sh10 cell=(202,179) PROBE0 nodes=6775
T2 sh8 cell=(216,83) PROBE0 nodes=10716
T2 sh19 cell=(24,78) PROBE0 nodes=31502
T2 sh19 cell=(27,35) PROBE0 nodes=708
T2 sh11 cell=(19,61) PROBE0 nodes=3955
T2 sh2 cell=(94,73) PROBE0 nodes=22431
T2 sh11 cell=(24,68) PROBE0 nodes=2160
T2 sh4 cell=(161,62) PROBE0 nodes=26723
T2 sh10 cell=(208,11) PROBE0 nodes=22238
T2 sh17 cell=(28,66) PROBE0 nodes=21672
T2 sh8 cell=(218,33) PROBE0 nodes=22605
T2 sh2 cell=(161,62) PROBE0 nodes=26737
T2 sh10 cell=(226,1) PROBE0 nodes=12974
T2 sh1 cell=(19,76) PROBE0 nodes=24691
T2 sh8 cell=(230,73) PROBE0 nodes=14437
T2 sh4 cell=(177,78) PROBE0 nodes=27049
T2 sh10 cell=(246,53) PROBE0 nodes=10149
T2 sh11 cell=(24,78) PROBE0 nodes=31074
T2 sh11 cell=(27,35) PROBE0 nodes=708
T2 sh8 cell=(232,175) PROBE0 nodes=5938
T2 sh2 cell=(177,78) PROBE0 nodes=27000
T2 sh5 cell=(19,76) PROBE0 nodes=24691
T2 sh8 cell=(238,37) PROBE0 nodes=8767
T2 sh4 cell=(186,69) PROBE0 nodes=26695
T2 sh8 cell=(239,34) PROBE0 nodes=10321
T2 sh2 cell=(186,69) PROBE0 nodes=26684
T2 sh8 cell=(240,59) PROBE0 nodes=15722
T2 sh4 cell=(205,16) PROBE0 nodes=23484
T2 sh2 cell=(205,16) PROBE0 nodes=23484
T2 sh4 cell=(208,49) PROBE0 nodes=11545
T2 sh8 cell=(255,50) PROBE0 nodes=20447
T2 sh19 cell=(28,66) PROBE0 nodes=23016
T2 sh2 cell=(208,49) PROBE0 nodes=11514
T2 sh21 cell=(232,175) PROBE0 nodes=26717
T2 sh4 cell=(208,85) PROBE0 nodes=25618
T2 sh2 cell=(208,85) PROBE0 nodes=27889
T2 sh4 cell=(210,67) PROBE0 nodes=22414
T2 sh1 cell=(202,179) PROBE0 nodes=6775
T2 sh4 cell=(214,185) PROBE0 nodes=6661
T2 sh16 cell=(5,39) PROBE0 nodes=489
T2 sh11 cell=(28,66) PROBE0 nodes=17183
T2 sh14 cell=(99,39) PROBE0 nodes=26817
T2 sh14 cell=(5,39) PROBE0 nodes=489
T2 sh2 cell=(210,67) PROBE0 nodes=22412
T2 sh2 cell=(214,185) PROBE0 nodes=6661
T2 sh8 cell=(19,76) PROBE0 nodes=24691
T2 sh5 cell=(202,179) PROBE0 nodes=6775
T2 sh1 cell=(208,11) PROBE0 nodes=22219
T2 sh14 cell=(19,61) PROBE0 nodes=3438
T2 sh4 cell=(215,58) PROBE0 nodes=16614
T2 sh13 cell=(5,39) PROBE0 nodes=489
T2 sh14 cell=(24,68) PROBE0 nodes=2172
T2 sh1 cell=(226,1) PROBE0 nodes=12974
T2 sh4 cell=(216,83) PROBE0 nodes=10691
T2 sh2 cell=(215,58) PROBE0 nodes=16615
T2 sh5 cell=(208,11) PROBE0 nodes=22238
T2 sh16 cell=(19,61) PROBE0 nodes=6341
T2 sh1 cell=(246,53) PROBE0 nodes=10149
T2 sh13 cell=(19,61) PROBE0 nodes=4429
T2 sh2 cell=(216,83) PROBE0 nodes=10716
T2 sh16 cell=(24,68) PROBE0 nodes=3297
T2 sh5 cell=(226,1) PROBE0 nodes=12974
T2 sh13 cell=(24,68) PROBE0 nodes=2508
T2 sh4 cell=(218,33) PROBE0 nodes=22605
T2 sh14 cell=(24,78) PROBE0 nodes=31494
T2 sh14 cell=(27,35) PROBE0 nodes=708
T2 sh24 cell=(232,175) PROBE0 nodes=26827
T2 sh5 cell=(246,53) PROBE0 nodes=10149
T2 sh2 cell=(218,33) PROBE0 nodes=22605
T2 sh4 cell=(230,73) PROBE0 nodes=14435
probe[t=432s]: 61/126 起点被证伪，剩 65
DEATH liveend=0 estate=383031 reach=220362 dyn=60704 flow=0 geom=35700
DYN shard11: 161710 calls, 60704 refuted (38%)
T2 sh4 cell=(232,175) PROBE0 nodes=5938
T2 sh16 cell=(24,78) PROBE0 nodes=31493
T2 sh16 cell=(27,35) PROBE0 nodes=708
T2 sh2 cell=(230,73) PROBE0 nodes=14437
T2 sh7 cell=(5,39) PROBE0 nodes=489
T2 sh13 cell=(24,78) PROBE0 nodes=31398
T2 sh13 cell=(27,35) PROBE0 nodes=708
T2 sh4 cell=(238,37) PROBE0 nodes=8767
T2 sh2 cell=(232,175) PROBE0 nodes=5932
T2 sh4 cell=(239,34) PROBE0 nodes=10321
T2 sh2 cell=(238,37) PROBE0 nodes=8767
T2 sh2 cell=(239,34) PROBE0 nodes=10321
T2 sh7 cell=(19,61) PROBE0 nodes=5163
T2 sh4 cell=(240,59) PROBE0 nodes=15678
T2 sh7 cell=(24,68) PROBE0 nodes=2643
T2 sh2 cell=(240,59) PROBE0 nodes=15747
T2 sh8 cell=(202,179) PROBE0 nodes=6775
probe[t=440s]: 61/126 起点被证伪，剩 65
DEATH liveend=0 estate=373434 reach=209727 dyn=66240 flow=0 geom=30284
DYN shard17: 173750 calls, 66240 refuted (38%)
T2 sh4 cell=(255,50) PROBE0 nodes=20447
T2 sh10 cell=(99,39) PROBE0 nodes=29491
T2 sh2 cell=(255,50) PROBE0 nodes=20447
T2 sh10 cell=(5,39) PROBE0 nodes=489
T2 sh8 cell=(208,11) PROBE0 nodes=22238
probe[t=443s]: 61/126 起点被证伪，剩 65
DEATH liveend=0 estate=371982 reach=204994 dyn=65671 flow=0 geom=29258
DYN shard1: 172810 calls, 65671 refuted (38%)
T2 sh7 cell=(24,78) PROBE0 nodes=31225
probe[t=443s]: 60/126 起点被证伪，剩 66
DEATH liveend=0 estate=378523 reach=214635 dyn=63015 flow=0 geom=32790
DYN shard7: 166814 calls, 63015 refuted (38%)
T2 sh8 cell=(226,1) PROBE0 nodes=12974
T2 sh8 cell=(246,53) PROBE0 nodes=10149
T2 sh10 cell=(19,61) PROBE0 nodes=4710
T2 sh4 cell=(19,76) PROBE0 nodes=24691
T2 sh10 cell=(24,68) PROBE0 nodes=3039
T2 sh2 cell=(19,76) PROBE0 nodes=24691
T2 sh14 cell=(28,66) PROBE0 nodes=23016
T2 sh13 cell=(28,66) PROBE0 nodes=24478
T2 sh16 cell=(28,66) PROBE0 nodes=23443
T2 sh10 cell=(24,78) PROBE0 nodes=31502
T2 sh10 cell=(27,35) PROBE0 nodes=708
T2 sh5 cell=(5,39) PROBE0 nodes=489
probe[t=456s]: 60/126 起点被证伪，剩 66
DEATH liveend=0 estate=376484 reach=211732 dyn=67570 flow=0 geom=32189
DYN shard25: 179152 calls, 67570 refuted (38%)
probe[t=460s]: 59/126 起点被证伪，剩 67
DEATH liveend=0 estate=366160 reach=193825 dyn=77979 flow=0 geom=23076
DYN shard23: 203834 calls, 77979 refuted (38%)
T2 sh5 cell=(19,61) PROBE0 nodes=7328
probe[t=461s]: 60/126 起点被证伪，剩 66
DEATH liveend=0 estate=373185 reach=206510 dyn=67578 flow=0 geom=29827
DYN shard5: 177902 calls, 67578 refuted (38%)
T2 sh4 cell=(202,179) PROBE0 nodes=6775
T2 sh2 cell=(202,179) PROBE0 nodes=6770
DEATH sh20 liveend=0 estate=514911 reach=302678 dyn=70923 flow=0 geom=51467
PDEV sh20 try=0 kill=0 (0.0%) BJ try=8112 kill=1061 nodes=1048576
ADAPT sh20 rp[P=8192 try=1677 kill=225 13%] pd[P=214 try=33268 kill=7769 23%]
T2 sh2 cell=(208,11) PROBE0 nodes=22238
T2 sh4 cell=(208,11) PROBE0 nodes=22238
T2 sh2 cell=(226,1) PROBE0 nodes=12974
T2 sh4 cell=(226,1) PROBE0 nodes=12974
T2 sh2 cell=(246,53) PROBE0 nodes=10149
T2 sh4 cell=(246,53) PROBE0 nodes=10149
probe[t=474s]: 61/126 起点被证伪，剩 65
DEATH liveend=0 estate=375298 reach=207499 dyn=67688 flow=0 geom=30157
DYN shard19: 177990 calls, 67688 refuted (38%)
T2 sh10 cell=(28,66) PROBE0 nodes=22989
probe[t=476s]: 60/126 起点被证伪，剩 66
DEATH liveend=0 estate=367002 reach=198673 dyn=74431 flow=0 geom=25140
DYN shard14: 195210 calls, 74431 refuted (38%)
probe[t=477s]: 60/126 起点被证伪，剩 66
DEATH liveend=0 estate=365995 reach=195824 dyn=75984 flow=0 geom=25022
DYN shard22: 201616 calls, 75984 refuted (38%)
probe[t=479s]: 60/126 起点被证伪，剩 66
DEATH liveend=0 estate=368381 reach=199003 dyn=72747 flow=0 geom=25796
DYN shard13: 190748 calls, 72747 refuted (38%)
probe[t=481s]: 61/126 起点被证伪，剩 65
DEATH liveend=0 estate=372733 reach=202263 dyn=72198 flow=0 geom=27387
DYN shard10: 189746 calls, 72198 refuted (38%)
T2 sh8 cell=(5,39) PROBE0 nodes=489
T2 sh18 cell=(232,175) PROBE0 nodes=26992
T2 sh15 cell=(232,175) PROBE0 nodes=26929
T2 sh8 cell=(19,61) PROBE0 nodes=5659
T2 sh8 cell=(24,68) PROBE0 nodes=3066
T2 sh9 cell=(232,175) PROBE0 nodes=26986
probe[t=493s]: 61/126 起点被证伪，剩 65
DEATH liveend=0 estate=374015 reach=211021 dyn=62108 flow=0 geom=31441
DYN shard2: 162640 calls, 62108 refuted (38%)
T2 sh8 cell=(24,78) PROBE0 nodes=31502
T2 sh8 cell=(27,35) PROBE0 nodes=708
probe[t=494s]: 60/126 起点被证伪，剩 66
DEATH liveend=0 estate=366134 reach=201280 dyn=71272 flow=0 geom=27060
DYN shard8: 189170 calls, 71272 refuted (38%)
T2 sh4 cell=(99,39) PROBE0 nodes=29260
T2 sh4 cell=(5,39) PROBE0 nodes=489
probe[t=498s]: 60/126 起点被证伪，剩 66
DEATH liveend=0 estate=374932 reach=211896 dyn=64345 flow=0 geom=30882
DYN shard4: 169810 calls, 64345 refuted (38%)
T2 sh6 cell=(232,175) PROBE0 nodes=26989
probe[t=513s]: 59/126 起点被证伪，剩 67
DEATH liveend=0 estate=367737 reach=199152 dyn=72893 flow=0 geom=25752
DYN shard16: 191842 calls, 72893 refuted (38%)
T2 sh3 cell=(232,175) PROBE0 nodes=26932
T2 sh12 cell=(232,175) PROBE0 nodes=26685
DEATH sh11 liveend=0 estate=522495 reach=313319 dyn=63125 flow=0 geom=56433
PDEV sh11 try=0 kill=0 (0.0%) BJ try=8109 kill=1757 nodes=1048576
ADAPT sh11 rp[P=8192 try=2221 kill=328 15%] pd[P=50 try=31396 kill=8424 27%]
DEATH sh7 liveend=0 estate=517585 reach=308862 dyn=63750 flow=0 geom=54328
PDEV sh7 try=0 kill=0 (0.0%) BJ try=8134 kill=1625 nodes=1048576
ADAPT sh7 rp[P=8192 try=2355 kill=356 15%] pd[P=72 try=30181 kill=8529 28%]
DEATH sh20 liveend=0 estate=664969 reach=405504 dyn=70923 flow=0 geom=76814
PDEV sh20 try=0 kill=0 (0.0%) BJ try=10209 kill=1521 nodes=2097152
ADAPT sh20 rp[P=7830 try=1847 kill=237 13%] pd[P=54 try=70716 kill=16827 24%]
DEATH sh1 liveend=0 estate=524473 reach=310213 dyn=66413 flow=0 geom=54627
PDEV sh1 try=0 kill=0 (0.0%) BJ try=8101 kill=1281 nodes=1048576
ADAPT sh1 rp[P=8192 try=1901 kill=270 14%] pd[P=99 try=36236 kill=8990 25%]
DEATH sh5 liveend=0 estate=523276 reach=309956 dyn=68019 flow=0 geom=54926
PDEV sh5 try=0 kill=0 (0.0%) BJ try=8094 kill=1287 nodes=1048576
ADAPT sh5 rp[P=8192 try=2362 kill=353 15%] pd[P=24 try=34546 kill=8473 25%]
DEATH sh17 liveend=0 estate=523373 reach=311824 dyn=68700 flow=0 geom=54210
PDEV sh17 try=0 kill=0 (0.0%) BJ try=8108 kill=1254 nodes=1048576
ADAPT sh17 rp[P=8192 try=2962 kill=463 16%] pd[P=81 try=35675 kill=8354 23%]
DEATH sh22 liveend=0 estate=503494 reach=286234 dyn=79167 flow=0 geom=44583
PDEV sh22 try=0 kill=0 (0.0%) BJ try=8123 kill=699 nodes=1048576
ADAPT sh22 rp[P=8192 try=1463 kill=189 13%] pd[P=69 try=32332 kill=8474 26%]
DEATH sh23 liveend=0 estate=518787 reach=298744 dyn=78376 flow=0 geom=48424
PDEV sh23 try=0 kill=0 (0.0%) BJ try=8160 kill=653 nodes=1048576
ADAPT sh23 rp[P=7957 try=1348 kill=170 13%] pd[P=80 try=38937 kill=9084 23%]
DEATH sh19 liveend=0 estate=525819 reach=310198 dyn=69696 flow=0 geom=54502
PDEV sh19 try=0 kill=0 (0.0%) BJ try=8122 kill=1247 nodes=1048576
ADAPT sh19 rp[P=8192 try=1853 kill=264 14%] pd[P=87 try=36837 kill=8893 24%]
DEATH sh14 liveend=0 estate=518072 reach=302101 dyn=75184 flow=0 geom=49937
PDEV sh14 try=0 kill=0 (0.0%) BJ try=8150 kill=857 nodes=1048576
ADAPT sh14 rp[P=7957 try=1602 kill=215 13%] pd[P=202 try=36442 kill=8566 24%]
T2 sh12 cell=(202,179) PROBE0 nodes=30506
DEATH sh25 liveend=0 estate=530619 reach=317778 dyn=68995 flow=0 geom=57314
PDEV sh25 try=0 kill=0 (0.0%) BJ try=8105 kill=1364 nodes=1048576
ADAPT sh25 rp[P=8192 try=2634 kill=402 15%] pd[P=62 try=37961 kill=8953 24%]
DEATH sh2 liveend=0 estate=510350 reach=299992 dyn=66590 flow=0 geom=50714
PDEV sh2 try=0 kill=0 (0.0%) BJ try=8085 kill=1512 nodes=1048576
ADAPT sh2 rp[P=7955 try=2260 kill=339 15%] pd[P=121 try=27137 kill=7597 28%]
DEATH sh13 liveend=0 estate=520806 reach=303355 dyn=74941 flow=0 geom=50432
PDEV sh13 try=0 kill=0 (0.0%) BJ try=8123 kill=901 nodes=1048576
ADAPT sh13 rp[P=5968 try=1627 kill=222 14%] pd[P=50 try=36945 kill=8948 24%]
T2 sh0 cell=(232,175) PROBE0 nodes=26608
DEATH sh4 liveend=0 estate=526594 reach=316136 dyn=64786 flow=0 geom=56319
PDEV sh4 try=0 kill=0 (0.0%) BJ try=8145 kill=1452 nodes=1048576
ADAPT sh4 rp[P=8192 try=3557 kill=572 16%] pd[P=50 try=35058 kill=8535 24%]
DEATH sh10 liveend=0 estate=529090 reach=309624 dyn=72643 flow=0 geom=53430
PDEV sh10 try=0 kill=0 (0.0%) BJ try=8123 kill=1053 nodes=1048576
ADAPT sh10 rp[P=8192 try=2454 kill=371 15%] pd[P=35 try=37971 kill=8901 23%]
probe[t=597s]: 5/126 起点被证伪，剩 121
DEATH liveend=0 estate=503386 reach=301832 dyn=61320 flow=0 geom=55508
DYN shard3: 207594 calls, 61320 refuted (30%)
DEATH sh16 liveend=0 estate=518431 reach=302698 dyn=73870 flow=0 geom=50660
PDEV sh16 try=0 kill=0 (0.0%) BJ try=8146 kill=969 nodes=1048576
ADAPT sh16 rp[P=8192 try=1445 kill=186 13%] pd[P=35 try=37188 kill=8865 24%]
DEATH sh1 liveend=0 estate=671925 reach=410881 dyn=66413 flow=0 geom=79116
PDEV sh1 try=0 kill=0 (0.0%) BJ try=10198 kill=1768 nodes=2097152
ADAPT sh1 rp[P=8192 try=2083 kill=285 14%] pd[P=99 try=70148 kill=17389 25%]
probe[t=604s]: 7/126 起点被证伪，剩 119
DEATH liveend=0 estate=501174 reach=301316 dyn=63700 flow=0 geom=55211
DYN shard21: 213390 calls, 63700 refuted (30%)
DEATH sh5 liveend=0 estate=670476 reach=410934 dyn=68019 flow=0 geom=78723
PDEV sh5 try=0 kill=0 (0.0%) BJ try=10191 kill=1754 nodes=2097152
ADAPT sh5 rp[P=5717 try=2540 kill=368 14%] pd[P=60 try=68455 kill=16636 24%]
DEATH sh20 liveend=0 estate=815477 reach=509754 dyn=70923 flow=0 geom=102268
PDEV sh20 try=0 kill=0 (0.0%) BJ try=12306 kill=1986 nodes=3145728
ADAPT sh20 rp[P=8192 try=2011 kill=248 12%] pd[P=76 try=108478 kill=25898 24%]
T3[t=612s] shard3 r0 #0 cell=(5,39) sc=50263 nodes=104268 r=0
DEATH sh17 liveend=0 estate=670108 reach=412492 dyn=68700 flow=0 geom=77978
PDEV sh17 try=0 kill=0 (0.0%) BJ try=10205 kill=1698 nodes=2097152
ADAPT sh17 rp[P=7369 try=3098 kill=466 15%] pd[P=101 try=71185 kill=16697 23%]
probe[t=623s]: 6/126 起点被证伪，剩 120
DEATH liveend=0 estate=507215 reach=302881 dyn=61908 flow=0 geom=56116
DYN shard6: 206626 calls, 61908 refuted (30%)
DEATH sh11 liveend=0 estate=660959 reach=406244 dyn=64904 flow=0 geom=77191
PDEV sh11 try=0 kill=0 (0.0%) BJ try=10206 kill=2273 nodes=2097152
ADAPT sh11 rp[P=6631 try=2390 kill=340 14%] pd[P=56 try=63001 kill=17187 27%]
T3[t=630s] shard6 r0 #0 cell=(24,78) sc=50271 nodes=37508 r=0
DEATH sh19 liveend=0 estate=672706 reach=411071 dyn=69696 flow=0 geom=78740
PDEV sh19 try=0 kill=0 (0.0%) BJ try=10219 kill=1686 nodes=2097152
ADAPT sh19 rp[P=6632 try=2021 kill=277 14%] pd[P=54 try=72521 kill=17578 24%]
DEATH sh14 liveend=0 estate=664799 reach=402600 dyn=75184 flow=0 geom=73795
PDEV sh14 try=0 kill=0 (0.0%) BJ try=10247 kill=1323 nodes=2097152
ADAPT sh14 rp[P=7830 try=1758 kill=224 13%] pd[P=44 try=71404 kill=16807 24%]
probe[t=632s]: 7/126 起点被证伪，剩 119
DEATH liveend=0 estate=497244 reach=295441 dyn=69290 flow=0 geom=53440
DYN shard9: 232556 calls, 69290 refuted (30%)
DEATH sh23 liveend=0 estate=664817 reach=398821 dyn=78376 flow=0 geom=71757
PDEV sh23 try=0 kill=0 (0.0%) BJ try=10257 kill=1098 nodes=2097152
ADAPT sh23 rp[P=8192 try=1531 kill=185 12%] pd[P=106 try=74860 kill=17315 23%]
T3[t=636s] shard3 r0 #1 cell=(19,61) sc=50262 nodes=104479 r=0
T3[t=647s] shard6 r0 #1 cell=(27,35) sc=50278 nodes=103950 r=0
DEATH sh25 liveend=0 estate=677493 reach=418221 dyn=68995 flow=0 geom=81500
PDEV sh25 try=0 kill=0 (0.0%) BJ try=10202 kill=1850 nodes=2097152
ADAPT sh25 rp[P=8192 try=2810 kill=416 15%] pd[P=42 try=74877 kill=17644 24%]
DEATH sh4 liveend=0 estate=673524 reach=416586 dyn=64786 flow=0 geom=80012
PDEV sh4 try=0 kill=0 (0.0%) BJ try=10242 kill=1910 nodes=2097152
ADAPT sh4 rp[P=8192 try=3717 kill=581 16%] pd[P=35 try=68067 kill=16533 24%]
DEATH sh22 liveend=0 estate=643201 reach=379524 dyn=81500 flow=0 geom=65191
PDEV sh22 try=0 kill=0 (0.0%) BJ try=10220 kill=1180 nodes=2097152
ADAPT sh22 rp[P=8192 try=1664 kill=209 13%] pd[P=142 try=67317 kill=17741 26%]
T3[t=658s] shard3 r0 #2 cell=(24,68) sc=50265 nodes=84497 r=0
probe[t=659s]: 6/126 起点被证伪，剩 120
DEATH liveend=0 estate=500533 reach=301817 dyn=66897 flow=0 geom=55336
DYN shard24: 222988 calls, 66897 refuted (30%)
DEATH sh10 liveend=0 estate=676361 reach=410494 dyn=72643 flow=0 geom=77162
PDEV sh10 try=0 kill=0 (0.0%) BJ try=10220 kill=1512 nodes=2097152
ADAPT sh10 rp[P=8192 try=2640 kill=387 15%] pd[P=176 try=73018 kill=17176 24%]
probe[t=660s]: 6/126 起点被证伪，剩 120
DEATH liveend=0 estate=505442 reach=304174 dyn=64086 flow=0 geom=56645
DYN shard15: 220448 calls, 64086 refuted (29%)
probe[t=662s]: 6/126 起点被证伪，剩 120
DEATH liveend=0 estate=509858 reach=295713 dyn=66116 flow=0 geom=53274
DYN shard0: 217880 calls, 66116 refuted (30%)
T3[t=664s] shard3 r0 #3 cell=(24,78) sc=50266 nodes=37498 r=0
T3[t=664s] shard6 r0 #2 cell=(28,66) sc=50271 nodes=78132 r=0
DEATH sh16 liveend=0 estate=664909 reach=402680 dyn=73870 flow=0 geom=74712
PDEV sh16 try=0 kill=0 (0.0%) BJ try=10243 kill=1420 nodes=2097152
ADAPT sh16 rp[P=8192 try=1644 kill=206 13%] pd[P=54 try=72658 kill=17486 24%]
DEATH sh13 liveend=0 estate=670852 reach=406402 dyn=74941 flow=0 geom=75579
PDEV sh13 try=0 kill=0 (0.0%) BJ try=10220 kill=1377 nodes=2097152
ADAPT sh13 rp[P=7296 try=1855 kill=247 13%] pd[P=61 try=75095 kill=18252 24%]
probe[t=672s]: 6/126 起点被证伪，剩 120
DEATH liveend=0 estate=503672 reach=307069 dyn=63917 flow=0 geom=57643
DYN shard18: 222640 calls, 63917 refuted (29%)
probe[t=676s]: 8/126 起点被证伪，剩 118
DEATH liveend=0 estate=501666 reach=302305 dyn=64088 flow=0 geom=56626
DYN shard12: 217542 calls, 64088 refuted (29%)
DEATH sh2 liveend=0 estate=649195 reach=393833 dyn=69568 flow=0 geom=71325
PDEV sh2 try=0 kill=0 (0.0%) BJ try=10182 kill=2048 nodes=2097152
ADAPT sh2 rp[P=8192 try=2471 kill=360 15%] pd[P=24 try=55236 kill=15591 28%]
T3[t=679s] shard3 r0 #4 cell=(27,35) sc=50276 nodes=104304 r=0
DEATH sh1 liveend=0 estate=823201 reach=515813 dyn=66429 flow=0 geom=104830
PDEV sh1 try=0 kill=0 (0.0%) BJ try=12295 kill=2272 nodes=3145728
ADAPT sh1 rp[P=8192 try=2273 kill=303 13%] pd[P=35 try=106865 kill=26599 25%]
DEATH sh8 liveend=0 estate=645030 reach=388421 dyn=75950 flow=0 geom=68607
PDEV sh8 try=0 kill=0 (0.0%) BJ try=10204 kill=1559 nodes=2097152
ADAPT sh8 rp[P=8192 try=2228 kill=313 14%] pd[P=172 try=61769 kill=17027 28%]
DEATH sh5 liveend=0 estate=821044 reach=515600 dyn=68019 flow=0 geom=104460
PDEV sh5 try=0 kill=0 (0.0%) BJ try=12288 kill=2276 nodes=3145728
ADAPT sh5 rp[P=8192 try=2717 kill=381 14%] pd[P=49 try=103412 kill=25277 24%]
DEATH sh17 liveend=0 estate=820127 reach=515766 dyn=68700 flow=0 geom=103204
PDEV sh17 try=0 kill=0 (0.0%) BJ try=12302 kill=2165 nodes=3145728
ADAPT sh17 rp[P=8192 try=3314 kill=490 15%] pd[P=56 try=108709 kill=25675 24%]
T3[t=696s] shard3 r0 #5 cell=(28,66) sc=50269 nodes=79968 r=0
DEATH sh14 liveend=0 estate=814272 reach=506053 dyn=75184 flow=0 geom=99001
PDEV sh14 try=0 kill=0 (0.0%) BJ try=12344 kill=1809 nodes=3145728
ADAPT sh14 rp[P=8192 try=1952 kill=241 12%] pd[P=26 try=108326 kill=25708 24%]
DEATH sh19 liveend=0 estate=823778 reach=516565 dyn=69696 flow=0 geom=104497
PDEV sh19 try=0 kill=0 (0.0%) BJ try=12316 kill=2186 nodes=3145728
ADAPT sh19 rp[P=8192 try=2206 kill=291 13%] pd[P=44 try=111366 kill=26936 24%]
DEATH sh23 liveend=0 estate=814576 reach=501882 dyn=78376 flow=0 geom=96777
PDEV sh23 try=0 kill=0 (0.0%) BJ try=12354 kill=1570 nodes=3145728
ADAPT sh23 rp[P=8192 try=1736 kill=205 12%] pd[P=110 try=114230 kill=26581 23%]
DEATH sh20 liveend=0 estate=971063 reach=616674 dyn=71759 flow=0 geom=128074
PDEV sh20 try=0 kill=0 (0.0%) BJ try=14403 kill=2469 nodes=4194304
ADAPT sh20 rp[P=8192 try=2368 kill=301 13%] pd[P=47 try=147266 kill=35122 24%]
DEATH sh9 liveend=0 estate=638493 reach=389461 dyn=69898 flow=0 geom=75367
PDEV sh9 try=0 kill=0 (0.0%) BJ try=9998 kill=1271 nodes=1048576
ADAPT sh9 rp[P=8192 try=2707 kill=407 15%] pd[P=125 try=31231 kill=8187 26%]
DEATH sh4 liveend=0 estate=823394 reach=520092 dyn=64786 flow=0 geom=105499
PDEV sh4 try=0 kill=0 (0.0%) BJ try=12339 kill=2410 nodes=3145728
ADAPT sh4 rp[P=5872 try=3894 kill=596 15%] pd[P=35 try=103792 kill=25361 24%]
DEATH sh25 liveend=0 estate=827713 reach=522026 dyn=68995 flow=0 geom=106668
PDEV sh25 try=0 kill=0 (0.0%) BJ try=12299 kill=2335 nodes=3145728
ADAPT sh25 rp[P=8192 try=2981 kill=429 14%] pd[P=35 try=114765 kill=27203 24%]
DEATH sh7 liveend=0 estate=797277 reach=495828 dyn=70328 flow=0 geom=95539
PDEV sh7 try=0 kill=0 (0.0%) BJ try=12328 kill=2660 nodes=3145728
ADAPT sh7 rp[P=8192 try=2737 kill=391 14%] pd[P=35 try=87212 kill=25046 29%]
DEATH sh10 liveend=0 estate=825810 reach=513079 dyn=72643 flow=0 geom=102102
PDEV sh10 try=0 kill=0 (0.0%) BJ try=12317 kill=1982 nodes=3145728
ADAPT sh10 rp[P=8192 try=2787 kill=393 14%] pd[P=49 try=109753 kill=26114 24%]
DEATH sh11 liveend=0 estate=801812 reach=500076 dyn=69049 flow=0 geom=97464
PDEV sh11 try=0 kill=0 (0.0%) BJ try=12303 kill=2796 nodes=3145728
ADAPT sh11 rp[P=8192 try=2856 kill=408 14%] pd[P=76 try=93397 kill=25660 27%]
DEATH sh13 liveend=0 estate=817926 reach=507234 dyn=74941 flow=0 geom=99907
PDEV sh13 try=0 kill=0 (0.0%) BJ try=12317 kill=1868 nodes=3145728
ADAPT sh13 rp[P=8192 try=2029 kill=261 13%] pd[P=30 try=110116 kill=26687 24%]
DEATH sh22 liveend=0 estate=782210 reach=471446 dyn=85087 flow=0 geom=84910
PDEV sh22 try=0 kill=0 (0.0%) BJ try=12317 kill=1671 nodes=3145728
ADAPT sh22 rp[P=8192 try=1836 kill=221 12%] pd[P=26 try=100085 kill=26422 26%]
DEATH sh21 liveend=0 estate=660197 reach=415372 dyn=63930 flow=0 geom=83844
PDEV sh21 try=0 kill=0 (0.0%) BJ try=9997 kill=1387 nodes=1048576
ADAPT sh21 rp[P=5965 try=4772 kill=790 17%] pd[P=90 try=34218 kill=7091 21%]
DEATH sh2 liveend=0 estate=790090 reach=488173 dyn=72225 flow=0 geom=92471
PDEV sh2 try=0 kill=0 (0.0%) BJ try=12279 kill=2606 nodes=3145728
ADAPT sh2 rp[P=7609 try=2731 kill=393 14%] pd[P=28 try=85090 kill=24182 28%]
DEATH sh1 liveend=0 estate=975974 reach=620457 dyn=67954 flow=0 geom=129841
PDEV sh1 try=0 kill=0 (0.0%) BJ try=14392 kill=2746 nodes=4194304
ADAPT sh1 rp[P=8192 try=2473 kill=323 13%] pd[P=67 try=142532 kill=35416 25%]
DEATH sh20 liveend=0 estate=1117430 reach=716908 dyn=71759 flow=0 geom=151636
PDEV sh20 try=0 kill=0 (0.0%) BJ try=16500 kill=2922 nodes=5242880
ADAPT sh20 rp[P=8192 try=2500 kill=302 12%] pd[P=67 try=181555 kill=43228 24%]
DEATH sh18 liveend=0 estate=645906 reach=402078 dyn=64938 flow=0 geom=79826
PDEV sh18 try=0 kill=0 (0.0%) BJ try=10000 kill=1395 nodes=1048576
ADAPT sh18 rp[P=8192 try=4277 kill=695 16%] pd[P=66 try=33428 kill=8607 26%]
DEATH sh8 liveend=0 estate=785045 reach=481599 dyn=78074 flow=0 geom=89374
PDEV sh8 try=0 kill=0 (0.0%) BJ try=12301 kill=2070 nodes=3145728
ADAPT sh8 rp[P=8192 try=2441 kill=337 14%] pd[P=60 try=94681 kill=26166 28%]
DEATH sh24 liveend=0 estate=654530 reach=410822 dyn=67528 flow=0 geom=82901
PDEV sh24 try=0 kill=0 (0.0%) BJ try=10011 kill=1323 nodes=1048576
ADAPT sh24 rp[P=7369 try=5327 kill=892 17%] pd[P=87 try=33327 kill=6979 21%]
DEATH sh17 liveend=0 estate=973600 reach=621172 dyn=70257 flow=0 geom=128363
PDEV sh17 try=0 kill=0 (0.0%) BJ try=14399 kill=2645 nodes=4194304
ADAPT sh17 rp[P=7830 try=3600 kill=526 15%] pd[P=52 try=145370 kill=34345 24%]
DEATH sh0 liveend=0 estate=668807 reach=409651 dyn=66468 flow=0 geom=82020
PDEV sh0 try=0 kill=0 (0.0%) BJ try=10000 kill=1303 nodes=1048576
ADAPT sh0 rp[P=8192 try=4545 kill=747 16%] pd[P=35 try=33253 kill=6785 20%]
DEATH sh6 liveend=0 estate=685799 reach=424760 dyn=70221 flow=0 geom=84464
PDEV sh6 try=0 kill=0 (0.0%) BJ try=10456 kill=1514 nodes=1048576
ADAPT sh6 rp[P=8192 try=4485 kill=724 16%] pd[P=99 try=27440 kill=5668 21%]
DEATH sh5 liveend=0 estate=978373 reach=623677 dyn=69045 flow=0 geom=130489
PDEV sh5 try=0 kill=0 (0.0%) BJ try=14385 kill=2717 nodes=4194304
ADAPT sh5 rp[P=8192 try=2885 kill=392 14%] pd[P=99 try=141896 kill=34520 24%]
DEATH sh7 liveend=0 estate=936562 reach=590350 dyn=70328 flow=0 geom=117360
PDEV sh7 try=0 kill=0 (0.0%) BJ try=14425 kill=3171 nodes=4194304
ADAPT sh7 rp[P=5284 try=2924 kill=409 14%] pd[P=120 try=118288 kill=34127 29%]
DEATH sh11 liveend=0 estate=940524 reach=593864 dyn=69049 flow=0 geom=119073
PDEV sh11 try=0 kill=0 (0.0%) BJ try=14400 kill=3312 nodes=4194304
ADAPT sh11 rp[P=8192 try=3104 kill=439 14%] pd[P=28 try=126956 kill=34922 28%]
DEATH sh19 liveend=0 estate=979144 reach=623379 dyn=70674 flow=0 geom=130047
PDEV sh19 try=0 kill=0 (0.0%) BJ try=14413 kill=2679 nodes=4194304
ADAPT sh19 rp[P=8192 try=2393 kill=308 13%] pd[P=51 try=151536 kill=36612 24%]
DEATH sh14 liveend=0 estate=969359 reach=612324 dyn=76216 flow=0 geom=124613
PDEV sh14 try=0 kill=0 (0.0%) BJ try=14441 kill=2304 nodes=4194304
ADAPT sh14 rp[P=8192 try=2155 kill=262 12%] pd[P=35 try=147325 kill=35062 24%]
DEATH sh15 liveend=0 estate=665340 reach=418375 dyn=64304 flow=0 geom=85354
PDEV sh15 try=0 kill=0 (0.0%) BJ try=10004 kill=1336 nodes=1048576
ADAPT sh15 rp[P=6439 try=7977 kill=1388 17%] pd[P=24 try=33475 kill=6947 21%]
DEATH sh22 liveend=0 estate=920773 reach=564833 dyn=85307 flow=0 geom=106132
PDEV sh22 try=0 kill=0 (0.0%) BJ try=14414 kill=2189 nodes=4194304
ADAPT sh22 rp[P=8192 try=1995 kill=229 11%] pd[P=54 try=137057 kill=36059 26%]
DEATH sh10 liveend=0 estate=976641 reach=616822 dyn=73785 flow=0 geom=127086
PDEV sh10 try=0 kill=0 (0.0%) BJ try=14414 kill=2451 nodes=4194304
ADAPT sh10 rp[P=8192 try=2957 kill=406 14%] pd[P=58 try=145785 kill=34735 24%]
DEATH sh1 liveend=0 estate=1123531 reach=721381 dyn=67954 flow=0 geom=154231
PDEV sh1 try=0 kill=0 (0.0%) BJ try=16489 kill=3264 nodes=5242880
ADAPT sh1 rp[P=8192 try=2661 kill=340 13%] pd[P=66 try=175993 kill=43717 25%]
DEATH sh25 liveend=0 estate=979757 reach=626385 dyn=70666 flow=0 geom=131510
PDEV sh25 try=0 kill=0 (0.0%) BJ try=14396 kill=2806 nodes=4194304
ADAPT sh25 rp[P=8192 try=3167 kill=445 14%] pd[P=38 try=152801 kill=36378 24%]
DEATH sh12 liveend=0 estate=660217 reach=415302 dyn=64874 flow=0 geom=84800
PDEV sh12 try=0 kill=0 (0.0%) BJ try=10004 kill=1435 nodes=1048576
ADAPT sh12 rp[P=8192 try=4980 kill=833 17%] pd[P=34 try=34107 kill=7084 21%]
DEATH sh4 liveend=0 estate=977669 reach=626500 dyn=66001 flow=0 geom=131062
PDEV sh4 try=0 kill=0 (0.0%) BJ try=14436 kill=2877 nodes=4194304
ADAPT sh4 rp[P=8192 try=4051 kill=603 15%] pd[P=208 try=140256 kill=34054 24%]
DEATH sh13 liveend=0 estate=972426 reach=613852 dyn=76149 flow=0 geom=125497
PDEV sh13 try=0 kill=0 (0.0%) BJ try=14414 kill=2365 nodes=4194304
ADAPT sh13 rp[P=8192 try=2215 kill=277 13%] pd[P=38 try=148869 kill=35944 24%]
DEATH sh9 liveend=0 estate=781344 reach=483985 dyn=72238 flow=0 geom=97147
PDEV sh9 try=0 kill=0 (0.0%) BJ try=12095 kill=1808 nodes=2097152
ADAPT sh9 rp[P=8192 try=2871 kill=417 15%] pd[P=81 try=64069 kill=16804 26%]
DEATH sh20 liveend=0 estate=1267566 reach=820483 dyn=71759 flow=0 geom=177057
PDEV sh20 try=0 kill=0 (0.0%) BJ try=18597 kill=3402 nodes=6291456
ADAPT sh20 rp[P=8192 try=2663 kill=312 12%] pd[P=56 try=219139 kill=52187 24%]
DEATH sh2 liveend=0 estate=929526 reach=582545 dyn=72272 flow=0 geom=114332
PDEV sh2 try=0 kill=0 (0.0%) BJ try=14376 kill=3129 nodes=4194304
ADAPT sh2 rp[P=8192 try=2931 kill=412 14%] pd[P=106 try=116499 kill=33219 29%]
DEATH sh16 liveend=0 estate=968610 reach=612177 dyn=74545 flow=0 geom=125103
PDEV sh16 try=0 kill=0 (0.0%) BJ try=14437 kill=2354 nodes=4194304
ADAPT sh16 rp[P=7830 try=1954 kill=222 11%] pd[P=129 try=149478 kill=35883 24%]
DEATH sh23 liveend=0 estate=971207 reach=609645 dyn=79888 flow=0 geom=122708
PDEV sh23 try=0 kill=0 (0.0%) BJ try=14451 kill=2100 nodes=4194304
ADAPT sh23 rp[P=8192 try=3079 kill=434 14%] pd[P=70 try=150665 kill=35243 23%]
DEATH sh21 liveend=0 estate=818837 reach=529038 dyn=63930 flow=0 geom=112902
PDEV sh21 try=0 kill=0 (0.0%) BJ try=12094 kill=1819 nodes=2097152
ADAPT sh21 rp[P=8192 try=5034 kill=824 16%] pd[P=99 try=65742 kill=13764 21%]
DEATH sh5 liveend=0 estate=1124349 reach=723895 dyn=69045 flow=0 geom=154121
PDEV sh5 try=0 kill=0 (0.0%) BJ try=16482 kill=3185 nodes=5242880
ADAPT sh5 rp[P=8192 try=3069 kill=408 13%] pd[P=24 try=174759 kill=42530 24%]
DEATH sh24 liveend=0 estate=806406 reach=514716 dyn=67528 flow=0 geom=109931
PDEV sh24 try=0 kill=0 (0.0%) BJ try=12108 kill=1746 nodes=2097152
ADAPT sh24 rp[P=8192 try=5505 kill=907 16%] pd[P=44 try=65970 kill=14050 21%]
DEATH sh18 liveend=0 estate=786404 reach=494981 dyn=66895 flow=0 geom=100847
PDEV sh18 try=0 kill=0 (0.0%) BJ try=12097 kill=1897 nodes=2097152
ADAPT sh18 rp[P=6935 try=4468 kill=712 16%] pd[P=78 try=63961 kill=16551 26%]
DEATH sh0 liveend=0 estate=822196 reach=516638 dyn=66468 flow=0 geom=109769
PDEV sh0 try=0 kill=0 (0.0%) BJ try=12097 kill=1773 nodes=2097152
ADAPT sh0 rp[P=8192 try=4744 kill=768 16%] pd[P=24 try=62449 kill=13368 21%]
DEATH sh19 liveend=0 estate=1126929 reach=724569 dyn=70674 flow=0 geom=154428
PDEV sh19 try=0 kill=0 (0.0%) BJ try=16510 kill=3170 nodes=5242880
ADAPT sh19 rp[P=8192 try=2570 kill=323 13%] pd[P=94 try=186773 kill=45182 24%]
DEATH sh14 liveend=0 estate=1120208 reach=716193 dyn=76216 flow=0 geom=149819
PDEV sh14 try=0 kill=0 (0.0%) BJ try=16538 kill=2781 nodes=5242880
ADAPT sh14 rp[P=8192 try=2309 kill=270 12%] pd[P=44 try=185285 kill=44306 24%]
DEATH sh7 liveend=0 estate=1086200 reach=692914 dyn=72591 flow=0 geom=141423
PDEV sh7 try=0 kill=0 (0.0%) BJ try=16522 kill=3693 nodes=5242880
ADAPT sh7 rp[P=8192 try=3250 kill=452 14%] pd[P=28 try=151152 kill=42261 28%]
DEATH sh4 liveend=0 estate=1126389 reach=728719 dyn=66001 flow=0 geom=155777
PDEV sh4 try=0 kill=0 (0.0%) BJ try=16533 kill=3375 nodes=5242880
ADAPT sh4 rp[P=8192 try=4273 kill=627 15%] pd[P=282 try=174103 kill=42311 24%]
DEATH sh1 liveend=0 estate=1273879 reach=825889 dyn=67954 flow=0 geom=179806
PDEV sh1 try=0 kill=0 (0.0%) BJ try=18586 kill=3739 nodes=6291456
ADAPT sh1 rp[P=8192 try=2853 kill=358 13%] pd[P=198 try=211760 kill=52854 25%]
DEATH sh10 liveend=0 estate=1126234 reach=719427 dyn=73785 flow=0 geom=152125
PDEV sh10 try=0 kill=0 (0.0%) BJ try=16511 kill=2955 nodes=5242880
ADAPT sh10 rp[P=8192 try=3146 kill=423 13%] pd[P=234 try=183165 kill=43742 24%]
DEATH sh13 liveend=0 estate=1120327 reach=715027 dyn=76149 flow=0 geom=149908
PDEV sh13 try=0 kill=0 (0.0%) BJ try=16511 kill=2825 nodes=5242880
ADAPT sh13 rp[P=8192 try=2398 kill=292 12%] pd[P=47 try=185505 kill=44770 24%]
DEATH sh3 liveend=0 estate=844825 reach=523497 dyn=77872 flow=0 geom=104145
PDEV sh3 try=0 kill=0 (0.0%) BJ try=13138 kill=1960 nodes=2097152
ADAPT sh3 rp[P=8192 try=3318 kill=493 15%] pd[P=109 try=57732 kill=15559 27%]
T3[t=924s] shard2 r0 #0 cell=(35,69) sc=50271 nodes=4705797 r=0
DEATH sh12 liveend=0 estate=814475 reach=522824 dyn=64874 flow=0 geom=112673
PDEV sh12 try=0 kill=0 (0.0%) BJ try=12101 kill=1872 nodes=2097152
ADAPT sh12 rp[P=8192 try=5139 kill=843 16%] pd[P=69 try=64512 kill=13672 21%]
DEATH sh11 liveend=0 estate=1092689 reach=698173 dyn=70225 flow=0 geom=143926
PDEV sh11 try=0 kill=0 (0.0%) BJ try=16497 kill=3750 nodes=5242880
ADAPT sh11 rp[P=8192 try=3341 kill=467 14%] pd[P=38 try=164697 kill=44093 27%]
DEATH sh16 liveend=0 estate=1118396 reach=715650 dyn=74545 flow=0 geom=150351
PDEV sh16 try=0 kill=0 (0.0%) BJ try=16534 kill=2843 nodes=5242880
ADAPT sh16 rp[P=7369 try=2127 kill=235 11%] pd[P=58 try=187585 kill=45179 24%]
DEATH sh9 liveend=0 estate=922049 reach=578402 dyn=72238 flow=0 geom=119398
PDEV sh9 try=0 kill=0 (0.0%) BJ try=14192 kill=2275 nodes=3145728
ADAPT sh9 rp[P=8192 try=3052 kill=433 14%] pd[P=81 try=96875 kill=25303 26%]
DEATH sh20 liveend=0 estate=1420921 reach=927030 dyn=71759 flow=0 geom=202978
PDEV sh20 try=0 kill=0 (0.0%) BJ try=20695 kill=3851 nodes=7340032
ADAPT sh20 rp[P=8192 try=2822 kill=320 11%] pd[P=35 try=258241 kill=61428 24%]
DEATH sh22 liveend=0 estate=1071836 reach=668304 dyn=86950 flow=0 geom=130471
PDEV sh22 try=0 kill=0 (0.0%) BJ try=16511 kill=2643 nodes=5242880
ADAPT sh22 rp[P=8192 try=2229 kill=255 11%] pd[P=38 try=175697 kill=45423 26%]
DEATH sh23 liveend=0 estate=1121273 reach=712969 dyn=79888 flow=0 geom=147710
PDEV sh23 try=0 kill=0 (0.0%) BJ try=16548 kill=2560 nodes=5242880
ADAPT sh23 rp[P=5873 try=3304 kill=462 14%] pd[P=48 try=190377 kill=44629 23%]
DEATH sh21 liveend=0 estate=971436 reach=635212 dyn=63930 flow=0 geom=140579
PDEV sh21 try=0 kill=0 (0.0%) BJ try=14191 kill=2235 nodes=3145728
ADAPT sh21 rp[P=8192 try=5283 kill=856 16%] pd[P=65 try=97211 kill=20685 21%]
DEATH sh5 liveend=0 estate=1275021 reach=827378 dyn=69045 flow=0 geom=179621
PDEV sh5 try=0 kill=0 (0.0%) BJ try=18579 kill=3680 nodes=6291456
ADAPT sh5 rp[P=8192 try=3261 kill=425 13%] pd[P=66 try=210551 kill=51340 24%]
DEATH sh15 liveend=0 estate=823635 reach=532148 dyn=64304 flow=0 geom=114393
PDEV sh15 try=0 kill=0 (0.0%) BJ try=12101 kill=1746 nodes=2097152
ADAPT sh15 rp[P=6952 try=8217 kill=1418 17%] pd[P=24 try=64302 kill=13405 21%]
DEATH sh6 liveend=0 estate=991769 reach=636158 dyn=70221 flow=0 geom=139519
PDEV sh6 try=0 kill=0 (0.0%) BJ try=14650 kill=2407 nodes=3145728
ADAPT sh6 rp[P=8192 try=4852 kill=754 16%] pd[P=387 try=87015 kill=18694 21%]
DEATH sh24 liveend=0 estate=960418 reach=620412 dyn=67528 flow=0 geom=137611
PDEV sh24 try=0 kill=0 (0.0%) BJ try=14205 kill=2138 nodes=3145728
ADAPT sh24 rp[P=4475 try=5707 kill=930 16%] pd[P=76 try=98348 kill=21033 21%]
DEATH sh0 liveend=0 estate=975576 reach=623439 dyn=66468 flow=0 geom=137658
PDEV sh0 try=0 kill=0 (0.0%) BJ try=14194 kill=2211 nodes=3145728
ADAPT sh0 rp[P=8192 try=4980 kill=797 16%] pd[P=52 try=92034 kill=20095 22%]
DEATH sh19 liveend=0 estate=1277273 reach=828412 dyn=70674 flow=0 geom=179740
PDEV sh19 try=0 kill=0 (0.0%) BJ try=18607 kill=3665 nodes=6291456
ADAPT sh19 rp[P=8192 try=2726 kill=331 12%] pd[P=54 try=225076 kill=54607 24%]
DEATH sh7 liveend=0 estate=1234382 reach=794545 dyn=72591 flow=0 geom=165840
PDEV sh7 try=0 kill=0 (0.0%) BJ try=18619 kill=4170 nodes=6291456
ADAPT sh7 rp[P=8192 try=3425 kill=466 14%] pd[P=76 try=185142 kill=50621 27%]
DEATH sh14 liveend=0 estate=1266613 reach=816861 dyn=76216 flow=0 geom=173601
PDEV sh14 try=0 kill=0 (0.0%) BJ try=18635 kill=3227 nodes=6291456
ADAPT sh14 rp[P=4544 try=2473 kill=282 11%] pd[P=81 try=219423 kill=52339 24%]
DEATH sh4 liveend=0 estate=1274895 reach=831303 dyn=66001 flow=0 geom=180618
PDEV sh4 try=0 kill=0 (0.0%) BJ try=18630 kill=3867 nodes=6291456
ADAPT sh4 rp[P=8192 try=4426 kill=634 14%] pd[P=44 try=208071 kill=50628 24%]
DEATH sh18 liveend=0 estate=927917 reach=589834 dyn=66895 flow=0 geom=123315
PDEV sh18 try=0 kill=0 (0.0%) BJ try=14194 kill=2374 nodes=3145728
ADAPT sh18 rp[P=8192 try=4639 kill=724 16%] pd[P=115 try=97727 kill=25406 26%]
DEATH sh10 liveend=0 estate=1272921 reach=820193 dyn=73785 flow=0 geom=175896
PDEV sh10 try=0 kill=0 (0.0%) BJ try=18608 kill=3414 nodes=6291456
ADAPT sh10 rp[P=8192 try=3309 kill=433 13%] pd[P=53 try=217482 kill=51792 24%]
DEATH sh8 liveend=0 estate=1075296 reach=678127 dyn=81666 flow=0 geom=134725
PDEV sh8 try=0 kill=0 (0.0%) BJ try=16495 kill=3015 nodes=5242880
ADAPT sh8 rp[P=8192 try=3075 kill=418 14%] pd[P=87 try=163163 kill=44000 27%]
DEATH sh13 liveend=0 estate=1269081 reach=817227 dyn=76149 flow=0 geom=174737
PDEV sh13 try=0 kill=0 (0.0%) BJ try=18608 kill=3334 nodes=6291456
ADAPT sh13 rp[P=8192 try=2575 kill=307 12%] pd[P=54 try=222950 kill=53795 24%]
DEATH sh25 liveend=0 estate=1277032 reach=830680 dyn=70666 flow=0 geom=180769
PDEV sh25 try=0 kill=0 (0.0%) BJ try=18590 kill=3776 nodes=6291456
ADAPT sh25 rp[P=8192 try=3530 kill=477 14%] pd[P=54 try=229962 kill=54751 24%]
DEATH sh11 liveend=0 estate=1239358 reach=798093 dyn=70225 flow=0 geom=167427
PDEV sh11 try=0 kill=0 (0.0%) BJ try=18594 kill=4218 nodes=6291456
ADAPT sh11 rp[P=8192 try=3525 kill=482 14%] pd[P=44 try=199718 kill=52367 26%]
DEATH sh6 liveend=0 estate=1137707 reach=737698 dyn=70221 flow=0 geom=162540
PDEV sh6 try=0 kill=0 (0.0%) BJ try=16747 kill=2835 nodes=4194304
ADAPT sh6 rp[P=8192 try=5023 kill=765 15%] pd[P=411 try=113258 kill=24016 21%]
DEATH sh3 liveend=0 estate=985875 reach=618883 dyn=77876 flow=0 geom=126774
PDEV sh3 try=0 kill=0 (0.0%) BJ try=15235 kill=2465 nodes=3145728
ADAPT sh3 rp[P=4680 try=3508 kill=513 15%] pd[P=98 try=87574 kill=23678 27%]
DEATH sh23 liveend=0 estate=1268554 reach=813655 dyn=79888 flow=0 geom=171206
PDEV sh23 try=0 kill=0 (0.0%) BJ try=18645 kill=3006 nodes=6291456
ADAPT sh23 rp[P=8192 try=3463 kill=471 14%] pd[P=42 try=226324 kill=52957 23%]
DEATH sh12 liveend=0 estate=967398 reach=629560 dyn=64874 flow=0 geom=140731
PDEV sh12 try=0 kill=0 (0.0%) BJ try=14198 kill=2294 nodes=3145728
ADAPT sh12 rp[P=8192 try=5281 kill=847 16%] pd[P=52 try=95482 kill=20342 21%]
DEATH sh16 liveend=0 estate=1269066 reach=820316 dyn=74547 flow=0 geom=175908
PDEV sh16 try=0 kill=0 (0.0%) BJ try=18631 kill=3297 nodes=6291456
ADAPT sh16 rp[P=8192 try=2289 kill=245 11%] pd[P=30 try=226211 kill=54717 24%]
DEATH sh21 liveend=0 estate=1123507 reach=740497 dyn=63930 flow=0 geom=168210
PDEV sh21 try=0 kill=0 (0.0%) BJ try=16288 kill=2661 nodes=4194304
ADAPT sh21 rp[P=8101 try=5510 kill=884 16%] pd[P=143 try=128524 kill=27519 21%]
DEATH sh2 liveend=0 estate=1147818 reach=728920 dyn=79479 flow=0 geom=147215
PDEV sh2 try=0 kill=0 (0.0%) BJ try=17496 kill=3808 nodes=1048576
ADAPT sh2 rp[P=8192 try=3357 kill=469 14%] pd[P=125 try=162189 kill=44826 28%]
DEATH sh15 liveend=0 estate=976220 reach=637666 dyn=64304 flow=0 geom=142047
PDEV sh15 try=0 kill=0 (0.0%) BJ try=14198 kill=2178 nodes=3145728
ADAPT sh15 rp[P=8192 try=8415 kill=1436 17%] pd[P=95 try=95806 kill=20330 21%]
DEATH sh17 liveend=0 estate=1422009 reach=930261 dyn=70257 flow=0 geom=202854
PDEV sh17 try=0 kill=0 (0.0%) BJ try=20691 kill=4061 nodes=7340032
ADAPT sh17 rp[P=8192 try=4176 kill=580 14%] pd[P=66 try=256172 kill=60708 24%]
DEATH sh7 liveend=0 estate=1383734 reach=897315 dyn=72591 flow=0 geom=190671
PDEV sh7 try=0 kill=0 (0.0%) BJ try=20717 kill=4639 nodes=7340032
ADAPT sh7 rp[P=8192 try=3581 kill=474 13%] pd[P=129 try=219806 kill=59061 27%]
DEATH sh1 liveend=0 estate=1431351 reach=934082 dyn=70030 flow=0 geom=205406
PDEV sh1 try=0 kill=0 (0.0%) BJ try=20684 kill=4237 nodes=7340032
ADAPT sh1 rp[P=8192 try=3143 kill=395 13%] pd[P=43 try=249530 kill=62001 25%]
DEATH sh5 liveend=0 estate=1427189 reach=933196 dyn=69045 flow=0 geom=205537
PDEV sh5 try=0 kill=0 (0.0%) BJ try=20677 kill=4193 nodes=7340032
ADAPT sh5 rp[P=8192 try=3435 kill=438 13%] pd[P=59 try=247077 kill=60361 24%]
DEATH sh0 liveend=0 estate=1128014 reach=728829 dyn=66468 flow=0 geom=165308
PDEV sh0 try=0 kill=0 (0.0%) BJ try=16291 kill=2653 nodes=4194304
ADAPT sh0 rp[P=8192 try=5125 kill=802 16%] pd[P=86 try=121229 kill=26720 22%]
DEATH sh9 liveend=0 estate=1062879 reach=671501 dyn=73952 flow=0 geom=140650
PDEV sh9 try=0 kill=0 (0.0%) BJ try=16289 kill=2796 nodes=4194304
ADAPT sh9 rp[P=8192 try=3206 kill=441 14%] pd[P=167 try=128352 kill=33603 26%]
DEATH sh20 liveend=0 estate=1575364 reach=1033293 dyn=72537 flow=0 geom=228638
PDEV sh20 try=0 kill=0 (0.0%) BJ try=22792 kill=4325 nodes=8388608
ADAPT sh20 rp[P=8192 try=3010 kill=337 11%] pd[P=80 try=296382 kill=70533 24%]
DEATH sh6 liveend=0 estate=1286271 reach=840724 dyn=70221 flow=0 geom=187660
PDEV sh6 try=0 kill=0 (0.0%) BJ try=18844 kill=3280 nodes=5242880
ADAPT sh6 rp[P=8192 try=5192 kill=777 15%] pd[P=121 try=140123 kill=29610 21%]
DEATH sh8 liveend=0 estate=1222173 reach=778551 dyn=81666 flow=0 geom=159037
PDEV sh8 try=0 kill=0 (0.0%) BJ try=18592 kill=3508 nodes=6291456
ADAPT sh8 rp[P=8192 try=3276 kill=438 13%] pd[P=44 try=198102 kill=52484 26%]
DEATH sh4 liveend=0 estate=1428288 reach=938499 dyn=66001 flow=0 geom=206795
PDEV sh4 try=0 kill=0 (0.0%) BJ try=20728 kill=4354 nodes=7340032
ADAPT sh4 rp[P=8102 try=4644 kill=658 14%] pd[P=38 try=245629 kill=59766 24%]
DEATH sh14 liveend=0 estate=1419565 reach=922465 dyn=76216 flow=0 geom=199417
PDEV sh14 try=0 kill=0 (0.0%) BJ try=20733 kill=3694 nodes=7340032
ADAPT sh14 rp[P=8192 try=2657 kill=296 11%] pd[P=79 try=258692 kill=61700 24%]
DEATH sh11 liveend=0 estate=1388982 reach=900818 dyn=70225 flow=0 geom=192472
PDEV sh11 try=0 kill=0 (0.0%) BJ try=20692 kill=4724 nodes=7340032
ADAPT sh11 rp[P=8192 try=3694 kill=494 13%] pd[P=26 try=237233 kill=61441 26%]
DEATH sh10 liveend=0 estate=1425915 reach=926148 dyn=73785 flow=0 geom=201673
PDEV sh10 try=0 kill=0 (0.0%) BJ try=20706 kill=3904 nodes=7340032
ADAPT sh10 rp[P=8192 try=3469 kill=442 13%] pd[P=38 try=256879 kill=61180 24%]
DEATH sh19 liveend=0 estate=1433213 reach=935721 dyn=72240 flow=0 geom=205311
PDEV sh19 try=0 kill=0 (0.0%) BJ try=20705 kill=4134 nodes=7340032
ADAPT sh19 rp[P=8192 try=2957 kill=357 12%] pd[P=129 try=263707 kill=63892 24%]
DEATH sh22 liveend=0 estate=1369488 reach=873493 dyn=86950 flow=0 geom=180026
PDEV sh22 try=0 kill=0 (0.0%) BJ try=20706 kill=3545 nodes=7340032
ADAPT sh22 rp[P=8192 try=2564 kill=277 11%] pd[P=62 try=252456 kill=63694 25%]
DEATH sh12 liveend=0 estate=1119150 reach=733161 dyn=64874 flow=0 geom=167754
PDEV sh12 try=0 kill=0 (0.0%) BJ try=16295 kill=2736 nodes=4194304
ADAPT sh12 rp[P=7830 try=5445 kill=859 16%] pd[P=44 try=128260 kill=27474 21%]
DEATH sh21 liveend=0 estate=1275641 reach=845065 dyn=63930 flow=0 geom=195512
PDEV sh21 try=0 kill=0 (0.0%) BJ try=18385 kill=3126 nodes=5242880
ADAPT sh21 rp[P=8192 try=5752 kill=914 16%] pd[P=47 try=159897 kill=34344 21%]
DEATH sh2 liveend=0 estate=1295026 reach=829497 dyn=79479 flow=0 geom=171675
PDEV sh2 try=0 kill=0 (0.0%) BJ try=19593 kill=4303 nodes=2097152
ADAPT sh2 rp[P=8192 try=3553 kill=488 14%] pd[P=116 try=196567 kill=53343 27%]
DEATH sh24 liveend=0 estate=1263299 reach=828608 dyn=67528 flow=0 geom=190858
PDEV sh24 try=0 kill=0 (0.0%) BJ try=18399 kill=2995 nodes=5242880
ADAPT sh24 rp[P=8192 try=6068 kill=959 16%] pd[P=96 try=161677 kill=34383 21%]
DEATH sh18 liveend=0 estate=1070256 reach=684124 dyn=69227 flow=0 geom=144938
PDEV sh18 try=0 kill=0 (0.0%) BJ try=16291 kill=2905 nodes=4194304
ADAPT sh18 rp[P=8192 try=4828 kill=741 15%] pd[P=35 try=129937 kill=33870 26%]
DEATH sh3 liveend=0 estate=1128446 reach=713901 dyn=79881 flow=0 geom=148937
PDEV sh3 try=0 kill=0 (0.0%) BJ try=17332 kill=2984 nodes=4194304
ADAPT sh3 rp[P=8192 try=3709 kill=532 14%] pd[P=59 try=117473 kill=31845 27%]
DEATH sh13 liveend=0 estate=1426581 reach=925326 dyn=77802 flow=0 geom=200517
PDEV sh13 try=0 kill=0 (0.0%) BJ try=20706 kill=3784 nodes=7340032
ADAPT sh13 rp[P=8192 try=2823 kill=335 12%] pd[P=82 try=262220 kill=63204 24%]
DEATH sh20 liveend=0 estate=1723892 reach=1135537 dyn=72537 flow=0 geom=253081
PDEV sh20 try=0 kill=0 (0.0%) BJ try=24889 kill=4780 nodes=9437184
ADAPT sh20 rp[P=8192 try=3180 kill=348 11%] pd[P=117 try=332201 kill=79086 24%]
DEATH sh1 liveend=0 estate=1582685 reach=1038293 dyn=70030 flow=0 geom=230909
PDEV sh1 try=0 kill=0 (0.0%) BJ try=22781 kill=4736 nodes=8388608
ADAPT sh1 rp[P=8192 try=3326 kill=412 12%] pd[P=236 try=285341 kill=71101 25%]
DEATH sh0 liveend=0 estate=1280031 reach=833754 dyn=66468 flow=0 geom=193015
PDEV sh0 try=0 kill=0 (0.0%) BJ try=18388 kill=3110 nodes=5242880
ADAPT sh0 rp[P=8192 try=5351 kill=828 15%] pd[P=30 try=149686 kill=33153 22%]
DEATH sh15 liveend=0 estate=1128155 reach=741916 dyn=64304 flow=0 geom=169327
PDEV sh15 try=0 kill=0 (0.0%) BJ try=16295 kill=2630 nodes=4194304
ADAPT sh15 rp[P=5887 try=8638 kill=1463 17%] pd[P=59 try=127372 kill=27148 21%]
DEATH sh25 liveend=0 estate=1434537 reach=939358 dyn=72160 flow=0 geom=206729
PDEV sh25 try=0 kill=0 (0.0%) BJ try=20688 kill=4242 nodes=7340032
ADAPT sh25 rp[P=6254 try=3739 kill=500 13%] pd[P=99 try=269823 kill=64237 24%]
DEATH sh6 liveend=0 estate=1439100 reach=945968 dyn=70221 flow=0 geom=215407
PDEV sh6 try=0 kill=0 (0.0%) BJ try=20941 kill=3737 nodes=6291456
ADAPT sh6 rp[P=8192 try=5362 kill=789 15%] pd[P=125 try=170153 kill=36268 21%]
DEATH sh8 liveend=0 estate=1372426 reach=882948 dyn=81666 flow=0 geom=184596
PDEV sh8 try=0 kill=0 (0.0%) BJ try=20690 kill=4004 nodes=7340032
ADAPT sh8 rp[P=7830 try=3461 kill=455 13%] pd[P=30 try=235958 kill=61686 26%]
DEATH sh24 liveend=0 estate=1409448 reach=930307 dyn=67528 flow=0 geom=213790
PDEV sh24 try=0 kill=0 (0.0%) BJ try=20496 kill=3404 nodes=6291456
ADAPT sh24 rp[P=8192 try=6240 kill=971 16%] pd[P=30 try=188313 kill=39654 21%]
DEATH sh12 liveend=0 estate=1266552 reach=835592 dyn=64874 flow=0 geom=191815
PDEV sh12 try=0 kill=0 (0.0%) BJ try=18392 kill=3119 nodes=5242880
ADAPT sh12 rp[P=8192 try=5654 kill=881 16%] pd[P=117 try=155018 kill=32842 21%]
DEATH sh7 liveend=0 estate=1538223 reach=1003552 dyn=73746 flow=0 geom=216296
PDEV sh7 try=0 kill=0 (0.0%) BJ try=22814 kill=5120 nodes=8388608
ADAPT sh7 rp[P=6935 try=3768 kill=492 13%] pd[P=53 try=256575 kill=68017 27%]
DEATH sh5 liveend=0 estate=1580989 reach=1038682 dyn=70126 flow=0 geom=230930
PDEV sh5 try=0 kill=0 (0.0%) BJ try=22774 kill=4680 nodes=8388608
ADAPT sh5 rp[P=8192 try=3593 kill=447 12%] pd[P=76 try=283757 kill=69213 24%]
DEATH sh19 liveend=0 estate=1581432 reach=1037765 dyn=72240 flow=0 geom=230069
PDEV sh19 try=0 kill=0 (0.0%) BJ try=22802 kill=4624 nodes=8388608
ADAPT sh19 rp[P=8080 try=3128 kill=369 12%] pd[P=26 try=300132 kill=72915 24%]
DEATH sh17 liveend=0 estate=1577130 reach=1036655 dyn=70993 flow=0 geom=228445
PDEV sh17 try=0 kill=0 (0.0%) BJ try=22788 kill=4529 nodes=8388608
ADAPT sh17 rp[P=8192 try=4347 kill=593 14%] pd[P=69 try=295526 kill=69879 24%]
DEATH sh9 liveend=0 estate=1204974 reach=766080 dyn=75738 flow=0 geom=162627
PDEV sh9 try=0 kill=0 (0.0%) BJ try=18386 kill=3320 nodes=5242880
ADAPT sh9 rp[P=8192 try=3395 kill=458 13%] pd[P=5314 try=161160 kill=42194 26%]
DEATH sh15 liveend=0 estate=1275754 reach=844146 dyn=64304 flow=0 geom=192982
PDEV sh15 try=0 kill=0 (0.0%) BJ try=18392 kill=3021 nodes=5242880
ADAPT sh15 rp[P=8192 try=8791 kill=1469 17%] pd[P=44 try=153784 kill=32433 21%]
DEATH sh0 liveend=0 estate=1428272 reach=937025 dyn=66468 flow=0 geom=217432
PDEV sh0 try=0 kill=0 (0.0%) BJ try=20485 kill=3504 nodes=6291456
ADAPT sh0 rp[P=8192 try=5530 kill=842 15%] pd[P=182 try=176034 kill=38537 22%]
DEATH sh21 liveend=0 estate=1429670 reach=950782 dyn=63930 flow=0 geom=223248
PDEV sh21 try=0 kill=0 (0.0%) BJ try=20482 kill=3573 nodes=6291456
ADAPT sh21 rp[P=8192 try=5978 kill=940 16%] pd[P=44 try=190925 kill=41063 22%]
DEATH sh2 liveend=0 estate=1445899 reach=933716 dyn=79479 flow=0 geom=197210
PDEV sh2 try=0 kill=0 (0.0%) BJ try=21690 kill=4767 nodes=3145728
ADAPT sh2 rp[P=8192 try=3720 kill=500 13%] pd[P=76 try=233500 kill=62571 27%]
DEATH sh1 liveend=0 estate=1730017 reach=1139037 dyn=70030 flow=0 geom=255336
PDEV sh1 try=0 kill=0 (0.0%) BJ try=24878 kill=5247 nodes=9437184
ADAPT sh1 rp[P=8192 try=3508 kill=428 12%] pd[P=129 try=319017 kill=79508 25%]
DEATH sh14 liveend=0 estate=1572067 reach=1026553 dyn=77266 flow=0 geom=224517
PDEV sh14 try=0 kill=0 (0.0%) BJ try=22830 kill=4197 nodes=8388608
ADAPT sh14 rp[P=8192 try=2824 kill=307 11%] pd[P=129 try=295711 kill=70647 24%]
DEATH sh20 liveend=0 estate=1872451 reach=1237307 dyn=72537 flow=0 geom=277489
PDEV sh20 try=0 kill=0 (0.0%) BJ try=26986 kill=5268 nodes=10485760
ADAPT sh20 rp[P=8192 try=3342 kill=357 11%] pd[P=29 try=368441 kill=87837 24%]
DEATH sh4 liveend=0 estate=1584049 reach=1045692 dyn=66874 flow=0 geom=232632
PDEV sh4 try=0 kill=0 (0.0%) BJ try=22825 kill=4818 nodes=8388608
ADAPT sh4 rp[P=8192 try=4826 kill=671 14%] pd[P=76 try=283603 kill=68815 24%]
DEATH sh12 liveend=0 estate=1413086 reach=937781 dyn=64874 flow=0 geom=215238
PDEV sh12 try=0 kill=0 (0.0%) BJ try=20489 kill=3527 nodes=6291456
ADAPT sh12 rp[P=8192 try=5859 kill=900 15%] pd[P=74 try=181297 kill=38076 21%]
DEATH sh11 liveend=0 estate=1542630 reach=1006693 dyn=71242 flow=0 geom=218082
PDEV sh11 try=0 kill=0 (0.0%) BJ try=22789 kill=5191 nodes=8388608
ADAPT sh11 rp[P=8192 try=3931 kill=521 13%] pd[P=26 try=274469 kill=70321 26%]
DEATH sh3 liveend=0 estate=1269584 reach=809037 dyn=79881 flow=0 geom=171572
PDEV sh3 try=0 kill=0 (0.0%) BJ try=19429 kill=3470 nodes=5242880
ADAPT sh3 rp[P=8192 try=3878 kill=544 14%] pd[P=87 try=147432 kill=40007 27%]
DEATH sh13 liveend=0 estate=1576268 reach=1028212 dyn=77802 flow=0 geom=225471
PDEV sh13 try=0 kill=0 (0.0%) BJ try=22803 kill=4279 nodes=8388608
ADAPT sh13 rp[P=8192 try=2982 kill=344 12%] pd[P=66 try=300239 kill=72439 24%]
DEATH sh25 liveend=0 estate=1581473 reach=1039845 dyn=72160 flow=0 geom=230889
PDEV sh25 try=0 kill=0 (0.0%) BJ try=22785 kill=4698 nodes=8388608
ADAPT sh25 rp[P=8192 try=3920 kill=514 13%] pd[P=26 try=306155 kill=72905 24%]
DEATH sh24 liveend=0 estate=1560215 reach=1033976 dyn=67528 flow=0 geom=239738
PDEV sh24 try=0 kill=0 (0.0%) BJ try=22594 kill=3799 nodes=7340032
ADAPT sh24 rp[P=8192 try=6412 kill=983 15%] pd[P=71 try=218243 kill=45917 21%]
DEATH sh6 liveend=0 estate=1592707 reach=1051776 dyn=70221 flow=0 geom=243205
PDEV sh6 try=0 kill=0 (0.0%) BJ try=23039 kill=4189 nodes=7340032
ADAPT sh6 rp[P=8192 try=5598 kill=818 15%] pd[P=72 try=200694 kill=43006 21%]
DEATH sh0 liveend=0 estate=1574211 reach=1038658 dyn=66468 flow=0 geom=240451
PDEV sh0 try=0 kill=0 (0.0%) BJ try=22583 kill=3896 nodes=7340032
ADAPT sh0 rp[P=8192 try=5731 kill=861 15%] pd[P=120 try=201919 kill=43742 22%]
DEATH sh18 liveend=0 estate=1210783 reach=777566 dyn=70713 flow=0 geom=166470
PDEV sh18 try=0 kill=0 (0.0%) BJ try=18388 kill=3397 nodes=5242880
ADAPT sh18 rp[P=3965 try=4997 kill=755 15%] pd[P=1815 try=160894 kill=41879 26%]
DEATH sh15 liveend=0 estate=1422529 reach=946810 dyn=64304 flow=0 geom=216908
PDEV sh15 try=0 kill=0 (0.0%) BJ try=20489 kill=3432 nodes=6291456
ADAPT sh15 rp[P=8192 try=8959 kill=1481 17%] pd[P=74 try=180372 kill=37736 21%]
DEATH sh22 liveend=0 estate=1525509 reach=980303 dyn=88805 flow=0 geom=205327
PDEV sh22 try=0 kill=0 (0.0%) BJ try=22803 kill=3977 nodes=8388608
ADAPT sh22 rp[P=8192 try=2780 kill=302 11%] pd[P=35 try=291648 kill=73055 25%]
DEATH sh5 liveend=0 estate=1727179 reach=1139165 dyn=70126 flow=0 geom=254635
PDEV sh5 try=0 kill=0 (0.0%) BJ try=24871 kill=5137 nodes=9437184
ADAPT sh5 rp[P=8192 try=3778 kill=462 12%] pd[P=30 try=316453 kill=77133 24%]
DEATH sh21 liveend=0 estate=1577929 reach=1053519 dyn=63930 flow=0 geom=247852
PDEV sh21 try=0 kill=0 (0.0%) BJ try=22580 kill=3989 nodes=7340032
ADAPT sh21 rp[P=8192 try=6145 kill=951 15%] pd[P=82 try=217980 kill=46600 21%]
DEATH sh23 liveend=0 estate=1573439 reach=1024385 dyn=80714 flow=0 geom=222086
PDEV sh23 try=0 kill=0 (0.0%) BJ try=22840 kill=3913 nodes=8388608
ADAPT sh23 rp[P=8192 try=3875 kill=514 13%] pd[P=59 try=306329 kill=71892 23%]
DEATH sh17 liveend=0 estate=1724384 reach=1137992 dyn=70993 flow=0 geom=252527
PDEV sh17 try=0 kill=0 (0.0%) BJ try=24885 kill=4999 nodes=9437184
ADAPT sh17 rp[P=8192 try=4524 kill=608 13%] pd[P=54 try=330719 kill=78257 24%]
DEATH sh7 liveend=0 estate=1689145 reach=1107633 dyn=73746 flow=0 geom=241411
PDEV sh7 try=0 kill=0 (0.0%) BJ try=24911 kill=5612 nodes=9437184
ADAPT sh7 rp[P=8192 try=3930 kill=502 13%] pd[P=129 try=292450 kill=76637 26%]
DEATH sh19 liveend=0 estate=1730093 reach=1140549 dyn=72240 flow=0 geom=254880
PDEV sh19 try=0 kill=0 (0.0%) BJ try=24899 kill=5126 nodes=9437184
ADAPT sh19 rp[P=8192 try=3328 kill=388 12%] pd[P=243 try=336361 kill=81829 24%]
DEATH sh16 liveend=0 estate=1577105 reach=1033186 dyn=76150 flow=0 geom=227281
PDEV sh16 try=0 kill=0 (0.0%) BJ try=22826 kill=4310 nodes=8388608
ADAPT sh16 rp[P=8192 try=2618 kill=266 10%] pd[P=51 try=304114 kill=73478 24%]
DEATH sh10 liveend=0 estate=1723860 reach=1130322 dyn=74871 flow=0 geom=250148
PDEV sh10 try=0 kill=0 (0.0%) BJ try=24900 kill=4840 nodes=9437184
ADAPT sh10 rp[P=5873 try=3815 kill=469 12%] pd[P=66 try=327757 kill=78020 24%]
DEATH sh14 liveend=0 estate=1718978 reach=1126942 dyn=77266 flow=0 geom=248016
PDEV sh14 try=0 kill=0 (0.0%) BJ try=24927 kill=4640 nodes=9437184
ADAPT sh14 rp[P=8192 try=3012 kill=324 11%] pd[P=110 try=330481 kill=78903 24%]
DEATH sh8 liveend=0 estate=1525537 reach=988221 dyn=82972 flow=0 geom=209997
PDEV sh8 try=0 kill=0 (0.0%) BJ try=22787 kill=4478 nodes=8388608
ADAPT sh8 rp[P=5616 try=3670 kill=477 13%] pd[P=103 try=273187 kill=70689 26%]
DEATH sh4 liveend=0 estate=1732852 reach=1148212 dyn=66874 flow=0 geom=257394
PDEV sh4 try=0 kill=0 (0.0%) BJ try=24922 kill=5304 nodes=9437184
ADAPT sh4 rp[P=8192 try=5005 kill=685 14%] pd[P=69 try=318040 kill=77386 24%]
DEATH sh13 liveend=0 estate=1724391 reach=1129686 dyn=77802 flow=0 geom=249925
PDEV sh13 try=0 kill=0 (0.0%) BJ try=24900 kill=4759 nodes=9437184
ADAPT sh13 rp[P=8192 try=3158 kill=358 11%] pd[P=66 try=336702 kill=81207 24%]
DEATH sh21 liveend=0 estate=1724028 reach=1155060 dyn=63930 flow=0 geom=271167
PDEV sh21 try=0 kill=0 (0.0%) BJ try=24677 kill=4419 nodes=8388608
ADAPT sh21 rp[P=8192 try=6309 kill=961 15%] pd[P=50 try=244434 kill=51881 21%]
DEATH sh2 liveend=0 estate=1596854 reach=1037334 dyn=80835 flow=0 geom=221922
PDEV sh2 try=0 kill=0 (0.0%) BJ try=23787 kill=5244 nodes=4194304
ADAPT sh2 rp[P=5615 try=3912 kill=520 13%] pd[P=54 try=268647 kill=71097 26%]
DEATH sh11 liveend=0 estate=1694116 reach=1111691 dyn=71242 flow=0 geom=243200
PDEV sh11 try=0 kill=0 (0.0%) BJ try=24886 kill=5671 nodes=9437184
ADAPT sh11 rp[P=8192 try=4108 kill=534 13%] pd[P=100 try=311397 kill=79118 25%]
DEATH sh25 liveend=0 estate=1731525 reach=1143329 dyn=72160 flow=0 geom=256056
PDEV sh25 try=0 kill=0 (0.0%) BJ try=24882 kill=5190 nodes=9437184
ADAPT sh25 rp[P=8192 try=4070 kill=521 13%] pd[P=131 try=345730 kill=82432 24%]
DEATH sh0 liveend=0 estate=1727633 reach=1144897 dyn=66468 flow=0 geom=268360
PDEV sh0 try=0 kill=0 (0.0%) BJ try=24680 kill=4344 nodes=8388608
ADAPT sh0 rp[P=8192 try=5995 kill=896 15%] pd[P=142 try=230786 kill=50185 22%]
DEATH sh1 liveend=0 estate=1883196 reach=1244031 dyn=72127 flow=0 geom=280363
PDEV sh1 try=0 kill=0 (0.0%) BJ try=26975 kill=5728 nodes=10485760
ADAPT sh1 rp[P=5527 try=3764 kill=463 12%] pd[P=44 try=354050 kill=88200 25%]
DEATH sh24 liveend=0 estate=1712107 reach=1137999 dyn=67528 flow=0 geom=266950
PDEV sh24 try=0 kill=0 (0.0%) BJ try=24691 kill=4234 nodes=8388608
ADAPT sh24 rp[P=8192 try=6585 kill=996 15%] pd[P=30 try=250806 kill=52982 21%]
DEATH sh7 liveend=0 estate=1836756 reach=1209250 dyn=73746 flow=0 geom=265911
PDEV sh7 try=0 kill=0 (0.0%) BJ try=27008 kill=6097 nodes=10485760
ADAPT sh7 rp[P=8192 try=4123 kill=520 13%] pd[P=133 try=325747 kill=84795 26%]
DEATH sh6 liveend=0 estate=1745145 reach=1156353 dyn=70221 flow=0 geom=270840
PDEV sh6 try=0 kill=0 (0.0%) BJ try=25136 kill=4618 nodes=8388608
ADAPT sh6 rp[P=8192 try=5773 kill=831 14%] pd[P=34 try=232021 kill=49818 21%]
DEATH sh22 liveend=0 estate=1673979 reach=1082573 dyn=88805 flow=0 geom=229924
PDEV sh22 try=0 kill=0 (0.0%) BJ try=24900 kill=4426 nodes=9437184
ADAPT sh22 rp[P=8192 try=2939 kill=311 11%] pd[P=66 try=330168 kill=82241 25%]
DEATH sh5 liveend=0 estate=1877965 reach=1243327 dyn=70126 flow=0 geom=280346
PDEV sh5 try=0 kill=0 (0.0%) BJ try=26968 kill=5630 nodes=10485760
ADAPT sh5 rp[P=7369 try=3955 kill=477 12%] pd[P=54 try=351839 kill=85820 24%]
DEATH sh15 liveend=0 estate=1574397 reach=1050919 dyn=64304 flow=0 geom=244331
PDEV sh15 try=0 kill=0 (0.0%) BJ try=22587 kill=3866 nodes=7340032
ADAPT sh15 rp[P=7830 try=9165 kill=1501 16%] pd[P=120 try=211493 kill=44496 21%]
DEATH sh20 liveend=0 estate=2024199 reach=1340865 dyn=74634 flow=0 geom=301833
PDEV sh20 try=0 kill=0 (0.0%) BJ try=29083 kill=5776 nodes=11534336
ADAPT sh20 rp[P=8192 try=3696 kill=406 11%] pd[P=54 try=403892 kill=96627 24%]
DEATH sh23 liveend=0 estate=1722510 reach=1126902 dyn=80714 flow=0 geom=246531
PDEV sh23 try=0 kill=0 (0.0%) BJ try=24937 kill=4405 nodes=9437184
ADAPT sh23 rp[P=8192 try=4053 kill=529 13%] pd[P=61 try=344896 kill=80933 23%]
DEATH sh17 liveend=0 estate=1873473 reach=1240935 dyn=70993 flow=0 geom=277546
PDEV sh17 try=0 kill=0 (0.0%) BJ try=26982 kill=5460 nodes=10485760
ADAPT sh17 rp[P=8192 try=4703 kill=622 13%] pd[P=117 try=368474 kill=87277 24%]
DEATH sh3 liveend=0 estate=1415182 reach=906680 dyn=85436 flow=0 geom=194785
PDEV sh3 try=0 kill=0 (0.0%) BJ try=21526 kill=3870 nodes=6291456
ADAPT sh3 rp[P=8192 try=4682 kill=675 14%] pd[P=99 try=169288 kill=45026 27%]
DEATH sh10 liveend=0 estate=1874656 reach=1233915 dyn=74871 flow=0 geom=275464
PDEV sh10 try=0 kill=0 (0.0%) BJ try=26997 kill=5326 nodes=10485760
ADAPT sh10 rp[P=8192 try=3989 kill=480 12%] pd[P=42 try=365515 kill=87106 24%]
DEATH sh8 liveend=0 estate=1672355 reach=1088699 dyn=82972 flow=0 geom=234304
PDEV sh8 try=0 kill=0 (0.0%) BJ try=24884 kill=4931 nodes=9437184
ADAPT sh8 rp[P=8192 try=3844 kill=488 13%] pd[P=30 try=308558 kill=79312 26%]
DEATH sh4 liveend=0 estate=1880912 reach=1249732 dyn=66874 flow=0 geom=281737
PDEV sh4 try=0 kill=0 (0.0%) BJ try=27019 kill=5786 nodes=10485760
ADAPT sh4 rp[P=8192 try=5181 kill=699 13%] pd[P=81 try=352478 kill=85781 24%]
DEATH sh9 liveend=0 estate=1358623 reach=873063 dyn=79549 flow=0 geom=188549
PDEV sh9 try=0 kill=0 (0.0%) BJ try=20483 kill=3715 nodes=6291456
ADAPT sh9 rp[P=8192 try=3592 kill=478 13%] pd[P=76 try=188793 kill=47944 25%]
DEATH sh14 liveend=0 estate=1868509 reach=1229655 dyn=77266 flow=0 geom=272981
PDEV sh14 try=0 kill=0 (0.0%) BJ try=27024 kill=5130 nodes=10485760
ADAPT sh14 rp[P=8192 try=3201 kill=341 11%] pd[P=54 try=367797 kill=87970 24%]
DEATH sh21 liveend=0 estate=1877339 reach=1260692 dyn=63930 flow=0 geom=298189
PDEV sh21 try=0 kill=0 (0.0%) BJ try=26774 kill=4837 nodes=9437184
ADAPT sh21 rp[P=8192 try=6550 kill=990 15%] pd[P=95 try=274571 kill=58381 21%]
DEATH sh2 liveend=0 estate=1746247 reach=1140422 dyn=80835 flow=0 geom=247136
PDEV sh2 try=0 kill=0 (0.0%) BJ try=25884 kill=5761 nodes=5242880
ADAPT sh2 rp[P=8192 try=4091 kill=533 13%] pd[P=122 try=303911 kill=79889 26%]
DEATH sh19 liveend=0 estate=1883271 reach=1246375 dyn=73756 flow=0 geom=280215
PDEV sh19 try=0 kill=0 (0.0%) BJ try=26996 kill=5593 nodes=10485760
ADAPT sh19 rp[P=8192 try=3507 kill=401 11%] pd[P=81 try=374233 kill=91053 24%]
DEATH sh12 liveend=0 estate=1719426 reach=1148052 dyn=64874 flow=0 geom=270316
PDEV sh12 try=0 kill=0 (0.0%) BJ try=24684 kill=4386 nodes=8388608
ADAPT sh12 rp[P=8192 try=6245 kill=936 15%] pd[P=44 try=243302 kill=51517 21%]
DEATH sh11 liveend=0 estate=1842475 reach=1213115 dyn=71242 flow=0 geom=267463
PDEV sh11 try=0 kill=0 (0.0%) BJ try=26983 kill=6141 nodes=10485760
ADAPT sh11 rp[P=8192 try=4297 kill=551 13%] pd[P=28 try=347585 kill=87741 25%]
DEATH sh7 liveend=0 estate=1987252 reach=1313827 dyn=73746 flow=0 geom=291569
PDEV sh7 try=0 kill=0 (0.0%) BJ try=29105 kill=6571 nodes=11534336
ADAPT sh7 rp[P=8192 try=4272 kill=526 12%] pd[P=63 try=361616 kill=93663 26%]
DEATH sh22 liveend=0 estate=1822791 reach=1184751 dyn=88805 flow=0 geom=254667
PDEV sh22 try=0 kill=0 (0.0%) BJ try=26997 kill=4908 nodes=10485760
ADAPT sh22 rp[P=8192 try=3111 kill=324 10%] pd[P=93 try=368236 kill=91295 25%]
DEATH sh0 liveend=0 estate=1881385 reach=1251532 dyn=66468 flow=0 geom=296437
PDEV sh0 try=0 kill=0 (0.0%) BJ try=26777 kill=4790 nodes=9437184
ADAPT sh0 rp[P=8192 try=6199 kill=917 15%] pd[P=243 try=259500 kill=56598 22%]
DEATH sh13 liveend=0 estate=1874428 reach=1231835 dyn=80569 flow=0 geom=273841
PDEV sh13 try=0 kill=0 (0.0%) BJ try=26997 kill=5230 nodes=10485760
ADAPT sh13 rp[P=4889 try=3434 kill=395 12%] pd[P=24 try=372236 kill=89854 24%]
DEATH sh24 liveend=0 estate=1865499 reach=1244292 dyn=67528 flow=0 geom=294572
PDEV sh24 try=0 kill=0 (0.0%) BJ try=26788 kill=4659 nodes=9437184
ADAPT sh24 rp[P=8192 try=6769 kill=1012 15%] pd[P=69 try=283474 kill=59991 21%]
DEATH sh6 liveend=0 estate=1899031 reach=1263812 dyn=70221 flow=0 geom=299224
PDEV sh6 try=0 kill=0 (0.0%) BJ try=27233 kill=5033 nodes=9437184
ADAPT sh6 rp[P=8192 try=6029 kill=863 14%] pd[P=35 try=262083 kill=56395 22%]
DEATH sh23 liveend=0 estate=1870270 reach=1228138 dyn=80714 flow=0 geom=270623
PDEV sh23 try=0 kill=0 (0.0%) BJ try=27034 kill=4852 nodes=10485760
ADAPT sh23 rp[P=8192 try=4231 kill=543 13%] pd[P=61 try=381605 kill=89388 23%]
DEATH sh15 liveend=0 estate=1727169 reach=1155243 dyn=64304 flow=0 geom=271709
PDEV sh15 try=0 kill=0 (0.0%) BJ try=24684 kill=4282 nodes=8388608
ADAPT sh15 rp[P=5615 try=9367 kill=1522 16%] pd[P=44 try=243257 kill=51402 21%]
DEATH sh18 liveend=0 estate=1369940 reach=891920 dyn=70713 flow=0 geom=195164
PDEV sh18 try=0 kill=0 (0.0%) BJ try=20485 kill=3822 nodes=6291456
ADAPT sh18 rp[P=8192 try=5222 kill=779 15%] pd[P=44 try=194541 kill=48999 25%]
DEATH sh20 liveend=0 estate=2162824 reach=1434535 dyn=74634 flow=0 geom=323314
PDEV sh20 try=0 kill=0 (0.0%) BJ try=31180 kill=6325 nodes=12582912
ADAPT sh20 rp[P=8192 try=3879 kill=421 11%] pd[P=84 try=438182 kill=105950 24%]
DEATH sh1 liveend=0 estate=2037568 reach=1351500 dyn=72171 flow=0 geom=306378
PDEV sh1 try=0 kill=0 (0.0%) BJ try=29072 kill=6197 nodes=11534336
ADAPT sh1 rp[P=4618 try=3954 kill=481 12%] pd[P=96 try=391842 kill=97512 25%]
DEATH sh9 liveend=0 estate=1509388 reach=977748 dyn=79549 flow=0 geom=214545
PDEV sh9 try=0 kill=0 (0.0%) BJ try=22581 kill=4133 nodes=7340032
ADAPT sh9 rp[P=8192 try=3796 kill=497 13%] pd[P=71 try=218017 kill=54111 25%]
DEATH sh8 liveend=0 estate=1822735 reach=1193084 dyn=82972 flow=0 geom=259845
PDEV sh8 try=0 kill=0 (0.0%) BJ try=26981 kill=5417 nodes=10485760
ADAPT sh8 rp[P=8192 try=4054 kill=510 13%] pd[P=58 try=346458 kill=88663 26%]
DEATH sh21 liveend=0 estate=2029813 reach=1364524 dyn=63930 flow=0 geom=325488
PDEV sh21 try=0 kill=0 (0.0%) BJ try=28871 kill=5265 nodes=10485760
ADAPT sh21 rp[P=7369 try=6721 kill=1003 15%] pd[P=44 try=306389 kill=65283 21%]
DEATH sh25 liveend=0 estate=1883792 reach=1248336 dyn=73667 flow=0 geom=281128
PDEV sh25 try=0 kill=0 (0.0%) BJ try=26979 kill=5690 nodes=10485760
ADAPT sh25 rp[P=7369 try=4257 kill=538 13%] pd[P=24 try=383103 kill=91340 24%]
DEATH sh5 liveend=0 estate=2031489 reach=1349064 dyn=71756 flow=0 geom=305767
PDEV sh5 try=0 kill=0 (0.0%) BJ try=29065 kill=6110 nodes=11534336
ADAPT sh5 rp[P=4428 try=4230 kill=513 12%] pd[P=58 try=387589 kill=94521 24%]
DEATH sh2 liveend=0 estate=1896667 reach=1244674 dyn=80835 flow=0 geom=272754
PDEV sh2 try=0 kill=0 (0.0%) BJ try=27981 kill=6272 nodes=6291456
ADAPT sh2 rp[P=7369 try=4317 kill=559 13%] pd[P=115 try=339966 kill=88995 26%]
DEATH sh17 liveend=0 estate=2026468 reach=1346552 dyn=72401 flow=0 geom=302951
PDEV sh17 try=0 kill=0 (0.0%) BJ try=29079 kill=5970 nodes=11534336
ADAPT sh17 rp[P=107 try=5512 kill=764 14%] pd[P=6000 try=404699 kill=95836 24%]
DEATH sh16 liveend=0 estate=1874828 reach=1236099 dyn=78693 flow=0 geom=275555
PDEV sh16 try=0 kill=0 (0.0%) BJ try=27020 kill=5240 nodes=10485760
ADAPT sh16 rp[P=7369 try=3040 kill=307 10%] pd[P=113 try=375558 kill=90881 24%]
DEATH sh12 liveend=0 estate=1871893 reach=1253152 dyn=64874 flow=0 geom=297824
PDEV sh12 try=0 kill=0 (0.0%) BJ try=26781 kill=4802 nodes=9437184
ADAPT sh12 rp[P=8192 try=6439 kill=954 15%] pd[P=137 try=274660 kill=58300 21%]
DEATH sh11 liveend=0 estate=1992753 reach=1316614 dyn=71242 flow=0 geom=292826
PDEV sh11 try=0 kill=0 (0.0%) BJ try=29080 kill=6614 nodes=11534336
ADAPT sh11 rp[P=8192 try=4466 kill=562 13%] pd[P=202 try=384906 kill=96788 25%]
DEATH sh9 liveend=0 estate=1655284 reach=1079126 dyn=79549 flow=0 geom=238048
PDEV sh9 try=0 kill=0 (0.0%) BJ try=24678 kill=4526 nodes=8388608
ADAPT sh9 rp[P=8192 try=3959 kill=509 13%] pd[P=147 try=243864 kill=59274 24%]
DEATH sh10 liveend=0 estate=2028580 reach=1338600 dyn=76916 flow=0 geom=300240
PDEV sh10 try=0 kill=0 (0.0%) BJ try=29094 kill=5814 nodes=11534336
ADAPT sh10 rp[P=8192 try=4183 kill=498 12%] pd[P=53 try=403134 kill=96154 24%]
DEATH sh4 liveend=0 estate=2032409 reach=1353356 dyn=68577 flow=0 geom=306600
PDEV sh4 try=0 kill=0 (0.0%) BJ try=29116 kill=6278 nodes=11534336
ADAPT sh4 rp[P=2690 try=5396 kill=725 13%] pd[P=54 try=387633 kill=94389 24%]
DEATH sh19 liveend=0 estate=2037568 reach=1353817 dyn=73760 flow=0 geom=306275
PDEV sh19 try=0 kill=0 (0.0%) BJ try=29093 kill=6079 nodes=11534336
ADAPT sh19 rp[P=8192 try=3684 kill=415 11%] pd[P=43 try=414361 kill=100931 24%]
DEATH sh0 liveend=0 estate=2033404 reach=1358228 dyn=66468 flow=0 geom=324489
PDEV sh0 try=0 kill=0 (0.0%) BJ try=28874 kill=5237 nodes=10485760
ADAPT sh0 rp[P=7369 try=6379 kill=933 15%] pd[P=61 try=287901 kill=63027 22%]
DEATH sh13 liveend=0 estate=2012968 reach=1325816 dyn=80613 flow=0 geom=295317
PDEV sh13 try=0 kill=0 (0.0%) BJ try=29094 kill=5758 nodes=11534336
ADAPT sh13 rp[P=6935 try=3629 kill=412 11%] pd[P=28 try=406457 kill=99278 24%]
DEATH sh15 liveend=0 estate=1880658 reach=1260733 dyn=64304 flow=0 geom=299385
PDEV sh15 try=0 kill=0 (0.0%) BJ try=26781 kill=4721 nodes=9437184
ADAPT sh15 rp[P=6752 try=9621 kill=1556 16%] pd[P=86 try=274545 kill=58139 21%]
DEATH sh3 liveend=0 estate=1722373 reach=1119934 dyn=85436 flow=0 geom=251001
PDEV sh3 try=0 kill=0 (0.0%) BJ try=25721 kill=4766 nodes=8388608
ADAPT sh3 rp[P=8192 try=5041 kill=704 14%] pd[P=130 try=229453 kill=58304 25%]
DEATH sh14 liveend=0 estate=2023311 reach=1335310 dyn=79368 flow=0 geom=298334
PDEV sh14 try=0 kill=0 (0.0%) BJ try=29121 kill=5607 nodes=11534336
ADAPT sh14 rp[P=2896 try=3548 kill=393 11%] pd[P=80 try=404086 kill=96633 24%]
DEATH sh6 liveend=0 estate=2052631 reach=1372420 dyn=70221 flow=0 geom=327669
PDEV sh6 try=0 kill=0 (0.0%) BJ try=29330 kill=5460 nodes=10485760
ADAPT sh6 rp[P=7369 try=6277 kill=893 14%] pd[P=81 try=293021 kill=63158 22%]
DEATH sh7 liveend=0 estate=2142025 reach=1420316 dyn=74646 flow=0 geom=317311
PDEV sh7 try=0 kill=0 (0.0%) BJ try=31202 kill=7045 nodes=12582912
ADAPT sh7 rp[P=5527 try=4481 kill=547 12%] pd[P=188 try=399277 kill=102753 26%]
DEATH sh22 liveend=0 estate=1978475 reach=1291241 dyn=90262 flow=0 geom=280203
PDEV sh22 try=0 kill=0 (0.0%) BJ try=29094 kill=5385 nodes=11534336
ADAPT sh22 rp[P=6935 try=3353 kill=353 11%] pd[P=50 try=407745 kill=100767 25%]
DEATH sh25 liveend=0 estate=2033733 reach=1351827 dyn=73667 flow=0 geom=306169
PDEV sh25 try=0 kill=0 (0.0%) BJ try=29076 kill=6178 nodes=11534336
ADAPT sh25 rp[P=8192 try=4433 kill=550 12%] pd[P=43 try=422780 kill=100652 24%]
DEATH sh24 liveend=0 estate=2022745 reach=1356394 dyn=67528 flow=0 geom=323247
PDEV sh24 try=0 kill=0 (0.0%) BJ try=28885 kill=5079 nodes=10485760
ADAPT sh24 rp[P=8192 try=6964 kill=1030 15%] pd[P=56 try=315311 kill=66691 21%]
DEATH sh23 liveend=0 estate=2021197 reach=1331681 dyn=82418 flow=0 geom=295276
PDEV sh23 try=0 kill=0 (0.0%) BJ try=29131 kill=5300 nodes=11534336
ADAPT sh23 rp[P=8192 try=4464 kill=569 13%] pd[P=30 try=418164 kill=98050 23%]
DEATH sh16 liveend=0 estate=2013934 reach=1330020 dyn=78693 flow=0 geom=297166
PDEV sh16 try=0 kill=0 (0.0%) BJ try=29117 kill=5763 nodes=11534336
ADAPT sh16 rp[P=8192 try=3196 kill=314 10%] pd[P=80 try=409289 kill=100192 24%]
DEATH sh17 liveend=0 estate=2166590 reach=1441773 dyn=72620 flow=0 geom=324806
PDEV sh17 try=0 kill=0 (0.0%) BJ try=31176 kill=6543 nodes=12582912
ADAPT sh17 rp[P=8192 try=6620 kill=939 14%] pd[P=99 try=436643 kill=104560 24%]
DEATH sh21 liveend=0 estate=2185707 reach=1473434 dyn=63962 flow=0 geom=353673
PDEV sh21 try=0 kill=0 (0.0%) BJ try=30968 kill=5682 nodes=11534336
ADAPT sh21 rp[P=3668 try=6978 kill=1036 15%] pd[P=53 try=339960 kill=72509 21%]
DEATH sh5 liveend=0 estate=2185852 reach=1456374 dyn=71756 flow=0 geom=331901
PDEV sh5 try=0 kill=0 (0.0%) BJ try=31162 kill=6651 nodes=12582912
ADAPT sh5 rp[P=8192 try=4398 kill=522 12%] pd[P=44 try=425745 kill=103989 24%]
DEATH sh4 liveend=0 estate=2181247 reach=1455775 dyn=68577 flow=0 geom=331252
PDEV sh4 try=0 kill=0 (0.0%) BJ try=31213 kill=6770 nodes=12582912
ADAPT sh4 rp[P=8192 try=5577 kill=735 13%] pd[P=79 try=422605 kill=103011 24%]
DEATH sh10 liveend=0 estate=2167376 reach=1432342 dyn=76916 flow=0 geom=321658
PDEV sh10 try=0 kill=0 (0.0%) BJ try=31191 kill=6359 nodes=12582912
ADAPT sh10 rp[P=8192 try=4361 kill=511 12%] pd[P=105 try=437491 kill=105519 24%]
DEATH sh12 liveend=0 estate=2025340 reach=1359572 dyn=64874 flow=0 geom=325642
PDEV sh12 try=0 kill=0 (0.0%) BJ try=28878 kill=5253 nodes=10485760
ADAPT sh12 rp[P=7369 try=6621 kill=970 15%] pd[P=208 try=305759 kill=65087 21%]
DEATH sh19 liveend=0 estate=2186971 reach=1457099 dyn=73760 flow=0 geom=331289
PDEV sh19 try=0 kill=0 (0.0%) BJ try=31190 kill=6556 nodes=12582912
ADAPT sh19 rp[P=8192 try=3875 kill=432 11%] pd[P=30 try=452334 kill=110342 24%]
DEATH sh8 liveend=0 estate=1978763 reach=1300999 dyn=84356 flow=0 geom=285610
PDEV sh8 try=0 kill=0 (0.0%) BJ try=29078 kill=5876 nodes=11534336
ADAPT sh8 rp[P=8192 try=4244 kill=527 12%] pd[P=30 try=386320 kill=98277 25%]
DEATH sh18 liveend=0 estate=1529958 reach=1006929 dyn=70713 flow=0 geom=224068
PDEV sh18 try=0 kill=0 (0.0%) BJ try=22583 kill=4259 nodes=7340032
ADAPT sh18 rp[P=8192 try=5421 kill=799 15%] pd[P=72 try=229503 kill=56339 25%]
DEATH sh3 liveend=0 estate=1875480 reach=1225568 dyn=85436 flow=0 geom=278958
PDEV sh3 try=0 kill=0 (0.0%) BJ try=27818 kill=5194 nodes=9437184
ADAPT sh3 rp[P=8192 try=5215 kill=717 14%] pd[P=26 try=259955 kill=64999 25%]
DEATH sh15 liveend=0 estate=2033924 reach=1366471 dyn=64304 flow=0 geom=327202
PDEV sh15 try=0 kill=0 (0.0%) BJ try=28878 kill=5155 nodes=10485760
ADAPT sh15 rp[P=7369 try=9829 kill=1577 16%] pd[P=24 try=305855 kill=64950 21%]
DEATH sh2 liveend=0 estate=2053029 reach=1351978 dyn=82486 flow=0 geom=298393
PDEV sh2 try=0 kill=0 (0.0%) BJ try=30079 kill=6762 nodes=7340032
ADAPT sh2 rp[P=8192 try=4586 kill=592 13%] pd[P=47 try=378008 kill=98143 26%]
DEATH sh11 liveend=0 estate=2144726 reach=1420744 dyn=72421 flow=0 geom=317971
PDEV sh11 try=0 kill=0 (0.0%) BJ try=31177 kill=7106 nodes=12582912
ADAPT sh11 rp[P=7369 try=4686 kill=588 13%] pd[P=313 try=421505 kill=105451 25%]
DEATH sh14 liveend=0 estate=2173473 reach=1438772 dyn=79368 flow=0 geom=323117
PDEV sh14 try=0 kill=0 (0.0%) BJ try=31218 kill=6090 nodes=12582912
ADAPT sh14 rp[P=7047 try=3748 kill=410 11%] pd[P=63 try=440515 kill=105335 24%]
DEATH sh13 liveend=0 estate=2152468 reach=1418979 dyn=83109 flow=0 geom=315784
PDEV sh13 try=0 kill=0 (0.0%) BJ try=31191 kill=6279 nodes=12582912
ADAPT sh13 rp[P=8192 try=3835 kill=433 11%] pd[P=314 try=438563 kill=108213 25%]
DEATH sh25 liveend=0 estate=2180587 reach=1452629 dyn=73667 flow=0 geom=329762
PDEV sh25 try=0 kill=0 (0.0%) BJ try=31173 kill=6673 nodes=12582912
ADAPT sh25 rp[P=8192 try=4589 kill=558 12%] pd[P=110 try=458587 kill=108862 24%]
DEATH sh22 liveend=0 estate=2129407 reach=1396033 dyn=90275 flow=0 geom=305443
PDEV sh22 try=0 kill=0 (0.0%) BJ try=31191 kill=5844 nodes=12582912
ADAPT sh22 rp[P=8192 try=3541 kill=369 10%] pd[P=70 try=448081 kill=110510 25%]
DEATH sh20 liveend=0 estate=2442364 reach=1620670 dyn=79591 flow=0 geom=364457
PDEV sh20 try=0 kill=0 (0.0%) BJ try=35375 kill=7376 nodes=14680064
ADAPT sh20 rp[P=8192 try=4240 kill=451 11%] pd[P=24 try=503227 kill=123999 25%]
DEATH sh9 liveend=0 estate=1957213 reach=1286865 dyn=79549 flow=0 geom=290943
PDEV sh9 try=0 kill=0 (0.0%) BJ try=28872 kill=5421 nodes=10485760
ADAPT sh9 rp[P=7369 try=4299 kill=535 12%] pd[P=44 try=303920 kill=72021 24%]
DEATH sh5 liveend=0 estate=2333633 reach=1557977 dyn=71756 flow=0 geom=356566
PDEV sh5 try=0 kill=0 (0.0%) BJ try=33259 kill=7149 nodes=13631488
ADAPT sh5 rp[P=8192 try=4547 kill=529 12%] pd[P=35 try=459971 kill=112486 24%]
DEATH sh4 liveend=0 estate=2331354 reach=1559609 dyn=68577 flow=0 geom=356718
PDEV sh4 try=0 kill=0 (0.0%) BJ try=33310 kill=7219 nodes=13631488
ADAPT sh4 rp[P=8192 try=5768 kill=751 13%] pd[P=62 try=458637 kill=112091 24%]
DEATH sh19 liveend=0 estate=2335002 reach=1558820 dyn=73902 flow=0 geom=355902
PDEV sh19 try=0 kill=0 (0.0%) BJ try=33287 kill=7037 nodes=13631488
ADAPT sh19 rp[P=8192 try=4076 kill=452 11%] pd[P=63 try=487546 kill=118886 24%]
DEATH sh3 liveend=0 estate=2026843 reach=1330670 dyn=85436 flow=0 geom=305190
PDEV sh3 try=0 kill=0 (0.0%) BJ try=29915 kill=5633 nodes=10485760
ADAPT sh3 rp[P=8192 try=5386 kill=730 14%] pd[P=113 try=288873 kill=71208 25%]
DEATH sh7 liveend=0 estate=2439707 reach=1625380 dyn=74646 flow=0 geom=366762
PDEV sh7 try=0 kill=0 (0.0%) BJ try=35397 kill=8006 nodes=14680064
ADAPT sh7 rp[P=8192 try=4820 kill=570 12%] pd[P=57 try=467866 kill=119480 26%]
DEATH sh16 liveend=0 estate=2153307 reach=1423101 dyn=82100 flow=0 geom=317411
PDEV sh16 try=0 kill=0 (0.0%) BJ try=31214 kill=6288 nodes=12582912
ADAPT sh16 rp[P=8192 try=3431 kill=337 10%] pd[P=26 try=439559 kill=108509 25%]
DEATH sh11 liveend=0 estate=2291466 reach=1520880 dyn=72421 flow=0 geom=341552
PDEV sh11 try=0 kill=0 (0.0%) BJ try=33274 kill=7595 nodes=13631488
ADAPT sh11 rp[P=8192 try=4853 kill=598 12%] pd[P=30 try=455905 kill=113554 25%]
DEATH sh10 liveend=0 estate=2306463 reach=1524767 dyn=79890 flow=0 geom=341889
PDEV sh10 try=0 kill=0 (0.0%) BJ try=33288 kill=6838 nodes=13631488
ADAPT sh10 rp[P=7830 try=4533 kill=525 12%] pd[P=84 try=469209 kill=114203 24%]
DEATH sh17 liveend=0 estate=2305808 reach=1535247 dyn=75215 flow=0 geom=345343
PDEV sh17 try=0 kill=0 (0.0%) BJ try=33273 kill=7053 nodes=13631488
ADAPT sh17 rp[P=6440 try=6804 kill=956 14%] pd[P=112 try=468481 kill=113308 24%]
DEATH sh18 liveend=0 estate=1682583 reach=1112626 dyn=70713 flow=0 geom=251717
PDEV sh18 try=0 kill=0 (0.0%) BJ try=24680 kill=4707 nodes=8388608
ADAPT sh18 rp[P=8192 try=5652 kill=827 15%] pd[P=103 try=260364 kill=63072 24%]
DEATH sh0 liveend=0 estate=2192931 reach=1473670 dyn=66468 flow=0 geom=353539
PDEV sh0 try=0 kill=0 (0.0%) BJ try=30971 kill=5655 nodes=11534336
ADAPT sh0 rp[P=8192 try=6630 kill=963 15%] pd[P=47 try=323003 kill=70256 22%]
DEATH sh14 liveend=0 estate=2321106 reach=1539796 dyn=79368 flow=0 geom=347264
PDEV sh14 try=0 kill=0 (0.0%) BJ try=33315 kill=6539 nodes=13631488
ADAPT sh14 rp[P=8192 try=3903 kill=417 11%] pd[P=99 try=476419 kill=113780 24%]
DEATH sh8 liveend=0 estate=2130347 reach=1405810 dyn=84359 flow=0 geom=311178
PDEV sh8 try=0 kill=0 (0.0%) BJ try=31175 kill=6377 nodes=12582912
ADAPT sh8 rp[P=8192 try=4429 kill=543 12%] pd[P=112 try=424790 kill=107694 25%]
DEATH sh2 liveend=0 estate=2204024 reach=1457013 dyn=82499 flow=0 geom=323948
PDEV sh2 try=0 kill=0 (0.0%) BJ try=32176 kill=7297 nodes=8388608
ADAPT sh2 rp[P=8192 try=4748 kill=603 13%] pd[P=50 try=415305 kill=107414 26%]
DEATH sh6 liveend=0 estate=2212317 reach=1487665 dyn=70221 flow=0 geom=356760
PDEV sh6 try=0 kill=0 (0.0%) BJ try=31427 kill=5890 nodes=11534336
ADAPT sh6 rp[P=8192 try=6566 kill=933 14%] pd[P=54 try=327278 kill=70355 21%]
DEATH sh3 liveend=0 estate=2172539 reach=1431865 dyn=85436 flow=0 geom=328508
PDEV sh3 try=0 kill=0 (0.0%) BJ try=32012 kill=6044 nodes=11534336
ADAPT sh3 rp[P=4973 try=5550 kill=741 13%] pd[P=315 try=314414 kill=76353 24%]
DEATH sh22 liveend=0 estate=2276834 reach=1497149 dyn=90275 flow=0 geom=329759
PDEV sh22 try=0 kill=0 (0.0%) BJ try=33288 kill=6305 nodes=13631488
ADAPT sh22 rp[P=7369 try=3731 kill=386 10%] pd[P=125 try=485564 kill=119373 25%]
DEATH sh13 liveend=0 estate=2293228 reach=1513491 dyn=84491 flow=0 geom=337195
PDEV sh13 try=0 kill=0 (0.0%) BJ try=33288 kill=6812 nodes=13631488
ADAPT sh13 rp[P=8192 try=4016 kill=449 11%] pd[P=106 try=472585 kill=117751 25%]
DEATH sh5 liveend=0 estate=2483889 reach=1661857 dyn=71756 flow=0 geom=382124
PDEV sh5 try=0 kill=0 (0.0%) BJ try=35357 kill=7631 nodes=14680064
ADAPT sh5 rp[P=8192 try=4730 kill=545 12%] pd[P=35 try=495596 kill=121446 25%]
DEATH sh24 liveend=0 estate=2183391 reach=1470938 dyn=67528 flow=0 geom=352133
PDEV sh24 try=0 kill=0 (0.0%) BJ try=30982 kill=5504 nodes=11534336
ADAPT sh24 rp[P=8192 try=7199 kill=1057 15%] pd[P=29 try=351019 kill=74312 21%]
DEATH sh9 liveend=0 estate=2110415 reach=1392380 dyn=79549 flow=0 geom=318650
PDEV sh9 try=0 kill=0 (0.0%) BJ try=30969 kill=5836 nodes=11534336
ADAPT sh9 rp[P=8192 try=4466 kill=545 12%] pd[P=49 try=335122 kill=78783 24%]
DEATH sh25 liveend=0 estate=2333337 reach=1558096 dyn=73667 flow=0 geom=355388
PDEV sh25 try=0 kill=0 (0.0%) BJ try=33270 kill=7130 nodes=13631488
ADAPT sh25 rp[P=8192 try=4786 kill=577 12%] pd[P=50 try=498387 kill=118228 24%]
DEATH sh15 liveend=0 estate=2189770 reach=1477298 dyn=64381 flow=0 geom=355717
PDEV sh15 try=0 kill=0 (0.0%) BJ try=30975 kill=5562 nodes=11534336
ADAPT sh15 rp[P=6005 try=10050 kill=1601 16%] pd[P=53 try=339306 kill=72116 21%]
T3[t=1644s] shard20 r0 #0 cell=(46,64) sc=50271 nodes=15780830 r=0
DEATH sh1 liveend=0 estate=2634556 reach=1760892 dyn=73995 flow=0 geom=405530
PDEV sh1 try=0 kill=0 (0.0%) BJ try=37461 kill=8111 nodes=15728640
ADAPT sh1 rp[P=8192 try=4682 kill=539 12%] pd[P=58 try=531563 kill=132422 25%]
DEATH sh8 liveend=0 estate=2277744 reach=1507355 dyn=84359 flow=0 geom=335717
PDEV sh8 try=0 kill=0 (0.0%) BJ try=33272 kill=6861 nodes=13631488
ADAPT sh8 rp[P=8192 try=4615 kill=559 12%] pd[P=71 try=460278 kill=116267 25%]
DEATH sh11 liveend=0 estate=2441626 reach=1624008 dyn=72421 flow=0 geom=366740
PDEV sh11 try=0 kill=0 (0.0%) BJ try=35372 kill=8077 nodes=14680064
ADAPT sh11 rp[P=8192 try=5014 kill=608 12%] pd[P=47 try=493608 kill=122735 25%]
DEATH sh21 liveend=0 estate=2344419 reach=1586749 dyn=64835 flow=0 geom=381857
PDEV sh21 try=0 kill=0 (0.0%) BJ try=33065 kill=6066 nodes=12582912
ADAPT sh21 rp[P=8192 try=7233 kill=1066 15%] pd[P=47 try=375407 kill=79995 21%]
DEATH sh3 liveend=0 estate=2322890 reach=1536137 dyn=85436 flow=0 geom=354480
PDEV sh3 try=0 kill=0 (0.0%) BJ try=34109 kill=6452 nodes=12582912
ADAPT sh3 rp[P=8192 try=5774 kill=764 13%] pd[P=99 try=341693 kill=82104 24%]
DEATH sh18 liveend=0 estate=1836604 reach=1218976 dyn=70713 flow=0 geom=279558
PDEV sh18 try=0 kill=0 (0.0%) BJ try=26777 kill=5127 nodes=9437184
ADAPT sh18 rp[P=8192 try=5814 kill=838 14%] pd[P=42 try=291276 kill=69892 24%]
DEATH sh7 liveend=0 estate=2593691 reach=1732367 dyn=74756 flow=0 geom=392929
PDEV sh7 try=0 kill=0 (0.0%) BJ try=37494 kill=8479 nodes=15728640
ADAPT sh7 rp[P=8192 try=5060 kill=598 12%] pd[P=117 try=506096 kill=128709 25%]
DEATH sh2 liveend=0 estate=2351982 reach=1558603 dyn=82499 flow=0 geom=348654
PDEV sh2 try=0 kill=0 (0.0%) BJ try=34273 kill=7753 nodes=9437184
ADAPT sh2 rp[P=8192 try=4927 kill=617 13%] pd[P=207 try=449193 kill=115723 26%]
DEATH sh16 liveend=0 estate=2293441 reach=1516717 dyn=84625 flow=0 geom=338265
PDEV sh16 try=0 kill=0 (0.0%) BJ try=33311 kill=6806 nodes=13631488
ADAPT sh16 rp[P=8192 try=3762 kill=382 10%] pd[P=73 try=471451 kill=117340 25%]
T3[t=1671s] shard1 r0 #0 cell=(46,58) sc=50269 nodes=16000001 r=-1
DEATH sh19 liveend=0 estate=2489727 reach=1664987 dyn=75403 flow=0 geom=381134
PDEV sh19 try=0 kill=0 (0.0%) BJ try=35385 kill=7527 nodes=14680064
ADAPT sh19 rp[P=7158 try=4250 kill=466 11%] pd[P=48 try=525612 kill=128122 24%]
DEATH sh10 liveend=0 estate=2446981 reach=1618495 dyn=83157 flow=0 geom=362373
PDEV sh10 try=0 kill=0 (0.0%) BJ try=35386 kill=7346 nodes=14680064
ADAPT sh10 rp[P=8192 try=4809 kill=559 12%] pd[P=87 try=500745 kill=122993 25%]
DEATH sh17 liveend=0 estate=2445847 reach=1629273 dyn=77961 flow=0 geom=366235
PDEV sh17 try=0 kill=0 (0.0%) BJ try=35371 kill=7600 nodes=14680064
ADAPT sh17 rp[P=8192 try=6990 kill=970 14%] pd[P=66 try=500186 kill=122193 24%]
T3[t=1699s] shard7 r0 #0 cell=(41,69) sc=50265 nodes=16000001 r=-1
DEATH sh13 liveend=0 estate=2432133 reach=1605927 dyn=86750 flow=0 geom=357887
PDEV sh13 try=0 kill=0 (0.0%) BJ try=35386 kill=7334 nodes=14680064
ADAPT sh13 rp[P=6935 try=4186 kill=460 11%] pd[P=248 try=502963 kill=126178 25%]
DEATH sh9 liveend=0 estate=2263844 reach=1498278 dyn=79549 flow=0 geom=346363
PDEV sh9 try=0 kill=0 (0.0%) BJ try=33066 kill=6295 nodes=12582912
ADAPT sh9 rp[P=8192 try=4687 kill=569 12%] pd[P=103 try=366108 kill=85516 23%]
DEATH sh22 liveend=0 estate=2429233 reach=1601085 dyn=91805 flow=0 geom=354541
PDEV sh22 try=0 kill=0 (0.0%) BJ try=35386 kill=6795 nodes=14680064
ADAPT sh22 rp[P=5054 try=3947 kill=411 10%] pd[P=26 try=523134 kill=128331 25%]
DEATH sh5 liveend=0 estate=2637565 reach=1767531 dyn=73307 flow=0 geom=407444
PDEV sh5 try=0 kill=0 (0.0%) BJ try=37454 kill=8122 nodes=15728640
ADAPT sh5 rp[P=8192 try=4895 kill=556 11%] pd[P=105 try=532058 kill=130511 25%]
DEATH sh3 liveend=0 estate=2476254 reach=1641793 dyn=85436 flow=0 geom=382291
PDEV sh3 try=0 kill=0 (0.0%) BJ try=36206 kill=6886 nodes=13631488
ADAPT sh3 rp[P=8192 try=5993 kill=788 13%] pd[P=121 try=372157 kill=88863 24%]
DEATH sh23 liveend=0 estate=2472778 reach=1643478 dyn=82775 flow=0 geom=370341
PDEV sh23 try=0 kill=0 (0.0%) BJ try=35423 kill=6717 nodes=14680064
ADAPT sh23 rp[P=8192 try=4967 kill=603 12%] pd[P=38 try=536070 kill=126271 24%]
DEATH sh18 liveend=0 estate=1988653 reach=1323447 dyn=70713 flow=0 geom=306872
PDEV sh18 try=0 kill=0 (0.0%) BJ try=28874 kill=5573 nodes=10485760
ADAPT sh18 rp[P=8192 try=5982 kill=850 14%] pd[P=81 try=321967 kill=76575 24%]
T3[t=1742s] shard5 r0 #0 cell=(41,63) sc=50271 nodes=16000001 r=-1
DEATH sh25 liveend=0 estate=2486777 reach=1663197 dyn=75082 flow=0 geom=380537
PDEV sh25 try=0 kill=0 (0.0%) BJ try=35368 kill=7591 nodes=14680064
ADAPT sh25 rp[P=8192 try=4956 kill=589 12%] pd[P=47 try=536903 kill=127246 24%]
DEATH sh0 liveend=0 estate=2350729 reach=1586653 dyn=67517 flow=0 geom=381818
PDEV sh0 try=0 kill=0 (0.0%) BJ try=33068 kill=6031 nodes=12582912
ADAPT sh0 rp[P=7369 try=6975 kill=1013 15%] pd[P=81 try=355658 kill=77004 22%]
DEATH sh20 liveend=0 estate=2742258 reach=1822451 dyn=84075 flow=0 geom=410834
PDEV sh20 try=0 kill=0 (0.0%) BJ try=39673 kill=8382 nodes=1048576
ADAPT sh20 rp[P=7369 try=4732 kill=503 11%] pd[P=65 try=573917 kill=142088 25%]
DEATH sh1 liveend=0 estate=2809740 reach=1877417 dyn=78715 flow=0 geom=431594
PDEV sh1 try=0 kill=0 (0.0%) BJ try=40101 kill=8735 nodes=1048576
ADAPT sh1 rp[P=8192 try=4921 kill=561 11%] pd[P=148 try=564934 kill=141782 25%]
T3[t=1760s] shard19 r0 #0 cell=(46,62) sc=50267 nodes=16000001 r=-1
DEATH sh4 liveend=0 estate=2638191 reach=1770365 dyn=70282 flow=0 geom=407450
PDEV sh4 try=0 kill=0 (0.0%) BJ try=37505 kill=8194 nodes=15728640
ADAPT sh4 rp[P=6527 try=6163 kill=790 13%] pd[P=106 try=532182 kill=130117 24%]
DEATH sh2 liveend=0 estate=2504175 reach=1663424 dyn=83883 flow=0 geom=373985
PDEV sh2 try=0 kill=0 (0.0%) BJ try=36370 kill=8234 nodes=10485760
ADAPT sh2 rp[P=8192 try=5081 kill=625 12%] pd[P=58 try=485208 kill=124527 26%]
DEATH sh10 liveend=0 estate=2585288 reach=1710633 dyn=85259 flow=0 geom=382853
PDEV sh10 try=0 kill=0 (0.0%) BJ try=37483 kill=7844 nodes=15728640
ADAPT sh10 rp[P=4545 try=4981 kill=574 12%] pd[P=7086 try=532839 kill=131785 25%]
DEATH sh11 liveend=0 estate=2596056 reach=1730849 dyn=73054 flow=0 geom=392596
PDEV sh11 try=0 kill=0 (0.0%) BJ try=37469 kill=8556 nodes=15728640
ADAPT sh11 rp[P=8192 try=5197 kill=623 12%] pd[P=2615 try=533479 kill=132142 25%]
DEATH sh7 liveend=0 estate=2769101 reach=1850207 dyn=77790 flow=0 geom=419366
PDEV sh7 try=0 kill=0 (0.0%) BJ try=40134 kill=9195 nodes=1048576
ADAPT sh7 rp[P=8192 try=5554 kill=667 12%] pd[P=229 try=539843 kill=138333 26%]
T3[t=1775s] shard4 r0 #0 cell=(41,63) sc=50262 nodes=16000001 r=-1
DEATH sh12 liveend=0 estate=2330978 reach=1574138 dyn=65773 flow=0 geom=378312
PDEV sh12 try=0 kill=0 (0.0%) BJ try=33072 kill=6175 nodes=12582912
ADAPT sh12 rp[P=8192 try=7032 kill=1009 14%] pd[P=41 try=373292 kill=80433 22%]
DEATH sh6 liveend=0 estate=2358969 reach=1587423 dyn=75263 flow=0 geom=379817
PDEV sh6 try=0 kill=0 (0.0%) BJ try=33524 kill=6288 nodes=12582912
ADAPT sh6 rp[P=8192 try=6975 kill=994 14%] pd[P=70 try=353864 kill=76634 22%]
DEATH sh18 liveend=0 estate=2134949 reach=1425240 dyn=70713 flow=0 geom=330121
PDEV sh18 try=0 kill=0 (0.0%) BJ try=30971 kill=5997 nodes=11534336
ADAPT sh18 rp[P=8192 try=6188 kill=870 14%] pd[P=53 try=347669 kill=81720 24%]
DEATH sh9 liveend=0 estate=2416583 reach=1603052 dyn=79549 flow=0 geom=373967
PDEV sh9 try=0 kill=0 (0.0%) BJ try=35163 kill=6741 nodes=13631488
ADAPT sh9 rp[P=8192 try=4905 kill=593 12%] pd[P=94 try=397670 kill=92300 23%]
DEATH sh14 liveend=0 estate=2626980 reach=1751311 dyn=79980 flow=0 geom=398657
PDEV sh14 try=0 kill=0 (0.0%) BJ try=37510 kill=7495 nodes=15728640
ADAPT sh14 rp[P=8192 try=4255 kill=445 10%] pd[P=47 try=553285 kill=132237 24%]
DEATH sh13 liveend=0 estate=2586192 reach=1712952 dyn=87002 flow=0 geom=383809
PDEV sh13 try=0 kill=0 (0.0%) BJ try=37483 kill=7807 nodes=15728640
ADAPT sh13 rp[P=8192 try=4346 kill=469 11%] pd[P=69 try=542645 kill=135758 25%]
T3[t=1799s] shard10 r0 #0 cell=(42,70) sc=50260 nodes=16000001 r=-1
DEATH sh22 liveend=0 estate=2582300 reach=1707622 dyn=91852 flow=0 geom=380312
PDEV sh22 try=0 kill=0 (0.0%) BJ try=37483 kill=7253 nodes=15728640
ADAPT sh22 rp[P=8192 try=4135 kill=426 10%] pd[P=58 try=563383 kill=137858 24%]
T3[t=1805s] shard14 r0 #0 cell=(43,67) sc=50274 nodes=16000001 r=-1
DEATH sh15 liveend=0 estate=2346786 reach=1588285 dyn=66000 flow=0 geom=383341
PDEV sh15 try=0 kill=0 (0.0%) BJ try=33072 kill=5975 nodes=12582912
ADAPT sh15 rp[P=8192 try=10474 kill=1662 16%] pd[P=69 try=370210 kill=78637 21%]
DEATH sh24 liveend=0 estate=2343288 reach=1584351 dyn=68027 flow=0 geom=380733
PDEV sh24 try=0 kill=0 (0.0%) BJ try=33079 kill=5935 nodes=12582912
ADAPT sh24 rp[P=8192 try=7480 kill=1096 15%] pd[P=41 try=386017 kill=81657 21%]
DEATH sh3 liveend=0 estate=2629431 reach=1747713 dyn=85436 flow=0 geom=410353
PDEV sh3 try=0 kill=0 (0.0%) BJ try=38304 kill=7306 nodes=14680064
ADAPT sh3 rp[P=8192 try=6171 kill=802 13%] pd[P=132 try=402546 kill=95520 24%]
T3[t=1811s] shard11 r0 #0 cell=(42,72) sc=50267 nodes=16000001 r=-1
T3[t=1812s] shard17 r0 #0 cell=(44,66) sc=50278 nodes=16000001 r=-1
T3[t=1812s] shard13 r0 #0 cell=(43,63) sc=50269 nodes=16000001 r=-1
DEATH sh20 liveend=0 estate=2889311 reach=1923088 dyn=84075 flow=0 geom=435096
PDEV sh20 try=0 kill=0 (0.0%) BJ try=41770 kill=8872 nodes=2097152
ADAPT sh20 rp[P=6935 try=4916 kill=518 11%] pd[P=142 try=610222 kill=150798 25%]
T3[t=1821s] shard22 r0 #0 cell=(47,57) sc=50274 nodes=16000001 r=-1
DEATH sh18 liveend=0 estate=2283591 reach=1528766 dyn=70713 flow=0 geom=354823
PDEV sh18 try=0 kill=0 (0.0%) BJ try=33068 kill=6391 nodes=12582912
ADAPT sh18 rp[P=8192 try=6366 kill=884 14%] pd[P=76 try=373750 kill=87041 23%]
T3[t=1830s] shard25 r0 #0 cell=(52,64) sc=50273 nodes=16000001 r=-1
DEATH sh5 liveend=0 estate=2814923 reach=1886088 dyn=75567 flow=0 geom=434594
PDEV sh5 try=0 kill=0 (0.0%) BJ try=40094 kill=8802 nodes=1048576
ADAPT sh5 rp[P=7957 try=5191 kill=590 11%] pd[P=161 try=568309 kill=140886 25%]
DEATH sh19 liveend=0 estate=2815919 reach=1886788 dyn=76427 flow=0 geom=433319
PDEV sh19 try=0 kill=0 (0.0%) BJ try=40122 kill=8628 nodes=1048576
ADAPT sh19 rp[P=8192 try=4654 kill=497 11%] pd[P=71 try=603637 kill=148090 25%]
T3[t=1845s] shard23 r0 #0 cell=(50,56) sc=50276 nodes=16000001 r=-1
DEATH sh1 liveend=0 estate=2949454 reach=1971142 dyn=81581 flow=0 geom=452333
PDEV sh1 try=0 kill=0 (0.0%) BJ try=42198 kill=9269 nodes=2097152
ADAPT sh1 rp[P=8192 try=5190 kill=594 11%] pd[P=148 try=592801 kill=149899 25%]
DEATH sh8 liveend=0 estate=2569457 reach=1705731 dyn=86621 flow=0 geom=382302
PDEV sh8 try=0 kill=0 (0.0%) BJ try=37467 kill=7909 nodes=15728640
ADAPT sh8 rp[P=8192 try=4991 kill=593 12%] pd[P=118 try=529784 kill=134188 25%]
DEATH sh0 liveend=0 estate=2505959 reach=1696166 dyn=67517 flow=0 geom=409986
PDEV sh0 try=0 kill=0 (0.0%) BJ try=35165 kill=6473 nodes=13631488
ADAPT sh0 rp[P=6739 try=7176 kill=1035 14%] pd[P=24 try=386620 kill=83773 22%]
DEATH sh7 liveend=0 estate=2908649 reach=1944041 dyn=80465 flow=0 geom=440227
PDEV sh7 try=0 kill=0 (0.0%) BJ try=42231 kill=9704 nodes=2097152
ADAPT sh7 rp[P=6632 try=5784 kill=695 12%] pd[P=81 try=567963 kill=146419 26%]
DEATH sh6 liveend=0 estate=2500051 reach=1682583 dyn=75263 flow=0 geom=402372
PDEV sh6 try=0 kill=0 (0.0%) BJ try=35621 kill=6800 nodes=13631488
ADAPT sh6 rp[P=8192 try=7158 kill=1010 14%] pd[P=24 try=384149 kill=84817 22%]
T3[t=1865s] shard16 r0 #0 cell=(44,62) sc=50268 nodes=16000001 r=-1
DEATH sh9 liveend=0 estate=2569686 reach=1709096 dyn=79549 flow=0 geom=401827
PDEV sh9 try=0 kill=0 (0.0%) BJ try=37261 kill=7186 nodes=14680064
ADAPT sh9 rp[P=8192 try=5192 kill=628 12%] pd[P=47 try=429357 kill=99131 23%]
DEATH sh4 liveend=0 estate=2813197 reach=1886525 dyn=74038 flow=0 geom=433436
PDEV sh4 try=0 kill=0 (0.0%) BJ try=40145 kill=8869 nodes=1048576
ADAPT sh4 rp[P=8192 try=6749 kill=878 13%] pd[P=35 try=566355 kill=139487 25%]
T3[t=1875s] shard8 r0 #0 cell=(42,62) sc=50273 nodes=16000001 r=-1
DEATH sh15 liveend=0 estate=2498845 reach=1694144 dyn=66000 flow=0 geom=410986
PDEV sh15 try=0 kill=0 (0.0%) BJ try=35169 kill=6424 nodes=13631488
ADAPT sh15 rp[P=5201 try=10659 kill=1680 16%] pd[P=24 try=401752 kill=85488 21%]
DEATH sh20 liveend=0 estate=3039578 reach=2027121 dyn=84075 flow=0 geom=460432
PDEV sh20 try=0 kill=0 (0.0%) BJ try=43867 kill=9372 nodes=3145728
ADAPT sh20 rp[P=8192 try=5073 kill=526 10%] pd[P=87 try=648804 kill=160134 25%]
DEATH sh12 liveend=0 estate=2473104 reach=1668071 dyn=67630 flow=0 geom=399936
PDEV sh12 try=0 kill=0 (0.0%) BJ try=35169 kill=6678 nodes=13631488
ADAPT sh12 rp[P=7369 try=7223 kill=1028 14%] pd[P=79 try=405473 kill=88900 22%]
DEATH sh13 liveend=0 estate=2764318 reach=1833122 dyn=88128 flow=0 geom=411436
PDEV sh13 try=0 kill=0 (0.0%) BJ try=40123 kill=8510 nodes=1048576
ADAPT sh13 rp[P=5539 try=4601 kill=494 11%] pd[P=90 try=584204 kill=146968 25%]
DEATH sh18 liveend=0 estate=2435759 reach=1633498 dyn=70713 flow=0 geom=382354
PDEV sh18 try=0 kill=0 (0.0%) BJ try=35165 kill=6856 nodes=13631488
ADAPT sh18 rp[P=7369 try=6597 kill=911 14%] pd[P=106 try=404628 kill=93744 23%]
DEATH sh10 liveend=0 estate=2781727 reach=1845521 dyn=86021 flow=0 geom=415455
PDEV sh10 try=0 kill=0 (0.0%) BJ try=40123 kill=8496 nodes=1048576
ADAPT sh10 rp[P=8192 try=5931 kill=726 12%] pd[P=35 try=579846 kill=142877 25%]
DEATH sh17 liveend=0 estate=2761291 reach=1840558 dyn=80973 flow=0 geom=414004
PDEV sh17 try=0 kill=0 (0.0%) BJ try=40108 kill=8803 nodes=1048576
ADAPT sh17 rp[P=8192 try=7576 kill=1040 14%] pd[P=148 try=573528 kill=142067 25%]
DEATH sh24 liveend=0 estate=2499157 reach=1694470 dyn=68027 flow=0 geom=408955
PDEV sh24 try=0 kill=0 (0.0%) BJ try=35176 kill=6368 nodes=13631488
ADAPT sh24 rp[P=3964 try=7666 kill=1114 15%] pd[P=71 try=416578 kill=88126 21%]
DEATH sh14 liveend=0 estate=2818484 reach=1883374 dyn=80840 flow=0 geom=430504
PDEV sh14 try=0 kill=0 (0.0%) BJ try=40150 kill=8126 nodes=1048576
ADAPT sh14 rp[P=8192 try=4579 kill=483 11%] pd[P=104 try=600578 kill=143717 24%]
DEATH sh21 liveend=0 estate=2806533 reach=1908355 dyn=64835 flow=0 geom=465192
PDEV sh21 try=0 kill=0 (0.0%) BJ try=39357 kill=7314 nodes=15728640
ADAPT sh21 rp[P=8192 try=7808 kill=1121 14%] pd[P=47 try=469472 kill=100242 21%]
DEATH sh11 liveend=0 estate=2789321 reach=1864245 dyn=74237 flow=0 geom=424653
PDEV sh11 try=0 kill=0 (0.0%) BJ try=40109 kill=9175 nodes=1048576
ADAPT sh11 rp[P=8192 try=5487 kill=654 12%] pd[P=50 try=581263 kill=143771 25%]
DEATH sh5 liveend=0 estate=2954652 reach=1979505 dyn=78531 flow=0 geom=455251
PDEV sh5 try=0 kill=0 (0.0%) BJ try=42191 kill=9362 nodes=2097152
ADAPT sh5 rp[P=8192 try=5416 kill=614 11%] pd[P=71 try=596347 kill=149033 25%]
T3[t=1922s] shard21 r0 #0 cell=(43,67) sc=50265 nodes=16000001 r=-1
DEATH sh3 liveend=0 estate=2785707 reach=1859346 dyn=85436 flow=0 geom=439000
PDEV sh3 try=0 kill=0 (0.0%) BJ try=40401 kill=7753 nodes=15728640
ADAPT sh3 rp[P=8192 try=6609 kill=865 13%] pd[P=90 try=435977 kill=102602 24%]
DEATH sh2 liveend=0 estate=2805430 reach=1871381 dyn=83883 flow=0 geom=423837
PDEV sh2 try=0 kill=0 (0.0%) BJ try=40564 kill=9186 nodes=12582912
ADAPT sh2 rp[P=5615 try=5434 kill=654 12%] pd[P=35 try=556438 kill=141782 25%]
DEATH sh0 liveend=0 estate=2659709 reach=1804153 dyn=67517 flow=0 geom=438209
PDEV sh0 try=0 kill=0 (0.0%) BJ try=37263 kill=6937 nodes=14680064
ADAPT sh0 rp[P=8192 try=7438 kill=1067 14%] pd[P=190 try=415478 kill=90288 22%]
DEATH sh1 liveend=0 estate=3089833 reach=2065544 dyn=84142 flow=0 geom=473593
PDEV sh1 try=0 kill=0 (0.0%) BJ try=44295 kill=9794 nodes=3145728
ADAPT sh1 rp[P=8192 try=5423 kill=621 11%] pd[P=53 try=621395 kill=158395 25%]
DEATH sh19 liveend=0 estate=2955564 reach=1980232 dyn=78925 flow=0 geom=453958
PDEV sh19 try=0 kill=0 (0.0%) BJ try=42219 kill=9143 nodes=2097152
ADAPT sh19 rp[P=8192 try=4833 kill=513 11%] pd[P=35 try=635614 kill=157060 25%]
DEATH sh25 liveend=0 estate=2823818 reach=1894202 dyn=76499 flow=0 geom=435123
PDEV sh25 try=0 kill=0 (0.0%) BJ try=40105 kill=8640 nodes=1048576
ADAPT sh25 rp[P=8192 try=5708 kill=687 12%] pd[P=72 try=620326 kill=146811 24%]
DEATH sh16 liveend=0 estate=2763680 reach=1836752 dyn=87997 flow=0 geom=412552
PDEV sh16 try=0 kill=0 (0.0%) BJ try=40146 kill=8449 nodes=1048576
ADAPT sh16 rp[P=8192 try=4494 kill=457 10%] pd[P=50 try=584477 kill=146941 25%]
DEATH sh23 liveend=0 estate=2813448 reach=1876642 dyn=83965 flow=0 geom=426201
PDEV sh23 try=0 kill=0 (0.0%) BJ try=40160 kill=7763 nodes=1048576
ADAPT sh23 rp[P=5616 try=5467 kill=655 12%] pd[P=58 try=622002 kill=146645 24%]
DEATH sh22 liveend=0 estate=2775421 reach=1841386 dyn=92939 flow=0 geom=412504
PDEV sh22 try=0 kill=0 (0.0%) BJ try=40123 kill=7872 nodes=1048576
ADAPT sh22 rp[P=8192 try=4400 kill=453 10%] pd[P=69 try=611994 kill=149293 24%]
T3[t=1951s] shard3 r0 #6 cell=(35,69) sc=50270 nodes=16000001 r=-1
DEATH sh7 liveend=0 estate=3049323 reach=2037779 dyn=83473 flow=0 geom=460896
PDEV sh7 try=0 kill=0 (0.0%) BJ try=44328 kill=10249 nodes=3145728
ADAPT sh7 rp[P=5966 try=6041 kill=725 12%] pd[P=251 try=596819 kill=154932 26%]
DEATH sh9 liveend=0 estate=2723174 reach=1817065 dyn=79549 flow=0 geom=430005
PDEV sh9 try=0 kill=0 (0.0%) BJ try=39358 kill=7605 nodes=15728640
ADAPT sh9 rp[P=8192 try=5380 kill=644 12%] pd[P=110 try=460879 kill=105890 23%]
DEATH sh15 liveend=0 estate=2652882 reach=1800972 dyn=66000 flow=0 geom=438954
PDEV sh15 try=0 kill=0 (0.0%) BJ try=37267 kill=6886 nodes=14680064
ADAPT sh15 rp[P=8192 try=10897 kill=1708 16%] pd[P=44 try=432819 kill=92176 21%]
DEATH sh6 liveend=0 estate=2642150 reach=1776740 dyn=77220 flow=0 geom=424103
PDEV sh6 try=0 kill=0 (0.0%) BJ try=37719 kill=7332 nodes=14680064
ADAPT sh6 rp[P=8192 try=7331 kill=1023 14%] pd[P=47 try=414318 kill=93080 22%]
DEATH sh10 liveend=0 estate=2928998 reach=1946391 dyn=86021 flow=0 geom=439187
PDEV sh10 try=0 kill=0 (0.0%) BJ try=42220 kill=8955 nodes=2097152
ADAPT sh10 rp[P=8192 try=6117 kill=742 12%] pd[P=176 try=614893 kill=151152 25%]
DEATH sh4 liveend=0 estate=2953563 reach=1980736 dyn=77014 flow=0 geom=454328
PDEV sh4 try=0 kill=0 (0.0%) BJ try=42242 kill=9421 nodes=2097152
ADAPT sh4 rp[P=7830 try=7213 kill=948 13%] pd[P=69 try=593537 kill=147539 25%]
DEATH sh14 liveend=0 estate=2965039 reach=1983853 dyn=80840 flow=0 geom=454731
PDEV sh14 try=0 kill=0 (0.0%) BJ try=42247 kill=8583 nodes=2097152
ADAPT sh14 rp[P=8192 try=4746 kill=494 10%] pd[P=65 try=636337 kill=152352 24%]
DEATH sh20 liveend=0 estate=3192233 reach=2132257 dyn=84928 flow=0 geom=485643
PDEV sh20 try=0 kill=0 (0.0%) BJ try=45964 kill=9883 nodes=4194304
ADAPT sh20 rp[P=8192 try=5247 kill=539 10%] pd[P=122 try=687320 kill=169435 25%]
DEATH sh18 liveend=0 estate=2588433 reach=1738717 dyn=70713 flow=0 geom=410055
PDEV sh18 try=0 kill=0 (0.0%) BJ try=37263 kill=7282 nodes=14680064
ADAPT sh18 rp[P=8192 try=6760 kill=921 14%] pd[P=80 try=436008 kill=100518 23%]
DEATH sh24 liveend=0 estate=2651541 reach=1798773 dyn=68027 flow=0 geom=436303
PDEV sh24 try=0 kill=0 (0.0%) BJ try=37274 kill=6801 nodes=14680064
ADAPT sh24 rp[P=8192 try=7860 kill=1130 14%] pd[P=151 try=449196 kill=95162 21%]
DEATH sh8 liveend=0 estate=2759764 reach=1836873 dyn=87229 flow=0 geom=413755
PDEV sh8 try=0 kill=0 (0.0%) BJ try=40107 kill=8548 nodes=1048576
ADAPT sh8 rp[P=8192 try=5251 kill=619 12%] pd[P=65 try=576189 kill=145686 25%]
DEATH sh12 liveend=0 estate=2614778 reach=1763364 dyn=67857 flow=0 geom=422343
PDEV sh12 try=0 kill=0 (0.0%) BJ try=37267 kill=7178 nodes=14680064
ADAPT sh12 rp[P=8192 try=7395 kill=1040 14%] pd[P=38 try=439176 kill=97751 22%]
T3[t=1989s] shard9 r0 #0 cell=(35,69) sc=50265 nodes=16000001 r=-1
DEATH sh13 liveend=0 estate=2904507 reach=1927737 dyn=91092 flow=0 geom=432378
PDEV sh13 try=0 kill=0 (0.0%) BJ try=42220 kill=9041 nodes=2097152
ADAPT sh13 rp[P=8192 try=4890 kill=528 11%] pd[P=241 try=615280 kill=155690 25%]
DEATH sh11 liveend=0 estate=2939018 reach=1967467 dyn=74237 flow=0 geom=449836
PDEV sh11 try=0 kill=0 (0.0%) BJ try=42206 kill=9649 nodes=2097152
ADAPT sh11 rp[P=8192 try=5640 kill=661 12%] pd[P=268 try=619489 kill=153179 25%]
DEATH sh2 liveend=0 estate=2956626 reach=1975621 dyn=83883 flow=0 geom=449610
PDEV sh2 try=0 kill=0 (0.0%) BJ try=42661 kill=9702 nodes=13631488
ADAPT sh2 rp[P=7369 try=5626 kill=671 12%] pd[P=79 try=591728 kill=150440 25%]
DEATH sh0 liveend=0 estate=2813061 reach=1910380 dyn=67517 flow=0 geom=466099
PDEV sh0 try=0 kill=0 (0.0%) BJ try=39360 kill=7378 nodes=15728640
ADAPT sh0 rp[P=8192 try=7624 kill=1083 14%] pd[P=294 try=444515 kill=96784 22%]
DEATH sh17 liveend=0 estate=2900700 reach=1933518 dyn=83802 flow=0 geom=434409
PDEV sh17 try=0 kill=0 (0.0%) BJ try=42205 kill=9322 nodes=2097152
ADAPT sh17 rp[P=8192 try=7939 kill=1089 14%] pd[P=121 try=604353 kill=150669 25%]
DEATH sh1 liveend=0 estate=3229338 reach=2159903 dyn=84283 flow=0 geom=495360
PDEV sh1 try=0 kill=0 (0.0%) BJ try=46392 kill=10342 nodes=4194304
ADAPT sh1 rp[P=8192 try=5645 kill=647 11%] pd[P=80 try=652100 kill=167231 26%]
DEATH sh5 liveend=0 estate=3094923 reach=2073806 dyn=81810 flow=0 geom=476084
PDEV sh5 try=0 kill=0 (0.0%) BJ try=44288 kill=9905 nodes=3145728
ADAPT sh5 rp[P=7203 try=5745 kill=661 12%] pd[P=494 try=624924 kill=157409 25%]
DEATH sh25 liveend=0 estate=2972629 reach=1997019 dyn=76499 flow=0 geom=460051
PDEV sh25 try=0 kill=0 (0.0%) BJ try=42202 kill=9136 nodes=2097152
ADAPT sh25 rp[P=8192 try=5869 kill=697 12%] pd[P=105 try=659526 kill=156031 24%]
T3[t=2021s] shard0 r0 #0 cell=(37,65) sc=50257 nodes=16000001 r=-1
DEATH sh7 liveend=0 estate=3188626 reach=2132277 dyn=83473 flow=0 geom=482756
PDEV sh7 try=0 kill=0 (0.0%) BJ try=46425 kill=10816 nodes=4194304
ADAPT sh7 rp[P=8192 try=6251 kill=747 12%] pd[P=232 try=627607 kill=163879 26%]
DEATH sh22 liveend=0 estate=2925226 reach=1944218 dyn=92939 flow=0 geom=437495
PDEV sh22 try=0 kill=0 (0.0%) BJ try=42220 kill=8325 nodes=2097152
ADAPT sh22 rp[P=7830 try=4566 kill=465 10%] pd[P=129 try=650458 kill=158387 24%]
DEATH sh10 liveend=0 estate=3078447 reach=2048976 dyn=86021 flow=0 geom=464127
PDEV sh10 try=0 kill=0 (0.0%) BJ try=44317 kill=9425 nodes=3145728
ADAPT sh10 rp[P=8192 try=6264 kill=748 12%] pd[P=49 try=651628 kill=160090 25%]
DEATH sh15 liveend=0 estate=2804388 reach=1904806 dyn=66000 flow=0 geom=466329
PDEV sh15 try=0 kill=0 (0.0%) BJ try=39364 kill=7308 nodes=15728640
ADAPT sh15 rp[P=8192 try=11100 kill=1729 16%] pd[P=58 try=464451 kill=98965 21%]
DEATH sh3 liveend=0 estate=2968492 reach=1983645 dyn=86086 flow=0 geom=468779
PDEV sh3 try=0 kill=0 (0.0%) BJ try=43041 kill=8410 nodes=1048576
ADAPT sh3 rp[P=8192 try=7216 kill=958 13%] pd[P=200 try=472941 kill=112085 24%]
DEATH sh20 liveend=0 estate=3339504 reach=2233029 dyn=84928 flow=0 geom=509870
PDEV sh20 try=0 kill=0 (0.0%) BJ try=48061 kill=10381 nodes=5242880
ADAPT sh20 rp[P=8192 try=5398 kill=546 10%] pd[P=33 try=723625 kill=178091 25%]
DEATH sh8 liveend=0 estate=2906528 reach=1937430 dyn=87229 flow=0 geom=437577
PDEV sh8 try=0 kill=0 (0.0%) BJ try=42204 kill=9005 nodes=2097152
ADAPT sh8 rp[P=8192 try=5427 kill=632 12%] pd[P=157 try=610869 kill=153945 25%]
T3[t=2056s] shard15 r0 #0 cell=(42,66) sc=50277 nodes=16000001 r=-1
DEATH sh24 liveend=0 estate=2803750 reach=1903475 dyn=68027 flow=0 geom=463208
PDEV sh24 try=0 kill=0 (0.0%) BJ try=39371 kill=7232 nodes=15728640
ADAPT sh24 rp[P=8192 try=8048 kill=1147 14%] pd[P=137 try=480659 kill=101880 21%]
DEATH sh18 liveend=0 estate=2741934 reach=1845057 dyn=70713 flow=0 geom=437856
PDEV sh18 try=0 kill=0 (0.0%) BJ try=39360 kill=7713 nodes=15728640
ADAPT sh18 rp[P=8192 try=6924 kill=932 13%] pd[P=26 try=467817 kill=107409 23%]
DEATH sh14 liveend=0 estate=3115785 reach=2088223 dyn=80852 flow=0 geom=480136
PDEV sh14 try=0 kill=0 (0.0%) BJ try=44344 kill=9030 nodes=3145728
ADAPT sh14 rp[P=8192 try=4933 kill=510 10%] pd[P=50 try=675322 kill=161880 24%]
DEATH sh11 liveend=0 estate=3087065 reach=2069459 dyn=74262 flow=0 geom=474510
PDEV sh11 try=0 kill=0 (0.0%) BJ try=44303 kill=10134 nodes=3145728
ADAPT sh11 rp[P=8192 try=5819 kill=676 12%] pd[P=80 try=655164 kill=161712 25%]
T3[t=2070s] shard24 r0 #0 cell=(44,66) sc=50275 nodes=16000001 r=-1
T3[t=2084s] shard18 r0 #0 cell=(42,72) sc=50254 nodes=16000001 r=-1
DEATH sh13 liveend=0 estate=3043921 reach=2020329 dyn=93814 flow=0 geom=452677
PDEV sh13 try=0 kill=0 (0.0%) BJ try=44317 kill=9560 nodes=3145728
ADAPT sh13 rp[P=8192 try=5218 kill=568 11%] pd[P=26 try=646478 kill=164273 25%]
DEATH sh5 liveend=0 estate=3234706 reach=2167866 dyn=81960 flow=0 geom=497786
PDEV sh5 try=0 kill=0 (0.0%) BJ try=46385 kill=10455 nodes=4194304
ADAPT sh5 rp[P=8192 try=5922 kill=673 11%] pd[P=24 try=655203 kill=166320 25%]
T3[t=2094s] shard6 r0 #3 cell=(35,69) sc=50267 nodes=16000001 r=-1
DEATH sh22 liveend=0 estate=3071439 reach=2044212 dyn=92939 flow=0 geom=460870
PDEV sh22 try=0 kill=0 (0.0%) BJ try=44317 kill=8741 nodes=3145728
ADAPT sh22 rp[P=8192 try=4735 kill=477 10%] pd[P=28 try=687062 kill=166897 24%]
DEATH sh25 liveend=0 estate=3122452 reach=2100475 dyn=76524 flow=0 geom=485053
PDEV sh25 try=0 kill=0 (0.0%) BJ try=44299 kill=9593 nodes=3145728
ADAPT sh25 rp[P=5795 try=6073 kill=719 12%] pd[P=33 try=698123 kill=165206 24%]
DEATH sh23 liveend=0 estate=3109113 reach=2079368 dyn=83965 flow=0 geom=474379
PDEV sh23 try=0 kill=0 (0.0%) BJ try=44354 kill=8675 nodes=3145728
ADAPT sh23 rp[P=8192 try=5862 kill=693 12%] pd[P=117 try=697671 kill=164199 24%]
DEATH sh12 liveend=0 estate=2756650 reach=1857012 dyn=69995 flow=0 geom=443815
PDEV sh12 try=0 kill=0 (0.0%) BJ try=39364 kill=7673 nodes=15728640
ADAPT sh12 rp[P=8192 try=7566 kill=1052 14%] pd[P=90 try=471638 kill=106250 23%]
T3[t=2103s] shard1 r0 #1 cell=(35,69) sc=50258 nodes=4724061 r=0
DEATH sh17 liveend=0 estate=3041189 reach=2027274 dyn=87206 flow=0 geom=455126
PDEV sh17 try=0 kill=0 (0.0%) BJ try=44302 kill=9859 nodes=3145728
ADAPT sh17 rp[P=8192 try=8613 kill=1197 14%] pd[P=65 try=634209 kill=158999 25%]
DEATH sh2 liveend=0 estate=3110381 reach=2081374 dyn=84988 flow=0 geom=475120
PDEV sh2 try=0 kill=0 (0.0%) BJ try=44759 kill=10200 nodes=14680064
ADAPT sh2 rp[P=8192 try=5784 kill=680 12%] pd[P=121 try=628144 kill=159148 25%]
DEATH sh19 liveend=0 estate=3234735 reach=2168347 dyn=81062 flow=0 geom=496633
PDEV sh19 try=0 kill=0 (0.0%) BJ try=46413 kill=10221 nodes=4194304
ADAPT sh19 rp[P=8192 try=5183 kill=539 10%] pd[P=45 try=702264 kill=175611 25%]
DEATH sh8 liveend=0 estate=3056002 reach=2040017 dyn=87229 flow=0 geom=462523
PDEV sh8 try=0 kill=0 (0.0%) BJ try=44301 kill=9460 nodes=3145728
ADAPT sh8 rp[P=8192 try=5607 kill=647 12%] pd[P=50 try=647706 kill=162725 25%]
DEATH sh21 liveend=0 estate=3153389 reach=2151239 dyn=65224 flow=0 geom=526668
PDEV sh21 try=0 kill=0 (0.0%) BJ try=44094 kill=8312 nodes=2097152
ADAPT sh21 rp[P=7369 try=9017 kill=1309 15%] pd[P=166 try=539639 kill=115223 21%]
DEATH sh4 liveend=0 estate=3233052 reach=2169666 dyn=79322 flow=0 geom=497496
PDEV sh4 try=0 kill=0 (0.0%) BJ try=46436 kill=10517 nodes=4194304
ADAPT sh4 rp[P=8192 try=7841 kill=1025 13%] pd[P=244 try=652384 kill=164668 25%]
T3[t=2128s] shard12 r0 #0 cell=(41,67) sc=50259 nodes=16000001 r=-1
DEATH sh20 liveend=0 estate=3489236 reach=2336558 dyn=84928 flow=0 geom=535004
PDEV sh20 try=0 kill=0 (0.0%) BJ try=50158 kill=10855 nodes=6291456
ADAPT sh20 rp[P=7369 try=5602 kill=567 10%] pd[P=87 try=761701 kill=187437 25%]
DEATH sh10 liveend=0 estate=3229280 reach=2152719 dyn=87165 flow=0 geom=489112
PDEV sh10 try=0 kill=0 (0.0%) BJ try=46414 kill=9892 nodes=4194304
ADAPT sh10 rp[P=8192 try=6434 kill=761 12%] pd[P=58 try=687660 kill=168711 25%]
DEATH sh9 liveend=0 estate=2923330 reach=1960125 dyn=79835 flow=0 geom=465973
PDEV sh9 try=0 kill=0 (0.0%) BJ try=41998 kill=8180 nodes=1048576
ADAPT sh9 rp[P=8192 try=6427 kill=819 13%] pd[P=385 try=501425 kill=114453 23%]
DEATH sh7 liveend=0 estate=3339011 reach=2233198 dyn=87978 flow=0 geom=505536
PDEV sh7 try=0 kill=0 (0.0%) BJ try=48522 kill=11277 nodes=5242880
ADAPT sh7 rp[P=8192 try=6462 kill=767 12%] pd[P=39 try=660790 kill=172238 26%]
DEATH sh3 liveend=0 estate=3111485 reach=2078453 dyn=88182 flow=0 geom=490788
PDEV sh3 try=0 kill=0 (0.0%) BJ try=45138 kill=8974 nodes=2097152
ADAPT sh3 rp[P=8192 try=7398 kill=973 13%] pd[P=106 try=502822 kill=120376 24%]
DEATH sh24 liveend=0 estate=2982202 reach=2023459 dyn=68307 flow=0 geom=490969
PDEV sh24 try=0 kill=0 (0.0%) BJ try=42011 kill=7845 nodes=1048576
ADAPT sh24 rp[P=8192 try=8475 kill=1201 14%] pd[P=45 try=521221 kill=111678 21%]
DEATH sh0 liveend=0 estate=3010627 reach=2050691 dyn=67824 flow=0 geom=501707
PDEV sh0 try=0 kill=0 (0.0%) BJ try=42000 kill=7954 nodes=1048576
ADAPT sh0 rp[P=8192 try=8574 kill=1237 14%] pd[P=90 try=483701 kill=105152 22%]
DEATH sh13 liveend=0 estate=3183029 reach=2114178 dyn=93814 flow=0 geom=474250
PDEV sh13 try=0 kill=0 (0.0%) BJ try=46414 kill=10098 nodes=4194304
ADAPT sh13 rp[P=8192 try=5394 kill=582 11%] pd[P=118 try=679849 kill=173607 26%]
DEATH sh18 liveend=0 estate=2921712 reach=1965227 dyn=71087 flow=0 geom=466507
PDEV sh18 try=0 kill=0 (0.0%) BJ try=42000 kill=8347 nodes=1048576
ADAPT sh18 rp[P=6735 try=7120 kill=943 13%] pd[P=65 try=508765 kill=117809 23%]
DEATH sh5 liveend=0 estate=3373651 reach=2260929 dyn=84467 flow=0 geom=518455
PDEV sh5 try=0 kill=0 (0.0%) BJ try=48482 kill=10959 nodes=5242880
ADAPT sh5 rp[P=8192 try=6123 kill=692 11%] pd[P=96 try=683252 kill=174528 26%]
DEATH sh11 liveend=0 estate=3243301 reach=2176459 dyn=76051 flow=0 geom=499896
PDEV sh11 try=0 kill=0 (0.0%) BJ try=46400 kill=10631 nodes=4194304
ADAPT sh11 rp[P=8192 try=6053 kill=703 12%] pd[P=38 try=694709 kill=171205 25%]
T3[t=2187s] shard2 r0 #1 cell=(36,58) sc=50277 nodes=16000001 r=-1
DEATH sh1 liveend=0 estate=3435510 reach=2294070 dyn=92933 flow=0 geom=523752
PDEV sh1 try=0 kill=0 (0.0%) BJ try=49549 kill=11055 nodes=1048576
ADAPT sh1 rp[P=8192 try=6232 kill=731 12%] pd[P=86 try=689203 kill=177980 26%]
DEATH sh17 liveend=0 estate=3179899 reach=2121117 dyn=87206 flow=0 geom=476665
PDEV sh17 try=0 kill=0 (0.0%) BJ try=46399 kill=10361 nodes=4194304
ADAPT sh17 rp[P=8192 try=8809 kill=1216 14%] pd[P=47 try=668380 kill=168456 25%]
DEATH sh21 liveend=0 estate=3306766 reach=2256654 dyn=65224 flow=0 geom=554309
PDEV sh21 try=0 kill=0 (0.0%) BJ try=46191 kill=8743 nodes=3145728
ADAPT sh21 rp[P=7955 try=9204 kill=1326 14%] pd[P=60 try=570902 kill=122041 21%]
DEATH sh14 liveend=0 estate=3272525 reach=2194758 dyn=83645 flow=0 geom=505076
PDEV sh14 try=0 kill=0 (0.0%) BJ try=46441 kill=9481 nodes=4194304
ADAPT sh14 rp[P=8192 try=5200 kill=545 10%] pd[P=90 try=712597 kill=170807 24%]
DEATH sh7 liveend=0 estate=3486632 reach=2334687 dyn=87978 flow=0 geom=530158
PDEV sh7 try=0 kill=0 (0.0%) BJ try=50619 kill=11764 nodes=6291456
ADAPT sh7 rp[P=8192 try=6607 kill=772 12%] pd[P=26 try=694695 kill=180534 26%]
DEATH sh10 liveend=0 estate=3378873 reach=2255324 dyn=87165 flow=0 geom=514151
PDEV sh10 try=0 kill=0 (0.0%) BJ try=48511 kill=10396 nodes=5242880
ADAPT sh10 rp[P=8192 try=6623 kill=778 12%] pd[P=234 try=725040 kill=177718 25%]
DEATH sh22 liveend=0 estate=3224471 reach=2149695 dyn=93675 flow=0 geom=486282
PDEV sh22 try=0 kill=0 (0.0%) BJ try=46414 kill=9197 nodes=4194304
ADAPT sh22 rp[P=6631 try=4909 kill=492 10%] pd[P=53 try=726193 kill=176106 24%]
DEATH sh25 liveend=0 estate=3277540 reach=2207421 dyn=78039 flow=0 geom=510485
PDEV sh25 try=0 kill=0 (0.0%) BJ try=46396 kill=10064 nodes=4194304
ADAPT sh25 rp[P=5887 try=6256 kill=734 12%] pd[P=33 try=737769 kill=174655 24%]
DEATH sh15 liveend=0 estate=2999385 reach=2041696 dyn=68012 flow=0 geom=500890
PDEV sh15 try=0 kill=0 (0.0%) BJ try=42004 kill=7873 nodes=1048576
ADAPT sh15 rp[P=5978 try=11643 kill=1811 16%] pd[P=44 try=502063 kill=106858 21%]
DEATH sh9 liveend=0 estate=3075445 reach=2064711 dyn=79835 flow=0 geom=493413
PDEV sh9 try=0 kill=0 (0.0%) BJ try=44095 kill=8627 nodes=2097152
ADAPT sh9 rp[P=7830 try=6639 kill=842 13%] pd[P=58 try=532814 kill=121187 23%]
DEATH sh4 liveend=0 estate=3372702 reach=2262109 dyn=82961 flow=0 geom=517654
PDEV sh4 try=0 kill=0 (0.0%) BJ try=48533 kill=10998 nodes=5242880
ADAPT sh4 rp[P=8192 try=8002 kill=1035 13%] pd[P=24 try=680249 kill=172746 25%]
DEATH sh3 liveend=0 estate=3252562 reach=2173663 dyn=88182 flow=0 geom=513387
PDEV sh3 try=0 kill=0 (0.0%) BJ try=47235 kill=9489 nodes=3145728
ADAPT sh3 rp[P=8192 try=7572 kill=987 13%] pd[P=52 try=532782 kill=128526 24%]
DEATH sh19 liveend=0 estate=3383080 reach=2269061 dyn=83625 flow=0 geom=520055
PDEV sh19 try=0 kill=0 (0.0%) BJ try=48510 kill=10689 nodes=5242880
ADAPT sh19 rp[P=8192 try=5527 kill=583 11%] pd[P=86 try=736264 kill=183894 25%]
DEATH sh16 liveend=0 estate=3181909 reach=2117881 dyn=93203 flow=0 geom=475630
PDEV sh16 try=0 kill=0 (0.0%) BJ try=46437 kill=10073 nodes=4194304
ADAPT sh16 rp[P=8192 try=5091 kill=513 10%] pd[P=42 try=681598 kill=173896 26%]
DEATH sh23 liveend=0 estate=3265443 reach=2186333 dyn=85481 flow=0 geom=499977
PDEV sh23 try=0 kill=0 (0.0%) BJ try=46451 kill=9145 nodes=4194304
ADAPT sh23 rp[P=8192 try=6023 kill=703 12%] pd[P=66 try=736778 kill=173582 24%]
DEATH sh0 liveend=0 estate=3164189 reach=2158185 dyn=67824 flow=0 geom=529629
PDEV sh0 try=0 kill=0 (0.0%) BJ try=44097 kill=8419 nodes=2097152
ADAPT sh0 rp[P=8192 try=8740 kill=1248 14%] pd[P=178 try=512807 kill=111658 22%]
DEATH sh6 liveend=0 estate=3124076 reach=2109833 dyn=79495 flow=0 geom=503181
PDEV sh6 try=0 kill=0 (0.0%) BJ try=44553 kill=8862 nodes=2097152
ADAPT sh6 rp[P=8192 try=8253 kill=1133 14%] pd[P=179 try=506519 kill=114465 23%]
DEATH sh20 liveend=0 estate=3646886 reach=2444658 dyn=86591 flow=0 geom=560672
PDEV sh20 try=0 kill=0 (0.0%) BJ try=52256 kill=11344 nodes=7340032
ADAPT sh20 rp[P=8192 try=5823 kill=591 10%] pd[P=90 try=801153 kill=197096 25%]
DEATH sh11 liveend=0 estate=3392793 reach=2279334 dyn=76051 flow=0 geom=524972
PDEV sh11 try=0 kill=0 (0.0%) BJ try=48497 kill=11113 nodes=5242880
ADAPT sh11 rp[P=8192 try=6192 kill=707 11%] pd[P=47 try=731641 kill=180161 25%]
DEATH sh2 liveend=0 estate=3444843 reach=2310249 dyn=85305 flow=0 geom=529940
PDEV sh2 try=0 kill=0 (0.0%) BJ try=49496 kill=11305 nodes=1048576
ADAPT sh2 rp[P=8192 try=6240 kill=726 12%] pd[P=90 try=704239 kill=177634 25%]
DEATH sh10 liveend=0 estate=3525560 reach=2356090 dyn=87165 flow=0 geom=537922
PDEV sh10 try=0 kill=0 (0.0%) BJ try=50608 kill=10855 nodes=6291456
ADAPT sh10 rp[P=8192 try=6786 kill=788 12%] pd[P=53 try=759357 kill=185768 24%]
DEATH sh21 liveend=0 estate=3459005 reach=2361025 dyn=65224 flow=0 geom=581792
PDEV sh21 try=0 kill=0 (0.0%) BJ try=48288 kill=9180 nodes=4194304
ADAPT sh21 rp[P=8192 try=9384 kill=1341 14%] pd[P=58 try=602234 kill=128857 21%]
DEATH sh5 liveend=0 estate=3513960 reach=2354912 dyn=87435 flow=0 geom=539279
PDEV sh5 try=0 kill=0 (0.0%) BJ try=50579 kill=11482 nodes=6291456
ADAPT sh5 rp[P=8192 try=6311 kill=709 11%] pd[P=103 try=712850 kill=183228 26%]
DEATH sh7 liveend=0 estate=3637089 reach=2438745 dyn=87978 flow=0 geom=555740
PDEV sh7 try=0 kill=0 (0.0%) BJ try=52717 kill=12285 nodes=7340032
ADAPT sh7 rp[P=8192 try=6764 kill=780 12%] pd[P=30 try=730795 kill=189609 26%]
DEATH sh1 liveend=0 estate=3574594 reach=2387963 dyn=95528 flow=0 geom=544517
PDEV sh1 try=0 kill=0 (0.0%) BJ try=51646 kill=11611 nodes=2097152
ADAPT sh1 rp[P=7369 try=6610 kill=785 12%] pd[P=157 try=716603 kill=185972 26%]
DEATH sh9 liveend=0 estate=3227709 reach=2169144 dyn=79835 flow=0 geom=520960
PDEV sh9 try=0 kill=0 (0.0%) BJ try=46192 kill=9110 nodes=3145728
ADAPT sh9 rp[P=8192 try=6858 kill=865 13%] pd[P=35 try=564205 kill=127908 23%]
DEATH sh13 liveend=0 estate=3331139 reach=2215156 dyn=96455 flow=0 geom=497746
PDEV sh13 try=0 kill=0 (0.0%) BJ try=48511 kill=10596 nodes=5242880
ADAPT sh13 rp[P=8192 try=5615 kill=605 11%] pd[P=28 try=714255 kill=181952 25%]
DEATH sh14 liveend=0 estate=3423022 reach=2298807 dyn=83645 flow=0 geom=530358
PDEV sh14 try=0 kill=0 (0.0%) BJ try=48538 kill=9960 nodes=5242880
ADAPT sh14 rp[P=8192 try=5374 kill=559 10%] pd[P=58 try=751602 kill=180345 24%]
DEATH sh22 liveend=0 estate=3374300 reach=2253014 dyn=93675 flow=0 geom=511351
PDEV sh22 try=0 kill=0 (0.0%) BJ try=48511 kill=9639 nodes=5242880
ADAPT sh22 rp[P=8192 try=5048 kill=494 10%] pd[P=43 try=764996 kill=185271 24%]
DEATH sh12 liveend=0 estate=2952026 reach=1994632 dyn=70785 flow=0 geom=477864
PDEV sh12 try=0 kill=0 (0.0%) BJ try=42004 kill=8255 nodes=1048576
ADAPT sh12 rp[P=8192 try=8335 kill=1177 14%] pd[P=34 try=512909 kill=115356 22%]
DEATH sh24 liveend=0 estate=3123925 reach=2116023 dyn=70821 flow=0 geom=511936
PDEV sh24 try=0 kill=0 (0.0%) BJ try=44108 kill=8363 nodes=2097152
ADAPT sh24 rp[P=8192 try=8653 kill=1214 14%] pd[P=44 try=555674 kill=120391 22%]
DEATH sh18 liveend=0 estate=3064196 reach=2059846 dyn=72706 flow=0 geom=488603
PDEV sh18 try=0 kill=0 (0.0%) BJ try=44097 kill=8885 nodes=2097152
ADAPT sh18 rp[P=8192 try=7296 kill=956 13%] pd[P=61 try=541857 kill=126584 23%]
DEATH sh6 liveend=0 estate=3273884 reach=2214625 dyn=79495 flow=0 geom=528189
PDEV sh6 try=0 kill=0 (0.0%) BJ try=46650 kill=9285 nodes=3145728
ADAPT sh6 rp[P=8192 try=8431 kill=1148 14%] pd[P=30 try=532400 kill=119746 22%]
DEATH sh19 liveend=0 estate=3531910 reach=2370894 dyn=83625 flow=0 geom=544393
PDEV sh19 try=0 kill=0 (0.0%) BJ try=50607 kill=11176 nodes=6291456
ADAPT sh19 rp[P=7369 try=5693 kill=594 10%] pd[P=53 try=771671 kill=192288 25%]
DEATH sh17 liveend=0 estate=3331194 reach=2224638 dyn=89306 flow=0 geom=501038
PDEV sh17 try=0 kill=0 (0.0%) BJ try=48496 kill=10806 nodes=5242880
ADAPT sh17 rp[P=8192 try=8991 kill=1231 14%] pd[P=98 try=704081 kill=177105 25%]
DEATH sh8 liveend=0 estate=3358256 reach=2247238 dyn=88527 flow=0 geom=512212
PDEV sh8 try=0 kill=0 (0.0%) BJ try=48495 kill=10369 nodes=5242880
ADAPT sh8 rp[P=8192 try=5946 kill=673 11%] pd[P=69 try=721187 kill=180390 25%]
DEATH sh3 liveend=0 estate=3395313 reach=2269202 dyn=90154 flow=0 geom=535707
PDEV sh3 try=0 kill=0 (0.0%) BJ try=49332 kill=10003 nodes=4194304
ADAPT sh3 rp[P=8192 try=7735 kill=996 13%] pd[P=52 try=562678 kill=136711 24%]
DEATH sh11 liveend=0 estate=3541029 reach=2381374 dyn=76051 flow=0 geom=549786
PDEV sh11 try=0 kill=0 (0.0%) BJ try=50594 kill=11593 nodes=6291456
ADAPT sh11 rp[P=7156 try=6362 kill=720 11%] pd[P=66 try=767499 kill=188926 25%]
DEATH sh9 liveend=0 estate=3376589 reach=2273124 dyn=79835 flow=0 geom=545564
PDEV sh9 try=0 kill=0 (0.0%) BJ try=48289 kill=9531 nodes=4194304
ADAPT sh9 rp[P=8192 try=7016 kill=873 12%] pd[P=130 try=591361 kill=133437 23%]
DEATH sh20 liveend=0 estate=3795784 reach=2547450 dyn=86591 flow=0 geom=585458
PDEV sh20 try=0 kill=0 (0.0%) BJ try=54353 kill=11794 nodes=8388608
ADAPT sh20 rp[P=8192 try=5985 kill=601 10%] pd[P=137 try=838720 kill=206027 25%]
DEATH sh2 liveend=0 estate=3595373 reach=2414443 dyn=85305 flow=0 geom=555601
PDEV sh2 try=0 kill=0 (0.0%) BJ try=51593 kill=11784 nodes=2097152
ADAPT sh2 rp[P=8192 try=6402 kill=736 11%] pd[P=105 try=740651 kill=186681 25%]
DEATH sh15 liveend=0 estate=3158211 reach=2155298 dyn=68012 flow=0 geom=529756
PDEV sh15 try=0 kill=0 (0.0%) BJ try=44101 kill=8296 nodes=2097152
ADAPT sh15 rp[P=8192 try=11851 kill=1832 15%] pd[P=81 try=533367 kill=113474 21%]
DEATH sh21 liveend=0 estate=3613213 reach=2467356 dyn=65224 flow=0 geom=609724
PDEV sh21 try=0 kill=0 (0.0%) BJ try=50385 kill=9621 nodes=5242880
ADAPT sh21 rp[P=8192 try=9576 kill=1359 14%] pd[P=87 try=632924 kill=135439 21%]
DEATH sh13 liveend=0 estate=3479106 reach=2317143 dyn=96455 flow=0 geom=521878
PDEV sh13 try=0 kill=0 (0.0%) BJ try=50608 kill=11080 nodes=6291456
ADAPT sh13 rp[P=8192 try=5777 kill=615 11%] pd[P=65 try=749945 kill=190332 25%]
DEATH sh25 liveend=0 estate=3574760 reach=2411680 dyn=78039 flow=0 geom=559886
PDEV sh25 try=0 kill=0 (0.0%) BJ try=50590 kill=11008 nodes=6291456
ADAPT sh25 rp[P=6631 try=6606 kill=762 12%] pd[P=47 try=813530 kill=192697 24%]
DEATH sh22 liveend=0 estate=3520947 reach=2353319 dyn=93675 flow=0 geom=534776
PDEV sh22 try=0 kill=0 (0.0%) BJ try=50608 kill=10093 nodes=6291456
ADAPT sh22 rp[P=7955 try=5196 kill=500 10%] pd[P=28 try=800818 kill=193614 24%]
DEATH sh5 liveend=0 estate=3653557 reach=2449231 dyn=88714 flow=0 geom=560701
PDEV sh5 try=0 kill=0 (0.0%) BJ try=52677 kill=12028 nodes=7340032
ADAPT sh5 rp[P=8192 try=6556 kill=739 11%] pd[P=3474 try=742534 kill=191899 26%]
DEATH sh14 liveend=0 estate=3570411 reach=2399553 dyn=83645 flow=0 geom=554667
PDEV sh14 try=0 kill=0 (0.0%) BJ try=50635 kill=10391 nodes=6291456
ADAPT sh14 rp[P=8192 try=5548 kill=572 10%] pd[P=105 try=788001 kill=189030 24%]
DEATH sh10 liveend=0 estate=3678554 reach=2462045 dyn=87165 flow=0 geom=563699
PDEV sh10 try=0 kill=0 (0.0%) BJ try=52706 kill=11345 nodes=7340032
ADAPT sh10 rp[P=8192 try=6946 kill=797 11%] pd[P=38 try=798754 kill=195156 24%]
DEATH sh16 liveend=0 estate=3335080 reach=2222167 dyn=95752 flow=0 geom=500001
PDEV sh16 try=0 kill=0 (0.0%) BJ try=48534 kill=10513 nodes=5242880
ADAPT sh16 rp[P=8192 try=5353 kill=545 10%] pd[P=30 try=717917 kill=182619 25%]
DEATH sh9 liveend=0 estate=3522126 reach=2374413 dyn=79835 flow=0 geom=568609
PDEV sh9 try=0 kill=0 (0.0%) BJ try=50386 kill=9929 nodes=5242880
ADAPT sh9 rp[P=8192 try=7191 kill=886 12%] pd[P=90 try=617154 kill=138546 22%]
DEATH sh17 liveend=0 estate=3477538 reach=2324994 dyn=89306 flow=0 geom=524588
PDEV sh17 try=0 kill=0 (0.0%) BJ try=50593 kill=11260 nodes=6291456
ADAPT sh17 rp[P=8192 try=9168 kill=1245 14%] pd[P=53 try=739265 kill=185396 25%]
DEATH sh6 liveend=0 estate=3425937 reach=2318843 dyn=79495 flow=0 geom=555852
PDEV sh6 try=0 kill=0 (0.0%) BJ try=48747 kill=9712 nodes=4194304
ADAPT sh6 rp[P=7830 try=8609 kill=1163 14%] pd[P=74 try=562761 kill=126500 22%]
DEATH sh19 liveend=0 estate=3680608 reach=2473477 dyn=83625 flow=0 geom=569058
PDEV sh19 try=0 kill=0 (0.0%) BJ try=52705 kill=11675 nodes=7340032
ADAPT sh19 rp[P=8192 try=5866 kill=606 10%] pd[P=62 try=808174 kill=201043 25%]
DEATH sh4 liveend=0 estate=3652704 reach=2451510 dyn=86203 flow=0 geom=560644
PDEV sh4 try=0 kill=0 (0.0%) BJ try=52728 kill=12083 nodes=7340032
ADAPT sh4 rp[P=7830 try=8314 kill=1051 13%] pd[P=186 try=740048 kill=190287 26%]
DEATH sh7 liveend=0 estate=3790885 reach=2544981 dyn=89110 flow=0 geom=581209
PDEV sh7 try=0 kill=0 (0.0%) BJ try=54814 kill=12770 nodes=8388608
ADAPT sh7 rp[P=8192 try=7002 kill=809 12%] pd[P=147 try=768069 kill=198640 26%]
DEATH sh1 liveend=0 estate=3715764 reach=2482628 dyn=98356 flow=0 geom=565712
PDEV sh1 try=0 kill=0 (0.0%) BJ try=53743 kill=12166 nodes=3145728
ADAPT sh1 rp[P=8192 try=6834 kill=810 12%] pd[P=35 try=745710 kill=194476 26%]
DEATH sh12 liveend=0 estate=3106284 reach=2102154 dyn=70785 flow=0 geom=505737
PDEV sh12 try=0 kill=0 (0.0%) BJ try=44101 kill=8692 nodes=2097152
ADAPT sh12 rp[P=8192 try=8494 kill=1187 14%] pd[P=69 try=543314 kill=121944 22%]
DEATH sh18 liveend=0 estate=3204757 reach=2154188 dyn=72706 flow=0 geom=510735
PDEV sh18 try=0 kill=0 (0.0%) BJ try=46194 kill=9373 nodes=3145728
ADAPT sh18 rp[P=8192 try=7463 kill=968 13%] pd[P=147 try=574396 kill=135060 24%]
DEATH sh23 liveend=0 estate=3562911 reach=2390116 dyn=85481 flow=0 geom=548508
PDEV sh23 try=0 kill=0 (0.0%) BJ try=50645 kill=10102 nodes=6291456
ADAPT sh23 rp[P=8192 try=6386 kill=732 11%] pd[P=44 try=811209 kill=191020 24%]
DEATH sh24 liveend=0 estate=3264223 reach=2208878 dyn=70821 flow=0 geom=533566
PDEV sh24 try=0 kill=0 (0.0%) BJ try=46205 kill=8838 nodes=3145728
ADAPT sh24 rp[P=8192 try=8831 kill=1230 14%] pd[P=105 try=591310 kill=129342 22%]
DEATH sh21 liveend=0 estate=3761249 reach=2569656 dyn=65224 flow=0 geom=633964
PDEV sh21 try=0 kill=0 (0.0%) BJ try=52482 kill=10027 nodes=6291456
ADAPT sh21 rp[P=8192 try=9744 kill=1370 14%] pd[P=44 try=661118 kill=141231 21%]
DEATH sh0 liveend=0 estate=3469729 reach=2370130 dyn=67824 flow=0 geom=585132
PDEV sh0 try=0 kill=0 (0.0%) BJ try=48291 kill=9314 nodes=4194304
ADAPT sh0 rp[P=8192 try=9144 kill=1289 14%] pd[P=207 try=571399 kill=124954 22%]
DEATH sh3 liveend=0 estate=3536591 reach=2364340 dyn=90713 flow=0 geom=558079
PDEV sh3 try=0 kill=0 (0.0%) BJ try=51429 kill=10527 nodes=5242880
ADAPT sh3 rp[P=7487 try=7925 kill=1014 13%] pd[P=1101 try=592326 kill=144670 24%]
DEATH sh20 liveend=0 estate=3944386 reach=2649380 dyn=86591 flow=0 geom=610159
PDEV sh20 try=0 kill=0 (0.0%) BJ try=56450 kill=12273 nodes=9437184
ADAPT sh20 rp[P=8192 try=6159 kill=613 10%] pd[P=44 try=876683 kill=215230 25%]
DEATH sh2 liveend=0 estate=3746983 reach=2520288 dyn=85305 flow=0 geom=581445
PDEV sh2 try=0 kill=0 (0.0%) BJ try=53690 kill=12278 nodes=3145728
ADAPT sh2 rp[P=8192 try=6582 kill=751 11%] pd[P=74 try=778263 kill=196104 25%]
DEATH sh15 liveend=0 estate=3310621 reach=2260889 dyn=68012 flow=0 geom=557297
PDEV sh15 try=0 kill=0 (0.0%) BJ try=46198 kill=8739 nodes=3145728
ADAPT sh15 rp[P=8192 try=12066 kill=1855 15%] pd[P=315 try=565403 kill=120538 21%]
DEATH sh13 liveend=0 estate=3627027 reach=2418951 dyn=96455 flow=0 geom=546553
PDEV sh13 try=0 kill=0 (0.0%) BJ try=52706 kill=11516 nodes=7340032
ADAPT sh13 rp[P=8192 try=5964 kill=631 11%] pd[P=138 try=786307 kill=199048 25%]
DEATH sh21 liveend=0 estate=3907527 reach=2671392 dyn=65224 flow=0 geom=657461
PDEV sh21 try=0 kill=0 (0.0%) BJ try=54580 kill=10415 nodes=7340032
ADAPT sh21 rp[P=8192 try=9929 kill=1386 14%] pd[P=60 try=687414 kill=146495 21%]
DEATH sh11 liveend=0 estate=3692923 reach=2485240 dyn=78004 flow=0 geom=574303
PDEV sh11 try=0 kill=0 (0.0%) BJ try=52692 kill=12081 nodes=7340032
ADAPT sh11 rp[P=3901 try=6529 kill=734 11%] pd[P=80 try=803813 kill=197860 25%]
DEATH sh9 liveend=0 estate=3674473 reach=2479806 dyn=79835 flow=0 geom=595991
PDEV sh9 try=0 kill=0 (0.0%) BJ try=52483 kill=10370 nodes=6291456
ADAPT sh9 rp[P=8192 try=7380 kill=902 12%] pd[P=79 try=647952 kill=145184 22%]
DEATH sh16 liveend=0 estate=3485220 reach=2325219 dyn=95752 flow=0 geom=525205
PDEV sh16 try=0 kill=0 (0.0%) BJ try=50631 kill=11008 nodes=6291456
ADAPT sh16 rp[P=8192 try=5501 kill=551 10%] pd[P=99 try=754940 kill=191644 25%]
DEATH sh5 liveend=0 estate=3793583 reach=2542658 dyn=90874 flow=0 geom=581680
PDEV sh5 try=0 kill=0 (0.0%) BJ try=54774 kill=12596 nodes=8388608
ADAPT sh5 rp[P=8192 try=6961 kill=798 11%] pd[P=30 try=770165 kill=199879 26%]
DEATH sh7 liveend=0 estate=3937674 reach=2646244 dyn=89110 flow=0 geom=605662
PDEV sh7 try=0 kill=0 (0.0%) BJ try=56911 kill=13240 nodes=9437184
ADAPT sh7 rp[P=8192 try=7179 kill=823 11%] pd[P=26 try=802053 kill=207102 26%]
DEATH sh17 liveend=0 estate=3628170 reach=2428864 dyn=89306 flow=0 geom=550016
PDEV sh17 try=0 kill=0 (0.0%) BJ try=52691 kill=11710 nodes=7340032
ADAPT sh17 rp[P=8192 try=9359 kill=1262 13%] pd[P=65 try=777023 kill=194364 25%]
DEATH sh22 liveend=0 estate=3672862 reach=2458432 dyn=93675 flow=0 geom=560177
PDEV sh22 try=0 kill=0 (0.0%) BJ try=52706 kill=10559 nodes=7340032
ADAPT sh22 rp[P=8192 try=5382 kill=516 10%] pd[P=30 try=840779 kill=203180 24%]
DEATH sh14 liveend=0 estate=3722369 reach=2504707 dyn=84247 flow=0 geom=579940
PDEV sh14 try=0 kill=0 (0.0%) BJ try=52733 kill=10864 nodes=7340032
ADAPT sh14 rp[P=8192 try=5728 kill=587 10%] pd[P=26 try=826562 kill=198474 24%]
DEATH sh1 liveend=0 estate=3855144 reach=2577282 dyn=98398 flow=0 geom=587667
PDEV sh1 try=0 kill=0 (0.0%) BJ try=55840 kill=12721 nodes=4194304
ADAPT sh1 rp[P=8192 try=7028 kill=828 12%] pd[P=114 try=775906 kill=203354 26%]
DEATH sh4 liveend=0 estate=3791653 reach=2545161 dyn=88235 flow=0 geom=581604
PDEV sh4 try=0 kill=0 (0.0%) BJ try=54825 kill=12627 nodes=8388608
ADAPT sh4 rp[P=8192 try=8682 kill=1100 13%] pd[P=105 try=767441 kill=198227 26%]
DEATH sh25 liveend=0 estate=3728576 reach=2517019 dyn=79598 flow=0 geom=584869
PDEV sh25 try=0 kill=0 (0.0%) BJ try=52688 kill=11440 nodes=7340032
ADAPT sh25 rp[P=8192 try=6833 kill=787 12%] pd[P=47 try=852571 kill=202129 24%]
DEATH sh12 liveend=0 estate=3259207 reach=2208890 dyn=70785 flow=0 geom=533795
PDEV sh12 try=0 kill=0 (0.0%) BJ try=46198 kill=9114 nodes=3145728
ADAPT sh12 rp[P=8192 try=8636 kill=1191 14%] pd[P=52 try=574284 kill=128614 22%]
DEATH sh15 liveend=0 estate=3456224 reach=2362330 dyn=68012 flow=0 geom=580741
PDEV sh15 try=0 kill=0 (0.0%) BJ try=48295 kill=9155 nodes=4194304
ADAPT sh15 rp[P=8192 try=12223 kill=1864 15%] pd[P=58 try=591039 kill=125650 21%]
DEATH sh8 liveend=0 estate=3658295 reach=2454293 dyn=88527 flow=0 geom=562098
PDEV sh8 try=0 kill=0 (0.0%) BJ try=52690 kill=11411 nodes=7340032
ADAPT sh8 rp[P=8192 try=6306 kill=703 11%] pd[P=107 try=794985 kill=197936 25%]
DEATH sh0 liveend=0 estate=3621816 reach=2474982 dyn=67824 flow=0 geom=612756
PDEV sh0 try=0 kill=0 (0.0%) BJ try=50388 kill=9788 nodes=5242880
ADAPT sh0 rp[P=8192 try=9313 kill=1300 14%] pd[P=57 try=600278 kill=131543 22%]
DEATH sh23 liveend=0 estate=3713603 reach=2494145 dyn=85481 flow=0 geom=573630
PDEV sh23 try=0 kill=0 (0.0%) BJ try=52743 kill=10566 nodes=7340032
ADAPT sh23 rp[P=8192 try=6551 kill=743 11%] pd[P=26 try=851769 kill=200555 24%]
T3[t=2490s] shard5 r0 #1 cell=(41,67) sc=50271 nodes=8889396 r=0
DEATH sh21 liveend=0 estate=4058649 reach=2775083 dyn=65224 flow=0 geom=684106
PDEV sh21 try=0 kill=0 (0.0%) BJ try=56677 kill=10849 nodes=8388608
ADAPT sh21 rp[P=8192 try=10098 kill=1399 14%] pd[P=137 try=717379 kill=153022 21%]
DEATH sh18 liveend=0 estate=3346688 reach=2248721 dyn=74203 flow=0 geom=532712
PDEV sh18 try=0 kill=0 (0.0%) BJ try=48291 kill=9872 nodes=4194304
ADAPT sh18 rp[P=6935 try=7625 kill=979 13%] pd[P=35 try=607138 kill=143726 24%]
DEATH sh19 liveend=0 estate=3836746 reach=2580486 dyn=84758 flow=0 geom=594817
PDEV sh19 try=0 kill=0 (0.0%) BJ try=54802 kill=12128 nodes=8388608
ADAPT sh19 rp[P=5967 try=6098 kill=635 10%] pd[P=80 try=847660 kill=210529 25%]
DEATH sh24 liveend=0 estate=3405380 reach=2301597 dyn=72632 flow=0 geom=554608
PDEV sh24 try=0 kill=0 (0.0%) BJ try=48302 kill=9350 nodes=4194304
ADAPT sh24 rp[P=6935 try=9030 kill=1249 14%] pd[P=69 try=626351 kill=138219 22%]
DEATH sh16 liveend=0 estate=3630939 reach=2425656 dyn=95752 flow=0 geom=548659
PDEV sh16 try=0 kill=0 (0.0%) BJ try=52729 kill=11493 nodes=7340032
ADAPT sh16 rp[P=8192 try=5659 kill=560 10%] pd[P=79 try=789193 kill=199696 25%]
DEATH sh11 liveend=0 estate=3843622 reach=2589315 dyn=78004 flow=0 geom=599799
PDEV sh11 try=0 kill=0 (0.0%) BJ try=54789 kill=12572 nodes=8388608
ADAPT sh11 rp[P=8192 try=6762 kill=760 11%] pd[P=86 try=842008 kill=207116 25%]
DEATH sh9 liveend=0 estate=3828206 reach=2586103 dyn=79835 flow=0 geom=623789
PDEV sh9 try=0 kill=0 (0.0%) BJ try=54581 kill=10802 nodes=7340032
ADAPT sh9 rp[P=5873 try=7570 kill=921 12%] pd[P=69 try=679913 kill=152044 22%]
DEATH sh15 liveend=0 estate=3604493 reach=2466055 dyn=68012 flow=0 geom=604900
PDEV sh15 try=0 kill=0 (0.0%) BJ try=50392 kill=9554 nodes=5242880
ADAPT sh15 rp[P=8192 try=12401 kill=1879 15%] pd[P=87 try=617970 kill=131061 21%]
DEATH sh6 liveend=0 estate=3732206 reach=2529603 dyn=79495 flow=0 geom=611502
PDEV sh6 try=0 kill=0 (0.0%) BJ try=52941 kill=10652 nodes=6291456
ADAPT sh6 rp[P=8192 try=8993 kill=1200 13%] pd[P=99 try=622736 kill=139747 22%]
DEATH sh10 liveend=0 estate=3976499 reach=2666219 dyn=88251 flow=0 geom=612175
PDEV sh10 try=0 kill=0 (0.0%) BJ try=56900 kill=12280 nodes=9437184
ADAPT sh10 rp[P=5873 try=7292 kill=824 11%] pd[P=66 try=869632 kill=211996 24%]
T3[t=2517s] shard4 r0 #1 cell=(41,67) sc=50275 nodes=8903762 r=0
DEATH sh14 liveend=0 estate=3869631 reach=2605431 dyn=84247 flow=0 geom=604234
PDEV sh14 try=0 kill=0 (0.0%) BJ try=54830 kill=11319 nodes=8388608
ADAPT sh14 rp[P=8192 try=5922 kill=605 10%] pd[P=66 try=862304 kill=206995 24%]
DEATH sh20 liveend=0 estate=4096360 reach=2753714 dyn=88501 flow=0 geom=634986
PDEV sh20 try=0 kill=0 (0.0%) BJ try=58547 kill=12737 nodes=10485760
ADAPT sh20 rp[P=4347 try=6468 kill=653 10%] pd[P=37 try=912670 kill=223896 25%]
DEATH sh0 liveend=0 estate=3770307 reach=2578428 dyn=67824 flow=0 geom=637305
PDEV sh0 try=0 kill=0 (0.0%) BJ try=52485 kill=10216 nodes=6291456
ADAPT sh0 rp[P=8192 try=9494 kill=1314 14%] pd[P=66 try=626185 kill=136822 22%]
DEATH sh2 liveend=0 estate=3902574 reach=2626929 dyn=86601 flow=0 geom=606903
PDEV sh2 try=0 kill=0 (0.0%) BJ try=55787 kill=12756 nodes=4194304
ADAPT sh2 rp[P=2556 try=6757 kill=769 11%] pd[P=90 try=817048 kill=205473 25%]
DEATH sh3 liveend=0 estate=3692261 reach=2473636 dyn=93199 flow=0 geom=584935
PDEV sh3 try=0 kill=0 (0.0%) BJ try=53526 kill=10967 nodes=6291456
ADAPT sh3 rp[P=7158 try=8940 kill=1187 13%] pd[P=103 try=618830 kill=150255 24%]
DEATH sh25 liveend=0 estate=3878942 reach=2620932 dyn=79598 flow=0 geom=610115
PDEV sh25 try=0 kill=0 (0.0%) BJ try=54785 kill=11904 nodes=8388608
ADAPT sh25 rp[P=8192 try=7015 kill=803 11%] pd[P=141 try=892270 kill=211520 24%]
DEATH sh12 liveend=0 estate=3410959 reach=2312491 dyn=70785 flow=0 geom=560818
PDEV sh12 try=0 kill=0 (0.0%) BJ try=48295 kill=9556 nodes=4194304
ADAPT sh12 rp[P=7830 try=8800 kill=1203 14%] pd[P=44 try=607062 kill=135746 22%]
DEATH sh1 liveend=0 estate=4002966 reach=2678407 dyn=100624 flow=0 geom=611359
PDEV sh1 try=0 kill=0 (0.0%) BJ try=57937 kill=13242 nodes=5242880
ADAPT sh1 rp[P=8192 try=7479 kill=894 12%] pd[P=50 try=808090 kill=211693 26%]
DEATH sh13 liveend=0 estate=3784495 reach=2527176 dyn=97616 flow=0 geom=572611
PDEV sh13 try=0 kill=0 (0.0%) BJ try=54803 kill=11989 nodes=8388608
ADAPT sh13 rp[P=8192 try=6150 kill=646 11%] pd[P=131 try=826196 kill=208403 25%]
DEATH sh17 liveend=0 estate=3782267 reach=2534883 dyn=90319 flow=0 geom=575554
PDEV sh17 try=0 kill=0 (0.0%) BJ try=54788 kill=12165 nodes=8388608
ADAPT sh17 rp[P=5872 try=9546 kill=1280 13%] pd[P=30 try=815120 kill=203462 25%]
DEATH sh22 liveend=0 estate=3825204 reach=2562893 dyn=94863 flow=0 geom=585205
PDEV sh22 try=0 kill=0 (0.0%) BJ try=54803 kill=11001 nodes=8388608
ADAPT sh22 rp[P=6339 try=5584 kill=537 10%] pd[P=86 try=878664 kill=212140 24%]
DEATH sh21 liveend=0 estate=4212075 reach=2881164 dyn=65224 flow=0 geom=711846
PDEV sh21 try=0 kill=0 (0.0%) BJ try=58774 kill=11291 nodes=9437184
ADAPT sh21 rp[P=5873 try=10276 kill=1414 14%] pd[P=90 try=748641 kill=159847 21%]
DEATH sh0 liveend=0 estate=3916296 reach=2680232 dyn=67824 flow=0 geom=660389
PDEV sh0 try=0 kill=0 (0.0%) BJ try=54583 kill=10617 nodes=7340032
ADAPT sh0 rp[P=8192 try=9658 kill=1324 14%] pd[P=47 try=651880 kill=142013 22%]
DEATH sh11 liveend=0 estate=3990185 reach=2689477 dyn=78004 flow=0 geom=623929
PDEV sh11 try=0 kill=0 (0.0%) BJ try=56886 kill=13059 nodes=9437184
ADAPT sh11 rp[P=8192 try=6973 kill=781 11%] pd[P=59 try=877344 kill=215695 25%]
DEATH sh5 liveend=0 estate=3998801 reach=2679967 dyn=94971 flow=0 geom=612295
PDEV sh5 try=0 kill=0 (0.0%) BJ try=57872 kill=13373 nodes=1048576
ADAPT sh5 rp[P=5527 try=7268 kill=831 11%] pd[P=99 try=810738 kill=211876 26%]
DEATH sh9 liveend=0 estate=3980576 reach=2690763 dyn=79835 flow=0 geom=651240
PDEV sh9 try=0 kill=0 (0.0%) BJ try=56678 kill=11257 nodes=8388608
ADAPT sh9 rp[P=8192 try=7768 kill=940 12%] pd[P=69 try=711773 kill=158874 22%]
DEATH sh12 liveend=0 estate=3558361 reach=2414922 dyn=70785 flow=0 geom=584879
PDEV sh12 try=0 kill=0 (0.0%) BJ try=50392 kill=9939 nodes=5242880
ADAPT sh12 rp[P=8192 try=9009 kill=1225 14%] pd[P=117 try=633820 kill=141114 22%]
DEATH sh8 liveend=0 estate=3812114 reach=2559722 dyn=89782 flow=0 geom=587327
PDEV sh8 try=0 kill=0 (0.0%) BJ try=54787 kill=11891 nodes=8388608
ADAPT sh8 rp[P=8192 try=6525 kill=727 11%] pd[P=43 try=832433 kill=206866 25%]
DEATH sh6 liveend=0 estate=3885520 reach=2635008 dyn=79495 flow=0 geom=639325
PDEV sh6 try=0 kill=0 (0.0%) BJ try=55039 kill=11094 nodes=7340032
ADAPT sh6 rp[P=8192 try=9145 kill=1207 13%] pd[P=156 try=652578 kill=146360 22%]
DEATH sh15 liveend=0 estate=3756917 reach=2570476 dyn=68012 flow=0 geom=632383
PDEV sh15 try=0 kill=0 (0.0%) BJ try=52489 kill=9960 nodes=6291456
ADAPT sh15 rp[P=4546 try=12607 kill=1901 15%] pd[P=229 try=649441 kill=137930 21%]
DEATH sh2 liveend=0 estate=4049958 reach=2727855 dyn=86601 flow=0 geom=631424
PDEV sh2 try=0 kill=0 (0.0%) BJ try=57884 kill=13209 nodes=5242880
ADAPT sh2 rp[P=8192 try=6998 kill=795 11%] pd[P=48 try=850897 kill=213915 25%]
DEATH sh10 liveend=0 estate=4127295 reach=2769812 dyn=88251 flow=0 geom=637491
PDEV sh10 try=0 kill=0 (0.0%) BJ try=58997 kill=12766 nodes=10485760
ADAPT sh10 rp[P=8192 try=7466 kill=835 11%] pd[P=42 try=907390 kill=221082 24%]
DEATH sh23 liveend=0 estate=3868177 reach=2600604 dyn=86307 flow=0 geom=599225
PDEV sh23 try=0 kill=0 (0.0%) BJ try=54840 kill=11034 nodes=8388608
ADAPT sh23 rp[P=8192 try=6748 kill=762 11%] pd[P=54 try=891041 kill=209877 24%]
DEATH sh19 liveend=0 estate=3988316 reach=2685676 dyn=84758 flow=0 geom=620282
PDEV sh19 try=0 kill=0 (0.0%) BJ try=56899 kill=12564 nodes=9437184
ADAPT sh19 rp[P=8192 try=6262 kill=644 10%] pd[P=35 try=886062 kill=219741 25%]
DEATH sh4 liveend=0 estate=4000353 reach=2684616 dyn=92150 flow=0 geom=612692
PDEV sh4 try=0 kill=0 (0.0%) BJ try=57952 kill=13433 nodes=1048576
ADAPT sh4 rp[P=8192 try=9005 kill=1132 13%] pd[P=157 try=810130 kill=210493 26%]
DEATH sh20 liveend=0 estate=4244551 reach=2855855 dyn=88501 flow=0 geom=659772
PDEV sh20 try=0 kill=0 (0.0%) BJ try=60644 kill=13226 nodes=11534336
ADAPT sh20 rp[P=8192 try=6636 kill=663 10%] pd[P=73 try=950028 kill=232862 25%]
DEATH sh3 liveend=0 estate=3843394 reach=2577769 dyn=93199 flow=0 geom=612488
PDEV sh3 try=0 kill=0 (0.0%) BJ try=55624 kill=11410 nodes=7340032
ADAPT sh3 rp[P=8192 try=9141 kill=1207 13%] pd[P=66 try=648627 kill=156872 24%]
DEATH sh25 liveend=0 estate=4025718 reach=2721232 dyn=79598 flow=0 geom=634219
PDEV sh25 try=0 kill=0 (0.0%) BJ try=56882 kill=12402 nodes=9437184
ADAPT sh25 rp[P=8192 try=7193 kill=818 11%] pd[P=38 try=929130 kill=220212 24%]
DEATH sh14 liveend=0 estate=4020142 reach=2709100 dyn=84247 flow=0 geom=629549
PDEV sh14 try=0 kill=0 (0.0%) BJ try=56927 kill=11805 nodes=9437184
ADAPT sh14 rp[P=8192 try=6092 kill=618 10%] pd[P=59 try=901048 kill=216390 24%]
DEATH sh7 liveend=0 estate=4241611 reach=2856263 dyn=90720 flow=0 geom=656693
PDEV sh7 try=0 kill=0 (0.0%) BJ try=61105 kill=14235 nodes=11534336
ADAPT sh7 rp[P=8192 try=7560 kill=857 11%] pd[P=45 try=874513 kill=225022 26%]
DEATH sh16 liveend=0 estate=3784205 reach=2531013 dyn=96199 flow=0 geom=574188
PDEV sh16 try=0 kill=0 (0.0%) BJ try=54826 kill=11961 nodes=8388608
ADAPT sh16 rp[P=6935 try=5825 kill=572 10%] pd[P=86 try=828539 kill=209109 25%]
DEATH sh1 liveend=0 estate=4150431 reach=2779182 dyn=100624 flow=0 geom=635823
PDEV sh1 try=0 kill=0 (0.0%) BJ try=60034 kill=13716 nodes=6291456
ADAPT sh1 rp[P=8192 try=7642 kill=905 12%] pd[P=60 try=842103 kill=220128 26%]
DEATH sh18 liveend=0 estate=3487905 reach=2341741 dyn=76033 flow=0 geom=554025
PDEV sh18 try=0 kill=0 (0.0%) BJ try=50388 kill=10343 nodes=5242880
ADAPT sh18 rp[P=3671 try=7793 kill=993 13%] pd[P=613 try=638740 kill=152074 24%]
DEATH sh24 liveend=0 estate=3548110 reach=2396016 dyn=73983 flow=0 geom=576521
PDEV sh24 try=0 kill=0 (0.0%) BJ try=50399 kill=9833 nodes=5242880
ADAPT sh24 rp[P=8192 try=9209 kill=1263 14%] pd[P=59 try=661144 kill=147054 22%]
DEATH sh17 liveend=0 estate=3929479 reach=2635821 dyn=90319 flow=0 geom=599574
PDEV sh17 try=0 kill=0 (0.0%) BJ try=56885 kill=12631 nodes=9437184
ADAPT sh17 rp[P=8192 try=9726 kill=1293 13%] pd[P=50 try=851134 kill=211925 25%]
DEATH sh12 liveend=0 estate=3704895 reach=2517111 dyn=70785 flow=0 geom=608302
PDEV sh12 try=0 kill=0 (0.0%) BJ try=52489 kill=10347 nodes=6291456
ADAPT sh12 rp[P=8192 try=9214 kill=1244 14%] pd[P=74 try=660099 kill=146348 22%]
DEATH sh22 liveend=0 estate=3975239 reach=2666140 dyn=94863 flow=0 geom=610263
PDEV sh22 try=0 kill=0 (0.0%) BJ try=56900 kill=11476 nodes=9437184
ADAPT sh22 rp[P=8192 try=5753 kill=548 10%] pd[P=69 try=917406 kill=221315 24%]
DEATH sh0 liveend=0 estate=4069793 reach=2786316 dyn=67824 flow=0 geom=688181
PDEV sh0 try=0 kill=0 (0.0%) BJ try=56680 kill=11046 nodes=8388608
ADAPT sh0 rp[P=8192 try=9844 kill=1341 14%] pd[P=66 try=680721 kill=148470 22%]
DEATH sh3 liveend=0 estate=3992800 reach=2681785 dyn=93199 flow=0 geom=637226
PDEV sh3 try=0 kill=0 (0.0%) BJ try=57721 kill=11817 nodes=8388608
ADAPT sh3 rp[P=8192 try=9338 kill=1226 13%] pd[P=74 try=674672 kill=162189 24%]
DEATH sh19 liveend=0 estate=4135726 reach=2786890 dyn=84758 flow=0 geom=644109
PDEV sh19 try=0 kill=0 (0.0%) BJ try=58996 kill=13040 nodes=10485760
ADAPT sh19 rp[P=8192 try=6446 kill=659 10%] pd[P=84 try=920487 kill=227887 25%]
DEATH sh9 liveend=0 estate=4133106 reach=2796438 dyn=79835 flow=0 geom=678951
PDEV sh9 try=0 kill=0 (0.0%) BJ try=58775 kill=11714 nodes=9437184
ADAPT sh9 rp[P=5284 try=7967 kill=960 12%] pd[P=44 try=743110 kill=165693 22%]
DEATH sh2 liveend=0 estate=4200773 reach=2832085 dyn=86601 flow=0 geom=657098
PDEV sh2 try=0 kill=0 (0.0%) BJ try=59981 kill=13714 nodes=6291456
ADAPT sh2 rp[P=8192 try=7157 kill=804 11%] pd[P=44 try=887290 kill=223064 25%]
DEATH sh6 liveend=0 estate=4038749 reach=2740892 dyn=79495 flow=0 geom=667220
PDEV sh6 try=0 kill=0 (0.0%) BJ try=57136 kill=11524 nodes=8388608
ADAPT sh6 rp[P=8192 try=9400 kill=1241 13%] pd[P=71 try=683180 kill=153107 22%]
DEATH sh5 liveend=0 estate=4138189 reach=2773004 dyn=97947 flow=0 geom=632688
PDEV sh5 try=0 kill=0 (0.0%) BJ try=59969 kill=13901 nodes=2097152
ADAPT sh5 rp[P=8192 try=7615 kill=878 12%] pd[P=99 try=838671 kill=219951 26%]
DEATH sh23 liveend=0 estate=4017352 reach=2703015 dyn=86307 flow=0 geom=623633
PDEV sh23 try=0 kill=0 (0.0%) BJ try=56937 kill=11484 nodes=9437184
ADAPT sh23 rp[P=6737 try=6927 kill=778 11%] pd[P=99 try=929592 kill=218816 24%]
DEATH sh15 liveend=0 estate=3910274 reach=2675897 dyn=68012 flow=0 geom=660119
PDEV sh15 try=0 kill=0 (0.0%) BJ try=54587 kill=10403 nodes=7340032
ADAPT sh15 rp[P=8192 try=12825 kill=1923 15%] pd[P=94 try=680943 kill=144769 21%]
DEATH sh20 liveend=0 estate=4393427 reach=2958361 dyn=88501 flow=0 geom=684675
PDEV sh20 try=0 kill=0 (0.0%) BJ try=62741 kill=13699 nodes=12582912
ADAPT sh20 rp[P=8192 try=6820 kill=677 10%] pd[P=103 try=987298 kill=241770 24%]
DEATH sh21 liveend=0 estate=4368718 reach=2993393 dyn=65224 flow=0 geom=740983
PDEV sh21 try=0 kill=0 (0.0%) BJ try=60871 kill=11708 nodes=10485760
ADAPT sh21 rp[P=8192 try=10541 kill=1449 14%] pd[P=41 try=782283 kill=166937 21%]
DEATH sh7 liveend=0 estate=4390246 reach=2958345 dyn=90720 flow=0 geom=681346
PDEV sh7 try=0 kill=0 (0.0%) BJ try=63202 kill=14699 nodes=12582912
ADAPT sh7 rp[P=8192 try=7742 kill=872 11%] pd[P=41 try=909316 kill=233599 26%]
DEATH sh4 liveend=0 estate=4139733 reach=2777805 dyn=95126 flow=0 geom=633328
PDEV sh4 try=0 kill=0 (0.0%) BJ try=60049 kill=13950 nodes=2097152
ADAPT sh4 rp[P=8192 try=9158 kill=1141 12%] pd[P=66 try=838007 kill=218633 26%]
DEATH sh11 liveend=0 estate=4144055 reach=2793800 dyn=81619 flow=0 geom=648276
PDEV sh11 try=0 kill=0 (0.0%) BJ try=58983 kill=13530 nodes=10485760
ADAPT sh11 rp[P=3471 try=7519 kill=868 12%] pd[P=54 try=912097 kill=223965 25%]
DEATH sh17 liveend=0 estate=4078465 reach=2738895 dyn=90319 flow=0 geom=624482
PDEV sh17 try=0 kill=0 (0.0%) BJ try=58982 kill=13080 nodes=10485760
ADAPT sh17 rp[P=5717 try=9904 kill=1308 13%] pd[P=41 try=887815 kill=220633 25%]
DEATH sh1 liveend=0 estate=4301528 reach=2883949 dyn=100624 flow=0 geom=661504
PDEV sh1 try=0 kill=0 (0.0%) BJ try=62132 kill=14205 nodes=7340032
ADAPT sh1 rp[P=6440 try=7809 kill=917 12%] pd[P=129 try=879062 kill=229410 26%]
DEATH sh25 liveend=0 estate=4175547 reach=2823743 dyn=81706 flow=0 geom=658262
PDEV sh25 try=0 kill=0 (0.0%) BJ try=58979 kill=12894 nodes=10485760
ADAPT sh25 rp[P=8192 try=7420 kill=842 11%] pd[P=41 try=966293 kill=229243 24%]
DEATH sh22 liveend=0 estate=4122029 reach=2766525 dyn=94863 flow=0 geom=633697
PDEV sh22 try=0 kill=0 (0.0%) BJ try=58997 kill=11940 nodes=10485760
ADAPT sh22 rp[P=8192 try=5912 kill=556 9%] pd[P=24 try=953414 kill=229626 24%]
DEATH sh10 liveend=0 estate=4281220 reach=2874493 dyn=90296 flow=0 geom=662267
PDEV sh10 try=0 kill=0 (0.0%) BJ try=61094 kill=13254 nodes=11534336
ADAPT sh10 rp[P=8192 try=7660 kill=853 11%] pd[P=53 try=945009 kill=230130 24%]
DEATH sh0 liveend=0 estate=4223116 reach=2892721 dyn=67824 flow=0 geom=716217
PDEV sh0 try=0 kill=0 (0.0%) BJ try=58777 kill=11505 nodes=9437184
ADAPT sh0 rp[P=8192 try=10009 kill=1351 13%] pd[P=57 try=709243 kill=154839 22%]
DEATH sh8 liveend=0 estate=4108945 reach=2763698 dyn=89782 flow=0 geom=636140
PDEV sh8 try=0 kill=0 (0.0%) BJ try=58981 kill=12832 nodes=10485760
ADAPT sh8 rp[P=8192 try=6864 kill=749 11%] pd[P=142 try=904505 kill=224036 25%]
DEATH sh14 liveend=0 estate=4174801 reach=2815107 dyn=86129 flow=0 geom=654830
PDEV sh14 try=0 kill=0 (0.0%) BJ try=59024 kill=12249 nodes=10485760
ADAPT sh14 rp[P=8192 try=6366 kill=651 10%] pd[P=24 try=939294 kill=225542 24%]
DEATH sh6 liveend=0 estate=4191112 reach=2846846 dyn=79495 flow=0 geom=695085
PDEV sh6 try=0 kill=0 (0.0%) BJ try=59233 kill=11944 nodes=9437184
ADAPT sh6 rp[P=8192 try=9609 kill=1262 13%] pd[P=30 try=713779 kill=159839 22%]
DEATH sh19 liveend=0 estate=4284971 reach=2889334 dyn=84758 flow=0 geom=669129
PDEV sh19 try=0 kill=0 (0.0%) BJ try=61093 kill=13528 nodes=11534336
ADAPT sh19 rp[P=8192 try=6645 kill=677 10%] pd[P=66 try=957355 kill=236787 25%]
DEATH sh23 liveend=0 estate=4165254 reach=2803928 dyn=86307 flow=0 geom=647525
PDEV sh23 try=0 kill=0 (0.0%) BJ try=59034 kill=11939 nodes=10485760
ADAPT sh23 rp[P=8192 try=7073 kill=782 11%] pd[P=99 try=967178 kill=227558 24%]
DEATH sh9 liveend=0 estate=4287524 reach=2905613 dyn=79835 flow=0 geom=707389
PDEV sh9 try=0 kill=0 (0.0%) BJ try=60872 kill=12116 nodes=10485760
ADAPT sh9 rp[P=8192 try=8172 kill=979 12%] pd[P=35 try=773449 kill=172274 22%]
DEATH sh15 liveend=0 estate=4063229 reach=2780481 dyn=68012 flow=0 geom=687692
PDEV sh15 try=0 kill=0 (0.0%) BJ try=56684 kill=10829 nodes=8388608
ADAPT sh15 rp[P=4607 try=13005 kill=1939 15%] pd[P=42 try=712083 kill=151534 21%]
DEATH sh7 liveend=0 estate=4541066 reach=3062531 dyn=90720 flow=0 geom=706921
PDEV sh7 try=0 kill=0 (0.0%) BJ try=65299 kill=15255 nodes=13631488
ADAPT sh7 rp[P=8192 try=7953 kill=895 11%] pd[P=82 try=945829 kill=242716 26%]
DEATH sh3 liveend=0 estate=4291188 reach=2888266 dyn=93199 flow=0 geom=687763
PDEV sh3 try=0 kill=0 (0.0%) BJ try=61915 kill=12685 nodes=10485760
ADAPT sh3 rp[P=8192 try=9692 kill=1253 13%] pd[P=35 try=731150 kill=174127 24%]
DEATH sh18 liveend=0 estate=3644345 reach=2451792 dyn=76079 flow=0 geom=582068
PDEV sh18 try=0 kill=0 (0.0%) BJ try=52485 kill=10761 nodes=6291456
ADAPT sh18 rp[P=8192 try=8009 kill=1014 13%] pd[P=61 try=673202 kill=159497 24%]
DEATH sh5 liveend=0 estate=4278984 reach=2867651 dyn=101317 flow=0 geom=653584
PDEV sh5 try=0 kill=0 (0.0%) BJ try=62066 kill=14446 nodes=3145728
ADAPT sh5 rp[P=7156 try=7822 kill=899 11%] pd[P=76 try=867215 kill=228338 26%]
DEATH sh16 liveend=0 estate=4082062 reach=2736334 dyn=96199 flow=0 geom=623235
PDEV sh16 try=0 kill=0 (0.0%) BJ try=59020 kill=12880 nodes=10485760
ADAPT sh16 rp[P=7369 try=6171 kill=597 10%] pd[P=42 try=901721 kill=226409 25%]
DEATH sh2 liveend=0 estate=4354492 reach=2937867 dyn=87988 flow=0 geom=682334
PDEV sh2 try=0 kill=0 (0.0%) BJ try=62079 kill=14181 nodes=7340032
ADAPT sh2 rp[P=8192 try=7416 kill=835 11%] pd[P=66 try=924597 kill=232220 25%]
DEATH sh4 liveend=0 estate=4279991 reach=2873102 dyn=97409 flow=0 geom=654732
PDEV sh4 try=0 kill=0 (0.0%) BJ try=62146 kill=14499 nodes=3145728
ADAPT sh4 rp[P=7369 try=9410 kill=1172 12%] pd[P=66 try=866885 kill=227128 26%]
DEATH sh11 liveend=0 estate=4295145 reach=2898811 dyn=81622 flow=0 geom=673735
PDEV sh11 try=0 kill=0 (0.0%) BJ try=61080 kill=14028 nodes=11534336
ADAPT sh11 rp[P=8192 try=7719 kill=885 11%] pd[P=24 try=950856 kill=233417 25%]
DEATH sh20 liveend=0 estate=4548806 reach=3065941 dyn=89147 flow=0 geom=710671
PDEV sh20 try=0 kill=0 (0.0%) BJ try=64838 kill=14184 nodes=13631488
ADAPT sh20 rp[P=8192 try=7003 kill=692 10%] pd[P=294 try=1027755 kill=251492 24%]
DEATH sh13 liveend=0 estate=4232896 reach=2836083 dyn=97616 flow=0 geom=647048
PDEV sh13 try=0 kill=0 (0.0%) BJ try=61094 kill=13422 nodes=11534336
ADAPT sh13 rp[P=8192 try=6759 kill=707 10%] pd[P=103 try=936202 kill=234516 25%]
DEATH sh17 liveend=0 estate=4230057 reach=2844233 dyn=90319 flow=0 geom=650185
PDEV sh17 try=0 kill=0 (0.0%) BJ try=61079 kill=13520 nodes=11534336
ADAPT sh17 rp[P=8192 try=10085 kill=1322 13%] pd[P=135 try=926528 kill=229897 25%]
DEATH sh10 liveend=0 estate=4420016 reach=2968235 dyn=90296 flow=0 geom=683685
PDEV sh10 try=0 kill=0 (0.0%) BJ try=63191 kill=13799 nodes=12582912
ADAPT sh10 rp[P=8192 try=7838 kill=866 11%] pd[P=105 try=979366 kill=239495 24%]
DEATH sh12 liveend=0 estate=4011235 reach=2727382 dyn=70785 flow=0 geom=663380
PDEV sh12 try=0 kill=0 (0.0%) BJ try=56684 kill=11206 nodes=8388608
ADAPT sh12 rp[P=8192 try=9600 kill=1280 13%] pd[P=44 try=722104 kill=159789 22%]
DEATH sh25 liveend=0 estate=4314471 reach=2917487 dyn=81853 flow=0 geom=679578
PDEV sh25 try=0 kill=0 (0.0%) BJ try=61076 kill=13404 nodes=11534336
ADAPT sh25 rp[P=7606 try=7630 kill=865 11%] pd[P=58 try=1003559 kill=239048 24%]
DEATH sh24 liveend=0 estate=3708510 reach=2510484 dyn=74033 flow=0 geom=605346
PDEV sh24 try=0 kill=0 (0.0%) BJ try=52496 kill=10233 nodes=6291456
ADAPT sh24 rp[P=8192 try=9510 kill=1302 14%] pd[P=26 try=697184 kill=154703 22%]
DEATH sh0 liveend=0 estate=4375543 reach=2999609 dyn=67824 flow=0 geom=744344
PDEV sh0 try=0 kill=0 (0.0%) BJ try=60874 kill=11947 nodes=10485760
ADAPT sh0 rp[P=8192 try=10185 kill=1365 13%] pd[P=99 try=737811 kill=161316 22%]
DEATH sh21 liveend=0 estate=4527616 reach=3107981 dyn=65264 flow=0 geom=770005
PDEV sh21 try=0 kill=0 (0.0%) BJ try=62968 kill=12109 nodes=11534336
ADAPT sh21 rp[P=5543 try=10829 kill=1489 14%] pd[P=53 try=814865 kill=173789 21%]
DEATH sh1 liveend=0 estate=4456434 reach=2990067 dyn=102039 flow=0 geom=686857
PDEV sh1 try=0 kill=0 (0.0%) BJ try=64229 kill=14705 nodes=8388608
ADAPT sh1 rp[P=6935 try=8027 kill=940 12%] pd[P=71 try=915853 kill=238504 26%]
DEATH sh3 liveend=0 estate=4445372 reach=2994329 dyn=93199 flow=0 geom=715708
PDEV sh3 try=0 kill=0 (0.0%) BJ try=64012 kill=13145 nodes=11534336
ADAPT sh3 rp[P=8192 try=9835 kill=1258 13%] pd[P=35 try=761741 kill=180830 24%]
T3[t=2821s] shard8 r0 #1 cell=(42,66) sc=50277 nodes=11356854 r=0
DEATH sh22 liveend=0 estate=4276603 reach=2872800 dyn=96214 flow=0 geom=659211
PDEV sh22 try=0 kill=0 (0.0%) BJ try=61094 kill=12407 nodes=11534336
ADAPT sh22 rp[P=5872 try=6100 kill=573 9%] pd[P=50 try=992760 kill=238864 24%]
DEATH sh15 liveend=0 estate=4215268 reach=2885309 dyn=68012 flow=0 geom=715244
PDEV sh15 try=0 kill=0 (0.0%) BJ try=58781 kill=11246 nodes=9437184
ADAPT sh15 rp[P=8192 try=13248 kill=1967 15%] pd[P=52 try=743175 kill=158201 21%]
DEATH sh2 liveend=0 estate=4502141 reach=3039506 dyn=87988 flow=0 geom=707021
PDEV sh2 try=0 kill=0 (0.0%) BJ try=64176 kill=14675 nodes=8388608
ADAPT sh2 rp[P=8192 try=7601 kill=851 11%] pd[P=115 try=958900 kill=240704 25%]
DEATH sh6 liveend=0 estate=4346741 reach=2957352 dyn=79495 flow=0 geom=723619
PDEV sh6 try=0 kill=0 (0.0%) BJ try=61330 kill=12376 nodes=10485760
ADAPT sh6 rp[P=5527 try=9822 kill=1286 13%] pd[P=66 try=745761 kill=166747 22%]
DEATH sh5 liveend=0 estate=4418444 reach=2962061 dyn=101365 flow=0 geom=675471
PDEV sh5 try=0 kill=0 (0.0%) BJ try=64163 kill=14979 nodes=4194304
ADAPT sh5 rp[P=8192 try=7984 kill=908 11%] pd[P=147 try=897401 kill=237193 26%]
DEATH sh11 liveend=0 estate=4442154 reach=2999419 dyn=81622 flow=0 geom=698033
PDEV sh11 try=0 kill=0 (0.0%) BJ try=63177 kill=14476 nodes=12582912
ADAPT sh11 rp[P=5705 try=7903 kill=903 11%] pd[P=44 try=986197 kill=241980 25%]
DEATH sh4 liveend=0 estate=4419115 reach=2967571 dyn=97488 flow=0 geom=676650
PDEV sh4 try=0 kill=0 (0.0%) BJ try=64243 kill=15031 nodes=4194304
ADAPT sh4 rp[P=8192 try=9584 kill=1185 12%] pd[P=745 try=897232 kill=235940 26%]
DEATH sh18 liveend=0 estate=3797794 reach=2558612 dyn=76079 flow=0 geom=609981
PDEV sh18 try=0 kill=0 (0.0%) BJ try=54583 kill=11192 nodes=7340032
ADAPT sh18 rp[P=8192 try=8177 kill=1026 13%] pd[P=71 try=704435 kill=166217 24%]
DEATH sh16 liveend=0 estate=4231916 reach=2840249 dyn=96199 flow=0 geom=648640
PDEV sh16 try=0 kill=0 (0.0%) BJ try=61117 kill=13389 nodes=11534336
ADAPT sh16 rp[P=8192 try=6349 kill=611 10%] pd[P=96 try=939248 kill=235309 25%]
DEATH sh23 liveend=0 estate=4317431 reach=2907811 dyn=88038 flow=0 geom=672270
PDEV sh23 try=0 kill=0 (0.0%) BJ try=61131 kill=12418 nodes=11534336
ADAPT sh23 rp[P=8192 try=7669 kill=871 11%] pd[P=58 try=1003394 kill=236206 24%]
DEATH sh12 liveend=0 estate=4163702 reach=2832482 dyn=70785 flow=0 geom=690888
PDEV sh12 try=0 kill=0 (0.0%) BJ try=58781 kill=11622 nodes=9437184
ADAPT sh12 rp[P=8192 try=9794 kill=1298 13%] pd[P=137 try=753462 kill=166572 22%]
DEATH sh14 liveend=0 estate=4471142 reach=3018912 dyn=86129 flow=0 geom=704161
PDEV sh14 try=0 kill=0 (0.0%) BJ try=63218 kill=13173 nodes=12582912
ADAPT sh14 rp[P=8192 try=6681 kill=667 10%] pd[P=40 try=1012161 kill=243426 24%]
DEATH sh24 liveend=0 estate=3861743 reach=2617618 dyn=74033 flow=0 geom=633136
PDEV sh24 try=0 kill=0 (0.0%) BJ try=54594 kill=10670 nodes=7340032
ADAPT sh24 rp[P=8192 try=9708 kill=1321 14%] pd[P=30 try=729175 kill=161671 22%]
DEATH sh10 liveend=0 estate=4559103 reach=3060657 dyn=93270 flow=0 geom=703916
PDEV sh10 try=0 kill=0 (0.0%) BJ try=65288 kill=14278 nodes=13631488
ADAPT sh10 rp[P=7830 try=8010 kill=880 11%] pd[P=84 try=1011084 kill=248179 25%]
DEATH sh1 liveend=0 estate=4603423 reach=3091043 dyn=102039 flow=0 geom=711316
PDEV sh1 try=0 kill=0 (0.0%) BJ try=66326 kill=15178 nodes=9437184
ADAPT sh1 rp[P=6750 try=8289 kill=976 12%] pd[P=129 try=949702 kill=246843 26%]
DEATH sh9 liveend=0 estate=4447661 reach=3020252 dyn=79835 flow=0 geom=736356
PDEV sh9 try=0 kill=0 (0.0%) BJ try=62969 kill=12577 nodes=11534336
ADAPT sh9 rp[P=4973 try=8542 kill=1038 12%] pd[P=28 try=807430 kill=179428 22%]
DEATH sh3 liveend=0 estate=4598277 reach=3099388 dyn=93199 flow=0 geom=743382
PDEV sh3 try=0 kill=0 (0.0%) BJ try=66109 kill=13597 nodes=12582912
ADAPT sh3 rp[P=8192 try=10038 kill=1279 13%] pd[P=129 try=792378 kill=187561 24%]
DEATH sh13 liveend=0 estate=4387811 reach=2942042 dyn=99034 flow=0 geom=672424
PDEV sh13 try=0 kill=0 (0.0%) BJ try=63191 kill=13923 nodes=12582912
ADAPT sh13 rp[P=8192 try=6989 kill=731 10%] pd[P=28 try=972926 kill=243324 25%]
DEATH sh25 liveend=0 estate=4467855 reach=3023201 dyn=83244 flow=0 geom=704590
PDEV sh25 try=0 kill=0 (0.0%) BJ try=63173 kill=13890 nodes=12582912
ADAPT sh25 rp[P=8192 try=7813 kill=879 11%] pd[P=35 try=1044139 kill=248861 24%]
DEATH sh18 liveend=0 estate=3946066 reach=2660458 dyn=76079 flow=0 geom=634360
PDEV sh18 try=0 kill=0 (0.0%) BJ try=56680 kill=11608 nodes=8388608
ADAPT sh18 rp[P=8192 try=8321 kill=1031 12%] pd[P=66 try=732343 kill=172015 23%]
DEATH sh2 liveend=0 estate=4652268 reach=3142960 dyn=87988 flow=0 geom=732314
PDEV sh2 try=0 kill=0 (0.0%) BJ try=66273 kill=15194 nodes=9437184
ADAPT sh2 rp[P=8192 try=7746 kill=856 11%] pd[P=52 try=995266 kill=249886 25%]
DEATH sh15 liveend=0 estate=4367956 reach=2991137 dyn=68012 flow=0 geom=743012
PDEV sh15 try=0 kill=0 (0.0%) BJ try=60878 kill=11675 nodes=10485760
ADAPT sh15 rp[P=8192 try=13433 kill=1983 15%] pd[P=124 try=775095 kill=165222 21%]
DEATH sh17 liveend=0 estate=4385579 reach=2950036 dyn=91941 flow=0 geom=675570
PDEV sh17 try=0 kill=0 (0.0%) BJ try=63176 kill=14029 nodes=12582912
ADAPT sh17 rp[P=8192 try=10351 kill=1356 13%] pd[P=41 try=963386 kill=238677 25%]
DEATH sh19 liveend=0 estate=4586249 reach=3096221 dyn=85905 flow=0 geom=718330
PDEV sh19 try=0 kill=0 (0.0%) BJ try=65287 kill=14456 nodes=13631488
ADAPT sh19 rp[P=7830 try=7045 kill=715 10%] pd[P=70 try=1029338 kill=253863 25%]
DEATH sh8 liveend=0 estate=4374918 reach=2943952 dyn=92802 flow=0 geom=678055
PDEV sh8 try=0 kill=0 (0.0%) BJ try=62820 kill=13744 nodes=1048576
ADAPT sh8 rp[P=7957 try=7246 kill=790 11%] pd[P=86 try=966519 kill=239990 25%]
DEATH sh5 liveend=0 estate=4565740 reach=3063194 dyn=103548 flow=0 geom=699235
PDEV sh5 try=0 kill=0 (0.0%) BJ try=66260 kill=15464 nodes=5242880
ADAPT sh5 rp[P=8192 try=8334 kill=953 11%] pd[P=30 try=928289 kill=245043 26%]
DEATH sh4 liveend=0 estate=4558525 reach=3059829 dyn=101036 flow=0 geom=696807
PDEV sh4 try=0 kill=0 (0.0%) BJ try=66340 kill=15560 nodes=5242880
ADAPT sh4 rp[P=8192 try=9773 kill=1203 12%] pd[P=87 try=925235 kill=243973 26%]
DEATH sh11 liveend=0 estate=4595168 reach=3105700 dyn=81635 flow=0 geom=723867
PDEV sh11 try=0 kill=0 (0.0%) BJ try=65274 kill=14935 nodes=13631488
ADAPT sh11 rp[P=5369 try=8071 kill=915 11%] pd[P=44 try=1025538 kill=251523 25%]
DEATH sh18 liveend=0 estate=4092186 reach=2762417 dyn=76079 flow=0 geom=657559
PDEV sh18 try=0 kill=0 (0.0%) BJ try=58777 kill=12022 nodes=9437184
ADAPT sh18 rp[P=8192 try=8519 kill=1051 12%] pd[P=113 try=758763 kill=177308 23%]
DEATH sh12 liveend=0 estate=4317149 reach=2938902 dyn=70785 flow=0 geom=718706
PDEV sh12 try=0 kill=0 (0.0%) BJ try=60878 kill=12073 nodes=10485760
ADAPT sh12 rp[P=7369 try=9976 kill=1314 13%] pd[P=208 try=784561 kill=173359 22%]
DEATH sh21 liveend=0 estate=4685867 reach=3220507 dyn=66063 flow=0 geom=798183
PDEV sh21 try=0 kill=0 (0.0%) BJ try=65065 kill=12534 nodes=12582912
ADAPT sh21 rp[P=1892 try=11062 kill=1518 14%] pd[P=26 try=847354 kill=180617 21%]
DEATH sh0 liveend=0 estate=4534731 reach=3115020 dyn=67824 flow=0 geom=773395
PDEV sh0 try=0 kill=0 (0.0%) BJ try=62971 kill=12311 nodes=11534336
ADAPT sh0 rp[P=8192 try=10407 kill=1389 13%] pd[P=54 try=772624 kill=168518 22%]
DEATH sh1 liveend=0 estate=4753998 reach=3194888 dyn=102039 flow=0 geom=736734
PDEV sh1 try=0 kill=0 (0.0%) BJ try=68423 kill=15681 nodes=10485760
ADAPT sh1 rp[P=8192 try=8491 kill=996 12%] pd[P=54 try=986208 kill=256081 26%]
DEATH sh3 liveend=0 estate=4750423 reach=3204487 dyn=93199 flow=0 geom=771193
PDEV sh3 try=0 kill=0 (0.0%) BJ try=68206 kill=14027 nodes=13631488
ADAPT sh3 rp[P=6935 try=10229 kill=1298 13%] pd[P=123 try=822241 kill=194219 24%]
T3[t=2958s] shard7 r0 #1 cell=(42,62) sc=50272 nodes=16000001 r=-1
DEATH sh24 liveend=0 estate=4013632 reach=2722069 dyn=74033 flow=0 geom=660390
PDEV sh24 try=0 kill=0 (0.0%) BJ try=56691 kill=11108 nodes=8388608
ADAPT sh24 rp[P=8192 try=9973 kill=1356 14%] pd[P=141 try=761839 kill=168627 22%]
DEATH sh13 liveend=0 estate=4534249 reach=3042391 dyn=99034 flow=0 geom=695954
PDEV sh13 try=0 kill=0 (0.0%) BJ try=65288 kill=14401 nodes=13631488
ADAPT sh13 rp[P=8192 try=7157 kill=743 10%] pd[P=50 try=1007643 kill=251515 25%]
DEATH sh23 liveend=0 estate=4470420 reach=3013984 dyn=88047 flow=0 geom=697963
PDEV sh23 try=0 kill=0 (0.0%) BJ try=63228 kill=12903 nodes=12582912
ADAPT sh23 rp[P=8192 try=7854 kill=887 11%] pd[P=35 try=1044500 kill=246043 24%]
DEATH sh25 liveend=0 estate=4615782 reach=3124169 dyn=83244 flow=0 geom=728927
PDEV sh25 try=0 kill=0 (0.0%) BJ try=65270 kill=14351 nodes=13631488
ADAPT sh25 rp[P=8192 try=7993 kill=894 11%] pd[P=38 try=1081211 kill=257600 24%]
DEATH sh16 liveend=0 estate=4387169 reach=2946820 dyn=97727 flow=0 geom=674162
PDEV sh16 try=0 kill=0 (0.0%) BJ try=63214 kill=13849 nodes=12582912
ADAPT sh16 rp[P=6440 try=6519 kill=624 10%] pd[P=28 try=976670 kill=244205 25%]
DEATH sh20 liveend=0 estate=4851001 reach=3273160 dyn=90739 flow=0 geom=760291
PDEV sh20 try=0 kill=0 (0.0%) BJ try=69033 kill=15152 nodes=15728640
ADAPT sh20 rp[P=8192 try=7405 kill=731 10%] pd[P=62 try=1101224 kill=269010 24%]
DEATH sh14 liveend=0 estate=4626440 reach=3126537 dyn=86401 flow=0 geom=730307
PDEV sh14 try=0 kill=0 (0.0%) BJ try=65315 kill=13687 nodes=13631488
ADAPT sh14 rp[P=8192 try=6846 kill=677 10%] pd[P=38 try=1051964 kill=253196 24%]
DEATH sh17 liveend=0 estate=4531976 reach=3050889 dyn=91941 flow=0 geom=699310
PDEV sh17 try=0 kill=0 (0.0%) BJ try=65273 kill=14467 nodes=13631488
ADAPT sh17 rp[P=8192 try=10517 kill=1368 13%] pd[P=60 try=997629 kill=246696 25%]
DEATH sh10 liveend=0 estate=4699622 reach=3154384 dyn=96537 flow=0 geom=724401
PDEV sh10 try=0 kill=0 (0.0%) BJ try=67386 kill=14786 nodes=14680064
ADAPT sh10 rp[P=8192 try=8286 kill=914 11%] pd[P=87 try=1042617 kill=256968 25%]
DEATH sh5 liveend=0 estate=4712325 reach=3164216 dyn=103548 flow=0 geom=723095
PDEV sh5 try=0 kill=0 (0.0%) BJ try=68357 kill=15947 nodes=6291456
ADAPT sh5 rp[P=8192 try=8519 kill=969 11%] pd[P=35 try=961468 kill=253046 26%]
DEATH sh6 liveend=0 estate=4506226 reach=3072008 dyn=79542 flow=0 geom=752362
PDEV sh6 try=0 kill=0 (0.0%) BJ try=63427 kill=12789 nodes=11534336
ADAPT sh6 rp[P=8192 try=10115 kill=1327 13%] pd[P=82 try=780659 kill=174079 22%]
DEATH sh19 liveend=0 estate=4736826 reach=3199493 dyn=85905 flow=0 geom=743473
PDEV sh19 try=0 kill=0 (0.0%) BJ try=67385 kill=14948 nodes=14680064
ADAPT sh19 rp[P=8192 try=7205 kill=724 10%] pd[P=66 try=1067089 kill=262914 25%]
T3[t=2993s] shard20 r0 #1 cell=(47,57) sc=50271 nodes=16000001 r=-1
DEATH sh8 liveend=0 estate=4514127 reach=3036750 dyn=96388 flow=0 geom=698287
PDEV sh8 try=0 kill=0 (0.0%) BJ try=64917 kill=14292 nodes=2097152
ADAPT sh8 rp[P=6631 try=7458 kill=812 11%] pd[P=166 try=996745 kill=248381 25%]
DEATH sh4 liveend=0 estate=4698853 reach=3154070 dyn=104006 flow=0 geom=717701
PDEV sh4 try=0 kill=0 (0.0%) BJ try=68437 kill=16098 nodes=6291456
ADAPT sh4 rp[P=8192 try=10012 kill=1229 12%] pd[P=497 try=953452 kill=252277 26%]
DEATH sh18 liveend=0 estate=4245809 reach=2868332 dyn=76079 flow=0 geom=684804
PDEV sh18 try=0 kill=0 (0.0%) BJ try=60874 kill=12417 nodes=10485760
ADAPT sh18 rp[P=8192 try=8672 kill=1058 12%] pd[P=99 try=788957 kill=183681 23%]
DEATH sh15 liveend=0 estate=4523962 reach=3100344 dyn=68012 flow=0 geom=770927
PDEV sh15 try=0 kill=0 (0.0%) BJ try=62975 kill=12088 nodes=11534336
ADAPT sh15 rp[P=2563 try=13676 kill=2016 15%] pd[P=82 try=809446 kill=172579 21%]
DEATH sh24 liveend=0 estate=4164814 reach=2825278 dyn=74033 flow=0 geom=687388
PDEV sh24 try=0 kill=0 (0.0%) BJ try=58788 kill=11536 nodes=9437184
ADAPT sh24 rp[P=8192 try=10198 kill=1380 14%] pd[P=35 try=794897 kill=175736 22%]
DEATH sh16 liveend=0 estate=4533830 reach=3047556 dyn=97727 flow=0 geom=698083
PDEV sh16 try=0 kill=0 (0.0%) BJ try=65311 kill=14319 nodes=13631488
ADAPT sh16 rp[P=8192 try=6711 kill=642 10%] pd[P=260 try=1011525 kill=252391 25%]
DEATH sh13 liveend=0 estate=4684919 reach=3145687 dyn=99034 flow=0 geom=721193
PDEV sh13 try=0 kill=0 (0.0%) BJ try=67386 kill=14888 nodes=14680064
ADAPT sh13 rp[P=8192 try=7365 kill=765 10%] pd[P=46 try=1045919 kill=260732 25%]
DEATH sh11 liveend=0 estate=4749216 reach=3211204 dyn=82824 flow=0 geom=749062
PDEV sh11 try=0 kill=0 (0.0%) BJ try=67372 kill=15410 nodes=14680064
ADAPT sh11 rp[P=8192 try=8256 kill=931 11%] pd[P=30 try=1064113 kill=260857 25%]
DEATH sh25 liveend=0 estate=4765335 reach=3227468 dyn=83244 flow=0 geom=754015
PDEV sh25 try=0 kill=0 (0.0%) BJ try=67368 kill=14834 nodes=14680064
ADAPT sh25 rp[P=8192 try=8202 kill=915 11%] pd[P=47 try=1121158 kill=267137 24%]
DEATH sh23 liveend=0 estate=4620249 reach=3117075 dyn=88047 flow=0 geom=722957
PDEV sh23 try=0 kill=0 (0.0%) BJ try=65325 kill=13377 nodes=13631488
ADAPT sh23 rp[P=8192 try=8025 kill=899 11%] pd[P=190 try=1084682 kill=255703 24%]
DEATH sh5 liveend=0 estate=4863446 reach=3267868 dyn=103548 flow=0 geom=748652
PDEV sh5 try=0 kill=0 (0.0%) BJ try=70455 kill=16462 nodes=7340032
ADAPT sh5 rp[P=8192 try=8702 kill=983 11%] pd[P=38 try=997147 kill=261835 26%]
DEATH sh17 liveend=0 estate=4681785 reach=3153566 dyn=91941 flow=0 geom=724362
PDEV sh17 try=0 kill=0 (0.0%) BJ try=67371 kill=14932 nodes=14680064
ADAPT sh17 rp[P=8192 try=10669 kill=1375 13%] pd[P=48 try=1035367 kill=255882 25%]
DEATH sh7 liveend=0 estate=5038470 reach=3406304 dyn=93044 flow=0 geom=789929
PDEV sh7 try=0 kill=0 (0.0%) BJ try=72134 kill=16865 nodes=1048576
ADAPT sh7 rp[P=8192 try=8536 kill=940 11%] pd[P=30 try=1065008 kill=272206 26%]
DEATH sh14 liveend=0 estate=4776087 reach=3228397 dyn=87646 flow=0 geom=754431
PDEV sh14 try=0 kill=0 (0.0%) BJ try=67413 kill=14150 nodes=14680064
ADAPT sh14 rp[P=8192 try=7048 kill=697 10%] pd[P=35 try=1086845 kill=261582 24%]
DEATH sh9 liveend=0 estate=4606723 reach=3133152 dyn=80672 flow=0 geom=764536
PDEV sh9 try=0 kill=0 (0.0%) BJ try=65066 kill=13032 nodes=12582912
ADAPT sh9 rp[P=8192 try=8794 kill=1068 12%] pd[P=45 try=842773 kill=186900 22%]
DEATH sh10 liveend=0 estate=4837929 reach=3246521 dyn=98638 flow=0 geom=744881
PDEV sh10 try=0 kill=0 (0.0%) BJ try=69483 kill=15284 nodes=15728640
ADAPT sh10 rp[P=4545 try=8458 kill=929 11%] pd[P=7086 try=1074711 kill=265760 25%]
DEATH sh21 liveend=0 estate=4843462 reach=3333133 dyn=66063 flow=0 geom=827029
PDEV sh21 try=0 kill=0 (0.0%) BJ try=67162 kill=12984 nodes=13631488
ADAPT sh21 rp[P=8192 try=11398 kill=1565 14%] pd[P=176 try=880899 kill=187687 21%]
DEATH sh1 liveend=0 estate=4910264 reach=3301471 dyn=103832 flow=0 geom=762065
PDEV sh1 try=0 kill=0 (0.0%) BJ try=70520 kill=16153 nodes=11534336
ADAPT sh1 rp[P=8192 try=8690 kill=1015 12%] pd[P=92 try=1023829 kill=265184 26%]
DEATH sh22 liveend=0 estate=4728695 reach=3184613 dyn=96500 flow=0 geom=734528
PDEV sh22 try=0 kill=0 (0.0%) BJ try=67386 kill=13808 nodes=14680064
ADAPT sh22 rp[P=8192 try=6670 kill=623 9%] pd[P=482 try=1110547 kill=267030 24%]
DEATH sh18 liveend=0 estate=4397599 reach=2971801 dyn=76079 flow=0 geom=712046
PDEV sh18 try=0 kill=0 (0.0%) BJ try=62971 kill=12851 nodes=11534336
ADAPT sh18 rp[P=8192 try=8873 kill=1077 12%] pd[P=84 try=820949 kill=190648 23%]
T3[t=3098s] shard10 r0 #1 cell=(42,72) sc=50258 nodes=16000001 r=-1
DEATH sh19 liveend=0 estate=4889390 reach=3305211 dyn=86583 flow=0 geom=768962
PDEV sh19 try=0 kill=0 (0.0%) BJ try=69482 kill=15416 nodes=15728640
ADAPT sh19 rp[P=8192 try=7368 kill=734 10%] pd[P=1703 try=1105891 kill=272170 25%]
DEATH sh20 liveend=0 estate=5045581 reach=3407273 dyn=91024 flow=0 geom=792860
PDEV sh20 try=0 kill=0 (0.0%) BJ try=71673 kill=15791 nodes=1048576
ADAPT sh20 rp[P=8192 try=8036 kill=822 10%] pd[P=49 try=1150485 kill=280876 24%]
T3[t=3106s] shard19 r0 #1 cell=(46,64) sc=50267 nodes=15780080 r=0
DEATH sh8 liveend=0 estate=4654398 reach=3130228 dyn=98490 flow=0 geom=719197
PDEV sh8 try=0 kill=0 (0.0%) BJ try=67014 kill=14808 nodes=3145728
ADAPT sh8 rp[P=8192 try=7629 kill=824 11%] pd[P=106 try=1029019 kill=257394 25%]
DEATH sh2 liveend=0 estate=4958820 reach=3354751 dyn=89987 flow=0 geom=783295
PDEV sh2 try=0 kill=0 (0.0%) BJ try=70467 kill=16151 nodes=11534336
ADAPT sh2 rp[P=8192 try=8141 kill=890 11%] pd[P=147 try=1069337 kill=268138 25%]
DEATH sh16 liveend=0 estate=4683998 reach=3151026 dyn=97727 flow=0 geom=723175
PDEV sh16 try=0 kill=0 (0.0%) BJ try=67409 kill=14784 nodes=14680064
ADAPT sh16 rp[P=8192 try=6865 kill=650 9%] pd[P=53 try=1048599 kill=261250 25%]
DEATH sh3 liveend=0 estate=5058255 reach=3420420 dyn=93199 flow=0 geom=827834
PDEV sh3 try=0 kill=0 (0.0%) BJ try=72401 kill=14874 nodes=15728640
ADAPT sh3 rp[P=8192 try=10628 kill=1337 13%] pd[P=141 try=883704 kill=207677 24%]
DEATH sh0 liveend=0 estate=4692653 reach=3228041 dyn=68835 flow=0 geom=801662
PDEV sh0 try=0 kill=0 (0.0%) BJ try=65068 kill=12721 nodes=12582912
ADAPT sh0 rp[P=5615 try=10939 kill=1473 13%] pd[P=99 try=804365 kill=175089 22%]
DEATH sh24 liveend=0 estate=4318878 reach=2931388 dyn=74033 flow=0 geom=714953
PDEV sh24 try=0 kill=0 (0.0%) BJ try=60885 kill=11937 nodes=10485760
ADAPT sh24 rp[P=8192 try=10409 kill=1402 13%] pd[P=129 try=827928 kill=182905 22%]
DEATH sh11 liveend=0 estate=4899604 reach=3315051 dyn=82824 flow=0 geom=774451
PDEV sh11 try=0 kill=0 (0.0%) BJ try=69469 kill=15888 nodes=15728640
ADAPT sh11 rp[P=8192 try=8427 kill=944 11%] pd[P=113 try=1102451 kill=270282 25%]
DEATH sh23 liveend=0 estate=4769468 reach=3218896 dyn=88510 flow=0 geom=747367
PDEV sh23 try=0 kill=0 (0.0%) BJ try=67423 kill=13871 nodes=14680064
ADAPT sh23 rp[P=8192 try=8209 kill=913 11%] pd[P=38 try=1121135 kill=264439 24%]
DEATH sh6 liveend=0 estate=4662698 reach=3182832 dyn=80524 flow=0 geom=780109
PDEV sh6 try=0 kill=0 (0.0%) BJ try=65524 kill=13212 nodes=12582912
ADAPT sh6 rp[P=8192 try=10393 kill=1365 13%] pd[P=107 try=811541 kill=180551 22%]
DEATH sh14 liveend=0 estate=4926225 reach=3331438 dyn=87646 flow=0 geom=779621
PDEV sh14 try=0 kill=0 (0.0%) BJ try=69510 kill=14612 nodes=15728640
ADAPT sh14 rp[P=8192 try=7235 kill=714 10%] pd[P=84 try=1124346 kill=270823 24%]
T3[t=3140s] shard11 r0 #1 cell=(43,63) sc=50260 nodes=16000001 r=-1
DEATH sh1 liveend=0 estate=5058359 reach=3402755 dyn=103832 flow=0 geom=786586
PDEV sh1 try=0 kill=0 (0.0%) BJ try=72617 kill=16652 nodes=12582912
ADAPT sh1 rp[P=8192 try=8852 kill=1025 12%] pd[P=99 try=1057846 kill=273614 26%]
DEATH sh25 liveend=0 estate=4918018 reach=3332457 dyn=84296 flow=0 geom=779388
PDEV sh25 try=0 kill=0 (0.0%) BJ try=69465 kill=15304 nodes=15728640
ADAPT sh25 rp[P=8192 try=8399 kill=934 11%] pd[P=43 try=1159900 kill=276429 24%]
DEATH sh21 liveend=0 estate=4997684 reach=3441454 dyn=66063 flow=0 geom=855274
PDEV sh21 try=0 kill=0 (0.0%) BJ try=69260 kill=13406 nodes=14680064
ADAPT sh21 rp[P=8192 try=11616 kill=1588 14%] pd[P=66 try=911753 kill=194382 21%]
DEATH sh13 liveend=0 estate=4837290 reach=3251089 dyn=99948 flow=0 geom=746615
PDEV sh13 try=0 kill=0 (0.0%) BJ try=69483 kill=15359 nodes=15728640
ADAPT sh13 rp[P=7830 try=7563 kill=785 10%] pd[P=3132 try=1084216 kill=269915 25%]
T3[t=3154s] shard14 r0 #1 cell=(44,62) sc=50269 nodes=16000001 r=-1
DEATH sh17 liveend=0 estate=4834876 reach=3259319 dyn=92598 flow=0 geom=750084
PDEV sh17 try=0 kill=0 (0.0%) BJ try=69468 kill=15404 nodes=15728640
ADAPT sh17 rp[P=4905 try=10852 kill=1392 13%] pd[P=2271 try=1073859 kill=264977 25%]
T3[t=3158s] shard13 r0 #1 cell=(43,65) sc=50270 nodes=15760864 r=0
T3[t=3160s] shard3 r0 #7 cell=(36,58) sc=50277 nodes=16000001 r=-1
DEATH sh5 liveend=0 estate=5019240 reach=3375758 dyn=104590 flow=0 geom=774625
PDEV sh5 try=0 kill=0 (0.0%) BJ try=72552 kill=16914 nodes=8388608
ADAPT sh5 rp[P=8192 try=8881 kill=997 11%] pd[P=26 try=1035100 kill=270936 26%]
T3[t=3164s] shard25 r0 #1 cell=(52,68) sc=50270 nodes=16000001 r=-1
DEATH sh20 liveend=0 estate=5192231 reach=3507509 dyn=91024 flow=0 geom=817045
PDEV sh20 try=0 kill=0 (0.0%) BJ try=73770 kill=16266 nodes=2097152
ADAPT sh20 rp[P=6935 try=8210 kill=837 10%] pd[P=53 try=1186693 kill=289532 24%]
DEATH sh10 liveend=0 estate=5024227 reach=3372541 dyn=100857 flow=0 geom=774597
PDEV sh10 try=0 kill=0 (0.0%) BJ try=72123 kill=15898 nodes=1048576
ADAPT sh10 rp[P=7369 try=8876 kill=988 11%] pd[P=66 try=1115721 kill=275528 25%]
DEATH sh4 liveend=0 estate=4977344 reach=3342437 dyn=106312 flow=0 geom=760553
PDEV sh4 try=0 kill=0 (0.0%) BJ try=72632 kill=17189 nodes=8388608
ADAPT sh4 rp[P=3208 try=10395 kill=1265 12%] pd[P=35 try=1013125 kill=269729 27%]
DEATH sh18 liveend=0 estate=4550742 reach=3077106 dyn=76079 flow=0 geom=739605
PDEV sh18 try=0 kill=0 (0.0%) BJ try=65068 kill=13262 nodes=12582912
ADAPT sh18 rp[P=8192 try=9085 kill=1099 12%] pd[P=132 try=852824 kill=197613 23%]
DEATH sh2 liveend=0 estate=5106036 reach=3456056 dyn=89987 flow=0 geom=807870
PDEV sh2 try=0 kill=0 (0.0%) BJ try=72564 kill=16656 nodes=12582912
ADAPT sh2 rp[P=8192 try=8345 kill=910 11%] pd[P=35 try=1103574 kill=276595 25%]
DEATH sh22 liveend=0 estate=4879833 reach=3287437 dyn=98601 flow=0 geom=758639
PDEV sh22 try=0 kill=0 (0.0%) BJ try=69483 kill=14266 nodes=15728640
ADAPT sh22 rp[P=8192 try=6853 kill=638 9%] pd[P=94 try=1147211 kill=275941 24%]
DEATH sh8 liveend=0 estate=4793434 reach=3224163 dyn=98490 flow=0 geom=740879
PDEV sh8 try=0 kill=0 (0.0%) BJ try=69111 kill=15339 nodes=4194304
ADAPT sh8 rp[P=8192 try=7831 kill=845 11%] pd[P=47 try=1062989 kill=266788 25%]
DEATH sh19 liveend=0 estate=5035060 reach=3402306 dyn=89240 flow=0 geom=790563
PDEV sh19 try=0 kill=0 (0.0%) BJ try=71682 kill=15950 nodes=1048576
ADAPT sh19 rp[P=8192 try=7902 kill=812 10%] pd[P=26 try=1137095 kill=280815 25%]
T3[t=3194s] shard17 r0 #1 cell=(44,70) sc=50269 nodes=16000001 r=-1
DEATH sh24 liveend=0 estate=4470408 reach=3034857 dyn=74033 flow=0 geom=742025
PDEV sh24 try=0 kill=0 (0.0%) BJ try=62982 kill=12374 nodes=11534336
ADAPT sh24 rp[P=8192 try=10612 kill=1423 13%] pd[P=80 try=860979 kill=189985 22%]
DEATH sh6 liveend=0 estate=4816281 reach=3288533 dyn=80524 flow=0 geom=808043
PDEV sh6 try=0 kill=0 (0.0%) BJ try=67621 kill=13670 nodes=13631488
ADAPT sh6 rp[P=8192 try=10596 kill=1385 13%] pd[P=84 try=841963 kill=187230 22%]
DEATH sh21 liveend=0 estate=5146938 reach=3544684 dyn=66063 flow=0 geom=880348
PDEV sh21 try=0 kill=0 (0.0%) BJ try=71357 kill=13825 nodes=15728640
ADAPT sh21 rp[P=8192 try=11779 kill=1598 14%] pd[P=93 try=940442 kill=200473 21%]
T3[t=3206s] shard22 r0 #1 cell=(50,56) sc=50273 nodes=16000001 r=-1
T3[t=3213s] shard21 r0 #1 cell=(44,62) sc=50271 nodes=16000001 r=-1
DEATH sh1 liveend=0 estate=5208380 reach=3506381 dyn=103832 flow=0 geom=812046
PDEV sh1 try=0 kill=0 (0.0%) BJ try=74714 kill=17128 nodes=13631488
ADAPT sh1 rp[P=8192 try=9031 kill=1040 12%] pd[P=36 try=1094177 kill=282696 26%]
DEATH sh23 liveend=0 estate=4919866 reach=3322096 dyn=89183 flow=0 geom=772155
PDEV sh23 try=0 kill=0 (0.0%) BJ try=69520 kill=14356 nodes=15728640
ADAPT sh23 rp[P=8192 try=8397 kill=931 11%] pd[P=58 try=1159040 kill=273467 24%]
DEATH sh0 liveend=0 estate=4847748 reach=3338003 dyn=68835 flow=0 geom=829833
PDEV sh0 try=0 kill=0 (0.0%) BJ try=67165 kill=13170 nodes=13631488
ADAPT sh0 rp[P=8192 try=11155 kill=1496 13%] pd[P=66 try=835924 kill=181908 22%]
DEATH sh11 liveend=0 estate=5076021 reach=3434025 dyn=84089 flow=0 geom=801616
PDEV sh11 try=0 kill=0 (0.0%) BJ try=72109 kill=16546 nodes=1048576
ADAPT sh11 rp[P=8192 try=8897 kill=1005 11%] pd[P=49 try=1142280 kill=280996 25%]
DEATH sh16 liveend=0 estate=4834940 reach=3255313 dyn=98667 flow=0 geom=748134
PDEV sh16 try=0 kill=0 (0.0%) BJ try=69506 kill=15229 nodes=15728640
ADAPT sh16 rp[P=3455 try=7020 kill=662 9%] pd[P=4360 try=1086140 kill=270276 25%]
T3[t=3230s] shard16 r0 #1 cell=(44,64) sc=50277 nodes=15730024 r=0
T3[t=3231s] shard23 r0 #1 cell=(51,59) sc=50269 nodes=16000001 r=-1
DEATH sh5 liveend=0 estate=5170498 reach=3480354 dyn=104590 flow=0 geom=800265
PDEV sh5 try=0 kill=0 (0.0%) BJ try=74649 kill=17369 nodes=9437184
ADAPT sh5 rp[P=7046 try=9097 kill=1021 11%] pd[P=42 try=1070925 kill=279721 26%]
DEATH sh14 liveend=0 estate=5103061 reach=3451108 dyn=88959 flow=0 geom=806836
PDEV sh14 try=0 kill=0 (0.0%) BJ try=72150 kill=15285 nodes=1048576
ADAPT sh14 rp[P=7369 try=7780 kill=792 10%] pd[P=24 try=1166383 kill=282069 24%]
DEATH sh20 liveend=0 estate=5342275 reach=3611499 dyn=91024 flow=0 geom=842399
PDEV sh20 try=0 kill=0 (0.0%) BJ try=75867 kill=16723 nodes=3145728
ADAPT sh20 rp[P=8192 try=8406 kill=856 10%] pd[P=131 try=1225116 kill=298754 24%]
DEATH sh10 liveend=0 estate=5174372 reach=3476131 dyn=100857 flow=0 geom=799826
PDEV sh10 try=0 kill=0 (0.0%) BJ try=74220 kill=16359 nodes=2097152
ADAPT sh10 rp[P=5527 try=9046 kill=1001 11%] pd[P=61 try=1154015 kill=284849 25%]
DEATH sh9 liveend=0 estate=4914487 reach=3347068 dyn=80672 flow=0 geom=819963
PDEV sh9 try=0 kill=0 (0.0%) BJ try=69261 kill=13911 nodes=14680064
ADAPT sh9 rp[P=4145 try=9183 kill=1109 12%] pd[P=75 try=907428 kill=200846 22%]
DEATH sh18 liveend=0 estate=4702721 reach=3181557 dyn=76079 flow=0 geom=767054
PDEV sh18 try=0 kill=0 (0.0%) BJ try=67165 kill=13698 nodes=13631488
ADAPT sh18 rp[P=7369 try=9265 kill=1116 12%] pd[P=86 try=884456 kill=204451 23%]
DEATH sh24 liveend=0 estate=4619045 reach=3138361 dyn=74033 flow=0 geom=766657
PDEV sh24 try=0 kill=0 (0.0%) BJ try=65079 kill=12781 nodes=12582912
ADAPT sh24 rp[P=8192 try=10803 kill=1440 13%] pd[P=65 try=887599 kill=195345 22%]
DEATH sh2 liveend=0 estate=5257392 reach=3560913 dyn=89987 flow=0 geom=833555
PDEV sh2 try=0 kill=0 (0.0%) BJ try=74661 kill=17158 nodes=13631488
ADAPT sh2 rp[P=6241 try=8550 kill=932 11%] pd[P=31 try=1140759 kill=285804 25%]
DEATH sh13 liveend=0 estate=4993493 reach=3357652 dyn=101752 flow=0 geom=772077
PDEV sh13 try=0 kill=0 (0.0%) BJ try=71644 kill=15851 nodes=1048576
ADAPT sh13 rp[P=8192 try=7805 kill=811 10%] pd[P=50 try=1120264 kill=278557 25%]
DEATH sh6 liveend=0 estate=4968054 reach=3392503 dyn=80524 flow=0 geom=835582
PDEV sh6 try=0 kill=0 (0.0%) BJ try=69719 kill=14115 nodes=14680064
ADAPT sh6 rp[P=7830 try=10773 kill=1399 13%] pd[P=82 try=872659 kill=193944 22%]
DEATH sh4 liveend=0 estate=5123755 reach=3440243 dyn=110386 flow=0 geom=782667
PDEV sh4 try=0 kill=0 (0.0%) BJ try=74729 kill=17666 nodes=9437184
ADAPT sh4 rp[P=5284 try=10816 kill=1326 12%] pd[P=70 try=1043086 kill=277464 27%]
DEATH sh25 liveend=0 estate=5093358 reach=3449502 dyn=87942 flow=0 geom=805150
PDEV sh25 try=0 kill=0 (0.0%) BJ try=72105 kill=15894 nodes=1048576
ADAPT sh25 rp[P=8192 try=8642 kill=956 11%] pd[P=58 try=1202362 kill=287304 24%]
DEATH sh19 liveend=0 estate=5174183 reach=3495334 dyn=91544 flow=0 geom=811119
PDEV sh19 try=0 kill=0 (0.0%) BJ try=73779 kill=16468 nodes=2097152
ADAPT sh19 rp[P=6935 try=8070 kill=824 10%] pd[P=60 try=1168963 kill=289604 25%]
DEATH sh7 liveend=0 estate=5490678 reach=3717861 dyn=94212 flow=0 geom=865255
PDEV sh7 try=0 kill=0 (0.0%) BJ try=78425 kill=18313 nodes=4194304
ADAPT sh7 rp[P=8192 try=9081 kill=987 11%] pd[P=66 try=1169004 kill=297506 25%]
DEATH sh17 liveend=0 estate=5026407 reach=3391237 dyn=93722 flow=0 geom=781995
PDEV sh17 try=0 kill=0 (0.0%) BJ try=72108 kill=16027 nodes=1048576
ADAPT sh17 rp[P=8192 try=11298 kill=1451 13%] pd[P=58 try=1119911 kill=276227 25%]
DEATH sh24 liveend=0 estate=4765044 reach=3240438 dyn=74033 flow=0 geom=789769
PDEV sh24 try=0 kill=0 (0.0%) BJ try=67176 kill=13219 nodes=13631488
ADAPT sh24 rp[P=8192 try=10947 kill=1445 13%] pd[P=63 try=913713 kill=200480 22%]
DEATH sh3 liveend=0 estate=5258434 reach=3563948 dyn=93428 flow=0 geom=863734
PDEV sh3 try=0 kill=0 (0.0%) BJ try=75041 kill=15423 nodes=1048576
ADAPT sh3 rp[P=8192 try=10970 kill=1380 13%] pd[P=80 try=925637 kill=216460 23%]
DEATH sh5 liveend=0 estate=5317320 reach=3580865 dyn=104590 flow=0 geom=823917
PDEV sh5 try=0 kill=0 (0.0%) BJ try=76746 kill=17863 nodes=10485760
ADAPT sh5 rp[P=8192 try=9356 kill=1056 11%] pd[P=87 try=1103948 kill=287695 26%]
DEATH sh9 liveend=0 estate=5064306 reach=3451241 dyn=80672 flow=0 geom=844853
PDEV sh9 try=0 kill=0 (0.0%) BJ try=71358 kill=14311 nodes=15728640
ADAPT sh9 rp[P=7830 try=9379 kill=1126 12%] pd[P=134 try=934985 kill=206522 22%]
DEATH sh0 liveend=0 estate=5001455 reach=3445685 dyn=68835 flow=0 geom=857887
PDEV sh0 try=0 kill=0 (0.0%) BJ try=69263 kill=13602 nodes=14680064
ADAPT sh0 rp[P=8192 try=11372 kill=1520 13%] pd[P=158 try=865421 kill=188645 22%]
DEATH sh8 liveend=0 estate=4944966 reach=3327300 dyn=100767 flow=0 geom=765029
PDEV sh8 try=0 kill=0 (0.0%) BJ try=71208 kill=15840 nodes=5242880
ADAPT sh8 rp[P=8192 try=8131 kill=881 11%] pd[P=94 try=1098250 kill=275450 25%]
DEATH sh1 liveend=0 estate=5362448 reach=3613609 dyn=103928 flow=0 geom=838249
PDEV sh1 try=0 kill=0 (0.0%) BJ try=76812 kill=17644 nodes=14680064
ADAPT sh1 rp[P=4154 try=9243 kill=1066 12%] pd[P=171 try=1132206 kill=292114 26%]
T3[t=3309s] shard9 r0 #1 cell=(36,58) sc=50272 nodes=16000001 r=-1
DEATH sh13 liveend=0 estate=5140031 reach=3457988 dyn=101752 flow=0 geom=795807
PDEV sh13 try=0 kill=0 (0.0%) BJ try=73741 kill=16301 nodes=2097152
ADAPT sh13 rp[P=8192 try=7977 kill=824 10%] pd[P=132 try=1155602 kill=286865 25%]
DEATH sh15 liveend=0 estate=4838080 reach=3323555 dyn=69189 flow=0 geom=827191
PDEV sh15 try=0 kill=0 (0.0%) BJ try=67169 kill=12968 nodes=13631488
ADAPT sh15 rp[P=8192 try=14891 kill=2206 15%] pd[P=25 try=872620 kill=185958 21%]
DEATH sh11 liveend=0 estate=5215920 reach=3526715 dyn=87631 flow=0 geom=821872
PDEV sh11 try=0 kill=0 (0.0%) BJ try=74206 kill=17052 nodes=2097152
ADAPT sh11 rp[P=7830 try=9316 kill=1064 11%] pd[P=107 try=1171754 kill=289063 25%]
DEATH sh6 liveend=0 estate=5120155 reach=3497705 dyn=80524 flow=0 geom=861999
PDEV sh6 try=0 kill=0 (0.0%) BJ try=71816 kill=14493 nodes=15728640
ADAPT sh6 rp[P=8192 try=10965 kill=1419 13%] pd[P=106 try=901724 kill=200242 22%]
DEATH sh22 liveend=0 estate=5073638 reach=3421316 dyn=99616 flow=0 geom=790886
PDEV sh22 try=0 kill=0 (0.0%) BJ try=72123 kill=14843 nodes=1048576
ADAPT sh22 rp[P=8192 try=7081 kill=655 9%] pd[P=99 try=1196778 kill=287611 24%]
DEATH sh18 liveend=0 estate=4854626 reach=3286573 dyn=76079 flow=0 geom=794512
PDEV sh18 try=0 kill=0 (0.0%) BJ try=69263 kill=14144 nodes=14680064
ADAPT sh18 rp[P=4277 try=9424 kill=1126 12%] pd[P=236 try=916390 kill=211438 23%]
DEATH sh10 liveend=0 estate=5327417 reach=3582333 dyn=100859 flow=0 geom=825612
PDEV sh10 try=0 kill=0 (0.0%) BJ try=76317 kill=16828 nodes=3145728
ADAPT sh10 rp[P=8192 try=9225 kill=1015 11%] pd[P=61 try=1193386 kill=294550 25%]
T3[t=3339s] shard6 r0 #4 cell=(36,58) sc=50272 nodes=16000001 r=-1
DEATH sh14 liveend=0 estate=5242854 reach=3544299 dyn=91885 flow=0 geom=827443
PDEV sh14 try=0 kill=0 (0.0%) BJ try=74247 kill=15828 nodes=2097152
ADAPT sh14 rp[P=8192 try=7948 kill=804 10%] pd[P=61 try=1198438 kill=290881 24%]
DEATH sh7 liveend=0 estate=5636885 reach=3817989 dyn=94212 flow=0 geom=888799
PDEV sh7 try=0 kill=0 (0.0%) BJ try=80522 kill=18780 nodes=5242880
ADAPT sh7 rp[P=8192 try=9295 kill=1008 11%] pd[P=46 try=1202481 kill=305541 25%]
DEATH sh20 liveend=0 estate=5493233 reach=3714990 dyn=92641 flow=0 geom=867089
PDEV sh20 try=0 kill=0 (0.0%) BJ try=77964 kill=17203 nodes=4194304
ADAPT sh20 rp[P=8192 try=8629 kill=883 10%] pd[P=33 try=1261594 kill=307563 24%]
DEATH sh12 liveend=0 estate=4764884 reach=3247176 dyn=73530 flow=0 geom=792976
PDEV sh12 try=0 kill=0 (0.0%) BJ try=67169 kill=13470 nodes=13631488
ADAPT sh12 rp[P=8192 try=10563 kill=1368 13%] pd[P=47 try=885100 kill=197425 22%]
DEATH sh23 liveend=0 estate=5111623 reach=3453791 dyn=90001 flow=0 geom=803522
PDEV sh23 try=0 kill=0 (0.0%) BJ try=72160 kill=14968 nodes=1048576
ADAPT sh23 rp[P=8192 try=8692 kill=966 11%] pd[P=44 try=1207439 kill=285002 24%]
DEATH sh21 liveend=0 estate=5342972 reach=3684188 dyn=66434 flow=0 geom=915115
PDEV sh21 try=0 kill=0 (0.0%) BJ try=73997 kill=14339 nodes=1048576
ADAPT sh21 rp[P=3962 try=12101 kill=1639 14%] pd[P=44 try=978504 kill=208389 21%]
DEATH sh17 liveend=0 estate=5174413 reach=3492436 dyn=93722 flow=0 geom=806508
PDEV sh17 try=0 kill=0 (0.0%) BJ try=74205 kill=16509 nodes=2097152
ADAPT sh17 rp[P=8192 try=11463 kill=1461 13%] pd[P=70 try=1154905 kill=284693 25%]
DEATH sh3 liveend=0 estate=5411616 reach=3669520 dyn=93428 flow=0 geom=891646
PDEV sh3 try=0 kill=0 (0.0%) BJ try=77138 kill=15868 nodes=2097152
ADAPT sh3 rp[P=8192 try=11121 kill=1387 12%] pd[P=65 try=955220 kill=222955 23%]
DEATH sh2 liveend=0 estate=5412063 reach=3666569 dyn=91831 flow=0 geom=858718
PDEV sh2 try=0 kill=0 (0.0%) BJ try=76759 kill=17607 nodes=14680064
ADAPT sh2 rp[P=8192 try=8729 kill=946 11%] pd[P=66 try=1177552 kill=294849 25%]
DEATH sh5 liveend=0 estate=5467801 reach=3685083 dyn=104590 flow=0 geom=849528
PDEV sh5 try=0 kill=0 (0.0%) BJ try=78843 kill=18337 nodes=11534336
ADAPT sh5 rp[P=8192 try=9547 kill=1072 11%] pd[P=63 try=1139963 kill=296588 26%]
DEATH sh24 liveend=0 estate=4917384 reach=3345135 dyn=74033 flow=0 geom=817204
PDEV sh24 try=0 kill=0 (0.0%) BJ try=69274 kill=13619 nodes=14680064
ADAPT sh24 rp[P=8192 try=11168 kill=1470 13%] pd[P=66 try=945570 kill=207356 22%]
DEATH sh25 liveend=0 estate=5233656 reach=3543465 dyn=90687 flow=0 geom=825882
PDEV sh25 try=0 kill=0 (0.0%) BJ try=74202 kill=16394 nodes=2097152
ADAPT sh25 rp[P=8192 try=8962 kill=996 11%] pd[P=37 try=1237092 kill=296542 24%]
DEATH sh0 liveend=0 estate=5154621 reach=3551839 dyn=68835 flow=0 geom=885734
PDEV sh0 try=0 kill=0 (0.0%) BJ try=71360 kill=14069 nodes=15728640
ADAPT sh0 rp[P=8192 try=11608 kill=1546 13%] pd[P=84 try=894261 kill=195027 22%]
DEATH sh8 liveend=0 estate=5093320 reach=3429320 dyn=100767 flow=0 geom=789497
PDEV sh8 try=0 kill=0 (0.0%) BJ try=73305 kill=16296 nodes=6291456
ADAPT sh8 rp[P=8192 try=8299 kill=893 11%] pd[P=87 try=1134457 kill=284140 25%]
DEATH sh19 liveend=0 estate=5314261 reach=3588915 dyn=95164 flow=0 geom=831472
PDEV sh19 try=0 kill=0 (0.0%) BJ try=75876 kill=16993 nodes=3145728
ADAPT sh19 rp[P=8192 try=8428 kill=869 10%] pd[P=26 try=1199990 kill=298160 25%]
T3[t=3394s] shard0 r0 #1 cell=(46,58) sc=50269 nodes=16000001 r=-1
DEATH sh4 liveend=0 estate=5420874 reach=3644699 dyn=110386 flow=0 geom=831978
PDEV sh4 try=0 kill=0 (0.0%) BJ try=78923 kill=18598 nodes=11534336
ADAPT sh4 rp[P=5886 try=11179 kill=1356 12%] pd[P=48 try=1112419 kill=294397 26%]
DEATH sh13 liveend=0 estate=5289201 reach=3560425 dyn=101752 flow=0 geom=820616
PDEV sh13 try=0 kill=0 (0.0%) BJ try=75838 kill=16767 nodes=3145728
ADAPT sh13 rp[P=8192 try=8151 kill=837 10%] pd[P=30 try=1193155 kill=295847 25%]
DEATH sh15 liveend=0 estate=4990972 reach=3428925 dyn=69189 flow=0 geom=854727
PDEV sh15 try=0 kill=0 (0.0%) BJ try=69267 kill=13370 nodes=14680064
ADAPT sh15 rp[P=5615 try=15092 kill=2226 15%] pd[P=71 try=904171 kill=192890 21%]
DEATH sh22 liveend=0 estate=5222807 reach=3523804 dyn=99616 flow=0 geom=815683
PDEV sh22 try=0 kill=0 (0.0%) BJ try=74220 kill=15332 nodes=2097152
ADAPT sh22 rp[P=8192 try=7226 kill=660 9%] pd[P=53 try=1235217 kill=296694 24%]
DEATH sh7 liveend=0 estate=5787928 reach=3921787 dyn=94212 flow=0 geom=914505
PDEV sh7 try=0 kill=0 (0.0%) BJ try=82619 kill=19252 nodes=6291456
ADAPT sh7 rp[P=8192 try=9491 kill=1026 11%] pd[P=72 try=1238102 kill=314366 25%]
DEATH sh23 liveend=0 estate=5258306 reach=3554218 dyn=90001 flow=0 geom=827649
PDEV sh23 try=0 kill=0 (0.0%) BJ try=74257 kill=15449 nodes=2097152
ADAPT sh23 rp[P=8192 try=8852 kill=976 11%] pd[P=82 try=1244399 kill=293699 24%]
DEATH sh1 liveend=0 estate=5517692 reach=3720088 dyn=105094 flow=0 geom=863818
PDEV sh1 try=0 kill=0 (0.0%) BJ try=78909 kill=18128 nodes=15728640
ADAPT sh1 rp[P=6527 try=9490 kill=1096 12%] pd[P=87 try=1169257 kill=301087 26%]
DEATH sh3 liveend=0 estate=5564269 reach=3774744 dyn=93428 flow=0 geom=918715
PDEV sh3 try=0 kill=0 (0.0%) BJ try=79235 kill=16305 nodes=3145728
ADAPT sh3 rp[P=8192 try=11273 kill=1394 12%] pd[P=74 try=984917 kill=229457 23%]
DEATH sh14 liveend=0 estate=5381941 reach=3637449 dyn=94145 flow=0 geom=848004
PDEV sh14 try=0 kill=0 (0.0%) BJ try=76344 kill=16323 nodes=3145728
ADAPT sh14 rp[P=8192 try=8143 kill=822 10%] pd[P=87 try=1231152 kill=299917 24%]
DEATH sh2 liveend=0 estate=5559951 reach=3767737 dyn=91831 flow=0 geom=883366
PDEV sh2 try=0 kill=0 (0.0%) BJ try=78856 kill=18104 nodes=15728640
ADAPT sh2 rp[P=8192 try=8877 kill=952 11%] pd[P=110 try=1211271 kill=303209 25%]
DEATH sh17 liveend=0 estate=5326559 reach=3598536 dyn=93722 flow=0 geom=832316
PDEV sh17 try=0 kill=0 (0.0%) BJ try=76302 kill=17015 nodes=3145728
ADAPT sh17 rp[P=5872 try=11636 kill=1475 13%] pd[P=26 try=1194257 kill=294271 25%]
DEATH sh10 liveend=0 estate=5481880 reach=3688308 dyn=102227 flow=0 geom=850910
PDEV sh10 try=0 kill=0 (0.0%) BJ try=78414 kill=17321 nodes=4194304
ADAPT sh10 rp[P=8192 try=9436 kill=1038 11%] pd[P=44 try=1231516 kill=303811 25%]
DEATH sh12 liveend=0 estate=4906599 reach=3342039 dyn=73759 flow=0 geom=815330
PDEV sh12 try=0 kill=0 (0.0%) BJ try=69267 kill=13985 nodes=14680064
ADAPT sh12 rp[P=8192 try=10730 kill=1379 13%] pd[P=53 try=918678 kill=206189 22%]
T3[t=3445s] shard1 r0 #2 cell=(36,58) sc=50265 nodes=16000001 r=-1
DEATH sh16 liveend=0 estate=5113516 reach=3440423 dyn=105027 flow=0 geom=788800
PDEV sh16 try=0 kill=0 (0.0%) BJ try=73703 kill=16271 nodes=2097152
ADAPT sh16 rp[P=8192 try=7719 kill=757 10%] pd[P=54 try=1146737 kill=287243 25%]
DEATH sh9 liveend=0 estate=5261448 reach=3591598 dyn=81004 flow=0 geom=879883
PDEV sh9 try=0 kill=0 (0.0%) BJ try=73998 kill=14900 nodes=1048576
ADAPT sh9 rp[P=8192 try=9645 kill=1154 12%] pd[P=125 try=973304 kill=214564 22%]
DEATH sh8 liveend=0 estate=5241608 reach=3530962 dyn=100767 flow=0 geom=813833
PDEV sh8 try=0 kill=0 (0.0%) BJ try=75403 kill=16751 nodes=7340032
ADAPT sh8 rp[P=6631 try=8450 kill=900 11%] pd[P=107 try=1170100 kill=292568 25%]
T3[t=3456s] shard2 r0 #2 cell=(41,63) sc=50267 nodes=16000001 r=-1
DEATH sh21 liveend=0 estate=5499249 reach=3793872 dyn=66434 flow=0 geom=943397
PDEV sh21 try=0 kill=0 (0.0%) BJ try=76094 kill=14766 nodes=2097152
ADAPT sh21 rp[P=8192 try=12331 kill=1665 14%] pd[P=113 try=1012750 kill=215744 21%]
DEATH sh18 liveend=0 estate=5012556 reach=3399492 dyn=76079 flow=0 geom=823290
PDEV sh18 try=0 kill=0 (0.0%) BJ try=71360 kill=14549 nodes=15728640
ADAPT sh18 rp[P=8192 try=9647 kill=1151 12%] pd[P=53 try=948126 kill=218198 23%]
DEATH sh3 liveend=0 estate=5710310 reach=3876394 dyn=93428 flow=0 geom=941814
PDEV sh3 try=0 kill=0 (0.0%) BJ try=81332 kill=16748 nodes=4194304
ADAPT sh3 rp[P=8192 try=11457 kill=1409 12%] pd[P=148 try=1010392 kill=234578 23%]
DEATH sh25 liveend=0 estate=5371979 reach=3635513 dyn=92600 flow=0 geom=846149
PDEV sh25 try=0 kill=0 (0.0%) BJ try=76299 kill=16906 nodes=3145728
ADAPT sh25 rp[P=8192 try=9141 kill=1011 11%] pd[P=28 try=1271831 kill=305681 24%]
DEATH sh24 liveend=0 estate=5071882 reach=3453004 dyn=74033 flow=0 geom=845187
PDEV sh24 try=0 kill=0 (0.0%) BJ try=71371 kill=14032 nodes=15728640
ADAPT sh24 rp[P=8192 try=11329 kill=1480 13%] pd[P=79 try=977641 kill=214240 22%]
DEATH sh19 liveend=0 estate=5453295 reach=3683110 dyn=95164 flow=0 geom=853247
PDEV sh19 try=0 kill=0 (0.0%) BJ try=77973 kill=17529 nodes=4194304
ADAPT sh19 rp[P=6935 try=8624 kill=887 10%] pd[P=167 try=1233534 kill=307305 25%]
DEATH sh6 liveend=0 estate=5316281 reach=3637999 dyn=80738 flow=0 geom=896861
PDEV sh6 try=0 kill=0 (0.0%) BJ try=74456 kill=15042 nodes=1048576
ADAPT sh6 rp[P=8192 try=11599 kill=1514 13%] pd[P=50 try=939738 kill=208187 22%]
DEATH sh22 liveend=0 estate=5369085 reach=3623908 dyn=99616 flow=0 geom=839088
PDEV sh22 try=0 kill=0 (0.0%) BJ try=76317 kill=15765 nodes=3145728
ADAPT sh22 rp[P=8192 try=7396 kill=672 9%] pd[P=66 try=1271407 kill=305089 24%]
DEATH sh5 liveend=0 estate=5623312 reach=3792242 dyn=105535 flow=0 geom=875301
PDEV sh5 try=0 kill=0 (0.0%) BJ try=80940 kill=18828 nodes=12582912
ADAPT sh5 rp[P=8192 try=9719 kill=1085 11%] pd[P=44 try=1178068 kill=305665 26%]
DEATH sh15 liveend=0 estate=5143547 reach=3533920 dyn=69189 flow=0 geom=882390
PDEV sh15 try=0 kill=0 (0.0%) BJ try=71364 kill=13797 nodes=15728640
ADAPT sh15 rp[P=4680 try=15270 kill=2242 15%] pd[P=151 try=935859 kill=199746 21%]
DEATH sh4 liveend=0 estate=5575757 reach=3752548 dyn=110502 flow=0 geom=858366
PDEV sh4 try=0 kill=0 (0.0%) BJ try=81020 kill=19071 nodes=12582912
ADAPT sh4 rp[P=5284 try=11355 kill=1370 12%] pd[P=66 try=1150892 kill=303692 26%]
T3[t=3495s] shard18 r0 #1 cell=(43,63) sc=50273 nodes=16000001 r=-1
DEATH sh7 liveend=0 estate=5940214 reach=4027606 dyn=94212 flow=0 geom=940375
PDEV sh7 try=0 kill=0 (0.0%) BJ try=84717 kill=19727 nodes=7340032
ADAPT sh7 rp[P=8192 try=9651 kill=1036 11%] pd[P=69 try=1275037 kill=323459 25%]
DEATH sh23 liveend=0 estate=5408204 reach=3657615 dyn=90001 flow=0 geom=852737
PDEV sh23 try=0 kill=0 (0.0%) BJ try=76354 kill=15888 nodes=3145728
ADAPT sh23 rp[P=8192 try=9085 kill=1003 11%] pd[P=27 try=1284412 kill=303505 24%]
DEATH sh20 liveend=0 estate=5792505 reach=3921321 dyn=92666 flow=0 geom=917157
PDEV sh20 try=0 kill=0 (0.0%) BJ try=82158 kill=18150 nodes=6291456
ADAPT sh20 rp[P=8192 try=8984 kill=910 10%] pd[P=46 try=1336338 kill=325713 24%]
T3[t=3505s] shard15 r0 #1 cell=(42,68) sc=50266 nodes=16000001 r=-1
T3[t=3510s] shard24 r0 #1 cell=(44,70) sc=50260 nodes=16000001 r=-1
DEATH sh14 liveend=0 estate=5520743 reach=3731368 dyn=94145 flow=0 geom=869591
PDEV sh14 try=0 kill=0 (0.0%) BJ try=78441 kill=16859 nodes=4194304
ADAPT sh14 rp[P=5795 try=8345 kill=844 10%] pd[P=65 try=1265349 kill=309271 24%]
DEATH sh3 liveend=0 estate=5860141 reach=3980618 dyn=93428 flow=0 geom=967176
PDEV sh3 try=0 kill=0 (0.0%) BJ try=83429 kill=17139 nodes=5242880
ADAPT sh3 rp[P=8192 try=11653 kill=1427 12%] pd[P=103 try=1037416 kill=240147 23%]
DEATH sh11 liveend=0 estate=5494373 reach=3715092 dyn=89771 flow=0 geom=864621
PDEV sh11 try=0 kill=0 (0.0%) BJ try=78400 kill=18144 nodes=4194304
ADAPT sh11 rp[P=8192 try=9750 kill=1110 11%] pd[P=58 try=1237957 kill=307605 25%]
DEATH sh13 liveend=0 estate=5445903 reach=3669479 dyn=102177 flow=0 geom=847076
PDEV sh13 try=0 kill=0 (0.0%) BJ try=77935 kill=17254 nodes=4194304
ADAPT sh13 rp[P=8192 try=8367 kill=862 10%] pd[P=38 try=1232917 kill=305207 25%]
DEATH sh21 liveend=0 estate=5652333 reach=3900715 dyn=66434 flow=0 geom=971269
PDEV sh21 try=0 kill=0 (0.0%) BJ try=78191 kill=15216 nodes=3145728
ADAPT sh21 rp[P=8192 try=12515 kill=1681 13%] pd[P=267 try=1043470 kill=222530 21%]
DEATH sh9 liveend=0 estate=5416047 reach=3698981 dyn=81004 flow=0 geom=907731
PDEV sh9 try=0 kill=0 (0.0%) BJ try=76095 kill=15336 nodes=2097152
ADAPT sh9 rp[P=7830 try=9828 kill=1171 12%] pd[P=60 try=1004386 kill=221302 22%]
DEATH sh25 liveend=0 estate=5510483 reach=3728914 dyn=92703 flow=0 geom=867440
PDEV sh25 try=0 kill=0 (0.0%) BJ try=78396 kill=17422 nodes=4194304
ADAPT sh25 rp[P=7830 try=9316 kill=1025 11%] pd[P=28 try=1308782 kill=315369 24%]
DEATH sh5 liveend=0 estate=5772339 reach=3894939 dyn=105535 flow=0 geom=900029
PDEV sh5 try=0 kill=0 (0.0%) BJ try=83037 kill=19317 nodes=13631488
ADAPT sh5 rp[P=8192 try=9895 kill=1098 11%] pd[P=30 try=1212701 kill=314185 26%]
DEATH sh1 liveend=0 estate=5709351 reach=3852619 dyn=105902 flow=0 geom=895806
PDEV sh1 try=0 kill=0 (0.0%) BJ try=81549 kill=18730 nodes=1048576
ADAPT sh1 rp[P=8192 try=9811 kill=1136 12%] pd[P=66 try=1213634 kill=311801 26%]
DEATH sh6 liveend=0 estate=5470139 reach=3745386 dyn=80738 flow=0 geom=924996
PDEV sh6 try=0 kill=0 (0.0%) BJ try=76553 kill=15473 nodes=2097152
ADAPT sh6 rp[P=8192 try=11832 kill=1543 13%] pd[P=107 try=969772 kill=214810 22%]
DEATH sh12 liveend=0 estate=5048775 reach=3436116 dyn=75901 flow=0 geom=837029
PDEV sh12 try=0 kill=0 (0.0%) BJ try=71364 kill=14496 nodes=15728640
ADAPT sh12 rp[P=8192 try=10937 kill=1399 13%] pd[P=58 try=950645 kill=214617 23%]
DEATH sh2 liveend=0 estate=5735495 reach=3885226 dyn=95386 flow=0 geom=909856
PDEV sh2 try=0 kill=0 (0.0%) BJ try=81496 kill=18735 nodes=1048576
ADAPT sh2 rp[P=8192 try=9516 kill=1047 11%] pd[P=182 try=1245775 kill=312769 25%]
DEATH sh8 liveend=0 estate=5394585 reach=3636140 dyn=101931 flow=0 geom=839139
PDEV sh8 try=0 kill=0 (0.0%) BJ try=77500 kill=17242 nodes=8388608
ADAPT sh8 rp[P=8192 try=8643 kill=918 11%] pd[P=207 try=1207214 kill=301458 25%]
DEATH sh17 liveend=0 estate=5482599 reach=3706012 dyn=95331 flow=0 geom=857872
PDEV sh17 try=0 kill=0 (0.0%) BJ try=78399 kill=17477 nodes=4194304
ADAPT sh17 rp[P=8192 try=11845 kill=1496 13%] pd[P=38 try=1232348 kill=303336 25%]
DEATH sh21 liveend=0 estate=5799977 reach=4003077 dyn=66434 flow=0 geom=995128
PDEV sh21 try=0 kill=0 (0.0%) BJ try=80288 kill=15590 nodes=4194304
ADAPT sh21 rp[P=8192 try=12737 kill=1705 13%] pd[P=141 try=1070263 kill=228014 21%]
DEATH sh19 liveend=0 estate=5602093 reach=3783987 dyn=98742 flow=0 geom=876440
PDEV sh19 try=0 kill=0 (0.0%) BJ try=80070 kill=17954 nodes=5242880
ADAPT sh19 rp[P=8192 try=8898 kill=922 10%] pd[P=69 try=1266605 kill=315663 25%]
T3[t=3583s] shard12 r0 #1 cell=(41,69) sc=50258 nodes=16000001 r=-1
DEATH sh3 liveend=0 estate=6013068 reach=4085721 dyn=93428 flow=0 geom=994878
PDEV sh3 try=0 kill=0 (0.0%) BJ try=85526 kill=17580 nodes=6291456
ADAPT sh3 rp[P=8192 try=11884 kill=1454 12%] pd[P=105 try=1067931 kill=246867 23%]
DEATH sh10 liveend=0 estate=5778712 reach=3892257 dyn=102227 flow=0 geom=900283
PDEV sh10 try=0 kill=0 (0.0%) BJ try=82608 kill=18224 nodes=6291456
ADAPT sh10 rp[P=8192 try=9758 kill=1058 11%] pd[P=44 try=1305467 kill=321790 25%]
DEATH sh22 liveend=0 estate=5522360 reach=3729199 dyn=100354 flow=0 geom=864518
PDEV sh22 try=0 kill=0 (0.0%) BJ try=78414 kill=16266 nodes=4194304
ADAPT sh22 rp[P=8192 try=7658 kill=707 9%] pd[P=24 try=1310404 kill=314282 24%]
DEATH sh7 liveend=0 estate=6095102 reach=4134099 dyn=95031 flow=0 geom=966192
PDEV sh7 try=0 kill=0 (0.0%) BJ try=86814 kill=20207 nodes=8388608
ADAPT sh7 rp[P=6935 try=9839 kill=1053 11%] pd[P=72 try=1312025 kill=332356 25%]
DEATH sh1 liveend=0 estate=5856666 reach=3953623 dyn=105902 flow=0 geom=919872
PDEV sh1 try=0 kill=0 (0.0%) BJ try=83646 kill=19211 nodes=2097152
ADAPT sh1 rp[P=4680 try=9984 kill=1151 12%] pd[P=74 try=1246718 kill=319861 26%]
DEATH sh5 liveend=0 estate=5920160 reach=3996723 dyn=105535 flow=0 geom=924655
PDEV sh5 try=0 kill=0 (0.0%) BJ try=85135 kill=19812 nodes=14680064
ADAPT sh5 rp[P=8192 try=10093 kill=1117 11%] pd[P=60 try=1246980 kill=322554 26%]
DEATH sh21 liveend=0 estate=5945862 reach=4104984 dyn=66434 flow=0 geom=1018498
PDEV sh21 try=0 kill=0 (0.0%) BJ try=82385 kill=15987 nodes=5242880
ADAPT sh21 rp[P=8192 try=12944 kill=1726 13%] pd[P=165 try=1096330 kill=233251 21%]
T3[t=3619s] shard0 r0 #2 cell=(99,39) sc=50268 nodes=979748 r=0
DEATH sh23 liveend=0 estate=5562012 reach=3762744 dyn=91717 flow=0 geom=877715
PDEV sh23 try=0 kill=0 (0.0%) BJ try=78451 kill=16362 nodes=4194304
ADAPT sh23 rp[P=8192 try=9293 kill=1024 11%] pd[P=38 try=1322939 kill=312754 24%]
DEATH sh9 liveend=0 estate=5569185 reach=3805104 dyn=81004 flow=0 geom=935504
PDEV sh9 try=0 kill=0 (0.0%) BJ try=78192 kill=15726 nodes=3145728
ADAPT sh9 rp[P=5201 try=10007 kill=1187 12%] pd[P=112 try=1036112 kill=228206 22%]
DEATH sh20 liveend=0 estate=5948087 reach=4027122 dyn=95006 flow=0 geom=942080
PDEV sh20 try=0 kill=0 (0.0%) BJ try=84256 kill=18630 nodes=7340032
ADAPT sh20 rp[P=8192 try=9139 kill=918 10%] pd[P=47 try=1373903 kill=334744 24%]
DEATH sh6 liveend=0 estate=5623979 reach=3852092 dyn=80738 flow=0 geom=953072
PDEV sh6 try=0 kill=0 (0.0%) BJ try=78650 kill=15913 nodes=3145728
ADAPT sh6 rp[P=8192 try=12033 kill=1563 13%] pd[P=303 try=1000390 kill=221617 22%]
DEATH sh4 liveend=0 estate=5872036 reach=3955454 dyn=111757 flow=0 geom=906759
PDEV sh4 try=0 kill=0 (0.0%) BJ try=85215 kill=20031 nodes=14680064
ADAPT sh4 rp[P=8192 try=11727 kill=1400 12%] pd[P=52 try=1217993 kill=320117 26%]
T3[t=3635s] shard0 r0 #3 cell=(5,39) sc=50252 nodes=104092 r=0
DEATH sh17 liveend=0 estate=5630084 reach=3806642 dyn=95331 flow=0 geom=882170
PDEV sh17 try=0 kill=0 (0.0%) BJ try=80496 kill=17976 nodes=5242880
ADAPT sh17 rp[P=8192 try=12013 kill=1507 13%] pd[P=113 try=1267315 kill=311907 25%]
DEATH sh11 liveend=0 estate=5645472 reach=3817831 dyn=92339 flow=0 geom=888682
PDEV sh11 try=0 kill=0 (0.0%) BJ try=80497 kill=18639 nodes=5242880
ADAPT sh11 rp[P=8192 try=10466 kill=1225 12%] pd[P=56 try=1272475 kill=315894 25%]
DEATH sh8 liveend=0 estate=5546074 reach=3740581 dyn=101931 flow=0 geom=864484
PDEV sh8 try=0 kill=0 (0.0%) BJ try=79597 kill=17718 nodes=9437184
ADAPT sh8 rp[P=8192 try=8817 kill=931 11%] pd[P=99 try=1245359 kill=310615 25%]
DEATH sh19 liveend=0 estate=5749317 reach=3884529 dyn=98742 flow=0 geom=900656
PDEV sh19 try=0 kill=0 (0.0%) BJ try=82167 kill=18413 nodes=6291456
ADAPT sh19 rp[P=7957 try=9075 kill=935 10%] pd[P=79 try=1302458 kill=324318 25%]
DEATH sh3 liveend=0 estate=6165003 reach=4190521 dyn=93428 flow=0 geom=1022597
PDEV sh3 try=0 kill=0 (0.0%) BJ try=87624 kill=18003 nodes=7340032
ADAPT sh3 rp[P=8192 try=12069 kill=1469 12%] pd[P=138 try=1098435 kill=253610 23%]
DEATH sh25 liveend=0 estate=5650733 reach=3822851 dyn=95376 flow=0 geom=888007
PDEV sh25 try=0 kill=0 (0.0%) BJ try=80493 kill=17939 nodes=5242880
ADAPT sh25 rp[P=5051 try=9556 kill=1054 11%] pd[P=113 try=1344696 kill=324843 24%]
DEATH sh7 liveend=0 estate=6242182 reach=4235048 dyn=95031 flow=0 geom=990109
PDEV sh7 try=0 kill=0 (0.0%) BJ try=88911 kill=20712 nodes=9437184
ADAPT sh7 rp[P=8192 try=10026 kill=1068 11%] pd[P=50 try=1345287 kill=340325 25%]
T3[t=3658s] shard0 r0 #4 cell=(19,61) sc=50269 nodes=105840 r=0
DEATH sh2 liveend=0 estate=5876261 reach=3979327 dyn=99028 flow=0 geom=930335
PDEV sh2 try=0 kill=0 (0.0%) BJ try=83593 kill=19278 nodes=2097152
ADAPT sh2 rp[P=8192 try=9740 kill=1071 11%] pd[P=54 try=1274458 kill=320940 25%]
DEATH sh13 liveend=0 estate=5743622 reach=3873511 dyn=102177 flow=0 geom=895788
PDEV sh13 try=0 kill=0 (0.0%) BJ try=82129 kill=18161 nodes=6291456
ADAPT sh13 rp[P=5051 try=8699 kill=885 10%] pd[P=172 try=1306400 kill=322595 25%]
DEATH sh24 liveend=0 estate=5270930 reach=3593760 dyn=75914 flow=0 geom=880216
PDEV sh24 try=0 kill=0 (0.0%) BJ try=74011 kill=14555 nodes=1048576
ADAPT sh24 rp[P=7369 try=12158 kill=1616 13%] pd[P=34 try=1018008 kill=222779 22%]
T3[t=3678s] shard0 r0 #5 cell=(24,68) sc=50269 nodes=78309 r=0
DEATH sh6 liveend=0 estate=5773282 reach=3955426 dyn=80738 flow=0 geom=978486
PDEV sh6 try=0 kill=0 (0.0%) BJ try=80747 kill=16352 nodes=4194304
ADAPT sh6 rp[P=5615 try=12286 kill=1597 13%] pd[P=129 try=1027980 kill=227359 22%]
T3[t=3683s] shard0 r0 #6 cell=(24,78) sc=50271 nodes=37480 r=0
DEATH sh18 liveend=0 estate=5214088 reach=3543285 dyn=76327 flow=0 geom=859169
PDEV sh18 try=0 kill=0 (0.0%) BJ try=74000 kill=15076 nodes=1048576
ADAPT sh18 rp[P=8192 try=9976 kill=1193 12%] pd[P=58 try=992800 kill=227521 23%]
DEATH sh21 liveend=0 estate=6100305 reach=4211659 dyn=66434 flow=0 geom=1046712
PDEV sh21 try=0 kill=0 (0.0%) BJ try=84482 kill=16414 nodes=6291456
ADAPT sh21 rp[P=7369 try=13116 kill=1739 13%] pd[P=44 try=1126266 kill=239716 21%]
DEATH sh20 liveend=0 estate=6095427 reach=4128097 dyn=95006 flow=0 geom=966513
PDEV sh20 try=0 kill=0 (0.0%) BJ try=86353 kill=19094 nodes=8388608
ADAPT sh20 rp[P=8192 try=9324 kill=933 10%] pd[P=56 try=1409358 kill=343210 24%]
DEATH sh9 liveend=0 estate=5721371 reach=3910368 dyn=81004 flow=0 geom=963390
PDEV sh9 try=0 kill=0 (0.0%) BJ try=80289 kill=16168 nodes=4194304
ADAPT sh9 rp[P=5527 try=10235 kill=1213 12%] pd[P=81 try=1067257 kill=234881 22%]
DEATH sh23 liveend=0 estate=5712547 reach=3865950 dyn=91717 flow=0 geom=902785
PDEV sh23 try=0 kill=0 (0.0%) BJ try=80548 kill=16846 nodes=5242880
ADAPT sh23 rp[P=8192 try=9479 kill=1041 11%] pd[P=103 try=1362428 kill=322312 24%]
T3[t=3699s] shard0 r0 #7 cell=(27,35) sc=50278 nodes=104200 r=0
DEATH sh4 liveend=0 estate=6022716 reach=4059485 dyn=111757 flow=0 geom=932372
PDEV sh4 try=0 kill=0 (0.0%) BJ try=87312 kill=20536 nodes=15728640
ADAPT sh4 rp[P=8192 try=11910 kill=1415 12%] pd[P=64 try=1253909 kill=329023 26%]
DEATH sh10 liveend=0 estate=5934692 reach=3998913 dyn=104062 flow=0 geom=925540
PDEV sh10 try=0 kill=0 (0.0%) BJ try=84706 kill=18686 nodes=7340032
ADAPT sh10 rp[P=6631 try=9933 kill=1073 11%] pd[P=142 try=1344065 kill=331022 25%]
DEATH sh8 liveend=0 estate=5693176 reach=3841232 dyn=101931 flow=0 geom=888146
PDEV sh8 try=0 kill=0 (0.0%) BJ try=81694 kill=18198 nodes=10485760
ADAPT sh8 rp[P=8192 try=9060 kill=963 11%] pd[P=100 try=1279874 kill=318786 25%]
DEATH sh11 liveend=0 estate=5794818 reach=3920445 dyn=92339 flow=0 geom=913491
PDEV sh11 try=0 kill=0 (0.0%) BJ try=82594 kill=19096 nodes=6291456
ADAPT sh11 rp[P=8192 try=10688 kill=1250 12%] pd[P=47 try=1309678 kill=324770 25%]
DEATH sh17 liveend=0 estate=5780349 reach=3910796 dyn=95331 flow=0 geom=907678
PDEV sh17 try=0 kill=0 (0.0%) BJ try=82593 kill=18452 nodes=6291456
ADAPT sh17 rp[P=8192 try=12229 kill=1531 13%] pd[P=129 try=1304714 kill=321122 25%]
T3[t=3718s] shard0 r0 #8 cell=(28,66) sc=50269 nodes=84093 r=0
DEATH sh6 liveend=0 estate=5918987 reach=4057358 dyn=80738 flow=0 geom=1001632
PDEV sh6 try=0 kill=0 (0.0%) BJ try=82844 kill=16760 nodes=5242880
ADAPT sh6 rp[P=8192 try=12455 kill=1608 13%] pd[P=44 try=1053699 kill=232529 22%]
DEATH sh3 liveend=0 estate=6317264 reach=4295175 dyn=93428 flow=0 geom=1050170
PDEV sh3 try=0 kill=0 (0.0%) BJ try=89721 kill=18426 nodes=8388608
ADAPT sh3 rp[P=4404 try=12289 kill=1493 12%] pd[P=227 try=1128764 kill=260266 23%]
DEATH sh7 liveend=0 estate=6392069 reach=4338891 dyn=95031 flow=0 geom=1015614
PDEV sh7 try=0 kill=0 (0.0%) BJ try=91008 kill=21202 nodes=10485760
ADAPT sh7 rp[P=8192 try=10199 kill=1081 11%] pd[P=90 try=1380406 kill=348967 25%]
DEATH sh19 liveend=0 estate=5899957 reach=3988265 dyn=98742 flow=0 geom=925916
PDEV sh19 try=0 kill=0 (0.0%) BJ try=84265 kill=18917 nodes=7340032
ADAPT sh19 rp[P=5983 try=9308 kill=964 10%] pd[P=24 try=1340643 kill=333824 25%]
T3[t=3729s] shard4 r0 #2 cell=(41,69) sc=50273 nodes=16000001 r=-1
DEATH sh16 liveend=0 estate=5541443 reach=3730142 dyn=108765 flow=0 geom=855275
PDEV sh16 try=0 kill=0 (0.0%) BJ try=79994 kill=17754 nodes=5242880
ADAPT sh16 rp[P=8192 try=8355 kill=826 10%] pd[P=45 try=1248285 kill=314185 25%]
DEATH sh12 liveend=0 estate=5244462 reach=3574630 dyn=76314 flow=0 geom=871501
PDEV sh12 try=0 kill=0 (0.0%) BJ try=74004 kill=15027 nodes=1048576
ADAPT sh12 rp[P=7369 try=11204 kill=1427 13%] pd[P=65 try=993205 kill=223992 23%]
DEATH sh22 liveend=0 estate=5818635 reach=3932921 dyn=100354 flow=0 geom=913111
PDEV sh22 try=0 kill=0 (0.0%) BJ try=82608 kill=17171 nodes=6291456
ADAPT sh22 rp[P=8192 try=8000 kill=730 9%] pd[P=79 try=1384720 kill=331662 24%]
DEATH sh14 liveend=0 estate=5966976 reach=4036702 dyn=96489 flow=0 geom=942188
PDEV sh14 try=0 kill=0 (0.0%) BJ try=84733 kill=18357 nodes=7340032
ADAPT sh14 rp[P=8192 try=8913 kill=891 10%] pd[P=120 try=1371615 kill=334765 24%]
T3[t=3738s] shard5 r0 #2 cell=(41,69) sc=50269 nodes=16000001 r=-1
DEATH sh25 liveend=0 estate=5788730 reach=3914749 dyn=98452 flow=0 geom=907901
PDEV sh25 try=0 kill=0 (0.0%) BJ try=82590 kill=18416 nodes=6291456
ADAPT sh25 rp[P=8192 try=9780 kill=1078 11%] pd[P=47 try=1377486 kill=333479 24%]
DEATH sh2 liveend=0 estate=6015361 reach=4072706 dyn=101310 flow=0 geom=951359
PDEV sh2 try=0 kill=0 (0.0%) BJ try=85690 kill=19818 nodes=3145728
ADAPT sh2 rp[P=5370 try=9917 kill=1087 11%] pd[P=151 try=1303133 kill=329242 25%]
DEATH sh9 liveend=0 estate=5871982 reach=4014548 dyn=81004 flow=0 geom=989320
PDEV sh9 try=0 kill=0 (0.0%) BJ try=82386 kill=16577 nodes=5242880
ADAPT sh9 rp[P=8192 try=10429 kill=1230 12%] pd[P=50 try=1097053 kill=241141 22%]
DEATH sh21 liveend=0 estate=6253687 reach=4317191 dyn=66434 flow=0 geom=1074392
PDEV sh21 try=0 kill=0 (0.0%) BJ try=86580 kill=16854 nodes=7340032
ADAPT sh21 rp[P=8192 try=13319 kill=1760 13%] pd[P=120 try=1157177 kill=246524 21%]
DEATH sh15 liveend=0 estate=5493873 reach=3781179 dyn=71094 flow=0 geom=945114
PDEV sh15 try=0 kill=0 (0.0%) BJ try=76101 kill=14766 nodes=2097152
ADAPT sh15 rp[P=8192 try=16103 kill=2357 15%] pd[P=66 try=1003336 kill=214028 21%]
DEATH sh23 liveend=0 estate=5859539 reach=3966793 dyn=91717 flow=0 geom=927029
PDEV sh23 try=0 kill=0 (0.0%) BJ try=82645 kill=17294 nodes=6291456
ADAPT sh23 rp[P=8192 try=9625 kill=1046 11%] pd[P=26 try=1399565 kill=331073 24%]
DEATH sh20 liveend=0 estate=6245365 reach=4232104 dyn=95006 flow=0 geom=991913
PDEV sh20 try=0 kill=0 (0.0%) BJ try=88450 kill=19548 nodes=9437184
ADAPT sh20 rp[P=8192 try=9497 kill=946 10%] pd[P=30 try=1448209 kill=352657 24%]
DEATH sh11 liveend=0 estate=5941712 reach=4021082 dyn=92339 flow=0 geom=937369
PDEV sh11 try=0 kill=0 (0.0%) BJ try=84692 kill=19532 nodes=7340032
ADAPT sh11 rp[P=8192 try=10854 kill=1261 12%] pd[P=71 try=1344399 kill=333122 25%]
DEATH sh10 liveend=0 estate=6084720 reach=4102377 dyn=104062 flow=0 geom=950629
PDEV sh10 try=0 kill=0 (0.0%) BJ try=86803 kill=19184 nodes=8388608
ADAPT sh10 rp[P=7848 try=10134 kill=1092 11%] pd[P=72 try=1382382 kill=340420 25%]
DEATH sh18 liveend=0 estate=5368822 reach=3652693 dyn=76327 flow=0 geom=887502
PDEV sh18 try=0 kill=0 (0.0%) BJ try=76097 kill=15503 nodes=2097152
ADAPT sh18 rp[P=8192 try=10222 kill=1222 12%] pd[P=143 try=1021677 kill=233697 23%]
DEATH sh6 liveend=0 estate=6070982 reach=4162489 dyn=80738 flow=0 geom=1028506
PDEV sh6 try=0 kill=0 (0.0%) BJ try=84941 kill=17176 nodes=6291456
ADAPT sh6 rp[P=8192 try=12632 kill=1622 13%] pd[P=229 try=1082556 kill=238772 22%]
DEATH sh8 liveend=0 estate=5843180 reach=3945355 dyn=101931 flow=0 geom=913603
PDEV sh8 try=0 kill=0 (0.0%) BJ try=83791 kill=18680 nodes=11534336
ADAPT sh8 rp[P=8192 try=9245 kill=980 11%] pd[P=45 try=1316826 kill=327691 25%]
DEATH sh1 liveend=0 estate=6161538 reach=4164266 dyn=106963 flow=0 geom=971435
PDEV sh1 try=0 kill=0 (0.0%) BJ try=87840 kill=20160 nodes=4194304
ADAPT sh1 rp[P=8192 try=10333 kill=1174 11%] pd[P=71 try=1318631 kill=337387 26%]
DEATH sh9 liveend=0 estate=6018215 reach=4116087 dyn=81004 flow=0 geom=1012337
PDEV sh9 try=0 kill=0 (0.0%) BJ try=84483 kill=16992 nodes=6291456
ADAPT sh9 rp[P=8192 try=10586 kill=1238 12%] pd[P=30 try=1123531 kill=246395 22%]
DEATH sh16 liveend=0 estate=5690000 reach=3832210 dyn=108765 flow=0 geom=879785
PDEV sh16 try=0 kill=0 (0.0%) BJ try=82091 kill=18222 nodes=6291456
ADAPT sh16 rp[P=8192 try=8505 kill=832 10%] pd[P=243 try=1284435 kill=322806 25%]
DEATH sh4 liveend=0 estate=6203306 reach=4181742 dyn=112730 flow=0 geom=960672
PDEV sh4 try=0 kill=0 (0.0%) BJ try=89952 kill=21226 nodes=1048576
ADAPT sh4 rp[P=7369 try=12138 kill=1434 12%] pd[P=52 try=1294299 kill=340106 26%]
T3[t=3812s] shard7 r0 #2 cell=(42,66) sc=50277 nodes=11432330 r=0
DEATH sh5 liveend=0 estate=6251209 reach=4219707 dyn=110375 flow=0 geom=976650
PDEV sh5 try=0 kill=0 (0.0%) BJ try=89872 kill=20973 nodes=1048576
ADAPT sh5 rp[P=8192 try=10973 kill=1236 11%] pd[P=179 try=1318691 kill=341418 26%]
DEATH sh22 liveend=0 estate=5970688 reach=4038110 dyn=100354 flow=0 geom=938609
PDEV sh22 try=0 kill=0 (0.0%) BJ try=84706 kill=17683 nodes=7340032
ADAPT sh22 rp[P=8192 try=8163 kill=740 9%] pd[P=24 try=1424312 kill=341096 24%]
DEATH sh17 liveend=0 estate=5935881 reach=4018004 dyn=96462 flow=0 geom=933511
PDEV sh17 try=0 kill=0 (0.0%) BJ try=84691 kill=18953 nodes=7340032
ADAPT sh17 rp[P=8192 try=12401 kill=1543 12%] pd[P=47 try=1343759 kill=330617 25%]
DEATH sh21 liveend=0 estate=6405587 reach=4421696 dyn=66434 flow=0 geom=1101818
PDEV sh21 try=0 kill=0 (0.0%) BJ try=88677 kill=17260 nodes=8388608
ADAPT sh21 rp[P=3742 try=13560 kill=1792 13%] pd[P=129 try=1188628 kill=253348 21%]
DEATH sh25 liveend=0 estate=5927856 reach=4007012 dyn=101285 flow=0 geom=928175
PDEV sh25 try=0 kill=0 (0.0%) BJ try=84688 kill=18930 nodes=7340032
ADAPT sh25 rp[P=6043 try=10215 kill=1142 11%] pd[P=71 try=1410385 kill=342113 24%]
DEATH sh15 liveend=0 estate=5645708 reach=3886483 dyn=71094 flow=0 geom=972700
PDEV sh15 try=0 kill=0 (0.0%) BJ try=78198 kill=15224 nodes=3145728
ADAPT sh15 rp[P=5053 try=16323 kill=2385 15%] pd[P=35 try=1034716 kill=220810 21%]
DEATH sh10 liveend=0 estate=6232529 reach=4203256 dyn=104062 flow=0 geom=975002
PDEV sh10 try=0 kill=0 (0.0%) BJ try=88900 kill=19643 nodes=9437184
ADAPT sh10 rp[P=8192 try=10318 kill=1107 11%] pd[P=77 try=1418259 kill=349049 25%]
DEATH sh24 liveend=0 estate=5576908 reach=3805515 dyn=75914 flow=0 geom=935237
PDEV sh24 try=0 kill=0 (0.0%) BJ try=78205 kill=15431 nodes=3145728
ADAPT sh24 rp[P=8192 try=12562 kill=1655 13%] pd[P=121 try=1082851 kill=236593 22%]
DEATH sh14 liveend=0 estate=6122973 reach=4144028 dyn=97511 flow=0 geom=968220
PDEV sh14 try=0 kill=0 (0.0%) BJ try=86830 kill=18849 nodes=8388608
ADAPT sh14 rp[P=8192 try=9184 kill=926 10%] pd[P=35 try=1409956 kill=344015 24%]
DEATH sh19 liveend=0 estate=6057656 reach=4095811 dyn=100607 flow=0 geom=951359
PDEV sh19 try=0 kill=0 (0.0%) BJ try=86362 kill=19404 nodes=8388608
ADAPT sh19 rp[P=8192 try=9516 kill=985 10%] pd[P=65 try=1379473 kill=343258 25%]
DEATH sh18 liveend=0 estate=5522155 reach=3757783 dyn=76327 flow=0 geom=914963
PDEV sh18 try=0 kill=0 (0.0%) BJ try=78194 kill=15952 nodes=3145728
ADAPT sh18 rp[P=4156 try=10493 kill=1262 12%] pd[P=26 try=1053429 kill=240711 23%]
DEATH sh13 liveend=0 estate=6047231 reach=4082894 dyn=103311 flow=0 geom=946285
PDEV sh13 try=0 kill=0 (0.0%) BJ try=86324 kill=19097 nodes=8388608
ADAPT sh13 rp[P=6339 try=9096 kill=922 10%] pd[P=38 try=1381604 kill=340665 25%]
DEATH sh6 liveend=0 estate=6223238 reach=4266739 dyn=80738 flow=0 geom=1056149
PDEV sh6 try=0 kill=0 (0.0%) BJ try=87039 kill=17620 nodes=7340032
ADAPT sh6 rp[P=8192 try=12840 kill=1643 13%] pd[P=142 try=1113281 kill=245600 22%]
DEATH sh9 liveend=0 estate=6167169 reach=4218728 dyn=81004 flow=0 geom=1037816
PDEV sh9 try=0 kill=0 (0.0%) BJ try=86581 kill=17432 nodes=7340032
ADAPT sh9 rp[P=8192 try=10758 kill=1250 12%] pd[P=24 try=1152981 kill=252504 22%]
DEATH sh0 liveend=0 estate=5531805 reach=3816351 dyn=84545 flow=0 geom=949780
PDEV sh0 try=0 kill=0 (0.0%) BJ try=76984 kill=15039 nodes=1048576
ADAPT sh0 rp[P=8192 try=16030 kill=2319 14%] pd[P=90 try=944095 kill=205349 22%]
DEATH sh1 liveend=0 estate=6312417 reach=4268642 dyn=106963 flow=0 geom=996861
PDEV sh1 try=0 kill=0 (0.0%) BJ try=89937 kill=20652 nodes=5242880
ADAPT sh1 rp[P=8192 try=10494 kill=1183 11%] pd[P=47 try=1354638 kill=346197 26%]
DEATH sh16 liveend=0 estate=5838359 reach=3934243 dyn=108765 flow=0 geom=904168
PDEV sh16 try=0 kill=0 (0.0%) BJ try=84189 kill=18678 nodes=7340032
ADAPT sh16 rp[P=8192 try=8690 kill=849 10%] pd[P=35 try=1320280 kill=331259 25%]
DEATH sh12 liveend=0 estate=5404401 reach=3689526 dyn=76314 flow=0 geom=900399
PDEV sh12 try=0 kill=0 (0.0%) BJ try=76101 kill=15426 nodes=2097152
ADAPT sh12 rp[P=8192 try=11459 kill=1460 13%] pd[P=77 try=1027353 kill=231133 22%]
DEATH sh3 liveend=0 estate=6624628 reach=4510757 dyn=93428 flow=0 geom=1106745
PDEV sh3 try=0 kill=0 (0.0%) BJ try=93915 kill=19310 nodes=10485760
ADAPT sh3 rp[P=8192 try=12733 kill=1542 12%] pd[P=53 try=1189171 kill=273523 23%]
DEATH sh20 liveend=0 estate=6400426 reach=4338942 dyn=96390 flow=0 geom=1017507
PDEV sh20 try=0 kill=0 (0.0%) BJ try=90547 kill=19992 nodes=10485760
ADAPT sh20 rp[P=8192 try=9848 kill=993 10%] pd[P=42 try=1486352 kill=361864 24%]
DEATH sh11 liveend=0 estate=6095997 reach=4127524 dyn=93305 flow=0 geom=963013
PDEV sh11 try=0 kill=0 (0.0%) BJ try=86789 kill=20020 nodes=8388608
ADAPT sh11 rp[P=8192 try=11024 kill=1274 12%] pd[P=99 try=1382704 kill=342220 25%]
DEATH sh23 liveend=0 estate=6014572 reach=4073168 dyn=93732 flow=0 geom=952153
PDEV sh23 try=0 kill=0 (0.0%) BJ try=84743 kill=17753 nodes=7340032
ADAPT sh23 rp[P=8192 try=9793 kill=1057 11%] pd[P=44 try=1438738 kill=340358 24%]
DEATH sh4 liveend=0 estate=6342479 reach=4274871 dyn=115702 flow=0 geom=981263
PDEV sh4 try=0 kill=0 (0.0%) BJ try=92049 kill=21766 nodes=2097152
ADAPT sh4 rp[P=8192 try=12354 kill=1457 12%] pd[P=113 try=1321619 kill=348017 26%]
DEATH sh7 liveend=0 estate=6679660 reach=4536111 dyn=96861 flow=0 geom=1062826
PDEV sh7 try=0 kill=0 (0.0%) BJ try=94998 kill=22131 nodes=1048576
ADAPT sh7 rp[P=8192 try=10674 kill=1136 11%] pd[P=50 try=1446752 kill=365142 25%]
DEATH sh21 liveend=0 estate=6557355 reach=4525966 dyn=66434 flow=0 geom=1129268
PDEV sh21 try=0 kill=0 (0.0%) BJ try=90774 kill=17722 nodes=9437184
ADAPT sh21 rp[P=8192 try=13817 kill=1824 13%] pd[P=110 try=1220037 kill=260211 21%]
DEATH sh24 liveend=0 estate=5727542 reach=3909578 dyn=75914 flow=0 geom=960834
PDEV sh24 try=0 kill=0 (0.0%) BJ try=80302 kill=15914 nodes=4194304
ADAPT sh24 rp[P=8192 try=12728 kill=1666 13%] pd[P=28 try=1112117 kill=242728 22%]
DEATH sh8 liveend=0 estate=5998581 reach=4052165 dyn=102970 flow=0 geom=939321
PDEV sh8 try=0 kill=0 (0.0%) BJ try=85888 kill=19162 nodes=12582912
ADAPT sh8 rp[P=8192 try=9449 kill=1001 11%] pd[P=54 try=1355567 kill=336921 25%]
DEATH sh15 liveend=0 estate=5798370 reach=3991540 dyn=71094 flow=0 geom=1000259
PDEV sh15 try=0 kill=0 (0.0%) BJ try=80295 kill=15659 nodes=4194304
ADAPT sh15 rp[P=8192 try=16527 kill=2402 15%] pd[P=179 try=1065720 kill=227475 21%]
DEATH sh2 liveend=0 estate=6293897 reach=4260543 dyn=104281 flow=0 geom=993738
PDEV sh2 try=0 kill=0 (0.0%) BJ try=89884 kill=20869 nodes=5242880
ADAPT sh2 rp[P=8192 try=10387 kill=1140 11%] pd[P=466 try=1362604 kill=346193 25%]
DEATH sh19 liveend=0 estate=6204772 reach=4196524 dyn=100607 flow=0 geom=975521
PDEV sh19 try=0 kill=0 (0.0%) BJ try=88459 kill=19849 nodes=9437184
ADAPT sh19 rp[P=8192 try=9693 kill=999 10%] pd[P=38 try=1414974 kill=351893 25%]
DEATH sh5 liveend=0 estate=6392525 reach=4314863 dyn=113229 flow=0 geom=997946
PDEV sh5 try=0 kill=0 (0.0%) BJ try=91969 kill=21538 nodes=2097152
ADAPT sh5 rp[P=7369 try=11520 kill=1319 11%] pd[P=56 try=1347285 kill=349902 26%]
DEATH sh17 liveend=0 estate=6087853 reach=4124347 dyn=96465 flow=0 geom=959300
PDEV sh17 try=0 kill=0 (0.0%) BJ try=86788 kill=19433 nodes=8388608
ADAPT sh17 rp[P=7606 try=12623 kill=1568 12%] pd[P=90 try=1383250 kill=340201 25%]
DEATH sh1 liveend=0 estate=6459582 reach=4369898 dyn=106963 flow=0 geom=1020948
PDEV sh1 try=0 kill=0 (0.0%) BJ try=92034 kill=21127 nodes=6291456
ADAPT sh1 rp[P=6632 try=10669 kill=1197 11%] pd[P=66 try=1388291 kill=354387 26%]
DEATH sh14 liveend=0 estate=6274437 reach=4248712 dyn=97511 flow=0 geom=993648
PDEV sh14 try=0 kill=0 (0.0%) BJ try=88927 kill=19303 nodes=9437184
ADAPT sh14 rp[P=5527 try=9363 kill=942 10%] pd[P=54 try=1447838 kill=353179 24%]
DEATH sh6 liveend=0 estate=6377719 reach=4373201 dyn=80738 flow=0 geom=1084290
PDEV sh6 try=0 kill=0 (0.0%) BJ try=89136 kill=18052 nodes=8388608
ADAPT sh6 rp[P=8192 try=13025 kill=1660 13%] pd[P=50 try=1143226 kill=252185 22%]
DEATH sh18 liveend=0 estate=5677028 reach=3864210 dyn=76327 flow=0 geom=942924
PDEV sh18 try=0 kill=0 (0.0%) BJ try=80291 kill=16365 nodes=4194304
ADAPT sh18 rp[P=8192 try=10750 kill=1294 12%] pd[P=51 try=1084437 kill=247409 23%]
DEATH sh13 liveend=0 estate=6196923 reach=4185582 dyn=103311 flow=0 geom=971338
PDEV sh13 try=0 kill=0 (0.0%) BJ try=88421 kill=19582 nodes=9437184
ADAPT sh13 rp[P=8192 try=9298 kill=941 10%] pd[P=205 try=1418965 kill=349730 25%]
DEATH sh9 liveend=0 estate=6320748 reach=4324285 dyn=81004 flow=0 geom=1065538
PDEV sh9 try=0 kill=0 (0.0%) BJ try=88678 kill=17877 nodes=8388608
ADAPT sh9 rp[P=8192 try=10959 kill=1270 12%] pd[P=147 try=1184188 kill=259141 22%]
DEATH sh22 liveend=0 estate=6123133 reach=4142596 dyn=101532 flow=0 geom=963641
PDEV sh22 try=0 kill=0 (0.0%) BJ try=86803 kill=18123 nodes=8388608
ADAPT sh22 rp[P=6339 try=8340 kill=755 9%] pd[P=86 try=1462264 kill=350113 24%]
DEATH sh0 liveend=0 estate=5685367 reach=3923845 dyn=84545 flow=0 geom=977702
PDEV sh0 try=0 kill=0 (0.0%) BJ try=79081 kill=15504 nodes=2097152
ADAPT sh0 rp[P=8192 try=16196 kill=2330 14%] pd[P=178 try=973201 kill=211855 22%]
DEATH sh10 liveend=0 estate=6384768 reach=4306588 dyn=107136 flow=0 geom=999113
PDEV sh10 try=0 kill=0 (0.0%) BJ try=90997 kill=20130 nodes=10485760
ADAPT sh10 rp[P=3182 try=10579 kill=1139 11%] pd[P=86 try=1453911 kill=357726 25%]
DEATH sh12 liveend=0 estate=5556628 reach=3796739 dyn=76314 flow=0 geom=928110
PDEV sh12 try=0 kill=0 (0.0%) BJ try=78198 kill=15867 nodes=3145728
ADAPT sh12 rp[P=8192 try=11667 kill=1482 13%] pd[P=28 try=1058554 kill=237939 22%]
DEATH sh24 liveend=0 estate=5873616 reach=4011132 dyn=75914 flow=0 geom=984140
PDEV sh24 try=0 kill=0 (0.0%) BJ try=82399 kill=16300 nodes=5242880
ADAPT sh24 rp[P=8192 try=12900 kill=1679 13%] pd[P=47 try=1139230 kill=248093 22%]
DEATH sh15 liveend=0 estate=5944368 reach=4093268 dyn=71094 flow=0 geom=1023461
PDEV sh15 try=0 kill=0 (0.0%) BJ try=82392 kill=16066 nodes=5242880
ADAPT sh15 rp[P=8192 try=16692 kill=2412 14%] pd[P=97 try=1091760 kill=232686 21%]
DEATH sh11 liveend=0 estate=6242341 reach=4227424 dyn=93305 flow=0 geom=986437
PDEV sh11 try=0 kill=0 (0.0%) BJ try=88886 kill=20467 nodes=9437184
ADAPT sh11 rp[P=7156 try=11201 kill=1289 12%] pd[P=88 try=1417449 kill=350366 25%]
DEATH sh7 liveend=0 estate=6828155 reach=4638352 dyn=96861 flow=0 geom=1087379
PDEV sh7 try=0 kill=0 (0.0%) BJ try=97095 kill=22629 nodes=2097152
ADAPT sh7 rp[P=8192 try=10872 kill=1155 11%] pd[P=35 try=1481048 kill=373442 25%]
DEATH sh23 liveend=0 estate=6162466 reach=4173967 dyn=93732 flow=0 geom=976409
PDEV sh23 try=0 kill=0 (0.0%) BJ try=86840 kill=18223 nodes=8388608
ADAPT sh23 rp[P=8192 try=9940 kill=1062 11%] pd[P=86 try=1475670 kill=349102 24%]
DEATH sh8 liveend=0 estate=6144981 reach=4152957 dyn=102970 flow=0 geom=963019
PDEV sh8 try=0 kill=0 (0.0%) BJ try=87985 kill=19631 nodes=13631488
ADAPT sh8 rp[P=7369 try=9599 kill=1008 11%] pd[P=62 try=1389038 kill=344874 25%]
DEATH sh21 liveend=0 estate=6710307 reach=4631796 dyn=66434 flow=0 geom=1156928
PDEV sh21 try=0 kill=0 (0.0%) BJ try=92871 kill=18154 nodes=10485760
ADAPT sh21 rp[P=8192 try=14031 kill=1847 13%] pd[P=146 try=1251229 kill=267031 21%]
DEATH sh4 liveend=0 estate=6482817 reach=4370256 dyn=118008 flow=0 geom=1002557
PDEV sh4 try=0 kill=0 (0.0%) BJ try=94146 kill=22320 nodes=3145728
ADAPT sh4 rp[P=6632 try=12725 kill=1509 12%] pd[P=90 try=1350639 kill=356565 26%]
DEATH sh16 liveend=0 estate=5990959 reach=4038814 dyn=110357 flow=0 geom=929280
PDEV sh16 try=0 kill=0 (0.0%) BJ try=86286 kill=19132 nodes=8388608
ADAPT sh16 rp[P=8192 try=8894 kill=871 10%] pd[P=50 try=1357234 kill=340022 25%]
DEATH sh14 liveend=0 estate=6420440 reach=4348882 dyn=97511 flow=0 geom=1017100
PDEV sh14 try=0 kill=0 (0.0%) BJ try=91024 kill=19746 nodes=10485760
ADAPT sh14 rp[P=8192 try=9538 kill=955 10%] pd[P=44 try=1482465 kill=361401 24%]
DEATH sh17 liveend=0 estate=6235320 reach=4224772 dyn=96465 flow=0 geom=983512
PDEV sh17 try=0 kill=0 (0.0%) BJ try=88885 kill=19895 nodes=9437184
ADAPT sh17 rp[P=8192 try=12796 kill=1580 12%] pd[P=26 try=1418763 kill=348869 25%]
DEATH sh15 liveend=0 estate=6091924 reach=4195733 dyn=71094 flow=0 geom=1047469
PDEV sh15 try=0 kill=0 (0.0%) BJ try=84489 kill=16488 nodes=6291456
ADAPT sh15 rp[P=6739 try=16895 kill=2433 14%] pd[P=65 try=1118565 kill=238134 21%]
DEATH sh19 liveend=0 estate=6354905 reach=4300260 dyn=100607 flow=0 geom=1000769
PDEV sh19 try=0 kill=0 (0.0%) BJ try=90556 kill=20343 nodes=10485760
ADAPT sh19 rp[P=8192 try=9849 kill=1007 10%] pd[P=99 try=1452938 kill=361192 25%]
DEATH sh1 liveend=0 estate=6609821 reach=4474312 dyn=106963 flow=0 geom=1046596
PDEV sh1 try=0 kill=0 (0.0%) BJ try=94132 kill=21608 nodes=7340032
ADAPT sh1 rp[P=8192 try=10853 kill=1211 11%] pd[P=157 try=1423706 kill=363216 26%]
DEATH sh6 liveend=0 estate=6529253 reach=4477578 dyn=80738 flow=0 geom=1111870
PDEV sh6 try=0 kill=0 (0.0%) BJ try=91233 kill=18485 nodes=9437184
ADAPT sh6 rp[P=8192 try=13225 kill=1679 13%] pd[P=81 try=1173623 kill=258854 22%]
DEATH sh9 liveend=0 estate=6474097 reach=4430411 dyn=81004 flow=0 geom=1093453
PDEV sh9 try=0 kill=0 (0.0%) BJ try=90775 kill=18318 nodes=9437184
ADAPT sh9 rp[P=8192 try=11220 kill=1304 12%] pd[P=99 try=1214462 kill=265667 22%]
DEATH sh5 liveend=0 estate=6532200 reach=4407831 dyn=115976 flow=0 geom=1018616
PDEV sh5 try=0 kill=0 (0.0%) BJ try=94066 kill=22082 nodes=3145728
ADAPT sh5 rp[P=8192 try=12111 kill=1408 12%] pd[P=402 try=1375080 kill=357965 26%]
DEATH sh22 liveend=0 estate=6273168 reach=4245843 dyn=101532 flow=0 geom=988699
PDEV sh22 try=0 kill=0 (0.0%) BJ try=88900 kill=18598 nodes=9437184
ADAPT sh22 rp[P=8192 try=8509 kill=766 9%] pd[P=69 try=1501006 kill=359288 24%]
DEATH sh24 liveend=0 estate=6022561 reach=4113623 dyn=75914 flow=0 geom=1009856
PDEV sh24 try=0 kill=0 (0.0%) BJ try=84496 kill=16716 nodes=6291456
ADAPT sh24 rp[P=7369 try=13083 kill=1695 13%] pd[P=169 try=1169651 kill=254455 22%]
DEATH sh25 liveend=0 estate=6203933 reach=4191677 dyn=104594 flow=0 geom=969151
PDEV sh25 try=0 kill=0 (0.0%) BJ try=88882 kill=19877 nodes=9437184
ADAPT sh25 rp[P=8192 try=10810 kill=1215 11%] pd[P=178 try=1480387 kill=360526 24%]
DEATH sh2 liveend=0 estate=6435038 reach=4354983 dyn=107888 flow=0 geom=1014447
PDEV sh2 try=0 kill=0 (0.0%) BJ try=91981 kill=21381 nodes=6291456
ADAPT sh2 rp[P=8192 try=10561 kill=1153 11%] pd[P=44 try=1392789 kill=354812 25%]
DEATH sh18 liveend=0 estate=5970956 reach=4067884 dyn=76327 flow=0 geom=990995
PDEV sh18 try=0 kill=0 (0.0%) BJ try=84485 kill=17213 nodes=6291456
ADAPT sh18 rp[P=8192 try=11134 kill=1328 12%] pd[P=70 try=1139384 kill=258739 23%]
DEATH sh3 liveend=0 estate=6783923 reach=4625011 dyn=93460 flow=0 geom=1135296
PDEV sh3 try=0 kill=0 (0.0%) BJ try=96012 kill=19740 nodes=11534336
ADAPT sh3 rp[P=3849 try=12949 kill=1568 12%] pd[P=87 try=1223843 kill=280791 23%]
DEATH sh7 liveend=0 estate=6978452 reach=4742555 dyn=96861 flow=0 geom=1113056
PDEV sh7 try=0 kill=0 (0.0%) BJ try=99192 kill=23127 nodes=3145728
ADAPT sh7 rp[P=8192 try=11042 kill=1167 11%] pd[P=26 try=1516429 kill=382165 25%]
DEATH sh12 liveend=0 estate=5709845 reach=3902965 dyn=76314 flow=0 geom=955862
PDEV sh12 try=0 kill=0 (0.0%) BJ try=80295 kill=16303 nodes=4194304
ADAPT sh12 rp[P=8192 try=11873 kill=1505 13%] pd[P=24 try=1090081 kill=244818 22%]
DEATH sh11 liveend=0 estate=6392355 reach=4330557 dyn=93305 flow=0 geom=1011626
PDEV sh11 try=0 kill=0 (0.0%) BJ try=90983 kill=20933 nodes=10485760
ADAPT sh11 rp[P=7369 try=11375 kill=1303 11%] pd[P=70 try=1454740 kill=359263 25%]
DEATH sh10 liveend=0 estate=6523555 reach=4400230 dyn=107240 flow=0 geom=1020497
PDEV sh10 try=0 kill=0 (0.0%) BJ try=93094 kill=20660 nodes=11534336
ADAPT sh10 rp[P=8192 try=10762 kill=1152 11%] pd[P=46 try=1488350 kill=367154 25%]
DEATH sh23 liveend=0 estate=6311568 reach=4276978 dyn=93732 flow=0 geom=1001360
PDEV sh23 try=0 kill=0 (0.0%) BJ try=88937 kill=18675 nodes=9437184
ADAPT sh23 rp[P=8192 try=10126 kill=1078 11%] pd[P=44 try=1515023 kill=358574 24%]
DEATH sh20 liveend=0 estate=6700129 reach=4545529 dyn=96390 flow=0 geom=1067253
PDEV sh20 try=0 kill=0 (0.0%) BJ try=94741 kill=20916 nodes=12582912
ADAPT sh20 rp[P=8192 try=10192 kill=1016 10%] pd[P=52 try=1560229 kill=379527 24%]
DEATH sh8 liveend=0 estate=6295719 reach=4256179 dyn=102970 flow=0 geom=988140
PDEV sh8 try=0 kill=0 (0.0%) BJ try=90083 kill=20142 nodes=14680064
ADAPT sh8 rp[P=8192 try=9763 kill=1019 10%] pd[P=47 try=1426788 kill=354038 25%]
DEATH sh16 liveend=0 estate=6138134 reach=4140112 dyn=110357 flow=0 geom=953255
PDEV sh16 try=0 kill=0 (0.0%) BJ try=88383 kill=19560 nodes=9437184
ADAPT sh16 rp[P=8192 try=9068 kill=884 10%] pd[P=68 try=1392340 kill=348218 25%]
DEATH sh4 liveend=0 estate=6622169 reach=4464438 dyn=118087 flow=0 geom=1024344
PDEV sh4 try=0 kill=0 (0.0%) BJ try=96243 kill=22862 nodes=4194304
ADAPT sh4 rp[P=8192 try=12897 kill=1521 12%] pd[P=47 try=1381617 kill=365509 26%]
DEATH sh14 liveend=0 estate=6570863 reach=4452625 dyn=97511 flow=0 geom=1042405
PDEV sh14 try=0 kill=0 (0.0%) BJ try=93121 kill=20244 nodes=11534336
ADAPT sh14 rp[P=8192 try=9702 kill=966 10%] pd[P=41 try=1520234 kill=370501 24%]
DEATH sh22 liveend=0 estate=6419958 reach=4346228 dyn=101532 flow=0 geom=1012133
PDEV sh22 try=0 kill=0 (0.0%) BJ try=90997 kill=19062 nodes=10485760
ADAPT sh22 rp[P=8192 try=8668 kill=774 9%] pd[P=24 try=1537014 kill=367599 24%]
DEATH sh6 liveend=0 estate=6683582 reach=4586230 dyn=80738 flow=0 geom=1140409
PDEV sh6 try=0 kill=0 (0.0%) BJ try=93330 kill=18917 nodes=10485760
ADAPT sh6 rp[P=4755 try=13433 kill=1702 13%] pd[P=44 try=1203643 kill=265359 22%]
DEATH sh18 liveend=0 estate=6122661 reach=4172579 dyn=76327 flow=0 geom=1017559
PDEV sh18 try=0 kill=0 (0.0%) BJ try=86583 kill=17620 nodes=7340032
ADAPT sh18 rp[P=8192 try=11305 kill=1341 12%] pd[P=142 try=1168654 kill=264919 23%]
DEATH sh17 liveend=0 estate=6385329 reach=4327295 dyn=98358 flow=0 geom=1008119
PDEV sh17 try=0 kill=0 (0.0%) BJ try=90982 kill=20383 nodes=10485760
ADAPT sh17 rp[P=8192 try=13014 kill=1603 12%] pd[P=35 try=1454093 kill=357411 25%]
DEATH sh9 liveend=0 estate=6626492 reach=4535812 dyn=81004 flow=0 geom=1120868
PDEV sh9 try=0 kill=0 (0.0%) BJ try=92872 kill=18772 nodes=10485760
ADAPT sh9 rp[P=7386 try=11434 kill=1328 12%] pd[P=301 try=1246284 kill=272574 22%]
DEATH sh0 liveend=0 estate=5990907 reach=4135790 dyn=84545 flow=0 geom=1033205
PDEV sh0 try=0 kill=0 (0.0%) BJ try=83275 kill=16399 nodes=4194304
ADAPT sh0 rp[P=8192 try=16600 kill=2371 14%] pd[P=207 try=1031793 kill=225151 22%]
DEATH sh2 liveend=0 estate=6574253 reach=4449895 dyn=107888 flow=0 geom=1036477
PDEV sh2 try=0 kill=0 (0.0%) BJ try=94079 kill=21911 nodes=7340032
ADAPT sh2 rp[P=8192 try=10724 kill=1163 11%] pd[P=72 try=1423778 kill=363683 26%]
DEATH sh12 liveend=0 estate=5863170 reach=4008513 dyn=76314 flow=0 geom=983436
PDEV sh12 try=0 kill=0 (0.0%) BJ try=82392 kill=16726 nodes=5242880
ADAPT sh12 rp[P=8192 try=12086 kill=1528 13%] pd[P=90 try=1121796 kill=251741 22%]
DEATH sh21 liveend=0 estate=6868158 reach=4745173 dyn=66483 flow=0 geom=1185813
PDEV sh21 try=0 kill=0 (0.0%) BJ try=94968 kill=18550 nodes=11534336
ADAPT sh21 rp[P=5616 try=14233 kill=1868 13%] pd[P=105 try=1283851 kill=273910 21%]
DEATH sh19 liveend=0 estate=6509157 reach=4405833 dyn=102315 flow=0 geom=1025938
PDEV sh19 try=0 kill=0 (0.0%) BJ try=92653 kill=20909 nodes=11534336
ADAPT sh19 rp[P=8192 try=10342 kill=1082 10%] pd[P=41 try=1489336 kill=369996 25%]
DEATH sh20 liveend=0 estate=6848489 reach=4647940 dyn=96390 flow=0 geom=1091977
PDEV sh20 try=0 kill=0 (0.0%) BJ try=96838 kill=21403 nodes=13631488
ADAPT sh20 rp[P=8192 try=10368 kill=1030 10%] pd[P=54 try=1596222 kill=388186 24%]
DEATH sh1 liveend=0 estate=6766787 reach=4582031 dyn=107898 flow=0 geom=1072455
PDEV sh1 try=0 kill=0 (0.0%) BJ try=96229 kill=22064 nodes=8388608
ADAPT sh1 rp[P=8192 try=11024 kill=1223 11%] pd[P=215 try=1462380 kill=372511 25%]
DEATH sh13 liveend=0 estate=6497537 reach=4391297 dyn=104978 flow=0 geom=1020157
PDEV sh13 try=0 kill=0 (0.0%) BJ try=92615 kill=20473 nodes=11534336
ADAPT sh13 rp[P=8192 try=9700 kill=980 10%] pd[P=80 try=1491460 kill=366808 25%]
DEATH sh10 liveend=0 estate=6663013 reach=4493000 dyn=109740 flow=0 geom=1040947
PDEV sh10 try=0 kill=0 (0.0%) BJ try=95191 kill=21163 nodes=12582912
ADAPT sh10 rp[P=7369 try=10964 kill=1172 11%] pd[P=133 try=1520298 kill=375893 25%]
DEATH sh11 liveend=0 estate=6544131 reach=4435975 dyn=93305 flow=0 geom=1037373
PDEV sh11 try=0 kill=0 (0.0%) BJ try=93080 kill=21414 nodes=11534336
ADAPT sh11 rp[P=8192 try=11579 kill=1323 11%] pd[P=76 try=1493243 kill=368472 25%]
DEATH sh25 liveend=0 estate=6344548 reach=4285452 dyn=107551 flow=0 geom=989838
PDEV sh25 try=0 kill=0 (0.0%) BJ try=90979 kill=20394 nodes=10485760
ADAPT sh25 rp[P=8192 try=10981 kill=1227 11%] pd[P=35 try=1515012 kill=369841 24%]
DEATH sh15 liveend=0 estate=6397158 reach=4405278 dyn=71094 flow=0 geom=1102564
PDEV sh15 try=0 kill=0 (0.0%) BJ try=88684 kill=17346 nodes=8388608
ADAPT sh15 rp[P=6935 try=17338 kill=2482 14%] pd[P=76 try=1181888 kill=251832 21%]
DEATH sh4 liveend=0 estate=6772867 reach=4566719 dyn=121009 flow=0 geom=1048058
PDEV sh4 try=0 kill=0 (0.0%) BJ try=98340 kill=23342 nodes=5242880
ADAPT sh4 rp[P=8192 try=13106 kill=1544 12%] pd[P=147 try=1415586 kill=374052 26%]
DEATH sh8 liveend=0 estate=6447607 reach=4361112 dyn=104358 flow=0 geom=1013355
PDEV sh8 try=0 kill=0 (0.0%) BJ try=92180 kill=20627 nodes=15728640
ADAPT sh8 rp[P=4027 try=9952 kill=1038 10%] pd[P=6276 try=1463842 kill=362934 25%]
DEATH sh3 liveend=0 estate=6941662 reach=4737449 dyn=94159 flow=0 geom=1163624
PDEV sh3 try=0 kill=0 (0.0%) BJ try=98109 kill=20150 nodes=12582912
ADAPT sh3 rp[P=8192 try=13188 kill=1593 12%] pd[P=54 try=1255085 kill=287358 23%]
DEATH sh18 liveend=0 estate=6274420 reach=4276826 dyn=76327 flow=0 geom=1044928
PDEV sh18 try=0 kill=0 (0.0%) BJ try=88680 kill=18064 nodes=8388608
ADAPT sh18 rp[P=8192 try=11542 kill=1371 12%] pd[P=105 try=1199783 kill=271736 23%]
DEATH sh0 liveend=0 estate=6142994 reach=4240642 dyn=84545 flow=0 geom=1060829
PDEV sh0 try=0 kill=0 (0.0%) BJ try=85372 kill=16873 nodes=5242880
ADAPT sh0 rp[P=8192 try=16769 kill=2382 14%] pd[P=57 try=1060672 kill=231740 22%]
DEATH sh14 liveend=0 estate=6726379 reach=4559397 dyn=98414 flow=0 geom=1068150
PDEV sh14 try=0 kill=0 (0.0%) BJ try=95218 kill=20708 nodes=12582912
ADAPT sh14 rp[P=8192 try=9902 kill=985 10%] pd[P=74 try=1559127 kill=379727 24%]
DEATH sh12 liveend=0 estate=6016354 reach=4114035 dyn=76314 flow=0 geom=1011186
PDEV sh12 try=0 kill=0 (0.0%) BJ try=84489 kill=17137 nodes=6291456
ADAPT sh12 rp[P=6005 try=12320 kill=1556 13%] pd[P=229 try=1152844 kill=258529 22%]
DEATH sh24 liveend=0 estate=6327985 reach=4324035 dyn=75914 flow=0 geom=1065027
PDEV sh24 try=0 kill=0 (0.0%) BJ try=88691 kill=17581 nodes=8388608
ADAPT sh24 rp[P=8192 try=13468 kill=1731 13%] pd[P=26 try=1233963 kill=268205 22%]
DEATH sh23 liveend=0 estate=6466098 reach=4383398 dyn=95800 flow=0 geom=1026616
PDEV sh23 try=0 kill=0 (0.0%) BJ try=91034 kill=19138 nodes=10485760
ADAPT sh23 rp[P=4755 try=10368 kill=1110 11%] pd[P=24 try=1553057 kill=367728 24%]
DEATH sh2 liveend=0 estate=6712618 reach=4542874 dyn=110180 flow=0 geom=1057194
PDEV sh2 try=0 kill=0 (0.0%) BJ try=96176 kill=22443 nodes=8388608
ADAPT sh2 rp[P=8192 try=10973 kill=1190 11%] pd[P=190 try=1451572 kill=371588 26%]
DEATH sh1 liveend=0 estate=6916692 reach=4685860 dyn=107898 flow=0 geom=1098078
PDEV sh1 try=0 kill=0 (0.0%) BJ try=98326 kill=22547 nodes=9437184
ADAPT sh1 rp[P=8192 try=11212 kill=1239 11%] pd[P=105 try=1497395 kill=381258 25%]
T3[t=4180s] shard8 r0 #2 cell=(42,68) sc=50275 nodes=16000001 r=-1
DEATH sh7 liveend=0 estate=7281075 reach=4950576 dyn=97985 flow=0 geom=1162711
PDEV sh7 try=0 kill=0 (0.0%) BJ try=103386 kill=24082 nodes=5242880
ADAPT sh7 rp[P=8192 try=11428 kill=1202 11%] pd[P=54 try=1587231 kill=399069 25%]
DEATH sh22 liveend=0 estate=6574532 reach=4452503 dyn=102883 flow=0 geom=1037647
PDEV sh22 try=0 kill=0 (0.0%) BJ try=93094 kill=19529 nodes=11534336
ADAPT sh22 rp[P=5872 try=8856 kill=791 9%] pd[P=50 try=1576360 kill=376837 24%]
DEATH sh17 liveend=0 estate=6540273 reach=4435553 dyn=98571 flow=0 geom=1034322
PDEV sh17 try=0 kill=0 (0.0%) BJ try=93079 kill=20879 nodes=11534336
ADAPT sh17 rp[P=8192 try=13184 kill=1614 12%] pd[P=47 try=1494856 kill=367169 25%]
DEATH sh13 liveend=0 estate=6649014 reach=4495936 dyn=104978 flow=0 geom=1045567
PDEV sh13 try=0 kill=0 (0.0%) BJ try=94712 kill=20950 nodes=12582912
ADAPT sh13 rp[P=8192 try=9862 kill=990 10%] pd[P=80 try=1529699 kill=375931 25%]
DEATH sh5 liveend=0 estate=6823122 reach=4605877 dyn=118252 flow=0 geom=1064541
PDEV sh5 try=0 kill=0 (0.0%) BJ try=98260 kill=23081 nodes=5242880
ADAPT sh5 rp[P=4984 try=12464 kill=1438 12%] pd[P=43 try=1440990 kill=375907 26%]
DEATH sh25 liveend=0 estate=6482344 reach=4377473 dyn=109269 flow=0 geom=1010359
PDEV sh25 try=0 kill=0 (0.0%) BJ try=93076 kill=20907 nodes=11534336
ADAPT sh25 rp[P=8192 try=11136 kill=1234 11%] pd[P=5069 try=1550197 kill=379004 24%]
DEATH sh4 liveend=0 estate=6920979 reach=4667897 dyn=121009 flow=0 geom=1072745
PDEV sh4 try=0 kill=0 (0.0%) BJ try=100437 kill=23822 nodes=6291456
ADAPT sh4 rp[P=8192 try=13291 kill=1560 12%] pd[P=35 try=1449152 kill=382423 26%]
DEATH sh12 liveend=0 estate=6162372 reach=4215594 dyn=76314 flow=0 geom=1034924
PDEV sh12 try=0 kill=0 (0.0%) BJ try=86587 kill=17592 nodes=7340032
ADAPT sh12 rp[P=8192 try=12536 kill=1579 13%] pd[P=182 try=1179133 kill=263860 22%]
DEATH sh10 liveend=0 estate=6803140 reach=4588112 dyn=110802 flow=0 geom=1062411
PDEV sh10 try=0 kill=0 (0.0%) BJ try=97288 kill=21694 nodes=13631488
ADAPT sh10 rp[P=7369 try=11129 kill=1183 11%] pd[P=66 try=1555741 kill=385681 25%]
DEATH sh0 liveend=0 estate=6291270 reach=4344339 dyn=84545 flow=0 geom=1085371
PDEV sh0 try=0 kill=0 (0.0%) BJ try=87469 kill=17291 nodes=6291456
ADAPT sh0 rp[P=8192 try=16948 kill=2396 14%] pd[P=79 try=1086699 kill=237069 22%]
DEATH sh16 liveend=0 estate=6439573 reach=4347857 dyn=110357 flow=0 geom=1003793
PDEV sh16 try=0 kill=0 (0.0%) BJ try=92577 kill=20493 nodes=11534336
ADAPT sh16 rp[P=6631 try=9442 kill=916 10%] pd[P=41 try=1467482 kill=366414 25%]
DEATH sh15 liveend=0 estate=6550085 reach=4510485 dyn=71094 flow=0 geom=1130113
PDEV sh15 try=0 kill=0 (0.0%) BJ try=90781 kill=17794 nodes=9437184
ADAPT sh15 rp[P=8192 try=17511 kill=2494 14%] pd[P=61 try=1213624 kill=258778 21%]
DEATH sh20 liveend=0 estate=7001425 reach=4752917 dyn=97903 flow=0 geom=1117093
PDEV sh20 try=0 kill=0 (0.0%) BJ try=98936 kill=21897 nodes=14680064
ADAPT sh20 rp[P=8192 try=10653 kill=1068 10%] pd[P=66 try=1632701 kill=396883 24%]
DEATH sh3 liveend=0 estate=7094224 reach=4842406 dyn=94159 flow=0 geom=1191481
PDEV sh3 try=0 kill=0 (0.0%) BJ try=100206 kill=20604 nodes=13631488
ADAPT sh3 rp[P=8192 try=13345 kill=1602 12%] pd[P=99 try=1285611 kill=294068 23%]
DEATH sh14 liveend=0 estate=6872487 reach=4659628 dyn=98414 flow=0 geom=1091591
PDEV sh14 try=0 kill=0 (0.0%) BJ try=97315 kill=21175 nodes=13631488
ADAPT sh14 rp[P=7487 try=10050 kill=992 10%] pd[P=94 try=1593855 kill=387935 24%]
T3[t=4229s] shard2 r0 #3 cell=(41,67) sc=50261 nodes=8894432 r=0
DEATH sh6 liveend=0 estate=6843086 reach=4700489 dyn=80823 flow=0 geom=1168959
PDEV sh6 try=0 kill=0 (0.0%) BJ try=95427 kill=19329 nodes=11534336
ADAPT sh6 rp[P=8192 try=13668 kill=1729 13%] pd[P=125 try=1238471 kill=272695 22%]
DEATH sh18 liveend=0 estate=6427684 reach=4382959 dyn=76327 flow=0 geom=1072708
PDEV sh18 try=0 kill=0 (0.0%) BJ try=90777 kill=18490 nodes=9437184
ADAPT sh18 rp[P=8192 try=11739 kill=1389 12%] pd[P=38 try=1231404 kill=278616 23%]
DEATH sh1 liveend=0 estate=7064334 reach=4787295 dyn=107898 flow=0 geom=1122088
PDEV sh1 try=0 kill=0 (0.0%) BJ try=100423 kill=22992 nodes=10485760
ADAPT sh1 rp[P=8192 try=11389 kill=1252 11%] pd[P=29 try=1530718 kill=389334 25%]
DEATH sh11 liveend=0 estate=6699762 reach=4542372 dyn=94912 flow=0 geom=1062769
PDEV sh11 try=0 kill=0 (0.0%) BJ try=95177 kill=21899 nodes=12582912
ADAPT sh11 rp[P=8192 try=11738 kill=1332 11%] pd[P=44 try=1531801 kill=377605 25%]
DEATH sh12 liveend=0 estate=6309068 reach=4317612 dyn=76314 flow=0 geom=1058359
PDEV sh12 try=0 kill=0 (0.0%) BJ try=88684 kill=17981 nodes=8388608
ADAPT sh12 rp[P=8192 try=12676 kill=1583 12%] pd[P=147 try=1205957 kill=269271 22%]
DEATH sh21 liveend=0 estate=7025526 reach=4856750 dyn=67776 flow=0 geom=1213587
PDEV sh21 try=0 kill=0 (0.0%) BJ try=97065 kill=18980 nodes=12582912
ADAPT sh21 rp[P=8192 try=14477 kill=1896 13%] pd[P=157 try=1315407 kill=280549 21%]
DEATH sh9 liveend=0 estate=6786343 reach=4650425 dyn=81042 flow=0 geom=1149649
PDEV sh9 try=0 kill=0 (0.0%) BJ try=94969 kill=19177 nodes=11534336
ADAPT sh9 rp[P=8192 try=11701 kill=1365 12%] pd[P=80 try=1281092 kill=279919 22%]
DEATH sh7 liveend=0 estate=7431716 reach=5054238 dyn=97985 flow=0 geom=1188290
PDEV sh7 try=0 kill=0 (0.0%) BJ try=105483 kill=24577 nodes=6291456
ADAPT sh7 rp[P=8192 try=11595 kill=1213 10%] pd[P=35 try=1622859 kill=407904 25%]
DEATH sh0 liveend=0 estate=6437208 reach=4445885 dyn=84545 flow=0 geom=1108313
PDEV sh0 try=0 kill=0 (0.0%) BJ try=89567 kill=17707 nodes=7340032
ADAPT sh0 rp[P=8192 try=17138 kill=2413 14%] pd[P=65 try=1112463 kill=242270 22%]
DEATH sh13 liveend=0 estate=6796527 reach=4596906 dyn=104978 flow=0 geom=1069647
PDEV sh13 try=0 kill=0 (0.0%) BJ try=96809 kill=21429 nodes=13631488
ADAPT sh13 rp[P=8192 try=10005 kill=995 10%] pd[P=190 try=1565585 kill=384493 25%]
DEATH sh17 liveend=0 estate=6687297 reach=4535835 dyn=98571 flow=0 geom=1058473
PDEV sh17 try=0 kill=0 (0.0%) BJ try=95176 kill=21370 nodes=12582912
ADAPT sh17 rp[P=8192 try=13339 kill=1622 12%] pd[P=157 try=1529669 kill=375625 25%]
DEATH sh23 liveend=0 estate=6619481 reach=4489162 dyn=95800 flow=0 geom=1052306
PDEV sh23 try=0 kill=0 (0.0%) BJ try=93131 kill=19591 nodes=11534336
ADAPT sh23 rp[P=7957 try=10566 kill=1128 11%] pd[P=47 try=1593051 kill=377241 24%]
DEATH sh5 liveend=0 estate=6973184 reach=4709938 dyn=118252 flow=0 geom=1090075
PDEV sh5 try=0 kill=0 (0.0%) BJ try=100357 kill=23607 nodes=6291456
ADAPT sh5 rp[P=8192 try=12639 kill=1450 11%] pd[P=54 try=1476763 kill=384910 26%]
DEATH sh4 liveend=0 estate=7071568 reach=4772109 dyn=121009 flow=0 geom=1098170
PDEV sh4 try=0 kill=0 (0.0%) BJ try=102535 kill=24316 nodes=7340032
ADAPT sh4 rp[P=8192 try=13463 kill=1573 12%] pd[P=71 try=1485394 kill=391555 26%]
DEATH sh3 liveend=0 estate=7243813 reach=4945342 dyn=94159 flow=0 geom=1216713
PDEV sh3 try=0 kill=0 (0.0%) BJ try=102304 kill=21047 nodes=14680064
ADAPT sh3 rp[P=8192 try=13532 kill=1618 12%] pd[P=47 try=1314006 kill=300149 23%]
DEATH sh8 liveend=0 estate=6640573 reach=4494991 dyn=104872 flow=0 geom=1045728
PDEV sh8 try=0 kill=0 (0.0%) BJ try=94820 kill=21297 nodes=1048576
ADAPT sh8 rp[P=8192 try=10351 kill=1089 11%] pd[P=34 try=1510531 kill=374028 25%]
DEATH sh25 liveend=0 estate=6621919 reach=4471040 dyn=109975 flow=0 geom=1031482
PDEV sh25 try=0 kill=0 (0.0%) BJ try=95173 kill=21433 nodes=12582912
ADAPT sh25 rp[P=8192 try=11327 kill=1251 11%] pd[P=44 try=1586957 kill=388674 24%]
DEATH sh14 liveend=0 estate=7022915 reach=4762562 dyn=98414 flow=0 geom=1116636
PDEV sh14 try=0 kill=0 (0.0%) BJ try=99413 kill=21650 nodes=14680064
ADAPT sh14 rp[P=8192 try=10245 kill=1010 10%] pd[P=117 try=1631731 kill=397155 24%]
DEATH sh15 liveend=0 estate=6703487 reach=4616828 dyn=71094 flow=0 geom=1157966
PDEV sh15 try=0 kill=0 (0.0%) BJ try=92878 kill=18221 nodes=10485760
ADAPT sh15 rp[P=8192 try=17754 kill=2524 14%] pd[P=133 try=1245162 kill=265682 21%]
DEATH sh10 liveend=0 estate=6941944 reach=4680320 dyn=113144 flow=0 geom=1082920
PDEV sh10 try=0 kill=0 (0.0%) BJ try=99386 kill=22189 nodes=14680064
ADAPT sh10 rp[P=5873 try=11363 kill=1211 11%] pd[P=8192 try=1587453 kill=394286 25%]
T3[t=4312s] shard20 r0 #2 cell=(50,56) sc=50268 nodes=16000001 r=-1
DEATH sh11 liveend=0 estate=6847098 reach=4643066 dyn=94912 flow=0 geom=1086452
PDEV sh11 try=0 kill=0 (0.0%) BJ try=97274 kill=22369 nodes=13631488
ADAPT sh11 rp[P=7487 try=11919 kill=1349 11%] pd[P=81 try=1566766 kill=385790 25%]
DEATH sh18 liveend=0 estate=6580836 reach=4489371 dyn=76327 flow=0 geom=1100410
PDEV sh18 try=0 kill=0 (0.0%) BJ try=92874 kill=18941 nodes=10485760
ADAPT sh18 rp[P=8192 try=11922 kill=1404 12%] pd[P=42 try=1263096 kill=285525 23%]
DEATH sh3 liveend=0 estate=7390220 reach=5046992 dyn=94159 flow=0 geom=1239915
PDEV sh3 try=0 kill=0 (0.0%) BJ try=104401 kill=21413 nodes=15728640
ADAPT sh3 rp[P=8192 try=13688 kill=1627 12%] pd[P=43 try=1340605 kill=305555 23%]
DEATH sh2 liveend=0 estate=6919624 reach=4681778 dyn=113496 flow=0 geom=1088299
PDEV sh2 try=0 kill=0 (0.0%) BJ try=99284 kill=23266 nodes=1048576
ADAPT sh2 rp[P=7369 try=11446 kill=1252 11%] pd[P=125 try=1495181 kill=384106 26%]
DEATH sh12 liveend=0 estate=6463521 reach=4424110 dyn=76314 flow=0 geom=1086441
PDEV sh12 try=0 kill=0 (0.0%) BJ try=90781 kill=18435 nodes=9437184
ADAPT sh12 rp[P=8192 try=12839 kill=1593 12%] pd[P=81 try=1236670 kill=275852 22%]
T3[t=4328s] shard25 r0 #2 cell=(39,65) sc=50269 nodes=12953978 r=0
T3[t=4329s] shard3 r0 #8 cell=(41,63) sc=50270 nodes=16000001 r=-1
DEATH sh21 liveend=0 estate=7180718 reach=4965926 dyn=67776 flow=0 geom=1241965
PDEV sh21 try=0 kill=0 (0.0%) BJ try=99162 kill=19402 nodes=13631488
ADAPT sh21 rp[P=7369 try=14691 kill=1920 13%] pd[P=45 try=1344513 kill=286867 21%]
DEATH sh0 liveend=0 estate=6591051 reach=4552077 dyn=84545 flow=0 geom=1136241
PDEV sh0 try=0 kill=0 (0.0%) BJ try=91664 kill=18161 nodes=8388608
ADAPT sh0 rp[P=8192 try=17341 kill=2434 14%] pd[P=50 try=1141378 kill=248730 22%]
DEATH sh1 liveend=0 estate=7214754 reach=4890361 dyn=109324 flow=0 geom=1147136
PDEV sh1 try=0 kill=0 (0.0%) BJ try=102520 kill=23489 nodes=11534336
ADAPT sh1 rp[P=3356 try=11581 kill=1272 11%] pd[P=1156 try=1564753 kill=397740 25%]
DEATH sh7 liveend=0 estate=7584663 reach=5160025 dyn=97985 flow=0 geom=1214147
PDEV sh7 try=0 kill=0 (0.0%) BJ try=107581 kill=25052 nodes=7340032
ADAPT sh7 rp[P=8192 try=11775 kill=1227 10%] pd[P=24 try=1659978 kill=417084 25%]
DEATH sh23 liveend=0 estate=6765985 reach=4589103 dyn=95800 flow=0 geom=1075586
PDEV sh23 try=0 kill=0 (0.0%) BJ try=95228 kill=20018 nodes=12582912
ADAPT sh23 rp[P=8192 try=10748 kill=1143 11%] pd[P=59 try=1629432 kill=385619 24%]
DEATH sh13 liveend=0 estate=6945743 reach=4699744 dyn=104978 flow=0 geom=1094356
PDEV sh13 try=0 kill=0 (0.0%) BJ try=98907 kill=21896 nodes=14680064
ADAPT sh13 rp[P=7830 try=10196 kill=1013 10%] pd[P=82 try=1602345 kill=393226 25%]
DEATH sh5 liveend=0 estate=7121196 reach=4811221 dyn=118252 flow=0 geom=1114676
PDEV sh5 try=0 kill=0 (0.0%) BJ try=102455 kill=24090 nodes=7340032
ADAPT sh5 rp[P=8192 try=12833 kill=1469 11%] pd[P=129 try=1510804 kill=393408 26%]
DEATH sh24 liveend=0 estate=6634398 reach=4537014 dyn=75914 flow=0 geom=1120514
PDEV sh24 try=0 kill=0 (0.0%) BJ try=92885 kill=18444 nodes=10485760
ADAPT sh24 rp[P=8192 try=13824 kill=1759 13%] pd[P=129 try=1299207 kill=282273 22%]
DEATH sh17 liveend=0 estate=6837732 reach=4639879 dyn=98571 flow=0 geom=1083964
PDEV sh17 try=0 kill=0 (0.0%) BJ try=97273 kill=21862 nodes=13631488
ADAPT sh17 rp[P=8192 try=13535 kill=1642 12%] pd[P=62 try=1567565 kill=384878 25%]
DEATH sh16 liveend=0 estate=6596611 reach=4456411 dyn=111248 flow=0 geom=1029869
PDEV sh16 try=0 kill=0 (0.0%) BJ try=94674 kill=20967 nodes=12582912
ADAPT sh16 rp[P=8192 try=9641 kill=936 10%] pd[P=35 try=1507638 kill=375810 25%]
DEATH sh8 liveend=0 estate=6787513 reach=4596012 dyn=104872 flow=0 geom=1069511
PDEV sh8 try=0 kill=0 (0.0%) BJ try=96917 kill=21750 nodes=2097152
ADAPT sh8 rp[P=7369 try=10521 kill=1102 10%] pd[P=58 try=1545454 kill=382273 25%]
DEATH sh21 liveend=0 estate=7328903 reach=5069542 dyn=67776 flow=0 geom=1267283
PDEV sh21 try=0 kill=0 (0.0%) BJ try=101260 kill=19802 nodes=14680064
ADAPT sh21 rp[P=8192 try=14886 kill=1939 13%] pd[P=94 try=1372481 kill=292776 21%]
DEATH sh6 liveend=0 estate=7001173 reach=4812692 dyn=81820 flow=0 geom=1196892
PDEV sh6 try=0 kill=0 (0.0%) BJ try=97524 kill=19741 nodes=12582912
ADAPT sh6 rp[P=7369 try=13907 kill=1758 13%] pd[P=69 try=1270722 kill=279546 22%]
DEATH sh4 liveend=0 estate=7228194 reach=4879553 dyn=122370 flow=0 geom=1123832
PDEV sh4 try=0 kill=0 (0.0%) BJ try=104632 kill=24830 nodes=8388608
ADAPT sh4 rp[P=8192 try=13634 kill=1585 12%] pd[P=53 try=1523637 kill=400770 26%]
DEATH sh12 liveend=0 estate=6615146 reach=4528056 dyn=76314 flow=0 geom=1113851
PDEV sh12 try=0 kill=0 (0.0%) BJ try=92878 kill=18879 nodes=10485760
ADAPT sh12 rp[P=8192 try=13037 kill=1612 12%] pd[P=69 try=1268111 kill=282666 22%]
DEATH sh11 liveend=0 estate=6996696 reach=4745986 dyn=94912 flow=0 geom=1111435
PDEV sh11 try=0 kill=0 (0.0%) BJ try=99372 kill=22851 nodes=14680064
ADAPT sh11 rp[P=8192 try=12126 kill=1370 11%] pd[P=47 try=1604625 kill=394864 25%]
DEATH sh10 liveend=0 estate=7095271 reach=4785919 dyn=113763 flow=0 geom=1108330
PDEV sh10 try=0 kill=0 (0.0%) BJ try=101483 kill=22684 nodes=15728640
ADAPT sh10 rp[P=7830 try=11610 kill=1237 11%] pd[P=76 try=1625811 kill=403578 25%]
T3[t=4407s] shard14 r0 #2 cell=(44,64) sc=50271 nodes=15688073 r=0
DEATH sh0 liveend=0 estate=6744451 reach=4658516 dyn=84545 flow=0 geom=1164141
PDEV sh0 try=0 kill=0 (0.0%) BJ try=93761 kill=18596 nodes=9437184
ADAPT sh0 rp[P=8192 try=17516 kill=2447 14%] pd[P=243 try=1170339 kill=255247 22%]
DEATH sh16 liveend=0 estate=6742734 reach=4556596 dyn=111248 flow=0 geom=1053463
PDEV sh16 try=0 kill=0 (0.0%) BJ try=96771 kill=21403 nodes=13631488
ADAPT sh16 rp[P=8192 try=9837 kill=955 10%] pd[P=71 try=1541995 kill=383857 25%]
T3[t=4418s] shard10 r0 #2 cell=(43,63) sc=50260 nodes=16000001 r=-1
DEATH sh3 liveend=0 estate=7569288 reach=5167590 dyn=94914 flow=0 geom=1267940
PDEV sh3 try=0 kill=0 (0.0%) BJ try=107041 kill=22060 nodes=1048576
ADAPT sh3 rp[P=8192 try=13891 kill=1639 12%] pd[P=214 try=1376677 kill=314977 23%]
DEATH sh20 liveend=0 estate=7342658 reach=4987159 dyn=98190 flow=0 geom=1173212
PDEV sh20 try=0 kill=0 (0.0%) BJ try=103673 kill=22986 nodes=1048576
ADAPT sh20 rp[P=8192 try=11475 kill=1176 10%] pd[P=49 try=1715948 kill=416865 24%]
DEATH sh2 liveend=0 estate=7059855 reach=4775133 dyn=117140 flow=0 geom=1108562
PDEV sh2 try=0 kill=0 (0.0%) BJ try=101381 kill=23812 nodes=2097152
ADAPT sh2 rp[P=8192 try=11724 kill=1283 11%] pd[P=36 try=1523569 kill=392189 26%]
DEATH sh9 liveend=0 estate=6945018 reach=4763434 dyn=81754 flow=0 geom=1177924
PDEV sh9 try=0 kill=0 (0.0%) BJ try=97066 kill=19605 nodes=12582912
ADAPT sh9 rp[P=8192 try=11985 kill=1403 12%] pd[P=30 try=1314115 kill=286890 22%]
DEATH sh23 liveend=0 estate=6916187 reach=4692258 dyn=95800 flow=0 geom=1100652
PDEV sh23 try=0 kill=0 (0.0%) BJ try=97325 kill=20508 nodes=13631488
ADAPT sh23 rp[P=8192 try=10935 kill=1160 11%] pd[P=38 try=1668849 kill=394835 24%]
DEATH sh21 liveend=0 estate=7474681 reach=5170682 dyn=67776 flow=0 geom=1290283
PDEV sh21 try=0 kill=0 (0.0%) BJ try=103357 kill=20199 nodes=15728640
ADAPT sh21 rp[P=6240 try=15030 kill=1945 13%] pd[P=94 try=1398991 kill=298023 21%]
DEATH sh8 liveend=0 estate=6937752 reach=4699402 dyn=104872 flow=0 geom=1094687
PDEV sh8 try=0 kill=0 (0.0%) BJ try=99014 kill=22250 nodes=3145728
ADAPT sh8 rp[P=8192 try=10730 kill=1125 10%] pd[P=80 try=1582628 kill=391182 25%]
DEATH sh1 liveend=0 estate=7369355 reach=4997806 dyn=109368 flow=0 geom=1173113
PDEV sh1 try=0 kill=0 (0.0%) BJ try=104617 kill=23994 nodes=12582912
ADAPT sh1 rp[P=8192 try=11784 kill=1288 11%] pd[P=47 try=1602719 kill=407137 25%]
T3[t=4434s] shard21 r0 #2 cell=(44,64) sc=50277 nodes=16000001 r=-1
DEATH sh7 liveend=0 estate=7740372 reach=5266543 dyn=99076 flow=0 geom=1239803
PDEV sh7 try=0 kill=0 (0.0%) BJ try=109678 kill=25498 nodes=8388608
ADAPT sh7 rp[P=8192 try=11934 kill=1236 10%] pd[P=66 try=1696981 kill=426011 25%]
DEATH sh18 liveend=0 estate=6738572 reach=4601955 dyn=76327 flow=0 geom=1129073
PDEV sh18 try=0 kill=0 (0.0%) BJ try=94971 kill=19353 nodes=11534336
ADAPT sh18 rp[P=5872 try=12163 kill=1435 12%] pd[P=153 try=1297068 kill=292703 23%]
DEATH sh22 liveend=0 estate=7026625 reach=4764314 dyn=103169 flow=0 geom=1112964
PDEV sh22 try=0 kill=0 (0.0%) BJ try=99386 kill=20930 nodes=14680064
ADAPT sh22 rp[P=8192 try=9426 kill=841 9%] pd[P=482 try=1694147 kill=405003 24%]
DEATH sh5 liveend=0 estate=7275330 reach=4917235 dyn=119803 flow=0 geom=1139980
PDEV sh5 try=0 kill=0 (0.0%) BJ try=104552 kill=24559 nodes=8388608
ADAPT sh5 rp[P=8192 try=13025 kill=1488 11%] pd[P=50 try=1547959 kill=402601 26%]
DEATH sh17 liveend=0 estate=6990976 reach=4745905 dyn=99249 flow=0 geom=1109402
PDEV sh17 try=0 kill=0 (0.0%) BJ try=99371 kill=22305 nodes=14680064
ADAPT sh17 rp[P=5966 try=13734 kill=1661 12%] pd[P=95 try=1606165 kill=394350 25%]
DEATH sh13 liveend=0 estate=7101088 reach=4806040 dyn=106373 flow=0 geom=1119781
PDEV sh13 try=0 kill=0 (0.0%) BJ try=101004 kill=22399 nodes=15728640
ADAPT sh13 rp[P=8192 try=10411 kill=1035 10%] pd[P=35 try=1640202 kill=402173 25%]
DEATH sh19 liveend=0 estate=7112823 reach=4821176 dyn=104491 flow=0 geom=1125996
PDEV sh19 try=0 kill=0 (0.0%) BJ try=101042 kill=22893 nodes=15728640
ADAPT sh19 rp[P=8192 try=11207 kill=1171 10%] pd[P=106 try=1637716 kill=406260 25%]
T3[t=4484s] shard19 r0 #2 cell=(47,57) sc=50272 nodes=16000001 r=-1
T3[t=4486s] shard13 r0 #2 cell=(43,67) sc=50271 nodes=16000001 r=-1
DEATH sh20 liveend=0 estate=7489308 reach=5087395 dyn=98190 flow=0 geom=1197397
PDEV sh20 try=0 kill=0 (0.0%) BJ try=105770 kill=23461 nodes=2097152
ADAPT sh20 rp[P=6935 try=11649 kill=1191 10%] pd[P=53 try=1752156 kill=425521 24%]
DEATH sh0 liveend=0 estate=6896470 reach=4765212 dyn=84545 flow=0 geom=1192193
PDEV sh0 try=0 kill=0 (0.0%) BJ try=95858 kill=19043 nodes=10485760
ADAPT sh0 rp[P=7369 try=17696 kill=2463 14%] pd[P=61 try=1198740 kill=261676 22%]
DEATH sh16 liveend=0 estate=6892628 reach=4659568 dyn=111248 flow=0 geom=1078590
PDEV sh16 try=0 kill=0 (0.0%) BJ try=98869 kill=21892 nodes=14680064
ADAPT sh16 rp[P=8192 try=10020 kill=970 10%] pd[P=47 try=1579504 kill=392799 25%]
DEATH sh11 liveend=0 estate=7148519 reach=4850817 dyn=95792 flow=0 geom=1136822
PDEV sh11 try=0 kill=0 (0.0%) BJ try=101469 kill=23345 nodes=15728640
ADAPT sh11 rp[P=8192 try=12298 kill=1382 11%] pd[P=4360 try=1642622 kill=404020 25%]
DEATH sh24 liveend=0 estate=6794536 reach=4652168 dyn=75914 flow=0 geom=1149868
PDEV sh24 try=0 kill=0 (0.0%) BJ try=94982 kill=18855 nodes=11534336
ADAPT sh24 rp[P=6935 try=14078 kill=1793 13%] pd[P=54 try=1332528 kill=289383 22%]
DEATH sh1 liveend=0 estate=7517457 reach=5098892 dyn=109368 flow=0 geom=1197784
PDEV sh1 try=0 kill=0 (0.0%) BJ try=106714 kill=24469 nodes=13631488
ADAPT sh1 rp[P=8192 try=12002 kill=1313 11%] pd[P=84 try=1636584 kill=415602 25%]
T3[t=4501s] shard11 r0 #2 cell=(43,65) sc=50269 nodes=15757399 r=0
DEATH sh14 liveend=0 estate=7322061 reach=4968356 dyn=99763 flow=0 geom=1166461
PDEV sh14 try=0 kill=0 (0.0%) BJ try=103526 kill=22571 nodes=1048576
ADAPT sh14 rp[P=8192 try=10622 kill=1044 10%] pd[P=50 try=1705939 kill=414828 24%]
DEATH sh7 liveend=0 estate=7886629 reach=5367696 dyn=99076 flow=0 geom=1263672
PDEV sh7 try=0 kill=0 (0.0%) BJ try=111775 kill=25976 nodes=9437184
ADAPT sh7 rp[P=8192 try=12105 kill=1248 10%] pd[P=62 try=1730145 kill=433965 25%]
DEATH sh2 liveend=0 estate=7199146 reach=4869301 dyn=119426 flow=0 geom=1129633
PDEV sh2 try=0 kill=0 (0.0%) BJ try=103478 kill=24314 nodes=3145728
ADAPT sh2 rp[P=8192 try=11898 kill=1296 11%] pd[P=72 try=1553054 kill=400750 26%]
DEATH sh5 liveend=0 estate=7423397 reach=5018744 dyn=119803 flow=0 geom=1164659
PDEV sh5 try=0 kill=0 (0.0%) BJ try=106649 kill=25039 nodes=9437184
ADAPT sh5 rp[P=8192 try=13210 kill=1504 11%] pd[P=205 try=1582100 kill=411260 26%]
DEATH sh4 liveend=0 estate=7525366 reach=5084054 dyn=122370 flow=0 geom=1173635
PDEV sh4 try=0 kill=0 (0.0%) BJ try=108826 kill=25788 nodes=10485760
ADAPT sh4 rp[P=8192 try=13952 kill=1603 11%] pd[P=61 try=1593437 kill=418343 26%]
DEATH sh3 liveend=0 estate=7711684 reach=5263139 dyn=96741 flow=0 geom=1290373
PDEV sh3 try=0 kill=0 (0.0%) BJ try=109138 kill=22583 nodes=2097152
ADAPT sh3 rp[P=8192 try=14112 kill=1663 12%] pd[P=61 try=1406162 kill=323036 23%]
DEATH sh9 liveend=0 estate=7101104 reach=4872676 dyn=81754 flow=0 geom=1206167
PDEV sh9 try=0 kill=0 (0.0%) BJ try=99163 kill=20026 nodes=13631488
ADAPT sh9 rp[P=8192 try=12170 kill=1419 12%] pd[P=114 try=1346611 kill=293854 22%]
T3[t=4545s] shard17 r0 #2 cell=(46,62) sc=50271 nodes=16000001 r=-1
DEATH sh23 liveend=0 estate=7072025 reach=4800100 dyn=96527 flow=0 geom=1126697
PDEV sh23 try=0 kill=0 (0.0%) BJ try=99423 kill=20993 nodes=14680064
ADAPT sh23 rp[P=8192 try=11120 kill=1175 11%] pd[P=44 try=1708596 kill=404242 24%]
DEATH sh6 liveend=0 estate=7310053 reach=5029271 dyn=81820 flow=0 geom=1253364
PDEV sh6 try=0 kill=0 (0.0%) BJ try=101719 kill=20642 nodes=14680064
ADAPT sh6 rp[P=5369 try=14328 kill=1805 13%] pd[P=24 try=1332665 kill=293002 22%]
DEATH sh22 liveend=0 estate=7177763 reach=4867138 dyn=105270 flow=0 geom=1137075
PDEV sh22 try=0 kill=0 (0.0%) BJ try=101483 kill=21388 nodes=15728640
ADAPT sh22 rp[P=8192 try=9609 kill=856 9%] pd[P=94 try=1730811 kill=413914 24%]
DEATH sh14 liveend=0 estate=7469229 reach=5069416 dyn=99763 flow=0 geom=1190246
PDEV sh14 try=0 kill=0 (0.0%) BJ try=105623 kill=23037 nodes=2097152
ADAPT sh14 rp[P=8192 try=10812 kill=1061 10%] pd[P=65 try=1740500 kill=422969 24%]
DEATH sh8 liveend=0 estate=7093734 reach=4806330 dyn=106185 flow=0 geom=1120374
PDEV sh8 try=0 kill=0 (0.0%) BJ try=101111 kill=22737 nodes=4194304
ADAPT sh8 rp[P=7830 try=10936 kill=1146 10%] pd[P=51 try=1620693 kill=400332 25%]
DEATH sh20 liveend=0 estate=7639352 reach=5191385 dyn=98190 flow=0 geom=1222751
PDEV sh20 try=0 kill=0 (0.0%) BJ try=107867 kill=23918 nodes=3145728
ADAPT sh20 rp[P=8192 try=11845 kill=1210 10%] pd[P=131 try=1790579 kill=434743 24%]
DEATH sh1 liveend=0 estate=7667494 reach=5202566 dyn=109368 flow=0 geom=1223193
PDEV sh1 try=0 kill=0 (0.0%) BJ try=108812 kill=24973 nodes=14680064
ADAPT sh1 rp[P=8192 try=12178 kill=1325 11%] pd[P=157 try=1672582 kill=424633 25%]
DEATH sh7 liveend=0 estate=8036921 reach=5470883 dyn=99076 flow=0 geom=1289054
PDEV sh7 try=0 kill=0 (0.0%) BJ try=113872 kill=26480 nodes=10485760
ADAPT sh7 rp[P=7369 try=12261 kill=1256 10%] pd[P=28 try=1765325 kill=442680 25%]
DEATH sh21 liveend=0 estate=7668367 reach=5307449 dyn=69707 flow=0 geom=1323951
PDEV sh21 try=0 kill=0 (0.0%) BJ try=105997 kill=20714 nodes=1048576
ADAPT sh21 rp[P=8192 try=16542 kill=2206 13%] pd[P=87 try=1433761 kill=305250 21%]
T3[t=4579s] shard22 r0 #2 cell=(51,59) sc=50276 nodes=16000001 r=-1
DEATH sh19 liveend=0 estate=7301661 reach=4951033 dyn=104796 flow=0 geom=1157016
PDEV sh19 try=0 kill=0 (0.0%) BJ try=103682 kill=23482 nodes=1048576
ADAPT sh19 rp[P=8192 try=11470 kill=1198 10%] pd[P=44 try=1684590 kill=417643 25%]
DEATH sh16 liveend=0 estate=7044912 reach=4765862 dyn=111248 flow=0 geom=1104412
PDEV sh16 try=0 kill=0 (0.0%) BJ try=100966 kill=22359 nodes=15728640
ADAPT sh16 rp[P=8192 try=10185 kill=980 10%] pd[P=47 try=1617981 kill=401942 25%]
DEATH sh5 liveend=0 estate=7572982 reach=5121844 dyn=119803 flow=0 geom=1189897
PDEV sh5 try=0 kill=0 (0.0%) BJ try=108746 kill=25523 nodes=10485760
ADAPT sh5 rp[P=8192 try=13409 kill=1524 11%] pd[P=167 try=1617273 kill=420087 26%]
DEATH sh13 liveend=0 estate=7294171 reach=4939822 dyn=107267 flow=0 geom=1152079
PDEV sh13 try=0 kill=0 (0.0%) BJ try=103644 kill=23047 nodes=1048576
ADAPT sh13 rp[P=8192 try=10655 kill=1058 10%] pd[P=52 try=1687520 kill=413483 25%]
DEATH sh2 liveend=0 estate=7338395 reach=4963739 dyn=119426 flow=0 geom=1151510
PDEV sh2 try=0 kill=0 (0.0%) BJ try=105575 kill=24865 nodes=4194304
ADAPT sh2 rp[P=8192 try=12091 kill=1315 11%] pd[P=40 try=1584348 kill=409772 26%]
DEATH sh18 liveend=0 estate=6895773 reach=4713848 dyn=77167 flow=0 geom=1157039
PDEV sh18 try=0 kill=0 (0.0%) BJ try=97068 kill=19741 nodes=12582912
ADAPT sh18 rp[P=8192 try=12699 kill=1521 12%] pd[P=41 try=1327986 kill=299160 23%]
DEATH sh11 liveend=0 estate=7301260 reach=4954667 dyn=97238 flow=0 geom=1161090
PDEV sh11 try=0 kill=0 (0.0%) BJ try=103623 kill=23826 nodes=1048576
ADAPT sh11 rp[P=8192 try=12514 kill=1403 11%] pd[P=66 try=1677527 kill=412258 25%]
DEATH sh10 liveend=0 estate=7413267 reach=4998855 dyn=117583 flow=0 geom=1156484
PDEV sh10 try=0 kill=0 (0.0%) BJ try=106220 kill=23848 nodes=2097152
ADAPT sh10 rp[P=7369 try=12392 kill=1344 11%] pd[P=56 try=1700743 kill=423766 25%]
DEATH sh9 liveend=0 estate=7252055 reach=4977510 dyn=81754 flow=0 geom=1233597
PDEV sh9 try=0 kill=0 (0.0%) BJ try=101261 kill=20510 nodes=14680064
ADAPT sh9 rp[P=8192 try=12388 kill=1443 12%] pd[P=157 try=1378265 kill=300749 22%]
DEATH sh3 liveend=0 estate=7852705 reach=5358441 dyn=96741 flow=0 geom=1312971
PDEV sh3 try=0 kill=0 (0.0%) BJ try=111235 kill=23113 nodes=3145728
ADAPT sh3 rp[P=8192 try=14276 kill=1673 12%] pd[P=202 try=1435939 kill=331146 23%]
DEATH sh15 liveend=0 estate=7019358 reach=4842007 dyn=71758 flow=0 geom=1214900
PDEV sh15 try=0 kill=0 (0.0%) BJ try=97072 kill=19040 nodes=12582912
ADAPT sh15 rp[P=5704 try=18207 kill=2575 14%] pd[P=54 try=1313976 kill=280418 21%]
DEATH sh4 liveend=0 estate=7679231 reach=5189556 dyn=124110 flow=0 geom=1198800
PDEV sh4 try=0 kill=0 (0.0%) BJ try=110923 kill=26274 nodes=11534336
ADAPT sh4 rp[P=8192 try=14127 kill=1617 11%] pd[P=39 try=1630031 kill=427304 26%]
DEATH sh23 liveend=0 estate=7221278 reach=4902533 dyn=96527 flow=0 geom=1151669
PDEV sh23 try=0 kill=0 (0.0%) BJ try=101520 kill=21433 nodes=15728640
ADAPT sh23 rp[P=7830 try=11291 kill=1189 11%] pd[P=58 try=1747170 kill=413474 24%]
T3[t=4630s] shard16 r0 #2 cell=(44,66) sc=50263 nodes=16000001 r=-1
T3[t=4631s] shard6 r0 #5 cell=(41,63) sc=50271 nodes=16000001 r=-1
DEATH sh14 liveend=0 estate=7618846 reach=5172302 dyn=99763 flow=0 geom=1215398
PDEV sh14 try=0 kill=0 (0.0%) BJ try=107720 kill=23523 nodes=3145728
ADAPT sh14 rp[P=8192 try=10994 kill=1076 10%] pd[P=44 try=1777499 kill=431936 24%]
DEATH sh17 liveend=0 estate=7317602 reach=4968146 dyn=99872 flow=0 geom=1161901
PDEV sh17 try=0 kill=0 (0.0%) BJ try=104108 kill=23454 nodes=1048576
ADAPT sh17 rp[P=8192 try=14478 kill=1759 12%] pd[P=86 try=1683779 kill=414200 25%]
DEATH sh8 liveend=0 estate=7243863 reach=4909954 dyn=106185 flow=0 geom=1145639
PDEV sh8 try=0 kill=0 (0.0%) BJ try=103208 kill=23232 nodes=5242880
ADAPT sh8 rp[P=8192 try=11094 kill=1155 10%] pd[P=66 try=1657355 kill=409193 25%]
T3[t=4645s] shard23 r0 #2 cell=(52,64) sc=50273 nodes=16000001 r=-1
DEATH sh0 liveend=0 estate=7055997 reach=4880654 dyn=84545 flow=0 geom=1221243
PDEV sh0 try=0 kill=0 (0.0%) BJ try=97955 kill=19461 nodes=11534336
ADAPT sh0 rp[P=8192 try=17947 kill=2493 14%] pd[P=47 try=1233842 kill=268905 22%]
DEATH sh21 liveend=0 estate=7822152 reach=5416090 dyn=69707 flow=0 geom=1352355
PDEV sh21 try=0 kill=0 (0.0%) BJ try=108094 kill=21145 nodes=2097152
ADAPT sh21 rp[P=8192 try=16718 kill=2219 13%] pd[P=100 try=1463916 kill=311740 21%]
DEATH sh13 liveend=0 estate=7442225 reach=5040459 dyn=107267 flow=0 geom=1176407
PDEV sh13 try=0 kill=0 (0.0%) BJ try=105741 kill=23552 nodes=2097152
ADAPT sh13 rp[P=6935 try=10873 kill=1082 10%] pd[P=53 try=1722831 kill=422006 24%]
DEATH sh1 liveend=0 estate=7818854 reach=5305719 dyn=111165 flow=0 geom=1247828
PDEV sh1 try=0 kill=0 (0.0%) BJ try=110909 kill=25471 nodes=15728640
ADAPT sh1 rp[P=8192 try=12374 kill=1342 11%] pd[P=106 try=1706643 kill=433054 25%]
DEATH sh12 liveend=0 estate=7075445 reach=4848939 dyn=77479 flow=0 geom=1197190
PDEV sh12 try=0 kill=0 (0.0%) BJ try=99169 kill=20157 nodes=13631488
ADAPT sh12 rp[P=8192 try=13579 kill=1657 12%] pd[P=38 try=1360243 kill=302524 22%]
DEATH sh20 liveend=0 estate=7790310 reach=5294876 dyn=99807 flow=0 geom=1247441
PDEV sh20 try=0 kill=0 (0.0%) BJ try=109964 kill=24398 nodes=4194304
ADAPT sh20 rp[P=8192 try=12068 kill=1237 10%] pd[P=33 try=1827057 kill=443552 24%]
T3[t=4669s] shard1 r0 #3 cell=(41,63) sc=50270 nodes=16000001 r=-1
DEATH sh11 liveend=0 estate=7450468 reach=5056663 dyn=97238 flow=0 geom=1185681
PDEV sh11 try=0 kill=0 (0.0%) BJ try=105720 kill=24269 nodes=2097152
ADAPT sh11 rp[P=8192 try=12681 kill=1414 11%] pd[P=26 try=1714424 kill=421067 25%]
DEATH sh7 liveend=0 estate=8188038 reach=5573521 dyn=101452 flow=0 geom=1313606
PDEV sh7 try=0 kill=0 (0.0%) BJ try=115969 kill=26955 nodes=11534336
ADAPT sh7 rp[P=3901 try=12471 kill=1280 10%] pd[P=8192 try=1799892 kill=451107 25%]
DEATH sh9 liveend=0 estate=7404998 reach=5082722 dyn=81754 flow=0 geom=1261270
PDEV sh9 try=0 kill=0 (0.0%) BJ try=103358 kill=20968 nodes=15728640
ADAPT sh9 rp[P=8192 try=12569 kill=1457 12%] pd[P=130 try=1409605 kill=307542 22%]
DEATH sh24 liveend=0 estate=6953450 reach=4764931 dyn=76988 flow=0 geom=1178015
PDEV sh24 try=0 kill=0 (0.0%) BJ try=97079 kill=19252 nodes=12582912
ADAPT sh24 rp[P=7369 try=14347 kill=1830 13%] pd[P=109 try=1367508 kill=296778 22%]
DEATH sh5 liveend=0 estate=7726757 reach=5228004 dyn=120967 flow=0 geom=1215416
PDEV sh5 try=0 kill=0 (0.0%) BJ try=110843 kill=25996 nodes=11534336
ADAPT sh5 rp[P=8192 try=13579 kill=1536 11%] pd[P=58 try=1654867 kill=429401 26%]
DEATH sh4 liveend=0 estate=7830281 reach=5294696 dyn=124110 flow=0 geom=1224510
PDEV sh4 try=0 kill=0 (0.0%) BJ try=113020 kill=26762 nodes=12582912
ADAPT sh4 rp[P=8192 try=14310 kill=1632 11%] pd[P=66 try=1666133 kill=436300 26%]
DEATH sh22 liveend=0 estate=7370671 reach=5000041 dyn=106153 flow=0 geom=1168906
PDEV sh22 try=0 kill=0 (0.0%) BJ try=104123 kill=21981 nodes=1048576
ADAPT sh22 rp[P=4755 try=10096 kill=928 9%] pd[P=66 try=1780177 kill=425707 24%]
DEATH sh10 liveend=0 estate=7552624 reach=5090922 dyn=120757 flow=0 geom=1176662
PDEV sh10 try=0 kill=0 (0.0%) BJ try=108317 kill=24337 nodes=3145728
ADAPT sh10 rp[P=8192 try=12741 kill=1389 11%] pd[P=26 try=1731113 kill=432172 25%]
DEATH sh2 liveend=0 estate=7489686 reach=5067025 dyn=122154 flow=0 geom=1175667
PDEV sh2 try=0 kill=0 (0.0%) BJ try=107672 kill=25369 nodes=5242880
ADAPT sh2 rp[P=8192 try=12282 kill=1331 11%] pd[P=28 try=1617890 kill=418013 26%]
DEATH sh25 liveend=0 estate=7276883 reach=4920215 dyn=114295 flow=0 geom=1138289
PDEV sh25 try=0 kill=0 (0.0%) BJ try=104303 kill=23455 nodes=4194304
ADAPT sh25 rp[P=8192 try=12326 kill=1353 11%] pd[P=109 try=1753458 kill=428720 24%]
DEATH sh8 liveend=0 estate=7391344 reach=5011051 dyn=106185 flow=0 geom=1169393
PDEV sh8 try=0 kill=0 (0.0%) BJ try=105305 kill=23725 nodes=6291456
ADAPT sh8 rp[P=8192 try=11292 kill=1175 10%] pd[P=44 try=1691823 kill=417313 25%]
T3[t=4705s] shard9 r0 #2 cell=(41,63) sc=50271 nodes=16000001 r=-1
DEATH sh18 liveend=0 estate=7053275 reach=4826294 dyn=77167 flow=0 geom=1185545
PDEV sh18 try=0 kill=0 (0.0%) BJ try=99165 kill=20171 nodes=13631488
ADAPT sh18 rp[P=6935 try=12882 kill=1538 12%] pd[P=108 try=1361353 kill=306242 22%]
DEATH sh15 liveend=0 estate=7176388 reach=4953484 dyn=71758 flow=0 geom=1243467
PDEV sh15 try=0 kill=0 (0.0%) BJ try=99169 kill=19477 nodes=13631488
ADAPT sh15 rp[P=6935 try=18480 kill=2610 14%] pd[P=71 try=1345194 kill=287021 21%]
DEATH sh17 liveend=0 estate=7456405 reach=5061036 dyn=102366 flow=0 geom=1182353
PDEV sh17 try=0 kill=0 (0.0%) BJ try=106205 kill=23987 nodes=2097152
ADAPT sh17 rp[P=8192 try=14629 kill=1766 12%] pd[P=81 try=1715211 kill=422891 25%]
DEATH sh12 liveend=0 estate=7227578 reach=4953368 dyn=77479 flow=0 geom=1224192
PDEV sh12 try=0 kill=0 (0.0%) BJ try=101267 kill=20568 nodes=14680064
ADAPT sh12 rp[P=8192 try=13768 kill=1674 12%] pd[P=71 try=1391099 kill=309130 22%]
DEATH sh21 liveend=0 estate=7974427 reach=5520606 dyn=69707 flow=0 geom=1379584
PDEV sh21 try=0 kill=0 (0.0%) BJ try=110191 kill=21570 nodes=3145728
ADAPT sh21 rp[P=8192 try=16916 kill=2239 13%] pd[P=56 try=1495671 kill=318700 21%]
DEATH sh19 liveend=0 estate=7600486 reach=5156784 dyn=104809 flow=0 geom=1206910
PDEV sh19 try=0 kill=0 (0.0%) BJ try=107876 kill=24436 nodes=3145728
ADAPT sh19 rp[P=8192 try=11897 kill=1243 10%] pd[P=65 try=1758827 kill=435763 25%]
DEATH sh14 liveend=0 estate=7772524 reach=5277738 dyn=100886 flow=0 geom=1240895
PDEV sh14 try=0 kill=0 (0.0%) BJ try=109817 kill=24018 nodes=4194304
ADAPT sh14 rp[P=8192 try=11277 kill=1115 10%] pd[P=59 try=1814423 kill=440765 24%]
DEATH sh16 liveend=0 estate=7237067 reach=4897047 dyn=113318 flow=0 geom=1135545
PDEV sh16 try=0 kill=0 (0.0%) BJ try=103606 kill=22999 nodes=1048576
ADAPT sh16 rp[P=8192 try=10473 kill=1013 10%] pd[P=165 try=1663651 kill=412702 25%]
DEATH sh13 liveend=0 estate=7591912 reach=5144110 dyn=107279 flow=0 geom=1201525
PDEV sh13 try=0 kill=0 (0.0%) BJ try=107838 kill=24076 nodes=3145728
ADAPT sh13 rp[P=8192 try=11055 kill=1097 10%] pd[P=49 try=1761484 kill=431447 24%]
DEATH sh23 liveend=0 estate=7399513 reach=5022230 dyn=98398 flow=0 geom=1178559
PDEV sh23 try=0 kill=0 (0.0%) BJ try=104160 kill=22042 nodes=1048576
ADAPT sh23 rp[P=8192 try=11517 kill=1208 10%] pd[P=62 try=1791968 kill=424983 24%]
DEATH sh11 liveend=0 estate=7600086 reach=5160194 dyn=97238 flow=0 geom=1210857
PDEV sh11 try=0 kill=0 (0.0%) BJ try=107817 kill=24753 nodes=3145728
ADAPT sh11 rp[P=7609 try=12921 kill=1443 11%] pd[P=60 try=1751443 kill=430025 25%]
DEATH sh1 liveend=0 estate=7995020 reach=5424347 dyn=112037 flow=0 geom=1275143
PDEV sh1 try=0 kill=0 (0.0%) BJ try=113549 kill=26194 nodes=1048576
ADAPT sh1 rp[P=8192 try=13146 kill=1460 11%] pd[P=142 try=1742444 kill=443024 25%]
DEATH sh4 liveend=0 estate=7977396 reach=5395113 dyn=124110 flow=0 geom=1248969
PDEV sh4 try=0 kill=0 (0.0%) BJ try=115117 kill=27259 nodes=13631488
ADAPT sh4 rp[P=8192 try=14485 kill=1645 11%] pd[P=30 try=1699417 kill=444617 26%]
DEATH sh2 liveend=0 estate=7636803 reach=5167636 dyn=122154 flow=0 geom=1199404
PDEV sh2 try=0 kill=0 (0.0%) BJ try=109769 kill=25853 nodes=6291456
ADAPT sh2 rp[P=5704 try=12443 kill=1342 11%] pd[P=137 try=1650763 kill=426026 26%]
DEATH sh7 liveend=0 estate=8339167 reach=5678207 dyn=101815 flow=0 geom=1338937
PDEV sh7 try=0 kill=0 (0.0%) BJ try=118066 kill=27471 nodes=12582912
ADAPT sh7 rp[P=4144 try=12710 kill=1306 10%] pd[P=131 try=1834772 kill=459740 25%]
DEATH sh22 liveend=0 estate=7517910 reach=5100417 dyn=106153 flow=0 geom=1192997
PDEV sh22 try=0 kill=0 (0.0%) BJ try=106220 kill=22442 nodes=2097152
ADAPT sh22 rp[P=6935 try=10273 kill=940 9%] pd[P=44 try=1817387 kill=434545 24%]
DEATH sh25 liveend=0 estate=7424163 reach=5020567 dyn=114295 flow=0 geom=1162416
PDEV sh25 try=0 kill=0 (0.0%) BJ try=106400 kill=23927 nodes=5242880
ADAPT sh25 rp[P=8192 try=12475 kill=1359 11%] pd[P=47 try=1790581 kill=437504 24%]
DEATH sh5 liveend=0 estate=7877360 reach=5331959 dyn=120967 flow=0 geom=1240860
PDEV sh5 try=0 kill=0 (0.0%) BJ try=112940 kill=26482 nodes=12582912
ADAPT sh5 rp[P=8192 try=13742 kill=1546 11%] pd[P=41 try=1690927 kill=438462 26%]
DEATH sh12 liveend=0 estate=7373153 reach=5054548 dyn=77479 flow=0 geom=1247399
PDEV sh12 try=0 kill=0 (0.0%) BJ try=103364 kill=20996 nodes=15728640
ADAPT sh12 rp[P=6631 try=13944 kill=1689 12%] pd[P=51 try=1416759 kill=314234 22%]
DEATH sh10 liveend=0 estate=7691730 reach=5184550 dyn=120866 flow=0 geom=1198150
PDEV sh10 try=0 kill=0 (0.0%) BJ try=110414 kill=24830 nodes=4194304
ADAPT sh10 rp[P=8192 try=12914 kill=1402 11%] pd[P=38 try=1765572 kill=441617 25%]
DEATH sh6 liveend=0 estate=7656151 reach=5270951 dyn=84544 flow=0 geom=1313440
PDEV sh6 try=0 kill=0 (0.0%) BJ try=106456 kill=21596 nodes=1048576
ADAPT sh6 rp[P=7369 try=14744 kill=1840 12%] pd[P=58 try=1397235 kill=306618 22%]
T3[t=4781s] shard12 r0 #2 cell=(42,62) sc=50273 nodes=16000001 r=-1
DEATH sh8 liveend=0 estate=7541477 reach=5115065 dyn=106185 flow=0 geom=1194816
PDEV sh8 try=0 kill=0 (0.0%) BJ try=107403 kill=24215 nodes=7340032
ADAPT sh8 rp[P=8192 try=11465 kill=1188 10%] pd[P=47 try=1729258 kill=426209 25%]
DEATH sh18 liveend=0 estate=7206082 reach=4933168 dyn=77167 flow=0 geom=1213383
PDEV sh18 try=0 kill=0 (0.0%) BJ try=101263 kill=20649 nodes=14680064
ADAPT sh18 rp[P=8192 try=13099 kill=1561 12%] pd[P=124 try=1392640 kill=313079 22%]
DEATH sh16 liveend=0 estate=7383874 reach=4997766 dyn=113318 flow=0 geom=1159215
PDEV sh16 try=0 kill=0 (0.0%) BJ try=105703 kill=23462 nodes=2097152
ADAPT sh16 rp[P=5285 try=10646 kill=1027 10%] pd[P=48 try=1698811 kill=421066 25%]
DEATH sh15 liveend=0 estate=7329297 reach=5059168 dyn=71758 flow=0 geom=1271157
PDEV sh15 try=0 kill=0 (0.0%) BJ try=101267 kill=19926 nodes=14680064
ADAPT sh15 rp[P=7830 try=18645 kill=2620 14%] pd[P=130 try=1376621 kill=293929 21%]
DEATH sh14 liveend=0 estate=7921234 reach=5380162 dyn=100886 flow=0 geom=1265502
PDEV sh14 try=0 kill=0 (0.0%) BJ try=111914 kill=24505 nodes=5242880
ADAPT sh14 rp[P=8192 try=11459 kill=1130 10%] pd[P=116 try=1850676 kill=449486 24%]
DEATH sh0 liveend=0 estate=7201432 reach=4978410 dyn=89564 flow=0 geom=1243874
PDEV sh0 try=0 kill=0 (0.0%) BJ try=100052 kill=19897 nodes=12582912
ADAPT sh0 rp[P=5527 try=18282 kill=2541 14%] pd[P=74 try=1260223 kill=275292 22%]
DEATH sh3 liveend=0 estate=8137098 reach=5547732 dyn=99961 flow=0 geom=1356974
PDEV sh3 try=0 kill=0 (0.0%) BJ try=115429 kill=24133 nodes=5242880
ADAPT sh3 rp[P=8192 try=14656 kill=1707 12%] pd[P=38 try=1495889 kill=347536 23%]
DEATH sh7 liveend=0 estate=8486391 reach=5779506 dyn=101815 flow=0 geom=1362907
PDEV sh7 try=0 kill=0 (0.0%) BJ try=120163 kill=27966 nodes=13631488
ADAPT sh7 rp[P=7830 try=12904 kill=1324 10%] pd[P=53 try=1867852 kill=467716 25%]
DEATH sh20 liveend=0 estate=8089582 reach=5501207 dyn=99832 flow=0 geom=1297509
PDEV sh20 try=0 kill=0 (0.0%) BJ try=114158 kill=25345 nodes=6291456
ADAPT sh20 rp[P=8192 try=12423 kill=1264 10%] pd[P=46 try=1901801 kill=461702 24%]
DEATH sh9 liveend=0 estate=7586312 reach=5203192 dyn=85217 flow=0 geom=1289478
PDEV sh9 try=0 kill=0 (0.0%) BJ try=105998 kill=21577 nodes=1048576
ADAPT sh9 rp[P=8192 try=13108 kill=1534 12%] pd[P=125 try=1445966 kill=316725 22%]
DEATH sh24 liveend=0 estate=7113009 reach=4879811 dyn=76988 flow=0 geom=1206933
PDEV sh24 try=0 kill=0 (0.0%) BJ try=99176 kill=19674 nodes=13631488
ADAPT sh24 rp[P=8192 try=14595 kill=1860 13%] pd[P=36 try=1401254 kill=303860 22%]
DEATH sh5 liveend=0 estate=8024582 reach=5432977 dyn=120967 flow=0 geom=1265385
PDEV sh5 try=0 kill=0 (0.0%) BJ try=115037 kill=26961 nodes=13631488
ADAPT sh5 rp[P=8192 try=13929 kill=1562 11%] pd[P=56 try=1724333 kill=446813 26%]
DEATH sh1 liveend=0 estate=8134248 reach=5517537 dyn=115003 flow=0 geom=1295718
PDEV sh1 try=0 kill=0 (0.0%) BJ try=115646 kill=26703 nodes=2097152
ADAPT sh1 rp[P=8192 try=13376 kill=1488 11%] pd[P=106 try=1770395 kill=451150 25%]
DEATH sh25 liveend=0 estate=7573485 reach=5123932 dyn=114295 flow=0 geom=1187579
PDEV sh25 try=0 kill=0 (0.0%) BJ try=108497 kill=24395 nodes=6291456
ADAPT sh25 rp[P=8192 try=12647 kill=1372 11%] pd[P=61 try=1830400 kill=446946 24%]
DEATH sh22 liveend=0 estate=7668004 reach=5203505 dyn=106153 flow=0 geom=1217989
PDEV sh22 try=0 kill=0 (0.0%) BJ try=108317 kill=22913 nodes=3145728
ADAPT sh22 rp[P=8192 try=10462 kill=956 9%] pd[P=107 try=1857407 kill=444143 24%]
DEATH sh4 liveend=0 estate=8131255 reach=5501836 dyn=124402 flow=0 geom=1274927
PDEV sh4 try=0 kill=0 (0.0%) BJ try=117215 kill=27780 nodes=14680064
ADAPT sh4 rp[P=8192 try=14689 kill=1665 11%] pd[P=24 try=1738105 kill=454101 26%]
DEATH sh23 liveend=0 estate=7547884 reach=5124096 dyn=99036 flow=0 geom=1202717
PDEV sh23 try=0 kill=0 (0.0%) BJ try=106257 kill=22559 nodes=2097152
ADAPT sh23 rp[P=8192 try=11718 kill=1228 10%] pd[P=35 try=1830851 kill=434657 24%]
DEATH sh19 liveend=0 estate=7756478 reach=5263438 dyn=106531 flow=0 geom=1232145
PDEV sh19 try=0 kill=0 (0.0%) BJ try=109973 kill=24927 nodes=4194304
ADAPT sh19 rp[P=8192 try=12057 kill=1252 10%] pd[P=65 try=1797179 kill=445019 25%]
DEATH sh6 liveend=0 estate=7809935 reach=5378796 dyn=84544 flow=0 geom=1341488
PDEV sh6 try=0 kill=0 (0.0%) BJ try=108553 kill=22035 nodes=2097152
ADAPT sh6 rp[P=8192 try=14920 kill=1853 12%] pd[P=66 try=1427410 kill=313190 22%]
DEATH sh13 liveend=0 estate=7747392 reach=5250366 dyn=109206 flow=0 geom=1226809
PDEV sh13 try=0 kill=0 (0.0%) BJ try=109935 kill=24497 nodes=4194304
ADAPT sh13 rp[P=8192 try=11249 kill=1115 10%] pd[P=106 try=1799634 kill=440602 24%]
DEATH sh18 liveend=0 estate=7358749 reach=5038674 dyn=77167 flow=0 geom=1241146
PDEV sh18 try=0 kill=0 (0.0%) BJ try=103360 kill=21072 nodes=15728640
ADAPT sh18 rp[P=5235 try=13349 kill=1595 12%] pd[P=53 try=1423531 kill=319818 22%]
DEATH sh11 liveend=0 estate=7756408 reach=5268721 dyn=98072 flow=0 geom=1237197
PDEV sh11 try=0 kill=0 (0.0%) BJ try=109914 kill=25250 nodes=4194304
ADAPT sh11 rp[P=7972 try=13146 kill=1469 11%] pd[P=80 try=1790478 kill=439243 25%]
DEATH sh12 liveend=0 estate=7564951 reach=5189107 dyn=78301 flow=0 geom=1281067
PDEV sh12 try=0 kill=0 (0.0%) BJ try=106004 kill=21562 nodes=1048576
ADAPT sh12 rp[P=8192 try=14406 kill=1752 12%] pd[P=39 try=1451421 kill=321567 22%]
DEATH sh21 liveend=0 estate=8280100 reach=5730667 dyn=69707 flow=0 geom=1434850
PDEV sh21 try=0 kill=0 (0.0%) BJ try=114385 kill=22464 nodes=5242880
ADAPT sh21 rp[P=8192 try=17324 kill=2281 13%] pd[P=66 try=1557384 kill=332120 21%]
DEATH sh15 liveend=0 estate=7481610 reach=5163995 dyn=71758 flow=0 geom=1298730
PDEV sh15 try=0 kill=0 (0.0%) BJ try=103364 kill=20354 nodes=15728640
ADAPT sh15 rp[P=8192 try=18851 kill=2642 14%] pd[P=35 try=1408637 kill=300870 21%]
T3[t=4885s] shard18 r0 #2 cell=(43,65) sc=50260 nodes=16000001 r=-1
DEATH sh16 liveend=0 estate=7532991 reach=5100745 dyn=113318 flow=0 geom=1184280
PDEV sh16 try=0 kill=0 (0.0%) BJ try=107800 kill=23945 nodes=3145728
ADAPT sh16 rp[P=8192 try=10885 kill=1055 10%] pd[P=66 try=1736113 kill=429955 25%]
DEATH sh7 liveend=0 estate=8636407 reach=5883122 dyn=101815 flow=0 geom=1388249
PDEV sh7 try=0 kill=0 (0.0%) BJ try=122261 kill=28433 nodes=14680064
ADAPT sh7 rp[P=8192 try=13087 kill=1340 10%] pd[P=167 try=1903474 kill=476551 25%]
DEATH sh0 liveend=0 estate=7342785 reach=5073277 dyn=89564 flow=0 geom=1266363
PDEV sh0 try=0 kill=0 (0.0%) BJ try=102149 kill=20365 nodes=13631488
ADAPT sh0 rp[P=8192 try=18476 kill=2557 14%] pd[P=66 try=1290549 kill=283575 22%]
T3[t=4897s] shard15 r0 #2 cell=(42,70) sc=50270 nodes=16000001 r=-1
DEATH sh8 liveend=0 estate=7693608 reach=5218936 dyn=107480 flow=0 geom=1219696
PDEV sh8 try=0 kill=0 (0.0%) BJ try=109500 kill=24700 nodes=8388608
ADAPT sh8 rp[P=8192 try=11640 kill=1201 10%] pd[P=54 try=1765893 kill=435043 25%]
DEATH sh3 liveend=0 estate=8278206 reach=5641921 dyn=101354 flow=0 geom=1378712
PDEV sh3 try=0 kill=0 (0.0%) BJ try=117526 kill=24640 nodes=6291456
ADAPT sh3 rp[P=8192 try=14851 kill=1724 12%] pd[P=157 try=1525379 kill=355603 23%]
DEATH sh17 liveend=0 estate=7734828 reach=5248951 dyn=104778 flow=0 geom=1224717
PDEV sh17 try=0 kill=0 (0.0%) BJ try=110399 kill=25058 nodes=4194304
ADAPT sh17 rp[P=8192 try=14976 kill=1792 12%] pd[P=35 try=1781934 kill=441358 25%]
DEATH sh24 liveend=0 estate=7265892 reach=4987093 dyn=76988 flow=0 geom=1234751
PDEV sh24 try=0 kill=0 (0.0%) BJ try=101274 kill=20103 nodes=14680064
ADAPT sh24 rp[P=7487 try=14810 kill=1885 13%] pd[P=60 try=1432993 kill=310601 22%]
DEATH sh23 liveend=0 estate=7695181 reach=5224712 dyn=99036 flow=0 geom=1226762
PDEV sh23 try=0 kill=0 (0.0%) BJ try=108354 kill=23027 nodes=3145728
ADAPT sh23 rp[P=8192 try=11885 kill=1240 10%] pd[P=99 try=1868222 kill=443494 24%]
DEATH sh21 liveend=0 estate=8429392 reach=5834307 dyn=69707 flow=0 geom=1459694
PDEV sh21 try=0 kill=0 (0.0%) BJ try=116482 kill=22872 nodes=6291456
ADAPT sh21 rp[P=8192 try=17479 kill=2289 13%] pd[P=52 try=1584639 kill=337683 21%]
DEATH sh19 liveend=0 estate=7904706 reach=5365181 dyn=106531 flow=0 geom=1256649
PDEV sh19 try=0 kill=0 (0.0%) BJ try=112070 kill=25404 nodes=5242880
ADAPT sh19 rp[P=4145 try=12211 kill=1262 10%] pd[P=153 try=1833223 kill=453884 25%]
DEATH sh5 liveend=0 estate=8178875 reach=5540177 dyn=121096 flow=0 geom=1291590
PDEV sh5 try=0 kill=0 (0.0%) BJ try=117135 kill=27436 nodes=14680064
ADAPT sh5 rp[P=8192 try=14088 kill=1570 11%] pd[P=130 try=1762005 kill=456196 26%]
DEATH sh6 liveend=0 estate=7963608 reach=5485873 dyn=84544 flow=0 geom=1369645
PDEV sh6 try=0 kill=0 (0.0%) BJ try=110650 kill=22506 nodes=3145728
ADAPT sh6 rp[P=5201 try=15092 kill=1868 12%] pd[P=56 try=1457835 kill=319942 22%]
DEATH sh9 liveend=0 estate=7727347 reach=5296408 dyn=87005 flow=0 geom=1310734
PDEV sh9 try=0 kill=0 (0.0%) BJ try=108095 kill=22060 nodes=2097152
ADAPT sh9 rp[P=8192 try=13252 kill=1539 12%] pd[P=24 try=1478373 kill=325209 22%]
DEATH sh1 liveend=0 estate=8275107 reach=5612374 dyn=118349 flow=0 geom=1316639
PDEV sh1 try=0 kill=0 (0.0%) BJ try=117743 kill=27224 nodes=3145728
ADAPT sh1 rp[P=8192 try=13802 kill=1547 11%] pd[P=61 try=1799125 kill=459506 26%]
DEATH sh13 liveend=0 estate=7897125 reach=5354119 dyn=109206 flow=0 geom=1252077
PDEV sh13 try=0 kill=0 (0.0%) BJ try=112032 kill=24972 nodes=5242880
ADAPT sh13 rp[P=8192 try=11422 kill=1128 10%] pd[P=44 try=1837896 kill=450025 24%]
DEATH sh12 liveend=0 estate=7716808 reach=5293251 dyn=78301 flow=0 geom=1308503
PDEV sh12 try=0 kill=0 (0.0%) BJ try=108101 kill=21982 nodes=2097152
ADAPT sh12 rp[P=8192 try=14676 kill=1788 12%] pd[P=83 try=1482355 kill=328293 22%]
DEATH sh2 liveend=0 estate=7940964 reach=5376995 dyn=123201 flow=0 geom=1250463
PDEV sh2 try=0 kill=0 (0.0%) BJ try=113964 kill=26815 nodes=8388608
ADAPT sh2 rp[P=8192 try=12831 kill=1377 11%] pd[P=105 try=1722930 kill=443647 26%]
DEATH sh4 liveend=0 estate=8282239 reach=5606165 dyn=125828 flow=0 geom=1299889
PDEV sh4 try=0 kill=0 (0.0%) BJ try=119312 kill=28265 nodes=15728640
ADAPT sh4 rp[P=6527 try=14985 kill=1701 11%] pd[P=141 try=1773493 kill=462750 26%]
DEATH sh20 liveend=0 estate=8245164 reach=5607008 dyn=102172 flow=0 geom=1322432
PDEV sh20 try=0 kill=0 (0.0%) BJ try=116256 kill=25825 nodes=7340032
ADAPT sh20 rp[P=8192 try=12578 kill=1272 10%] pd[P=47 try=1939366 kill=470733 24%]
DEATH sh10 liveend=0 estate=7991562 reach=5389689 dyn=123170 flow=0 geom=1246268
PDEV sh10 try=0 kill=0 (0.0%) BJ try=114608 kill=25833 nodes=6291456
ADAPT sh10 rp[P=8192 try=13261 kill=1426 11%] pd[P=26 try=1835921 kill=458348 25%]
DEATH sh25 liveend=0 estate=7729782 reach=5231771 dyn=115218 flow=0 geom=1213605
PDEV sh25 try=0 kill=0 (0.0%) BJ try=110595 kill=24847 nodes=7340032
ADAPT sh25 rp[P=8192 try=12922 kill=1407 11%] pd[P=57 try=1870291 kill=456502 24%]
DEATH sh22 liveend=0 estate=7819637 reach=5306872 dyn=108292 flow=0 geom=1242444
PDEV sh22 try=0 kill=0 (0.0%) BJ try=110414 kill=23366 nodes=4194304
ADAPT sh22 rp[P=5472 try=10698 kill=986 9%] pd[P=74 try=1894031 kill=453019 24%]
DEATH sh14 liveend=0 estate=8222405 reach=5587838 dyn=100886 flow=0 geom=1315643
PDEV sh14 try=0 kill=0 (0.0%) BJ try=116109 kill=25494 nodes=7340032
ADAPT sh14 rp[P=8192 try=11767 kill=1146 10%] pd[P=44 try=1924553 kill=467151 24%]
DEATH sh11 liveend=0 estate=7908801 reach=5373384 dyn=98072 flow=0 geom=1262680
PDEV sh11 try=0 kill=0 (0.0%) BJ try=112011 kill=25710 nodes=5242880
ADAPT sh11 rp[P=6845 try=13315 kill=1482 11%] pd[P=58 try=1828880 kill=448542 25%]
T3[t=4966s] shard4 r0 #3 cell=(42,62) sc=50273 nodes=16000001 r=-1
DEATH sh21 liveend=0 estate=8575104 reach=5936092 dyn=69707 flow=0 geom=1483000
PDEV sh21 try=0 kill=0 (0.0%) BJ try=118580 kill=23267 nodes=7340032
ADAPT sh21 rp[P=8192 try=17660 kill=2305 13%] pd[P=120 try=1611354 kill=343026 21%]
DEATH sh6 liveend=0 estate=8113071 reach=5588995 dyn=84544 flow=0 geom=1395085
PDEV sh6 try=0 kill=0 (0.0%) BJ try=112747 kill=22924 nodes=4194304
ADAPT sh6 rp[P=8192 try=15307 kill=1890 12%] pd[P=58 try=1486015 kill=325880 22%]
DEATH sh16 liveend=0 estate=7685317 reach=5206142 dyn=114216 flow=0 geom=1209625
PDEV sh16 try=0 kill=0 (0.0%) BJ try=109897 kill=24394 nodes=4194304
ADAPT sh16 rp[P=6935 try=11073 kill=1072 10%] pd[P=28 try=1773339 kill=438835 25%]
DEATH sh12 liveend=0 estate=7866486 reach=5396349 dyn=78301 flow=0 geom=1334280
PDEV sh12 try=0 kill=0 (0.0%) BJ try=110198 kill=22394 nodes=3145728
ADAPT sh12 rp[P=8192 try=14847 kill=1801 12%] pd[P=60 try=1512270 kill=334622 22%]
DEATH sh7 liveend=0 estate=8792835 reach=5991183 dyn=102845 flow=0 geom=1414333
PDEV sh7 try=0 kill=0 (0.0%) BJ try=124358 kill=28891 nodes=15728640
ADAPT sh7 rp[P=4984 try=13319 kill=1369 10%] pd[P=26 try=1941699 kill=485712 25%]
DEATH sh0 liveend=0 estate=7485520 reach=5168153 dyn=91618 flow=0 geom=1288391
PDEV sh0 try=0 kill=0 (0.0%) BJ try=104247 kill=20861 nodes=14680064
ADAPT sh0 rp[P=8192 try=18673 kill=2577 14%] pd[P=157 try=1320722 kill=291893 22%]
DEATH sh24 liveend=0 estate=7418835 reach=5093000 dyn=76988 flow=0 geom=1262301
PDEV sh24 try=0 kill=0 (0.0%) BJ try=103371 kill=20508 nodes=15728640
ADAPT sh24 rp[P=7830 try=15002 kill=1904 13%] pd[P=94 try=1465891 kill=317693 22%]
DEATH sh23 liveend=0 estate=7844654 reach=5328408 dyn=99036 flow=0 geom=1251890
PDEV sh23 try=0 kill=0 (0.0%) BJ try=110451 kill=23482 nodes=4194304
ADAPT sh23 rp[P=8192 try=12131 kill=1271 10%] pd[P=80 try=1908369 kill=453032 24%]
DEATH sh13 liveend=0 estate=8044376 reach=5454975 dyn=109206 flow=0 geom=1276322
PDEV sh13 try=0 kill=0 (0.0%) BJ try=114129 kill=25447 nodes=6291456
ADAPT sh13 rp[P=8192 try=11574 kill=1135 10%] pd[P=44 try=1873390 kill=458596 24%]
DEATH sh20 liveend=0 estate=8392505 reach=5707981 dyn=102172 flow=0 geom=1346865
PDEV sh20 try=0 kill=0 (0.0%) BJ try=118353 kill=26289 nodes=8388608
ADAPT sh20 rp[P=8192 try=12763 kill=1287 10%] pd[P=56 try=1974821 kill=479199 24%]
DEATH sh25 liveend=0 estate=7876572 reach=5332416 dyn=115218 flow=0 geom=1237783
PDEV sh25 try=0 kill=0 (0.0%) BJ try=112692 kill=25263 nodes=8388608
ADAPT sh25 rp[P=8192 try=13117 kill=1425 11%] pd[P=105 try=1906899 kill=465183 24%]
DEATH sh1 liveend=0 estate=8414329 reach=5706939 dyn=118349 flow=0 geom=1338594
PDEV sh1 try=0 kill=0 (0.0%) BJ try=119840 kill=27796 nodes=4194304
ADAPT sh1 rp[P=8192 try=14020 kill=1571 11%] pd[P=106 try=1829592 kill=468450 26%]
DEATH sh22 liveend=0 estate=7966099 reach=5407114 dyn=108292 flow=0 geom=1266431
PDEV sh22 try=0 kill=0 (0.0%) BJ try=112511 kill=23845 nodes=5242880
ADAPT sh22 rp[P=8192 try=10879 kill=1001 9%] pd[P=96 try=1930574 kill=461678 24%]
DEATH sh9 liveend=0 estate=7868033 reach=5390821 dyn=87005 flow=0 geom=1332974
PDEV sh9 try=0 kill=0 (0.0%) BJ try=110192 kill=22548 nodes=3145728
ADAPT sh9 rp[P=8192 try=13409 kill=1549 12%] pd[P=76 try=1510428 kill=333653 22%]
DEATH sh3 liveend=0 estate=8420475 reach=5736923 dyn=103183 flow=0 geom=1400838
PDEV sh3 try=0 kill=0 (0.0%) BJ try=119624 kill=25148 nodes=7340032
ADAPT sh3 rp[P=8192 try=15016 kill=1734 12%] pd[P=142 try=1555336 kill=363790 23%]
T3[t=5025s] shard7 r0 #3 cell=(42,68) sc=50257 nodes=16000001 r=-1
DEATH sh10 liveend=0 estate=8141757 reach=5493195 dyn=123170 flow=0 geom=1271584
PDEV sh10 try=0 kill=0 (0.0%) BJ try=116706 kill=26320 nodes=7340032
ADAPT sh10 rp[P=8192 try=13405 kill=1431 11%] pd[P=47 try=1872930 kill=467258 25%]
DEATH sh11 liveend=0 estate=8055581 reach=5473730 dyn=98072 flow=0 geom=1286287
PDEV sh11 try=0 kill=0 (0.0%) BJ try=114108 kill=26195 nodes=6291456
ADAPT sh11 rp[P=8192 try=13510 kill=1499 11%] pd[P=44 try=1863413 kill=456699 25%]
DEATH sh6 liveend=0 estate=8258808 reach=5690749 dyn=84544 flow=0 geom=1418405
PDEV sh6 try=0 kill=0 (0.0%) BJ try=114844 kill=23344 nodes=5242880
ADAPT sh6 rp[P=8192 try=15518 kill=1911 12%] pd[P=121 try=1511656 kill=331060 22%]
T3[t=5031s] shard24 r0 #2 cell=(46,62) sc=50270 nodes=16000001 r=-1
DEATH sh2 liveend=0 estate=8092140 reach=5481454 dyn=123201 flow=0 geom=1275655
PDEV sh2 try=0 kill=0 (0.0%) BJ try=116061 kill=27317 nodes=9437184
ADAPT sh2 rp[P=8192 try=13080 kill=1407 11%] pd[P=105 try=1758554 kill=452338 26%]
DEATH sh15 liveend=0 estate=7679212 reach=5304308 dyn=72080 flow=0 geom=1334539
PDEV sh15 try=0 kill=0 (0.0%) BJ try=106004 kill=20856 nodes=1048576
ADAPT sh15 rp[P=5615 try=19173 kill=2685 14%] pd[P=87 try=1449543 kill=309502 21%]
DEATH sh21 liveend=0 estate=8727243 reach=6040587 dyn=69707 flow=0 geom=1509725
PDEV sh21 try=0 kill=0 (0.0%) BJ try=120677 kill=23674 nodes=8388608
ADAPT sh21 rp[P=8192 try=17839 kill=2320 13%] pd[P=87 try=1642610 kill=349786 21%]
DEATH sh17 liveend=0 estate=7883777 reach=5349946 dyn=107509 flow=0 geom=1247841
PDEV sh17 try=0 kill=0 (0.0%) BJ try=112496 kill=25508 nodes=5242880
ADAPT sh17 rp[P=8192 try=15236 kill=1822 12%] pd[P=176 try=1815118 kill=449142 25%]
DEATH sh12 liveend=0 estate=8012035 reach=5497966 dyn=78301 flow=0 geom=1357304
PDEV sh12 try=0 kill=0 (0.0%) BJ try=112295 kill=22819 nodes=4194304
ADAPT sh12 rp[P=8192 try=15013 kill=1812 12%] pd[P=106 try=1537730 kill=339662 22%]
DEATH sh5 liveend=0 estate=8331592 reach=5644837 dyn=122796 flow=0 geom=1316557
PDEV sh5 try=0 kill=0 (0.0%) BJ try=119232 kill=27904 nodes=15728640
ADAPT sh5 rp[P=8192 try=14457 kill=1619 11%] pd[P=58 try=1797743 kill=464963 26%]
DEATH sh8 liveend=0 estate=7990570 reach=5421914 dyn=107480 flow=0 geom=1268337
PDEV sh8 try=0 kill=0 (0.0%) BJ try=113694 kill=25656 nodes=10485760
ADAPT sh8 rp[P=8192 try=12017 kill=1234 10%] pd[P=58 try=1837878 kill=452313 25%]
DEATH sh16 liveend=0 estate=7832636 reach=5307048 dyn=114216 flow=0 geom=1233384
PDEV sh16 try=0 kill=0 (0.0%) BJ try=111994 kill=24852 nodes=5242880
ADAPT sh16 rp[P=8192 try=11266 kill=1089 10%] pd[P=35 try=1808094 kill=446999 25%]
DEATH sh4 liveend=0 estate=8475962 reach=5739870 dyn=126126 flow=0 geom=1332340
PDEV sh4 try=0 kill=0 (0.0%) BJ try=121952 kill=28892 nodes=1048576
ADAPT sh4 rp[P=8192 try=15205 kill=1717 11%] pd[P=35 try=1820477 kill=474136 26%]
T3[t=5062s] shard5 r0 #3 cell=(42,62) sc=50271 nodes=16000001 r=-1
DEATH sh14 liveend=0 estate=8375316 reach=5692350 dyn=102325 flow=0 geom=1340747
PDEV sh14 try=0 kill=0 (0.0%) BJ try=118206 kill=26007 nodes=8388608
ADAPT sh14 rp[P=8192 try=11943 kill=1156 10%] pd[P=38 try=1960524 kill=475698 24%]
DEATH sh6 liveend=0 estate=8409750 reach=5795227 dyn=84544 flow=0 geom=1444621
PDEV sh6 try=0 kill=0 (0.0%) BJ try=116941 kill=23767 nodes=6291456
ADAPT sh6 rp[P=8192 try=15757 kill=1941 12%] pd[P=59 try=1540268 kill=337237 22%]
DEATH sh25 liveend=0 estate=8026883 reach=5435589 dyn=115218 flow=0 geom=1262892
PDEV sh25 try=0 kill=0 (0.0%) BJ try=114789 kill=25765 nodes=9437184
ADAPT sh25 rp[P=8192 try=13281 kill=1436 11%] pd[P=113 try=1946680 kill=474756 24%]
DEATH sh20 liveend=0 estate=8542443 reach=5811988 dyn=102172 flow=0 geom=1372265
PDEV sh20 try=0 kill=0 (0.0%) BJ try=120450 kill=26743 nodes=9437184
ADAPT sh20 rp[P=8192 try=12936 kill=1300 10%] pd[P=30 try=2013672 kill=488646 24%]
DEATH sh12 liveend=0 estate=8162677 reach=5601588 dyn=78301 flow=0 geom=1383016
PDEV sh12 try=0 kill=0 (0.0%) BJ try=114392 kill=23275 nodes=5242880
ADAPT sh12 rp[P=8192 try=15182 kill=1824 12%] pd[P=137 try=1566659 kill=345808 22%]
DEATH sh2 liveend=0 estate=8240244 reach=5583346 dyn=123201 flow=0 geom=1300034
PDEV sh2 try=0 kill=0 (0.0%) BJ try=118158 kill=27825 nodes=10485760
ADAPT sh2 rp[P=7369 try=13270 kill=1426 11%] pd[P=94 try=1791860 kill=460473 26%]
DEATH sh3 liveend=0 estate=8561728 reach=5832058 dyn=103183 flow=0 geom=1423407
PDEV sh3 try=0 kill=0 (0.0%) BJ try=121721 kill=25672 nodes=8388608
ADAPT sh3 rp[P=8192 try=15180 kill=1744 11%] pd[P=201 try=1585088 kill=371881 23%]
DEATH sh17 liveend=0 estate=8031674 reach=5451244 dyn=107509 flow=0 geom=1272191
PDEV sh17 try=0 kill=0 (0.0%) BJ try=114593 kill=25930 nodes=6291456
ADAPT sh17 rp[P=7369 try=15439 kill=1844 12%] pd[P=105 try=1851115 kill=457747 25%]
DEATH sh22 liveend=0 estate=8117330 reach=5511908 dyn=108294 flow=0 geom=1291860
PDEV sh22 try=0 kill=0 (0.0%) BJ try=114608 kill=24303 nodes=6291456
ADAPT sh22 rp[P=8192 try=11092 kill=1024 9%] pd[P=35 try=1970647 kill=471304 24%]
DEATH sh13 liveend=0 estate=8195103 reach=5558347 dyn=110415 flow=0 geom=1300981
PDEV sh13 try=0 kill=0 (0.0%) BJ try=116227 kill=25909 nodes=7340032
ADAPT sh13 rp[P=8192 try=11742 kill=1146 10%] pd[P=90 try=1910778 kill=467765 24%]
DEATH sh21 liveend=0 estate=8880462 reach=6146404 dyn=69707 flow=0 geom=1537548
PDEV sh21 try=0 kill=0 (0.0%) BJ try=122774 kill=24101 nodes=9437184
ADAPT sh21 rp[P=7502 try=18031 kill=2339 13%] pd[P=295 try=1673711 kill=356572 21%]
DEATH sh1 liveend=0 estate=8554161 reach=5800308 dyn=120938 flow=0 geom=1359480
PDEV sh1 try=0 kill=0 (0.0%) BJ try=121937 kill=28342 nodes=5242880
ADAPT sh1 rp[P=8192 try=14502 kill=1640 11%] pd[P=24 try=1856854 kill=476354 26%]
DEATH sh0 liveend=0 estate=7626870 reach=5261791 dyn=93614 flow=0 geom=1309838
PDEV sh0 try=0 kill=0 (0.0%) BJ try=106344 kill=21364 nodes=15728640
ADAPT sh0 rp[P=8192 try=18828 kill=2585 14%] pd[P=69 try=1349736 kill=299787 22%]
DEATH sh11 liveend=0 estate=8205416 reach=5577207 dyn=98072 flow=0 geom=1311562
PDEV sh11 try=0 kill=0 (0.0%) BJ try=116206 kill=26670 nodes=7340032
ADAPT sh11 rp[P=8192 try=13705 kill=1517 11%] pd[P=107 try=1900598 kill=465733 25%]
DEATH sh7 liveend=0 estate=8980160 reach=6118263 dyn=104954 flow=0 geom=1444567
PDEV sh7 try=0 kill=0 (0.0%) BJ try=126998 kill=29472 nodes=1048576
ADAPT sh7 rp[P=8192 try=13560 kill=1390 10%] pd[P=167 try=1982524 kill=495772 25%]
DEATH sh4 liveend=0 estate=8621968 reach=5839708 dyn=126126 flow=0 geom=1355907
PDEV sh4 try=0 kill=0 (0.0%) BJ try=124049 kill=29363 nodes=2097152
ADAPT sh4 rp[P=8192 try=15379 kill=1730 11%] pd[P=24 try=1853664 kill=482160 26%]
DEATH sh19 liveend=0 estate=8208041 reach=5573721 dyn=108121 flow=0 geom=1306942
PDEV sh19 try=0 kill=0 (0.0%) BJ try=116265 kill=26423 nodes=7340032
ADAPT sh19 rp[P=8192 try=12593 kill=1293 10%] pd[P=50 try=1907792 kill=472140 25%]
DEATH sh10 liveend=0 estate=8293027 reach=5596650 dyn=124486 flow=0 geom=1296411
PDEV sh10 try=0 kill=0 (0.0%) BJ try=118803 kill=26785 nodes=8388608
ADAPT sh10 rp[P=8192 try=13601 kill=1449 11%] pd[P=71 try=1909559 kill=476047 25%]
DEATH sh18 liveend=0 estate=7712289 reach=5287922 dyn=77705 flow=0 geom=1304886
PDEV sh18 try=0 kill=0 (0.0%) BJ try=108097 kill=22030 nodes=2097152
ADAPT sh18 rp[P=8192 try=14334 kill=1741 12%] pd[P=71 try=1493414 kill=334674 22%]
DEATH sh23 liveend=0 estate=7994311 reach=5430215 dyn=101161 flow=0 geom=1275720
PDEV sh23 try=0 kill=0 (0.0%) BJ try=112548 kill=23983 nodes=5242880
ADAPT sh23 rp[P=8192 try=12615 kill=1343 11%] pd[P=24 try=1945105 kill=462157 24%]
DEATH sh14 liveend=0 estate=8522435 reach=5793273 dyn=102325 flow=0 geom=1364538
PDEV sh14 try=0 kill=0 (0.0%) BJ try=120303 kill=26439 nodes=9437184
ADAPT sh14 rp[P=8192 try=12083 kill=1160 10%] pd[P=50 try=1995549 kill=483914 24%]
DEATH sh15 liveend=0 estate=7834476 reach=5413577 dyn=72080 flow=0 geom=1362459
PDEV sh15 try=0 kill=0 (0.0%) BJ try=108101 kill=21257 nodes=2097152
ADAPT sh15 rp[P=8192 try=19373 kill=2704 14%] pd[P=66 try=1479946 kill=316008 21%]
DEATH sh16 liveend=0 estate=7981504 reach=5409506 dyn=114216 flow=0 geom=1258324
PDEV sh16 try=0 kill=0 (0.0%) BJ try=114091 kill=25338 nodes=6291456
ADAPT sh16 rp[P=8192 try=11445 kill=1103 10%] pd[P=99 try=1844985 kill=455914 25%]
T3[t=5133s] shard0 r0 #9 cell=(35,69) sc=50259 nodes=16000001 r=-1
DEATH sh9 liveend=0 estate=8010419 reach=5484934 dyn=89526 flow=0 geom=1354554
PDEV sh9 try=0 kill=0 (0.0%) BJ try=112289 kill=23043 nodes=4194304
ADAPT sh9 rp[P=8192 try=13612 kill=1570 12%] pd[P=142 try=1542230 kill=341965 22%]
DEATH sh24 liveend=0 estate=7598318 reach=5212111 dyn=79308 flow=0 geom=1290072
PDEV sh24 try=0 kill=0 (0.0%) BJ try=106011 kill=21084 nodes=1048576
ADAPT sh24 rp[P=8192 try=15304 kill=1937 13%] pd[P=44 try=1507972 kill=328045 22%]
DEATH sh5 liveend=0 estate=8523594 reach=5777203 dyn=123231 flow=0 geom=1348841
PDEV sh5 try=0 kill=0 (0.0%) BJ try=121872 kill=28604 nodes=1048576
ADAPT sh5 rp[P=8192 try=15029 kill=1700 11%] pd[P=49 try=1842650 kill=475974 26%]
DEATH sh6 liveend=0 estate=8562118 reach=5899718 dyn=84544 flow=0 geom=1472313
PDEV sh6 try=0 kill=0 (0.0%) BJ try=119039 kill=24209 nodes=7340032
ADAPT sh6 rp[P=8192 try=15965 kill=1964 12%] pd[P=92 try=1570751 kill=344057 22%]
DEATH sh8 liveend=0 estate=8143589 reach=5526564 dyn=109518 flow=0 geom=1292906
PDEV sh8 try=0 kill=0 (0.0%) BJ try=115791 kill=26130 nodes=11534336
ADAPT sh8 rp[P=8192 try=12204 kill=1249 10%] pd[P=58 try=1874957 kill=461351 25%]
DEATH sh12 liveend=0 estate=8317103 reach=5708238 dyn=78301 flow=0 geom=1411118
PDEV sh12 try=0 kill=0 (0.0%) BJ try=116489 kill=23706 nodes=6291456
ADAPT sh12 rp[P=8192 try=15363 kill=1839 12%] pd[P=70 try=1597135 kill=352352 22%]
T3[t=5166s] shard25 r0 #3 cell=(43,55) sc=50265 nodes=10237284 r=0
DEATH sh13 liveend=0 estate=8343478 reach=5660379 dyn=110415 flow=0 geom=1325674
PDEV sh13 try=0 kill=0 (0.0%) BJ try=118324 kill=26365 nodes=8388608
ADAPT sh13 rp[P=8192 try=11926 kill=1163 10%] pd[P=71 try=1947490 kill=476658 24%]
DEATH sh17 liveend=0 estate=8182009 reach=5555023 dyn=107509 flow=0 geom=1297534
PDEV sh17 try=0 kill=0 (0.0%) BJ try=116691 kill=26386 nodes=7340032
ADAPT sh17 rp[P=8192 try=15619 kill=1858 12%] pd[P=30 try=1889185 kill=466833 25%]
DEATH sh21 liveend=0 estate=9033308 reach=6252962 dyn=69707 flow=0 geom=1565514
PDEV sh21 try=0 kill=0 (0.0%) BJ try=124871 kill=24561 nodes=10485760
ADAPT sh21 rp[P=8192 try=18224 kill=2357 13%] pd[P=24 try=1704909 kill=363453 21%]
DEATH sh4 liveend=0 estate=8772550 reach=5943747 dyn=126126 flow=0 geom=1381484
PDEV sh4 try=0 kill=0 (0.0%) BJ try=126146 kill=29865 nodes=3145728
ADAPT sh4 rp[P=5370 try=15561 kill=1747 11%] pd[P=30 try=1889530 kill=490955 26%]
DEATH sh10 liveend=0 estate=8441406 reach=5698717 dyn=124486 flow=0 geom=1320840
PDEV sh10 try=0 kill=0 (0.0%) BJ try=120900 kill=27260 nodes=9437184
ADAPT sh10 rp[P=8192 try=13795 kill=1468 11%] pd[P=69 try=1945733 kill=484743 25%]
DEATH sh19 liveend=0 estate=8358521 reach=5677733 dyn=108121 flow=0 geom=1332254
PDEV sh19 try=0 kill=0 (0.0%) BJ try=118362 kill=26918 nodes=8388608
ADAPT sh19 rp[P=8192 try=12775 kill=1308 10%] pd[P=90 try=1946109 kill=481601 25%]
DEATH sh18 liveend=0 estate=7865184 reach=5392493 dyn=77705 flow=0 geom=1332161
PDEV sh18 try=0 kill=0 (0.0%) BJ try=110194 kill=22485 nodes=3145728
ADAPT sh18 rp[P=8192 try=14497 kill=1751 12%] pd[P=103 try=1526168 kill=341805 22%]
DEATH sh1 liveend=0 estate=8693345 reach=5893241 dyn=123908 flow=0 geom=1379878
PDEV sh1 try=0 kill=0 (0.0%) BJ try=124034 kill=28873 nodes=6291456
ADAPT sh1 rp[P=8192 try=14681 kill=1654 11%] pd[P=76 try=1885126 kill=484542 26%]
DEATH sh14 liveend=0 estate=8672235 reach=5896486 dyn=102325 flow=0 geom=1389736
PDEV sh14 try=0 kill=0 (0.0%) BJ try=122400 kill=26918 nodes=10485760
ADAPT sh14 rp[P=6739 try=12273 kill=1178 10%] pd[P=35 try=2032342 kill=492747 24%]
DEATH sh15 liveend=0 estate=7986904 reach=5519820 dyn=72080 flow=0 geom=1390444
PDEV sh15 try=0 kill=0 (0.0%) BJ try=110198 kill=21705 nodes=3145728
ADAPT sh15 rp[P=5201 try=19547 kill=2719 14%] pd[P=43 try=1510641 kill=322616 21%]
DEATH sh11 liveend=0 estate=8355739 reach=5680074 dyn=99241 flow=0 geom=1336372
PDEV sh11 try=0 kill=0 (0.0%) BJ try=118303 kill=27148 nodes=8388608
ADAPT sh11 rp[P=8192 try=13876 kill=1530 11%] pd[P=24 try=1936281 kill=474297 24%]
DEATH sh20 liveend=0 estate=8697504 reach=5918826 dyn=103556 flow=0 geom=1397859
PDEV sh20 try=0 kill=0 (0.0%) BJ try=122547 kill=27187 nodes=10485760
ADAPT sh20 rp[P=8192 try=13287 kill=1347 10%] pd[P=42 try=2051815 kill=497853 24%]
DEATH sh23 liveend=0 estate=8133626 reach=5523257 dyn=102253 flow=0 geom=1296661
PDEV sh23 try=0 kill=0 (0.0%) BJ try=114645 kill=24467 nodes=6291456
ADAPT sh23 rp[P=8192 try=12830 kill=1366 11%] pd[P=54 try=1981152 kill=471688 24%]
DEATH sh3 liveend=0 estate=8704105 reach=5926085 dyn=105633 flow=0 geom=1444990
PDEV sh3 try=0 kill=0 (0.0%) BJ try=123818 kill=26163 nodes=9437184
ADAPT sh3 rp[P=8192 try=15386 kill=1766 11%] pd[P=52 try=1615127 kill=380083 24%]
DEATH sh5 liveend=0 estate=8670486 reach=5878033 dyn=123231 flow=0 geom=1372611
PDEV sh5 try=0 kill=0 (0.0%) BJ try=123969 kill=29045 nodes=2097152
ADAPT sh5 rp[P=8192 try=15206 kill=1714 11%] pd[P=141 try=1876036 kill=483958 26%]
DEATH sh16 liveend=0 estate=8135610 reach=5516346 dyn=114216 flow=0 geom=1284425
PDEV sh16 try=0 kill=0 (0.0%) BJ try=116189 kill=25820 nodes=7340032
ADAPT sh16 rp[P=8192 try=11664 kill=1127 10%] pd[P=30 try=1884048 kill=465268 25%]
DEATH sh9 liveend=0 estate=8151267 reach=5579691 dyn=89667 flow=0 geom=1376857
PDEV sh9 try=0 kill=0 (0.0%) BJ try=114386 kill=23566 nodes=5242880
ADAPT sh9 rp[P=8192 try=13766 kill=1577 11%] pd[P=276 try=1574794 kill=350449 22%]
DEATH sh6 liveend=0 estate=8717064 reach=6006368 dyn=84544 flow=0 geom=1500454
PDEV sh6 try=0 kill=0 (0.0%) BJ try=121136 kill=24642 nodes=8388608
ADAPT sh6 rp[P=4754 try=16214 kill=1998 12%] pd[P=71 try=1600506 kill=350495 22%]
DEATH sh12 liveend=0 estate=8471114 reach=5814702 dyn=78301 flow=0 geom=1438983
PDEV sh12 try=0 kill=0 (0.0%) BJ try=118587 kill=24131 nodes=7340032
ADAPT sh12 rp[P=4620 try=15578 kill=1865 12%] pd[P=69 try=1628090 kill=359057 22%]
DEATH sh7 liveend=0 estate=9278554 reach=6323715 dyn=104954 flow=0 geom=1494603
PDEV sh7 try=0 kill=0 (0.0%) BJ try=131192 kill=30442 nodes=3145728
ADAPT sh7 rp[P=8192 try=13895 kill=1413 10%] pd[P=30 try=2051198 kill=512644 25%]
DEATH sh13 liveend=0 estate=8493273 reach=5763203 dyn=110415 flow=0 geom=1350653
PDEV sh13 try=0 kill=0 (0.0%) BJ try=120421 kill=26861 nodes=9437184
ADAPT sh13 rp[P=8192 try=12087 kill=1172 10%] pd[P=81 try=1985181 kill=485784 24%]
DEATH sh10 liveend=0 estate=8589354 reach=5800090 dyn=124486 flow=0 geom=1344977
PDEV sh10 try=0 kill=0 (0.0%) BJ try=122997 kill=27718 nodes=10485760
ADAPT sh10 rp[P=8192 try=13977 kill=1482 11%] pd[P=41 try=1981736 kill=493237 25%]
DEATH sh18 liveend=0 estate=8015222 reach=5496346 dyn=77705 flow=0 geom=1358186
PDEV sh18 try=0 kill=0 (0.0%) BJ try=112291 kill=22905 nodes=4194304
ADAPT sh18 rp[P=8192 try=14654 kill=1759 12%] pd[P=45 try=1554625 kill=347776 22%]
DEATH sh24 liveend=0 estate=7740284 reach=5305658 dyn=80941 flow=0 geom=1311591
PDEV sh24 try=0 kill=0 (0.0%) BJ try=108108 kill=21572 nodes=2097152
ADAPT sh24 rp[P=6957 try=15500 kill=1957 13%] pd[P=26 try=1543125 kill=337092 22%]
DEATH sh19 liveend=0 estate=8505197 reach=5778340 dyn=108121 flow=0 geom=1356413
PDEV sh19 try=0 kill=0 (0.0%) BJ try=120459 kill=27396 nodes=9437184
ADAPT sh19 rp[P=8192 try=12959 kill=1324 10%] pd[P=52 try=1981362 kill=490134 25%]
DEATH sh11 liveend=0 estate=8502652 reach=5780291 dyn=99241 flow=0 geom=1359933
PDEV sh11 try=0 kill=0 (0.0%) BJ try=120400 kill=27611 nodes=9437184
ADAPT sh11 rp[P=8192 try=14045 kill=1542 11%] pd[P=62 try=1971072 kill=482495 24%]
DEATH sh15 liveend=0 estate=8138520 reach=5624182 dyn=72080 flow=0 geom=1417357
PDEV sh15 try=0 kill=0 (0.0%) BJ try=112295 kill=22151 nodes=4194304
ADAPT sh15 rp[P=8192 try=19752 kill=2738 14%] pd[P=86 try=1541105 kill=329217 21%]
DEATH sh0 liveend=0 estate=7822705 reach=5400651 dyn=93962 flow=0 geom=1344494
PDEV sh0 try=0 kill=0 (0.0%) BJ try=108984 kill=21931 nodes=1048576
ADAPT sh0 rp[P=8192 try=19140 kill=2622 14%] pd[P=35 try=1390304 kill=308722 22%]
DEATH sh1 liveend=0 estate=8834486 reach=5988556 dyn=125830 flow=0 geom=1401532
PDEV sh1 try=0 kill=0 (0.0%) BJ try=126132 kill=29403 nodes=7340032
ADAPT sh1 rp[P=8192 try=14884 kill=1673 11%] pd[P=4169 try=1915819 kill=493562 26%]
DEATH sh2 liveend=0 estate=8547168 reach=5794668 dyn=124503 flow=0 geom=1351538
PDEV sh2 try=0 kill=0 (0.0%) BJ try=122352 kill=28780 nodes=12582912
ADAPT sh2 rp[P=8192 try=13714 kill=1472 11%] pd[P=46 try=1864888 kill=478217 26%]
DEATH sh4 liveend=0 estate=8926291 reach=6050078 dyn=127214 flow=0 geom=1407170
PDEV sh4 try=0 kill=0 (0.0%) BJ try=128243 kill=30338 nodes=4194304
ADAPT sh4 rp[P=8192 try=15848 kill=1781 11%] pd[P=45 try=1926241 kill=499719 26%]
DEATH sh18 liveend=0 estate=8161218 reach=5597725 dyn=77705 flow=0 geom=1381070
PDEV sh18 try=0 kill=0 (0.0%) BJ try=114388 kill=23320 nodes=5242880
ADAPT sh18 rp[P=8192 try=14821 kill=1770 12%] pd[P=96 try=1580748 kill=353039 22%]
DEATH sh17 liveend=0 estate=8336061 reach=5660606 dyn=109003 flow=0 geom=1322947
PDEV sh17 try=0 kill=0 (0.0%) BJ try=118788 kill=26877 nodes=8388608
ADAPT sh17 rp[P=8192 try=15784 kill=1869 12%] pd[P=38 try=1927164 kill=475855 25%]
DEATH sh3 liveend=0 estate=8845751 reach=6021383 dyn=106383 flow=0 geom=1467510
PDEV sh3 try=0 kill=0 (0.0%) BJ try=125915 kill=26672 nodes=10485760
ADAPT sh3 rp[P=7158 try=15576 kill=1784 11%] pd[P=87 try=1645253 kill=388322 24%]
DEATH sh15 liveend=0 estate=8284877 reach=5725972 dyn=72080 flow=0 geom=1440581
PDEV sh15 try=0 kill=0 (0.0%) BJ try=114392 kill=22542 nodes=5242880
ADAPT sh15 rp[P=8192 try=19928 kill=2752 14%] pd[P=134 try=1567381 kill=334478 21%]
DEATH sh6 liveend=0 estate=8868701 reach=6110767 dyn=84544 flow=0 geom=1528063
PDEV sh6 try=0 kill=0 (0.0%) BJ try=123233 kill=25072 nodes=9437184
ADAPT sh6 rp[P=8192 try=16409 kill=2015 12%] pd[P=62 try=1631089 kill=357215 22%]
DEATH sh22 liveend=0 estate=8426381 reach=5725254 dyn=110049 flow=0 geom=1343089
PDEV sh22 try=0 kill=0 (0.0%) BJ try=118803 kill=25282 nodes=8388608
ADAPT sh22 rp[P=8192 try=11445 kill=1051 9%] pd[P=44 try=2051217 kill=490514 24%]
DEATH sh12 liveend=0 estate=8622899 reach=5918749 dyn=78301 flow=0 geom=1466401
PDEV sh12 try=0 kill=0 (0.0%) BJ try=120684 kill=24585 nodes=8388608
ADAPT sh12 rp[P=6845 try=15840 kill=1899 12%] pd[P=74 try=1659626 kill=365926 22%]
DEATH sh14 liveend=0 estate=8826581 reach=6002836 dyn=103455 flow=0 geom=1415461
PDEV sh14 try=0 kill=0 (0.0%) BJ try=124497 kill=27421 nodes=11534336
ADAPT sh14 rp[P=3695 try=12537 kill=1209 10%] pd[P=244 try=2070786 kill=502012 24%]
DEATH sh23 liveend=0 estate=8287389 reach=5629882 dyn=102395 flow=0 geom=1322526
PDEV sh23 try=0 kill=0 (0.0%) BJ try=116743 kill=24959 nodes=7340032
ADAPT sh23 rp[P=8192 try=13060 kill=1394 11%] pd[P=65 try=2021885 kill=481459 24%]
DEATH sh16 liveend=0 estate=8289006 reach=5621367 dyn=114920 flow=0 geom=1309775
PDEV sh16 try=0 kill=0 (0.0%) BJ try=118286 kill=26294 nodes=8388608
ADAPT sh16 rp[P=8192 try=11899 kill=1154 10%] pd[P=50 try=1921576 kill=474189 25%]
DEATH sh21 liveend=0 estate=9192703 reach=6368044 dyn=69707 flow=0 geom=1594497
PDEV sh21 try=0 kill=0 (0.0%) BJ try=126968 kill=24976 nodes=11534336
ADAPT sh21 rp[P=8192 try=18465 kill=2387 13%] pd[P=43 try=1739997 kill=370876 21%]
DEATH sh9 liveend=0 estate=8293359 reach=5673561 dyn=91674 flow=0 geom=1398514
PDEV sh9 try=0 kill=0 (0.0%) BJ try=116483 kill=24055 nodes=6291456
ADAPT sh9 rp[P=7047 try=14184 kill=1637 12%] pd[P=78 try=1606371 kill=358777 22%]
DEATH sh8 liveend=0 estate=8421404 reach=5712691 dyn=112378 flow=0 geom=1334850
PDEV sh8 try=0 kill=0 (0.0%) BJ try=119985 kill=27177 nodes=13631488
ADAPT sh8 rp[P=8192 try=12667 kill=1298 10%] pd[P=138 try=1938585 kill=478837 25%]
DEATH sh11 liveend=0 estate=8652482 reach=5883659 dyn=99241 flow=0 geom=1385062
PDEV sh11 try=0 kill=0 (0.0%) BJ try=122497 kill=28073 nodes=10485760
ADAPT sh11 rp[P=7369 try=14212 kill=1553 11%] pd[P=81 try=2008453 kill=491477 24%]
DEATH sh10 liveend=0 estate=8742066 reach=5905770 dyn=124486 flow=0 geom=1370812
PDEV sh10 try=0 kill=0 (0.0%) BJ try=125094 kill=28184 nodes=11534336
ADAPT sh10 rp[P=3623 try=14158 kill=1499 11%] pd[P=43 try=2020630 kill=502506 25%]
DEATH sh24 liveend=0 estate=7880846 reach=5399358 dyn=80941 flow=0 geom=1333451
PDEV sh24 try=0 kill=0 (0.0%) BJ try=110205 kill=22051 nodes=3145728
ADAPT sh24 rp[P=8192 try=15647 kill=1962 13%] pd[P=78 try=1578040 kill=345790 22%]
DEATH sh15 liveend=0 estate=8432980 reach=5828528 dyn=72080 flow=0 geom=1465074
PDEV sh15 try=0 kill=0 (0.0%) BJ try=116489 kill=22962 nodes=6291456
ADAPT sh15 rp[P=8192 try=20084 kill=2760 14%] pd[P=77 try=1595798 kill=340323 21%]
DEATH sh7 liveend=0 estate=9435763 reach=6431353 dyn=106047 flow=0 geom=1520592
PDEV sh7 try=0 kill=0 (0.0%) BJ try=133289 kill=30918 nodes=4194304
ADAPT sh7 rp[P=4545 try=14099 kill=1435 10%] pd[P=71 try=2089154 kill=521778 25%]
DEATH sh0 liveend=0 estate=7976094 reach=5507638 dyn=93962 flow=0 geom=1372243
PDEV sh0 try=0 kill=0 (0.0%) BJ try=111081 kill=22401 nodes=2097152
ADAPT sh0 rp[P=8192 try=19339 kill=2643 14%] pd[P=24 try=1419500 kill=315305 22%]
DEATH sh20 liveend=0 estate=8997207 reach=6125413 dyn=103556 flow=0 geom=1447605
PDEV sh20 try=0 kill=0 (0.0%) BJ try=126741 kill=28111 nodes=12582912
ADAPT sh20 rp[P=8192 try=13631 kill=1370 10%] pd[P=52 try=2125692 kill=515516 24%]
DEATH sh4 liveend=0 estate=9077304 reach=6154105 dyn=127214 flow=0 geom=1432704
PDEV sh4 try=0 kill=0 (0.0%) BJ try=130340 kill=30846 nodes=5242880
ADAPT sh4 rp[P=8192 try=16056 kill=1803 11%] pd[P=147 try=1962064 kill=508600 26%]
DEATH sh2 liveend=0 estate=8697273 reach=5898811 dyn=124503 flow=0 geom=1376917
PDEV sh2 try=0 kill=0 (0.0%) BJ try=124449 kill=29290 nodes=13631488
ADAPT sh2 rp[P=8192 try=13880 kill=1484 11%] pd[P=66 try=1900097 kill=486988 26%]
DEATH sh1 liveend=0 estate=8973552 reach=6082302 dyn=127260 flow=0 geom=1422710
PDEV sh1 try=0 kill=0 (0.0%) BJ try=128229 kill=29914 nodes=8388608
ADAPT sh1 rp[P=8192 try=15119 kill=1703 11%] pd[P=26 try=1944726 kill=501890 26%]
DEATH sh17 liveend=0 estate=8484653 reach=5763319 dyn=109003 flow=0 geom=1347035
PDEV sh17 try=0 kill=0 (0.0%) BJ try=120885 kill=27342 nodes=9437184
ADAPT sh17 rp[P=8192 try=15944 kill=1878 12%] pd[P=70 try=1962892 kill=484260 25%]
DEATH sh22 liveend=0 estate=8572903 reach=5825777 dyn=110049 flow=0 geom=1367229
PDEV sh22 try=0 kill=0 (0.0%) BJ try=120900 kill=25744 nodes=9437184
ADAPT sh22 rp[P=8192 try=11627 kill=1067 9%] pd[P=98 try=2088090 kill=499204 24%]
DEATH sh13 liveend=0 estate=8649672 reach=5870073 dyn=113011 flow=0 geom=1375987
PDEV sh13 try=0 kill=0 (0.0%) BJ try=122518 kill=27313 nodes=10485760
ADAPT sh13 rp[P=8192 try=12300 kill=1195 10%] pd[P=53 try=2023197 kill=494857 24%]
DEATH sh19 liveend=0 estate=8659045 reach=5883110 dyn=110510 flow=0 geom=1381298
PDEV sh19 try=0 kill=0 (0.0%) BJ try=122556 kill=27870 nodes=10485760
ADAPT sh19 rp[P=8192 try=13182 kill=1350 10%] pd[P=41 try=2017697 kill=498960 25%]
DEATH sh23 liveend=0 estate=8433954 reach=5729717 dyn=102395 flow=0 geom=1346497
PDEV sh23 try=0 kill=0 (0.0%) BJ try=118840 kill=25409 nodes=8388608
ADAPT sh23 rp[P=8192 try=13253 kill=1412 11%] pd[P=44 try=2058783 kill=490199 24%]
DEATH sh12 liveend=0 estate=8775829 reach=6025444 dyn=78301 flow=0 geom=1494358
PDEV sh12 try=0 kill=0 (0.0%) BJ try=122781 kill=24998 nodes=9437184
ADAPT sh12 rp[P=8192 try=16065 kill=1924 12%] pd[P=62 try=1690690 kill=372688 22%]
DEATH sh16 liveend=0 estate=8435338 reach=5721723 dyn=114920 flow=0 geom=1333272
PDEV sh16 try=0 kill=0 (0.0%) BJ try=120383 kill=26759 nodes=9437184
ADAPT sh16 rp[P=8192 try=12077 kill=1168 10%] pd[P=89 try=1956271 kill=482304 25%]
DEATH sh6 liveend=0 estate=9022728 reach=6218136 dyn=84544 flow=0 geom=1556335
PDEV sh6 try=0 kill=0 (0.0%) BJ try=125330 kill=25519 nodes=10485760
ADAPT sh6 rp[P=8192 try=16632 kill=2040 12%] pd[P=137 try=1661566 kill=363949 22%]
DEATH sh14 liveend=0 estate=8978159 reach=6107672 dyn=103455 flow=0 geom=1440979
PDEV sh14 try=0 kill=0 (0.0%) BJ try=126594 kill=27923 nodes=12582912
ADAPT sh14 rp[P=5369 try=12768 kill=1236 10%] pd[P=53 try=2108890 kill=511090 24%]
DEATH sh5 liveend=0 estate=8974229 reach=6086989 dyn=124649 flow=0 geom=1423677
PDEV sh5 try=0 kill=0 (0.0%) BJ try=128163 kill=30142 nodes=4194304
ADAPT sh5 rp[P=7503 try=16269 kill=1875 12%] pd[P=38 try=1943947 kill=500616 26%]
DEATH sh2 liveend=0 estate=8844376 reach=5999700 dyn=124503 flow=0 geom=1400674
PDEV sh2 try=0 kill=0 (0.0%) BJ try=126547 kill=29801 nodes=14680064
ADAPT sh2 rp[P=8192 try=14040 kill=1494 11%] pd[P=24 try=1933175 kill=494881 26%]
DEATH sh4 liveend=0 estate=9224142 reach=6254775 dyn=127214 flow=0 geom=1456503
PDEV sh4 try=0 kill=0 (0.0%) BJ try=132437 kill=31322 nodes=6291456
ADAPT sh4 rp[P=8192 try=16223 kill=1815 11%] pd[P=44 try=1994838 kill=516522 26%]
DEATH sh18 liveend=0 estate=8462876 reach=5805431 dyn=77705 flow=0 geom=1434429
PDEV sh18 try=0 kill=0 (0.0%) BJ try=118583 kill=24133 nodes=7340032
ADAPT sh18 rp[P=8080 try=15181 kill=1800 12%] pd[P=121 try=1640868 kill=365860 22%]
DEATH sh20 liveend=0 estate=9145567 reach=6227824 dyn=103556 flow=0 geom=1472329
PDEV sh20 try=0 kill=0 (0.0%) BJ try=128838 kill=28598 nodes=13631488
ADAPT sh20 rp[P=8192 try=13807 kill=1384 10%] pd[P=54 try=2161685 kill=524175 24%]
DEATH sh15 liveend=0 estate=8587584 reach=5935249 dyn=72080 flow=0 geom=1493014
PDEV sh15 try=0 kill=0 (0.0%) BJ try=118587 kill=23410 nodes=7340032
ADAPT sh15 rp[P=6632 try=20279 kill=2780 14%] pd[P=72 try=1626673 kill=347027 21%]
DEATH sh0 liveend=0 estate=8129474 reach=5614439 dyn=93962 flow=0 geom=1400132
PDEV sh0 try=0 kill=0 (0.0%) BJ try=113178 kill=22839 nodes=3145728
ADAPT sh0 rp[P=8192 try=19575 kill=2672 14%] pd[P=52 try=1449085 kill=322032 22%]
DEATH sh7 liveend=0 estate=9585977 reach=6535778 dyn=106047 flow=0 geom=1545681
PDEV sh7 try=0 kill=0 (0.0%) BJ try=135386 kill=31382 nodes=5242880
ADAPT sh7 rp[P=8192 try=14280 kill=1448 10%] pd[P=33 try=2124722 kill=530454 25%]
T3[t=5390s] shard1 r0 #4 cell=(41,67) sc=50255 nodes=8914646 r=0
DEATH sh9 liveend=0 estate=8434850 reach=5767250 dyn=93446 flow=0 geom=1420017
PDEV sh9 try=0 kill=0 (0.0%) BJ try=118581 kill=24582 nodes=7340032
ADAPT sh9 rp[P=8192 try=14352 kill=1648 11%] pd[P=69 try=1638274 kill=367172 22%]
DEATH sh8 liveend=0 estate=8562941 reach=5807602 dyn=115417 flow=0 geom=1355713
PDEV sh8 try=0 kill=0 (0.0%) BJ try=122083 kill=27740 nodes=14680064
ADAPT sh8 rp[P=8192 try=13386 kill=1414 11%] pd[P=70 try=1969799 kill=487745 25%]
DEATH sh17 liveend=0 estate=8633928 reach=5865745 dyn=109003 flow=0 geom=1371945
PDEV sh17 try=0 kill=0 (0.0%) BJ try=122982 kill=27789 nodes=10485760
ADAPT sh17 rp[P=8192 try=16117 kill=1890 12%] pd[P=35 try=2000013 kill=493195 25%]
DEATH sh3 liveend=0 estate=9004307 reach=6133232 dyn=107433 flow=0 geom=1495375
PDEV sh3 try=0 kill=0 (0.0%) BJ try=128012 kill=27078 nodes=11534336
ADAPT sh3 rp[P=8192 try=16114 kill=1868 12%] pd[P=77 try=1676615 kill=394990 24%]
DEATH sh24 liveend=0 estate=8021096 reach=5492118 dyn=82311 flow=0 geom=1354711
PDEV sh24 try=0 kill=0 (0.0%) BJ try=112302 kill=22533 nodes=4194304
ADAPT sh24 rp[P=8192 try=15873 kill=1989 13%] pd[P=180 try=1611747 kill=354198 22%]
DEATH sh14 liveend=0 estate=9125611 reach=6208652 dyn=103455 flow=0 geom=1464743
PDEV sh14 try=0 kill=0 (0.0%) BJ try=128691 kill=28385 nodes=13631488
ADAPT sh14 rp[P=8192 try=12938 kill=1248 10%] pd[P=38 try=2143353 kill=519217 24%]
DEATH sh5 liveend=0 estate=9121196 reach=6187735 dyn=124649 flow=0 geom=1447503
PDEV sh5 try=0 kill=0 (0.0%) BJ try=130260 kill=30610 nodes=5242880
ADAPT sh5 rp[P=7369 try=16455 kill=1891 11%] pd[P=73 try=1977374 kill=508644 26%]
DEATH sh16 liveend=0 estate=8585101 reach=5825118 dyn=114920 flow=0 geom=1358569
PDEV sh16 try=0 kill=0 (0.0%) BJ try=122480 kill=27245 nodes=10485760
ADAPT sh16 rp[P=8192 try=12252 kill=1180 10%] pd[P=129 try=1993569 kill=491306 25%]
DEATH sh23 liveend=0 estate=8585111 reach=5834726 dyn=102395 flow=0 geom=1371971
PDEV sh23 try=0 kill=0 (0.0%) BJ try=120937 kill=25899 nodes=9437184
ADAPT sh23 rp[P=8192 try=13436 kill=1427 11%] pd[P=26 try=2099585 kill=499816 24%]
DEATH sh10 liveend=0 estate=8899588 reach=6014105 dyn=125830 flow=0 geom=1396787
PDEV sh10 try=0 kill=0 (0.0%) BJ try=127191 kill=28655 nodes=12582912
ADAPT sh10 rp[P=7369 try=14399 kill=1527 11%] pd[P=105 try=2059770 kill=511701 25%]
DEATH sh11 liveend=0 estate=8807611 reach=5989831 dyn=101579 flow=0 geom=1410163
PDEV sh11 try=0 kill=0 (0.0%) BJ try=124594 kill=28582 nodes=11534336
ADAPT sh11 rp[P=7536 try=14481 kill=1585 11%] pd[P=76 try=2046546 kill=500484 24%]
DEATH sh19 liveend=0 estate=8811568 reach=5988835 dyn=110510 flow=0 geom=1406977
PDEV sh19 try=0 kill=0 (0.0%) BJ try=124653 kill=28340 nodes=11534336
ADAPT sh19 rp[P=8192 try=13400 kill=1374 10%] pd[P=41 try=2056050 kill=508132 25%]
DEATH sh13 liveend=0 estate=8804090 reach=5977292 dyn=113113 flow=0 geom=1401976
PDEV sh13 try=0 kill=0 (0.0%) BJ try=124615 kill=27784 nodes=11534336
ADAPT sh13 rp[P=8192 try=12477 kill=1209 10%] pd[P=53 try=2063450 kill=504551 24%]
DEATH sh21 liveend=0 estate=9351327 reach=6481019 dyn=70720 flow=0 geom=1622744
PDEV sh21 try=0 kill=0 (0.0%) BJ try=129065 kill=25439 nodes=12582912
ADAPT sh21 rp[P=7369 try=20083 kill=2671 13%] pd[P=151 try=1769998 kill=377185 21%]
DEATH sh7 liveend=0 estate=9733563 reach=6637013 dyn=106047 flow=0 geom=1569939
PDEV sh7 try=0 kill=0 (0.0%) BJ try=137483 kill=31841 nodes=6291456
ADAPT sh7 rp[P=8192 try=14472 kill=1465 10%] pd[P=190 try=2158222 kill=538702 25%]
DEATH sh3 liveend=0 estate=9151813 reach=6236956 dyn=107433 flow=0 geom=1519884
PDEV sh3 try=0 kill=0 (0.0%) BJ try=130109 kill=27508 nodes=12582912
ADAPT sh3 rp[P=7369 try=16301 kill=1885 12%] pd[P=117 try=1701956 kill=400127 24%]
DEATH sh0 liveend=0 estate=8281912 reach=5719829 dyn=93962 flow=0 geom=1427782
PDEV sh0 try=0 kill=0 (0.0%) BJ try=115275 kill=23281 nodes=4194304
ADAPT sh0 rp[P=8192 try=19720 kill=2677 14%] pd[P=86 try=1478280 kill=328657 22%]
DEATH sh15 liveend=0 estate=8739590 reach=6039620 dyn=72080 flow=0 geom=1520508
PDEV sh15 try=0 kill=0 (0.0%) BJ try=120684 kill=23852 nodes=8388608
ADAPT sh15 rp[P=7158 try=20478 kill=2800 14%] pd[P=66 try=1658366 kill=353969 21%]
DEATH sh2 liveend=0 estate=8995749 reach=6104469 dyn=124503 flow=0 geom=1426480
PDEV sh2 try=0 kill=0 (0.0%) BJ try=128644 kill=30303 nodes=15728640
ADAPT sh2 rp[P=8192 try=14235 kill=1512 11%] pd[P=58 try=1968903 kill=503757 26%]
DEATH sh4 liveend=0 estate=9375318 reach=6359254 dyn=127214 flow=0 geom=1482343
PDEV sh4 try=0 kill=0 (0.0%) BJ try=134535 kill=31813 nodes=7340032
ADAPT sh4 rp[P=8192 try=16421 kill=1833 11%] pd[P=59 try=2030141 kill=525239 26%]
DEATH sh18 liveend=0 estate=8615743 reach=5910391 dyn=77705 flow=0 geom=1461794
PDEV sh18 try=0 kill=0 (0.0%) BJ try=120680 kill=24551 nodes=8388608
ADAPT sh18 rp[P=8192 try=15361 kill=1816 12%] pd[P=54 try=1672717 kill=372791 22%]
DEATH sh12 liveend=0 estate=8934160 reach=6139067 dyn=78301 flow=0 geom=1523121
PDEV sh12 try=0 kill=0 (0.0%) BJ try=124878 kill=25417 nodes=10485760
ADAPT sh12 rp[P=8192 try=16312 kill=1956 12%] pd[P=41 try=1724542 kill=379841 22%]
DEATH sh1 liveend=0 estate=9180541 reach=6218811 dyn=132894 flow=0 geom=1452634
PDEV sh1 try=0 kill=0 (0.0%) BJ try=131378 kill=30652 nodes=1048576
ADAPT sh1 rp[P=8192 try=15408 kill=1729 11%] pd[P=66 try=1984995 kill=513627 26%]
T3[t=5462s] shard23 r0 #3 cell=(52,68) sc=50270 nodes=9994067 r=1
STATS {"solved":1,"shard":23,"wall_s":5462,"nodes_total":61045981,"nodes_win":9994067,"dth_liveend":0,"dth_estate":8662704,"dth_reach":5886747,"dth_dyn":103572,"dth_flow":0,"dth_geom":1383815,"maxrss_kb":76188,"start_x":52,"start_y":68}
DEATH@WIN sh23 liveend=0 estate=8662704 reach=5886747 dyn=103572 flow=0 geom=1383815 nodes=9994067
WINNER shard 23 tier 3 nodes 9994067
