1000 3 1
10000 2 1
100001 3 1
100005 2 1
100006 2 1
10001 2 1
100010 3 1
100013 3 1
100016 3 1
10002 2 1
100020 2 1
100021 3 1
100029 2 1
10003 3 1
100030 2 1
100033 2 1
100034 2 1
100035 3 1
100037 2 2
100037 3 1
100038 3 1
100041 3 1
100046 2 1
100047 2 2
100047 3 1
100048 2 1
100049 3 1
10005 2 1
10005 3 2
100051 2 1
100051 3 2
100054 2 1
100054 3 2
100055 2 1
100056 2 1
10006 2 1
10006 3 2
100060 2 1
100060 3 2
100061 2 2
100062 2 1
100062 3 1
100063 3 1
100065 2 1
100065 3 2
100066 3 1
10007 3 1
100071 3 1
100073 2 1
100073 3 1
100075 3 1
100077 2 1
100077 3 2
100078 2 1
100083 2 1
100083 3 1
100086 2 1
100087 2 1
10009 2 1
100097 2 1
100097 3 1
100098 2 1
100098 3 2
100099 2 1
100099 3 2
100103 2 2
100103 3 1
100104 2 1
100109 3 1
100111 3 1
100112 2 1
10012 3 1
100124 3 1
100129 2 1
100130 2 2
100130 3 1
100131 2 1
100132 3 1
100137 3 1
10014 3 1
100140 2 1
100141 2 1
100142 2 1
100142 3 2
100143 3 1
100145 3 1
100154 2 1
100155 3 1
100160 2 1
100161 3 1
100165 3 1
100168 2 1
100168 3 2
100169 2 1
100175 3 1
100177 3 1
100181 3 1
100183 2 1
100183 3 1
100187 3 1
100190 2 1
100191 3 1
100195 3 1
100199 2 1
100199 3 1
1002 3 1
100202 2 1
100202 3 2
100203 2 1
100203 3 2
100204 2 2
100204 3 1
100205 2 1
100207 3 1
100209 2 1
10021 2 1
100210 2 1
100211 2 2
100211 3 1
100213 2 1
100215 2 1
100216 2 1
100217 3 2
100235 2 1
100236 2 1
100237 3 2
100239 3 1
100243 2 1
100252 2 1
100253 3 1
100257 2 1
100257 3 1
100258 3 1
100272 3 1
100274 2 2
100274 3 1
100275 3 1
100277 2 2
100277 3 1
100278 2 1
100281 2 1
100282 3 1
100284 2 1
100284 3 2
100286 2 1
100287 2 2
100287 3 1
100288 2 1
100289 3 1
100292 2 1
100293 2 1
100294 2 2
100295 3 1
100297 3 1
100301 3 1
100303 3 2
100304 3 1
100306 2 1
100306 3 2
100308 2 1
100309 2 2
100309 3 1
100310 2 1
100311 3 1
100314 2 1
100314 3 1
100315 2 1
100315 3 2
100316 3 2
100322 2 1
100322 3 1
100323 2 1
100324 2 2
100324 3 1
100325 3 1
100328 2 1
100330 2 1
100333 3 1
100335 3 1
100340 3 1
100342 2 1
100342 3 1
100346 3 1
100348 2 1
100348 3 1
100356 3 1
100365 3 1
100367 2 2
100367 3 1
100368 3 1
100371 3 1
100377 3 1
100379 2 1
100380 2 1
100380 3 2
100381 3 1
100383 2 1
100383 3 1
100384 3 1
100387 3 1
100388 2 1
100389 2 1
100390 3 1
100392 2 2
100392 3 1
100393 2 1
100394 2 1
100395 2 1
100401 2 1
100406 2 1
100407 3 1
100412 2 1
100412 3 1
100418 3 1
100420 2 1
100421 3 1
100424 2 1
100424 3 1
100425 2 1
100426 2 2
100426 3 1
100427 2 1
100428 2 1
100429 3 1
100432 2 1
100432 3 1
100435 3 1
100437 2 1
100438 2 2
100438 3 1
100439 2 1
100443 3 1
100445 3 1
100447 2 1
100447 3 1
100448 2 1
100451 2 1
100452 3 1
100454 3 1
100462 2 1
100465 2 1
100466 2 1
100467 3 2
100472 2 1
100472 3 1
100473 2 2
100474 2 1
100474 3 1
100475 3 2
100478 2 1
100478 3 1
100479 2 1
100481 3 1
100486 2 1
100487 2 1
100488 3 2
100489 3 1
100491 2 1
100492 3 1
100494 2 1
100494 3 1
100497 2 1
100497 3 1
100498 3 1
1005 2 1
100507 3 1
100510 2 1
100510 3 1
100511 3 2
100513 3 1
100515 2 1
100515 3 1
100516 2 1
100521 2 1
100522 2 1
100523 3 1
100526 2 1
100527 2 1
100532 2 1
100533 2 1
100537 3 1
100541 2 1
100541 3 2
100543 3 1
100547 2 1
100547 3 1
100567 2 1
100567 3 1
100571 2 1
100571 3 1
100573 3 1
100583 2 1
100583 3 2
100584 2 1
100585 2 1
100587 2 2
100588 3 1
100590 2 1
100590 3 1
100592 3 1
100596 2 1
100596 3 1
100597 2 1
100597 3 2
100598 2 1
100599 2 1
100599 3 2
1006 2 1
100600 2 1
100600 3 2
100601 2 1
100601 3 2
100604 2 2
100604 3 1
100605 2 2
100605 3 1
100606 2 1
100606 3 1
100613 2 1
100614 3 1
100617 3 1
100619 2 2
100619 3 1
100620 2 1
100620 3 1
100622 3 1
100625 2 1
100625 3 2
100626 2 2
100626 3 1
100627 2 1
100628 3 1
100630 2 1
100630 3 1
100633 2 1
100633 3 1
100634 2 2
100635 2 1
100635 3 1
100636 3 1
100639 3 1
100641 2 1
100642 3 1
100644 2 1
100644 3 2
100645 2 1
100646 2 1
100647 2 1
100648 3 1
100651 2 1
100651 3 1
100654 2 1
100663 3 1
100665 2 2
100665 3 1
100666 2 1
100666 3 1
100667 2 1
100672 3 1
100676 2 1
100676 3 2
100677 2 1
100685 2 1
100688 3 1
100689 2 1
100690 2 1
100691 2 1
100691 3 2
100692 3 1
100694 2 1
100694 3 1
100697 2 1
100698 3 2
100700 2 1
100700 3 1
100703 3 1
100704 2 1
100705 3 1
100707 2 1
100707 3 2
100708 3 1
100710 2 1
100710 3 1
100713 2 2
100713 3 1
100714 2 1
100715 3 1
100717 3 1
100721 2 1
100732 3 1
100733 2 1
100734 2 1
100736 2 2
100736 3 1
100740 3 1
100742 3 1
100744 2 1
100744 3 1
100745 2 1
100745 3 2
100746 2 1
100747 2 1
100751 3 1
100754 3 1
100756 3 1
100759 2 1
100760 3 1
100762 3 1
100765 2 1
100770 3 1
100771 2 1
100772 2 1
100775 2 1
100776 2 2
100776 3 1
100777 3 1
100782 3 1
100784 3 1
100790 2 1
100791 3 1
100793 3 1
100795 3 1
100797 2 1
100797 3 1
100798 2 1
100798 3 2
100799 2 1
100800 2 1
100801 2 2
100801 3 1
100802 3 1
100804 2 1
100804 3 2
100805 2 1
100806 2 1
100807 2 2
100807 3 1
100808 3 1
100818 2 1
100818 3 1
100823 2 1
100827 2 2
100827 3 1
100828 2 1
100835 2 1
100836 2 2
100836 3 1
100837 2 1
100838 3 1
100840 2 1
100840 3 2
100841 2 1
100849 2 1
100849 3 1
100850 3 1
100853 2 2
100853 3 1
100854 2 1
100854 3 1
100856 3 1
100867 2 1
100868 2 1
100869 2 1
100870 2 1
100870 3 2
100871 3 1
100873 2 1
100876 2 1
100876 3 1
100894 3 1
100896 2 1
100896 3 1
100897 2 2
100899 2 2
1009 2 1
1009 3 1
100900 2 1
100900 3 1
100903 2 1
100908 2 1
100911 2 1
100912 2 1
100913 3 1
100920 3 1
100922 2 1
100924 3 1
100926 2 1
100927 3 1
100929 2 1
100929 3 1
100930 2 1
100931 3 1
100934 2 2
100934 3 1
100935 2 1
100946 2 1
100946 3 1
100949 2 1
100958 2 1
10096 3 1
100962 2 1
100962 3 1
100965 2 2
100965 3 1
100966 2 1
100967 2 1
100972 2 1
100973 2 1
100973 3 2
100974 3 1
100978 3 1
100981 3 1
100989 3 1
100990 2 1
100991 2 1
100995 2 1
100998 3 1
10100 2 1
10100 3 1
101000 3 1
101002 2 1
101004 2 1
101005 2 1
101005 3 2
101006 3 1
101009 2 1
101009 3 1
101011 3 1
101018 3 1
101021 2 1
101021 3 1
101022 2 2
101023 2 1
101023 3 1
101024 3 2
101028 2 1
101028 3 1
101029 2 1
101029 3 2
10103 3 1
101033 3 1
101040 3 1
101043 3 1
101045 2 2
101045 3 1
101046 2 1
101046 3 1
101053 2 1
101053 3 1
101054 3 1
101056 2 1
101056 3 1
101057 2 1
101057 3 2
101058 3 2
101059 2 1
10106 2 1
10106 3 2
101061 2 1
101066 2 1
101069 2 1
10107 2 2
10107 3 1
101072 2 1
101072 3 2
101073 2 2
101073 3 1
101074 2 1
101075 3 1
10108 2 1
101081 2 1
101082 2 1
101083 2 2
101083 3 1
101084 3 1
101086 2 1
101087 2 1
101088 3 1
101090 3 1
101092 2 1
101092 3 2
101093 3 1
101100 3 1
101106 2 2
101106 3 1
101107 3 1
101109 2 1
101109 3 1
101110 2 1
101111 2 1
101117 3 1
101121 2 1
101125 2 1
101126 2 2
101126 3 1
101127 2 1
101128 3 1
10113 3 1
101131 2 1
101132 2 2
101133 2 1
101133 3 1
101134 3 1
101137 2 1
101137 3 2
101138 2 2
101139 2 1
101139 3 1
101140 2 1
101148 3 1
101150 2 1
101150 3 1
101151 2 1
101153 3 1
101155 2 1
101155 3 1
101159 3 1
101166 3 1
101169 2 1
101170 3 1
101175 2 1
101176 3 1
101178 2 1
101178 3 1
101179 2 2
101180 3 1
101182 2 1
101182 3 1
101183 2 2
101184 3 1
10119 3 1
101200 2 1
101200 3 1
101228 3 1
101229 2 1
101230 3 2
101234 3 1
10124 2 1
101244 2 1
101245 2 1
101254 2 1
101255 3 1
101257 2 2
101257 3 1
101258 2 1
101258 3 1
101261 3 1
101263 2 1
101263 3 1
10127 3 1
101270 2 1
101270 3 1
101271 2 1
101275 2 1
101286 2 1
101287 3 1
101289 3 1
101294 2 1
101294 3 1
101298 3 1
101299 2 1
1013 2 1
1013 3 1
101300 3 1
101303 2 1
101303 3 1
101308 3 1
10131 2 2
101311 2 2
101311 3 1
101312 2 1
101312 3 1
101313 2 1
101314 2 1
101316 2 1
101317 3 1
101319 3 1
10132 3 1
101322 3 1
101323 2 1
101324 3 1
101328 3 1
101330 2 1
101331 3 1
101335 2 1
101336 2 2
101337 2 1
101337 3 1
101338 2 1
10134 2 2
10134 3 1
101341 3 1
101348 3 1
10135 2 1
10135 3 1
101350 2 1
101350 3 1
101353 2 1
101354 2 1
101355 3 1
101358 2 1
101359 3 1
101363 3 1
101365 3 1
101368 2 1
101369 2 2
101369 3 1
10137 3 1
101370 2 1
101371 2 1
101372 2 1
101375 2 1
101378 2 1
101378 3 1
101379 2 1
101381 2 1
101382 2 1
101383 2 2
101384 3 1
101386 2 1
101387 2 1
101387 3 2
101388 3 1
101394 2 1
101394 3 1
101395 3 1
1014 2 2
101401 2 1
101401 3 1
101406 2 1
101407 2 1
101408 2 1
101409 2 1
10141 2 1
101410 3 1
101413 2 1
101418 3 1
10142 2 1
101421 2 1
101422 2 1
101430 2 1
101431 2 1
101431 3 2
101432 2 1
101432 3 2
101433 2 1
101433 3 2
101434 3 1
101436 2 1
101436 3 2
101437 2 2
101438 2 1
101438 3 1
101439 3 2
101446 2 1
101447 2 2
101448 2 1
101448 3 1
101449 2 1
101450 3 1
101456 3 1
101458 2 1
101459 2 1
101460 3 1
101463 2 2
101463 3 1
101464 2 1
101465 2 1
101466 2 1
101467 3 1
101469 3 1
101472 3 1
101476 2 1
10148 2 1
101483 3 1
101487 2 1
101488 2 2
101488 3 1
101489 2 1
10149 2 1
101495 2 1
101495 3 1
101496 3 2
101499 2 2
1015 3 1
101500 2 1
101501 2 1
101503 3 2
101504 3 1
101506 2 1
101507 2 1
101510 3 1
101512 3 1
101514 3 1
101516 3 1
101520 3 1
101522 2 1
101522 3 1
101523 2 1
101523 3 2
101526 2 1
101527 2 1
101528 3 1
101530 3 1
10154 3 1
101553 2 1
101553 3 1
101557 2 1
101560 2 1
101560 3 1
101561 2 1
101561 3 2
101562 2 1
101563 2 1
101570 2 1
101570 3 1
101571 2 1
101571 3 2
101572 2 1
101572 3 2
101574 3 1
101580 2 1
101581 2 1
101581 3 2
101582 2 1
101582 3 2
101583 3 1
101585 2 1
101585 3 2
101586 2 2
101586 3 1
101587 2 1
101588 3 2
101595 2 1
101595 3 1
101596 2 1
101596 3 2
101597 2 1
101597 3 2
101598 2 1
101599 2 2
101599 3 1
101600 3 1
101619 2 1
101622 2 2
101623 2 1
101623 3 1
101628 3 1
101630 2 1
101630 3 2
101631 3 1
101633 3 1
101635 2 1
101635 3 1
101636 2 1
101637 2 1
101641 2 1
101642 3 2
101646 2 2
101647 2 1
101648 2 1
101649 3 2
10165 3 1
101652 3 1
101654 2 1
101654 3 2
101655 3 1
101658 3 1
101661 2 1
101662 2 2
101662 3 1
101667 3 1
101671 2 1
101672 3 1
101680 3 1
101685 2 1
101686 3 1
101690 2 1
101691 3 1
101693 2 1
101693 3 2
101694 2 2
101694 3 1
101695 2 1
1017 2 2
1017 3 1
10170 2 1
10170 3 1
101708 3 1
101714 2 1
101715 3 1
101717 2 1
101717 3 1
101720 3 1
101721 2 1
101722 3 1
101724 2 2
101724 3 1
101725 2 1
101726 2 1
101727 2 1
101728 2 1
101729 3 1
10174 2 1
101740 3 1
101746 2 1
101746 3 1
101747 2 1
101747 3 2
101748 3 2
10175 2 2
101754 2 1
101754 3 1
101755 2 1
101755 3 2
101756 2 1
101758 3 1
10176 2 1
10176 3 1
101761 2 1
101761 3 1
101762 2 1
101762 3 2
101763 2 1
101764 2 2
101765 2 1
101765 3 1
101766 3 1
101768 2 1
101769 2 1
10177 2 1
101770 2 1
101773 2 1
101778 3 1
101780 2 1
101781 2 1
101783 2 1
101784 2 1
101790 2 1
101792 2 1
101797 3 1
101799 2 1
1018 2 1
1018 3 1
101800 3 1
101802 3 1
10181 2 1
101810 2 1
101811 2 1
101812 2 2
101812 3 1
101813 2 1
101823 3 1
101825 2 1
101825 3 2
101826 2 1
101833 2 1
101833 3 1
101840 2 1
101840 3 2
101841 2 2
101841 3 1
101842 2 1
101843 2 1
101846 3 1
10185 3 1
101850 2 1
101851 2 2
101851 3 1
101852 2 1
101859 2 1
101890 2 1
101891 3 1
1019 2 1
10190 3 1
101900 2 1
101901 2 1
101902 3 1
101911 2 1
101911 3 1
101912 2 1
101912 3 2
101913 2 2
101914 2 1
101914 3 1
101915 2 1
101918 2 1
101918 3 1
101919 2 1
10192 3 1
101920 2 2
101920 3 1
101921 3 1
101923 2 1
101924 2 2
101924 3 1
101925 2 1
101926 2 1
101926 3 2
101927 3 1
101929 2 1
101935 2 1
101936 3 1
101938 2 1
101938 3 1
101939 2 1
101939 3 2
10194 3 1
101940 2 1
101941 2 1
101941 3 2
101942 3 2
101947 2 1
101948 3 1
101952 2 1
101953 3 2
101957 2 1
101957 3 1
101958 2 2
101959 2 1
101959 3 1
101963 3 1
101965 3 1
10197 2 1
10197 3 1
101972 2 1
101972 3 1
101973 2 1
101974 2 1
101976 3 1
101979 2 1
101979 3 1
10198 2 1
101981 2 1
101982 2 2
101983 2 1
101983 3 1
101984 2 1
101984 3 2
101985 3 2
101987 2 1
101987 3 1
101992 2 1
1020 2 1
1020 3 2
102002 2 1
102008 2 1
102011 2 1
102012 3 1
102016 3 1
10202 2 2
102021 2 2
102022 2 1
102022 3 1
102023 2 1
102024 3 2
102026 3 1
10203 2 1
10203 3 1
102032 2 1
102033 3 1
102036 2 1
102036 3 1
102037 2 2
102037 3 1
102038 2 1
102039 2 1
10204 2 1
102040 3 1
102045 2 1
102049 2 1
102049 3 1
10205 2 1
102052 2 2
102052 3 1
102053 2 1
102053 3 1
102059 3 1
10206 3 1
102066 2 1
102067 2 1
102067 3 2
102068 3 1
102070 2 1
102073 2 1
102074 3 1
102076 2 1
102076 3 2
102077 2 1
102078 2 1
102081 2 1
102082 3 1
102084 2 1
102085 3 1
102088 2 1
102089 2 1
102090 2 2
102090 3 1
102091 2 1
102092 3 1
102095 2 2
102095 3 1
102096 2 1
102097 3 1
1021 3 1
10210 2 1
102101 3 1
102103 3 1
102105 3 1
102106 2 1
10211 2 1
102115 3 1
102116 2 1
102116 3 2
102117 2 1
102118 3 1
102127 3 1
102131 2 1
102132 2 2
102133 2 1
102133 3 1
102134 2 1
102135 2 1
10214 2 2
10214 3 1
102142 3 1
102144 3 1
102148 2 1
102149 2 1
10215 2 1
102151 3 1
102153 2 1
102154 2 1
102154 3 2
102155 3 1
102159 2 1
102162 2 1
102167 2 1
102167 3 1
102168 2 1
102169 2 1
102170 2 1
102177 2 1
102178 2 1
102179 3 1
102181 3 1
102183 3 1
102186 2 2
102187 2 1
102187 3 1
102189 3 1
102192 2 1
102192 3 1
102193 2 1
102206 2 1
102212 2 1
102217 2 1
102218 3 1
102221 3 1
102223 2 1
102223 3 1
102224 2 1
102238 2 1
102239 2 1
102240 2 2
102240 3 1
102241 2 1
102242 3 1
102244 3 1
102248 3 1
102250 2 2
102250 3 1
102251 3 1
102254 3 1
102256 2 1
102256 3 1
102262 2 1
102262 3 1
102268 2 1
102269 3 1
10227 3 1
102271 2 1
102271 3 1
102275 3 2
102276 3 1
102283 2 1
102283 3 1
102284 2 1
102285 2 1
102291 2 1
102292 2 1
102295 2 1
102295 3 2
102296 2 1
102296 3 2
102297 2 1
102297 3 2
102298 3 1
102302 3 1
102306 2 1
102307 3 1
102313 2 1
102316 2 1
10232 3 1
102327 2 1
102328 2 1
102329 2 1
10233 3 2
102330 3 1
102333 3 1
102343 2 1
102344 3 1
102346 2 1
102346 3 2
102347 3 1
10235 3 1
102351 2 1
102354 2 1
102354 3 1
102355 2 1
102355 3 2
102366 2 2
102366 3 1
102367 3 1
10237 3 1
102371 2 1
102372 2 1
102373 3 1
102382 2 1
102383 3 2
102387 2 1
102387 3 1
102388 2 1
102388 3 2
102397 2 1
102401 3 1
102403 2 2
102403 3 1
102404 2 1
102405 2 1
102406 3 1
102409 3 1
10241 2 2
10241 3 1
102415 2 1
102416 2 1
102416 3 2
102417 3 1
10242 2 1
102420 3 1
102422 3 1
102424 2 1
102424 3 1
102427 2 1
102428 2 1
102429 3 1
10243 3 1
102431 3 1
102433 2 2
102433 3 1
102434 2 1
102434 3 1
102437 3 1
102438 2 1
102439 2 1
102440 3 1
102443 2 1
102443 3 1
102444 2 2
102444 3 1
102445 2 1
102446 3 1
102448 2 1
10245 2 1
10245 3 2
102455 2 1
102455 3 1
102456 2 2
102456 3 1
102457 3 1
102463 3 1
10247 2 2
10247 3 1
102470 2 1
102470 3 1
102471 2 1
102472 3 2
102474 3 1
10248 3 1
102481 3 1
102484 2 1
102484 3 1
102485 2 2
102486 2 1
102486 3 1
102488 3 1
102490 3 1
102492 3 1
102494 2 1
102494 3 1
102495 3 1
102497 3 1
10251 2 1
102513 3 1
102515 3 1
102516 2 1
102517 3 2
102519 3 1
10252 3 1
102521 2 1
102521 3 1
102526 3 1
102535 3 1
10254 2 1
10254 3 1
102544 3 1
102546 3 1
102550 2 1
102550 3 1
102551 2 2
102552 2 1
102552 3 1
102553 3 2
102555 3 1
102558 2 1
102559 3 1
10256 3 1
102562 3 1
102566 3 1
102568 3 1
102570 3 1
102572 3 1
102574 3 1
102578 3 1
10258 2 1
10258 3 1
102580 2 1
102580 3 2
102583 2 1
102583 3 1
102584 3 2
102586 3 1
102591 2 1
102591 3 1
102592 3 2
102594 3 1
102596 2 1
102597 3 1
102599 2 2
102599 3 1
102600 2 1
102600 3 1
102605 2 1
102605 3 1
102606 2 2
102607 2 1
102607 3 1
102608 3 2
102613 3 1
102624 2 1
102624 3 1
102625 2 1
102626 2 1
102627 2 1
102632 2 1
102633 2 1
102634 3 1
102637 2 1
102637 3 2
102638 2 1
10264 2 1
10264 3 1
102644 3 1
102646 3 1
102653 2 1
102653 3 1
102655 3 1
102660 3 1
102663 2 1
102668 2 1
102668 3 1
102684 2 1
102685 3 1
102693 3 1
102695 2 1
102695 3 1
102696 2 2
102697 3 1
102699 2 1
102699 3 1
1027 2 1
1027 3 1
102701 3 1
102703 2 1
102709 2 1
102710 2 1
102711 3 1
102713 2 1
102713 3 1
102714 2 1
102714 3 2
102715 2 1
102715 3 2
102716 2 2
102716 3 1
102717 2 1
102718 3 1
102721 3 1
102727 3 1
102729 2 1
102729 3 1
102730 2 1
102733 3 1
102737 2 1
102738 2 1
102741 3 1
102742 2 1
102743 2 1
102744 3 1
102746 2 1
102746 3 1
102747 2 2
102748 2 1
102748 3 1
102759 3 1
10276 2 1
10276 3 1
102761 2 1
102761 3 2
102762 2 2
102762 3 1
102763 2 1
102767 3 1
102772 2 1
102773 2 2
102774 3 1
102776 3 1
102784 2 1
102785 2 2
102786 2 2
102786 3 1
102787 2 1
102788 3 1
102791 2 2
102792 2 1
102792 3 1
102795 2 1
102795 3 1
102800 3 1
102802 2 1
102802 3 1
102805 2 1
102806 3 1
10281 3 1
102810 2 1
102810 3 1
102814 3 1
102816 3 1
102818 2 1
102819 2 1
102822 3 1
102824 2 2
102824 3 1
102825 2 2
102825 3 1
102826 2 1
102826 3 1
10283 3 1
102830 2 1
102830 3 1
102831 2 1
102832 3 1
102835 2 1
102835 3 1
102837 2 1
102842 2 1
102843 2 2
102844 2 1
102844 3 1
102845 3 2
102847 2 1
102847 3 1
10285 2 1
102851 3 1
102853 2 1
102853 3 1
102854 2 1
102854 3 2
102855 2 1
102855 3 2
10286 2 1
102862 3 1
102869 3 1
102871 2 1
102876 2 1
102878 2 1
102879 2 1
102882 2 1
102882 3 2
102883 2 1
102883 3 2
102884 2 2
102884 3 1
102885 2 1
102887 3 1
102889 3 1
102892 3 1
102896 3 1
102898 3 1
102900 2 1
102901 2 2
102901 3 1
102902 3 1
102904 2 1
102904 3 2
102905 2 1
102905 3 2
102906 3 1
102909 2 1
10291 2 1
102910 3 1
102913 2 1
102913 3 2
102914 2 1
102914 3 2
102915 2 2
102915 3 1
102916 2 1
102917 2 1
102917 3 2
102918 3 1
102927 2 1
102928 2 2
102928 3 1
102929 2 1
102930 3 2
102933 2 1
102933 3 1
102934 2 1
102934 3 2
102937 2 1
102938 2 1
102941 3 1
102943 3 1
102953 2 1
102965 2 1
102966 2 1
102966 3 2
102967 3 1
102970 3 1
102971 2 1
102972 2 1
102973 2 1
102974 3 2
102976 3 1
102983 3 1
102985 2 1
102986 2 1
102987 2 1
102987 3 2
102988 3 1
102990 3 1
103010 2 1
103011 3 1
103015 2 1
103016 2 1
103017 3 1
103019 3 1
10302 2 1
103021 3 1
103024 2 1
103027 3 1
103029 3 1
103031 3 1
103034 3 1
103035 3 2
103037 3 1
103039 3 1
103041 2 1
103041 3 2
103042 2 2
103042 3 1
103043 2 1
103045 3 1
103048 2 1
10305 2 1
103055 3 1
103057 2 1
10306 3 1
103062 2 1
103062 3 1
103070 2 1
103070 3 1
10308 3 1
103080 2 1
103081 2 2
103081 3 1
103082 3 1
103084 2 1
103085 3 1
103087 2 1
103087 3 1
103090 2 1
103091 2 1
103092 3 2
103095 2 1
103095 3 1
103096 2 2
103096 3 1
103097 2 1
103098 2 1
103099 2 1
1031 3 1
103105 2 1
103114 3 1
103116 3 1
103118 3 1
103120 3 1
103121 2 1
103125 3 1
10313 3 1
103135 2 2
103136 2 1
103137 2 1
103138 3 1
103140 3 1
10315 2 1
10315 3 2
103152 3 1
103154 2 2
103154 3 1
103155 2 1
103156 3 2
103158 2 1
103158 3 1
103159 2 1
10316 2 2
103162 2 1
103163 2 1
10317 2 1
10317 3 1
103172 3 1
103174 2 1
103175 2 1
103176 2 2
103176 3 1
10318 3 2
103181 2 1
103181 3 2
103182 2 2
103182 3 1
103183 2 1
103184 2 1
103184 3 2
103185 3 1
103190 3 1
103192 2 1
10320 3 1
103211 2 1
103211 3 1
103212 2 1
103213 2 1
103217 3 1
103219 2 1
103219 3 2
10322 2 1
10322 3 1
103220 2 1
103221 2 2
103221 3 1
103222 3 1
103227 2 1
103231 2 1
103232 2 2
103233 2 1
103233 3 1
103234 2 1
103235 2 1
103238 3 1
103242 2 1
103242 3 1
103243 2 1
103244 2 1
103247 2 1
103247 3 1
103250 2 1
103250 3 1
103254 3 1
103258 3 1
103260 2 1
103260 3 1
103261 2 1
103262 2 2
103262 3 1
103263 2 1
103264 3 1
103271 2 1
103275 2 1
103275 3 1
103277 2 1
103286 2 1
103286 3 1
103287 3 1
103292 2 1
103292 3 1
103296 2 1
103297 2 2
103298 2 1
103298 3 1
103299 2 1
103300 3 2
103304 2 1
103304 3 1
103305 2 2
103305 3 1
103306 2 1
103307 2 1
103308 3 1
103313 3 1
103317 2 1
103317 3 1
103318 2 2
103319 2 1
103319 3 1
103322 2 1
103322 3 1
103323 2 1
103325 3 1
103326 2 1
103329 3 1
103334 3 1
103338 3 2
103339 3 1
10334 2 1
103341 2 1
103342 3 1
103347 2 1
103348 2 1
10335 2 1
103351 3 1
103357 2 1
103358 2 2
103358 3 1
10336 2 1
103364 2 1
103365 3 1
103367 3 1
103369 2 1
103374 3 1
103376 3 1
103379 3 1
103382 2 1
103384 2 2
103384 3 1
103385 3 1
103392 3 1
103400 3 1
103402 2 1
103402 3 1
103403 2 1
103403 3 2
103404 3 2
103407 2 1
103409 3 1
103411 2 1
103411 3 2
103415 2 1
103416 2 1
103417 2 2
10342 3 1
103422 2 1
103422 3 1
103423 2 1
103423 3 2
103424 2 1
103424 3 2
103425 2 2
103426 3 1
103435 3 1
10344 2 1
103444 3 1
103446 2 1
103446 3 2
103447 2 1
103450 3 1
103454 2 1
103454 3 1
103455 2 2
103456 2 1
103456 3 1
103459 2 1
103468 3 1
103470 2 1
103470 3 2
103471 2 1
103472 3 1
103474 3 1
103475 3 2
103476 2 1
103477 3 1
103486 2 1
103486 3 1
10349 2 1
103494 3 1
103495 2 1
1035 3 1
10350 3 1
103501 2 1
103506 2 1
103509 2 2
103510 2 1
103510 3 1
103511 2 1
103512 3 2
103514 2 1
103514 3 1
103520 3 1
103531 2 1
103534 2 1
103535 3 1
103539 2 1
103539 3 1
103540 2 1
103548 2 1
103549 3 1
103551 2 1
103563 3 1
103568 2 2
103568 3 1
103569 3 1
103570 2 1
103571 2 1
103576 2 1
103576 3 1
103580 3 1
103584 2 1
103585 2 1
103586 3 1
103592 3 1
103594 3 1
103598 2 1
103598 3 1
103599 3 1
1036 2 1
103605 3 1
103608 3 1
103615 2 1
103616 2 2
103617 3 1
10362 3 1
103621 2 1
103621 3 1
103622 2 2
103628 3 1
103630 2 1
103630 3 1
103631 2 1
103631 3 2
103632 2 1
103632 3 2
103633 2 1
103633 3 2
103634 2 2
103635 3 1
103639 2 1
103640 2 1
103641 3 1
103643 2 1
103644 3 1
103647 3 1
103649 3 1
103652 3 1
103655 3 1
103657 3 1
103658 2 1
103658 3 2
103662 3 1
103663 2 1
103668 2 1
103668 3 1
103672 2 1
103673 2 1
103674 2 1
103675 3 1
103681 3 1
103683 3 1
103684 2 1
103685 2 1
103685 3 2
103686 3 1
103688 2 1
103688 3 2
103691 2 1
103692 3 1
1037 3 1
103700 3 1
103702 2 1
103703 2 2
103703 3 1
103704 3 1
103706 2 1
103707 3 1
103709 2 2
103709 3 1
103710 3 1
103712 3 1
103714 2 1
103718 3 1
103719 2 1
103720 3 1
103722 2 1
103723 3 1
103725 2 1
103725 3 1
103727 3 1
103729 2 1
103729 3 1
103732 2 1
103733 2 1
103737 3 1
103739 2 1
103740 2 1
103741 3 1
103750 2 1
103751 2 2
103751 3 1
103752 2 1
103753 2 1
103753 3 2
103754 3 1
103756 2 1
103756 3 2
103757 2 1
103758 2 1
103764 2 1
103765 2 2
103766 2 1
103766 3 1
103767 3 1
103772 2 1
103773 2 2
103773 3 1
103774 2 1
103775 2 1
103776 3 1
103782 2 1
103783 2 1
103786 3 1
103799 2 1
103800 3 1
103802 3 1
103804 2 1
103805 3 1
103807 2 1
103808 3 1
103812 3 1
103814 2 1
103815 2 1
103816 2 2
103822 2 1
103822 3 1
103823 2 1
103826 3 1
103829 3 1
103831 3 1
103834 2 1
103834 3 1
103838 3 1
103839 2 1
103842 2 1
103842 3 1
103843 2 1
103843 3 2
103863 3 1
103868 2 1
103868 3 1
103869 3 2
103873 2 1
103873 3 1
103874 2 1
103874 3 2
103886 3 1
103887 2 1
103888 2 1
103889 3 1
103891 2 1
103891 3 1
103892 2 1
103893 3 2
103898 2 1
103903 2 1
103903 3 1
103905 2 1
103908 2 1
103908 3 1
103909 2 1
103920 3 1
103922 2 1
103923 2 2
103923 3 1
103924 3 1
103928 2 2
103928 3 1
103930 2 1
103931 2 1
103932 3 2
103933 3 1
103935 3 1
103938 3 1
103940 3 1
103945 3 1
103947 3 1
103951 3 1
103960 2 2
103960 3 1
103961 2 1
103961 3 1
103962 2 1
103963 3 1
103965 2 1
103966 2 1
103971 3 1
103974 2 1
103975 2 1
103979 2 1
103981 2 1
103982 2 2
103983 2 1
103983 3 1
103987 2 1
103988 3 1
103992 3 1
103996 2 1
103996 3 1
104005 2 1
104006 3 1
104011 3 1
104013 3 1
104015 2 1
104015 3 1
104016 2 2
104017 2 1
104017 3 1
104018 3 1
104022 2 1
104022 3 2
104023 3 1
104025 3 1
104026 3 2
104027 2 1
104028 2 1
104033 2 1
104037 3 1
104039 2 1
104040 3 2
104042 3 1
104047 2 1
104047 3 1
104050 2 1
104051 3 1
104054 2 1
104067 2 1
104067 3 2
104068 3 1
104072 2 1
104073 2 1
104074 2 1
104075 3 1
104077 2 1
104077 3 1
104079 3 1
104081 3 1
104083 2 1
104083 3 1
104084 2 2
104085 2 1
104085 3 1
104086 3 1
104089 3 1
104096 2 2
104096 3 1
104097 2 1
104098 2 1
104107 2 1
104108 3 1
104110 3 1
104112 3 1
104117 2 1
104119 3 1
104125 2 1
104126 2 1
104127 2 2
104127 3 1
104135 3 1
104138 2 1
104139 2 1
104140 2 1
104151 2 1
104151 3 1
104152 3 2
104156 3 1
104159 3 1
104161 2 1
104166 2 1
104167 2 1
104172 2 1
104173 3 1
104193 2 1
104198 2 1
104198 3 2
104199 2 1
104200 3 1
104203 2 1
104209 2 1
104210 2 1
104211 2 1
104212 2 1
104213 3 1
104216 3 1
104223 2 1
104223 3 1
104224 2 1
104225 3 1
104230 2 1
104230 3 1
104231 2 1
104237 2 1
104237 3 1
104238 3 2
104241 2 1
104241 3 1
104242 2 1
104242 3 2
104243 2 1
104243 3 2
104244 3 1
104246 3 1
104247 3 2
104249 2 1
104253 2 1
10426 3 1
104262 2 1
104262 3 1
104263 2 2
104264 2 1
104264 3 1
104265 3 2
104267 2 1
104267 3 1
104270 2 1
104272 3 1
104275 2 1
104281 3 1
104288 2 1
104288 3 2
104289 2 2
104289 3 1
104290 2 1
104291 3 2
104293 3 1
10430 3 1
104302 2 1
104303 3 1
104306 3 1
104307 2 1
104308 3 1
104315 2 1
104316 3 1
104318 3 1
104321 2 1
104321 3 1
104322 3 2
104324 2 1
104324 3 1
104328 3 1
10433 3 1
104330 2 1
104330 3 1
104331 2 1
104332 3 1
104336 2 1
104337 3 1
104345 3 1
104347 2 2
104347 3 1
104348 2 1
104349 3 1
10435 2 1
10435 3 1
104351 2 1
104351 3 1
104352 2 1
104355 2 1
104356 3 1
104359 3 1
10436 2 1
104360 2 1
104361 3 1
104367 3 1
10437 3 2
104370 2 1
104370 3 1
104371 2 1
104372 2 2
104373 2 1
104373 3 1
104376 2 1
104381 2 1
104384 3 1
104386 2 1
104386 3 1
104389 2 1
104390 2 1
104390 3 2
104391 2 1
104391 3 2
104392 3 1
104395 2 2
104396 2 1
104396 3 1
104397 2 1
104398 3 2
10440 2 1
10440 3 1
104400 2 1
104400 3 1
104402 3 1
104406 2 1
104409 3 1
10441 2 1
104411 2 1
104415 2 2
104415 3 1
104416 2 1
104417 3 1
104419 2 1
104419 3 2
10442 2 2
10442 3 1
104421 3 1
104425 2 1
10443 2 1
104431 3 1
104439 2 1
104442 3 1
104445 2 1
104445 3 1
104447 3 1
104449 2 1
104452 3 1
104454 3 1
104457 2 1
104462 2 1
104463 3 1
104465 2 1
104466 2 1
104466 3 2
104467 3 1
104473 2 1
104474 3 1
104476 2 1
104476 3 1
104478 2 1
104479 3 1
10448 2 1
104482 2 1
104483 3 1
104486 3 1
104489 3 1
104499 3 1
1045 3 1
104500 2 1
104503 3 1
10451 2 1
10451 3 1
10452 3 1
104521 2 1
104527 2 1
104528 3 1
104531 3 1
104534 3 1
104543 3 1
104546 3 1
104548 2 1
104548 3 1
10455 3 1
104551 2 1
104555 3 1
10456 2 1
104560 3 1
104562 3 1
104567 2 1
104567 3 2
104568 2 1
104569 3 1
10457 2 2
104571 2 1
104573 3 1
104576 2 1
104577 3 1
10458 2 1
10458 3 1
104588 3 1
104592 3 1
104602 2 1
104602 3 2
104603 2 1
104604 3 1
104606 3 1
104607 2 1
104608 3 1
104611 2 1
104615 3 1
104617 2 1
104618 2 1
104621 2 1
104621 3 1
104625 2 1
104625 3 1
104626 2 1
104628 3 1
104629 2 1
104632 2 2
104632 3 1
104633 2 1
104638 3 1
10464 2 1
104640 3 1
104641 2 1
104642 2 1
104648 2 1
104649 3 1
10465 3 2
104657 2 1
104660 3 1
104662 2 1
104663 2 1
104664 3 1
104667 2 1
104667 3 2
104668 3 1
10467 3 1
104671 3 1
104673 2 1
104677 3 1
104686 2 1
104687 3 1
104689 3 1
10469 2 1
10469 3 1
104691 2 1
104692 2 1
104693 2 1
104694 2 1
104695 3 1
104697 3 1
1047 3 1
104700 3 1
104706 3 1
10471 3 1
104712 3 1
104713 2 1
104713 3 2
104714 2 2
104715 2 1
104715 3 1
104720 2 1
104720 3 1
104721 2 1
104724 3 1
104725 2 1
104728 2 1
104728 3 1
104732 2 1
104732 3 2
104733 3 1
104738 2 1
104738 3 1
104742 3 1
104743 2 1
104747 2 2
104747 3 1
104748 2 1
104748 3 1
104749 3 1
104751 2 1
104761 2 1
104772 2 1
104777 2 1
104778 3 1
104780 3 1
104781 2 1
104784 2 1
104785 2 1
104785 3 2
104786 3 1
104793 2 1
104794 3 1
104796 2 1
104796 3 1
104797 2 2
104798 2 1
104798 3 1
104799 3 1
104803 2 2
104803 3 1
104804 2 1
104805 2 1
104815 2 1
104815 3 1
104819 3 1
104822 3 1
104824 3 1
104826 2 1
10484 3 1
104860 2 1
104861 3 2
104864 3 1
104868 2 1
104872 2 1
104873 2 2
104874 2 1
104874 3 1
104875 2 1
104878 3 1
104885 3 1
104887 2 1
104887 3 1
104889 2 1
104892 2 1
104894 3 1
104895 2 1
104896 2 1
104897 3 1
104899 2 1
104899 3 2
1049 2 1
104900 3 1
104902 3 1
104904 3 1
104907 3 1
104910 2 1
104910 3 1
104911 2 1
104912 3 1
104914 2 1
104914 3 1
104915 2 1
104916 3 1
104918 2 1
10492 2 1
10492 3 1
104920 2 1
104922 2 2
104923 2 1
104923 3 1
104927 2 1
104928 2 1
104929 2 1
104929 3 2
10493 2 1
104930 2 1
104930 3 2
104931 2 1
104931 3 2
104932 3 1
104935 2 1
104938 3 1
104944 2 1
104945 3 2
104950 2 1
104950 3 1
104951 2 2
104955 3 1
104958 3 1
104960 3 1
104961 2 1
104964 3 1
104966 2 1
104967 2 2
104967 3 1
104968 2 1
10497 3 1
104973 3 1
104976 3 1
104979 2 1
104980 2 1
104989 2 1
104989 3 1
1050 2 2
1050 3 1
10500 2 2
105000 2 1
105000 3 1
105009 3 1
10501 3 1
105011 2 1
105012 3 1
105018 2 1
105025 3 1
105027 2 1
105027 3 2
105028 2 1
105029 2 2
105029 3 1
105030 3 1
105036 2 1
105037 2 1
105038 3 1
10504 3 1
105040 2 1
105040 3 1
105041 2 2
105041 3 1
105042 2 1
105043 3 1
105045 3 1
105048 2 1
105048 3 1
105053 2 1
105053 3 1
105054 3 2
105057 2 1
105057 3 1
105058 2 2
10506 3 1
105060 2 2
105061 2 1
105061 3 1
105062 2 1
105065 3 1
105066 2 1
105070 2 1
105070 3 1
105071 2 1
105077 2 2
105077 3 1
105078 2 2
105078 3 1
105079 2 1
105080 3 1
105085 2 1
105086 3 1
105099 2 1
1051 3 1
105100 3 1
105103 3 1
105105 3 1
105109 2 1
105115 2 1
105115 3 1
105119 3 1
10512 3 1
105120 2 1
105121 3 1
105124 3 1
105126 3 1
105128 2 2
105128 3 1
105129 2 1
10513 2 1
105130 2 1
105132 2 1
105133 3 2
105137 2 1
105137 3 1
10514 2 2
10514 3 1
105143 2 1
105149 2 1
105149 3 2
10515 2 1
105154 2 1
105154 3 2
105155 2 1
10516 2 1
10517 2 1
105181 3 1
105187 3 1
105189 3 1
105191 2 1
105191 3 1
105192 2 1
105193 2 2
105193 3 1
105194 2 1
105197 3 1
105199 3 1
105201 3 2
105202 3 1
105204 3 1
105208 2 1
105209 3 1
105211 2 1
105211 3 1
105213 3 1
10522 3 1
105224 3 1
105232 3 1
105234 2 1
105234 3 2
105235 2 1
105235 3 2
105236 2 2
105236 3 1
105237 2 1
10524 2 1
105246 3 1
10525 2 1
105251 3 1
105252 2 1
105259 2 1
105259 3 1
105260 2 1
105261 2 1
105262 2 2
105263 2 1
105263 3 1
105265 3 1
105267 2 1
105267 3 1
105271 2 1
105271 3 1
105273 3 1
105275 2 1
105275 3 1
105277 2 1
105278 2 1
105279 2 2
105279 3 1
105280 3 1
105285 2 1
105285 3 2
105286 3 1
105288 2 2
105288 3 1
105289 2 1
105289 3 1
105294 3 1
105297 3 1
105299 3 1
105300 2 1
105301 3 1
105303 3 1
105306 3 1
10531 3 1
105311 3 1
105317 2 1
105318 2 1
105319 3 2
10532 2 1
105321 2 1
105321 3 1
105323 2 1
105328 2 1
105329 2 2
105329 3 1
105330 3 1
105332 2 1
105332 3 1
105333 2 1
105337 2 1
105342 3 1
105351 2 1
105351 3 1
105352 2 1
105352 3 2
105353 2 1
105353 3 2
105354 2 1
105354 3 2
105355 2 2
105356 2 1
105356 3 1
105357 3 1
105359 2 1
105359 3 2
105363 3 1
105364 2 1
105365 3 1
105368 2 1
105368 3 2
105369 2 1
10537 2 1
105370 2 2
105371 3 1
105373 3 1
105375 2 1
105376 3 1
10538 2 1
105386 2 1
105389 3 1
10539 3 1
105390 2 1
105391 3 2
105395 3 1
105397 3 1
105398 2 1
105403 2 1
105403 3 1
105405 3 1
105407 2 1
105408 3 2
105410 2 1
105411 2 1
105414 3 1
105416 2 1
105416 3 2
105417 3 1
105419 2 1
105419 3 1
10542 3 1
105420 2 1
105421 2 2
105421 3 1
10543 2 1
105433 3 1
105435 3 1
105442 2 1
105442 3 1
105443 2 1
105443 3 2
105444 2 1
105444 3 2
105449 3 1
105451 2 2
105451 3 1
105452 2 1
105452 3 1
105453 2 1
105456 2 1
105457 2 1
10546 3 1
105463 2 1
105463 3 1
105464 2 1
105464 3 2
105467 2 2
105471 3 1
105474 3 1
105475 2 1
105476 2 1
105478 2 1
105479 3 1
10548 2 1
105483 2 1
105484 3 1
10549 2 1
1055 3 1
10550 2 1
105504 3 1
10551 3 1
105510 2 1
105521 3 1
105523 3 1
105525 3 1
105526 2 1
105526 3 2
105529 3 1
105531 2 1
105531 3 1
105534 2 1
105534 3 2
105535 2 1
105536 3 1
105539 3 1
105541 3 1
105543 2 1
105550 2 1
105551 3 1
105553 2 1
105553 3 1
105557 3 1
105560 2 1
105563 2 1
105564 2 1
105565 2 1
10557 2 1
105571 2 1
105574 2 1
10558 3 1
105580 2 1
105580 3 1
105581 3 2
105585 2 1
105585 3 1
105586 2 1
105587 2 1
105593 3 1
105595 2 1
105596 2 1
105597 3 2
105601 3 1
105603 2 1
105604 2 2
105604 3 1
105609 2 1
105610 2 2
105611 2 1
105611 3 1
105612 3 2
105618 2 1
105619 3 2
10562 2 1
105623 2 1
105623 3 1
105624 2 2
105625 2 1
105625 3 1
105629 3 1
10563 3 1
105632 2 1
105636 2 1
105637 2 1
105638 2 1
105639 3 1
105641 2 1
105649 2 1
105649 3 1
10565 3 1
105650 2 1
105651 2 2
105659 2 1
105659 3 2
105660 2 2
105661 2 1
105661 3 1
105662 3 2
105668 3 1
105669 2 1
10567 2 1
105670 2 1
105677 3 1
105678 2 1
105678 3 2
105679 2 1
105679 3 2
105680 2 2
105680 3 1
105681 2 1
105682 2 1
105683 2 1
105684 3 1
105686 2 2
105686 3 1
105687 2 1
105688 2 1
105689 3 1
10569 2 1
105691 2 1
105691 3 1
105692 2 1
105695 2 1
105697 2 1
105698 3 1
10570 2 1
105701 2 1
105702 2 2
105702 3 1
105703 3 1
105706 2 1
105706 3 2
105707 2 1
105719 3 1
105721 2 1
105721 3 1
105722 3 1
105725 3 1
105727 3 1
105729 3 1
10573 2 1
105730 2 1
105731 2 1
105732 2 2
105732 3 1
105733 3 1
105735 3 1
105738 2 1
105738 3 1
105739 3 1
10574 2 1
105742 3 1
105743 2 1
105744 2 2
105745 2 1
105745 3 1
105749 3 1
10575 3 1
105751 2 1
105763 3 1
105765 3 1
105767 2 1
105767 3 1
105769 2 1
10577 2 1
105770 3 1
105772 2 1
105773 2 1
105774 3 1
105779 2 1
105779 3 2
10578 2 2
105780 2 2
105780 3 1
105781 2 1
10579 2 1
10579 3 1
105790 2 1
105790 3 1
105791 2 1
105792 2 2
105792 3 1
105793 2 1
105797 2 1
1058 3 1
105800 2 1
105803 2 1
105803 3 1
105813 3 1
10584 3 1
105846 3 1
105850 2 1
105850 3 1
105853 2 1
105854 2 2
105854 3 1
105855 2 1
105856 3 1
105858 2 1
105858 3 1
105859 3 2
105861 3 1
105863 2 1
105863 3 1
105864 3 1
105866 2 1
105866 3 2
105867 3 1
105869 2 2
105869 3 1
10587 2 1
105870 2 1
105870 3 1
105874 3 1
105880 2 2
105880 3 1
105881 2 1
105882 2 1
105883 3 2
105885 2 1
105885 3 1
105886 2 1
105893 3 1
105901 3 1
105910 2 1
105911 2 1
105912 2 1
105913 3 1
105915 3 1
105922 2 1
105922 3 1
105923 3 2
105927 2 1
105927 3 1
105928 3 1
105931 2 1
105932 3 1
105934 2 1
105941 2 1
105941 3 2
105942 2 1
105946 2 1
105947 3 1
105949 2 1
105949 3 1
10595 2 1
105950 2 1
105951 2 1
105952 2 2
105952 3 1
105953 3 1
105957 2 1
105958 2 2
105958 3 1
10596 2 2
10596 3 1
105960 2 1
105962 3 1
105964 2 1
105964 3 1
105965 3 1
105969 3 1
105975 3 1
105976 2 1
105977 3 1
105979 3 1
105982 3 1
105983 2 1
105984 2 1
105985 2 1
105987 2 1
105988 2 1
105989 3 1
105991 2 1
105992 2 1
105993 2 1
105995 3 1
105997 2 1
1060 2 1
106001 3 1
106002 2 1
106003 3 1
106007 2 1
106009 2 1
10602 3 1
106029 2 1
106030 3 1
106032 2 1
106035 2 1
106035 3 1
106036 3 1
106045 2 2
106045 3 1
106046 3 1
106049 3 1
106051 2 2
106051 3 1
106052 3 1
106055 2 1
106056 2 1
106059 3 1
106062 2 1
106063 2 2
106064 2 1
106064 3 1
106065 3 2
106067 2 1
106067 3 1
106068 2 2
106069 3 1
106071 2 1
106071 3 1
106077 2 1
106078 2 2
106078 3 1
106079 2 1
10608 2 1
106080 3 1
106083 3 1
106088 3 1
10609 3 1
106091 2 1
106092 2 1
106096 2 1
1061 2 2
106100 2 1
106100 3 2
106101 3 1
106104 2 1
106105 2 1
106106 3 1
106108 2 1
106108 3 1
106109 2 1
10611 2 1
106114 2 1
106114 3 1
106115 2 1
106116 3 1
106118 2 1
106118 3 1
106119 2 1
106119 3 2
10612 2 2
10612 3 1
106122 3 1
106124 3 1
106126 3 1
10613 2 1
106132 2 1
106132 3 1
106135 2 1
106135 3 1
106136 2 1
106138 3 1
106139 2 1
106140 3 1
106142 2 1
106142 3 1
10615 3 1
106156 3 1
106172 2 1
106176 3 1
106179 2 1
106179 3 1
106184 3 1
106186 3 1
106188 2 1
106189 2 1
10619 2 1
10619 3 1
106193 2 2
106193 3 1
106194 2 1
106195 2 1
106199 2 1
1062 2 1
1062 3 1
106200 3 2
106202 2 1
106202 3 1
106206 3 1
106208 3 1
10621 3 1
106210 3 1
106213 2 1
106213 3 1
106220 2 1
106220 3 1
106222 2 1
106223 3 2
106225 2 1
106225 3 1
10623 2 1
10623 3 1
106231 3 1
106235 3 1
106236 2 1
106237 2 1
106237 3 2
106238 2 1
106238 3 2
106239 3 1
10624 2 1
10625 2 1
106254 2 1
106255 2 1
106257 2 2
106258 3 1
10626 2 1
106262 2 1
106263 3 1
106266 3 1
106267 2 1
106268 2 1
106269 2 1
10627 2 1
106270 2 1
106271 3 1
106278 2 1
10628 2 1
106282 2 1
106288 2 1
10629 2 1
106290 3 1
106292 3 1
106294 2 2
106294 3 1
106295 2 1
106296 2 1
106297 3 1
106299 2 1
106299 3 2
10630 2 1
10630 3 2
106300 2 1
106301 2 1
106303 3 1
106305 3 1
106307 2 1
106307 3 2
106308 2 2
106308 3 1
106309 2 1
10631 3 1
106310 2 1
106319 3 1
106325 2 1
106327 3 1
106329 2 1
106329 3 1
106333 2 1
106333 3 2
106334 3 1
106341 2 1
106341 3 1
106342 2 1
106342 3 2
106343 2 1
106343 3 2
106348 2 1
106351 2 1
106354 2 1
106355 2 1
106359 2 2
106360 2 1
106361 3 1
106365 2 2
106365 3 1
106366 2 1
106366 3 2
106367 3 2
106375 2 2
106375 3 1
106376 3 1
106379 2 1
106379 3 2
10638 2 1
106380 2 1
106380 3 2
106381 2 2
106382 3 1
106389 2 1
10639 3 1
106390 3 1
106394 2 1
106394 3 2
106395 2 1
106396 2 2
106396 3 1
106397 3 1
1064 3 1
106400 3 1
106403 2 1
106403 3 1
106406 3 1
106408 3 1
106410 3 1
106413 2 1
106413 3 2
106415 2 1
106416 2 1
106417 2 2
106417 3 1
106418 2 1
106421 3 1
106424 2 1
106424 3 1
106426 3 1
106429 2 1
106429 3 1
10643 2 2
10643 3 1
106430 2 1
10644 2 1
10644 3 1
106441 2 1
106441 3 1
106442 2 1
106446 2 1
106447 2 2
106447 3 1
106448 2 1
106449 3 1
10645 3 1
106452 2 1
106461 2 1
106465 3 1
106468 3 1
10647 2 1
10647 3 2
106470 2 2
106470 3 1
106471 2 1
106471 3 1
106474 2 1
106474 3 1
10648 2 1
106481 3 2
106482 3 1
106486 2 1
106488 3 1
10649 2 2
10649 3 1
106490 2 1
106490 3 1
106495 2 1
106496 3 1
106501 3 1
10651 2 1
106512 2 1
106512 3 1
106516 3 1
106520 3 1
106521 2 1
106522 2 1
106526 3 1
106527 2 1
106528 3 1
106530 2 1
106530 3 1
106536 3 1
106538 3 1
106540 2 1
106540 3 2
106541 2 1
106545 2 1
106546 2 1
106546 3 2
106547 2 1
106547 3 2
106548 3 1
10655 3 1
106550 3 1
106553 2 1
106553 3 1
106554 2 1
106554 3 2
106555 2 2
106559 2 1
106560 2 2
106560 3 1
106561 2 1
106562 3 1
106565 3 1
106567 2 1
106567 3 1
106568 2 1
106568 3 2
106569 2 2
106570 2 1
106570 3 1
106577 2 1
106577 3 1
106579 3 1
106581 2 1
106581 3 1
106583 3 2
106584 3 1
106586 2 1
106587 2 2
106588 3 1
10659 2 1
106593 3 1
106595 2 1
106595 3 1
1066 2 1
10660 2 1
106601 3 1
106605 2 1
106606 2 1
106608 3 1
10661 2 1
106610 2 1
106610 3 1
106611 3 1
10662 2 1
106620 2 1
106623 2 1
106628 2 1
106629 3 1
106633 2 1
106634 2 1
106635 2 2
106636 2 1
106636 3 1
106637 2 1
106637 3 2
106638 3 2
10664 3 1
106641 3 1
106642 2 1
106642 3 2
106643 2 1
106644 2 1
106645 2 2
106645 3 1
106649 3 1
106658 2 1
106659 2 2
106660 3 1
106662 2 1
106663 2 1
106664 3 2
106666 2 1
106666 3 1
106667 2 1
106667 3 2
106669 3 1
106671 2 1
106672 2 1
106672 3 2
106673 3 1
106675 3 1
106678 3 1
10668 2 1
10668 3 1
106682 3 1
106684 3 1
10669 2 1
10669 3 2
106691 3 1
106695 2 1
106696 2 1
1067 2 2
1067 3 1
106705 2 1
106708 2 1
106708 3 1
106709 2 1
10671 2 1
106710 3 1
106712 2 1
106713 2 1
106714 2 1
106715 3 1
106720 2 2
106720 3 1
106721 2 1
106721 3 1
106722 2 1
106723 2 1
106724 3 1
106726 2 1
106726 3 2
106727 2 2
106728 2 1
106728 3 1
106729 3 2
106730 3 2
106731 3 1
106735 2 1
106738 2 1
106738 3 2
106739 2 2
106739 3 1
106740 2 1
106741 2 1
106742 2 1
106743 3 1
106747 3 1
106751 2 1
106752 2 1
106756 3 1
106758 2 1
106758 3 1
106759 3 2
106762 2 1
106762 3 1
106763 2 1
106764 3 1
106766 3 1
106767 3 2
106768 2 1
106769 3 1
106771 3 1
106777 3 1
106780 2 1
106781 3 1
106784 2 2
106785 2 1
106785 3 1
106791 3 1
106793 2 1
106793 3 1
106794 2 2
106794 3 1
106795 2 1
106796 3 1
106798 2 1
106799 2 2
106799 3 1
1068 3 1
106800 2 1
106801 3 2
106803 2 1
106803 3 1
106806 2 1
106806 3 1
106807 2 1
106811 2 1
106811 3 1
106812 2 2
106813 2 1
106813 3 1
106814 2 1
106815 3 1
106817 2 1
106831 3 1
106835 2 1
106835 3 1
106839 3 1
106849 2 1
106849 3 1
106850 3 2
106854 2 1
106854 3 1
106859 2 1
106860 2 2
106861 3 1
106864 2 2
106865 2 1
106865 3 1
106869 2 1
106870 3 1
106874 3 1
106876 2 1
106876 3 1
106877 2 1
106877 3 2
106881 2 1
106882 2 2
106882 3 1
106883 2 1
106884 3 1
106893 2 1
106894 2 1
106897 2 1
106898 3 1
10690 3 1
106907 3 1
106910 2 1
106913 2 1
106913 3 1
106914 2 2
106915 2 1
106915 3 1
106917 2 1
106921 2 1
106921 3 1
106922 2 1
106923 2 2
106924 2 1
106924 3 1
106925 3 2
106928 2 1
106928 3 1
106929 2 1
106929 3 2
106930 2 1
106930 3 2
106935 3 1
106938 3 1
106940 2 2
106940 3 1
106941 2 1
106942 3 1
106945 3 1
106946 2 1
106947 2 1
106948 3 1
106951 3 1
106958 2 2
106959 2 1
106960 2 1
106960 3 2
106961 2 1
106961 3 2
106962 3 1
106966 2 1
106966 3 2
106967 2 1
106968 2 1
106969 3 1
106971 2 1
106972 3 1
106975 2 1
106975 3 2
106977 3 1
106982 2 1
106983 2 1
106983 3 2
106984 3 1
106986 2 1
106986 3 1
106988 3 1
106990 2 1
106990 3 2
106992 3 1
106994 2 1
106994 3 1
106995 2 2
106995 3 1
106996 2 1
106997 3 1
106999 2 1
107000 3 1
107002 2 1
107002 3 1
107003 2 2
107004 2 1
107004 3 1
107005 3 2
107008 3 1
107011 2 1
107011 3 1
107012 3 2
107014 2 1
107019 2 1
107020 2 2
107020 3 1
107021 2 1
107022 2 1
107023 2 1
107024 3 1
107027 3 1
107029 3 1
107031 3 1
107032 2 1
107033 3 1
107038 3 1
107040 2 1
107041 3 1
107045 3 1
107047 2 1
107047 3 1
107048 2 1
107048 3 2
107049 2 1
10705 3 1
107050 2 2
107051 3 1
107054 2 2
107054 3 1
107055 2 1
107055 3 1
107056 3 1
107058 2 1
107058 3 2
107059 2 1
107060 2 1
107063 3 1
107065 3 1
107067 2 1
107067 3 1
107068 2 1
107069 3 2
107073 2 2
107073 3 1
107074 2 1
107074 3 1
107075 3 1
107077 2 1
107078 3 1
107083 3 1
107084 2 1
107085 2 2
107085 3 1
107086 3 1
107088 2 1
107088 3 2
107089 2 1
107089 3 2
107090 2 1
107091 2 2
107091 3 1
107092 3 1
107094 3 1
107096 2 1
107097 3 1
107099 2 1
107099 3 2
107100 2 1
107107 2 1
107108 2 2
107108 3 1
107112 2 1
107114 2 1
107121 2 1
107122 2 2
107122 3 1
107123 2 2
107123 3 1
107124 3 1
107126 3 1
107129 3 1
107131 2 1
107131 3 1
107136 3 1
107139 2 1
107139 3 1
107140 2 1
107140 3 2
107143 3 1
107145 3 1
107159 3 1
107161 2 1
107162 2 1
107163 3 1
107165 3 1
107167 3 1
107168 2 1
107169 2 2
107170 2 1
107170 3 1
107176 2 1
107176 3 2
107177 3 1
107179 2 1
107180 2 1
107181 3 1
107183 2 1
107183 3 1
107184 2 2
107185 3 1
107187 2 1
107189 3 1
107191 2 1
107193 3 1
107194 2 1
107195 3 2
107201 2 1
107203 2 1
107206 2 1
107207 3 1
107209 2 1
107209 3 1
107214 3 1
107220 2 1
107228 2 2
107228 3 1
107229 2 1
107229 3 1
107235 3 1
107238 2 1
107240 3 1
107243 3 1
107245 3 1
107251 3 1
107254 2 1
107255 2 1
107256 2 1
107257 2 2
107257 3 1
107258 2 1
107259 2 1
107260 3 1
107263 3 1
107264 2 1
107267 2 1
107267 3 1
107268 2 2
107269 2 1
107269 3 1
107270 3 2
107272 2 1
107273 3 1
107275 3 1
107278 2 1
107279 3 1
107281 2 1
107283 2 1
107286 2 1
107288 3 1
107290 2 1
107290 3 1
107291 2 1
107291 3 2
107294 2 1
107294 3 1
107295 2 1
107296 3 1
107299 2 1
1073 2 1
107300 3 1
107302 2 2
107302 3 1
107303 2 1
107303 3 1
107304 2 1
107305 3 1
107308 2 1
107313 2 1
107314 2 2
107315 2 1
107315 3 1
107316 3 2
107318 2 1
107319 2 1
107320 3 1
107322 2 1
107322 3 2
107323 2 1
107323 3 2
107324 2 2
107325 3 1
107327 3 1
107331 2 1
107334 2 1
107334 3 2
107335 2 1
107335 3 2
107336 2 1
107337 2 2
107337 3 1
107338 2 1
107339 3 1
107341 2 1
107342 2 1
107343 3 1
107345 3 1
107346 3 2
107354 3 1
107357 3 1
107360 3 1
107363 2 1
107364 3 1
107367 2 1
107367 3 1
107368 3 2
107371 2 1
107372 3 1
107375 2 1
107375 3 2
107376 2 2
107376 3 1
107377 2 1
107378 3 1
107381 2 1
107382 3 1
107384 2 2
107384 3 1
107385 2 2
107385 3 1
107386 2 1
107387 2 1
107388 3 1
107392 2 1
107392 3 1
107396 3 1
107399 2 1
107399 3 1
107400 2 1
107401 3 1
107403 2 2
107403 3 1
107404 2 2
107404 3 1
107405 2 1
107406 3 1
107408 2 1
107409 2 1
107410 3 1
107413 3 1
107415 2 1
107416 2 2
107417 2 1
107417 3 1
107418 2 1
107419 3 1
107421 2 1
107422 2 2
107423 2 1
107423 3 1
107424 3 2
107427 2 2
107427 3 1
107428 2 1
107428 3 1
107429 3 1
107432 2 1
107432 3 1
107435 2 1
107436 3 1
107438 2 1
107447 2 2
107447 3 1
107448 3 1
107449 2 1
107450 3 1
107452 2 1
107452 3 2
107453 2 2
107454 3 1
107456 3 1
107458 2 1
107458 3 1
107459 3 2
107463 2 1
107464 3 1
107466 2 1
107466 3 2
107467 2 1
107467 3 2
107468 2 2
107468 3 1
107469 2 1
107470 3 1
107472 2 1
107472 3 1
107473 3 2
107475 3 1
107482 2 1
107483 2 1
107484 2 1
107485 2 1
107489 3 1
107494 3 1
107497 3 1
107506 2 1
107515 2 1
107515 3 2
107517 3 1
107519 2 1
107520 3 1
107523 3 1
107525 2 1
107525 3 1
107526 2 1
107526 3 2
107527 2 1
107541 3 1
107542 2 1
107544 2 2
107545 2 1
107545 3 1
107547 3 1
107556 2 1
107556 3 1
107557 2 1
107557 3 2
107558 2 2
107559 3 1
10756 3 1
107562 3 1
107564 2 1
107565 2 2
107566 2 1
107566 3 1
107568 3 1
107570 2 1
107571 3 1
107573 3 1
107575 2 1
107576 2 1
107577 2 1
107578 3 1
10758 2 1
10758 3 1
107581 2 1
107582 2 1
107583 3 1
107587 3 1
107590 2 2
107590 3 1
107591 2 1
107591 3 1
107592 2 1
107597 3 1
107599 2 1
107599 3 2
107600 2 1
107600 3 2
107601 3 1
107603 3 1
107605 2 1
107605 3 2
107606 3 1
107609 2 1
107610 3 1
107614 3 1
107616 3 1
107618 2 1
107618 3 2
107619 2 2
107619 3 1
10762 2 1
10762 3 1
107620 2 1
107621 3 1
107624 3 1
107626 3 1
10763 2 2
107630 2 1
107630 3 2
107631 2 2
107631 3 1
107632 2 1
107635 2 2
107635 3 1
107636 2 1
107636 3 1
107638 3 1
10764 2 1
10764 3 1
107640 3 1
107643 3 1
107645 2 1
107645 3 2
107646 2 1
107646 3 2
107647 3 1
10765 3 2
107650 2 2
107650 3 1
107651 2 1
107651 3 1
107652 2 1
107653 3 1
107655 2 1
107655 3 2
107656 2 2
107656 3 1
107657 2 1
107658 2 1
107659 2 1
107661 3 1
107663 2 1
107663 3 1
107664 2 1
107665 3 1
107667 3 1
107669 2 1
10767 2 1
10767 3 1
107670 3 1
107673 2 1
107673 3 2
107674 2 2
107674 3 1
107675 2 1
107676 3 1
10768 2 1
10768 3 2
107680 2 1
107680 3 2
107681 2 1
107681 3 2
107682 2 1
107682 3 2
107683 2 2
107683 3 1
107684 2 1
107685 3 1
107687 3 1
107689 3 1
10769 2 1
107690 3 2
107691 2 1
107691 3 2
107692 3 1
107694 2 1
107695 3 1
107697 2 1
107697 3 2
107698 2 1
107698 3 2
107699 3 1
1077 3 1
107702 2 2
107702 3 1
107703 2 1
107703 3 1
107704 2 1
107705 2 1
107708 3 1
107712 3 1
107714 2 2
107714 3 1
107715 3 1
107718 3 1
10772 3 1
107722 3 1
107725 3 1
107726 3 2
107727 2 1
107727 3 2
107728 2 1
107728 3 2
107729 3 2
107731 3 1
107733 2 2
107733 3 1
107734 3 1
107736 2 1
107737 3 1
107740 2 1
107740 3 2
107741 2 1
107741 3 2
107742 2 2
107742 3 1
107743 2 1
107744 3 1
107747 3 1
107749 3 1
107753 2 1
107753 3 2
107754 2 1
107754 3 2
107755 3 1
107757 2 2
107757 3 1
107758 2 2
107758 3 1
107759 2 1
107760 3 1
107765 2 2
107765 3 1
107766 2 1
107767 3 1
107772 2 1
107772 3 2
107773 2 1
107773 3 2
107774 3 1
107777 2 2
107777 3 1
107778 3 1
107780 2 1
107781 2 1
107782 3 1
107792 3 1
107794 2 2
107794 3 1
107795 2 1
107795 3 1
107796 2 1
107797 2 1
10780 2 1
10780 3 1
107800 3 1
107802 2 1
107802 3 2
107803 2 1
107803 3 2
107804 2 2
107804 3 1
107805 2 1
107806 3 1
10781 2 2
107819 2 1
107819 3 2
10782 3 1
107820 3 1
107823 3 1
107824 3 2
107825 2 1
107825 3 2
107826 2 2
107826 3 1
107827 2 1
107828 3 1
107830 3 1
107832 3 1
107834 3 1
107836 3 1
107840 2 1
107840 3 1
107843 2 1
107844 2 1
107845 3 1
107847 2 1
107847 3 2
107848 3 1
10785 3 1
107850 3 1
107853 2 1
107853 3 2
107854 2 2
107854 3 1
107855 2 1
107856 3 1
107861 2 1
107861 3 2
107862 3 1
107867 3 1
107873 3 1
107874 2 1
107877 2 1
107878 3 1
107883 2 1
107883 3 2
107884 3 1
107886 2 1
107887 3 1
107889 2 1
107889 3 2
107890 3 1
107892 2 1
107894 3 1
107896 3 1
107898 3 1
1079 2 1
107901 2 1
107901 3 2
107902 2 2
107902 3 1
107903 2 1
107904 3 1
107908 3 1
107913 2 1
107914 2 1
107915 2 1
107916 2 1
10792 2 1
107920 2 1
107927 2 1
107928 2 1
107929 2 1
10793 3 1
107930 2 1
107933 2 1
107934 2 1
107935 2 1
107940 2 1
107941 2 1
107942 2 1
107943 2 1
107946 2 1
107947 2 1
107948 2 1
10795 2 1
10795 3 1
107951 2 1
107952 2 1
107953 2 1
107956 2 1
107957 2 1
107958 2 1
107959 2 1
107960 2 1
107965 2 1
107968 2 1
107969 2 1
107973 2 1
107974 2 1
107975 2 1
107976 2 1
10798 2 1
107980 2 1
107983 2 1
107984 2 1
107985 2 1
107991 2 1
107992 2 1
107995 2 1
107996 2 1
1080 3 1
108000 2 1
108001 2 1
108002 2 1
108003 2 1
108006 2 1
108007 2 1
108010 2 1
108011 2 1
108012 2 1
108015 2 1
108016 2 1
108019 2 1
108020 2 1
108021 2 1
108025 2 1
108026 2 1
108027 2 1
108028 2 1
108032 2 1
108038 2 1
108039 2 1
108040 2 1
108041 2 1
108044 2 1
108048 2 1
108049 2 1
108050 2 1
108051 2 1
108055 2 1
108056 2 1
108057 2 1
108058 2 1
108059 2 1
108060 2 1
108063 2 1
108067 2 1
108068 2 1
108069 2 1
108070 2 1
108071 2 1
108074 2 1
108075 2 1
108076 2 1
108079 2 1
108080 2 1
108081 2 1
108082 2 1
108083 2 1
108084 2 1
108087 2 1
10809 2 1
108090 2 1
108091 2 1
108094 2 1
108097 2 1
108098 2 1
108099 2 1
10810 2 1
10810 3 2
108102 2 1
108103 2 1
108107 2 1
10811 3 1
108112 2 1
108113 2 1
108116 2 1
108117 2 1
108121 2 1
108124 2 1
108130 2 1
108131 2 1
108132 2 1
108133 2 1
108136 2 1
108137 2 1
108142 2 1
108143 2 1
108144 2 1
108145 2 1
108146 2 1
108147 2 1
108148 2 1
108149 2 1
108153 2 1
108154 2 1
108155 2 1
108158 2 1
108159 2 1
108162 2 1
108163 2 1
108166 2 1
108167 2 1
108168 2 1
108169 2 1
108175 2 1
108176 2 1
108177 2 1
10818 3 1
108180 2 1
108181 2 1
108182 2 1
108183 2 1
108186 2 1
108187 2 1
108188 2 1
108190 2 1
108191 2 1
108197 2 1
10820 2 1
10820 3 1
108201 2 1
108202 2 1
108208 2 1
108209 2 1
108210 2 1
108212 2 1
108213 2 1
108217 2 1
108218 2 1
108219 2 1
108224 2 1
108225 2 1
108228 2 1
108229 2 1
108230 2 1
108231 2 1
108234 2 1
108235 2 1
108236 2 1
108237 2 1
10824 3 1
10825 2 1
10825 3 2
10826 2 2
10826 3 1
10827 2 1
10830 2 1
10834 3 1
10836 2 1
10836 3 2
10837 3 1
10840 2 1
10840 3 1
10844 3 1
10848 3 1
10851 2 1
10860 2 1
10860 3 1
10865 2 1
10865 3 1
10867 3 1
10869 2 2
10869 3 1
10870 2 1
10870 3 1
10871 2 1
10876 2 1
10878 3 1
10881 2 1
10881 3 2
10882 2 1
10884 3 1
10885 2 1
10886 3 1
10888 3 1
10893 3 1
10895 3 1
10905 3 1
10912 2 1
10913 2 2
10913 3 1
10915 2 1
10917 3 1
10920 2 1
10920 3 1
10922 2 1
10926 2 1
1093 3 1
10932 2 1
10939 3 1
10942 3 1
10945 2 1
10946 3 1
10948 2 1
10948 3 1
1095 2 1
1095 3 2
1096 3 1
10960 2 1
10960 3 1
10961 2 2
10962 2 1
10962 3 1
10963 3 2
10966 2 1
10967 3 1
10969 3 1
10973 2 2
10973 3 1
10974 2 2
10974 3 1
10975 2 1
10976 2 1
10977 3 1
10979 2 1
1098 3 1
10981 3 1
10983 2 1
10983 3 1
10984 2 2
10984 3 1
10985 2 1
10989 3 1
10995 2 1
10996 3 1
10998 2 1
1100 3 1
11005 3 1
11007 3 1
1102 2 2
1102 3 1
1103 3 1
11032 2 1
11033 3 1
1107 3 1
11084 2 1
11091 2 1
11094 2 1
11095 2 1
11096 2 2
11096 3 1
11097 2 1
11098 3 1
11112 2 1
11113 2 1
11114 2 2
11114 3 1
11115 2 1
1112 3 1
11123 2 1
11123 3 2
11124 2 1
11125 2 2
11131 3 1
1114 2 1
11140 2 1
11143 2 1
11143 3 1
11147 2 1
11163 2 1
11163 3 1
11164 2 2
11165 2 1
11165 3 1
11166 2 1
11172 3 1
11174 3 1
11176 2 1
11176 3 1
11177 2 2
11177 3 1
11178 2 1
11181 3 1
11183 2 1
11183 3 1
11184 3 1
11188 2 1
11189 2 1
1119 3 1
11192 2 1
11192 3 1
11193 2 1
11194 2 2
11194 3 1
11195 3 1
11197 3 1
11199 2 1
1120 2 1
11200 3 2
11209 2 1
1121 3 1
11210 2 1
11211 3 1
11214 3 1
11216 2 1
11221 2 1
11221 3 1
11222 2 1
11222 3 2
11223 2 2
11224 2 1
11224 3 1
11227 2 1
11227 3 1
11229 3 1
1123 2 1
1123 3 1
11236 2 1
11237 2 1
11238 2 1
1124 2 1
11241 3 1
11243 2 1
11243 3 2
11245 3 1
11247 2 1
1125 3 2
11254 2 1
11255 3 1
11269 2 2
11269 3 1
11270 2 1
11270 3 1
11271 2 1
11272 3 2
11276 2 2
11276 3 1
11277 2 1
11277 3 1
1128 3 1
11281 3 1
11282 3 2
11283 2 1
11286 2 1
11287 2 1
11288 2 1
11289 2 2
11289 3 1
1129 2 1
11290 3 1
11292 2 1
11293 2 1
11295 3 1
11298 2 1
11301 2 1
11301 3 1
11302 2 2
11302 3 1
11303 2 1
11304 3 2
11307 3 1
11313 2 2
11314 3 1
11316 3 1
11318 2 1
1132 3 1
11322 2 1
11322 3 1
11336 2 1
1134 2 1
11361 3 1
11363 2 1
1137 3 1
11372 2 1
11415 3 1
11416 2 1
11421 3 1
11426 3 1
11428 3 1
1144 2 1
1144 3 1
11444 3 1
11446 3 1
11448 2 2
11448 3 1
11449 3 1
1145 2 1
1145 3 2
11452 2 1
11452 3 1
11453 3 1
11458 2 1
11459 3 1
1146 2 1
1146 3 2
11461 2 2
11461 3 1
11462 3 1
11467 3 1
1147 2 1
1147 3 2
11472 2 1
11472 3 1
11479 2 1
11479 3 1
1148 3 1
11490 2 1
11490 3 1
11491 2 1
11492 2 2
11492 3 1
11493 3 1
11495 3 1
11498 2 1
11498 3 1
11499 2 1
11501 2 2
11501 3 1
11502 3 1
11504 2 1
11505 2 1
11506 2 2
11507 3 1
11509 3 1
11510 2 1
11513 2 2
11513 3 1
11514 3 1
11518 3 1
11521 2 1
11521 3 1
11524 2 1
11527 2 1
11527 3 2
11528 3 1
11530 2 1
11530 3 1
11531 2 1
11531 3 2
11532 2 1
11532 3 2
11533 3 1
11535 2 1
11535 3 1
11536 2 1
11541 2 1
11542 3 1
11544 2 1
11545 3 1
11551 2 1
11552 3 1
11554 3 1
11557 3 1
11559 2 1
11559 3 2
1156 3 1
11560 3 1
11572 2 1
11573 3 1
11575 2 1
11576 3 1
11578 3 1
11580 2 1
11581 3 1
11585 3 1
11592 2 1
11592 3 1
11595 3 1
11599 2 1
11600 3 2
11602 2 1
11602 3 1
11603 2 1
11604 3 1
11606 2 1
1161 3 1
11611 2 1
11612 3 1
11614 3 1
11616 3 1
11619 2 1
11619 3 2
1162 2 1
1163 3 1
11630 2 1
11630 3 1
11631 2 2
11632 3 1
11634 2 1
11634 3 1
11635 3 1
11637 3 1
11640 2 1
11640 3 1
11646 2 1
11647 3 2
11648 3 1
11660 3 1
11661 2 1
11662 2 1
11663 3 1
11684 2 1
1169 2 1
11691 2 1
1171 2 1
1174 2 1
1174 3 1
11744 2 1
11744 3 1
1175 3 2
11750 2 1
11751 2 2
11752 2 1
11752 3 1
11753 2 1
11754 3 1
1177 3 1
11778 2 2
11778 3 1
11779 3 1
11782 2 2
11782 3 1
11783 3 1
11785 2 1
11785 3 1
1179 3 1
11791 2 1
11795 3 1
11796 2 1
11796 3 2
11800 2 2
11801 2 1
11801 3 1
11804 2 1
11804 3 1
11812 3 1
11814 3 1
11818 2 1
11818 3 1
11819 2 1
11819 3 2
11822 2 2
11822 3 1
11823 3 1
11825 3 1
11827 2 1
11827 3 1
1183 3 1
11831 2 1
11831 3 2
11837 2 1
11843 2 2
11843 3 1
11844 2 2
11844 3 1
11845 2 1
11845 3 1
11847 2 1
11848 3 2
1185 3 1
11850 2 1
11850 3 1
11856 2 1
11856 3 1
11857 2 1
11860 2 1
11862 3 1
11865 3 1
11869 2 1
11869 3 2
11870 3 1
11872 3 1
11875 2 1
11876 2 1
11878 3 1
1188 2 1
11882 3 1
11885 2 1
11886 2 1
11887 2 2
11888 2 1
11888 3 1
1189 2 1
1189 3 2
11894 2 1
11894 3 1
11896 3 1
11898 2 1
11898 3 1
1190 3 1
11900 2 1
11902 2 2
11902 3 1
11903 2 1
11904 3 1
11906 2 1
11906 3 2
11907 2 2
11907 3 1
11908 2 1
11913 2 1
11913 3 1
11916 2 1
11917 2 1
11925 3 1
11930 2 1
11930 3 1
11934 3 1
11942 2 1
11946 2 2
11946 3 1
11947 2 1
11947 3 1
11948 2 1
11949 3 1
11954 2 1
11954 3 1
11959 2 1
1196 2 1
1196 3 1
11963 2 1
11964 2 2
11965 3 1
11967 3 1
1197 3 1
11974 3 1
11977 2 1
11977 3 1
11981 2 1
11981 3 1
11989 2 1
1199 3 1
11993 3 1
11995 3 1
11996 2 1
11997 3 1
12002 3 1
1201 3 1
12013 3 1
12023 2 1
12024 2 1
1205 2 1
1206 2 1
1207 2 2
12071 3 1
12073 2 1
12073 3 1
12076 2 1
12076 3 1
12078 3 1
12079 3 2
1208 2 1
1208 3 1
12080 3 1
12082 3 1
12084 2 1
1209 3 1
12102 2 1
12102 3 1
12108 2 2
12108 3 1
12109 3 1
12112 2 2
12112 3 1
12113 2 1
12117 3 1
12119 2 1
12120 3 1
12123 2 1
12123 3 1
12124 2 2
12124 3 1
12125 2 1
12126 3 1
12129 3 1
12130 2 1
12131 3 2
12134 3 1
12139 2 1
12140 3 1
12142 3 1
12144 2 1
12144 3 2
12146 3 1
12148 2 1
12149 3 1
12151 2 1
12151 3 1
12152 2 2
12152 3 2
12153 3 1
12155 2 1
12159 2 1
12159 3 1
12160 2 1
12161 3 1
12165 2 1
12165 3 1
12166 3 1
12168 3 1
12169 2 1
12173 2 2
12174 2 1
12178 2 1
12178 3 1
12185 2 1
12185 3 1
12186 3 2
12191 3 1
12193 3 1
12195 3 1
12197 3 1
12198 2 1
12199 2 1
12200 3 2
12203 2 1
12204 3 1
12208 3 1
1221 3 1
12211 2 1
12211 3 1
12221 2 1
12222 2 1
12223 2 2
12223 3 1
12224 3 1
12226 3 1
1223 3 1
12232 3 1
12239 3 1
12241 3 1
1225 2 1
12254 2 1
12254 3 1
12257 2 1
12257 3 1
12258 2 1
12258 3 2
1226 2 1
12264 3 1
12266 2 1
12266 3 1
12267 2 1
12267 3 2
12268 2 1
12269 2 1
1227 2 2
1227 3 1
12270 2 1
12271 3 1
12276 2 1
12277 3 2
12279 2 1
1228 2 1
12280 3 1
12287 3 1
12289 3 1
1229 3 1
12291 2 1
12291 3 1
12293 3 1
12295 2 1
12296 2 1
12299 2 1
12299 3 1
12301 3 1
12304 2 1
12305 2 1
1231 3 1
12310 2 1
12310 3 1
12323 2 1
1233 2 1
12332 2 1
12343 2 1
12344 2 1
12345 3 1
1237 3 1
12403 3 1
12406 3 1
12418 3 1
12420 3 1
12422 3 1
12428 3 1
12438 2 1
12438 3 2
1244 2 1
12441 2 1
12441 3 1
12444 3 1
12445 2 1
12445 3 2
12446 2 1
1245 3 1
12450 3 1
12452 2 1
12452 3 1
12453 2 2
12454 3 1
12456 3 1
12458 2 1
12458 3 1
12461 2 1
12461 3 1
12462 3 1
12464 2 1
12465 2 1
12473 2 1
12474 3 1
12476 2 1
12476 3 2
12477 3 1
12479 3 1
1248 2 1
1248 3 2
12481 2 1
12482 2 1
12486 3 1
12487 2 1
12488 2 1
12489 3 2
1249 2 2
1249 3 1
12492 2 1
12493 3 1
12495 2 2
12495 3 1
12496 2 1
12497 2 1
1250 2 1
12500 3 1
12503 3 1
12507 2 1
12507 3 1
12508 2 2
12509 3 1
1251 2 1
12510 2 1
12511 2 1
12512 2 1
12513 3 1
12515 2 1
12515 3 2
12516 2 1
12517 2 1
12518 3 1
1252 2 1
1252 3 2
12520 2 1
12520 3 1
12523 3 1
12525 3 1
12527 3 1
1253 3 1
12530 2 1
12530 3 1
12533 2 2
12533 3 1
12534 2 1
12537 2 1
12541 3 1
12544 3 1
12545 2 1
12546 2 1
12547 2 1
12551 3 1
12553 2 1
12553 3 2
12554 2 2
12555 2 1
12555 3 1
12556 3 2
1256 2 1
12560 2 1
12561 2 1
12562 3 2
12564 3 1
12567 2 1
12568 2 2
12568 3 1
12569 3 1
1257 3 1
12571 2 1
12572 2 1
12578 3 1
12587 2 1
12589 3 1
1259 3 1
12594 2 1
12595 2 2
12595 3 1
12596 2 1
12597 3 1
1260 3 2
12601 3 1
12607 2 1
12607 3 1
12608 3 1
12610 3 1
12613 2 1
12613 3 1
12615 3 1
12617 3 1
12619 3 1
12621 3 1
12623 2 1
12624 3 1
12628 2 1
12628 3 1
12631 2 1
12632 3 1
12639 2 1
12639 3 1
1264 2 1
12644 2 1
12644 3 1
12645 3 1
1265 2 2
12658 3 1
12659 3 2
1266 2 1
1266 3 1
1267 3 1
1269 2 1
1269 3 2
12733 2 1
12734 2 1
12735 2 2
12735 3 1
12736 3 1
12748 3 1
12750 2 1
12751 2 1
12759 3 1
1276 3 1
12767 2 1
12767 3 1
12768 3 1
12771 3 1
12774 2 1
12775 3 1
12778 2 1
12778 3 1
12779 2 1
12779 3 2
12780 3 2
12782 3 1
12784 2 1
12784 3 2
12785 2 1
12786 2 2
12787 2 1
12787 3 1
12788 3 2
12791 2 2
12791 3 1
12792 3 1
1280 2 1
1280 3 1
12803 2 2
12804 2 1
12805 2 1
12806 2 1
12809 3 1
12815 2 1
12815 3 1
12819 2 1
12819 3 1
12823 2 2
12824 2 1
12824 3 1
12830 3 1
12833 2 1
12833 3 2
12834 2 1
12835 3 1
12837 3 1
12839 3 1
1284 3 1
12843 2 1
12844 2 1
12844 3 2
12845 3 1
12849 2 1
12859 2 1
12859 3 1
1286 3 1
12860 2 2
12861 3 1
12862 2 1
12865 3 1
12867 3 1
12872 2 1
12873 2 1
12879 3 1
1288 3 1
12880 2 1
12881 2 2
12882 2 1
12882 3 1
12883 3 1
12885 2 1
12885 3 2
12886 2 1
12892 2 1
12892 3 1
12893 2 1
12893 3 2
12898 2 2
12898 3 1
12899 3 1
12908 3 1
1291 3 1
12915 2 1
12916 3 1
12918 3 1
12920 3 1
12921 3 2
12922 3 1
12925 3 1
12928 2 1
12929 3 1
1293 3 1
12931 2 1
12932 2 1
12934 3 1
12937 2 2
12937 3 1
12938 3 1
12941 2 1
12942 2 1
12945 2 1
12946 2 1
12949 2 1
12950 2 1
12955 2 1
12956 2 1
12962 2 1
12965 2 1
12967 3 1
12969 3 1
12971 2 1
12971 3 1
12972 2 1
12973 2 2
12973 3 1
12974 2 2
12974 3 1
12975 3 1
12981 2 1
12981 3 1
12982 2 1
12988 2 1
12989 3 1
1299 3 1
1300 2 1
13004 3 1
1305 3 1
13065 2 1
1307 3 1
13083 2 1
13083 3 1
13088 2 1
1309 3 1
13097 2 2
13097 3 1
13098 2 1
13099 3 1
13101 3 1
13105 2 1
13106 3 1
13108 2 1
13109 2 1
1311 3 1
13110 2 1
13111 2 1
13112 2 2
13113 2 1
13113 3 1
13114 3 1
13117 2 1
13117 3 2
13118 2 1
13119 3 1
13121 2 2
13121 3 1
13122 3 1
13124 2 1
13124 3 1
13125 2 1
13125 3 2
13127 2 2
13127 3 1
13128 3 1
1313 3 1
13133 3 1
13139 3 1
13142 2 1
13142 3 1
13143 3 1
13145 3 1
13148 2 1
13148 3 1
13149 2 2
1315 3 1
13153 2 1
13154 3 2
13160 3 1
13162 2 1
13162 3 1
13163 3 1
13165 2 1
13169 2 1
13169 3 2
1317 2 1
1317 3 1
13170 2 1
13170 3 2
13171 3 1
13174 2 1
13174 3 1
13177 2 1
13177 3 1
13179 3 1
13181 2 1
13181 3 1
13182 2 1
13191 3 1
13194 2 1
13194 3 1
13197 3 1
13207 2 1
13207 3 1
13208 2 2
13208 3 1
13209 3 1
13212 2 2
13212 3 1
13213 2 1
13214 2 1
13215 3 1
13219 2 1
1322 2 1
13220 3 1
13222 2 1
13223 3 1
13228 2 2
13228 3 1
13229 3 1
1323 3 1
13232 2 1
13232 3 1
13236 2 1
13237 2 2
13237 3 1
13238 2 1
13239 3 1
13241 2 1
13241 3 1
13243 3 2
13244 3 1
13246 2 1
13251 2 1
13252 2 2
13253 2 1
13253 3 1
13254 2 1
13255 3 2
13265 2 1
13266 2 1
13267 2 2
13268 3 1
13282 2 1
13282 3 1
13287 3 1
13289 2 1
1329 2 2
13290 2 1
13291 3 1
13293 3 1
13295 3 1
13297 3 1
13300 2 1
13303 2 1
13304 2 2
13305 3 1
13307 2 1
13307 3 1
13308 2 1
13308 3 2
13309 2 1
13309 3 2
13310 2 1
13313 3 1
1332 2 1
13320 2 1
13321 3 1
1333 3 1
13337 2 1
13338 2 1
13339 3 1
13369 2 1
13369 3 1
13393 2 1
13394 3 1
13409 2 1
13410 2 1
13411 3 1
13413 3 1
13417 3 1
1342 2 1
13420 2 1
13420 3 1
13426 2 1
13426 3 1
13429 3 1
13432 2 1
13433 3 1
13436 3 1
13443 2 2
13443 3 1
13444 2 1
13445 2 1
13446 2 1
13446 3 2
13447 3 1
13449 2 1
1345 2 1
13450 2 2
13450 3 1
13451 2 2
13451 3 1
13452 3 1
13454 2 1
13455 3 1
13457 2 1
13457 3 2
1346 2 2
1346 3 1
13463 2 1
13464 2 1
13465 3 1
13469 3 1
1347 2 1
13472 2 2
13472 3 1
13473 2 2
13473 3 1
13474 2 1
13474 3 1
13478 3 1
1348 3 2
13484 2 1
13484 3 1
13485 3 1
13492 2 2
13492 3 1
13493 2 1
13497 2 2
13498 2 1
13498 3 1
13499 2 1
1350 2 1
1350 3 1
13500 2 1
13501 3 2
13503 2 1
13503 3 1
13507 3 1
1351 2 2
13514 3 1
13519 3 1
1352 2 1
1352 3 1
13521 2 1
13522 3 1
13524 3 1
13527 2 1
13528 3 1
13531 3 1
13536 2 1
13537 2 2
13538 2 2
13538 3 1
13539 3 1
1354 2 1
13541 2 1
13541 3 1
13545 2 1
13546 2 1
1355 3 1
13553 2 1
13555 2 1
13556 3 1
13558 2 1
13558 3 2
13569 2 1
13573 2 1
13573 3 1
13579 2 1
13581 3 1
13583 3 1
13585 2 1
13585 3 1
13589 2 1
1359 2 1
1359 3 2
1360 2 2
1360 3 1
13603 2 1
13603 3 1
13604 2 1
13605 3 1
13608 2 1
13608 3 1
13609 2 1
1361 2 1
13610 3 1
13615 2 1
13616 2 2
13616 3 1
13617 2 1
13618 3 2
13619 3 1
1362 2 1
13621 3 1
13623 3 1
13625 2 1
13626 2 2
13626 3 1
13628 2 1
1363 3 1
13630 3 1
13635 2 1
13636 2 2
13636 3 1
13637 2 1
13638 2 1
13639 3 1
13643 2 1
13645 3 1
1365 3 1
13650 2 2
13651 2 1
13652 3 1
13669 3 1
1367 2 2
1367 3 1
1368 2 1
1368 3 1
1369 2 1
13692 3 1
13699 3 1
1371 2 1
1372 3 1
13723 2 2
13724 2 1
13725 3 1
13741 2 1
13747 2 1
1375 3 1
13756 3 1
13759 2 1
13760 2 1
13765 2 1
13765 3 1
1377 3 1
13772 2 1
13772 3 1
13776 2 1
13776 3 1
13780 2 1
13781 2 2
13782 3 1
13785 2 1
13786 2 1
13786 3 2
13787 3 1
13791 2 1
13791 3 1
13792 3 1
13795 2 1
13796 3 1
13799 2 1
1380 2 1
13802 2 2
13803 2 1
13804 3 2
13806 2 1
13806 3 1
13807 2 1
13808 2 2
13809 2 1
13809 3 1
13812 2 1
13813 2 1
13814 2 2
13815 3 1
13817 3 1
13822 3 1
13825 2 1
13827 2 1
13831 2 1
13831 3 1
13832 2 2
13832 3 1
13833 3 1
13836 2 1
13836 3 1
13837 3 2
13839 3 1
1384 2 1
1384 3 1
13841 2 1
13842 2 1
13843 2 2
13843 3 1
13844 2 1
13848 2 1
1385 3 2
13854 2 2
13855 2 1
13855 3 1
13856 3 1
13858 3 1
13861 2 2
13861 3 1
13862 3 1
13865 3 2
13866 3 1
13868 2 1
13869 2 2
13870 2 1
13870 3 1
13877 3 1
1388 2 1
13880 3 1
13887 2 1
13888 3 1
1389 3 2
13891 2 1
13891 3 1
1390 3 1
13900 3 1
13901 2 1
13902 2 2
13902 3 1
13903 3 1
13905 2 1
13905 3 1
13906 2 1
13907 3 2
13911 3 1
13915 2 2
13918 3 1
1392 3 1
13920 3 1
13927 2 1
13927 3 1
13932 2 1
13935 3 1
13938 3 1
1394 2 1
13941 2 1
13943 3 1
13948 2 1
13948 3 1
1395 3 1
13951 2 1
13952 2 1
13956 2 1
13956 3 2
13958 3 1
13960 2 1
13961 3 1
13966 3 1
1397 2 1
1397 3 2
13970 2 1
13971 2 1
13972 3 1
13975 3 1
1398 2 2
1399 2 1
1399 3 1
14022 2 1
14023 2 1
14024 3 1
1403 3 1
14061 3 1
14067 3 1
14069 2 1
14069 3 1
1407 3 1
14070 3 1
14074 2 1
14075 3 1
14079 3 1
14083 2 1
14084 3 1
14086 2 1
14086 3 2
14087 3 1
14094 2 1
14101 2 1
14101 3 1
14102 3 2
14104 2 1
14104 3 1
14105 2 1
14105 3 2
1411 2 1
14112 2 1
14113 2 1
14114 3 1
14116 2 1
14116 3 1
1412 2 1
14121 2 2
14121 3 1
14122 2 1
14123 3 1
14126 3 1
14130 3 1
14132 3 1
14134 2 1
14134 3 1
1414 2 1
14146 2 1
1415 2 1
14159 2 1
14159 3 1
1416 2 1
14160 2 1
14160 3 2
14161 2 2
14162 2 2
14162 3 1
14163 3 1
14166 2 1
14167 2 1
14168 2 2
14168 3 1
14169 2 1
14170 3 2
14171 3 1
14173 3 1
14178 3 1
14181 2 1
14181 3 1
14184 2 2
14184 3 1
14185 2 2
14185 3 1
14186 2 1
14191 2 1
14195 2 1
14195 3 1
14200 3 1
14204 2 1
14204 3 1
14205 2 1
14206 2 2
14206 3 1
14207 3 1
14210 2 1
14211 2 1
14213 2 1
14215 3 1
14217 2 2
14218 2 1
14219 2 1
14220 2 1
14225 3 1
14227 3 1
14230 3 1
14232 2 1
14232 3 2
14233 2 2
14234 2 1
14234 3 1
14235 3 2
14237 2 1
14237 3 1
14239 2 1
14242 2 1
14245 2 1
14247 2 1
14248 3 2
14250 2 1
14252 3 1
14254 3 1
14255 2 1
14256 2 1
14257 3 2
14262 3 1
14264 2 1
14264 3 1
14267 2 1
14267 3 1
14268 2 2
14269 2 1
14269 3 1
14271 3 1
14273 3 1
14277 2 1
1428 3 1
14285 2 1
14285 3 1
14286 3 1
14288 2 1
14288 3 2
14289 3 1
14291 2 1
14292 3 1
14295 2 1
14295 3 1
14298 2 1
14298 3 1
1430 2 1
14300 3 1
14302 3 1
14307 2 1
14308 2 1
1431 2 1
14310 3 1
1432 2 2
1433 3 1
1435 2 1
1436 2 1
1437 2 2
1438 2 1
1438 3 1
14391 2 1
14396 2 1
14399 2 2
14399 3 1
14400 3 1
14404 2 2
14405 2 1
14406 2 1
14407 3 1
14409 2 1
14409 3 2
14419 2 1
14419 3 1
1442 2 1
14422 3 1
14424 3 1
14426 2 1
14426 3 1
14427 2 1
14428 2 1
14428 3 2
14429 3 1
14431 2 1
14431 3 2
14432 2 1
14432 3 2
14433 2 2
14433 3 1
14434 2 1
14435 3 1
14439 2 1
14439 3 1
14440 3 1
14444 3 1
14446 3 1
14450 2 1
14450 3 1
14454 2 1
14455 2 1
14456 3 2
14458 2 1
14458 3 1
14462 2 1
14462 3 2
14463 2 1
14464 2 2
14473 2 1
14474 2 1
14476 3 1
14485 2 1
14486 2 1
14487 3 1
14489 2 1
14490 3 1
14492 2 1
14493 2 2
14494 2 1
14494 3 1
14495 3 1
14498 3 1
1450 2 2
1450 3 1
14500 2 1
14500 3 1
14503 2 1
14504 2 1
14506 3 1
14508 2 1
1451 2 1
14514 2 1
1452 2 1
14523 2 1
14523 3 1
1453 3 2
14530 2 1
14531 3 1
14533 2 1
14533 3 1
14536 2 1
14545 2 1
14547 3 1
1455 2 1
1455 3 1
14553 2 1
14553 3 1
14554 2 1
14557 2 1
14557 3 2
14558 3 1
1456 2 1
14560 2 1
14561 2 1
14561 3 2
14562 3 1
14564 2 1
14565 2 1
14566 2 2
14566 3 1
14567 3 1
1457 2 1
14572 3 1
14578 2 1
14578 3 1
14579 3 1
14582 3 1
14584 3 1
14587 2 1
14587 3 1
14588 2 1
14590 3 1
14592 2 1
14597 3 1
14599 3 1
14601 3 1
1461 2 1
1461 3 1
14610 2 1
14610 3 1
14611 2 1
14615 2 2
14616 2 1
14617 2 1
1462 3 2
14622 2 1
14623 2 1
14628 3 1
14630 2 1
14630 3 2
14631 2 2
14631 3 1
14632 2 1
14633 3 1
14640 3 1
14643 3 1
1465 3 1
1466 2 1
1466 3 2
1467 2 2
1468 2 1
1468 3 1
14683 3 1
14688 2 1
14688 3 1
14698 2 1
14713 2 1
14714 2 1
14719 2 1
14720 3 1
14729 2 2
14729 3 1
14730 2 1
14731 2 1
14738 2 1
14739 3 1
1474 2 1
14741 3 1
14744 3 1
14747 2 1
14748 2 2
14748 3 1
1475 2 1
14751 2 1
14754 2 1
14755 2 1
14755 3 2
14756 3 2
14758 2 1
14758 3 1
14759 2 2
14760 2 1
14760 3 1
14761 2 1
14762 2 1
14765 2 1
14766 2 1
14767 2 1
14769 2 2
1477 3 1
14770 2 1
14771 2 1
14771 3 2
14772 3 1
14774 3 1
14777 2 1
14778 2 1
14786 2 1
14786 3 1
14787 2 1
14787 3 2
14788 2 2
14791 2 1
14792 3 1
14795 3 1
14796 2 1
1480 2 1
1480 3 1
14803 3 1
1481 2 1
1481 3 2
1482 2 1
14824 2 2
14824 3 1
14825 2 1
14826 3 1
14836 2 1
14837 3 1
14839 3 1
1484 3 1
14840 3 2
14841 2 1
14842 3 1
14852 2 1
14852 3 1
14853 2 2
14857 2 1
14857 3 1
14858 2 1
14859 3 1
1486 3 1
14862 2 1
14877 2 1
14878 3 1
1488 2 1
1488 3 1
14881 2 1
14881 3 1
14886 2 1
14886 3 1
14887 2 1
14891 2 1
14891 3 1
14896 2 1
1490 2 1
14900 3 1
14901 2 1
14905 2 1
14905 3 1
14906 2 1
14906 3 2
14907 2 1
14907 3 2
14908 2 2
14909 3 1
14911 2 1
14911 3 1
14912 2 2
14913 2 1
14913 3 1
14914 3 2
14916 2 1
14916 3 1
14920 3 1
14923 3 1
14926 2 1
14929 2 1
14929 3 2
14930 2 2
14930 3 1
14931 2 1
14932 2 1
14935 2 2
14935 3 1
14936 3 1
14937 2 1
1494 2 1
14942 3 1
14943 3 2
14945 3 1
14948 3 1
14949 2 1
1495 2 1
14950 3 1
14954 3 1
14957 2 1
14958 2 2
14959 2 1
14959 3 1
1496 2 1
1496 3 2
14963 2 1
1497 2 1
1497 3 2
14973 3 1
1498 3 1
14989 2 1
14990 3 1
14992 3 1
14996 2 1
14996 3 1
14997 2 1
15000 3 1
15033 2 1
15040 2 1
15041 2 1
15058 2 1
15058 3 1
15059 3 2
15063 3 1
15064 2 1
15065 2 1
15078 2 1
15080 3 1
15085 2 1
15085 3 1
15086 2 1
15086 3 2
15087 2 1
1509 3 1
15090 3 1
15101 2 1
15101 3 1
15102 2 2
15103 2 1
15103 3 1
15109 3 1
1511 2 1
1511 3 1
15110 2 1
15111 2 1
15114 2 1
15115 2 2
15115 3 1
15116 2 1
15117 3 1
15119 3 1
1512 2 1
1512 3 2
15122 2 2
15123 2 1
15123 3 1
15124 2 1
15127 3 1
15131 3 1
15132 2 1
15135 3 1
1515 3 1
15153 2 1
15153 3 1
15154 3 2
15157 2 1
15159 3 2
15160 3 1
15162 2 1
15162 3 1
15163 2 1
15163 3 2
15164 3 1
15167 2 1
15167 3 2
15168 2 2
15168 3 1
15169 2 1
15170 3 1
15172 3 1
15175 2 1
15175 3 1
15181 2 1
15181 3 1
15184 3 1
15185 2 1
15189 3 1
1519 2 1
1519 3 1
15195 2 1
15195 3 1
15196 2 1
15197 2 1
15198 2 1
15199 3 1
15202 3 1
15203 2 1
15205 2 1
15206 3 1
15209 2 1
15210 2 1
15211 2 2
15215 2 1
15215 3 1
15216 3 2
15219 2 1
15219 3 1
15230 3 1
15233 2 1
15233 3 1
15234 2 2
15234 3 1
15235 2 1
15236 2 1
15237 3 1
15243 2 1
15243 3 2
15244 2 1
15250 2 1
15250 3 2
15251 2 1
15252 2 2
15252 3 1
15253 2 1
15256 3 1
15258 2 1
15258 3 1
15259 2 1
15259 3 2
1526 2 2
1526 3 1
15260 3 2
15265 2 1
15266 3 2
15268 3 1
15270 3 1
15272 2 1
15273 3 1
15275 2 1
15276 2 1
15280 2 1
15280 3 2
15281 3 1
15284 2 1
15291 2 1
15292 3 1
15295 2 1
15303 2 1
15304 3 1
15307 3 1
1531 2 2
1531 3 1
1532 2 1
1532 3 1
15324 2 1
15329 2 1
15329 3 1
1533 2 1
1535 3 1
15358 2 1
15359 2 1
15360 3 1
1538 2 2
1538 3 1
15388 2 1
15389 2 1
1539 2 1
15390 3 1
15393 3 1
15398 3 1
15399 2 1
1540 2 1
15400 2 1
15404 2 2
15404 3 1
15405 2 1
15405 3 1
15406 3 1
1541 2 1
15410 2 1
15411 3 1
15413 2 1
15413 3 1
15414 2 2
15414 3 1
15415 2 1
15416 3 1
15420 2 1
15420 3 2
15421 3 1
15423 2 1
15423 3 1
15424 2 1
15425 3 1
15427 2 1
15427 3 1
15429 3 1
15431 3 1
15433 3 1
15439 3 1
15442 3 1
15447 3 1
15449 2 1
15451 3 1
15452 2 1
15457 3 1
15459 3 1
15460 2 1
15469 2 1
15481 3 1
15483 2 1
15484 2 1
15485 2 2
15485 3 1
15486 2 1
15489 2 1
15489 3 1
15492 2 2
15492 3 1
15493 2 1
15493 3 1
15496 2 1
15496 3 1
15497 2 1
15501 2 1
15504 2 1
15504 3 1
15505 2 2
15506 3 1
1551 2 1
1551 3 2
15511 3 1
15514 3 1
15518 2 1
1552 2 1
15521 3 1
15522 2 1
15523 3 1
15525 3 1
15529 2 1
15530 2 1
15531 2 1
15535 2 2
15536 2 1
15545 2 1
15546 2 1
15547 2 1
15548 2 1
15549 2 2
15553 2 1
15553 3 1
15554 2 1
15555 3 1
15557 2 1
15557 3 1
15558 3 1
15560 3 1
15563 2 2
15563 3 1
15564 3 1
15567 2 1
1557 3 1
15572 2 1
15573 3 1
15578 2 1
15578 3 1
15579 2 1
15580 3 1
15582 3 1
15584 3 1
15585 2 1
15588 2 1
15589 2 1
1559 3 1
15590 2 1
15591 3 1
15596 2 1
15596 3 1
15597 2 1
15600 3 1
15603 3 1
15609 2 1
1561 3 1
15610 2 1
15611 3 2
15617 2 1
15634 3 1
15636 2 1
15636 3 1
1564 3 1
15655 3 1
15656 2 1
1566 2 2
1566 3 1
1567 3 1
1569 2 1
1569 3 1
15690 2 1
15691 3 1
15701 2 1
15712 3 1
15716 2 1
15717 3 1
15720 2 1
15720 3 2
15721 2 1
15722 2 2
15722 3 1
15723 3 1
15726 3 1
15727 2 1
15728 3 2
15734 2 2
15734 3 1
15735 2 2
15735 3 1
15736 2 1
15737 3 1
15741 2 1
15742 2 1
15743 2 2
15744 3 1
15746 3 1
15748 2 1
15748 3 1
15749 2 1
15753 3 1
15759 2 1
15759 3 2
15760 2 2
15760 3 1
15761 2 1
15762 2 1
15766 3 1
15767 2 1
15767 3 2
15768 2 1
15769 2 2
15770 2 1
15770 3 1
15771 2 1
15771 3 2
15772 3 2
15774 3 1
15775 2 1
15781 3 1
15784 2 1
15784 3 1
15785 2 1
15786 2 1
15787 2 2
15788 2 1
15788 3 1
15789 3 2
15792 2 1
15792 3 1
15793 3 1
15815 2 1
15815 3 2
15817 2 1
1582 2 1
1582 3 1
15822 2 2
15822 3 1
15823 3 1
15826 3 1
15829 2 1
15829 3 1
15831 3 1
15834 3 1
15836 2 1
15836 3 2
15838 3 1
15841 2 1
15842 3 1
15844 3 1
15850 2 1
15850 3 1
15863 2 1
15863 3 1
15865 3 1
15869 3 1
1587 2 1
1587 3 2
15871 2 1
15871 3 1
15873 3 1
1588 2 2
1588 3 1
15883 3 1
15885 3 1
15887 2 2
15887 3 1
15888 2 1
1589 2 1
15892 2 1
15892 3 1
15893 2 2
15894 3 1
15898 3 1
1590 3 1
15903 2 2
15904 2 1
15904 3 1
15906 2 1
15907 2 1
15910 3 1
1592 3 1
15921 3 1
15924 2 1
15924 3 1
15925 2 2
15925 3 1
15926 3 1
15932 2 1
15939 3 1
1594 3 1
15941 2 1
15941 3 1
15942 2 1
15943 2 1
15944 2 1
15946 3 1
15948 3 1
1596 2 2
1596 3 1
15962 2 1
15962 3 1
15963 2 2
15963 3 1
15964 2 1
15965 2 1
1597 2 1
15979 3 1
1598 2 1
15983 3 1
15985 3 1
15987 3 1
15989 3 1
1599 3 1
15995 3 1
16007 3 1
1601 3 1
16013 2 1
16019 3 1
16028 2 1
16028 3 1
16029 2 1
1603 3 1
16036 2 1
16042 2 1
16049 2 1
16050 3 1
16052 2 1
16052 3 2
16053 2 2
16054 2 1
16054 3 1
16055 2 1
16058 2 1
16058 3 1
16059 3 1
1606 3 1
16062 2 1
16062 3 1
16063 2 2
16063 3 1
16064 2 1
16065 3 2
16067 2 2
16067 3 1
16068 2 1
16068 3 1
16069 2 1
16070 3 1
16074 2 1
16074 3 2
16075 2 2
16075 3 1
16076 2 1
1608 2 1
1608 3 1
16083 2 1
16088 2 1
16089 2 1
1609 2 2
1609 3 1
16094 2 1
16094 3 1
16095 2 2
16095 3 1
16096 2 1
16097 3 1
1610 3 1
16100 2 1
16101 2 1
16102 2 1
16103 2 2
16103 3 1
16104 3 1
16108 2 1
16109 3 1
16111 3 1
16113 2 1
16113 3 1
16121 2 1
16122 2 2
16123 3 1
16132 2 1
16133 2 1
16134 3 1
16143 2 1
16143 3 1
16144 2 1
16145 3 1
16148 3 1
16149 2 1
16150 3 1
16152 2 2
16152 3 1
16153 2 1
16158 2 1
16158 3 1
16163 2 1
16164 2 2
16165 2 1
16165 3 1
16166 3 1
16168 3 1
16172 3 1
16174 2 1
1618 2 1
16183 3 1
16184 3 2
16185 2 1
16186 2 1
16187 2 1
16188 3 1
1619 2 1
16192 2 1
16192 3 1
16196 2 1
16198 2 2
16198 3 1
16199 3 1
1620 2 1
16201 3 1
16203 2 1
16205 2 1
16206 3 1
16209 2 1
16209 3 1
16211 3 1
16213 3 1
16221 2 1
16224 2 1
16225 3 1
16228 3 1
1623 3 1
16232 3 1
16233 2 1
16241 2 1
16244 2 1
16244 3 2
16245 3 1
16248 2 1
16248 3 1
16249 2 1
16253 2 1
16253 3 1
16254 2 2
16255 2 2
16255 3 1
16256 3 1
16258 2 1
16258 3 1
16259 2 1
16262 3 1
16266 2 1
16266 3 1
16268 2 1
16269 3 2
1627 2 1
1627 3 1
16271 3 1
16276 2 1
16277 2 2
16277 3 1
16278 2 1
16284 3 1
16289 3 1
16291 2 1
16291 3 1
16292 2 2
16293 3 1
16297 2 1
16297 3 1
16298 2 1
16304 3 1
16309 3 1
16313 2 2
16313 3 1
16314 2 1
16314 3 1
16317 3 1
16319 3 1
1632 2 1
1632 3 1
16324 2 1
1633 3 1
16336 3 1
1635 3 1
16357 2 1
16357 3 1
1637 3 1
16374 3 1
16380 2 1
16381 2 1
16381 3 2
16382 3 1
16384 3 1
16388 2 2
16388 3 1
16389 3 1
16391 2 1
16391 3 1
16392 2 2
16393 3 1
16395 2 1
16395 3 1
16396 2 2
16396 3 1
16397 2 1
1640 2 1
16401 2 1
16402 2 1
16403 2 1
16407 3 1
16408 2 1
16409 2 2
16409 3 1
16422 2 1
16422 3 1
16423 2 1
16424 2 2
16425 3 1
1643 2 1
16433 2 1
16434 2 2
16435 2 1
16435 3 1
16438 2 2
16439 2 1
1644 2 1
16440 2 1
16441 3 2
16443 3 1
16447 2 1
16447 3 1
1645 2 2
16450 3 2
16451 3 1
1646 2 1
1646 3 1
1647 3 2
16471 3 1
16473 3 1
16475 3 1
16477 2 1
16477 3 1
16484 3 1
16490 2 1
16490 3 1
16493 3 1
16495 2 2
16495 3 1
16496 3 1
16498 3 1
16501 2 1
16501 3 1
16511 2 1
16512 2 2
16512 3 1
16513 2 1
16514 3 1
16518 3 1
16520 2 1
16520 3 1
16524 2 1
16524 3 1
16526 3 1
16528 2 1
1653 2 1
16531 3 1
16535 2 2
16536 2 1
16537 2 1
1654 2 1
16541 2 1
16545 3 1
1655 2 1
16557 2 1
16558 2 2
16559 2 1
16559 3 1
16561 2 1
16566 2 1
16566 3 1
16567 2 1
16567 3 2
16574 2 1
16574 3 1
16577 2 1
16577 3 1
16580 3 1
16581 2 1
16581 3 2
16582 2 1
16585 2 1
16585 3 2
16586 2 2
16587 2 1
16587 3 1
16592 3 1
16595 2 1
16595 3 1
16596 3 2
16599 2 1
16599 3 1
16600 2 2
16600 3 1
16601 2 1
16602 2 1
16602 3 2
16603 2 1
16603 3 2
16604 3 1
16607 3 1
16609 3 1
16614 3 1
16623 2 1
16626 2 1
1663 2 1
16631 2 1
16632 3 1
16634 2 1
16635 3 1
16639 3 1
16641 2 1
16641 3 1
16642 2 2
16642 3 1
16643 2 1
16647 3 1
16664 3 1
16666 2 1
16673 2 1
16674 3 1
16677 2 1
16687 3 1
16704 2 1
16704 3 2
1671 3 2
16711 2 1
16711 3 1
16715 2 1
16716 2 1
16717 2 1
16718 2 2
16719 3 1
1672 3 1
16721 3 1
16723 2 1
16724 2 2
16724 3 1
16725 2 2
16725 3 1
16726 3 1
16729 2 1
16729 3 1
16731 3 1
16736 2 1
16739 2 1
16741 3 1
16755 2 1
1676 3 1
16771 2 1
16771 3 1
16772 2 1
16773 2 2
16774 2 1
16774 3 1
16775 2 1
16776 2 1
1678 2 1
1678 3 1
16780 2 1
16780 3 1
16809 2 1
16809 3 1
16812 2 1
16813 2 2
16813 3 1
16814 2 1
16819 2 1
1682 3 1
16823 3 1
16825 2 2
16825 3 1
16826 2 1
16827 2 1
16831 3 1
16838 3 1
16845 2 1
16846 3 1
16848 2 1
1685 2 1
16853 2 1
16856 3 1
1686 2 1
16860 2 1
16860 3 1
16868 3 1
16869 2 1
16870 3 1
16872 3 1
16873 2 1
16874 2 2
16874 3 1
16875 2 1
1688 2 1
16881 2 2
16882 2 1
16882 3 1
16883 2 1
16889 3 1
1689 2 1
16896 2 1
16901 2 1
16902 2 1
16907 3 1
16910 2 1
16911 3 1
16914 2 1
16914 3 1
16915 3 1
16917 3 1
16921 2 1
16921 3 1
16925 2 1
16926 2 1
16927 2 1
16928 2 1
16929 2 2
1693 2 1
16930 3 1
16932 2 1
16932 3 1
16933 2 1
16934 2 2
16935 2 1
16935 3 1
16939 2 1
1694 2 1
16946 3 1
16950 3 1
16960 2 1
16960 3 1
16965 2 1
16966 2 1
16966 3 2
16967 3 1
16969 2 1
1697 2 1
16970 2 2
16970 3 1
16971 2 2
16971 3 1
16972 3 1
16975 2 1
16975 3 1
1698 3 2
16983 3 1
16992 3 1
16994 3 1
1700 2 1
1701 2 2
17014 2 1
1702 3 1
17031 2 1
17031 3 1
17032 2 1
17032 3 2
17033 2 1
17033 3 2
17034 3 1
17036 2 1
17037 2 1
1704 2 1
1704 3 1
17041 3 1
17043 2 1
17043 3 1
17045 3 1
1705 3 2
17050 2 1
17054 2 1
17055 2 2
17056 3 1
17059 3 1
17061 3 1
17064 3 1
1707 2 1
17071 2 1
17072 2 1
17073 3 1
1708 3 1
17093 2 1
17094 2 1
17098 2 1
17099 2 1
17100 2 2
17100 3 1
17101 3 1
17112 2 1
17112 3 1
17131 3 1
17133 2 1
17137 2 1
17143 3 1
17145 3 1
1715 2 1
17152 2 1
17152 3 1
17153 2 2
17154 2 1
17154 3 1
17155 3 2
1716 2 1
17161 3 1
17163 2 1
17163 3 1
17164 2 1
17166 3 1
17168 3 1
1717 3 1
17185 2 1
17185 3 1
17186 2 2
17187 2 1
17187 3 1
17188 3 1
1719 2 1
1719 3 1
17190 3 1
17193 2 1
17193 3 1
17195 3 1
17198 3 1
1720 2 2
17200 2 1
17204 3 1
17206 3 1
1721 2 1
1721 3 1
17211 2 1
17214 3 1
17219 2 1
17219 3 2
1722 3 2
17220 3 1
17222 2 1
17222 3 1
17223 3 1
17233 3 1
17234 2 1
17235 2 1
17236 2 1
17237 3 2
17241 2 1
17242 3 1
17244 2 2
17244 3 1
17245 2 1
17246 2 1
17247 3 2
1725 2 1
1726 2 1
17261 2 1
17267 2 1
17268 3 1
1727 3 1
17274 2 2
17274 3 1
17275 2 1
17275 3 1
17279 2 1
17283 2 1
17283 3 1
17285 3 2
17286 3 1
17288 2 1
17288 3 1
17289 2 1
17289 3 2
17290 3 2
17296 2 1
17296 3 1
17300 2 1
17301 2 2
17302 3 1
17310 2 1
17313 3 1
1732 2 1
17322 3 1
17324 2 1
17325 2 1
17327 3 1
1733 2 2
17330 2 1
17330 3 1
1734 2 1
1734 3 1
1735 3 1
17361 2 2
17361 3 1
17362 2 1
17362 3 1
17363 2 1
1737 2 1
17375 2 1
17376 3 1
17378 2 1
17378 3 1
1738 2 1
17380 3 1
17382 2 1
17382 3 1
17383 3 1
1739 2 1
17391 2 1
17392 3 1
17394 2 2
17394 3 1
17395 3 1
17396 2 1
17398 2 1
17399 3 1
17403 3 1
17406 3 1
1741 3 1
17415 2 1
17415 3 1
17418 2 1
17419 2 1
17430 2 2
17430 3 1
17431 3 1
17460 2 1
17460 3 1
17464 3 1
17466 3 1
17468 3 1
17469 2 1
17470 2 1
17471 2 1
17475 3 1
17482 3 1
17486 2 1
17487 2 1
17488 3 1
17491 3 1
17493 3 1
17496 3 1
17498 2 1
17498 3 2
17499 2 1
17500 2 1
17502 3 1
17517 2 2
17517 3 1
17518 2 1
17519 2 1
17523 3 1
17534 2 1
17540 3 1
17544 3 1
17552 2 2
17552 3 1
17553 3 1
17555 2 1
17555 3 1
17556 2 1
17561 2 2
17562 2 1
17562 3 1
17567 2 1
17567 3 1
17568 3 1
1757 2 1
17572 2 2
17572 3 1
17573 2 1
17573 3 1
17577 2 1
17577 3 1
17584 2 1
17588 2 1
17589 2 1
17591 3 1
17594 2 1
17594 3 1
17596 3 1
17599 2 1
17601 3 1
17604 2 1
17605 3 2
17608 3 1
17614 2 1
17615 2 1
17618 2 1
17619 2 1
17620 2 1
17621 3 1
1763 2 1
17634 2 1
17636 3 1
17637 2 1
17638 2 1
17638 3 2
17639 3 1
17643 3 1
17645 3 1
17652 3 1
17656 2 1
17662 2 1
17663 3 1
17673 3 1
17691 2 2
17691 3 1
17692 3 1
17697 2 1
17697 3 1
1770 2 1
1771 3 1
17710 3 1
17712 2 2
17712 3 1
17713 2 1
17719 2 1
17719 3 2
17720 3 1
17722 2 1
17723 2 2
17723 3 1
17724 2 1
17731 2 1
17731 3 1
17736 2 1
17746 2 1
17751 3 1
17760 2 1
17760 3 2
17787 2 1
17788 3 1
17790 3 1
17792 2 1
17792 3 1
17793 2 1
17793 3 2
17794 3 2
17802 3 1
17811 2 1
17814 3 1
17816 3 1
17818 3 1
17821 3 1
17827 2 1
17828 3 1
1783 2 1
1783 3 1
17832 2 1
17847 3 1
17851 2 1
17851 3 1
17852 2 1
17852 3 2
17853 2 2
17854 2 1
17854 3 1
17855 3 2
17859 2 1
17860 2 1
17862 2 1
17863 3 1
17868 3 1
17869 2 1
17874 2 1
17880 2 1
17881 2 1
17882 2 2
17883 3 1
17885 3 1
17890 3 1
17891 2 1
17892 3 2
17894 2 1
17894 3 1
17895 2 1
17895 3 2
17896 2 1
17896 3 2
17897 2 2
17898 3 1
17902 2 2
17902 3 1
17903 3 1
17906 2 1
17906 3 1
1791 2 1
1792 2 1
17926 2 1
17927 2 1
17929 3 1
1793 3 1
17931 2 1
17932 3 1
17935 2 1
17935 3 1
17936 2 1
17936 3 2
17937 2 1
17938 2 2
17939 2 1
17939 3 1
17940 2 1
17941 2 1
1795 2 1
17951 2 1
17951 3 2
17952 3 1
17957 2 1
17958 3 1
1796 3 1
17960 2 1
17960 3 1
17961 2 1
17964 3 1
17966 3 1
17968 2 1
17968 3 1
17969 2 2
17970 2 1
17970 3 1
17971 3 1
17979 3 1
17982 3 1
17986 3 1
17989 3 1
18021 2 2
18021 3 1
18022 2 1
18023 2 1
18024 2 1
18025 3 1
18033 2 1
18034 2 1
18038 2 1
18038 3 2
18039 2 2
18039 3 1
18040 2 1
18041 2 1
18042 3 2
18044 3 1
18048 2 1
18049 2 1
18053 3 1
18056 2 1
18056 3 1
1806 3 1
18063 2 1
18064 3 1
1808 3 1
18080 2 1
18080 3 1
18084 2 1
18084 3 1
18087 3 1
18088 2 1
18089 2 1
18090 3 1
18092 2 1
1810 2 1
1811 3 1
18118 2 1
18119 2 1
18122 2 1
18123 2 1
18124 2 1
18128 2 1
18129 2 1
18130 3 1
18132 2 1
1814 3 1
18144 3 1
18146 2 1
18157 2 2
18158 2 1
18159 2 1
18159 3 2
18160 3 1
18166 3 1
18178 2 1
18179 3 1
1818 3 1
18181 2 1
18182 3 1
18184 2 1
18185 2 1
18189 3 1
18193 3 1
18197 2 1
18202 2 1
18202 3 1
18203 3 1
18205 3 1
18207 3 1
18209 3 1
18214 2 1
18217 2 1
18217 3 1
18219 2 1
18222 2 1
18222 3 1
18223 2 2
18223 3 1
18224 2 1
18225 2 1
18225 3 2
18226 3 1
18228 3 1
18232 2 1
18236 3 1
18238 2 1
18238 3 1
18239 2 1
18249 3 1
18251 3 1
18252 3 2
18254 2 1
18255 3 1
18259 3 1
1826 2 1
1826 3 1
18265 2 1
18266 3 1
18269 3 1
1827 2 1
18273 3 1
18277 2 1
18277 3 1
18287 2 2
18288 2 1
18295 2 1
18298 3 1
18300 2 2
18300 3 1
18301 3 1
18306 2 1
18310 2 1
18311 2 1
18312 3 2
18314 3 1
18315 2 1
18316 2 2
18317 2 1
18317 3 1
1832 2 1
1833 2 1
18337 3 1
18355 3 1
18360 2 1
18361 2 1
18365 3 1
18368 2 1
1837 3 1
18372 2 1
18372 3 1
18376 3 1
18378 3 1
18381 2 1
18381 3 1
18382 2 1
18383 3 2
18385 2 1
18385 3 1
18388 3 1
18389 2 1
1839 2 1
18397 3 1
1840 2 2
1840 3 1
18409 2 1
18409 3 1
1841 2 1
18410 3 2
18412 2 1
18412 3 1
18416 2 1
18417 3 2
1842 3 1
18420 2 1
18444 2 1
18446 3 1
18455 3 1
18458 3 1
1846 2 1
18460 2 1
18460 3 2
18461 3 1
18469 3 1
1847 2 1
18471 2 2
18472 2 1
18472 3 1
18473 2 1
18474 3 2
1848 2 2
1848 3 1
18489 2 1
18489 3 1
1849 3 1
18492 2 1
18492 3 1
18495 2 1
18498 3 1
18512 2 1
18513 3 1
18519 3 1
1852 3 1
18522 2 1
18522 3 1
18523 2 2
18524 2 1
18524 3 1
18525 3 2
1853 2 1
18532 2 2
18532 3 1
18533 3 1
18535 3 1
18537 3 1
18539 2 1
1854 3 1
18547 3 1
18552 2 2
18552 3 1
18553 3 1
18555 2 1
18555 3 1
18556 2 2
18557 2 1
18557 3 1
18564 2 1
18564 3 1
18565 2 1
18565 3 2
18566 2 2
18567 2 1
18567 3 1
18568 3 2
18581 2 1
18582 3 1
18585 2 1
18587 2 1
18588 2 1
1859 2 1
18596 3 1
1860 2 2
1860 3 1
1861 2 1
18612 2 1
18619 3 1
18620 2 1
18622 2 1
18623 2 1
18625 3 1
18628 3 1
18630 2 2
18630 3 1
18631 2 1
18632 2 1
18642 2 1
18642 3 1
18643 2 2
18643 3 1
18644 2 1
18682 3 1
18685 3 1
18706 3 1
18708 2 1
18710 2 1
18713 2 1
18713 3 1
18717 2 1
18717 3 1
18718 3 2
1872 3 1
18720 3 1
18722 3 1
18727 2 1
18740 2 1
18741 2 1
18742 2 2
18743 3 1
18747 2 1
18747 3 1
18748 2 1
18749 3 1
18758 2 1
18772 3 1
18774 3 1
18775 2 1
18779 2 1
18779 3 1
18780 2 1
18781 2 1
18782 3 1
18784 2 1
18784 3 1
18785 3 2
18799 2 2
18799 3 1
1880 2 1
18800 3 1
18801 2 1
18804 2 1
18804 3 1
18805 2 1
1881 3 1
18817 3 1
18819 3 1
18822 3 1
18828 2 1
18830 3 1
18839 2 1
1884 2 1
1884 3 1
18840 2 1
18841 3 1
18844 2 1
18845 3 1
18849 2 1
1885 3 1
18850 3 1
18852 3 1
18854 2 1
18854 3 2
18855 2 1
18857 2 1
18858 3 1
18860 2 1
18860 3 1
18861 2 1
18862 2 2
18863 3 1
1887 2 1
18870 3 1
18876 2 1
18876 3 1
18877 3 2
18880 2 1
18880 3 1
18881 2 1
18882 2 2
18883 3 1
18885 3 1
18887 3 1
18891 2 1
18891 3 1
18892 3 1
18894 2 1
18895 3 1
18898 2 1
1891 2 1
1891 3 2
1892 2 1
18926 2 1
18927 3 1
1893 2 2
1893 3 1
18932 3 1
18934 3 1
18936 2 1
1894 3 1
18948 2 1
18955 2 1
18955 3 2
18956 2 1
18956 3 2
18957 2 2
18957 3 1
18958 2 1
1896 2 1
1896 3 2
18966 2 1
18967 3 1
18969 3 1
18970 2 1
18971 2 1
18972 2 2
18973 3 1
18982 3 1
18992 2 1
18995 2 1
19013 2 1
19014 2 2
19014 3 1
19015 2 1
19030 2 1
19030 3 1
19031 2 1
19034 2 2
19035 2 1
19035 3 1
19047 2 1
19048 2 1
19052 2 1
19052 3 2
19054 3 1
19067 2 1
19068 2 1
19070 3 1
19073 2 1
19073 3 2
19075 3 1
19077 3 1
19087 3 1
1909 2 1
19099 3 1
1910 3 1
19101 2 1
19104 3 1
19109 3 1
19112 3 1
19114 2 1
19115 2 1
19116 3 1
1912 3 1
19122 2 1
19123 2 1
19125 3 1
19127 2 1
19127 3 1
19128 2 2
19128 3 1
19129 2 1
19130 3 2
19134 3 1
1914 2 1
1914 3 1
19147 2 1
1915 2 1
19160 2 1
19168 3 1
19171 2 1
19172 2 1
19176 2 1
19177 2 1
19178 3 1
19180 2 1
19181 2 2
19181 3 1
19183 2 1
19184 3 1
19188 2 1
19193 2 1
19194 2 2
19194 3 1
19195 3 1
19197 2 1
19198 2 1
1920 2 1
19206 2 1
19207 2 1
19208 2 1
19209 2 2
19209 3 1
1921 2 1
19210 3 1
19213 3 1
19215 3 1
19217 3 1
19220 2 1
19220 3 1
19221 2 2
19222 3 1
19225 2 1
19226 2 1
19228 3 1
19236 2 1
19239 2 1
1924 2 1
19240 2 1
19246 3 1
19247 2 1
19248 3 1
1925 2 1
19253 2 1
19254 3 1
19262 2 1
19263 2 1
19264 3 2
19267 3 1
19270 2 2
19271 2 1
19271 3 1
19272 2 1
19273 2 1
19274 2 1
19282 2 2
19283 2 1
19283 3 1
19284 2 1
19285 2 1
19286 2 1
19287 3 2
19289 3 1
1929 2 1
19290 2 1
19291 3 1
1930 2 1
19312 2 1
19314 3 2
19315 3 1
1933 2 1
1934 3 1
19342 2 1
19355 2 1
19356 2 1
19358 3 1
1936 2 1
1936 3 2
19360 3 1
19363 3 1
19364 2 1
19365 3 2
19367 2 1
19367 3 1
1937 2 1
19372 2 1
19372 3 1
19379 3 1
1938 2 2
19380 2 1
19381 2 1
19382 3 1
19384 3 1
19388 3 1
1939 2 2
1939 3 1
19390 3 1
19392 3 1
1940 3 1
19400 2 1
19402 2 1
19403 3 1
19405 2 1
19406 2 1
1942 2 1
1942 3 1
19434 2 1
19437 2 1
19438 2 1
19439 3 2
19441 2 1
19441 3 1
19452 3 1
19455 2 1
19456 2 1
19457 2 2
19458 3 1
1946 3 1
19460 2 1
19460 3 1
19474 3 1
19475 2 1
19476 3 1
19482 2 1
19483 3 1
19491 3 1
19497 2 1
19498 2 2
19499 2 1
19499 3 1
19500 3 1
19508 3 1
19511 2 1
19513 2 2
19513 3 1
19514 2 1
19515 3 1
1952 2 1
1952 3 1
19524 2 1
19524 3 2
19529 3 1
19530 2 1
19531 3 1
19539 2 1
19547 3 1
1955 2 1
1955 3 1
19550 3 1
19552 2 1
19552 3 2
19553 3 1
19558 3 1
1956 2 1
1957 2 2
1958 3 1
1959 2 1
19594 2 1
19594 3 1
19595 2 1
19599 3 1
19600 2 1
19611 3 1
19612 2 1
19617 2 1
19617 3 1
19618 2 1
19618 3 2
1962 2 2
19621 2 1
1963 2 1
19630 2 1
19632 3 1
1964 2 1
19640 2 1
19641 3 1
19644 2 1
19644 3 1
1965 3 2
1967 2 2
1967 3 1
1968 2 1
1968 3 1
19689 2 1
19692 2 1
19692 3 1
19693 3 2
19695 2 1
19695 3 1
1970 3 1
19701 2 1
19708 2 1
19708 3 1
19709 3 2
19712 3 1
19714 2 1
19715 3 1
19717 2 1
19717 3 1
19720 3 1
19722 3 1
19731 2 1
1976 2 1
1976 3 2
19769 2 1
19769 3 1
1977 2 1
19775 2 1
19775 3 1
19776 3 2
1978 3 1
19781 2 1
19782 2 2
19783 2 1
19783 3 1
19784 3 1
19790 2 2
19791 3 1
19798 3 1
19803 2 1
19807 2 1
19810 3 2
19811 3 1
19813 3 1
19815 2 1
19815 3 1
19819 2 1
19820 2 2
19820 3 1
19821 2 1
19822 3 2
19823 3 1
19825 3 1
19827 3 1
19829 2 2
19829 3 1
19830 2 1
19831 2 1
19832 2 1
19833 2 1
19837 2 1
19843 3 1
19846 2 1
19847 3 1
19849 3 1
19850 2 1
19853 2 1
19854 3 1
19858 2 1
19858 3 1
19861 2 1
19866 2 1
19866 3 1
19867 3 1
19871 2 1
19871 3 1
19872 2 1
19879 2 1
19879 3 1
19880 2 2
19881 2 1
19881 3 1
19882 2 1
19882 3 2
19883 3 2
19885 2 1
19885 3 1
19886 2 1
19886 3 2
19887 2 1
19888 2 2
19889 2 1
19889 3 1
19916 2 1
19916 3 1
19919 3 1
19921 2 1
19921 3 1
19922 2 1
19923 2 2
19923 3 1
19924 3 1
19927 2 2
19928 2 1
19928 3 1
19932 2 1
19932 3 1
19939 2 1
19940 2 1
19944 2 1
19944 3 1
19945 2 1
19946 2 2
19946 3 1
19947 2 1
19948 3 1
19960 3 1
19961 2 1
19962 2 2
19963 2 1
19963 3 1
19964 3 1
19969 3 1
19971 2 1
19972 3 1
1999 3 1
20002 2 1
20003 2 1
20004 3 1
20006 2 1
20006 3 1
2001 2 1
2001 3 1
20013 2 1
20014 2 1
20017 2 1
20019 3 1
20022 2 1
20022 3 2
20023 2 1
20024 2 2
20024 3 1
20031 3 1
20033 2 1
20033 3 1
20035 2 1
20036 3 1
2004 2 1
2004 3 1
20046 3 1
2005 2 1
20050 3 1
20085 2 1
20086 3 1
20097 2 1
20098 2 2
20098 3 1
2010 3 1
20102 2 1
20103 3 1
20105 2 1
20105 3 2
20106 2 1
20108 3 1
20111 3 1
20113 2 2
20113 3 1
20114 2 1
20115 2 1
20116 2 1
2012 2 1
20120 2 1
20121 3 2
20128 3 1
2013 2 1
2014 3 1
20140 2 1
20140 3 1
20152 2 1
20152 3 1
20155 3 1
20157 2 1
20167 3 1
20169 2 1
20169 3 1
20170 3 1
20172 2 1
20172 3 1
20176 2 2
20177 2 1
20178 2 1
20181 3 1
20183 2 2
20183 3 1
20184 2 1
20187 2 1
20196 2 2
20196 3 1
20197 2 1
20198 3 1
20200 2 1
20200 3 1
20204 3 1
20207 2 1
20208 2 1
20211 2 1
20212 2 1
20213 2 1
20214 2 2
20214 3 1
20215 2 1
20216 3 1
20221 3 1
20247 3 1
20249 3 1
20251 3 1
20253 2 1
20254 2 2
20255 2 1
20255 3 1
20257 2 1
20261 2 1
20261 3 1
20274 3 1
20276 3 1
20278 2 1
20279 2 1
20279 3 2
2028 2 1
2028 3 1
20280 3 1
20282 2 1
20282 3 1
20283 2 1
2029 2 1
20293 2 2
20293 3 1
20294 2 1
20295 2 1
20299 3 1
20306 3 1
2031 2 2
2031 3 1
2032 3 1
20329 2 1
20329 3 1
20330 2 1
20330 3 2
2034 2 1
20345 3 1
20347 3 1
2035 2 1
20350 2 1
20351 2 1
20352 3 1
20354 2 1
2036 3 1
20360 2 1
20361 2 2
20362 2 1
20362 3 1
20367 2 1
20372 3 1
20374 2 1
20374 3 1
20375 3 2
20376 3 2
20377 3 1
20379 2 1
20379 3 1
20380 3 2
20383 3 1
2039 2 1
20394 2 1
2040 3 1
20412 3 1
20414 3 1
20416 2 1
20417 3 1
20421 2 1
20421 3 1
20424 3 1
20428 2 1
20428 3 2
2043 2 1
2043 3 1
20432 2 2
20432 3 1
20433 2 1
20434 2 1
20435 3 1
20438 3 1
20441 2 2
20441 3 1
20442 2 1
20442 3 1
20447 3 1
20449 3 1
2045 3 1
20451 2 1
20451 3 1
20452 2 1
20452 3 2
20458 3 1
20461 3 1
20462 2 1
20463 3 1
20465 2 1
20465 3 1
20467 3 1
20469 2 1
20469 3 1
20472 2 1
20472 3 1
20482 3 1
20484 2 1
20484 3 1
20485 3 2
20491 2 1
20492 2 1
20493 2 2
20493 3 1
20497 2 1
20499 2 2
20500 3 1
20502 3 1
20510 2 1
20510 3 1
20513 3 1
20515 3 1
20517 3 1
2052 2 1
20520 2 1
20520 3 1
20526 3 1
20528 2 1
20528 3 2
20529 2 1
20529 3 2
2053 2 1
20530 3 2
20532 2 1
20532 3 1
20533 2 2
20533 3 1
20534 2 1
20536 3 1
2054 3 1
20546 2 1
20547 2 1
20563 3 1
20565 3 1
20567 3 1
2057 3 1
20572 3 2
20573 3 1
20585 3 1
20595 2 1
20605 3 1
20609 2 1
20609 3 1
20612 3 1
20619 3 1
20621 2 1
20622 2 1
20623 3 2
20630 2 1
20631 3 1
2064 2 2
2064 3 1
2065 2 1
20659 2 1
2066 3 1
20660 3 1
20671 2 1
20672 2 1
20673 3 1
20675 3 1
20677 2 1
20678 2 2
20678 3 1
20682 3 1
20692 3 1
20694 2 1
20694 3 1
20695 2 1
20697 3 1
20702 3 1
20704 2 1
20705 2 1
20706 2 1
20709 2 1
2071 2 1
20710 2 1
20711 3 1
20713 2 1
20716 3 1
2072 2 1
2073 2 1
20731 2 1
20732 3 1
2074 3 1
20741 2 1
20744 3 1
20752 3 1
20754 2 1
20757 2 1
20758 3 1
2076 2 1
2076 3 1
20760 3 1
20761 2 1
20771 2 1
20772 3 2
20776 2 1
20776 3 1
20779 2 1
20779 3 2
2078 3 1
20780 2 2
20780 3 1
20781 2 1
20782 3 1
20786 2 1
20787 2 1
20791 3 1
20793 2 1
20797 2 1
2080 3 1
20801 2 1
20801 3 1
20804 3 1
2081 3 2
20811 2 1
20815 2 1
20816 2 1
20819 3 1
20821 3 1
20823 2 1
20823 3 2
20825 3 1
2083 3 1
20831 2 1
20835 3 1
20836 2 1
20837 3 1
20840 3 1
20842 2 1
20842 3 1
20843 3 2
20845 3 1
20849 2 1
20850 2 2
20856 2 1
20856 3 2
20857 2 1
20858 2 1
20859 2 1
2086 3 2
20860 2 1
20861 2 1
20862 2 2
20863 3 1
20866 3 1
20869 2 1
20869 3 1
2087 3 1
20870 2 1
20871 2 1
20872 3 1
20887 2 1
20888 2 1
20890 3 1
20892 2 1
20892 3 1
20895 3 1
20897 2 1
20900 3 1
20902 2 1
20902 3 1
2091 2 1
20914 2 1
20918 2 1
20918 3 1
20919 2 1
2092 3 1
20922 3 1
20935 3 1
20939 3 1
20941 2 1
20941 3 1
20944 2 1
20944 3 1
20945 2 1
20949 2 1
20949 3 2
20950 3 1
20953 2 1
20953 3 1
20954 2 1
20954 3 2
20990 2 1
20991 3 1
21003 2 1
21003 3 2
21004 2 1
21008 2 1
21010 3 1
21012 2 1
21017 3 1
21019 3 1
21020 2 1
21021 2 1
21024 3 1
21027 2 1
21028 2 1
21029 3 1
2103 3 1
21032 2 1
21033 3 1
21041 3 1
21045 2 1
21060 3 1
21067 2 1
21074 3 1
21080 3 1
21082 2 1
21083 3 1
21085 3 1
21087 2 2
21087 3 1
21088 2 1
21089 2 1
2109 3 1
21090 3 2
21093 2 1
21093 3 1
21094 2 1
21094 3 2
21098 2 1
21099 2 1
21100 3 1
21102 2 1
21102 3 1
21103 2 1
21104 2 1
21105 2 1
21108 2 1
21108 3 1
2111 3 1
21112 3 1
21116 3 1
21121 3 1
21124 3 1
21125 2 1
21126 3 1
21128 3 1
21129 2 1
21130 2 1
21134 2 1
21141 3 1
21143 2 1
21143 3 1
21145 3 1
21147 3 1
21148 2 1
21149 3 2
2115 2 1
21152 2 1
21153 3 1
21155 2 1
21155 3 2
21156 2 1
21157 2 1
21159 3 1
2116 2 1
21163 2 1
21163 3 1
21169 2 1
21175 2 2
21176 2 1
21176 3 1
21179 3 1
21181 3 1
21185 2 1
21186 3 1
2119 2 1
2120 3 1
21203 2 1
21207 2 1
21207 3 1
21219 2 1
21220 2 2
21221 2 1
21221 3 1
21222 3 2
21225 3 1
2123 3 1
21231 2 1
21234 2 1
21234 3 1
21246 2 1
21246 3 1
2126 3 1
21263 3 1
21268 2 1
21268 3 1
21269 2 2
21270 2 1
21270 3 1
21274 3 1
21278 2 1
21279 2 1
21283 2 1
21291 2 1
21295 2 1
21331 2 1
21332 2 1
21333 3 1
21340 3 1
21346 2 1
21347 2 2
21348 2 1
21348 3 1
21349 3 2
21355 2 1
21356 3 1
21359 3 1
2136 3 1
21363 2 2
21363 3 1
21364 2 1
21364 3 1
21365 2 1
21366 3 1
21370 3 1
21373 2 1
21373 3 1
21377 3 1
2138 3 1
21390 2 1
21391 3 1
21399 2 1
21400 3 1
21402 2 1
21402 3 1
21403 2 1
21406 2 1
21406 3 1
2141 2 1
21410 2 1
21411 3 1
21414 2 1
21417 3 1
2142 3 1
21420 2 1
21420 3 1
21421 2 1
21422 2 2
21422 3 1
21423 2 1
21424 3 1
21430 3 1
21432 3 1
2144 2 1
21440 2 1
21441 2 1
21444 3 1
21445 2 1
21452 2 1
21453 2 1
21470 2 1
21471 2 2
21472 2 1
21472 3 1
21473 3 2
21475 2 2
21475 3 1
21476 2 1
21476 3 1
21479 2 1
21479 3 1
2148 2 1
21480 2 1
21482 2 2
21482 3 1
21483 2 1
21484 2 1
21485 3 1
21489 2 1
21489 3 2
2149 3 1
21491 2 1
21495 2 2
21496 2 1
21496 3 1
21498 3 2
21499 3 1
21501 2 1
21501 3 1
21505 2 1
21506 3 2
21509 3 1
2151 2 1
2151 3 1
21511 2 1
21513 3 1
21517 2 1
21518 2 1
21519 3 1
2152 2 1
21522 2 1
21522 3 1
21531 2 1
21533 3 1
2154 3 1
21551 2 1
21552 2 1
21553 2 1
21554 2 2
21554 3 1
21555 2 1
21556 3 1
21559 2 1
21559 3 1
2156 3 1
21561 3 1
21565 2 1
21574 2 1
21575 2 1
21576 2 2
21577 3 1
21578 2 1
21579 3 1
21592 2 1
21605 3 1
21614 3 1
21616 3 1
2162 3 1
21623 3 1
2164 3 1
21643 3 1
2166 2 2
2166 3 1
21663 2 1
2167 3 1
21672 2 1
21672 3 1
21678 2 1
21679 2 1
21680 3 1
21685 2 2
21686 2 1
21687 3 1
21691 2 1
21692 2 2
21692 3 1
21693 2 1
21694 3 2
21697 2 1
21698 3 1
2170 3 1
21700 2 1
21700 3 2
21707 3 1
2172 2 1
21721 3 1
21723 3 1
21727 3 1
21738 2 1
21739 3 1
2174 2 1
21742 2 1
21744 3 1
21747 2 1
21747 3 2
21748 2 1
21749 2 1
21752 3 1
21755 2 1
21756 2 1
21757 2 1
21758 3 1
2176 3 1
21760 2 1
21760 3 2
21761 2 2
21761 3 1
21762 2 1
21763 3 1
21766 2 1
21766 3 1
21767 2 1
21770 3 1
21773 2 1
21773 3 1
21777 2 1
21777 3 1
21778 3 1
2178 2 2
2178 3 1
21786 3 1
21788 2 1
21789 3 1
2179 3 1
21793 2 1
21793 3 1
21794 2 1
21794 3 2
21798 3 1
21800 3 1
21802 2 1
21803 2 1
21804 2 2
21804 3 1
21805 2 1
21809 3 1
2181 2 1
2181 3 1
21812 3 1
21817 2 1
21817 3 2
21818 2 1
21818 3 2
21819 3 1
2182 3 2
21822 3 1
21825 2 1
21828 2 1
21828 3 1
21829 2 2
21830 2 1
21830 3 1
21836 2 1
21836 3 1
21837 2 1
21838 2 2
21838 3 1
21839 3 1
2184 3 1
21843 2 1
21861 3 1
21863 2 1
21864 2 2
21864 3 1
21884 3 1
21886 2 2
21886 3 1
21887 2 1
21887 3 1
21888 2 1
21891 3 1
21907 3 1
21909 2 1
21910 3 1
21913 2 1
21925 3 1
2193 2 1
2193 3 1
2194 2 1
21942 2 1
21943 2 1
21946 2 1
21946 3 2
21948 3 1
21951 2 1
21952 2 1
21955 2 1
21955 3 1
21956 2 1
21990 3 1
21994 3 1
22000 2 1
22001 2 1
22004 3 1
22005 2 1
22006 2 1
22006 3 2
22007 3 1
22010 3 1
22017 2 2
22017 3 1
22018 2 1
22018 3 1
22024 2 1
22024 3 1
22025 2 1
22027 2 2
22027 3 1
22028 2 1
22029 2 1
22030 3 1
22037 2 1
22070 2 1
22072 3 1
22074 2 1
22075 2 1
22075 3 2
22076 2 1
22076 3 2
22077 3 1
22082 2 1
22085 3 1
22093 2 2
22093 3 1
22094 2 1
22094 3 1
22095 2 1
2210 2 2
2210 3 1
22100 3 1
22102 2 1
22102 3 1
22106 2 1
22106 3 1
22107 2 2
22108 3 1
2211 2 1
22111 3 1
22112 2 1
22113 3 1
22116 3 1
22119 3 1
2212 3 1
22123 2 1
22124 3 1
22128 3 1
22130 3 1
22134 3 1
22139 2 1
2214 2 2
2214 3 1
22140 2 1
22147 2 1
22148 2 1
2215 2 1
22152 2 1
22154 3 1
22158 3 1
2216 3 1
22160 3 1
22164 2 1
22164 3 1
22165 2 1
22165 3 2
22168 2 2
22168 3 1
22169 3 1
22177 2 1
2218 3 1
22182 2 1
22183 2 1
22184 2 1
22186 3 1
22188 3 1
2219 2 1
22190 2 2
22190 3 1
22191 3 1
22194 2 1
2220 2 1
2221 3 1
22213 2 1
22213 3 1
22214 3 2
22216 2 1
22221 2 1
2223 2 1
2223 3 2
22237 2 1
22238 3 1
2224 2 2
2225 2 1
2225 3 1
22253 2 1
22253 3 1
22254 2 1
2226 3 1
22275 2 1
22275 3 1
22276 3 1
22278 2 1
22278 3 2
2228 2 1
2228 3 1
22284 2 1
22284 3 1
22285 3 2
2230 3 1
22321 3 1
22323 2 1
22323 3 1
22326 3 1
22330 3 1
22333 2 1
22333 3 1
22336 2 1
22336 3 1
2234 3 1
22340 3 1
22343 2 1
22343 3 1
22345 2 1
22346 2 2
22346 3 1
22347 2 1
22348 3 2
22350 3 1
22352 2 1
22353 2 1
22357 3 1
2236 3 1
22360 2 1
22396 3 1
22398 2 1
2240 2 1
22400 3 1
22402 2 1
22402 3 2
22403 3 1
22405 2 1
22405 3 1
22406 2 1
22406 3 2
2241 2 2
2241 3 1
22410 2 1
22410 3 1
22411 3 1
22413 3 1
22414 2 1
22415 3 2
22418 3 1
2242 3 1
22421 2 1
22422 2 2
22422 3 1
22423 2 1
22424 3 2
22427 2 1
22427 3 1
22428 2 1
22429 2 1
22430 2 2
22431 2 1
22431 3 1
22432 3 2
22434 2 1
22434 3 1
22438 3 1
2244 3 1
22441 3 1
22451 2 1
22451 3 1
22452 3 1
22454 3 1
22457 2 1
22457 3 1
22458 3 2
2246 3 1
22460 2 1
22466 2 1
22466 3 1
22467 3 1
22471 3 1
22472 2 1
22472 3 2
22473 2 1
2248 2 1
22484 2 1
22485 2 1
22486 3 1
22488 2 1
2249 3 1
22492 2 1
22492 3 1
22493 2 2
22493 3 1
22494 2 1
22495 3 1
22498 2 1
22498 3 2
22504 2 1
22504 3 1
22505 3 2
22506 3 1
22511 3 1
22520 2 1
22520 3 2
22528 3 1
22543 2 1
22544 2 1
22545 3 1
22565 2 1
22565 3 1
22566 3 1
22568 2 1
22573 3 1
22587 3 1
22589 3 1
22591 2 1
22592 3 1
22605 2 2
22605 3 1
22606 2 1
22607 2 1
22608 3 1
22610 3 1
22611 2 1
22612 3 1
22614 2 1
22615 2 1
22616 2 1
22617 2 1
22624 3 1
2264 2 1
2265 2 1
22650 2 1
22653 3 1
22656 3 1
22658 3 1
22659 2 1
22659 3 2
2266 3 1
22662 2 1
22662 3 1
22665 2 1
22665 3 1
22670 2 1
22670 3 2
22671 2 1
22676 3 1
22678 2 1
22678 3 1
22679 2 2
22679 3 1
22680 2 1
22682 3 1
22686 2 1
22686 3 1
22687 3 2
2269 2 1
2269 3 2
22692 3 1
22708 3 1
22721 3 1
22726 2 1
22726 3 2
22731 2 1
22732 2 1
22733 3 2
22735 2 1
22736 3 1
22740 2 2
22740 3 1
22741 2 1
22745 2 1
22745 3 1
22747 2 1
2275 2 1
22752 3 1
22754 2 1
22754 3 1
22755 2 1
22761 2 1
22762 2 1
22763 2 1
22764 2 2
22765 3 1
22767 2 1
22771 2 2
22771 3 1
22772 2 1
22772 3 1
22780 2 1
22781 2 2
22782 3 1
22784 2 1
22785 3 1
22787 2 1
22787 3 2
22788 2 1
22789 3 1
22791 3 1
22794 2 1
22795 2 2
22795 3 1
22796 2 2
22796 3 1
22797 3 1
22799 2 1
22799 3 1
22800 2 2
22800 3 1
22801 2 1
22802 3 1
22806 3 1
22807 2 1
22808 2 1
22809 2 1
2281 2 1
2281 3 1
22810 3 1
22816 3 1
22819 3 1
2282 3 2
22821 2 1
22822 2 2
22823 3 1
22825 2 1
22826 2 1
22826 3 2
22827 2 1
22827 3 2
22828 3 1
22835 2 1
2284 2 1
2284 3 1
22840 2 1
22841 2 2
22842 2 1
22842 3 1
22843 2 1
22844 2 1
22845 2 1
22848 2 1
22849 2 1
22850 3 1
22862 2 1
22870 2 1
22871 2 1
22875 2 1
22876 2 1
22877 3 1
2288 3 1
22881 2 1
22881 3 1
22886 3 1
22895 2 2
22895 3 1
22896 3 1
2290 3 1
22914 2 1
22915 3 1
22917 3 1
22919 2 1
22919 3 2
2292 3 1
22920 3 1
22922 2 1
22932 2 1
22933 2 1
22938 2 1
22942 2 1
22943 3 1
2295 2 1
2295 3 1
2296 2 2
2296 3 1
2297 2 1
22983 2 1
22984 3 1
22986 2 1
22986 3 2
22987 2 2
22987 3 1
22988 2 1
22989 3 1
22991 2 1
22991 3 1
22995 3 1
22999 2 1
22999 3 1
23000 3 1
23007 2 1
23008 2 2
23009 3 1
2301 2 1
23012 2 1
23013 2 1
23014 3 1
23017 2 1
23018 2 1
2302 3 1
23023 3 1
23030 2 1
2304 2 1
2304 3 1
2305 2 1
23051 3 1
23054 2 1
23055 2 1
23055 3 2
23056 3 1
23058 3 1
2306 3 1
23063 2 1
23063 3 1
23064 3 1
23066 3 1
23068 2 1
23068 3 1
23069 2 1
23072 3 1
23073 2 1
23073 3 2
23074 2 1
23075 2 2
2308 3 1
23082 2 1
23083 2 2
23083 3 1
23084 3 1
23086 3 1
23087 2 1
23088 2 1
23088 3 2
23089 2 1
23089 3 2
23090 3 1
23095 2 1
23097 3 1
23101 2 1
23102 3 2
23104 3 1
23106 3 1
2311 2 1
2311 3 1
23110 3 1
23112 2 1
23113 3 1
23116 2 1
23117 3 1
23119 2 1
23119 3 2
2312 2 1
23120 2 2
23120 3 1
23121 2 1
23123 3 1
23125 2 1
23126 2 2
23127 3 1
23129 2 2
23129 3 1
2313 3 1
23130 3 1
23133 2 1
23135 2 1
23136 3 2
23141 2 1
23142 2 1
23143 2 1
23144 3 1
23146 2 1
23146 3 2
23147 3 1
23149 2 1
23151 3 1
23153 3 1
23156 2 1
23156 3 1
23157 2 1
2316 2 1
2316 3 1
23168 3 1
23170 3 1
23172 3 1
23180 2 1
23181 2 1
23182 3 1
23203 2 1
23204 3 1
23216 3 1
2322 2 1
2322 3 1
23221 3 1
23225 2 2
23225 3 1
23226 2 1
2323 2 1
23231 3 1
23241 3 1
23247 2 1
2325 3 1
23264 3 1
23265 2 1
23266 2 1
23267 3 1
23269 3 1
2327 3 1
23270 2 1
23271 3 1
23273 3 1
23276 2 1
2329 2 1
2330 2 2
2330 3 1
2331 3 1
23314 2 1
23315 2 1
23319 2 1
23320 2 1
23321 3 2
23325 2 1
23326 2 1
23329 2 2
2333 2 1
2333 3 1
23331 2 1
23333 3 1
23335 2 1
23335 3 1
23337 3 1
23340 2 1
23341 3 1
23345 2 1
23347 3 1
23352 2 1
2337 2 1
2337 3 1
23371 2 1
23372 2 1
23379 3 1
23381 3 1
23383 3 1
23385 2 1
23385 3 1
23386 2 2
23387 2 1
23387 3 1
23388 3 2
2339 2 2
2339 3 1
23390 3 1
23392 2 1
23393 2 2
23394 3 1
23396 3 1
23398 3 1
2340 3 1
23402 2 1
23403 3 1
23406 3 1
23407 2 1
23408 2 1
23409 2 1
23410 2 1
23411 3 1
23413 2 1
23416 3 1
23418 2 1
23418 3 1
23419 2 1
23427 2 1
23427 3 2
23428 3 1
23432 2 1
23432 3 1
23433 2 1
23436 3 1
2344 2 1
23440 2 1
23441 3 1
23443 2 1
23446 2 2
23446 3 1
23447 2 1
23448 2 1
2345 3 1
23453 3 1
23457 2 1
23458 2 1
23459 2 2
23460 3 1
23466 2 1
23466 3 1
23467 2 1
23469 2 1
23471 3 1
23475 2 1
23476 2 1
23477 3 2
23481 3 1
23483 2 1
23484 3 1
23486 3 1
23495 2 2
23496 2 1
23496 3 1
23497 2 1
23500 3 1
23503 2 1
23504 2 1
23505 3 1
2351 2 1
2351 3 1
23513 2 1
23514 2 1
23515 3 1
23519 3 1
23521 2 1
23528 3 1
23533 2 2
23534 2 1
23535 2 1
23539 2 1
23539 3 1
23546 3 1
23551 2 1
23551 3 2
23554 3 1
23560 2 1
2357 2 1
23576 3 1
23578 3 1
23579 3 2
23580 2 1
23581 2 1
23582 2 1
23583 3 1
23585 3 1
2361 2 1
2361 3 2
23651 2 1
23651 3 1
23652 3 1
23657 3 1
2366 3 1
23664 2 1
23673 2 1
23673 3 1
23675 3 1
2369 2 2
23690 3 1
2370 2 1
23704 3 1
23709 2 1
2371 3 1
23710 2 2
23710 3 1
23711 2 1
23715 3 1
23718 2 1
23719 2 2
23719 3 1
23720 2 1
23721 3 2
23722 3 1
23724 3 1
2373 3 1
23733 2 2
23733 3 1
23734 2 1
23734 3 1
23735 2 1
23741 3 1
2375 2 1
23751 2 1
23751 3 1
23752 3 1
23756 2 1
23756 3 1
23757 2 1
2376 2 1
23761 2 1
23761 3 1
23766 2 1
23766 3 2
23767 2 1
23768 2 1
23769 3 1
23771 3 1
23774 3 1
23775 2 1
23779 3 1
23780 2 1
23781 3 1
23783 3 1
23791 2 1
23793 3 1
23795 2 1
23795 3 1
2380 2 1
23801 2 1
23802 3 1
23807 2 1
23807 3 1
23808 3 1
23811 3 1
23814 2 1
23814 3 2
23815 2 2
23815 3 1
23816 2 1
23817 2 1
23818 2 1
23819 2 1
2382 3 1
23820 3 1
23824 3 1
23825 2 1
23831 2 1
23833 3 1
23835 3 1
23837 2 1
23837 3 1
23838 2 1
23838 3 2
23839 2 1
2384 2 1
23840 3 1
2385 2 1
23853 3 1
23858 3 1
23876 3 1
23879 2 1
23879 3 1
23880 2 1
23881 3 1
23884 2 1
2389 3 1
23894 2 1
23894 3 1
2390 2 1
23906 2 1
23907 2 2
23907 3 1
23908 2 1
23909 3 1
23913 2 1
23914 2 1
23915 2 2
23916 2 1
23916 3 1
2392 2 1
23926 2 1
23926 3 1
23929 2 1
2393 2 1
2396 2 1
23973 2 1
23974 2 1
23975 2 1
23977 3 1
23979 2 1
23979 3 1
23980 2 1
23980 3 2
23981 2 2
23982 3 1
23984 2 1
23984 3 1
23985 2 1
2399 2 1
23991 2 1
23997 3 1
2400 3 1
24001 2 1
24005 3 1
24008 3 1
24012 2 1
24013 3 1
24020 2 1
24020 3 2
24021 2 1
24022 3 1
24025 3 1
24027 3 1
24029 3 1
24033 2 1
24037 2 1
24038 3 1
24040 3 1
24044 2 1
24045 2 2
24046 2 1
24046 3 1
2405 2 1
24051 2 1
24051 3 1
24052 2 2
24053 2 1
24053 3 1
24054 3 2
24056 3 1
24057 3 2
24058 2 1
24059 3 1
24063 2 1
24068 2 1
24068 3 1
24069 2 1
24069 3 2
24070 2 1
24075 2 1
24075 3 1
24078 2 1
24079 3 1
2408 2 1
2408 3 2
24081 2 2
24081 3 1
24082 3 1
24086 3 1
2409 2 2
2409 3 1
24091 3 1
24094 2 1
24094 3 1
24095 2 1
24096 3 1
24099 2 1
24099 3 2
2410 2 1
24100 2 2
24100 3 1
24101 2 1
24107 2 1
24107 3 1
24108 2 1
24108 3 2
2411 3 1
24111 3 1
24113 3 1
24118 2 1
24118 3 1
24119 2 1
24121 3 1
24124 2 1
24128 3 1
24129 2 1
2413 3 1
24130 3 1
24132 3 1
24134 3 1
24135 2 1
24135 3 2
24136 2 1
24137 2 2
24138 3 1
24142 2 1
24143 2 1
24144 2 1
24145 3 2
24150 2 1
24151 2 1
24159 2 1
24159 3 1
2416 2 1
2416 3 1
24161 3 1
24163 3 1
24165 2 1
24165 3 2
24166 2 2
24166 3 1
24167 2 1
24168 3 1
24170 3 1
24175 3 1
24179 2 1
24182 2 1
24201 2 1
24201 3 1
24204 2 1
24205 2 2
24205 3 1
24206 2 1
24207 3 1
24209 3 1
2421 3 1
24211 3 1
24216 3 1
24218 3 1
24224 3 1
24228 3 1
24247 2 1
24248 3 1
24256 3 1
24261 3 1
24263 3 1
24307 2 1
24308 2 2
24308 3 1
24309 2 1
24310 3 1
24312 3 1
24314 3 1
24317 2 2
24318 2 1
24318 3 1
2432 3 1
24320 3 1
24324 2 1
24324 3 2
24325 3 1
24327 3 1
24335 2 1
24335 3 2
24336 3 1
24338 2 1
24340 3 2
24341 3 1
24343 2 1
24344 3 1
24348 2 1
24349 2 1
24349 3 2
24350 3 1
24352 3 1
24354 2 1
24354 3 1
24355 2 2
24356 2 1
24356 3 1
24357 3 2
24359 3 1
2436 2 1
24365 2 1
24365 3 1
24368 2 1
24369 2 1
2437 2 1
24370 3 2
24376 3 1
24380 2 1
24383 2 1
24384 2 1
24385 2 2
24385 3 1
24386 2 1
24387 3 1
24389 3 1
24395 2 1
24395 3 1
24396 3 1
24398 2 1
24399 3 1
24405 3 1
24409 3 1
24411 2 2
24411 3 1
24412 2 1
24413 2 1
24414 3 1
24416 3 1
24421 3 1
24424 3 1
24426 2 1
24429 2 1
24432 3 1
24434 2 1
24435 2 1
24436 2 2
24436 3 1
24437 2 1
24438 3 1
2444 3 1
24442 2 1
24447 2 1
24447 3 1
24451 2 1
24454 3 1
24456 2 1
24456 3 1
24457 2 1
24460 3 1
24462 2 1
24462 3 2
24463 2 2
24463 3 1
24464 2 1
24465 3 1
2447 3 1
24470 2 1
24472 3 1
24475 2 1
24475 3 1
24476 2 1
24476 3 2
24477 2 1
24478 3 1
24482 3 1
24484 3 1
24486 2 1
24486 3 1
24487 2 1
24488 2 2
24488 3 1
24489 3 1
24491 2 1
24491 3 2
24492 2 2
24492 3 1
24493 2 1
24498 3 1
24500 2 1
24501 2 1
24503 3 1
24505 2 2
24505 3 1
24506 3 1
24508 3 1
2451 2 1
24510 3 1
24512 3 1
24515 3 1
24517 3 1
2452 2 1
24521 2 1
24522 2 1
24532 2 1
24533 3 1
24535 3 1
24537 3 1
24539 2 1
24539 3 2
24540 2 2
24540 3 1
24541 2 1
24544 2 1
24545 2 1
24548 2 1
24553 2 1
24553 3 1
24554 3 2
24557 2 1
2456 3 1
24578 2 1
24579 3 1
24588 2 1
24589 2 1
24590 2 2
24590 3 1
24591 3 1
24593 3 1
24604 3 1
24634 2 1
24635 2 1
24636 3 1
24638 3 1
24640 3 1
24642 2 1
24642 3 2
24643 2 1
24643 3 2
24644 2 2
24645 2 1
24645 3 1
24647 2 1
24648 3 2
2465 2 1
24650 3 1
24652 3 1
24653 2 1
24654 2 1
24657 2 1
24658 2 1
24658 3 2
24659 3 1
2466 2 2
24662 3 1
24663 2 1
24664 2 1
24665 2 1
2467 2 1
2467 3 1
24670 2 1
24670 3 1
24674 2 1
24675 2 1
24676 3 1
24679 2 1
24679 3 1
24686 2 1
24686 3 2
24687 2 1
24688 2 2
24688 3 1
24690 2 1
24700 2 1
24700 3 1
24701 2 1
24706 2 1
24715 3 1
24717 3 1
24719 2 1
24719 3 2
2472 3 1
24720 2 1
24721 3 1
24724 2 1
24724 3 1
24725 2 2
24726 3 1
24729 2 1
24733 2 1
24734 2 1
24735 3 2
24737 2 1
24737 3 1
24738 2 1
24739 2 2
24740 2 1
24740 3 1
24744 2 1
24744 3 2
24745 2 1
24745 3 2
24746 3 2
24751 2 2
24751 3 1
24752 2 1
24752 3 1
24753 2 1
24754 3 2
24757 3 1
24759 3 1
24762 3 1
24766 3 1
24769 2 1
24770 2 1
24772 3 1
24776 2 1
24776 3 1
24777 3 2
24782 3 1
24783 2 1
24784 2 2
24785 2 1
24785 3 1
24786 3 2
24790 2 1
24791 2 1
24792 2 1
24793 3 2
24795 3 1
24797 2 1
24797 3 1
24800 3 1
24802 2 1
24803 3 1
24805 2 1
24806 3 1
24808 2 1
24809 2 1
24810 2 1
24811 2 2
24811 3 1
24812 3 1
24814 2 1
24818 2 1
24819 2 2
24820 2 1
24820 3 1
24821 2 1
24822 3 2
24824 3 1
24826 2 1
24827 2 2
24827 3 1
24828 3 1
24833 2 1
24833 3 2
24834 2 2
24834 3 1
24835 2 1
24838 2 2
24838 3 1
24839 2 1
24839 3 1
2484 2 1
24842 3 1
24847 2 1
24848 3 1
24854 3 1
24867 2 2
24867 3 1
24868 2 1
24868 3 1
24869 2 1
2487 2 1
24872 3 1
24874 3 1
2488 3 1
24883 2 1
24884 2 1
24896 3 1
2490 3 1
2491 2 1
24920 2 1
24921 2 2
24922 2 1
24922 3 1
24923 3 2
24925 2 1
24934 2 1
24935 2 1
2494 3 1
2496 2 1
2496 3 2
24966 3 1
24968 2 1
24968 3 2
24969 2 2
24969 3 1
24970 2 1
24971 2 1
24972 2 1
24973 3 1
24975 3 1
24978 2 1
24978 3 1
24979 2 2
24979 3 1
24980 2 1
24988 2 1
24988 3 1
2499 2 1
2499 3 1
24991 2 1
24991 3 1
24998 2 1
24998 3 1
25006 2 1
25007 3 1
25009 3 1
25011 2 1
25011 3 1
25014 2 1
25015 2 1
25015 3 2
25016 3 1
25018 2 1
25018 3 2
25020 3 1
25022 3 1
25023 3 2
25028 2 1
25029 2 2
25029 3 1
25030 3 1
25033 3 1
25034 2 1
25035 3 1
25039 3 1
25040 2 1
25042 2 1
25043 3 1
25045 3 1
25048 2 1
25049 3 1
25051 3 1
25053 2 1
25053 3 1
25056 3 1
2506 3 1
25060 3 1
25063 3 1
25065 2 1
25065 3 1
25070 3 1
25074 2 1
25074 3 1
25075 2 1
25076 2 1
25077 3 1
2508 2 1
2508 3 2
25081 2 2
25081 3 1
25082 3 1
25084 2 1
25084 3 1
25085 2 1
25089 2 1
25090 3 1
25092 2 1
25093 2 1
25094 3 1
25096 2 1
25096 3 2
25097 2 1
25099 3 1
25102 2 2
25102 3 1
25103 2 1
25103 3 1
25104 3 1
25109 2 1
2511 2 1
2511 3 2
25110 2 1
25115 2 1
25116 2 1
25117 3 1
2512 2 1
25123 2 1
25123 3 1
25124 2 2
25124 3 1
25125 2 1
25126 2 1
25130 3 1
25133 2 1
25134 3 1
25136 3 1
25141 2 1
25150 3 1
25152 2 1
25152 3 1
25153 2 1
25153 3 2
25157 2 1
25162 2 1
25162 3 1
25163 2 1
25168 2 1
25169 3 2
25172 2 1
25173 3 1
25183 2 1
25186 2 1
25186 3 1
25187 2 1
25187 3 2
25188 2 1
25188 3 2
25191 2 1
25195 2 1
25196 2 2
25196 3 1
25197 2 1
2520 2 1
25202 3 1
25204 2 1
25205 3 1
25207 2 1
25207 3 1
25208 2 1
2521 2 1
25234 2 1
25252 2 1
25253 2 1
25254 2 1
2526 3 1
25291 3 1
25294 2 1
25295 2 2
25295 3 1
25297 2 1
25298 2 1
25299 3 2
25304 2 1
25307 2 1
25307 3 1
25308 2 2
25309 3 1
25311 3 1
25312 2 1
25313 3 1
25316 2 1
25316 3 1
25317 2 1
25317 3 2
25321 3 1
25324 2 1
25324 3 1
25325 2 1
25325 3 2
25326 2 1
25334 2 1
25334 3 1
25335 3 1
25337 3 1
25339 2 2
25339 3 1
25340 2 1
25340 3 1
25343 3 1
25345 2 1
25346 2 2
25347 2 1
25347 3 1
25348 3 1
25350 2 1
25350 3 2
25351 2 2
25351 3 1
25352 2 1
25353 3 1
25359 2 1
25359 3 2
25362 2 1
25362 3 1
25363 3 2
25365 2 2
25365 3 1
25366 2 1
25366 3 1
25368 2 1
25369 3 2
2537 3 1
25375 2 1
25375 3 2
25376 2 1
25378 2 2
25378 3 1
25379 2 1
25380 2 1
25381 3 2
25383 3 1
25385 2 1
25385 3 1
25388 2 1
25388 3 1
2539 2 1
25394 2 1
25395 2 2
2540 3 2
25400 2 1
25400 3 2
25401 2 1
25402 2 1
25403 2 2
25403 3 1
25404 3 1
25407 2 1
25407 3 2
25408 3 1
25411 2 1
25414 3 1
2542 3 1
25420 3 1
25424 2 1
25425 2 1
25426 3 1
25429 2 1
25429 3 2
25430 3 1
25432 2 2
25432 3 1
25433 2 2
25433 3 1
25434 2 1
2544 3 1
25441 3 1
25442 2 1
25443 3 1
25447 3 1
25451 2 1
25451 3 1
25452 2 1
25453 2 2
25454 3 1
25459 2 1
25459 3 1
2546 2 1
25460 2 2
25461 2 1
25461 3 1
25462 3 1
25468 2 1
25469 3 1
2547 2 1
25474 2 1
25474 3 1
25476 3 1
2548 3 2
25480 2 1
25481 2 2
25481 3 1
25482 2 1
25483 3 1
25492 3 1
25499 2 1
25499 3 1
25500 3 1
25503 2 1
25516 2 1
25517 2 1
25518 3 1
2552 2 1
25522 3 1
2553 3 1
25532 3 1
25535 2 1
25536 2 1
2555 2 2
2555 3 1
25554 3 1
2556 2 2
2556 3 1
2557 2 1
2557 3 1
25592 2 1
25593 3 1
2561 2 1
2562 3 1
25623 3 1
25625 2 1
25627 3 1
25629 2 1
25629 3 1
25630 2 1
25631 2 1
25632 2 1
25634 3 1
25637 3 1
25639 3 1
2564 3 1
25641 3 1
25643 3 1
25646 2 1
25647 3 1
25649 2 1
25649 3 1
25654 2 1
25655 3 1
25657 3 1
2566 2 1
25661 2 1
25662 3 1
25664 2 2
25664 3 1
25665 2 1
25666 2 1
25667 3 2
25669 2 2
25669 3 1
2567 3 1
25670 3 1
25673 2 1
25675 3 1
25677 2 2
25677 3 1
25678 2 1
25679 2 1
25683 2 1
25684 3 1
25686 3 1
25688 2 1
25689 3 1
25692 2 1
25692 3 2
25693 2 1
25693 3 2
25694 2 2
25694 3 1
25695 2 1
25696 3 2
25699 2 1
25699 3 1
25700 2 1
25700 3 2
25702 3 1
25703 2 1
25704 2 1
25705 3 1
25708 3 1
2571 2 1
25711 2 1
25711 3 1
25712 2 1
25712 3 2
25713 2 2
25714 2 1
25714 3 1
2572 2 2
25720 2 2
25721 2 1
25721 3 1
25722 2 1
25724 3 1
25726 3 1
25728 2 1
25729 2 1
2573 2 1
2573 3 1
25730 3 1
25733 2 1
25733 3 2
25736 2 1
25736 3 1
25737 2 1
25744 3 1
25746 3 1
25747 2 1
25748 3 1
25752 2 1
25753 3 1
25756 2 1
25757 2 1
25759 2 1
2576 2 1
25762 2 1
25773 2 2
25773 3 1
25774 2 1
25774 3 1
25775 2 1
25779 2 1
25779 3 1
25786 2 1
25787 2 1
25791 2 2
25791 3 1
25792 2 1
25800 2 1
25801 2 1
25802 3 1
25804 3 1
25807 2 1
25808 3 1
25811 3 1
25814 2 1
25815 2 1
25815 3 2
25816 3 1
25822 2 1
25822 3 2
25823 2 1
25823 3 2
25824 2 1
25824 3 2
25825 3 1
25828 2 1
25828 3 1
25829 2 2
25830 3 1
25837 2 1
25842 2 1
25844 3 1
25848 2 1
25854 3 1
25856 3 1
25862 3 1
25868 2 1
2587 2 1
2588 3 1
25939 2 1
25939 3 1
25940 3 1
25943 3 1
25950 3 1
25952 2 1
25952 3 1
25958 2 1
2596 2 2
2596 3 1
25964 2 1
25964 3 2
25965 3 1
25967 3 1
25969 2 1
2597 2 1
2597 3 1
25973 2 1
25974 2 1
25975 3 1
25977 3 1
2598 2 1
25981 2 1
25982 3 1
25985 3 1
25987 2 1
25989 3 1
2599 3 1
25994 3 1
25997 2 1
25997 3 1
25998 2 2
25998 3 1
25999 2 1
26000 3 2
26006 2 1
26010 3 1
26011 2 1
26012 3 1
26014 2 1
2602 3 1
26020 2 1
26021 2 1
26022 2 1
26023 2 1
26026 2 1
26026 3 1
26027 3 1
26029 2 1
26030 3 1
26032 3 1
26035 3 1
26038 2 1
26038 3 2
26039 3 1
2604 3 1
26041 2 1
26042 3 1
26044 3 1
26047 2 1
26047 3 1
26049 3 1
26050 2 1
26054 3 1
26056 2 1
26056 3 2
26058 3 1
26062 2 1
26063 3 1
26066 3 1
2607 2 1
2607 3 1
26071 2 1
26071 3 1
26072 2 1
26072 3 2
26073 2 1
26073 3 2
26074 2 2
26075 2 1
26075 3 1
26076 3 2
26078 2 2
26078 3 1
26079 2 1
26079 3 1
2608 2 1
2609 3 1
26095 3 1
26101 2 1
26102 2 2
26102 3 1
26103 2 1
26106 3 1
26107 2 1
26108 2 2
26108 3 1
26113 2 1
26113 3 1
26115 3 2
26116 3 1
2613 2 1
26132 2 1
26140 2 1
26140 3 1
26145 2 1
26146 2 2
26147 2 1
26147 3 1
26148 2 1
26149 3 1
26151 2 1
26151 3 1
26152 2 1
26153 2 1
26154 2 1
26158 3 1
26160 2 1
26171 2 1
26171 3 1
26173 2 1
26179 3 1
26183 2 1
26186 3 1
26188 2 1
26188 3 1
26189 2 1
26189 3 2
2619 2 1
26191 2 1
26197 2 1
26197 3 1
2622 2 1
2623 3 1
2625 2 2
2625 3 1
2626 3 1
26268 2 1
26268 3 1
26269 2 2
26270 3 1
26273 3 1
26292 2 1
26292 3 1
26293 2 1
26294 2 1
26295 3 2
26297 3 1
26305 3 1
26307 2 2
26307 3 1
26308 2 1
26308 3 1
2631 2 2
26310 3 1
26319 2 1
26319 3 2
2632 2 1
26327 2 2
26327 3 1
26328 3 1
26330 2 1
26330 3 1
26332 2 1
26333 2 1
26334 2 1
26336 3 1
26338 2 1
26338 3 1
26339 2 1
26342 3 1
26345 3 1
26347 2 1
26348 2 1
26350 3 1
26355 2 1
26355 3 1
26356 2 2
26357 3 1
2636 2 1
26360 3 1
26362 2 1
26364 2 1
26365 2 2
26366 2 1
26366 3 1
26367 2 1
26367 3 2
2637 2 1
26372 3 1
26374 3 1
26377 3 1
26379 3 1
26383 2 1
26383 3 1
26384 2 2
26385 2 1
26385 3 1
26386 3 1
26388 2 1
26393 2 1
26394 3 1
26397 3 1
26401 2 1
26402 2 1
26403 3 1
26405 2 1
26405 3 2
26406 2 1
26407 2 2
26407 3 1
26408 2 1
26409 3 2
2641 3 1
26411 3 1
26413 3 1
26415 2 1
26415 3 1
26416 2 1
26416 3 2
26417 2 1
26417 3 2
26419 3 1
26425 2 1
2643 2 1
26432 3 1
26435 2 1
26435 3 1
26438 2 1
2644 2 1
26441 2 2
26442 2 1
26442 3 1
26445 2 1
26445 3 1
26446 2 2
26447 2 1
26447 3 1
2645 2 2
2645 3 1
2646 3 1
26460 2 1
26461 3 1
26463 3 1
26468 2 1
26469 2 1
26470 3 2
26472 2 1
26472 3 1
26477 3 1
26479 2 2
26479 3 1
26480 2 1
26480 3 1
26486 2 1
26486 3 1
26487 2 1
26487 3 2
26500 2 1
26500 3 1
26506 2 1
26506 3 1
26507 3 1
26509 2 1
26512 3 2
26513 3 1
26516 2 1
26516 3 2
26517 2 2
26517 3 1
26518 2 1
2652 3 1
26521 3 1
26528 2 1
26531 3 1
26533 2 1
26534 2 1
26535 3 1
2655 3 1
2657 2 1
2658 3 1
26584 3 1
26594 2 1
26595 3 1
26597 2 1
26597 3 1
2660 2 1
2660 3 2
26600 2 1
26601 2 1
26602 2 2
26602 3 1
26603 2 1
26609 2 1
26609 3 1
2661 2 2
26612 2 1
26614 2 1
26615 3 1
2662 2 1
2662 3 1
26621 2 1
26621 3 1
26622 3 2
26625 2 1
26625 3 1
26629 2 1
26629 3 1
2663 3 2
26631 3 1
26635 2 1
26635 3 2
26636 2 2
26636 3 1
26637 2 1
26638 3 2
26640 2 2
26640 3 1
26641 2 1
26641 3 1
26645 2 1
26646 3 1
26648 2 1
26648 3 1
26649 3 1
26654 2 1
26655 2 1
26656 2 1
26657 2 2
26658 3 1
2666 2 1
2666 3 1
26672 2 1
26673 2 1
26674 2 2
26674 3 1
26675 2 1
26676 3 2
26677 3 1
26680 2 1
26681 3 1
26683 2 1
26683 3 1
26684 2 1
26684 3 2
26689 2 1
2669 2 1
2669 3 2
26696 2 1
26699 2 1
26700 3 1
26702 3 1
26704 2 1
26705 2 1
26708 2 1
26711 2 1
26711 3 1
26715 2 2
26715 3 1
26716 2 1
26717 3 1
26726 2 1
26727 3 2
26734 2 1
26735 3 1
26737 3 1
26739 2 1
26739 3 1
26743 2 1
26743 3 2
26744 2 2
26744 3 1
26745 2 1
26746 2 1
26747 3 1
26749 3 1
2675 2 1
26756 2 1
26757 2 1
2676 3 1
26764 2 1
26764 3 1
26770 3 1
26771 2 1
26772 3 2
26774 2 1
26774 3 1
26787 3 1
2679 2 1
2679 3 1
26793 2 1
26800 2 1
26800 3 1
26809 2 1
2681 2 2
26810 3 2
26813 2 1
26813 3 1
26814 2 1
26815 2 2
26815 3 1
26816 2 1
26817 3 1
2682 3 1
26835 2 1
26835 3 1
26836 2 2
26837 3 1
26842 2 1
26842 3 1
26845 2 1
26845 3 1
26846 2 1
26849 3 1
26850 2 1
26850 3 2
26861 2 1
26862 3 1
2689 2 1
2689 3 1
2690 2 1
2691 3 1
26920 3 1
26926 2 1
26932 3 1
26939 3 1
26947 3 1
26948 2 1
26949 3 1
2695 2 1
2695 3 1
26952 2 1
26953 2 1
26954 2 1
26955 2 2
26958 2 1
2696 3 2
26961 2 1
26962 3 1
26964 2 1
26964 3 1
26965 2 1
26968 2 1
26968 3 1
26969 2 2
26969 3 1
26970 2 1
26971 3 2
26976 3 1
26978 2 2
26978 3 1
26979 2 1
26988 2 1
26989 2 2
26989 3 1
26992 2 1
26993 3 1
26995 2 1
26995 3 1
26998 2 1
26999 2 1
26999 3 2
27000 3 1
27004 3 1
27006 2 1
27006 3 1
2701 2 1
27011 2 1
27011 3 2
27012 2 2
27012 3 1
27013 2 1
27014 3 1
27017 3 1
27019 3 1
27031 2 1
27040 2 1
27040 3 1
27041 2 2
27044 2 1
27057 2 1
27057 3 1
27058 3 1
27061 2 1
27061 3 1
27062 2 1
27067 2 1
27068 2 1
27069 2 2
27070 3 1
27072 2 1
27073 2 1
27077 3 1
27079 2 1
27079 3 2
27080 3 1
27083 2 1
27083 3 1
27084 2 1
27092 2 1
27093 2 1
27099 2 1
27099 3 1
27102 2 1
27102 3 1
27106 2 1
27106 3 1
27117 3 1
2712 3 1
27120 3 1
27121 2 1
27122 3 1
27127 2 1
27128 2 1
27129 2 2
27129 3 1
27132 2 1
27140 2 1
27140 3 1
27141 2 1
27142 2 2
27142 3 1
27143 3 1
27145 3 1
27147 3 1
27153 3 1
2716 3 1
27163 2 1
27163 3 1
27167 2 1
27168 2 1
27169 2 1
2717 2 1
27171 2 1
27175 3 1
27179 2 1
27180 3 1
27183 2 1
27184 3 1
27187 2 1
27189 2 1
27190 3 1
27192 2 1
27193 3 1
27250 2 1
27251 2 1
27252 2 1
27256 3 1
27258 2 1
27258 3 1
27259 2 1
27265 3 1
27269 3 1
27271 2 1
27271 3 1
27272 2 1
27274 3 1
27275 2 1
27280 2 1
27282 3 1
27298 2 2
27298 3 1
27299 3 1
27301 2 1
27301 3 1
27302 2 1
27303 2 1
27304 2 1
27306 2 2
27307 2 1
27307 3 1
27313 2 1
27314 3 1
27319 2 1
2732 2 1
2732 3 1
27321 3 1
27323 2 1
27324 2 1
27325 3 2
27329 2 1
27329 3 1
2733 2 1
27333 2 1
27333 3 1
27336 3 1
2734 3 2
27340 2 1
27340 3 1
27341 2 1
27341 3 2
27342 3 2
27344 3 1
27347 3 1
27349 2 1
2735 3 1
27350 2 1
27350 3 2
27351 3 1
27353 3 1
27354 2 1
27355 3 1
27357 3 1
27358 2 1
27359 2 1
27361 3 1
2737 2 1
2737 3 1
27370 3 1
27372 3 1
2738 2 1
27386 2 1
27386 3 1
27387 2 2
27388 3 1
27391 3 1
27394 3 1
27395 2 1
27396 3 1
27400 2 1
27400 3 2
27402 3 1
27405 2 1
27405 3 1
27406 2 1
27406 3 2
27407 2 2
27408 2 1
27408 3 1
2741 3 1
27412 2 1
27412 3 1
27418 2 1
27418 3 1
27422 3 1
27425 2 1
27425 3 1
27426 2 1
27427 3 1
27429 3 1
2743 3 1
27438 3 1
27440 3 1
27442 3 1
27447 2 1
27448 2 1
27449 2 2
27449 3 1
27450 3 1
27452 2 1
27459 2 1
27459 3 2
2746 3 1
27461 3 1
27463 3 1
27470 3 1
27472 2 1
27473 2 2
27474 2 1
27474 3 1
27475 3 2
27477 2 1
27478 3 1
27480 2 1
27483 3 1
27490 2 1
27491 3 1
27505 3 1
27510 2 1
27511 3 1
27513 3 1
27518 2 1
27523 2 1
27526 3 1
27535 2 1
27583 3 1
27585 2 2
27585 3 1
27586 3 1
27588 3 1
27590 3 1
27594 2 1
27595 2 2
27596 2 1
27596 3 1
27597 3 1
27604 3 1
27606 3 1
27607 2 1
27608 2 1
27610 3 1
27612 3 1
27614 2 1
27614 3 1
27615 2 1
27618 2 1
27619 3 1
2762 2 1
27621 2 1
27621 3 1
27624 2 1
27625 3 1
27627 2 1
27627 3 1
27628 2 2
27629 3 1
27631 3 1
27635 3 1
27636 2 1
27639 2 1
27639 3 1
27641 3 1
27645 2 1
27646 2 1
27647 3 1
27651 2 1
27652 3 1
27655 2 1
27655 3 1
27656 2 1
27656 3 2
27657 2 1
27661 2 1
27661 3 1
27662 2 1
27666 2 1
27667 2 1
27667 3 2
27668 3 1
27670 2 1
27671 2 1
27672 2 1
27677 2 1
27677 3 2
27678 3 1
27680 2 1
27680 3 1
27681 2 2
27682 2 1
27682 3 1
27683 3 2
27685 2 2
27685 3 1
27686 2 1
27686 3 1
27691 3 1
27695 2 1
27695 3 1
2770 2 1
27700 3 1
27702 2 1
27702 3 2
27704 3 1
27707 3 1
27713 2 1
27714 3 1
27716 3 1
27718 3 1
27721 3 1
27723 2 1
27723 3 1
27726 2 1
27728 2 1
27729 2 1
2773 2 1
27730 3 1
27732 2 1
27732 3 2
27733 2 1
27733 3 2
27734 2 2
27734 3 1
27735 2 1
27736 3 1
27740 2 1
27741 2 1
27751 2 1
27752 2 2
27753 2 1
27753 3 1
27757 2 1
27761 2 1
27761 3 1
27763 3 1
27764 2 1
27767 2 1
2777 3 1
27770 3 1
27772 2 1
27779 2 1
27783 3 1
27788 2 1
27788 3 1
27789 3 1
27791 2 1
27791 3 2
27792 2 2
27792 3 1
27793 2 1
27804 2 1
27805 2 1
27806 3 1
27808 2 1
27812 2 1
27812 3 1
27821 2 1
27822 2 2
27822 3 1
27825 3 1
27833 2 1
27833 3 1
27837 2 1
27837 3 1
27838 3 1
27841 3 1
2785 2 1
2785 3 1
27855 2 1
27915 2 1
27915 3 2
27918 2 1
27918 3 2
27919 2 2
27919 3 1
27920 2 1
27926 2 2
27926 3 1
27927 2 1
27928 2 1
27930 3 2
27931 3 1
27935 2 1
27940 2 1
27940 3 2
27941 2 2
27941 3 1
27942 2 1
27943 2 1
27951 3 1
27959 2 1
27960 2 2
27960 3 1
27961 3 1
27964 2 1
27964 3 1
27965 3 2
27969 3 1
2797 3 1
27971 2 1
27977 2 1
27978 2 1
27979 3 1
27982 2 1
27982 3 2
27983 2 1
27983 3 2
27984 2 2
27984 3 1
27985 2 1
27986 3 1
27991 3 1
27997 2 1
27997 3 1
28006 2 1
28006 3 1
28007 2 1
28008 3 2
28010 3 1
28013 2 1
28014 2 2
28014 3 1
28015 2 1
28016 3 2
28018 3 1
28019 2 1
28020 2 1
28021 2 2
28022 2 1
28022 3 1
28023 2 1
28023 3 2
28024 2 1
28024 3 2
28025 3 2
28027 3 1
28028 2 1
28029 2 1
28030 2 2
28031 2 1
28031 3 1
28032 3 1
28034 2 1
28034 3 2
28035 3 1
28037 2 1
2804 2 1
2804 3 1
28044 2 1
28045 2 2
28045 3 1
28046 2 2
28046 3 1
28047 2 1
28047 3 1
28051 2 2
28051 3 1
28052 2 1
28052 3 1
28060 2 2
28060 3 1
28061 2 1
28061 3 1
28062 2 1
28063 2 1
28064 3 2
28066 2 1
28067 2 1
28073 2 1
28073 3 1
28079 3 1
2808 2 1
2808 3 1
28081 3 1
28085 2 1
28086 3 1
28088 3 1
28089 2 1
28093 3 1
28100 3 1
28104 3 1
28105 2 1
28106 3 1
2811 3 1
28113 2 1
28113 3 2
28118 2 2
28118 3 1
28119 2 1
28120 2 1
28130 3 1
28136 2 1
28136 3 2
28137 3 1
28152 2 1
28154 2 2
28154 3 1
28155 3 1
28165 2 1
28166 2 2
28166 3 1
28167 2 2
28167 3 1
28168 3 1
28171 2 1
28183 2 1
28183 3 1
2819 2 1
28195 2 1
28195 3 1
28244 2 1
28245 3 1
28247 2 1
28247 3 1
28248 2 1
2825 2 1
28251 3 1
28253 2 2
28253 3 1
28254 3 1
28256 3 1
2826 3 1
28260 2 1
28260 3 1
28263 2 1
28263 3 1
28265 3 1
28269 2 1
28269 3 1
28270 2 1
28270 3 2
28271 3 2
28276 3 1
28279 2 1
28279 3 2
2828 2 1
2828 3 1
28280 2 2
28280 3 1
28281 2 1
28282 3 1
28284 2 1
28284 3 1
28287 3 1
28290 2 1
28290 3 2
28296 2 1
28297 3 1
28299 3 1
28309 2 2
28309 3 1
28310 2 1
28310 3 1
28311 2 1
28312 2 1
28313 2 1
28317 2 1
28319 3 1
2832 2 1
2832 3 1
28321 2 1
28322 2 1
28323 2 1
28324 3 1
28327 3 1
28330 2 1
28330 3 1
28331 2 1
28332 2 1
28334 2 2
28334 3 1
28335 2 1
28335 3 1
28338 2 1
28338 3 1
28339 2 1
2834 3 1
28340 2 2
28341 2 1
28341 3 1
28346 2 1
28346 3 1
28347 2 2
28347 3 1
28348 2 1
28352 2 1
28353 2 1
28354 2 1
28355 2 1
28356 2 1
28361 2 2
28361 3 1
28362 2 1
28363 2 1
28369 2 1
2837 2 1
28370 2 1
28371 3 1
28375 2 1
28376 2 2
28377 3 1
2838 3 1
28381 2 1
28382 3 2
28384 2 1
28384 3 1
28385 2 1
28386 2 1
28388 3 1
28390 2 1
28391 3 2
28394 2 1
28394 3 1
28395 3 1
2840 2 1
2840 3 1
28409 3 1
2841 3 1
28411 2 2
28411 3 1
28412 2 1
28412 3 1
28414 3 1
28416 2 1
28423 2 1
28424 2 2
28424 3 1
28430 3 1
28432 2 1
28432 3 1
28433 2 1
28434 3 2
28437 2 1
28438 2 1
28439 2 1
28442 2 1
28443 3 1
28445 3 1
28446 2 1
28447 2 1
28451 3 1
28452 2 1
28453 3 1
28460 2 1
28461 3 1
28465 2 1
28465 3 1
28466 2 1
28479 2 1
28480 2 1
28480 3 2
28481 3 1
28484 2 1
28484 3 2
28490 3 1
28491 2 1
28494 3 1
28496 2 1
28497 2 2
28498 3 1
2850 3 1
28509 2 1
28510 3 1
28513 3 1
28515 3 1
28528 3 1
2855 2 1
2855 3 1
28574 3 1
2858 3 1
28581 3 1
28583 2 2
28583 3 1
28584 3 1
28586 2 1
28587 3 1
28590 3 1
28593 3 1
28596 2 1
28597 3 1
28599 2 1
28599 3 2
28600 2 1
28601 2 1
28602 3 1
28606 2 1
28608 2 1
28609 2 1
28612 3 1
28614 3 1
28618 2 1
28619 2 1
28620 3 1
28623 2 1
28623 3 1
28629 3 1
28635 2 1
28636 2 1
28637 3 1
28639 2 2
28639 3 1
2864 2 1
2864 3 1
28640 3 1
28645 2 1
28645 3 1
28647 3 1
28649 3 1
28654 2 1
28655 2 1
2866 2 1
28660 3 1
28664 2 1
28668 3 1
2867 3 2
28671 3 1
28673 3 1
28675 2 1
28676 2 2
28677 3 1
28680 2 1
28681 3 1
28690 2 1
28694 3 1
28695 2 1
28696 3 1
2870 2 1
2870 3 1
28701 3 1
28708 3 1
28712 2 1
28712 3 1
28713 2 2
28713 3 1
28714 3 1
28718 2 1
28719 3 1
2872 2 2
28721 2 1
28721 3 1
28723 2 1
28724 2 2
28725 3 1
28727 2 1
28727 3 1
28729 2 2
28729 3 1
2873 2 1
2873 3 1
28730 3 1
28732 2 1
28732 3 1
28733 3 2
28737 3 1
28739 3 1
28741 2 1
28742 3 2
28744 3 1
28749 2 1
28751 2 1
28752 3 1
28754 2 1
28756 3 1
28760 2 1
28761 2 1
28762 3 2
28764 2 1
28764 3 1
28770 3 1
28772 2 2
28772 3 1
2878 2 1
2878 3 1
28780 2 1
28780 3 1
28783 2 1
28784 2 1
28786 3 1
28788 2 1
28788 3 1
28789 3 1
2879 2 1
28791 2 1
28792 2 1
28798 3 1
2880 2 2
2880 3 1
28800 3 1
28802 2 1
28803 2 1
28810 2 1
28810 3 1
28811 2 2
28812 2 1
28812 3 1
28813 2 1
28814 3 1
28817 2 1
28817 3 1
28818 3 1
28820 3 1
28822 3 1
28823 2 1
28823 3 2
28828 3 1
28830 2 1
28831 2 1
28839 2 2
28840 2 1
28841 3 1
28843 3 1
28845 3 1
2885 2 2
2885 3 1
28857 2 1
28857 3 1
2886 2 1
2887 3 2
2889 2 1
2889 3 1
28908 2 1
28913 2 2
28913 3 1
28914 3 1
28917 2 1
28917 3 2
28918 2 1
28918 3 2
28919 2 2
28919 3 1
28920 2 1
28921 2 1
28926 2 2
28927 2 1
28928 2 1
28929 3 1
28932 2 1
28932 3 2
28933 3 1
2894 2 1
2894 3 2
28942 3 1
28944 2 1
28944 3 2
28945 3 1
2895 3 1
28950 2 1
28951 3 1
28953 3 1
28955 3 1
28960 2 1
28961 3 1
28963 3 1
28965 3 1
28967 2 1
28968 2 2
28968 3 1
28969 2 1
2897 2 1
28970 3 2
28972 2 1
28972 3 1
28973 2 1
28974 2 1
28977 2 1
28977 3 2
28978 2 2
28978 3 1
28979 2 1
2898 2 1
2898 3 2
28980 2 1
28980 3 2
28981 2 1
28981 3 2
28982 2 1
28982 3 2
28983 3 1
28989 2 1
28989 3 1
2899 2 1
2899 3 2
28992 2 1
28992 3 1
28993 3 1
28998 2 1
28999 3 1
2900 3 1
29001 2 1
29001 3 2
29002 2 2
29002 3 1
29003 2 1
29004 3 2
29005 3 1
29022 2 1
29022 3 1
29023 2 1
29023 3 2
29026 3 1
2903 3 1
29037 2 1
29041 2 1
29041 3 1
29042 2 2
29043 2 2
29043 3 1
29044 3 1
29046 2 1
29046 3 1
29047 3 1
29053 3 1
29055 3 1
29057 3 1
29059 2 2
29059 3 1
29060 3 1
29062 2 1
29063 2 1
29066 2 1
29067 2 2
29068 2 1
29068 3 1
29069 3 2
29072 2 1
29072 3 1
29073 2 1
29073 3 2
29074 2 2
29075 2 1
29075 3 1
29076 2 1
29076 3 2
29077 3 2
29082 3 1
29086 2 1
29087 3 1
29092 2 1
29092 3 1
29093 2 1
29094 2 2
29099 2 1
29102 2 1
29105 2 1
29106 3 1
29108 2 1
29108 3 1
29116 2 1
29116 3 2
29117 2 1
29118 2 2
29119 3 1
29123 3 1
29125 3 1
29127 2 1
29127 3 1
29130 3 1
29142 3 1
29144 2 1
29145 3 1
29147 2 2
29147 3 1
29148 2 1
29149 2 1
29150 3 2
29152 2 1
29153 3 1
29158 2 1
29163 3 1
29165 3 1
29167 3 1
29171 3 1
29173 2 1
29174 2 2
29174 3 1
29175 2 1
29186 2 1
29189 3 1
2920 2 1
2920 3 1
29203 3 1
2921 2 1
2921 3 2
2922 2 1
2922 3 2
29229 3 1
2923 2 1
2924 3 1
29243 2 2
29243 3 1
29244 3 1
29246 2 1
29246 3 1
29247 2 1
29248 2 1
29249 3 2
29252 3 1
29253 2 1
29254 2 1
29256 3 1
29259 3 1
2926 2 1
29261 2 1
29261 3 1
29262 2 1
29266 2 1
29266 3 1
29267 2 1
29268 2 1
29269 3 1
29272 2 2
29272 3 1
29273 2 1
29273 3 1
29274 2 1
29275 3 2
29277 3 1
29278 2 1
29279 3 1
29281 3 1
29283 2 1
29283 3 2
29284 2 2
29284 3 1
29285 2 1
2929 2 1
29290 2 2
29290 3 1
29291 2 1
29292 2 1
29295 3 1
29298 3 1
29300 2 1
29300 3 1
29306 2 1
29306 3 1
29307 2 1
29308 3 2
29310 2 1
29310 3 1
29311 2 1
29312 2 2
29312 3 1
29313 3 1
29319 3 1
29321 2 1
29321 3 1
29322 2 2
29323 3 1
29329 2 1
29334 2 1
29334 3 1
29338 3 1
29342 3 1
29343 3 2
2935 2 1
29350 3 1
29352 2 1
29353 3 1
29358 3 1
2936 2 1
29360 3 1
29362 3 1
29366 3 1
29371 3 1
29373 2 1
29376 2 2
29376 3 1
29377 2 1
29378 2 1
29382 2 1
29385 2 1
29389 2 1
2939 2 1
29398 2 1
29399 2 1
2940 2 1
29400 3 1
29402 2 1
29403 3 1
29405 2 1
29406 2 1
29407 2 1
29409 2 1
29410 3 1
29412 3 1
29417 3 1
29419 2 1
29419 3 1
29421 2 1
29429 3 1
2943 3 1
29436 3 1
29445 2 1
29445 3 1
29446 3 1
29449 2 1
2945 2 1
2945 3 1
29450 3 1
29453 3 1
2946 2 1
29462 2 1
29463 3 1
2947 2 1
29471 2 1
29480 2 1
29480 3 1
29481 3 1
29484 2 1
29485 3 1
2949 3 1
29492 2 1
29501 2 1
29502 3 1
29504 3 1
29507 2 1
29511 2 1
29511 3 1
29512 2 1
29519 3 1
29533 2 1
29533 3 2
29534 3 1
2954 2 1
29544 2 1
29544 3 1
29545 2 1
29545 3 2
29546 2 1
2955 2 2
2956 3 1
29571 3 1
29573 2 1
29573 3 2
29574 2 2
29575 2 1
29575 3 1
29576 3 2
29579 2 1
29579 3 1
2958 2 1
2958 3 1
29581 2 1
29586 2 1
29586 3 2
29587 3 1
29589 2 2
29589 3 1
2959 2 1
29590 2 1
29590 3 1
29595 2 1
29595 3 1
29599 3 1
29602 2 1
29603 3 2
29605 2 1
29605 3 1
29606 2 2
29606 3 1
29607 3 1
29609 2 1
2961 3 1
29611 2 2
29612 2 1
29612 3 1
29613 2 1
29616 3 1
29618 3 1
29619 2 1
29620 3 2
29625 2 1
29626 2 1
2963 3 1
29634 2 1
29634 3 1
29635 2 1
29636 3 2
29638 2 1
29638 3 1
2964 2 1
29642 2 1
29642 3 2
29649 2 1
2965 3 1
29650 2 2
29650 3 1
29651 3 1
29653 2 1
29653 3 2
29654 3 1
29656 2 1
29656 3 1
29657 2 1
29658 3 1
29660 3 1
29662 2 1
29663 2 1
29666 2 1
29666 3 1
29667 2 1
29668 3 2
29672 2 1
29673 3 1
29680 2 1
29688 3 1
29690 3 1
29692 2 1
29696 2 1
29697 3 1
29701 3 1
29705 2 1
29705 3 1
29706 3 2
29709 3 1
2971 2 1
29716 3 1
29717 2 1
29718 3 1
2972 3 1
29723 2 1
29723 3 1
29724 3 1
29730 2 1
29731 3 1
29733 2 1
29734 3 1
2975 2 1
2975 3 2
29753 2 1
29753 3 1
29754 2 1
29759 3 1
2976 2 2
29766 2 1
29767 2 2
29767 3 1
2977 2 1
2977 3 1
29775 2 2
29775 3 1
29776 2 1
29777 2 1
29778 3 1
2978 3 2
29780 3 1
29782 2 1
29782 3 1
29783 2 2
29784 2 1
29784 3 1
29787 2 1
29791 2 1
29805 3 1
29806 3 2
29807 2 1
29808 2 1
29809 2 1
29810 2 2
29811 3 1
29814 2 2
29815 2 1
29816 2 1
2982 2 1
29821 3 1
2983 3 1
29832 2 1
29833 2 1
29839 2 1
29840 2 1
2985 3 1
29862 2 1
29862 3 1
29863 2 1
29863 3 2
29864 3 2
29874 2 1
29875 3 1
2988 2 1
2989 2 1
2989 3 2
29894 2 1
29897 2 1
2990 3 1
29901 2 1
29902 2 1
29903 3 1
29905 2 1
29906 2 1
29907 3 1
29915 2 1
29915 3 1
29916 2 1
29917 3 2
29919 2 1
29920 3 2
29922 2 1
29922 3 1
29923 2 1
29923 3 2
29924 2 1
29927 2 1
29927 3 1
29928 2 1
2993 2 1
29933 2 1
29933 3 1
29934 2 1
29935 2 2
29936 2 2
29936 3 1
29937 3 1
2994 2 1
29940 3 1
29941 2 1
29946 3 1
29948 3 1
2995 2 2
2995 3 1
29950 2 1
29950 3 1
29951 3 1
29957 3 1
29958 2 1
29959 2 2
29959 3 1
2996 3 1
29962 3 1
29964 3 1
29966 2 1
29966 3 1
29967 2 1
29967 3 2
29968 2 2
29969 3 1
29970 2 1
29971 2 1
29972 3 1
29975 2 1
29975 3 1
29977 3 1
2998 2 1
2998 3 1
29980 2 1
29981 2 2
29982 2 1
29982 3 1
29983 2 1
29986 3 1
29988 2 1
29988 3 2
29989 2 2
29989 3 1
2999 3 1
29990 2 1
29992 3 1
29995 2 1
29995 3 1
29996 3 2
29998 2 1
29998 3 1
29999 3 1
30004 2 1
30005 3 1
30008 2 1
30009 3 1
3001 2 1
3001 3 1
3002 3 1
30020 2 1
30020 3 2
30021 3 1
30024 3 1
30027 2 1
30027 3 2
30028 3 1
30031 2 2
30031 3 1
30032 2 1
30032 3 1
30033 3 1
30038 2 1
30041 3 1
30042 2 1
30045 2 1
30049 2 1
30050 2 1
30051 3 1
30053 2 2
30053 3 1
30054 2 1
30055 2 1
30055 3 2
30056 3 1
3006 3 1
30061 2 1
30062 3 1
30065 2 1
30066 3 1
30068 2 1
30068 3 1
30069 2 1
30072 2 1
30072 3 2
30073 2 1
30073 3 2
30074 3 1
30076 2 1
30076 3 1
30086 3 1
30087 2 1
30093 3 1
30094 2 1
30095 3 1
30097 2 1
30099 3 1
30100 2 1
30103 2 1
30104 2 1
3011 2 1
30112 3 1
30114 3 1
30135 2 1
30136 3 1
30151 3 1
30153 2 1
30153 3 1
30154 2 1
30173 2 1
30183 2 1
30192 2 1
30193 2 1
30194 2 1
30205 2 1
3021 2 1
30211 2 1
3022 2 1
3022 3 2
30229 2 1
3023 3 1
30233 3 1
30240 3 1
30241 2 1
30242 2 1
30243 3 1
30245 3 1
30247 2 1
30247 3 1
30248 3 1
3025 2 1
30250 2 1
30250 3 1
30251 2 2
30251 3 1
30252 2 1
30253 3 1
30256 2 1
30256 3 1
3026 2 1
30261 2 1
30261 3 1
30266 2 1
30266 3 2
30270 3 1
30273 2 1
30273 3 1
30274 2 1
30274 3 2
30275 2 1
30275 3 2
30279 2 1
30280 2 2
30281 3 1
30284 2 1
30284 3 1
30285 2 1
30289 2 1
3029 2 1
30291 2 2
30291 3 1
30292 3 1
30294 2 1
30294 3 2
30295 2 2
30295 3 1
30296 2 1
30297 3 1
30299 3 1
3030 3 1
30303 2 1
30304 2 1
30307 3 1
30312 3 1
30315 2 1
30315 3 1
30316 2 2
30317 2 1
30317 3 1
3032 3 1
30322 2 1
30323 3 1
30326 2 1
30327 2 1
30328 2 2
30329 3 1
3033 2 1
30333 3 1
30335 2 2
30336 2 1
30336 3 1
3034 2 1
30349 2 1
3035 3 1
30350 2 1
30353 2 1
30353 3 1
30354 2 2
30355 2 1
30355 3 1
30356 2 1
30357 2 1
30361 2 2
30361 3 1
30362 2 2
30362 3 1
30363 2 1
30368 3 1
30370 2 1
30370 3 1
30373 3 1
30375 3 1
30381 2 1
30382 2 1
30383 3 2
30385 2 1
30385 3 1
30386 2 2
30387 2 1
30387 3 1
30388 2 1
30389 3 1
30392 2 1
30393 2 1
30395 2 2
30395 3 1
3040 2 1
3040 3 2
30402 2 1
30402 3 1
30403 2 1
3041 2 2
3041 3 1
30413 2 1
30413 3 2
30414 3 1
30416 3 1
3042 2 1
30423 3 1
30425 3 1
30429 3 1
3043 2 1
30431 3 1
30433 3 1
30437 2 1
30437 3 1
3044 2 1
30440 2 1
30441 2 2
30441 3 1
30443 2 1
30446 2 1
30446 3 1
3045 2 1
30463 2 1
30464 3 1
30466 2 1
30469 2 1
30470 2 1
30474 2 1
30475 2 1
30476 2 1
3048 3 1
30485 2 1
30489 2 1
30489 3 1
30494 2 1
3050 2 1
3052 3 1
3055 2 1
3055 3 1
30555 3 1
30566 2 1
30566 3 1
30569 2 1
30570 3 2
30573 3 1
30576 2 1
30577 2 2
30578 3 1
30580 2 2
30580 3 1
30581 3 1
30583 2 1
30584 3 1
30586 3 1
3059 3 1
30593 2 1
30595 2 1
30596 3 1
30599 2 1
30599 3 1
30600 3 2
30603 2 1
30604 2 1
30604 3 2
30605 3 1
30607 2 1
30607 3 1
30609 3 1
30621 2 1
30621 3 2
30622 2 2
30623 2 1
30623 3 1
30624 2 1
30627 3 1
30629 2 1
30629 3 2
30630 2 1
30637 2 1
30638 3 1
3064 2 1
3064 3 1
30642 2 1
30643 2 1
30649 2 1
30650 3 1
30654 2 1
30656 3 1
30659 2 1
30659 3 2
30660 2 1
30661 3 1
30663 2 2
30663 3 1
30664 3 1
30665 2 1
30666 3 2
3067 3 1
30683 3 1
30685 3 1
30691 2 1
30694 3 1
30697 2 2
30697 3 1
30698 3 1
30700 3 1
30702 2 1
30702 3 1
30705 2 1
30706 2 1
30707 2 2
30707 3 1
3071 3 1
30713 2 1
30713 3 1
30714 2 1
30717 3 1
30719 3 1
30725 2 1
30728 2 1
30729 2 1
30730 3 1
30732 3 1
30735 2 1
30735 3 1
3074 2 1
30742 2 1
30743 2 1
30744 3 2
30746 3 1
30748 3 1
30749 2 1
3075 2 2
3075 3 1
30750 2 1
30751 2 1
30755 3 1
3076 2 1
3077 2 1
3077 3 2
30771 2 1
30773 3 1
30776 3 1
3078 3 1
30797 3 1
30799 3 1
30801 3 1
30812 3 1
30814 2 1
30834 3 1
30836 3 1
30894 2 1
30894 3 1
30895 2 1
30900 2 1
30900 3 1
30901 2 1
30901 3 2
30904 2 1
30906 3 1
30908 2 1
30908 3 2
30909 2 1
30910 2 2
30911 3 1
30914 2 1
30915 2 2
30915 3 1
30920 2 1
30922 3 1
30929 2 1
30929 3 2
30930 2 1
30934 2 1
30934 3 1
30935 2 2
30936 2 1
30936 3 1
30937 3 2
30946 3 1
30947 2 1
30948 2 1
30948 3 2
30949 2 1
30949 3 2
30950 2 1
30950 3 2
30951 3 1
30953 3 1
30956 2 1
30956 3 1
30957 2 2
30958 2 1
30958 3 1
30959 3 1
30969 2 1
30970 2 1
30971 3 1
30975 2 2
30976 2 1
30976 3 1
30978 3 1
30981 2 1
30982 2 1
30984 3 1
30988 2 1
30989 3 1
30991 3 1
30993 2 2
30993 3 1
30994 3 1
30996 2 1
30996 3 1
30997 2 1
30997 3 2
30998 2 1
3100 3 1
31003 3 1
31015 2 1
31016 3 1
31024 3 1
31027 2 1
31037 2 1
31042 2 1
31046 2 1
31046 3 1
31049 2 1
3105 2 1
3105 3 1
31050 2 1
31050 3 2
31051 3 1
3106 2 1
31060 2 1
31060 3 2
31061 2 2
31061 3 1
31062 2 1
31063 2 1
31067 3 1
3107 2 2
31074 2 1
31074 3 1
31075 2 2
31075 3 1
31076 2 1
3108 2 1
3108 3 1
31082 3 1
31083 2 1
31087 2 1
31087 3 1
3109 3 2
31092 2 1
31097 3 1
31099 2 1
31099 3 1
31100 3 1
31103 2 1
31103 3 2
31104 3 1
31106 3 1
31126 2 1
31126 3 1
31129 3 1
3113 2 1
3113 3 1
31131 3 1
31133 3 1
31134 2 1
31135 2 1
31136 2 1
31142 3 1
31150 3 1
31154 3 1
31164 2 1
31165 2 1
31169 2 1
31169 3 1
31224 3 1
31227 2 1
31227 3 1
31228 2 1
31229 2 2
31229 3 1
31230 2 1
31237 2 1
31238 3 1
31241 3 1
31250 3 1
31252 2 1
31253 2 2
31253 3 1
31256 3 1
31258 2 1
31259 3 1
31266 2 1
31267 2 1
3127 2 1
31274 2 2
31275 2 1
31275 3 1
31278 2 1
31278 3 1
31279 2 1
3128 2 1
31280 2 1
31283 2 1
31284 2 1
31288 2 2
31288 3 1
31289 2 1
31293 2 1
31294 3 1
31302 2 1
31303 2 1
31305 2 2
31305 3 1
31306 3 1
31308 2 1
31309 2 1
31311 3 1
31323 2 1
31326 2 1
31327 3 1
31332 2 1
31336 3 1
31342 3 1
31346 2 1
31346 3 2
31347 3 1
31354 2 1
31355 2 1
31355 3 2
31356 3 1
31359 2 1
31359 3 1
3136 2 1
31362 2 1
31365 2 1
31366 3 1
31369 3 1
3137 2 1
31372 3 1
31375 2 1
31375 3 1
31376 3 2
3138 3 2
31380 2 1
31380 3 1
31381 2 2
31382 2 1
31382 3 1
31383 2 1
31384 2 1
31386 2 1
31387 3 1
31389 2 1
31389 3 1
31390 2 1
31391 3 2
31394 3 1
31395 2 1
31396 2 2
31396 3 1
31397 2 1
31401 2 1
31402 2 1
31403 2 1
31404 2 2
31405 3 1
31407 3 1
31408 2 1
3141 2 1
31411 2 1
3142 2 1
3142 3 2
31422 3 1
31427 3 1
31429 2 2
31429 3 1
3143 3 1
31430 2 1
31431 2 1
31436 3 1
31448 2 1
31448 3 1
31452 3 1
31454 3 1
31456 3 1
31459 2 1
31459 3 2
31460 2 1
31461 2 2
31462 2 1
31462 3 1
31463 3 2
31474 2 1
31474 3 1
31480 2 1
31484 3 1
31497 2 1
31498 2 1
31553 3 1
31564 2 1
31567 2 2
31567 3 1
31568 2 1
31569 3 1
3157 2 1
31571 3 1
31574 2 1
31574 3 1
31576 3 1
31578 3 1
31579 2 1
31579 3 2
31583 2 1
31585 2 2
31585 3 1
31586 3 1
31588 3 1
31598 3 1
3160 2 1
3160 3 1
31604 2 1
31608 3 1
3161 2 2
3161 3 1
31615 3 1
31616 2 1
31617 2 1
31618 3 2
3162 3 1
31620 3 1
31622 3 1
31626 2 1
31626 3 1
31627 2 1
31627 3 2
31629 3 1
31635 2 1
31636 3 2
3164 2 1
31641 2 1
31642 3 1
31648 2 1
3165 2 2
3165 3 1
31651 2 1
31652 3 1
31665 3 1
31672 3 1
31685 2 1
31685 3 1
31688 2 1
31688 3 1
31689 3 2
31693 3 1
31699 3 1
3170 2 2
3170 3 1
31702 3 1
31705 2 1
31705 3 2
31706 2 1
31706 3 2
31707 2 1
31707 3 2
31708 3 1
3171 3 1
31710 3 1
31712 3 1
31719 3 1
31721 2 1
31721 3 1
31722 2 1
31723 2 1
31726 3 1
3173 3 1
31731 3 1
31739 3 1
31741 3 1
31743 2 1
31743 3 1
31744 3 2
31750 3 1
31752 2 1
31753 2 1
31754 2 1
31755 3 1
31758 2 1
31762 3 1
31779 2 1
31780 2 1
31784 2 1
31784 3 2
31785 2 1
31786 2 2
31787 2 1
31787 3 1
31788 2 1
31789 3 1
3179 2 1
31792 2 1
31795 2 1
31796 2 1
3180 2 2
31801 3 1
31804 3 1
31806 3 1
3181 2 1
3181 3 1
3183 2 1
31834 2 1
3188 3 1
31883 2 1
31895 3 1
31896 2 1
31899 3 1
31901 2 1
31902 2 1
31906 2 1
31906 3 2
31907 2 2
31907 3 1
31908 2 1
31909 3 1
31915 2 1
31915 3 2
31927 2 1
31927 3 1
3193 2 1
31936 2 1
31936 3 1
31940 2 1
31940 3 1
31941 2 1
31944 2 1
31948 2 1
31948 3 1
31952 2 1
31954 2 1
31955 2 2
31955 3 1
31956 2 1
31957 3 1
31959 3 1
31961 3 1
31962 2 1
31963 3 1
31966 2 1
31966 3 1
31967 3 1
3197 2 1
3197 3 1
3198 2 1
3198 3 2
31982 3 1
3199 2 1
3199 3 2
31995 2 1
31998 3 1
3200 2 2
32000 2 1
32001 2 2
32002 3 1
32008 3 1
3201 3 1
32011 2 1
32011 3 1
32012 2 1
32014 2 1
32018 2 1
32019 2 1
3202 2 1
32020 3 1
32022 2 1
32022 3 1
32025 3 1
32026 2 1
32027 3 1
32029 3 1
32031 2 1
32031 3 1
32034 2 1
32034 3 1
32035 2 1
32036 2 1
32037 2 1
32040 2 1
32041 2 1
32042 3 2
32044 2 1
32044 3 1
3205 2 1
3205 3 1
32051 3 1
32056 2 1
32056 3 2
32057 2 1
32059 3 1
3206 3 1
32061 2 1
32064 2 1
32067 2 1
32068 2 1
32071 3 1
32073 2 1
32074 2 1
32079 2 1
3208 3 1
32086 2 1
32088 3 1
32090 2 1
32090 3 1
32091 2 2
32091 3 1
32092 2 1
32099 2 1
3210 2 1
3210 3 2
32111 3 1
32112 2 1
32113 2 1
32113 3 2
32114 3 1
32117 3 1
32119 3 1
32123 3 1
32125 3 1
3213 2 2
32131 2 1
32136 2 1
32136 3 2
32137 2 1
32138 2 1
32139 3 1
3214 2 1
3214 3 1
32141 3 1
3217 2 1
3217 3 1
32187 3 1
32208 3 1
32210 2 1
32210 3 1
32211 2 1
32212 3 1
32219 2 1
32220 2 1
32222 3 1
32223 2 1
32224 2 1
32225 3 2
32228 2 1
32228 3 1
32234 2 2
32235 2 1
32235 3 1
32236 2 1
32242 2 1
32242 3 2
32243 2 1
32243 3 2
32244 2 1
32244 3 2
32245 3 1
32268 2 1
32269 2 1
32270 3 2
32272 3 1
32274 3 1
32277 2 1
32277 3 1
32278 2 2
3228 2 1
3228 3 1
32285 3 1
32287 3 1
32289 2 1
3229 2 1
3229 3 2
32295 2 1
32296 2 2
32297 3 1
32309 2 1
32310 2 1
32311 2 1
32314 2 1
32314 3 1
32315 2 1
32327 2 1
3233 2 1
3233 3 2
32331 2 1
32334 2 1
32334 3 1
32338 3 1
3234 3 1
32341 3 1
32355 3 1
32361 3 1
32364 3 1
3237 2 1
3237 3 1
32372 2 1
32372 3 1
32379 2 1
32380 2 2
32380 3 1
32381 2 1
32382 2 1
32385 2 1
32386 3 1
32389 2 1
32389 3 2
3239 3 1
32390 3 1
32392 3 1
32394 3 1
32400 2 1
32400 3 1
32406 3 1
32409 3 1
3241 3 1
32412 2 1
32412 3 1
32413 3 1
32419 2 1
32420 2 2
32421 3 1
32423 3 1
32425 2 2
32425 3 1
32426 3 1
32431 3 1
32433 3 1
32440 2 1
32440 3 1
32443 2 1
32443 3 1
32444 2 2
32445 2 1
32445 3 1
32446 2 1
32446 3 2
32447 3 2
32449 2 1
32450 3 1
32453 3 1
32455 3 1
32457 2 1
32457 3 1
32458 2 1
32459 2 1
3246 3 1
32460 3 1
32465 2 1
32466 3 1
32469 2 1
32470 2 1
32476 2 1
32477 2 1
32487 2 1
32488 2 1
32489 2 1
32492 2 1
32493 3 1
3250 2 1
3251 2 1
32516 2 1
32519 3 1
3252 3 1
32538 2 1
32539 2 1
3254 3 1
32540 3 2
32552 3 1
32555 2 1
32555 3 1
32556 2 1
32562 2 1
32562 3 1
32564 2 1
32572 2 1
32573 2 1
32574 2 1
32588 2 1
32589 3 1
32592 2 1
32592 3 1
32593 2 1
32593 3 2
32594 2 1
32595 2 1
32597 3 1
3260 3 1
32600 2 1
32600 3 1
32606 2 1
32609 3 1
32610 2 1
32612 2 1
32613 3 1
32615 2 1
32615 3 2
32616 2 2
32616 3 1
32617 2 1
32618 3 1
3262 2 1
32625 3 1
32627 3 1
32629 3 1
3263 2 2
3263 3 1
32665 3 1
32667 2 1
32667 3 1
32671 3 1
32676 2 1
32676 3 1
32677 3 1
32679 2 1
32679 3 1
32682 2 1
32683 3 1
32689 2 1
32690 2 2
32690 3 1
32691 2 1
32692 3 1
32694 3 1
32699 2 1
32699 3 1
32701 2 1
32702 2 2
32703 3 1
32705 2 1
32707 3 1
32710 3 1
32713 3 1
32718 2 1
32718 3 1
32719 2 1
32720 3 2
32722 3 1
32724 2 1
32724 3 2
32725 3 1
32727 2 1
32727 3 1
32728 2 1
32729 2 2
32729 3 1
32730 3 1
32736 3 1
32739 3 1
3274 2 1
32742 2 2
32742 3 1
32743 3 1
32745 3 1
32746 2 1
32749 3 1
32751 2 1
32755 2 2
32755 3 1
32756 3 1
32760 2 1
32763 3 1
32773 3 1
32775 2 1
32776 2 1
32777 2 1
32780 2 1
32781 3 1
32783 3 1
32785 2 2
32785 3 1
32786 2 1
32786 3 1
3279 3 1
32795 3 1
32804 2 1
32804 3 1
3282 2 1
3282 3 1
32823 3 1
32825 3 1
3284 3 1
32852 3 1
32859 3 1
3286 2 1
32870 2 1
32870 3 1
32875 3 1
32879 3 1
32882 3 1
32884 2 1
32884 3 1
32889 2 1
32890 3 1
32892 3 1
32896 2 1
32896 3 1
32897 3 1
32907 3 1
3291 3 1
32917 3 1
32919 3 1
32922 2 1
32923 3 1
32928 2 1
32929 2 1
3293 3 1
32930 2 2
32939 3 1
32948 2 1
32949 2 1
3295 2 1
32954 2 1
32955 2 2
32956 2 1
32956 3 1
32957 3 2
3296 2 1
3297 3 1
32991 2 1
32992 3 1
33001 3 1
33006 2 2
33008 2 1
33013 2 1
33014 2 1
33022 3 1
33024 2 1
33024 3 2
33025 2 1
33027 2 1
33028 2 1
33029 2 2
3303 2 1
33033 2 1
33033 3 2
33035 3 1
33037 3 1
3304 2 1
3304 3 2
33042 2 1
33045 3 1
33046 2 1
33047 2 1
3305 3 1
33050 2 1
33050 3 1
33051 2 1
33051 3 2
33052 2 2
33053 2 1
33053 3 1
33054 2 1
33055 3 2
33057 3 1
33059 2 1
33059 3 2
33060 2 2
33061 2 1
33061 3 1
33062 2 1
33063 3 1
33066 3 1
33069 2 1
3307 2 1
33070 3 1
33072 2 2
33072 3 1
33073 2 1
33074 2 1
33077 3 1
33078 2 1
3308 2 1
33085 2 1
33086 2 2
33087 2 1
33087 3 1
33093 2 1
331 2 1
331 3 1
3310 3 1
33103 2 1
33115 2 1
33125 2 2
33125 3 1
3313 3 1
33135 2 1
3315 2 1
33150 2 1
33150 3 1
33151 2 1
33152 2 1
33155 3 1
3316 3 1
33180 2 1
33181 2 1
33184 3 1
3319 2 1
3319 3 1
33191 3 1
332 2 1
332 3 2
33204 2 1
33208 2 1
33208 3 1
33209 2 2
33210 2 1
33210 3 1
33211 2 1
33211 3 2
33212 3 2
33214 3 1
33216 2 1
33216 3 1
33217 3 2
33222 3 1
33224 2 1
33224 3 1
33225 2 1
33225 3 2
33226 2 2
33227 3 1
33232 3 1
33233 2 1
33234 2 1
33235 3 1
33237 3 1
33246 2 1
33249 3 1
3325 2 1
3325 3 2
33253 2 1
33255 2 1
33256 2 1
33258 3 1
33276 2 1
33277 3 1
3328 2 2
3328 3 1
33286 2 1
33287 2 1
33288 3 1
3329 3 1
3331 2 2
3331 3 1
33319 2 1
33319 3 1
3332 2 1
3333 3 1
33331 2 1
33340 2 1
33340 3 1
33341 2 1
33342 3 1
33348 3 1
33349 3 2
33350 2 1
33351 2 2
33351 3 1
33352 2 1
33353 2 1
33354 3 1
33360 3 1
33361 2 1
33362 2 1
33363 3 1
33365 2 1
33365 3 2
33366 2 2
33366 3 1
33367 2 1
33369 2 1
33371 3 2
33372 3 1
33374 2 1
33374 3 1
33380 2 1
33381 3 1
33383 3 1
33385 2 1
33385 3 1
33386 2 2
33386 3 1
33387 2 1
33388 2 1
33389 3 1
33393 2 1
33394 3 1
33396 2 1
33396 3 2
33397 2 1
33398 3 1
33406 2 1
33406 3 1
33411 2 1
33411 3 1
33412 3 2
33413 2 1
33413 3 2
33414 3 1
33418 2 1
33419 2 1
33420 3 1
33435 2 1
33444 3 1
33455 3 1
33458 3 1
33462 2 1
33479 2 1
33479 3 1
33480 3 2
33485 3 1
33489 2 1
3349 2 1
3349 3 2
33490 3 1
33494 3 1
33496 3 1
335 2 1
3350 3 1
33516 3 1
3352 2 1
3352 3 1
33531 3 1
33536 2 1
33536 3 1
33537 2 1
33537 3 2
33540 2 1
33541 2 1
33542 2 1
33546 2 1
33547 2 1
33549 3 1
33554 2 1
33555 3 1
33557 3 1
33563 3 1
33566 2 1
3357 3 1
33572 2 1
33572 3 1
33579 3 1
33588 3 1
336 2 1
33607 3 1
33618 3 1
3362 3 1
33620 2 1
33620 3 1
33655 3 1
3366 2 1
33662 3 1
33670 3 1
33672 2 1
33672 3 2
33673 3 1
33678 2 1
33679 3 1
3368 3 1
33681 3 1
33684 3 1
33686 3 1
33687 2 1
3369 2 1
33693 2 1
337 3 1
3370 2 1
33701 2 1
33701 3 1
33702 2 2
33703 2 1
33703 3 1
33704 3 2
33708 2 1
33708 3 1
33709 3 1
33711 3 1
33713 2 1
33714 2 1
33715 2 2
33716 3 1
33719 2 1
33725 2 1
33726 3 1
33732 2 1
33733 3 1
33736 3 1
33743 2 1
33744 2 2
33745 2 1
33745 3 1
33746 3 1
33750 2 1
33751 3 1
33753 2 1
33753 3 1
33756 2 1
33759 3 1
33775 2 1
33776 2 1
33779 3 1
3378 2 1
33783 3 1
33785 3 1
33788 3 1
33794 2 1
3380 3 1
33809 2 1
33809 3 2
33810 2 1
33811 2 1
33812 3 1
33815 3 1
33817 2 1
33817 3 1
33818 3 1
3382 2 1
33824 3 1
3383 3 1
33834 3 1
33838 2 1
33839 3 1
33863 2 1
33863 3 1
33864 2 1
33864 3 2
33865 2 2
33865 3 1
33866 2 1
33867 3 1
33879 2 1
33882 2 1
33883 3 1
33885 2 2
33885 3 1
33886 2 1
33886 3 1
33889 3 1
3389 2 1
33891 3 1
33892 2 1
33899 2 1
33899 3 1
33906 2 1
33911 2 1
33911 3 1
33912 2 1
33912 3 2
33913 2 1
33913 3 2
33915 3 1
33919 2 1
33920 2 1
33928 3 1
33933 2 1
33934 2 1
33934 3 2
33935 3 1
33942 2 1
33946 2 1
33947 2 1
33948 3 2
33966 3 1
33967 2 1
3397 3 1
33971 2 1
33972 2 1
33992 2 1
33998 2 1
33999 2 2
33999 3 1
34000 2 2
34000 3 1
34001 2 1
34001 3 1
34002 2 1
34003 3 2
34009 3 1
3401 2 2
3401 3 1
34011 2 1
34011 3 2
34012 3 1
34014 2 1
34018 3 1
3402 2 1
3402 3 1
34020 2 1
34021 3 1
34024 3 1
34027 2 1
34029 3 1
34031 3 1
34033 2 1
34035 2 1
34036 2 1
34037 2 2
34037 3 1
34038 2 2
34038 3 1
34039 3 1
34041 3 1
34046 2 1
34053 2 1
34055 2 2
34055 3 1
34056 2 1
34057 2 1
34060 3 1
34064 2 1
34065 2 2
34065 3 1
34066 2 1
34068 2 1
34069 3 1
3407 2 1
3407 3 1
34071 3 1
34073 3 1
34075 2 2
34075 3 1
34076 2 1
34077 3 1
34081 3 1
34089 3 1
341 2 1
341 3 1
3410 2 1
3410 3 1
34103 2 1
34103 3 1
34105 3 1
34109 2 1
34113 2 2
34113 3 1
34114 2 1
34114 3 1
34117 2 1
34117 3 1
34118 2 2
34119 2 1
34119 3 1
34138 2 1
34138 3 1
34139 3 1
34144 2 1
34144 3 1
34147 2 2
34147 3 1
34148 2 1
34149 3 1
34162 3 1
34164 2 1
34169 2 1
34169 3 2
34173 3 1
34193 2 1
34194 2 2
34194 3 1
34195 3 1
34197 3 1
342 2 1
342 3 2
34201 2 1
34202 2 1
34204 2 1
34206 2 1
34207 3 1
34215 2 2
34216 3 1
34219 3 1
34221 3 1
34225 3 1
34226 2 1
34226 3 2
34227 2 1
34228 2 2
34228 3 1
34229 3 1
34237 3 1
34238 3 2
34239 2 1
34240 2 2
34240 3 1
34241 2 1
34242 2 1
34243 3 1
34245 3 1
34257 2 1
34264 2 1
34264 3 1
34265 2 2
34266 2 1
34266 3 1
3427 2 1
34273 3 1
34276 3 1
34278 2 1
34278 3 1
34281 3 1
34282 2 1
34288 2 1
34288 3 1
3429 2 1
34296 2 1
34296 3 2
34298 2 1
34299 2 1
343 2 1
34304 2 1
34304 3 1
34313 2 1
34314 2 1
34317 2 1
34317 3 1
34318 3 1
34327 3 1
34329 2 1
34329 3 2
34330 2 2
34331 3 1
34333 2 1
34333 3 1
34334 3 1
34338 2 1
34338 3 1
34339 2 2
34340 2 1
34340 3 1
34341 2 1
34342 3 2
34345 3 1
34346 2 1
34347 2 2
34347 3 1
34348 3 1
34351 2 1
34352 2 1
34353 2 2
34353 3 1
34354 2 1
34359 2 1
34360 2 2
34360 3 1
34361 3 1
34367 2 1
34368 2 2
34369 3 1
34371 3 1
3438 2 1
34385 3 1
3439 2 1
34397 2 1
34398 2 2
34399 3 1
344 2 1
34401 3 1
34403 3 1
34405 3 1
34407 2 1
34408 2 1
34408 3 2
34409 3 1
3441 2 1
34417 2 1
34418 2 1
34421 3 1
34426 3 1
34428 3 1
34431 3 1
34435 2 1
34437 3 1
34441 3 1
34443 2 2
34443 3 1
34444 3 1
34447 3 1
34450 2 1
34452 2 1
34453 2 1
34454 3 1
34456 3 1
34468 2 2
34468 3 1
34469 2 1
34470 3 1
34473 2 1
34476 2 1
34476 3 1
34479 2 1
34492 3 1
34498 2 1
34499 3 1
345 3 1
34503 2 1
34507 3 1
34520 3 1
34524 2 2
34524 3 1
34525 3 1
34527 2 1
34538 2 1
34539 3 1
34542 2 1
34542 3 1
34543 3 2
34549 3 1
34551 2 1
34552 3 1
34555 2 1
34556 3 1
34558 2 1
34567 2 1
34568 3 1
34570 3 1
34573 3 1
34581 3 1
34589 2 1
34589 3 1
34594 3 1
34596 3 1
34598 3 1
34602 2 1
34606 3 1
34608 3 1
34611 2 1
34611 3 2
34613 2 1
34614 3 1
34617 2 1
34625 2 1
34626 3 1
34646 2 1
34647 2 2
34648 3 1
34652 2 1
34652 3 1
34657 2 1
34658 2 1
34658 3 2
34659 3 1
34661 2 1
34662 2 2
34662 3 1
34663 2 2
34663 3 1
34664 3 1
34666 2 1
34666 3 1
34667 2 1
34667 3 2
34670 3 1
34672 2 1
34672 3 1
34673 3 1
34675 3 1
34677 2 1
3468 2 1
3468 3 1
34683 3 1
34690 2 2
34690 3 1
34691 3 1
34699 3 1
347 2 1
347 3 1
34701 3 1
34706 2 1
34706 3 1
34715 2 1
34715 3 2
34716 3 1
3472 2 1
3472 3 1
34720 3 1
34726 2 1
34728 2 2
34728 3 1
34729 3 1
34731 2 1
34738 2 1
34738 3 1
3475 3 1
34756 2 2
34756 3 1
34757 2 1
34757 3 1
34761 2 1
34766 3 1
34768 2 1
34769 3 1
34771 2 1
34772 2 2
34772 3 1
34773 2 1
34774 3 2
34777 2 1
34778 3 1
34785 2 1
34797 3 1
348 2 1
34806 3 1
3481 2 1
34819 2 1
3482 2 1
34820 3 1
34822 2 1
3483 2 1
3485 3 1
34850 2 1
34851 2 1
34852 2 1
34853 2 1
34854 2 2
34855 3 1
34863 2 1
34864 2 1
34866 3 1
34868 2 2
34869 2 1
34870 3 1
34872 2 1
34872 3 2
34873 2 1
34876 3 1
34878 2 1
34878 3 1
34882 2 1
34882 3 2
34883 2 1
34883 3 2
34884 3 1
34886 2 1
34887 3 1
3489 2 1
3489 3 1
34899 2 1
349 2 1
3490 2 2
34902 2 1
34902 3 1
34903 2 2
34904 2 1
34904 3 1
3491 2 2
3491 3 1
34911 2 1
3492 3 1
34922 2 1
34923 2 2
34923 3 1
34924 2 1
34925 2 1
34926 3 2
34928 2 1
34935 2 1
34935 3 1
34936 3 2
34938 2 1
34940 2 1
34941 3 1
34944 2 1
34944 3 2
34945 2 1
3495 2 1
34955 3 1
34962 2 1
34978 3 1
34981 2 1
34981 3 1
34982 2 2
34983 3 1
34988 2 1
34988 3 1
34992 2 1
34993 2 2
34994 3 1
34996 2 1
34997 3 1
350 3 1
3500 2 2
3500 3 1
35000 2 1
35002 2 2
35003 3 1
35005 2 1
35006 3 1
35009 2 1
35009 3 1
3501 2 1
35010 3 1
35012 2 1
35012 3 1
35017 2 1
35018 3 1
3502 2 1
35020 2 1
35020 3 2
35030 2 1
35036 3 1
3505 3 1
35050 2 2
35050 3 1
35051 3 1
35055 3 2
35056 3 1
35058 2 2
35058 3 1
35059 3 1
35065 2 1
35066 2 1
35077 2 1
35078 3 1
35086 2 1
35093 2 1
35094 3 1
35096 3 1
35098 3 1
35100 3 1
35102 3 1
35104 2 1
35104 3 1
35105 2 1
35106 3 1
35108 3 1
3511 3 1
35112 2 2
35113 2 1
35113 3 1
35115 3 1
35118 3 1
35120 2 1
35133 2 1
35134 3 1
35150 3 1
35156 3 1
35160 3 1
35162 3 1
35164 3 1
3518 2 1
35185 2 1
35185 3 2
35186 2 1
35187 2 1
3519 3 1
35196 2 1
35198 3 1
35200 2 2
35200 3 1
35201 2 1
35201 3 1
35202 3 1
3521 3 1
35211 2 1
35211 3 1
35212 2 1
35213 2 1
35214 3 2
35217 3 1
35220 3 1
35232 3 1
35242 3 1
35253 3 1
35256 2 1
35256 3 1
35257 3 1
35259 3 1
35265 2 1
35265 3 2
35266 2 1
35267 3 1
3527 2 1
35271 2 2
35272 2 1
35272 3 1
35273 2 1
35274 3 1
3528 2 1
3528 3 2
35284 2 1
35287 3 1
3529 3 1
35306 2 1
3531 3 1
35311 3 1
35313 2 1
35315 2 1
35316 2 1
35324 2 1
35325 3 1
35327 3 1
35336 2 1
35337 2 1
35339 2 2
3534 2 1
3534 3 1
35340 2 1
35344 2 1
35344 3 1
35346 3 1
35349 2 1
3535 2 2
35350 3 1
35354 3 1
35355 2 1
35356 2 1
35358 2 1
3536 3 1
35360 3 1
35362 2 1
35362 3 1
35363 2 1
35364 3 1
35366 2 1
35366 3 2
35367 2 1
35368 2 1
35377 3 1
3538 2 1
35380 2 1
35385 2 1
35385 3 1
35388 2 1
35388 3 2
3539 2 1
3539 3 2
35391 2 1
35391 3 1
35393 3 1
35397 3 1
35398 2 1
35399 3 1
3540 3 1
35405 2 1
3542 3 1
35426 2 2
35426 3 1
35427 2 1
35427 3 1
3543 2 1
35430 3 1
35436 3 1
35438 2 1
35439 3 1
35441 3 1
35442 2 1
35445 2 1
35448 2 1
35448 3 2
35449 3 1
3546 2 1
3546 3 1
35464 2 1
3547 2 2
35470 3 1
35480 3 1
35486 2 1
35486 3 2
35490 3 1
35492 2 1
35493 2 2
35493 3 1
35494 3 1
35507 2 1
35507 3 1
35508 2 1
35510 2 1
35511 2 1
35511 3 2
35512 2 1
35512 3 2
35513 2 1
35513 3 2
35514 2 1
35514 3 2
35515 3 1
35528 3 1
35530 2 2
35530 3 1
35531 2 2
35531 3 1
35532 2 1
35544 2 1
35544 3 1
35549 2 1
3555 2 1
35553 2 1
35554 3 1
35556 2 1
35556 3 1
35557 2 1
35559 3 1
3556 3 1
35562 2 1
35575 3 1
3558 2 1
35581 3 1
35583 2 1
35584 2 1
35586 2 2
35587 3 1
35589 3 1
3559 3 1
35591 3 1
35592 2 1
35593 2 1
35594 2 1
35595 3 1
35597 2 1
35598 2 2
35598 3 1
356 2 1
356 3 1
35601 2 1
35617 3 1
3562 2 1
3562 3 1
35620 2 1
35621 2 1
35622 2 1
35641 3 1
35647 3 1
35648 2 1
35649 2 1
35649 3 2
35650 2 1
35650 3 2
35651 2 1
35651 3 2
35652 2 1
35652 3 2
35653 3 1
35656 2 1
35659 2 1
35659 3 1
3566 2 1
3566 3 1
35660 2 1
35671 3 1
35672 2 1
35673 2 2
35673 3 1
35674 3 1
35676 2 1
35680 2 2
35681 2 1
35681 3 1
35682 2 1
35683 2 1
35684 3 2
3569 3 1
35690 2 1
35695 2 1
35696 3 1
357 2 1
357 3 2
35707 2 1
35707 3 2
35708 2 1
35708 3 2
35709 3 1
3571 3 1
35714 2 1
35717 2 1
35718 3 1
35721 3 1
35725 2 1
35726 2 1
35729 2 1
35756 2 1
3576 2 1
35760 2 1
35765 2 1
35777 2 1
35778 2 1
3578 3 1
35781 3 1
358 2 1
35800 2 1
35802 3 1
35808 3 1
35810 3 1
35812 2 1
35812 3 1
35813 2 1
35815 2 1
35816 3 1
3582 3 1
35823 2 2
35823 3 1
35824 3 1
35835 2 1
3584 2 1
35841 2 1
35842 2 1
35843 2 1
35844 2 2
35844 3 1
35845 3 1
3585 3 1
35860 2 1
35861 3 2
35864 3 1
35878 3 1
35884 2 1
35885 2 1
35889 2 1
35890 2 1
35891 3 1
35893 3 1
359 2 1
3590 3 1
35902 3 1
35904 2 1
35904 3 1
35907 3 1
35910 2 1
35919 3 1
35921 3 1
35925 3 1
35928 2 1
35928 3 2
3593 2 1
3593 3 2
35930 3 1
35935 3 1
35937 3 1
35939 3 1
35941 3 1
35946 2 1
35949 3 1
3595 3 1
35958 3 1
35966 2 1
35968 3 1
35971 2 1
35973 2 1
35974 3 1
35976 2 1
35976 3 1
35979 2 1
35979 3 1
35980 2 1
35981 2 1
35982 2 1
35983 2 2
35984 2 1
35984 3 1
35986 3 1
35989 3 1
3599 2 1
3599 3 1
35991 3 1
35994 2 1
35995 2 1
35996 3 1
360 3 1
3600 3 1
36001 3 1
36003 2 1
36003 3 2
36010 2 1
36014 2 1
36014 3 1
36015 2 1
36025 2 2
36026 2 1
36033 3 1
36035 2 1
36036 2 1
36037 2 1
36038 2 1
36042 2 1
36042 3 1
36047 3 1
36050 2 1
36066 2 1
36073 2 1
36092 3 1
36093 3 2
36097 2 1
36097 3 1
36131 2 1
36138 3 1
3614 3 1
36140 2 1
36141 2 1
36145 2 2
36146 2 1
36153 2 1
36153 3 2
36156 2 1
36156 3 1
36166 3 1
36168 2 1
36174 2 2
36174 3 1
36175 3 1
36182 3 2
36191 2 1
36191 3 1
36192 2 1
36192 3 2
36193 2 1
36193 3 2
36197 2 1
36198 2 1
36205 3 1
36206 2 2
36207 2 1
36207 3 1
36221 2 1
36221 3 2
36222 2 2
36222 3 1
36223 2 1
36224 3 2
36225 3 1
36231 2 1
36232 2 2
36233 2 1
36233 3 1
36237 3 1
36244 2 1
36244 3 1
36249 3 1
36251 3 1
36253 2 1
36253 3 1
36257 2 1
36257 3 1
36258 3 1
36260 2 1
36260 3 2
36261 2 1
36262 3 1
36264 2 1
36264 3 1
36267 3 1
3627 3 1
36270 2 1
36273 3 1
36279 3 1
36282 2 1
36282 3 1
36285 3 1
36287 2 1
36290 2 1
36290 3 1
36295 3 1
36298 3 1
36303 2 2
36309 3 1
36314 3 1
36316 3 1
36318 2 1
36318 3 1
36319 3 2
36321 2 1
36326 2 1
36326 3 2
36327 2 1
36329 3 1
36332 2 1
36333 3 1
3634 2 1
36342 2 1
36342 3 1
36346 3 1
36350 2 1
36350 3 1
36352 3 1
36363 2 1
36371 3 1
36378 2 1
36385 3 1
364 2 1
364 3 1
3640 2 1
3641 2 1
36419 2 1
36419 3 1
36420 3 1
36422 2 1
36423 3 1
36425 3 1
36428 3 1
36431 2 1
36432 3 1
3646 3 1
36465 2 1
36466 2 1
36473 2 1
36473 3 1
36475 3 1
3648 2 1
3648 3 1
36482 2 1
36483 3 1
36486 3 1
36492 2 1
36493 3 1
36496 2 1
36497 3 2
36498 3 1
365 2 1
36500 3 1
36501 2 1
36502 3 1
36504 2 1
36508 3 1
36512 2 1
36512 3 1
36513 2 1
36518 2 1
36519 3 1
3652 3 1
36521 2 1
36522 2 1
36523 3 1
36526 3 1
3653 2 1
36534 2 1
3654 2 1
3654 3 2
36546 2 1
36547 3 1
3655 3 1
36550 2 1
36550 3 1
36551 2 1
36551 3 2
36552 3 2
36554 2 1
36554 3 1
36557 2 1
36557 3 1
36559 3 1
36563 3 1
36565 2 1
36565 3 1
36566 2 2
36566 3 1
36567 2 1
36568 2 1
36568 3 2
36569 3 1
36577 3 1
36579 3 1
3658 2 2
3658 3 1
36582 2 1
36583 2 2
36587 2 2
36587 3 1
36588 2 1
36589 2 1
3659 2 1
36590 3 1
36592 2 1
36597 2 1
36598 2 1
366 2 1
36600 3 1
36603 3 1
36609 2 1
36610 3 1
36613 2 1
36614 2 2
36614 3 1
36615 2 1
36621 2 1
36625 3 1
3663 2 1
36631 2 1
36631 3 1
36633 2 2
36633 3 1
36634 3 1
36636 2 1
36637 3 1
36639 2 1
3664 2 1
36640 3 1
36643 2 1
36643 3 1
36646 3 1
36648 2 1
36648 3 2
36649 2 1
3665 2 1
36650 3 1
36655 2 1
36656 3 1
36659 2 1
36660 2 2
36660 3 1
36662 2 2
36663 2 1
36664 2 1
36665 3 1
36671 2 1
36671 3 1
36672 2 2
36676 2 1
36676 3 2
36678 3 1
36680 3 1
36685 2 1
36686 2 1
36691 2 1
36692 3 1
367 2 1
36705 2 1
36727 3 1
3673 2 1
3673 3 1
3674 2 1
3674 3 2
36740 3 1
36742 3 1
36746 2 1
36747 2 1
36748 2 1
36749 2 2
36750 3 1
36753 3 1
36755 2 1
36755 3 2
36756 2 1
3676 3 1
36762 2 1
36762 3 2
36763 2 1
36770 2 1
3679 2 1
36793 2 1
36797 3 1
36798 2 1
36799 3 1
368 3 1
36801 2 1
36802 2 1
36805 2 1
36806 3 1
36813 2 1
36814 3 1
36816 2 1
36816 3 2
36817 2 1
36818 2 1
3682 3 1
36822 3 1
36827 2 1
36827 3 1
36828 2 2
36829 2 1
36829 3 1
36830 3 2
36832 2 1
36833 3 1
36838 2 1
36841 3 1
3685 2 1
3685 3 1
36853 2 1
36854 3 1
36856 2 1
36857 3 1
3686 2 1
36877 2 1
36878 3 1
36880 2 1
36880 3 2
36881 2 1
36882 2 1
36883 2 2
36883 3 1
36884 3 1
36887 3 1
36889 2 1
3689 3 1
36890 2 1
36890 3 2
36891 3 1
36893 2 1
36893 3 2
36894 2 1
36895 2 2
36896 3 1
36898 2 1
36898 3 1
36899 2 2
3690 2 1
36900 2 1
36900 3 1
36907 2 1
36908 2 2
36908 3 1
36910 2 1
36912 3 1
36917 3 1
36920 3 1
36923 3 1
36924 2 1
36925 3 1
3693 2 1
36930 2 1
36930 3 2
36931 2 1
36932 2 1
36933 2 2
36934 2 1
36934 3 1
3694 2 1
36940 2 1
3696 3 1
36961 3 1
36963 2 1
36963 3 2
36967 2 1
36967 3 2
36968 3 1
36970 2 1
36977 2 1
36978 3 1
3698 3 1
36980 3 1
36987 2 1
36988 3 1
36990 2 1
36990 3 2
36992 3 1
36995 2 1
370 2 1
370 3 1
37004 2 2
37005 2 1
37005 3 1
37006 3 1
37008 2 1
37008 3 2
37009 2 1
37010 2 2
37011 2 1
37011 3 1
37015 3 1
37018 3 1
37019 2 1
3702 2 1
3702 3 1
37022 2 1
37023 3 1
3703 2 1
37030 3 1
3704 3 1
37057 3 1
37070 3 1
37072 3 1
37080 2 1
37080 3 2
37081 2 1
37084 2 1
37085 3 1
37091 2 1
37092 3 1
371 2 1
371 3 2
3710 3 1
37102 2 1
37103 2 1
37129 2 1
3713 2 1
3714 2 1
37144 2 1
37145 2 1
37146 3 1
37156 2 1
37160 2 1
37161 3 1
37163 2 1
37171 2 1
37180 2 1
37181 3 1
372 2 1
37206 3 1
37208 2 1
37209 2 1
37210 3 1
37213 2 1
37216 2 1
37216 3 1
37217 3 2
37220 2 1
37220 3 1
37221 2 2
37222 2 1
37222 3 1
37223 3 1
37226 3 1
37228 3 1
37235 2 1
37236 3 1
37238 2 1
3724 2 1
37240 3 1
37242 2 2
37242 3 1
37243 2 1
37243 3 1
37245 3 1
37247 2 1
37248 3 1
3725 3 1
37250 3 1
37253 3 1
37255 2 1
37256 2 1
37258 2 1
37259 2 1
37259 3 2
37260 3 1
37266 2 1
37267 2 1
37268 2 1
37269 3 1
3727 2 1
3727 3 2
37274 2 1
37275 2 1
3728 3 1
37288 3 1
37291 2 2
37291 3 1
37292 2 1
37292 3 1
37293 3 1
37296 2 1
37296 3 1
37297 2 1
37297 3 2
37298 3 2
373 2 1
37301 3 1
37303 2 1
37304 2 1
3731 2 1
37311 2 1
37313 3 1
37317 2 2
37318 2 1
37319 2 1
3732 3 2
37320 3 1
37323 2 1
37324 3 1
37326 3 1
37332 2 1
37334 2 2
37334 3 1
37335 2 2
37335 3 1
37336 2 1
37337 2 1
37337 3 2
37338 3 1
37341 3 1
37345 3 1
37348 2 1
37348 3 2
37350 2 1
37351 3 1
37357 3 1
37359 3 1
3736 2 1
37365 2 1
37368 3 1
37370 3 1
37383 2 1
37384 2 1
37387 3 1
37394 2 1
37395 3 1
374 2 1
37402 3 1
37405 2 2
37406 2 1
37406 3 1
37407 2 1
37408 2 1
37409 2 1
37409 3 2
3741 2 1
37410 3 1
37415 2 2
37416 2 1
37416 3 1
37417 2 1
37430 2 1
37431 3 1
37465 3 1
37471 2 1
37472 2 1
37477 2 1
37478 3 1
37483 3 1
37488 2 1
37488 3 1
37505 3 1
3751 2 1
3751 3 1
37516 3 1
37540 2 1
37541 3 1
37546 2 1
37546 3 2
37547 2 1
37548 3 1
37550 3 1
37552 2 2
37552 3 1
37553 2 1
37554 2 1
37555 2 1
37556 3 2
37558 3 1
37566 3 1
37570 2 1
37571 2 2
37571 3 1
37572 2 1
37575 3 1
37578 2 1
37578 3 2
37579 2 2
37579 3 1
37580 2 1
37581 2 1
37587 3 1
37589 2 1
37590 2 2
37591 2 1
37591 3 1
376 2 1
3761 2 1
3761 3 1
37618 3 1
37621 2 2
37621 3 1
37622 2 2
37622 3 1
37623 2 1
37624 3 1
37626 2 1
37627 2 1
37628 2 1
37629 2 1
37635 3 1
37638 2 1
37641 3 1
37643 2 1
37645 3 1
37650 2 1
37656 2 1
37664 2 1
37667 2 1
37667 3 1
37670 2 1
37670 3 1
37673 2 1
37673 3 1
37674 2 1
37675 2 2
37676 2 1
37676 3 1
37677 2 1
37678 3 1
37681 2 1
37681 3 2
37682 3 1
37684 3 1
37686 2 1
37689 2 1
37694 3 1
37698 2 1
377 2 1
37731 2 1
37731 3 1
37735 2 1
37736 3 2
37739 2 1
37739 3 1
37745 2 1
37759 3 1
37762 2 1
37793 2 1
37793 3 1
37794 2 1
37795 3 2
378 3 1
37805 2 1
37805 3 1
37810 3 1
37812 2 1
37815 2 2
37816 2 1
37816 3 1
37817 2 1
37820 3 1
37821 2 1
37821 3 2
37822 2 1
37824 3 1
37829 2 1
37829 3 1
37830 2 1
37831 3 1
37835 3 1
37844 2 1
37845 2 1
37852 2 1
37867 2 1
37868 3 1
37872 2 1
37873 2 1
37874 2 1
37874 3 2
37875 2 1
37875 3 2
37876 3 1
37878 3 1
37886 2 1
37886 3 1
37887 2 2
37887 3 1
37888 2 1
37897 2 1
37898 2 1
3790 2 1
37905 2 2
37905 3 1
37906 2 1
37906 3 1
37907 2 1
37908 2 1
37912 3 1
37913 2 1
37914 2 1
37915 2 1
37916 2 2
37916 3 1
37917 2 1
37919 3 1
37922 2 1
37951 2 1
37954 2 1
37955 3 1
37962 2 1
37963 3 1
37965 2 1
37965 3 2
37967 3 1
37969 3 1
37970 2 1
37970 3 2
37975 2 1
37977 2 1
37978 3 1
37981 3 1
37984 2 1
37985 3 1
3799 3 1
37992 2 1
37993 3 1
37996 2 1
37996 3 1
37999 2 1
37999 3 1
380 2 1
380 3 1
38002 2 1
38002 3 1
38006 3 1
38008 3 1
38010 2 1
38010 3 1
38011 2 1
38014 2 1
3802 3 1
38021 3 1
38024 2 1
38025 2 1
38026 2 1
38026 3 2
38027 3 1
3804 2 1
3804 3 1
38042 2 1
38054 3 1
38060 2 1
38063 2 1
38063 3 1
38066 2 1
38066 3 1
38067 2 1
38071 2 1
38071 3 1
38090 2 1
38092 3 1
381 2 1
38122 2 1
38125 2 1
38125 3 1
38126 3 1
38137 3 1
38139 2 1
38145 2 1
3815 2 1
38150 2 1
38151 3 1
38153 3 1
38159 3 1
38162 2 1
38163 2 1
38164 2 1
38165 3 2
3817 2 1
38173 3 1
38178 2 1
38178 3 1
38188 3 1
38194 3 1
38196 3 1
382 2 1
38204 2 1
38204 3 1
38205 2 1
38205 3 2
38208 2 1
3821 2 1
38215 2 1
38216 2 2
38217 3 1
38219 3 1
38225 2 1
38227 3 1
38233 2 1
38233 3 1
38234 2 2
38234 3 1
38235 2 1
38236 3 2
38249 2 1
38263 3 1
3827 3 1
38277 3 1
3828 2 1
38285 2 2
38285 3 1
38286 2 1
38286 3 1
38287 3 1
3829 2 1
38292 2 2
38292 3 1
38293 2 1
38294 2 1
38294 3 2
38295 3 1
38297 3 1
38299 2 1
383 3 1
3830 3 2
38300 3 1
38308 3 1
38311 2 1
38325 2 1
38325 3 1
38328 2 1
38328 3 1
38329 3 2
38336 2 1
38336 3 2
38337 2 2
38337 3 1
38338 2 1
38339 2 1
3835 3 1
38350 2 1
38356 2 1
38356 3 1
38393 3 1
38396 3 1
38404 3 1
3841 2 1
3841 3 2
38417 2 1
38418 2 1
38419 3 2
3842 2 1
38420 3 1
3843 2 2
3843 3 1
38451 3 1
38455 2 2
38455 3 1
38456 3 1
38458 3 1
38464 3 1
38466 2 1
38481 3 1
38483 2 1
38489 3 1
3849 3 1
38491 2 1
38495 2 1
38495 3 1
38498 3 1
38504 3 1
3851 2 1
38510 3 1
38516 3 1
38518 2 1
38519 2 1
38519 3 2
38520 2 1
38520 3 2
38521 2 1
38521 3 2
38522 3 1
38524 2 1
38525 2 2
38525 3 1
38527 2 1
3853 3 1
38534 2 1
38535 3 1
38543 3 2
38544 3 1
38548 2 1
38553 3 1
38555 3 1
38561 2 1
38562 2 1
38563 2 2
38564 3 1
38566 2 1
38566 3 1
38573 2 1
38574 3 1
3858 2 1
3858 3 1
38593 2 1
38596 3 1
38607 3 1
3861 2 1
38611 2 1
38611 3 1
38612 2 1
38613 3 1
38615 2 2
38615 3 1
38616 2 2
38616 3 1
38617 2 1
38618 3 1
3862 3 1
38620 3 1
38621 2 1
38622 3 2
38624 2 1
38624 3 1
38627 2 1
38627 3 2
38628 3 1
38630 2 2
38630 3 1
38631 2 1
38631 3 1
38632 2 1
38633 2 1
38634 2 1
38634 3 2
38635 3 1
38638 2 1
38638 3 2
38639 3 1
3864 3 1
38643 3 1
38645 3 1
38647 2 1
38647 3 1
38649 3 1
38658 2 1
38658 3 2
38659 2 1
3866 2 1
38660 2 1
38663 2 1
38664 2 1
38665 2 1
38666 2 1
3867 3 1
38671 2 1
38672 3 1
38674 2 1
38674 3 1
38684 2 1
38684 3 1
38685 2 2
38685 3 1
38686 3 1
38688 2 1
38688 3 1
38689 3 2
3869 2 1
3869 3 1
38690 3 1
38693 3 1
3872 3 1
38720 3 1
38722 2 1
38722 3 1
38725 2 1
38725 3 1
38726 2 2
38727 2 1
38727 3 1
38728 3 2
38730 2 1
38732 3 1
38749 2 1
38749 3 1
3875 2 1
3875 3 1
38756 2 1
3878 3 1
38780 2 1
38783 2 1
38783 3 1
38784 2 1
38784 3 2
38785 2 2
38786 3 1
38788 2 1
3879 2 1
38794 3 1
388 2 1
388 3 1
3880 2 1
38804 2 1
38804 3 1
38805 3 1
38809 2 1
38810 2 1
38819 2 1
38820 2 1
38822 2 1
38823 2 1
38824 2 2
38824 3 1
38825 3 1
38828 2 1
38833 2 1
38845 2 1
38849 2 1
38849 3 1
38850 2 1
38851 2 2
38851 3 1
38852 2 1
38853 3 1
38855 2 1
38857 3 1
38873 2 1
38873 3 1
38876 2 1
38876 3 1
38878 3 1
38880 2 1
38880 3 1
38882 2 1
38885 2 1
3889 3 1
38896 2 2
389 3 1
38909 2 1
38917 3 1
38926 3 1
38929 3 1
38941 3 1
38943 3 1
38945 2 1
38946 3 2
38949 2 1
3895 2 1
38952 2 1
38952 3 1
38956 2 1
38956 3 1
38957 2 1
38960 2 1
38964 2 1
38964 3 1
38965 2 2
38966 2 1
38966 3 1
38971 2 1
38971 3 1
38976 2 1
38979 2 1
3898 2 1
3898 3 1
38987 2 1
38987 3 1
38988 3 1
3899 3 2
38998 2 1
38999 2 1
39000 2 1
3901 3 1
39012 2 1
39013 2 1
39014 2 2
39015 2 2
39015 3 1
39016 3 1
39019 2 1
39023 3 1
39046 2 1
39046 3 1
39050 2 1
39051 2 1
39054 2 1
39054 3 1
39057 2 1
39058 2 1
39060 3 1
39077 2 1
39077 3 1
39078 2 1
39078 3 2
3911 2 1
39113 2 1
39114 3 1
39116 2 1
39117 3 1
39124 2 1
39125 2 1
39133 2 1
39134 2 2
39135 3 1
39137 2 1
39137 3 1
39145 2 1
39145 3 1
39148 3 1
3915 3 1
39154 2 1
39154 3 2
39165 3 1
39178 2 1
39181 3 1
39183 3 1
39187 2 1
39187 3 2
39188 3 1
3919 2 1
3919 3 1
39191 3 1
39192 2 1
39192 3 2
39193 2 1
39193 3 2
39194 3 1
39196 3 1
392 2 1
392 3 1
39202 2 1
39202 3 1
39206 3 1
3922 2 1
3922 3 1
39223 2 1
39226 2 1
39229 2 1
3923 3 1
39230 2 1
39247 2 1
39248 2 1
39249 2 1
39249 3 2
39250 2 1
39250 3 2
39251 3 1
39255 2 1
39255 3 1
39256 3 2
39259 3 1
3926 2 1
39266 3 1
39268 3 1
3927 2 1
39271 3 1
39273 2 1
39274 3 1
39276 2 1
39276 3 1
39281 2 1
39281 3 1
39282 2 2
39286 3 1
3929 2 2
39292 2 1
39292 3 1
39299 2 1
393 2 1
3930 3 1
39300 2 2
39300 3 1
39303 2 1
39304 2 1
39306 3 1
39317 2 2
39317 3 1
39318 2 1
3932 2 1
3932 3 1
39325 2 1
39326 2 1
3934 2 1
39345 2 1
3935 3 1
39351 2 1
39351 3 1
39352 2 1
39357 3 1
39374 2 1
39374 3 1
39375 2 1
39375 3 2
39378 2 1
39379 3 1
39384 3 1
39397 2 1
394 3 1
39400 3 1
39407 2 1
39408 3 1
3942 2 1
3943 2 1
3944 2 2
39444 3 1
39448 2 1
3945 2 1
3945 3 1
39451 2 1
39452 3 1
39456 3 1
3946 2 1
39467 2 2
39471 2 1
39472 3 1
39474 2 1
39474 3 1
39475 3 2
39478 2 1
39479 2 1
3948 3 1
39480 3 1
39482 2 1
39482 3 1
39483 2 1
39484 3 1
39488 2 1
39488 3 1
3950 2 1
3950 3 1
39506 2 1
39506 3 1
3951 3 2
39511 2 1
39512 2 2
39512 3 1
39513 3 1
39516 2 1
39516 3 1
39521 2 1
39523 2 1
39526 2 1
39531 2 1
39534 2 1
39534 3 1
39535 2 1
39538 3 1
39540 2 1
39541 2 1
39542 3 1
39552 3 1
39570 3 1
39576 3 1
39579 2 1
39579 3 1
39580 2 1
39581 2 2
39582 2 1
39582 3 1
39583 3 1
39585 2 1
39585 3 2
39586 2 1
39587 3 1
39589 3 1
39591 3 1
39596 3 1
39598 3 1
396 2 1
396 3 1
39601 3 1
39604 2 1
3961 2 1
3961 3 1
39611 3 1
39613 3 1
39614 2 1
39618 2 1
39618 3 1
39619 2 1
39619 3 2
39620 2 1
39621 2 2
39621 3 1
39624 2 1
39630 2 1
39632 3 1
39636 3 1
39640 2 1
39640 3 1
39641 2 1
39645 3 1
39647 3 1
39652 3 1
3967 2 1
3967 3 1
39678 3 1
39679 2 1
3968 2 1
39680 2 1
39685 2 1
39686 2 2
39686 3 1
39687 2 1
3969 3 1
397 2 1
397 3 2
39704 2 1
39705 3 1
39709 2 1
39714 2 1
39715 2 1
39716 2 1
39717 2 1
39718 3 1
39730 2 1
39731 3 1
39733 3 1
39735 3 1
39744 3 1
3975 2 1
3975 3 1
39769 2 1
39770 3 1
39773 2 1
39773 3 1
39774 2 2
39775 2 1
39775 3 1
39778 3 1
3978 3 1
39780 3 1
39782 2 2
39782 3 1
39783 2 1
39783 3 1
39784 2 1
39785 2 1
39788 3 1
39794 2 1
39797 2 1
398 3 2
39804 2 1
39804 3 2
39805 2 1
39806 2 1
39807 3 1
39811 2 1
39814 2 1
39815 2 1
39816 3 1
39818 3 1
3982 3 1
39820 3 1
39821 2 1
39824 3 1
39832 2 1
3984 2 1
3984 3 1
39842 2 1
39842 3 2
39848 2 1
39848 3 2
39849 3 1
3985 2 2
3986 2 1
3986 3 1
39863 2 1
39863 3 1
39864 3 2
39868 3 1
39872 3 1
39883 3 1
39887 2 1
39887 3 1
39888 2 1
39888 3 2
39889 2 1
39889 3 2
39890 2 1
39890 3 2
39895 2 1
3990 3 1
39906 2 1
39907 3 1
39909 3 1
3991 2 1
39912 2 2
39912 3 1
39913 2 1
39914 2 1
39915 3 1
3992 3 1
39921 2 1
39921 3 2
39924 2 1
39925 2 2
39925 3 1
39926 3 1
39928 3 1
39931 3 1
39945 3 1
39946 2 1
39947 2 2
39947 3 1
39948 2 1
39949 3 1
39951 2 1
39951 3 2
39953 3 1
39962 2 1
39962 3 2
39963 2 1
39965 2 1
39970 3 1
3998 3 1
39982 3 1
4000 2 1
40006 2 1
40006 3 1
40007 2 1
40007 3 2
40008 3 2
4001 2 1
40013 3 1
40014 2 1
4002 2 2
4002 3 1
4003 2 1
40035 2 1
40036 3 1
4004 3 1
4006 3 1
40074 2 1
40075 2 1
401 2 1
40100 2 1
40101 2 1
40102 2 2
40102 3 1
40103 3 1
40107 2 1
40110 2 1
40110 3 2
40111 2 2
40111 3 1
40112 2 1
40118 3 1
4012 2 2
4012 3 1
40124 3 1
4013 2 1
4013 3 1
40133 2 1
40134 3 1
40137 3 1
4014 2 1
40146 3 1
40148 2 1
40148 3 2
40149 2 2
40149 3 1
4015 3 2
40150 2 1
40154 3 1
40164 2 1
40171 2 1
40172 3 1
40174 2 1
40174 3 1
40175 2 1
40177 2 1
40178 2 1
40181 2 1
40181 3 1
40183 3 1
40185 2 1
40185 3 1
40186 2 1
4019 3 1
40193 2 1
40193 3 2
40194 2 1
40194 3 2
40195 3 1
40199 2 1
402 2 1
40212 2 1
40217 2 1
40218 2 1
40219 2 1
40219 3 2
40220 3 1
40222 2 1
40223 2 1
40224 3 1
4023 3 1
40235 3 1
40241 2 1
40245 2 2
40245 3 1
40246 2 1
40246 3 1
40250 2 1
40251 3 1
40255 2 2
40255 3 1
40256 3 1
40258 3 1
4026 3 1
40261 3 1
40264 2 1
40264 3 1
40268 3 1
40274 2 1
40277 3 1
4028 3 1
40280 2 1
40281 3 1
40283 2 1
40288 2 1
40289 2 1
40289 3 2
40290 2 1
40290 3 2
40291 2 1
40291 3 2
40292 3 1
403 3 1
40300 2 1
40300 3 2
40301 2 1
4031 2 1
4031 3 1
40328 3 1
40330 3 1
40332 2 1
40333 2 1
40333 3 2
40334 3 1
40336 2 1
40337 2 1
40338 2 1
40339 3 1
4034 3 1
40341 2 1
40341 3 1
40342 2 2
40342 3 1
40343 2 1
40347 2 1
40348 2 1
4038 2 1
4038 3 1
40382 2 1
40388 2 1
40389 3 1
4039 2 1
4039 3 2
40398 3 1
40402 2 1
40428 3 1
40432 2 2
40432 3 1
40433 3 1
40435 3 1
40437 3 1
40439 2 1
40439 3 1
40440 2 1
40441 3 2
40447 2 1
40447 3 1
40450 2 1
40450 3 1
40452 3 1
40454 3 1
40459 2 1
40459 3 1
40466 2 1
40469 2 1
40469 3 1
40471 2 1
40472 3 1
40476 2 2
40476 3 1
40477 2 1
40477 3 1
40478 2 1
40479 3 2
40484 2 1
4049 2 1
40492 2 1
40493 3 1
405 2 1
405 3 1
4050 3 1
40501 3 1
40504 3 1
40511 3 1
40514 3 1
4052 2 1
4052 3 1
40520 2 1
40521 2 1
40522 2 1
40523 2 1
40524 2 1
40525 3 2
40531 3 1
40535 3 1
40541 3 1
40549 2 1
40549 3 1
40554 2 1
40554 3 2
40555 3 1
4056 2 1
40561 3 1
40565 2 1
40566 3 1
4057 2 1
40575 2 1
40578 3 1
40580 2 2
40580 3 1
40582 2 1
40583 3 1
40585 2 1
40588 3 1
40591 2 1
40597 2 1
406 3 1
40604 3 1
40606 2 1
40606 3 1
40607 3 2
40610 2 2
40611 2 1
40612 3 1
40619 2 1
40619 3 1
4062 2 1
4062 3 1
40620 2 1
40621 2 2
40621 3 1
40622 3 1
40627 2 1
40627 3 2
40628 2 1
40628 3 2
40629 2 1
40629 3 2
40630 3 1
40641 3 1
40659 2 1
40663 2 1
40663 3 1
40669 2 1
40670 2 1
40671 2 2
40672 3 1
40720 2 1
40727 2 1
40758 3 1
40762 2 1
40762 3 2
40763 2 2
40764 2 1
40764 3 1
40767 3 1
40769 3 1
40771 2 1
40771 3 1
40772 2 1
40772 3 2
40774 2 1
40775 2 1
40776 2 2
40776 3 1
40777 3 1
40779 2 1
40779 3 1
40780 3 2
40782 2 2
40782 3 1
40783 2 1
40783 3 1
40786 2 1
40786 3 1
40788 2 1
4079 3 1
40799 3 1
40802 2 1
40806 2 1
40807 3 2
40809 2 1
40809 3 1
40810 2 1
40811 3 1
40822 3 1
4083 3 1
40835 2 1
40836 2 1
40837 3 1
40840 2 1
40840 3 1
40841 2 2
40842 2 1
40842 3 1
40843 3 2
40844 3 2
40845 3 1
40847 3 1
40848 2 1
40855 2 1
40855 3 1
40856 2 1
40861 2 1
40865 3 1
40872 2 1
40873 3 1
40875 2 1
40875 3 1
40876 2 1
40876 3 2
40877 2 1
40877 3 2
40878 2 1
40878 3 2
40883 2 1
40883 3 1
40884 2 1
40884 3 2
40885 3 2
40891 2 1
40892 2 1
40896 2 1
40903 2 1
40904 3 1
40908 3 1
40910 2 1
40912 2 2
40912 3 1
40913 2 1
40914 3 1
40917 2 1
40917 3 1
40922 3 1
40924 3 1
40929 2 1
40929 3 1
40931 3 1
40934 3 1
40938 2 1
40940 3 1
40942 2 1
40943 2 1
40947 2 1
40948 2 1
40951 2 1
40957 2 1
40958 2 1
40959 2 2
40959 3 1
40960 3 1
40971 2 1
4098 2 1
40986 2 1
40987 2 1
40989 3 1
4099 2 1
40991 2 1
40991 3 1
40995 2 1
40995 3 1
40996 2 1
40997 3 1
410 2 1
410 3 1
4100 3 1
41014 2 1
41042 2 1
41047 2 1
41048 2 1
41050 3 1
4107 3 1
41087 2 1
41087 3 1
41091 2 1
41091 3 1
41092 3 1
41094 3 1
41097 2 1
41098 2 1
411 3 1
41101 2 1
41104 3 1
41106 2 1
41109 2 1
41109 3 2
41110 2 1
41110 3 2
41111 2 2
41111 3 1
41112 2 1
41126 2 1
41127 3 1
41129 3 1
41137 2 1
41137 3 1
41141 2 1
41142 2 1
41143 3 1
41151 2 1
41154 3 1
41156 3 1
41160 3 1
41163 2 1
41163 3 1
41165 3 1
41172 2 1
41173 2 1
41174 2 1
41177 2 1
41179 2 1
41180 2 1
41181 3 1
41185 3 1
41187 3 1
41193 2 1
41194 2 1
41195 3 2
41201 2 1
41205 2 2
41205 3 1
41206 2 1
41206 3 1
41207 2 1
41208 3 1
41210 2 1
41210 3 1
41211 3 1
41213 2 1
41213 3 2
41214 2 1
41215 2 1
41216 3 1
41224 2 1
41225 3 1
41231 3 2
41232 3 1
41234 3 1
41238 2 1
41239 3 1
41244 2 2
41244 3 1
41245 2 1
41245 3 1
41246 2 1
41252 3 1
41254 2 1
41254 3 2
41256 2 1
41257 3 1
41259 3 1
41261 2 1
41261 3 2
41262 3 1
41264 2 1
41268 3 1
4127 3 1
41270 2 1
41271 3 1
41289 2 1
41293 3 1
41297 3 1
41305 3 1
41309 3 1
41310 3 2
41314 3 2
41315 3 1
4132 3 1
41325 3 1
41327 3 1
41329 2 1
41329 3 1
41330 2 1
41331 3 1
4134 3 1
41381 3 1
414 2 1
414 3 1
41416 2 1
41421 2 2
41421 3 1
41422 3 1
41424 2 1
41424 3 2
41425 2 1
41426 3 1
41432 3 1
41433 2 1
41438 2 1
41438 3 1
41439 2 1
41440 2 1
41444 2 1
41444 3 1
41447 3 1
41448 2 1
41457 3 1
41459 2 1
41460 2 1
41466 2 1
41466 3 1
41467 2 2
41468 3 1
41469 2 1
41470 3 1
41485 2 1
41490 3 1
41492 2 1
41492 3 1
41495 2 1
41496 2 1
415 2 1
41500 2 1
41500 3 2
41501 3 1
41517 2 1
41519 2 1
41525 2 1
41525 3 1
41528 3 1
41535 2 2
41535 3 1
41536 3 1
41538 3 1
41540 2 2
41540 3 1
41542 2 1
41543 3 1
41555 2 1
41556 3 1
4156 2 1
4156 3 1
41561 2 1
41561 3 1
41562 2 2
41563 2 1
41563 3 1
41564 3 2
41566 2 1
41566 3 1
41567 3 1
41574 2 1
41583 2 1
41584 3 1
41595 3 1
41597 2 1
416 2 1
4160 2 1
4160 3 1
41601 2 1
41601 3 2
41602 3 1
41604 3 1
41608 2 1
41609 3 1
4161 3 1
41616 3 1
41617 2 1
41618 3 1
41622 2 1
41622 3 1
41623 3 2
41627 3 1
41634 2 1
41634 3 1
41635 3 2
41639 2 1
41640 3 1
41642 3 1
41644 2 1
41644 3 1
41647 2 1
41647 3 1
41648 2 1
41649 3 2
4165 3 1
41655 3 1
4168 3 1
4169 2 1
417 3 1
4170 2 1
41703 3 1
41706 2 1
4171 3 1
41710 2 1
41714 2 1
41716 3 1
4173 2 1
4173 3 2
4175 3 1
41751 2 2
41751 3 1
41752 2 1
41753 2 1
41754 3 1
41756 2 1
41757 2 1
41758 3 1
41762 3 1
41767 2 1
41767 3 1
41768 3 2
4177 2 1
4177 3 1
41773 2 1
41773 3 1
41774 2 2
41775 3 1
41776 2 1
41777 3 2
4178 2 1
41786 2 1
41792 3 1
41798 3 1
41805 2 1
41805 3 1
41808 2 1
41811 2 1
41812 2 1
41813 2 1
41815 3 1
4183 2 1
41830 2 1
41830 3 1
41831 2 2
41832 2 1
41832 3 1
41834 2 1
41835 2 1
41835 3 2
41836 3 1
4184 3 1
41840 2 1
41840 3 1
41856 3 1
41858 3 1
4186 2 1
4186 3 1
41863 2 1
41864 2 2
41864 3 1
41865 2 1
41866 3 2
41868 3 1
4187 2 1
41872 2 2
41873 2 1
41874 2 1
41891 3 1
41893 2 1
41893 3 2
41894 2 1
41895 2 2
41895 3 1
41896 2 2
41896 3 1
41897 3 1
41900 3 1
41916 2 1
41916 3 1
41919 3 1
41922 2 1
41923 2 1
41924 2 2
41924 3 1
41925 2 1
41927 3 1
41929 2 1
41929 3 1
41930 2 1
41931 2 1
41934 2 1
41940 2 1
41941 2 1
41941 3 2
41942 3 1
41944 3 1
41945 2 1
41948 2 1
41949 3 1
41952 2 1
41953 2 1
41954 3 1
41957 2 1
41958 3 1
41964 2 1
41965 2 1
41966 2 1
41967 3 1
41970 3 1
41973 2 1
41976 2 1
41976 3 1
41977 3 2
41979 2 1
41979 3 1
41982 2 2
41982 3 1
41983 3 1
41985 3 1
41987 3 1
41989 2 1
4201 2 1
4201 3 1
42017 2 1
42018 2 1
42019 3 1
42033 2 1
42043 3 1
42045 2 1
42046 2 2
42047 2 1
42047 3 1
4205 3 1
4207 2 1
4207 3 1
42077 2 1
42078 2 1
42079 2 1
42084 2 1
42085 3 1
42088 3 1
42092 3 1
42098 2 1
42099 2 1
42100 3 1
42103 3 1
42105 3 1
42107 2 1
42107 3 1
42108 2 1
4211 3 1
42115 3 1
42122 2 1
42128 2 1
42131 3 1
42140 3 1
42155 2 1
42158 2 1
42159 2 1
42165 2 1
42168 2 1
42168 3 1
42169 2 1
42170 3 2
42176 2 1
42177 3 1
42179 2 1
42179 3 1
42186 3 1
42188 2 1
42189 2 1
4219 3 1
42190 2 1
42191 3 1
42193 3 1
42196 2 1
42196 3 1
42197 2 1
42200 3 1
4221 2 1
4221 3 1
42219 2 1
42220 2 2
42220 3 1
42221 2 1
42222 2 1
42223 3 1
42225 2 1
42226 2 2
42227 3 1
42229 2 1
42229 3 1
42241 2 1
42241 3 1
42249 3 1
4225 3 1
42254 3 1
42258 2 1
42271 2 1
42274 3 1
42280 2 1
42281 3 1
42284 3 1
42288 2 1
42289 3 1
4229 2 1
42297 3 1
42299 2 1
42299 3 1
4230 2 2
4230 3 1
42306 2 1
42307 2 1
42308 2 2
42308 3 1
42309 3 1
4231 2 1
42312 2 2
42312 3 1
42313 3 1
42315 3 1
42317 3 1
4232 2 1
4233 2 1
4233 3 2
4234 2 1
4234 3 2
4235 3 1
4237 2 1
4237 3 1
42378 3 1
424 2 1
424 3 1
4241 3 1
42410 3 1
42411 2 1
42411 3 2
42412 2 1
42413 3 1
42416 2 1
42417 2 1
42418 3 2
42420 2 1
42420 3 1
42421 2 2
42421 3 1
42422 2 1
42425 2 1
42426 2 1
42428 3 1
42435 2 1
42445 2 1
42446 3 1
42456 3 1
4246 2 1
42461 2 1
42466 3 1
42468 3 1
4247 2 1
42470 2 1
42470 3 2
42471 3 1
42480 3 1
42484 3 1
42486 3 1
42488 3 1
42492 3 1
42494 3 2
42495 3 1
42497 2 1
42497 3 1
425 2 1
42500 2 1
42500 3 1
42516 3 1
4252 2 2
4252 3 1
42524 3 1
42526 3 1
4253 2 1
42530 2 1
42532 2 1
42533 3 1
42542 3 1
42553 2 1
42554 3 1
42558 2 1
42561 2 1
42561 3 1
42571 3 1
42576 2 1
42577 2 1
42580 2 1
42581 3 1
42584 2 1
42584 3 2
42585 3 1
42591 2 1
42591 3 1
42592 2 1
42592 3 2
42593 2 1
42593 3 2
42594 2 1
42594 3 2
42596 3 1
426 3 1
42601 3 1
42604 2 1
42604 3 2
42605 2 1
42606 2 1
42607 2 1
42611 2 2
42612 2 1
42612 3 1
42613 2 1
4262 3 1
42620 2 1
42621 2 1
42622 3 1
42626 2 1
42626 3 1
42627 3 2
42629 3 1
42632 3 1
42633 2 1
42634 3 1
42638 2 1
42639 2 2
42640 2 1
42640 3 1
42641 2 1
42641 3 2
42642 2 2
42642 3 2
42643 3 1
42646 3 1
42649 2 1
42649 3 1
4268 2 1
4270 3 1
42707 3 1
4272 3 1
42738 2 1
42738 3 1
42739 2 2
42739 3 1
42740 2 1
42741 3 1
42748 2 1
42748 3 1
4275 3 1
42750 2 2
42751 3 1
42753 3 1
42755 3 1
42758 2 2
42758 3 1
42759 2 1
42759 3 1
42763 2 1
42764 3 1
42769 2 1
42769 3 1
42770 2 1
42772 2 1
42773 2 1
42773 3 2
42774 3 1
42777 3 1
4278 3 1
42783 3 1
42785 3 1
42788 2 1
42788 3 1
42789 2 1
42790 3 1
42795 2 1
42798 2 2
42798 3 1
42799 2 1
42799 3 1
428 2 1
428 3 1
4280 2 1
42800 2 1
42804 2 1
42804 3 1
4281 2 1
42810 3 1
42814 2 1
42815 2 1
42819 2 1
42820 3 1
42822 3 1
42824 2 1
42824 3 1
42827 3 1
42839 2 1
42840 2 1
42841 2 1
42842 2 1
42843 3 1
42845 2 1
42845 3 1
42850 3 1
42852 3 1
42854 3 1
42856 2 1
42863 2 1
42864 2 1
4287 2 1
42871 3 1
4288 3 1
42885 2 1
42886 2 1
42888 3 1
42891 3 1
42893 3 1
429 2 1
42902 2 1
42906 3 1
42908 3 1
4291 3 1
42910 2 2
42911 2 1
42912 2 1
42921 2 1
42922 2 1
42923 2 1
42924 3 1
42926 2 1
42927 2 1
42929 3 1
4293 3 1
42931 3 1
42933 2 1
42933 3 1
42934 3 1
4294 2 1
42940 3 1
42941 2 1
42945 2 1
42945 3 1
42946 2 1
42946 3 2
42947 2 1
42947 3 2
42948 2 1
42948 3 2
4295 2 1
42950 3 1
42952 2 2
42952 3 1
42953 2 1
42953 3 1
42954 3 1
42956 2 1
42956 3 2
42957 2 1
42962 3 1
42964 3 1
42970 2 1
42970 3 2
42971 2 1
42972 2 1
42973 2 2
42974 2 1
42974 3 1
42975 3 2
42976 3 2
42977 3 1
42980 2 1
4299 3 1
430 2 1
43002 3 1
4301 2 1
4301 3 1
4303 2 2
4303 3 1
4304 2 1
4304 3 1
43048 2 1
43066 2 1
43067 2 1
43068 2 2
43069 3 1
43071 2 1
43072 2 1
43076 2 1
43077 2 1
43078 2 2
4308 2 2
4308 3 1
43083 3 1
43085 2 1
43085 3 2
43086 2 1
43087 2 2
43087 3 1
43088 2 1
43089 3 2
4309 2 1
4309 3 1
43094 2 2
43094 3 1
43095 2 1
43095 3 1
43097 2 2
43097 3 1
43098 2 1
43098 3 1
431 3 1
4310 2 1
43101 3 1
43103 2 1
43104 2 2
43105 2 1
43105 3 1
43113 3 1
43115 2 1
43118 3 1
43128 2 1
43132 2 1
43132 3 1
4314 3 1
43149 2 2
43154 3 1
43157 3 1
43159 2 1
43159 3 1
43167 3 1
43169 3 1
43173 2 1
43179 2 1
43179 3 1
4318 2 1
43180 3 2
43182 3 1
43184 2 1
43185 3 1
4319 2 2
4319 3 1
43190 2 1
43191 3 1
4320 3 1
43201 2 1
43213 2 1
43213 3 1
43215 3 1
43219 2 1
4322 2 1
4322 3 2
43220 2 1
43223 2 1
4323 3 1
43236 3 1
43238 2 1
43238 3 2
43240 3 1
43243 3 1
43246 2 1
43248 2 1
43249 2 1
43250 3 1
43254 3 1
43259 2 1
43260 2 2
43260 3 1
43261 3 1
43263 2 2
43263 3 1
43264 3 1
43268 3 1
43269 2 1
43270 3 2
43273 2 1
43273 3 1
43274 2 2
43274 3 1
43275 2 1
43276 2 1
43277 2 1
43278 3 1
4328 2 1
43280 3 1
43282 2 2
43282 3 1
43283 2 2
43283 3 1
43284 2 1
43285 2 1
43285 3 2
43286 3 1
4329 3 2
43292 3 1
43294 2 1
43299 2 1
4330 3 1
43300 3 1
43304 2 1
43305 2 1
43306 2 1
4332 3 1
43323 2 1
43332 2 1
43333 3 1
4334 3 1
4336 2 1
4337 2 2
4337 3 1
43399 2 1
434 2 1
434 3 1
43400 3 1
43403 3 1
43414 2 1
43415 3 1
43417 3 1
43419 2 1
43419 3 1
4342 2 2
4342 3 1
43421 2 1
43422 2 1
43423 2 2
43423 3 1
43424 2 1
43427 2 1
4343 3 1
43431 2 1
43432 3 2
43433 3 1
43436 2 1
43441 2 1
43442 2 2
43443 3 1
43447 2 1
43447 3 1
4345 2 1
4345 3 1
43453 3 1
43455 2 1
43456 3 1
4346 2 1
4346 3 2
43461 2 1
43461 3 1
43462 2 2
43463 3 1
43464 2 1
4347 2 1
4347 3 2
43477 2 1
43479 2 1
4348 2 1
4348 3 2
43482 2 1
43483 2 2
43483 3 1
43484 2 1
43485 2 1
43489 3 1
4349 2 2
43495 3 1
43497 3 1
43499 2 1
435 3 1
4350 2 1
4350 3 1
43500 2 1
43501 2 1
43501 3 2
43502 3 1
43509 2 1
43509 3 2
43510 2 1
43511 2 2
43511 3 1
43512 2 1
4352 2 1
43520 3 1
43522 2 1
43525 2 1
4353 3 2
43545 3 1
4355 2 1
4355 3 1
43565 2 1
43566 2 2
43567 2 1
43567 3 1
43568 3 1
43570 2 1
43571 3 1
43573 2 1
43576 3 1
4358 2 1
43580 2 1
43581 3 1
43584 2 1
43585 2 1
43585 3 2
43586 2 1
43586 3 2
43587 2 1
43587 3 2
43588 3 1
4359 2 1
43590 2 1
43590 3 2
43593 2 2
43593 3 1
43594 2 1
43597 2 1
43600 2 1
43600 3 1
43601 2 1
43601 3 2
43602 2 1
43603 2 2
43604 3 1
43608 3 1
43610 2 1
43610 3 2
43611 2 2
43611 3 1
43612 2 1
43615 2 1
43615 3 1
43616 2 2
43617 2 1
43617 3 1
43618 3 2
43620 2 1
43621 2 1
43625 3 1
43629 2 2
43631 2 1
43632 2 1
43633 3 1
4364 3 1
43655 2 1
43655 3 1
4366 2 1
4366 3 1
43663 2 1
43664 2 1
43665 3 1
4367 2 2
4367 3 1
4368 2 1
4369 3 1
43693 2 1
43694 3 1
43697 2 1
43698 3 1
437 2 1
437 3 1
4372 2 1
4372 3 1
4373 3 1
43730 2 1
43731 2 1
43735 3 1
43736 2 1
43742 2 1
4375 2 1
4375 3 1
43751 3 1
43753 3 1
43762 2 1
43762 3 1
43772 2 1
43775 2 1
43775 3 1
43776 2 1
43783 3 1
43786 2 1
43787 2 1
43788 2 1
43789 2 1
43790 2 2
43790 3 1
43791 3 1
43793 3 1
438 2 1
438 3 2
43806 3 1
43813 3 1
43816 3 1
43817 2 1
43818 2 2
43818 3 1
43819 3 1
43825 3 1
43827 3 1
43831 2 1
43831 3 1
43832 2 2
43833 2 1
43833 3 1
43835 2 1
43838 2 1
43839 3 1
43841 3 1
43868 2 1
43869 2 1
43875 2 1
43876 3 1
43878 3 1
43879 2 1
43880 3 1
43884 3 1
43886 3 1
43891 2 2
43891 3 1
43892 3 1
43895 3 1
43897 2 2
43897 3 1
43898 2 1
43899 3 1
439 2 1
439 3 2
4390 2 1
4390 3 1
43901 3 1
43904 3 1
43905 2 1
43906 2 2
43907 2 1
43907 3 1
43908 2 1
43909 3 1
43911 3 1
43915 2 1
43915 3 1
43916 2 1
43917 2 1
43918 2 2
43919 2 1
43919 3 1
43920 3 1
43922 2 1
43922 3 1
43925 3 1
43927 3 1
43930 2 1
43931 3 1
43936 2 1
43937 2 1
43938 2 2
43939 2 1
43939 3 1
43945 3 1
43947 2 1
43948 2 1
4395 3 1
43950 3 1
43955 2 1
43959 2 1
4396 2 1
43961 3 1
43963 3 1
43965 2 1
43966 2 1
4397 2 1
4397 3 2
4398 2 1
4398 3 2
43984 2 1
4399 3 1
43997 2 1
43997 3 1
43998 2 1
440 3 1
4402 3 1
44028 2 1
44054 2 1
44055 2 1
44058 2 1
44059 3 1
44064 2 1
44067 3 1
44070 3 1
44072 3 1
44077 2 1
44080 2 1
44083 2 1
44084 3 1
44086 2 1
44086 3 1
4409 2 1
44091 2 1
44100 2 1
44100 3 1
44105 3 1
44113 2 1
44114 2 1
44115 3 1
44120 2 1
44120 3 2
44121 2 2
44122 2 1
44122 3 1
44137 2 1
44138 2 1
44139 2 1
44140 2 1
44140 3 2
44141 3 1
44143 2 1
44143 3 2
44144 2 1
44148 2 1
44149 2 2
44150 2 1
44150 3 1
44153 2 1
44157 3 1
4416 2 1
44161 3 1
44163 3 1
44166 3 1
4417 3 1
44173 3 1
4419 2 1
4419 3 1
442 2 1
442 3 1
4420 3 1
44203 2 1
44204 3 1
44207 2 1
44210 3 1
44212 2 1
44212 3 1
44216 2 1
44216 3 2
4422 3 1
44221 2 2
44221 3 1
44222 3 1
44225 3 1
44227 3 1
44229 3 1
44231 2 1
44231 3 2
44232 2 1
44233 2 1
44237 3 1
44239 3 1
44241 2 1
44241 3 2
44242 2 1
44242 3 2
44243 3 1
44245 3 1
44249 2 2
44249 3 1
44250 2 1
44251 2 1
44255 3 1
44257 2 1
44257 3 2
44258 3 1
44261 2 1
44263 2 1
44266 3 1
44271 2 1
44272 3 1
44275 3 1
44280 2 1
44280 3 2
44281 3 1
44291 2 1
44291 3 2
44292 2 2
44292 3 1
44293 2 1
44298 2 1
443 3 1
4430 2 1
44303 3 1
4431 2 1
44327 3 1
44330 2 1
44330 3 1
44331 2 1
44332 2 1
44348 2 1
4435 3 1
44352 2 1
4437 2 1
44386 3 1
44394 3 1
44397 3 1
44402 2 1
44403 2 1
44406 3 1
44414 2 1
44416 2 2
44420 3 1
44427 2 1
44428 3 1
44430 3 1
44432 2 1
44433 3 1
44435 2 1
44435 3 2
44436 3 1
44438 2 1
44438 3 1
44439 2 1
44442 3 1
44445 2 1
44447 2 1
44448 2 1
44449 2 1
44450 3 1
44452 3 1
44458 3 1
44466 2 1
44470 2 1
44470 3 1
44471 2 2
44472 2 1
44472 3 1
44473 3 1
44483 2 2
44484 3 1
44485 2 1
44489 2 1
44489 3 1
44490 2 1
44493 2 1
44493 3 2
44494 3 1
44496 2 1
44506 3 1
44529 2 1
44529 3 1
44534 2 2
44534 3 1
44535 2 1
44535 3 1
44537 3 1
44539 2 1
44539 3 1
44544 2 1
44545 2 1
44546 3 1
44548 3 1
44551 2 1
44552 3 2
44555 2 1
44560 2 1
44561 3 1
44566 2 1
44566 3 1
44569 2 2
44569 3 1
44570 2 1
44570 3 1
44571 2 1
44572 2 1
44573 3 2
44575 3 1
44577 2 1
44577 3 1
44578 2 1
44579 3 2
44583 2 1
44583 3 1
44584 2 1
44585 2 2
44586 2 1
44586 3 1
44587 2 1
44587 3 2
44588 3 2
44596 3 1
44598 2 1
44598 3 1
446 2 1
446 3 1
44605 2 1
44606 3 1
44609 2 1
44609 3 1
44610 2 1
44615 2 1
44615 3 1
4462 2 2
4462 3 1
44620 2 1
44621 2 1
44622 3 2
4463 2 1
4463 3 1
44630 2 1
44631 3 1
44659 2 1
44659 3 1
44663 2 1
44664 2 1
447 2 1
447 3 2
4470 3 1
4471 2 1
44715 2 1
4472 2 1
44722 3 1
44723 2 1
44724 3 2
44727 3 1
4473 2 1
4474 2 1
44740 3 1
44742 2 1
44742 3 1
44743 3 1
44745 3 1
44746 2 1
44749 2 1
4475 2 1
4475 3 2
44752 2 1
4476 3 1
44760 2 1
44760 3 2
44761 3 1
44763 2 1
44764 2 1
44765 2 1
44766 3 2
44768 3 1
44773 2 1
44774 3 1
44780 3 1
44782 2 1
44789 3 1
44797 2 1
44798 2 1
44799 2 2
44799 3 1
448 2 1
44800 3 1
44802 2 2
44802 3 1
44803 2 1
44804 2 1
44806 2 1
44808 2 1
44809 2 1
44813 2 1
44816 3 1
44817 2 1
44822 2 1
44822 3 1
44823 2 1
44824 3 2
44827 3 1
44829 3 1
44833 2 1
44834 3 1
44836 2 1
4484 2 1
4484 3 1
4485 2 1
44858 2 1
4486 3 2
44864 2 1
44871 2 1
44873 3 1
44876 3 1
44878 3 1
44882 2 1
44882 3 1
44883 2 1
44884 3 1
44888 2 1
4489 2 1
4489 3 1
44890 2 2
44890 3 1
44891 2 1
44892 3 1
44894 2 1
44894 3 1
44895 2 1
44896 3 2
44899 2 1
449 3 1
4490 2 2
44900 3 2
44903 2 1
44903 3 1
44904 2 2
44904 3 1
44905 2 1
44906 2 1
44909 2 1
44909 3 1
4491 3 1
44910 2 1
44911 2 1
44916 2 1
44917 2 1
44918 2 1
44919 3 1
44921 2 1
44921 3 1
44923 3 1
44925 2 1
44925 3 1
44926 2 2
44927 2 1
44927 3 1
44930 3 1
44932 3 1
44937 2 1
44938 2 1
44939 3 2
44943 2 1
44943 3 1
44944 2 1
44945 2 2
44946 3 1
4495 3 1
44950 3 1
44952 2 1
44952 3 1
44953 2 1
44953 3 2
44961 3 1
4497 2 1
4497 3 1
44989 3 1
44992 2 1
44992 3 1
45011 2 2
45012 2 1
45012 3 1
4502 2 1
45027 2 1
4503 3 1
45047 2 1
45047 3 1
45049 2 1
4505 2 1
45054 2 1
45054 3 1
45061 2 1
45064 2 1
45064 3 1
45070 3 1
45072 2 2
45072 3 1
45073 2 1
45074 2 1
45087 3 1
45089 2 1
45089 3 1
45090 2 1
45091 3 2
45096 2 1
45096 3 1
45097 2 2
45097 3 1
45098 3 1
45101 2 1
45101 3 1
45109 2 1
45109 3 1
45118 2 1
45126 2 1
45129 2 1
45130 2 2
45131 2 1
45131 3 1
45132 3 2
4514 3 1
45146 3 1
45148 3 1
45149 2 1
45154 2 1
45154 3 1
45155 2 1
45156 2 2
45156 3 1
45157 3 1
45159 3 1
4516 3 1
45164 3 1
45187 3 1
45190 2 1
45190 3 1
45191 2 1
45192 2 1
45193 3 1
45203 2 1
45204 2 1
45205 2 2
45205 3 1
45206 3 1
45208 3 1
4521 2 1
4521 3 1
45211 2 1
45211 3 1
45215 2 1
45220 3 1
45222 2 1
45226 2 1
45226 3 1
45227 3 1
4523 3 2
45230 2 1
45230 3 1
45231 2 1
45231 3 2
45232 2 1
45233 2 2
45234 3 1
45238 2 1
45238 3 1
4524 3 1
45242 3 1
45243 2 1
45244 2 1
45244 3 2
45245 3 1
45249 2 1
45254 2 1
45257 3 1
4526 2 1
4526 3 1
45260 3 1
45262 3 1
45264 2 1
45264 3 1
45267 3 1
45269 2 1
45269 3 1
4527 3 2
45270 2 1
45271 3 1
45273 3 1
45276 2 1
45278 3 1
45279 2 1
45282 2 1
45283 3 1
45316 2 1
45317 3 1
45319 2 1
45320 2 1
45321 2 1
4533 2 1
4533 3 1
45337 3 1
4534 2 1
45341 2 1
45355 2 1
45356 3 1
45367 3 1
4537 3 1
45374 2 1
4539 2 1
4539 3 1
45400 2 2
45400 3 1
45401 2 1
45401 3 1
45421 2 1
45421 3 1
45422 2 1
45423 3 1
45425 2 1
45425 3 1
45426 2 2
45427 2 2
45427 3 1
45428 3 1
45430 2 1
45430 3 1
45431 3 2
45433 3 1
45434 2 1
45439 3 1
45442 2 1
45442 3 1
45445 3 1
45455 3 1
4546 3 1
45462 2 1
45463 2 1
45464 3 1
45466 2 1
45466 3 1
45468 3 1
45472 2 1
45472 3 1
45473 2 1
45473 3 2
45474 2 1
45474 3 2
45475 2 1
45475 3 2
45476 2 2
45477 2 1
45477 3 1
4548 2 1
4548 3 1
45480 3 1
45482 3 1
45484 3 1
45486 2 1
45486 3 2
45487 2 2
45488 2 1
45488 3 1
45489 3 2
4549 2 2
45492 2 1
45492 3 1
45493 2 2
45493 3 1
45494 2 1
45495 2 1
45495 3 2
45496 3 1
455 2 1
455 3 1
4550 2 1
4550 3 1
4551 3 2
45511 3 1
45513 3 1
45515 3 1
45523 3 1
45531 3 1
45535 2 1
45535 3 2
45538 3 1
45541 3 1
45543 2 1
45543 3 1
45545 3 1
45548 2 2
45549 2 1
45549 3 1
4555 3 1
45556 2 2
45556 3 1
45557 3 1
45560 2 1
45561 3 1
45565 2 1
45566 2 1
45567 2 2
45567 3 1
45568 3 1
4557 2 1
4557 3 1
45570 2 1
45570 3 1
45574 2 1
45574 3 1
45575 2 2
45576 2 1
45576 3 1
45577 3 1
45581 2 2
45582 2 1
45582 3 1
45584 3 1
45589 2 1
45590 2 2
45591 2 1
45591 3 1
45596 2 1
45597 3 2
45599 3 1
45602 2 1
45603 2 2
45604 2 1
45604 3 1
45605 3 1
45608 3 1
45613 2 1
45614 2 1
4563 2 1
4563 3 1
4564 2 1
4564 3 2
4565 2 2
4566 2 1
4566 3 1
45666 2 1
45667 3 2
4567 3 2
45685 3 1
45688 3 1
4569 3 1
45697 2 2
45697 3 1
45698 2 1
45698 3 1
45699 2 1
4570 2 1
4570 3 2
45709 2 1
45709 3 1
45715 3 1
4573 2 1
4573 3 1
45730 2 1
45733 2 1
45733 3 1
4574 2 1
4575 3 2
45751 3 1
45757 2 2
45757 3 1
45758 3 1
4576 3 1
45760 2 1
45761 2 1
45765 3 1
45769 3 1
45772 2 2
45772 3 1
45773 2 1
45774 2 1
45778 2 1
45780 3 1
45786 2 1
45787 2 1
45788 2 1
45789 2 1
45792 3 1
45798 2 1
45798 3 2
45799 2 1
458 3 1
45800 2 1
45801 2 2
45801 3 1
45802 2 1
45803 2 1
45804 2 1
45805 3 1
45807 3 1
45810 3 1
45812 2 1
45813 2 2
45813 3 1
45814 2 1
45815 2 1
45816 3 1
45818 2 1
45819 2 1
4582 3 1
45820 2 1
45821 2 1
45822 2 2
45823 3 1
45825 2 1
45825 3 1
45826 2 2
45827 2 1
45827 3 1
4584 3 1
45843 3 1
45846 2 1
45850 3 1
45852 3 1
45860 2 1
45861 2 2
45862 2 1
45862 3 1
45863 2 1
45864 2 1
45865 3 1
45867 2 1
45867 3 1
45871 2 1
45875 3 1
45877 3 1
45878 2 1
45881 2 1
45881 3 1
45882 2 1
45882 3 2
45884 3 1
45886 2 2
45886 3 1
45887 3 1
45891 2 1
45892 2 1
45895 3 1
45897 2 2
45897 3 1
45898 3 1
459 2 1
45902 2 1
45906 2 2
45906 3 1
45907 2 1
45908 2 1
45909 2 1
45911 2 2
45911 3 1
45912 3 1
45914 2 1
45915 3 1
45917 3 1
45919 3 1
4592 2 1
45921 3 1
45923 2 1
45923 3 1
45925 3 1
45927 2 1
45927 3 1
4593 2 1
45934 2 2
45934 3 1
45935 2 1
45936 3 1
45938 2 1
45938 3 2
45939 3 1
45997 2 1
45997 3 1
45998 3 1
460 2 1
4600 3 1
46002 3 1
46003 2 1
46004 2 1
46005 2 1
46015 3 1
46017 2 1
4602 2 1
46027 2 1
4603 3 1
46044 2 1
46044 3 1
46049 3 1
4605 3 1
46058 2 1
46059 3 1
46079 2 1
46079 3 1
4608 3 1
46080 2 1
46081 2 2
46082 2 1
46082 3 1
46085 3 1
46087 2 1
46095 2 1
46097 3 1
46099 2 1
461 2 1
46100 3 1
46102 3 1
46107 2 1
46109 3 1
46113 2 1
46114 2 2
46114 3 1
46120 3 1
46121 2 1
46121 3 2
46122 2 2
46123 2 1
46123 3 1
46127 2 1
46128 3 1
46131 3 1
46135 3 1
46143 3 1
46146 3 1
46153 2 1
46153 3 2
46154 2 1
46161 3 1
46173 2 1
46174 2 1
46176 3 1
4618 3 1
46180 3 1
46182 2 1
46182 3 2
46189 3 1
46192 3 1
46195 2 1
46196 2 1
462 2 1
46202 3 1
46203 2 1
46204 2 1
46205 2 2
46206 2 1
46206 3 1
46207 3 2
4621 2 1
46211 2 1
46212 3 1
46214 2 1
46216 2 2
46223 3 1
46224 2 1
46224 3 2
46227 2 1
46241 2 1
46242 3 2
46245 2 1
46249 3 1
46251 2 1
46252 2 2
46252 3 1
46253 3 1
46255 2 1
46255 3 2
46256 2 1
46257 2 2
46261 3 1
46262 2 1
46263 2 1
46266 2 1
46271 2 1
46271 3 1
46272 2 1
46273 2 1
46275 3 1
463 2 1
46315 3 1
46326 2 1
46327 2 2
46328 3 1
4633 2 1
46332 2 1
46356 3 1
46366 3 1
46368 3 1
46372 3 1
46376 3 1
4638 2 1
46386 2 1
46389 2 1
46389 3 2
46390 3 1
464 3 1
46400 3 1
46409 3 1
4641 3 1
46412 3 1
46415 2 1
46416 3 1
4642 2 1
46421 2 1
46421 3 1
46422 3 2
46423 2 1
46423 3 2
46424 3 1
46427 2 1
46427 3 2
46428 3 1
46430 3 1
46432 2 1
46433 3 1
46435 2 1
46435 3 1
46439 2 1
46444 2 1
46444 3 2
46446 2 1
46447 3 1
4645 2 1
46450 2 1
46451 3 1
46457 2 2
46458 2 1
46459 3 1
46461 3 1
46463 2 1
46463 3 1
46464 2 1
46465 2 2
46466 2 1
46466 3 1
4647 3 1
46470 2 1
46471 3 1
46473 2 1
46473 3 2
46474 2 1
46477 2 1
46478 3 1
46481 2 1
46481 3 1
46482 2 1
46483 3 1
4649 2 1
46490 2 1
4650 2 2
46506 2 1
46506 3 2
46507 3 1
4651 2 1
4651 3 1
46510 2 1
46511 2 1
46512 3 1
46516 3 1
46519 2 1
4652 2 1
4652 3 2
46520 3 1
46522 3 1
4653 3 2
46531 2 1
46531 3 1
46536 2 1
46536 3 2
46537 2 1
46537 3 2
46538 3 1
46542 2 1
46543 3 1
46553 2 1
46554 3 1
46560 3 1
46561 2 1
46562 2 1
46566 2 1
46567 3 1
46569 2 1
46569 3 1
46570 3 1
46572 2 1
46572 3 1
46573 2 1
46574 3 1
46576 3 1
46577 2 1
46582 2 1
46583 2 2
46584 2 1
46584 3 1
46585 3 1
4659 2 1
4659 3 1
46597 3 1
46599 3 1
4660 2 2
46601 3 1
46604 3 1
46608 3 1
4661 2 1
4661 3 1
4662 3 2
4664 3 1
46658 2 1
46659 3 1
4667 2 1
46689 3 1
4669 3 1
46696 3 1
46698 2 1
467 2 1
467 3 1
46718 2 1
46719 2 1
4672 2 2
4672 3 1
46728 2 2
46729 2 1
46729 3 1
4673 3 1
46736 2 1
46737 2 1
46738 2 2
46738 3 1
46740 2 1
46741 2 1
46742 3 2
46746 2 1
4675 2 1
46753 2 1
46754 2 2
46755 2 1
46755 3 1
4676 2 1
46760 3 1
46767 2 1
46768 3 1
4677 2 1
4677 3 2
46773 2 1
46774 3 1
46777 2 1
46777 3 2
46778 2 1
46778 3 2
46779 3 1
4678 3 1
46781 2 2
46781 3 1
46782 2 1
46782 3 1
46789 2 1
46793 3 1
46796 3 1
468 2 1
468 3 2
4680 3 1
46802 2 1
46803 3 1
46805 3 1
46807 2 2
46808 2 1
46809 3 1
46811 3 1
46817 2 1
46818 2 1
46822 2 1
46822 3 1
46825 3 1
4683 2 1
4683 3 1
46835 2 1
46836 2 1
46837 3 2
4684 2 1
4684 3 2
46842 3 1
46846 2 1
46846 3 2
46847 2 1
46848 3 1
46850 3 1
46852 2 1
46852 3 2
46853 2 1
46854 3 1
46857 2 1
46857 3 1
46858 3 1
46861 3 1
46865 2 1
46865 3 1
46866 2 1
46867 2 1
46884 2 1
46885 2 1
46887 2 1
46888 3 1
46890 3 1
46897 2 1
46898 2 2
46898 3 1
46899 2 2
46899 3 1
46900 3 1
46902 3 1
46904 2 1
46905 2 2
46905 3 1
46906 3 1
46914 2 2
46914 3 1
46915 2 1
4692 2 1
46921 2 1
46922 2 1
46923 3 1
46925 2 1
46925 3 1
46926 2 1
46929 2 1
4693 2 1
46930 2 2
46930 3 1
46931 2 1
46932 3 1
46934 2 1
46934 3 2
46938 3 1
4694 3 2
4696 2 2
4696 3 1
4697 3 1
4699 2 1
470 2 1
4702 2 2
47025 2 1
4703 3 1
47030 3 1
47037 2 1
47038 3 1
47058 2 1
47068 2 1
47070 3 1
47072 2 1
47072 3 1
47073 2 1
47074 2 1
47075 3 1
47077 3 1
47081 3 1
47083 3 1
47088 2 1
47098 2 1
47099 2 1
471 2 1
47106 2 1
47107 2 1
47108 2 1
4711 3 1
47111 2 1
47112 3 2
47116 3 1
47117 2 1
47118 3 1
47120 3 1
47121 2 1
47122 2 2
47122 3 1
47123 3 1
47125 2 1
47125 3 1
47129 2 1
47129 3 1
47135 2 1
47135 3 2
47137 3 1
47139 3 1
47141 2 1
47141 3 2
47142 3 1
47144 3 1
47154 3 1
4716 2 1
47167 2 1
47167 3 1
47168 2 1
47169 3 1
47171 2 1
47171 3 1
47175 2 1
47175 3 1
47176 3 1
47178 2 1
47178 3 2
47179 2 2
47179 3 1
47180 2 1
47181 2 1
47181 3 2
47182 3 1
47184 2 1
47185 2 1
47186 2 2
47186 3 1
47187 2 2
47187 3 1
47188 3 1
47191 3 1
47195 3 1
47199 2 1
47199 3 1
472 3 1
47200 2 1
47201 2 1
47202 2 1
47209 2 1
47209 3 1
47210 2 1
47210 3 2
47211 2 1
47211 3 2
47212 2 1
47213 3 1
47220 2 1
47220 3 2
47221 2 1
47228 2 1
47229 2 2
47230 3 1
47232 3 1
47235 2 1
4724 2 1
47243 2 1
47246 3 1
47249 3 1
4725 3 2
47251 3 1
47260 3 1
47262 2 1
47263 2 1
47264 3 1
47266 2 1
47266 3 1
47267 2 1
47267 3 2
47268 3 2
4727 2 1
4727 3 1
4728 2 1
4729 2 2
4730 2 1
4730 3 1
4731 2 1
47362 3 1
47368 3 1
4737 2 1
47386 2 1
474 2 1
474 3 1
47405 2 1
47406 2 2
47406 3 1
47407 3 1
47411 3 1
47413 2 1
47414 2 1
47417 3 1
47423 3 1
47435 3 1
47442 2 1
47442 3 1
47443 2 1
47444 3 1
47446 3 1
47448 2 1
47449 2 1
47452 2 1
47453 2 2
47454 2 1
47454 3 1
47455 3 2
47464 2 1
47465 3 1
47467 2 1
47467 3 2
47468 2 2
47468 3 1
47469 2 1
47474 3 1
4748 2 1
47484 2 1
4749 2 2
47496 2 1
475 2 1
4750 3 1
47505 2 2
47505 3 1
47506 2 1
47506 3 2
47507 2 1
47507 3 2
47508 2 1
47508 3 2
47509 3 2
47511 2 1
47511 3 1
47516 2 1
47517 2 2
47518 3 1
4752 3 1
47521 2 1
47522 3 1
47524 2 1
47524 3 1
47527 2 1
47527 3 1
47539 2 1
47540 2 1
47540 3 2
47541 3 1
47543 3 1
47545 2 1
47545 3 1
47547 3 1
47549 2 1
47550 3 1
47554 3 1
47555 2 1
47556 3 1
47561 2 1
47567 2 1
47567 3 1
47573 3 1
47576 3 1
47579 3 1
47581 2 1
47586 2 1
47587 3 1
47594 3 1
47596 2 1
47596 3 2
47597 2 1
47598 2 1
47599 3 1
476 3 1
47706 3 1
47721 3 1
47729 2 1
47729 3 1
47732 2 1
47733 2 1
47733 3 2
47734 3 1
47736 2 1
47740 2 1
47740 3 1
47745 3 1
47746 2 1
47746 3 2
47753 3 1
47756 3 1
47757 2 1
47758 2 1
47758 3 2
47759 2 1
47760 2 2
47760 3 1
47765 2 1
47768 2 1
47769 2 1
47774 2 1
4778 3 1
47788 2 1
47790 3 1
47794 2 2
47795 2 1
47796 2 1
47797 2 1
47798 3 2
478 2 1
47800 3 1
47802 3 1
47810 3 1
47812 3 1
47828 2 1
47828 3 1
47831 3 1
47835 2 1
47836 2 1
47837 2 1
47838 2 1
47839 2 1
47848 3 1
47852 2 2
47852 3 1
47853 2 1
47853 3 1
47856 2 1
47856 3 1
47857 2 2
47858 3 1
47859 2 1
47860 2 1
47870 2 1
47870 3 1
47874 2 1
47877 2 1
47882 3 1
47883 2 1
47886 2 1
47891 3 1
479 3 1
47901 3 1
47903 2 1
47904 3 1
47906 3 1
47908 2 1
47908 3 1
47916 3 1
4792 2 1
47923 2 1
47923 3 1
47924 2 2
47925 2 1
47925 3 1
47926 3 1
47937 2 1
47937 3 1
4795 2 1
4795 3 1
4796 2 1
4798 3 1
4799 2 1
4800 3 2
48034 2 1
48044 3 1
4805 2 1
4805 3 1
48053 2 1
4806 2 2
48063 2 1
48063 3 1
48068 2 1
48068 3 1
4807 2 1
4807 3 1
48075 2 1
48076 3 1
48083 3 1
48086 2 1
4809 2 1
48090 2 1
4810 2 1
48105 3 1
48106 2 1
48107 2 1
48112 2 1
48113 2 1
48118 3 1
48120 2 1
48128 2 1
48128 3 1
48129 2 1
48132 2 1
48137 3 1
48139 2 1
48143 2 1
48144 3 1
48146 3 1
48153 3 1
48155 2 1
48156 3 1
48158 3 1
4816 2 1
4816 3 1
48162 2 1
48163 3 1
4817 2 1
48170 3 1
48171 2 1
48172 2 1
48173 2 1
48173 3 2
48174 2 1
48174 3 2
48175 3 1
48177 2 1
48177 3 1
48182 2 1
48183 3 2
48186 3 1
48188 3 1
48191 3 1
48192 3 2
48195 3 1
48199 2 1
48199 3 1
48202 2 1
48202 3 1
48204 3 1
4822 2 1
48220 2 1
48221 2 2
48222 2 1
48222 3 1
48223 2 1
4823 2 1
48231 3 1
48235 2 1
48236 2 2
48237 2 1
48237 3 1
48238 3 2
4824 2 1
48240 2 1
48240 3 1
48241 2 1
4825 2 2
48252 3 1
48255 2 2
48255 3 1
48256 2 1
48257 2 1
4826 2 1
4826 3 1
48267 3 1
4827 3 2
4836 3 1
48365 3 1
48366 2 1
48367 3 1
4837 2 1
48374 2 1
48385 2 1
48386 2 1
4839 2 1
48390 2 1
48391 2 1
48392 2 2
48392 3 1
48393 3 1
4840 3 1
48400 2 1
48401 2 1
48402 3 1
48406 3 1
48408 2 1
48408 3 1
48409 3 2
48410 2 1
48410 3 2
48411 3 1
48413 2 1
48413 3 2
48414 2 1
48414 3 2
48415 3 1
48422 3 1
48432 2 1
48438 3 1
48442 3 1
48447 2 1
4845 2 1
48454 2 1
48455 2 1
48456 2 1
48466 2 1
48467 3 2
48473 2 2
48474 2 1
4848 2 1
4848 3 1
48486 3 1
48488 2 1
48489 3 1
4849 2 1
48494 2 1
48495 2 1
48496 3 1
48499 2 1
48499 3 1
48503 2 1
48503 3 1
48504 2 1
48504 3 2
48507 3 1
48513 2 1
48513 3 1
48514 2 1
48514 3 2
48521 2 1
48522 3 1
48525 2 1
48527 3 1
48529 3 1
4853 2 1
4853 3 1
48531 2 1
48531 3 1
48535 2 1
48536 2 1
48537 3 1
48546 2 1
48552 3 1
48554 3 1
4856 2 1
48561 3 1
48567 2 1
48569 2 1
4857 2 1
48573 3 1
48575 3 1
48582 2 1
48589 2 1
48590 3 1
48594 2 1
48594 3 1
48595 3 1
48597 2 1
48598 3 1
4861 2 1
4867 2 1
48679 2 2
4868 2 2
4868 3 1
48680 2 1
48680 3 1
48686 3 1
48697 2 1
48697 3 2
48698 3 1
4872 2 1
48722 2 1
48723 2 2
48724 2 1
48724 3 1
48725 2 1
48726 2 1
48729 3 1
48734 2 1
48735 2 1
4874 3 1
48740 2 1
48741 2 2
48742 2 1
48742 3 1
48743 2 1
48744 2 1
48747 3 1
48752 2 1
48759 3 1
4876 2 1
48763 3 1
48765 2 1
48767 2 1
48781 2 1
48781 3 1
48783 3 1
48787 3 1
48788 2 1
48790 2 1
48791 3 1
48797 2 1
48797 3 1
48798 2 1
48799 2 1
4880 2 1
48800 3 1
48805 3 1
48806 2 1
48807 2 1
48808 3 1
4881 2 1
48814 2 1
48815 2 2
48815 3 1
48816 2 1
48817 3 1
48819 3 1
4882 3 1
48833 2 1
48834 3 1
48837 2 1
48837 3 2
48838 3 1
48843 2 1
48845 3 1
48848 2 1
48849 2 1
4885 3 1
48850 3 1
48852 2 1
48853 3 1
48876 3 1
48882 2 1
48882 3 2
48883 2 2
48883 3 1
48884 2 1
48890 2 1
4890 2 1
48901 2 1
48901 3 1
48902 2 1
48905 2 2
48905 3 1
48906 2 1
48906 3 1
48907 2 1
48908 2 1
48908 3 2
48909 2 1
48909 3 2
4891 3 1
48910 3 1
48916 2 1
48917 2 1
48922 2 1
48922 3 1
48923 2 1
48924 2 2
48925 3 1
4893 2 1
4894 3 1
4896 2 1
4897 2 1
4898 2 2
4898 3 1
4899 2 1
4900 3 1
49007 3 1
49011 2 1
49012 2 1
49026 2 1
49026 3 1
49027 2 1
4903 3 1
4905 2 1
4905 3 1
49050 2 1
49051 3 1
49054 3 1
49057 3 1
49058 2 1
49058 3 2
4906 2 2
49062 3 1
49064 3 1
49068 3 1
4907 2 1
4907 3 1
49070 3 1
49072 3 1
49077 2 1
49078 2 1
49080 3 1
4909 2 2
4909 3 1
4910 2 1
4910 3 1
49101 2 1
49101 3 1
49107 2 1
49108 2 1
49109 2 1
4911 2 1
49110 2 1
49111 3 2
49113 3 1
49115 2 1
49115 3 1
49116 2 1
49117 3 2
49120 2 2
49121 2 1
49126 2 1
49130 3 1
49135 3 1
49138 3 1
4914 2 1
49141 3 1
49145 3 1
49147 2 1
49148 2 1
49149 3 2
49159 2 1
49160 3 1
49164 3 1
49166 2 1
49166 3 1
49167 2 1
49174 3 1
49180 3 1
49183 2 1
49184 3 1
49186 2 1
49186 3 1
49191 2 1
49192 3 1
49194 3 1
49195 2 1
492 2 1
492 3 1
4920 2 1
49206 3 1
49209 2 2
4921 3 1
49210 2 1
49210 3 1
49211 2 1
49212 2 1
49220 3 1
49224 3 1
49225 2 1
49226 3 1
49229 2 2
49230 2 1
49230 3 1
49235 2 2
49235 3 1
49236 3 1
49238 2 1
49238 3 1
49239 2 1
49240 2 2
49241 2 1
49241 3 1
49242 2 1
49252 3 1
49255 3 1
49262 3 1
493 2 1
493 3 2
4930 2 1
49305 3 1
4931 3 1
4933 3 1
49356 3 1
49378 3 1
49381 3 1
49384 2 1
49385 2 1
49386 2 2
49386 3 1
49387 2 1
49388 3 1
49391 2 1
49391 3 1
49394 2 1
49395 3 1
49397 2 1
49397 3 1
49398 3 2
49402 2 1
49402 3 2
49403 2 1
49409 2 1
49410 2 2
49411 2 1
49411 3 1
49412 2 1
49413 2 1
49414 3 1
49417 2 1
49417 3 1
49418 2 1
49423 3 1
49441 2 1
49441 3 1
49443 2 2
49444 2 1
49444 3 1
49447 2 1
49447 3 1
49448 2 1
49450 3 1
49458 2 1
49458 3 1
4946 2 1
4946 3 1
49462 3 1
49463 2 1
49464 2 2
49464 3 1
49465 3 1
49469 2 1
4947 2 1
49470 2 1
49474 2 1
49474 3 1
49479 2 1
49479 3 1
49480 2 1
49480 3 2
49481 3 2
49483 3 1
49486 3 1
49490 2 1
49490 3 2
49491 2 1
49492 2 1
49494 2 2
49495 2 1
49495 3 1
49501 2 1
49501 3 1
49502 2 1
49503 2 1
49506 3 1
49507 2 1
49514 2 1
49515 2 1
49516 3 2
4952 3 1
49524 3 1
49526 3 1
4953 2 1
49533 2 1
49534 3 1
49536 3 1
49538 3 1
49539 2 1
49544 2 1
49544 3 1
49546 2 1
49548 3 1
4955 2 1
49550 2 1
49556 3 1
49558 3 1
49559 2 1
49560 3 2
49565 2 1
49568 3 1
4957 3 1
49571 3 1
49580 2 1
49581 2 1
49585 3 1
49587 2 1
49587 3 1
4959 3 1
49592 3 1
496 2 1
4961 2 1
4962 3 1
49631 2 1
49632 2 1
49633 3 1
49635 3 1
49658 2 1
49661 2 1
49662 2 1
49670 3 1
49685 2 1
497 2 1
49708 3 1
4971 3 1
49711 2 1
49712 2 1
49712 3 2
49713 3 1
49716 3 1
49719 2 1
49720 2 1
49725 3 1
49731 2 1
49732 3 1
49735 2 1
49736 2 1
49738 2 1
49741 3 1
49746 2 1
4975 3 1
49753 2 1
49754 3 1
49756 3 1
49757 2 1
49758 2 1
4977 3 1
49771 2 2
49772 3 1
49773 2 1
49774 3 2
49776 2 1
49776 3 1
49784 3 1
49786 3 1
49790 2 1
49794 2 2
49794 3 1
49795 3 1
498 3 1
49803 2 1
49803 3 1
49806 2 1
49806 3 1
49807 3 1
49809 2 1
4981 2 1
4981 3 2
49810 2 1
49811 3 1
49813 3 1
49819 2 1
4982 2 1
49820 3 1
49823 3 1
49824 2 1
49827 2 1
49827 3 1
49828 3 1
4983 2 1
49831 3 1
49836 3 1
49838 3 1
4984 3 1
49840 2 1
49841 3 1
49846 2 1
49846 3 1
49852 2 1
49854 2 2
49855 2 1
49855 3 1
49864 2 1
49864 3 2
49865 2 2
49865 3 1
49866 2 1
4987 2 1
4987 3 1
49871 2 1
49871 3 1
49872 2 1
49878 2 1
49879 3 1
49881 3 1
49884 2 1
49886 2 2
49887 2 1
49887 3 1
49890 2 1
49890 3 1
49891 2 1
49892 2 1
49893 3 1
49897 2 1
49897 3 1
49900 2 1
49900 3 1
49907 3 1
49913 2 1
49913 3 1
49914 2 1
49915 3 2
49917 3 1
49920 3 1
49922 2 1
4993 2 1
4994 2 2
4995 2 1
4995 3 1
4996 3 1
49963 2 1
49964 2 2
49964 3 1
49965 3 1
4999 3 1
49995 2 1
500 2 1
500 3 1
50017 3 1
5002 2 1
50037 2 1
50042 2 1
50042 3 1
50043 2 2
50044 2 1
50044 3 1
50045 2 1
50055 2 1
5007 2 1
5007 3 1
50072 2 1
50075 3 1
50076 3 2
50084 2 1
50089 3 1
50096 3 1
5010 3 1
50101 2 1
50102 3 2
50104 2 1
50104 3 1
50114 2 1
50114 3 2
50115 2 2
50115 3 1
50116 2 1
50117 2 1
50119 3 1
50124 2 2
50124 3 1
50125 3 1
5013 2 1
50135 2 1
50135 3 1
50136 2 2
50137 3 1
5014 3 1
50141 3 1
50143 2 1
50144 2 1
50156 2 1
50156 3 1
50157 2 2
50158 3 1
50161 2 1
50165 2 1
50168 2 1
50173 2 1
50173 3 1
50174 2 1
50175 2 2
50175 3 1
5018 2 1
5018 3 1
50181 3 1
50183 3 1
50184 2 1
50187 2 1
50187 3 1
50189 3 1
5019 2 1
50190 2 1
502 2 1
50201 3 1
50205 3 1
50206 2 1
50207 3 1
50210 2 1
50215 3 1
50216 2 1
50220 3 1
50223 3 1
50225 2 1
50225 3 1
50229 2 1
50229 3 1
50237 3 1
5024 2 1
5024 3 1
50242 2 1
50243 3 2
50245 2 1
50245 3 1
50246 2 1
5025 2 1
50251 3 1
5026 2 2
5027 3 1
50294 2 1
50294 3 2
503 2 1
5030 3 1
50318 2 1
50323 2 1
50346 2 1
50363 2 1
50364 2 1
50369 2 1
50369 3 1
50370 2 1
50370 3 2
50371 2 1
50374 3 1
50378 3 1
50379 2 1
50380 2 1
50381 2 1
50382 3 1
50393 3 1
50395 3 1
504 2 1
5040 2 1
50406 2 1
50407 3 1
5041 3 2
50411 2 1
50411 3 1
50412 3 1
50415 3 1
50416 2 1
50417 2 1
50418 2 2
50418 3 1
50419 2 1
50422 3 1
50426 3 1
5043 3 1
50432 2 1
50432 3 1
50433 2 1
50434 2 2
50435 3 1
50436 2 1
50437 2 1
50438 3 1
50440 3 1
50442 2 1
50450 2 1
50452 3 1
50454 2 1
50454 3 2
50455 2 2
50456 2 1
50456 3 1
5046 2 2
50463 2 1
50464 2 1
5047 3 1
50483 2 1
50484 2 1
50485 2 2
50485 3 1
50486 3 1
50488 3 1
50492 3 1
50495 3 1
505 3 1
50503 3 1
50505 2 1
50507 3 1
50509 3 1
50510 2 1
50510 3 2
50511 2 2
50512 2 1
50512 3 1
50517 3 1
50519 3 1
50526 2 1
50528 3 1
5053 3 1
50530 2 1
50530 3 1
50531 2 2
50532 2 1
50532 3 1
50534 2 1
50538 2 1
50540 3 1
50542 2 1
50542 3 1
50543 2 1
50544 2 1
50548 2 1
50548 3 1
50549 2 2
50549 3 1
5055 2 1
5055 3 1
50550 3 1
50558 2 1
5056 2 1
50569 3 1
50571 3 1
50573 2 1
50573 3 1
50574 2 1
50574 3 2
50578 3 1
50579 2 1
50586 3 1
5060 3 1
50603 3 1
50623 2 1
50624 3 1
50675 3 1
50690 2 1
50691 2 1
50696 2 1
50697 3 1
50699 2 1
50700 3 1
50704 2 1
50704 3 2
50705 2 1
50706 3 1
50708 3 1
5072 3 1
50722 2 1
50725 3 1
50734 2 1
50734 3 1
50740 2 1
50740 3 1
50741 2 2
50742 3 1
50744 2 1
50744 3 1
50748 3 1
50750 3 1
50751 2 1
50751 3 2
50755 2 1
50755 3 1
5076 2 1
50760 2 1
50760 3 1
50765 3 1
50775 2 1
50776 2 1
50777 3 1
5078 3 1
50782 2 2
50782 3 1
50783 2 1
50783 3 1
50784 3 1
50796 2 1
50796 3 1
508 2 1
508 3 1
50801 3 1
50804 2 1
50804 3 1
50812 3 1
50815 2 1
50815 3 2
50818 3 1
50821 2 1
50821 3 1
50825 2 1
50826 2 1
50827 3 1
50829 2 1
50829 3 1
50831 3 1
50833 3 1
50837 2 1
50838 2 2
50838 3 1
50839 2 1
50840 3 1
50842 3 1
50844 2 1
50844 3 1
50845 2 1
50845 3 2
50846 2 1
50846 3 2
50847 2 2
50848 2 1
50848 3 1
50849 3 2
50859 2 1
50862 3 1
50870 3 1
50872 3 1
50877 2 1
50877 3 1
50878 2 2
50879 2 2
50879 3 1
50880 3 1
50882 2 1
50882 3 1
50888 3 1
50890 3 1
50891 2 1
50894 3 1
50899 2 1
509 3 1
50903 2 1
50904 3 1
50908 2 1
50910 2 1
51023 2 1
51025 3 1
51027 3 1
51030 2 1
51031 2 1
51032 2 1
51033 2 1
51034 3 1
51036 2 1
51045 3 1
51047 3 1
51055 3 1
51057 3 1
51058 2 1
51059 3 1
51061 3 1
51062 2 1
51063 2 1
51064 3 2
51066 3 1
51067 2 1
51068 3 1
51070 3 1
51072 3 1
51074 3 1
51078 2 1
51078 3 2
51079 2 2
51079 3 1
5108 2 1
51080 2 1
51081 3 1
51083 2 1
51083 3 1
51084 2 1
51084 3 2
51085 3 2
51087 2 1
51087 3 1
51088 2 1
51089 2 2
51089 3 1
51095 2 1
51096 3 1
51098 3 1
51100 2 1
51101 3 1
51107 2 1
51108 2 1
51110 3 1
51112 2 2
51112 3 1
51113 2 2
51113 3 1
51114 2 1
51115 2 1
5112 3 1
51124 2 1
51125 2 1
51128 3 1
51130 2 2
51130 3 1
51131 3 1
51133 2 1
51133 3 1
51134 3 2
51136 3 1
51138 3 1
5114 3 1
51143 2 1
51144 2 1
51145 3 1
51147 2 1
51147 3 1
51151 3 1
51157 2 1
51161 3 1
51163 2 1
51165 2 1
51166 3 1
51168 3 1
51170 2 2
51170 3 1
51171 2 1
51171 3 1
51174 2 1
51175 2 1
51176 3 1
51182 3 1
51184 2 1
51185 3 1
51187 2 1
51187 3 1
51189 3 1
51191 2 1
51191 3 1
51192 3 2
51194 2 1
51194 3 1
51195 2 1
51195 3 2
51196 2 1
51196 3 2
51198 3 1
51200 3 1
51203 2 1
51204 2 1
51205 3 1
51207 3 1
51209 2 1
51209 3 2
51217 2 1
51220 2 1
51222 3 1
51224 2 1
51227 2 1
51228 3 1
51230 3 1
51231 2 1
51232 3 1
51234 2 1
51235 2 1
51236 2 1
51236 3 2
51237 3 1
5124 2 1
5124 3 1
5128 3 1
51280 3 1
51283 3 1
513 2 1
513 3 1
5130 2 1
5130 3 1
5131 2 1
5131 3 2
5132 2 1
5133 2 1
5134 2 2
5134 3 1
5135 3 1
51351 2 1
51351 3 1
51352 2 1
51354 3 1
51357 2 1
51358 2 1
51359 3 1
51364 2 1
5137 3 1
51371 2 1
51371 3 1
51374 2 1
51377 3 1
51384 2 1
51384 3 1
51385 2 2
51386 2 1
51386 3 1
51394 2 1
51394 3 1
51398 2 1
51399 2 2
51399 3 1
514 2 1
51400 3 1
51402 2 1
51403 2 2
51403 3 1
51405 2 1
51406 2 1
5141 3 1
51411 3 1
51413 2 1
51413 3 2
51414 2 1
51415 2 1
51419 2 1
51423 2 1
51424 3 1
51426 2 1
51431 3 1
5144 3 1
51440 2 1
51440 3 2
51441 2 2
51441 3 1
51442 2 1
51443 3 2
51454 3 1
51458 3 1
5146 3 1
51460 2 1
51465 2 1
51468 2 1
51470 2 1
51475 3 1
51477 3 1
5148 3 1
51481 2 1
51482 2 1
51483 2 1
51484 2 1
51485 2 1
51485 3 2
51486 3 1
5149 2 1
51491 3 1
51498 3 1
515 3 1
51500 2 1
51506 2 1
51512 3 1
51516 2 1
51519 3 1
51522 2 1
51523 2 2
51523 3 1
51524 2 1
51525 2 1
51525 3 2
51526 3 1
51528 2 1
51531 2 1
51533 3 1
51535 2 1
51538 2 1
51539 3 1
51541 2 1
51541 3 1
51552 3 1
51562 3 1
51566 2 1
51566 3 1
51569 2 1
51569 3 1
51570 2 1
51610 3 1
51612 2 1
51612 3 1
5168 2 1
51684 2 1
5169 2 2
51696 2 1
51698 2 1
51698 3 2
51699 3 1
517 2 1
517 3 1
5170 3 1
51701 3 1
51707 2 1
51708 2 1
51711 2 1
51722 2 1
51723 2 1
51724 2 2
51729 2 1
5173 2 1
5173 3 1
51733 2 1
51735 3 1
51737 3 1
51739 2 1
51742 2 1
51743 3 1
5175 3 1
51757 3 1
51758 2 1
51759 3 1
51761 2 1
51764 3 1
51765 2 1
51766 2 1
51767 3 1
51769 2 1
51769 3 1
51770 2 1
51771 3 2
51773 2 1
51773 3 1
51774 2 1
51775 3 1
51778 2 1
51778 3 1
5178 3 1
51782 3 1
51783 2 1
51784 3 2
51786 2 1
51786 3 1
51792 2 1
51792 3 1
51795 3 1
518 2 1
5180 3 1
51805 2 1
51806 2 1
51807 3 2
5181 2 1
51815 2 1
51815 3 1
51816 2 2
51817 2 1
51817 3 1
51818 3 2
51819 3 1
5182 2 1
51821 2 1
51822 2 1
51823 2 1
51825 3 1
51838 3 1
51839 3 2
51842 2 1
51842 3 2
51843 3 1
51848 2 1
51848 3 1
51849 2 2
51850 2 1
51850 3 1
51855 2 1
51855 3 1
51861 3 1
51863 3 1
51873 3 1
51878 2 1
51878 3 1
51879 2 1
51879 3 2
51880 2 1
51880 3 2
51881 2 1
51887 2 1
51887 3 1
51890 3 1
51892 3 1
51894 2 1
51894 3 1
519 3 1
5192 3 1
5193 2 1
5194 2 1
51940 2 1
51941 2 1
51944 3 1
5195 2 1
5196 3 1
5198 2 1
5198 3 2
51989 2 1
51998 2 1
51999 2 1
5200 3 1
52000 3 1
52016 2 1
52016 3 1
52017 2 1
52028 2 1
52028 3 1
52032 2 1
52033 2 1
52034 3 1
5204 3 1
52048 2 1
52048 3 1
52065 3 1
52067 3 1
5207 3 1
52075 2 1
52075 3 1
52077 2 1
52078 3 1
5208 2 1
52084 2 1
52085 2 1
52089 3 1
5209 3 1
52092 3 1
52093 2 1
521 2 1
521 3 1
52101 2 1
52101 3 1
52102 2 1
52102 3 2
52105 3 1
52112 3 1
52114 2 1
52114 3 1
52118 3 1
5212 3 1
52121 2 1
52121 3 1
52127 2 1
52128 2 1
52128 3 2
52129 3 1
52133 2 1
52133 3 2
52134 3 1
52137 2 1
52137 3 1
52138 3 1
52141 2 1
52141 3 1
52142 2 1
52143 2 1
52148 2 1
5215 2 2
5215 3 1
52155 2 1
52155 3 2
52158 2 1
52159 3 1
5216 2 1
5216 3 1
52164 2 1
52164 3 1
52165 2 1
52165 3 2
52166 2 1
52166 3 2
52167 2 2
52167 3 1
52168 2 1
52169 3 1
52171 2 1
52171 3 1
52172 2 1
52173 3 2
52175 3 1
52176 2 1
5218 3 1
52183 2 1
52184 2 2
52184 3 1
52185 3 1
52189 3 1
52190 2 1
52193 2 1
522 2 1
522 3 2
52201 2 1
52202 2 2
52202 3 1
52203 2 1
52208 2 1
52209 2 1
5221 2 1
5221 3 2
52210 3 1
52215 2 1
52215 3 1
5222 3 1
52220 3 1
52224 2 2
52230 3 1
52232 2 1
52233 3 1
5224 2 1
5225 3 1
52268 3 1
52273 2 1
5228 3 1
52281 2 1
52281 3 1
523 2 1
523 3 2
5230 3 1
5232 2 1
5232 3 1
52349 3 1
5235 3 1
52351 2 1
52360 2 1
52360 3 1
52362 3 1
52364 3 1
52368 2 1
52368 3 1
5237 3 1
52379 3 1
52382 2 1
52386 2 1
5239 2 1
52390 2 1
52392 2 1
52393 3 1
52395 2 1
52396 2 2
52396 3 1
52397 2 1
524 2 1
524 3 2
5240 3 2
52408 2 1
52409 3 1
52416 3 1
52418 2 1
52419 2 2
52420 2 1
52420 3 1
52421 2 1
52422 3 2
52427 3 1
52429 2 1
52430 2 2
52430 3 1
52431 2 1
52432 3 1
52435 2 1
52436 2 1
52447 2 1
52451 3 1
52455 3 1
52458 2 1
52459 2 2
52460 2 1
52460 3 1
52462 2 1
52463 2 1
52464 3 2
52467 2 2
52467 3 1
52468 3 1
52471 3 1
52474 3 1
52475 2 1
52480 2 1
52480 3 1
52483 2 1
52484 2 1
52484 3 2
52485 3 1
52489 3 1
52494 2 1
52496 3 1
52499 2 1
525 3 1
52503 2 1
52503 3 1
52507 3 1
52508 2 1
52509 2 1
5251 3 1
52512 3 1
52514 2 1
52514 3 2
52519 3 1
52524 3 1
52532 3 1
52540 2 1
52541 2 1
52541 3 2
52542 2 1
52542 3 2
52543 3 1
52547 2 1
52548 3 1
52551 2 1
52554 2 1
52556 2 1
52560 2 1
52561 2 1
5257 3 1
5258 2 1
5259 3 1
52598 2 1
52599 3 1
52601 2 1
52601 3 1
52622 3 1
52637 2 1
52638 3 1
52644 2 1
52647 2 1
52648 2 1
52649 3 1
52663 3 1
52679 2 1
5268 3 1
52688 2 2
52689 2 1
52689 3 1
52692 3 1
52694 2 1
52694 3 2
52695 2 1
527 2 1
527 3 1
52702 2 1
52713 3 1
52715 3 1
52717 3 1
52718 3 2
52720 2 2
52720 3 1
52726 3 1
52728 3 1
52731 3 1
52735 2 1
52736 3 1
52739 2 1
52740 2 1
52743 2 1
52744 3 1
52746 2 1
52748 3 1
52750 3 1
52752 2 1
52752 3 1
52753 2 1
52753 3 2
52754 2 1
52754 3 2
52755 2 1
52756 2 2
52756 3 1
52757 2 1
5276 3 1
52762 3 1
52770 2 1
52780 2 1
52780 3 1
52781 3 2
52785 2 2
52785 3 1
52786 3 1
52788 3 1
52790 3 1
52794 2 1
52794 3 1
52795 2 1
52795 3 2
52796 2 1
52796 3 2
52797 2 2
52798 3 1
528 2 1
528 3 2
52801 3 1
52803 2 1
52803 3 1
52804 3 2
5281 2 1
5281 3 1
52814 2 1
52815 2 2
52816 2 1
52816 3 1
52817 3 1
52819 3 1
52825 3 1
52827 3 1
52830 3 1
52836 2 1
52842 2 1
52843 2 1
52844 3 1
52846 2 1
52846 3 1
52847 3 1
52849 2 1
52849 3 2
52850 2 1
52851 3 1
52854 2 1
52862 3 1
52864 2 1
52864 3 1
52866 3 1
5287 2 1
52871 2 1
52871 3 1
52872 2 1
52872 3 2
52879 2 1
5288 2 2
5288 3 1
52881 3 1
52888 3 1
5289 2 1
529 2 1
52933 3 1
52934 2 1
52938 3 1
5294 2 1
5294 3 1
5295 2 1
5295 3 2
52995 3 1
530 3 1
5300 2 1
53001 2 1
53004 3 1
53006 2 1
53007 3 1
5301 2 2
53014 2 1
53015 2 1
53018 2 1
5302 2 1
5302 3 1
53023 2 1
53024 3 1
5304 2 1
53043 3 1
53045 2 1
53045 3 2
53046 2 2
53046 3 1
53047 2 1
53048 3 1
53050 2 1
53052 3 1
53053 2 1
53054 3 1
53057 2 1
53061 2 1
53061 3 2
53066 2 1
53067 2 1
53068 3 1
5307 2 1
53078 3 1
5308 2 1
53080 2 1
53080 3 2
53081 2 2
53081 3 1
53082 2 1
53083 2 1
53083 3 2
53084 3 1
53086 3 1
53088 3 1
53090 2 1
53091 2 1
53095 2 1
53095 3 1
5310 2 1
53101 3 1
53106 3 1
53107 2 1
53108 3 1
5311 3 1
53110 2 1
53110 3 2
53111 2 1
53112 3 1
53115 2 2
53115 3 1
53116 3 1
53118 2 2
53118 3 1
53119 2 1
53119 3 1
53122 2 1
53122 3 1
53123 2 2
53123 3 1
53124 2 1
53125 2 1
53125 3 2
53126 3 1
53128 3 1
53131 3 1
53133 2 1
53133 3 2
53134 2 1
53135 2 2
53135 3 1
5314 3 1
53140 3 1
53144 3 1
53146 2 2
53146 3 1
53151 2 1
53151 3 1
53154 2 1
53157 2 1
53158 3 1
53160 2 1
53166 3 1
53174 3 1
53176 2 2
53176 3 1
53178 2 1
53179 3 1
53181 2 1
53181 3 2
53182 3 1
53186 3 1
5319 2 1
53192 3 1
53194 3 1
53196 2 1
53197 3 1
53201 2 1
53202 3 1
53206 2 2
53207 2 1
53207 3 1
53209 3 1
53211 2 1
53212 2 1
53213 3 1
53216 2 1
53216 3 1
53221 3 1
5325 2 2
5325 3 1
53259 3 1
5326 2 1
53261 2 1
53262 2 2
53262 3 1
53263 2 1
53265 3 1
53268 2 1
53268 3 2
5327 3 1
53280 2 1
5329 3 1
533 2 1
533 3 1
53314 2 1
53324 3 1
5335 2 1
5335 3 1
53350 2 1
53350 3 1
53351 2 1
53354 2 2
53355 2 1
53355 3 1
5336 2 1
53360 2 1
53371 2 1
53372 2 1
53373 2 2
53374 2 1
53374 3 1
53378 3 1
53382 3 1
53384 2 2
53384 3 1
53385 2 1
53385 3 1
53387 3 1
5339 2 1
5339 3 1
53390 2 1
53390 3 1
53391 3 1
534 2 1
5340 3 2
53405 2 1
53406 2 1
53407 2 1
53408 2 2
53409 2 1
53409 3 1
53410 2 1
53410 3 2
53411 3 2
53413 2 1
53413 3 1
53416 3 1
53418 3 1
53431 2 1
53435 2 1
53436 3 2
53439 2 1
5344 2 1
53440 3 1
53442 2 1
53443 3 1
53445 2 2
53445 3 1
53446 2 1
53446 3 2
53447 2 2
53447 3 1
53448 2 1
5345 2 1
5345 3 2
53452 2 2
53452 3 1
53453 3 1
53455 2 1
53455 3 1
53458 3 1
5346 3 1
53461 2 2
53461 3 1
53462 2 1
53462 3 1
53463 3 1
53465 2 1
53467 3 1
53469 2 1
53472 3 1
53473 2 1
5348 3 1
53484 3 1
53488 3 1
53491 3 1
53496 2 1
53496 3 2
53497 2 1
53499 2 1
535 2 1
53500 2 1
53502 2 1
53503 2 1
53508 2 2
53508 3 1
53509 2 1
53514 2 1
53514 3 1
53515 2 1
53515 3 2
53522 2 1
53527 3 1
53532 3 1
53535 3 1
53536 2 1
53539 3 1
53543 2 1
53544 2 1
5357 2 1
5358 3 1
53592 3 1
53595 2 1
53596 2 1
53596 3 2
53597 2 1
53597 3 2
53598 3 1
536 2 1
5360 3 1
53639 3 1
53654 3 1
53658 3 1
53679 2 1
53683 3 1
53684 2 1
5369 3 1
53692 3 1
537 2 1
53706 2 1
53707 2 1
5371 2 1
5371 3 1
53712 2 1
53712 3 2
53713 2 2
53713 3 1
53714 2 1
53717 2 1
53718 3 1
5372 2 1
53720 2 2
53720 3 1
53721 2 1
53722 2 1
53724 3 1
53726 2 1
53726 3 1
53735 3 1
53739 2 1
53740 2 1
53741 2 1
53742 2 2
53742 3 1
53743 3 1
53745 2 1
53745 3 1
53748 2 1
5375 3 1
53754 2 1
5376 2 1
53762 3 1
53764 3 1
53766 2 1
53766 3 1
53767 2 1
53769 2 2
53769 3 1
5377 3 2
53770 2 1
53771 3 1
53773 2 1
53774 2 2
53774 3 1
53775 2 1
53776 2 1
53777 3 2
53780 2 1
53780 3 1
53782 2 2
53783 3 1
53785 3 1
53788 3 1
53791 2 2
53791 3 1
53792 2 2
53792 3 1
53793 2 1
53794 3 1
53797 2 1
53797 3 2
53799 3 1
538 3 1
53801 2 1
53801 3 1
53805 2 1
53805 3 1
53814 2 1
53815 3 1
53818 2 1
53819 2 1
53820 2 1
53823 3 1
53824 2 1
53825 2 1
53826 3 1
53836 3 1
53837 2 1
53840 3 1
53842 3 1
53844 2 1
53845 3 1
53856 2 1
53856 3 1
53857 3 2
53859 2 1
53859 3 1
53860 2 1
53864 2 1
53864 3 1
53869 2 1
53870 2 1
53870 3 2
53871 3 1
53878 3 1
5390 2 1
5391 3 1
53922 2 1
53923 3 1
53926 2 1
53926 3 1
53927 2 1
53927 3 2
5397 3 1
54011 2 1
54011 3 1
54012 2 1
54020 2 1
54021 2 1
54022 3 2
54033 2 1
54033 3 1
54036 3 1
54039 2 1
54039 3 1
54040 2 1
54041 2 1
54042 2 1
5405 2 1
54054 3 1
54061 3 1
54065 2 1
54066 2 1
54067 2 1
54067 3 2
54068 3 1
54072 2 2
54072 3 1
54073 3 1
54075 3 1
54079 3 1
54080 3 2
54084 3 1
54088 3 1
54089 2 1
54089 3 2
54090 2 1
54091 2 1
54094 2 1
54095 2 2
54095 3 1
54096 3 1
54099 3 1
54101 3 1
54104 3 1
54107 2 1
54107 3 1
54108 2 1
54108 3 2
54109 2 1
54110 2 2
54111 3 1
54115 2 1
54117 3 1
54121 2 1
54124 2 2
54124 3 1
54125 2 1
54125 3 1
54126 2 1
54127 3 1
54129 2 1
54134 2 1
54134 3 1
54141 3 1
54142 2 1
54142 3 2
54143 3 1
54145 2 1
54146 2 1
54147 3 1
54152 2 1
54152 3 1
54156 3 1
54161 3 1
54162 2 1
54169 2 1
54169 3 1
54172 3 1
54175 2 1
54178 2 1
54180 3 1
54182 2 1
54182 3 1
54184 3 1
54186 2 1
54186 3 2
54187 2 1
54194 3 1
542 2 1
542 3 1
54200 2 1
54200 3 1
54201 2 2
54202 2 1
54202 3 1
54207 2 1
54210 2 1
54211 3 1
54213 2 1
54213 3 1
54214 2 1
54215 2 1
54218 2 1
54218 3 1
54249 2 1
54250 3 1
54253 2 1
54253 3 2
54254 2 1
54254 3 2
54255 2 2
54255 3 1
54256 2 1
54257 3 1
54287 3 1
54296 2 1
543 2 1
54312 2 1
54312 3 1
54313 3 1
54332 2 1
54347 3 1
54352 2 1
54352 3 1
54353 2 1
54353 3 2
54355 2 1
54356 2 1
54357 2 1
54362 2 1
54367 2 1
54368 2 1
54376 2 1
54376 3 1
54380 2 1
54380 3 2
54381 2 1
54381 3 2
54382 2 1
54382 3 2
54383 2 2
54383 3 1
54384 2 1
54385 2 1
54386 3 2
54387 3 1
54391 2 1
54391 3 2
54393 3 1
54397 2 1
54397 3 1
544 3 1
54402 2 1
54406 2 1
54407 3 1
54409 2 1
5441 2 1
54410 3 1
54414 2 1
54415 3 1
54418 2 1
54419 3 1
5442 2 2
54425 2 1
54428 2 1
54428 3 1
5443 2 1
5443 3 1
54431 3 1
54435 2 1
54436 2 2
54436 3 1
54437 2 1
54438 3 1
54441 2 1
54441 3 2
54443 3 1
54446 3 1
54448 3 1
54454 2 1
54455 3 2
54457 3 1
54460 3 1
54461 2 1
54462 2 1
54463 2 1
54466 2 1
54466 3 1
54467 2 1
54467 3 2
54468 2 1
54468 3 2
54469 2 1
54470 2 2
54470 3 1
54471 2 1
54484 2 1
54484 3 1
54485 2 1
54485 3 2
54489 2 2
54490 2 1
54490 3 1
54496 2 1
54497 2 1
54498 2 2
54498 3 1
54499 3 1
54502 2 1
54502 3 2
54503 3 1
54506 3 1
54508 3 1
54510 3 1
54512 3 1
54514 2 1
54515 2 1
54516 3 1
54521 3 1
54522 2 1
54523 2 1
54524 3 2
54527 2 1
54527 3 1
54528 2 1
54529 2 2
54529 3 1
54530 3 1
5454 3 1
54540 3 1
54547 2 1
54559 3 1
5458 2 1
5458 3 2
54580 2 2
54580 3 1
54581 2 1
54581 3 1
54582 2 1
54583 2 1
54584 2 1
54585 3 2
54587 3 1
5459 2 2
5459 3 1
5460 2 1
5461 3 1
54617 3 1
54628 2 1
54629 3 1
5464 2 1
5464 3 2
54642 2 2
54642 3 1
54643 2 1
54649 3 1
5465 2 2
54658 3 1
5466 2 1
5466 3 1
54664 3 1
5467 3 2
54673 2 1
54674 2 1
54675 2 1
54676 2 2
54676 3 1
54677 2 1
54682 2 1
547 2 1
547 3 1
54701 2 1
54701 3 1
54702 2 1
54702 3 2
54703 2 1
54703 3 2
54704 2 1
5471 3 1
54710 2 1
54711 2 1
54712 2 1
54716 2 1
54716 3 1
54717 2 2
54718 2 1
54718 3 1
54719 2 1
54720 2 1
54721 3 1
54723 3 1
54725 2 1
54725 3 1
54726 2 1
54729 2 1
54729 3 1
54730 3 1
54734 2 1
54734 3 1
54740 2 1
54741 3 1
54745 2 1
54745 3 2
54746 2 1
54747 3 1
54749 2 1
54750 2 1
54750 3 2
54751 2 1
54751 3 2
54752 2 1
54752 3 2
54753 2 1
54753 3 2
54754 3 1
54757 2 1
54757 3 1
54758 3 2
54762 2 1
54763 2 1
54768 2 2
54768 3 1
54769 2 1
54769 3 1
5477 2 1
54770 2 1
54771 3 1
54773 2 1
54774 3 1
54776 3 1
54778 3 1
54785 2 1
54785 3 1
54786 2 1
54787 2 2
54788 2 1
54788 3 1
54789 2 1
54789 3 2
54790 3 2
54796 2 1
54797 2 1
54797 3 2
54798 3 1
548 2 1
54800 3 1
54802 3 1
54806 2 1
54812 2 1
54813 2 2
54813 3 1
54814 2 1
54815 3 1
54818 3 1
54819 2 1
5482 2 2
54822 2 1
54822 3 1
54828 2 2
54828 3 1
54829 3 1
5483 2 1
5483 3 1
54831 2 1
54831 3 1
54832 2 1
54836 3 1
54838 3 1
5484 2 1
54846 3 1
5485 2 1
54851 3 1
54854 2 1
54854 3 1
54855 2 1
54855 3 2
54856 2 1
54856 3 2
54859 2 1
54859 3 2
54862 3 1
54864 3 1
54866 3 1
54867 2 1
54870 2 2
54880 3 1
549 3 1
54910 2 1
54915 2 1
54915 3 1
54947 2 1
54948 3 1
54967 3 1
5497 2 1
54975 2 1
54976 3 1
54979 2 1
54979 3 2
5499 2 2
5499 3 1
54992 2 1
54993 2 1
54996 3 1
5500 3 1
55006 3 1
55015 2 2
55016 2 1
55016 3 1
55017 2 1
55026 3 1
55028 2 1
55029 2 1
5503 3 1
55030 2 2
55030 3 1
55031 2 1
55032 2 1
55032 3 2
55033 3 1
55035 3 1
55044 2 1
55044 3 1
55045 2 1
55045 3 2
55048 3 1
55051 3 1
55053 3 1
55055 3 1
55059 2 2
55059 3 1
5506 2 1
55060 3 1
55062 2 1
55062 3 1
55063 2 1
55064 3 2
55066 3 1
55067 2 1
55068 3 1
5507 2 1
55071 2 1
55074 2 1
55075 3 1
55077 2 1
55078 3 1
5508 3 2
55080 2 1
55080 3 1
55081 2 1
55082 2 1
55083 2 2
55083 3 1
55084 3 1
55088 2 1
55089 3 1
55094 3 1
55095 3 2
55096 2 1
55097 2 2
55097 3 1
55098 2 1
55099 3 2
5510 3 1
55101 3 1
55104 2 1
55105 2 2
55105 3 1
55106 3 1
55108 3 1
55111 2 1
55111 3 1
55112 2 1
55112 3 2
55113 2 1
55113 3 2
55114 2 1
55114 3 2
55118 2 1
55119 2 1
55120 2 1
55121 2 1
55122 2 1
55123 2 1
55124 3 1
55127 2 1
55127 3 1
55128 2 2
55129 2 1
55129 3 1
55130 3 2
55132 2 1
55136 3 1
55143 3 1
55145 3 1
55147 2 1
55147 3 1
55152 3 1
55154 3 1
55155 2 1
55156 3 1
55158 2 1
55159 2 2
5516 2 1
5516 3 1
55160 2 1
55160 3 1
55161 3 2
55164 2 1
55164 3 1
55168 2 1
5517 2 1
55172 2 1
55173 2 1
55174 3 1
55176 2 2
55176 3 1
55177 2 1
55177 3 1
55179 3 1
5518 3 1
55181 2 1
55181 3 2
55182 3 1
55184 2 1
55185 2 1
55186 3 1
55188 2 1
55188 3 1
55189 3 1
55191 2 1
55191 3 1
55192 3 2
55194 3 1
55196 3 1
55198 3 1
552 2 1
552 3 1
55200 3 1
55203 3 1
55208 2 1
55208 3 1
5521 2 1
5521 3 1
55220 3 1
55244 2 1
55244 3 1
55245 2 2
55246 3 1
55247 2 1
55248 3 1
55255 2 1
55255 3 1
5526 2 1
5527 2 1
5527 3 2
55276 3 1
55278 3 1
5528 3 1
55297 3 1
553 2 1
5530 2 1
55300 3 1
55308 2 1
55309 3 1
5532 3 1
55341 2 1
55341 3 1
55342 2 1
55342 3 2
55344 3 1
55345 2 1
55353 2 1
55353 3 1
55354 2 1
55355 2 2
55355 3 1
55356 2 1
55358 3 1
55360 3 1
55362 2 1
55362 3 1
55365 2 1
55367 3 1
55369 2 1
55369 3 1
55370 2 1
55370 3 2
55371 2 1
55372 3 1
55374 2 1
55375 3 1
55378 2 1
55378 3 2
55379 2 1
55379 3 2
55380 2 2
55380 3 1
55381 2 1
55382 2 1
55385 2 1
55386 2 1
55389 2 2
5539 2 1
55390 2 1
55394 2 1
55394 3 1
55395 2 1
55398 3 1
554 3 1
5540 3 1
55402 3 1
55408 2 1
55413 2 1
55413 3 2
55416 2 1
55416 3 1
5542 2 1
5542 3 2
55421 3 1
55422 2 1
55423 2 2
55423 3 1
55424 2 1
55425 3 1
55427 3 1
55429 2 1
55429 3 1
5543 3 1
55432 2 1
55433 3 1
55435 2 1
55435 3 2
55438 3 1
55441 2 2
55441 3 1
55442 2 1
55442 3 1
55443 2 1
55444 3 1
5545 2 1
55454 2 1
55455 3 1
55457 3 1
55459 2 1
5546 3 2
55460 2 1
55461 3 1
55463 3 1
55465 2 1
55466 2 2
55467 2 1
55467 3 1
55468 2 1
55469 2 1
55470 2 1
55471 3 1
55473 2 1
55473 3 2
55474 2 2
55474 3 1
55475 2 1
55476 2 1
5548 3 1
55482 3 1
55484 3 1
55486 2 1
55487 3 1
55491 2 1
55492 2 1
55499 3 1
5550 2 1
5550 3 1
55501 3 2
55502 3 1
55504 2 1
55504 3 2
55505 2 2
55505 3 1
55506 2 1
5551 2 1
55510 2 1
55511 2 1
55516 3 1
55518 2 2
55518 3 1
55519 3 1
55521 2 1
55522 2 1
55524 2 2
55525 2 1
55525 3 1
55528 3 1
55533 3 1
55539 2 1
5556 2 1
5557 2 1
55572 2 1
55572 3 1
55573 2 1
55573 3 2
55576 3 1
55578 3 1
55606 3 1
55608 3 1
5561 2 1
55614 2 1
55624 2 1
55653 3 1
55664 3 1
55671 2 1
55672 3 1
55674 3 1
55677 2 1
55677 3 1
55682 3 1
55685 3 1
55688 3 1
55697 2 1
55697 3 2
55698 2 2
55698 3 1
55699 2 1
5570 2 1
5570 3 1
55700 3 1
55702 3 1
55705 3 1
55707 2 1
55707 3 1
55708 2 1
55709 2 1
5571 3 1
55717 3 1
55719 3 1
55721 3 1
55722 2 1
55728 2 1
55728 3 2
55729 3 1
55732 3 1
55739 3 1
55740 2 1
55741 2 1
55742 2 1
55743 3 1
55745 2 1
55745 3 1
55748 3 1
55749 2 1
55753 3 1
55755 3 1
55757 2 1
55758 2 2
55758 3 1
55764 2 1
55765 3 1
55767 2 1
55767 3 1
55771 2 1
55775 2 1
55776 3 1
55779 2 1
55779 3 1
5578 2 1
55780 2 1
55780 3 2
55781 2 1
55781 3 2
55782 2 1
55782 3 2
55783 3 1
55785 2 1
55785 3 2
55786 2 1
5579 2 1
55791 2 1
55791 3 2
55792 2 2
55792 3 1
55793 2 1
55795 3 1
55797 3 1
55802 2 1
55803 2 1
55817 2 2
55817 3 1
55818 2 1
55818 3 1
55819 2 1
55821 3 1
55827 2 1
55828 2 1
5583 2 1
5583 3 1
55831 2 1
55831 3 1
55832 2 2
55833 2 1
55833 3 1
55834 2 1
55843 2 1
55843 3 1
55844 2 1
55844 3 2
55845 2 1
55845 3 2
55848 2 2
55848 3 1
55849 2 1
5585 3 1
55850 3 1
55853 3 1
55854 2 1
55858 3 1
5586 2 1
5589 2 1
559 2 1
559 3 1
55902 2 1
55903 3 1
55906 2 1
55906 3 2
55907 2 2
55907 3 1
55908 2 1
55933 2 1
55964 3 1
55977 3 1
5599 2 1
560 2 1
5600 2 1
56002 3 1
56004 3 1
56006 2 1
56006 3 1
5601 3 1
56012 2 1
56014 3 1
56017 2 1
56017 3 1
56018 2 2
56019 2 1
56019 3 1
56022 2 1
56023 2 1
56026 2 1
56027 2 1
56028 3 2
56030 3 1
56032 2 1
56032 3 2
56033 3 1
56041 2 1
56041 3 1
56042 3 1
56044 2 1
56044 3 1
56045 2 1
56045 3 2
56046 2 1
56049 2 1
56050 2 2
56050 3 1
56051 3 1
56056 2 1
56056 3 1
56057 2 1
56057 3 2
56058 2 1
56058 3 2
56059 3 2
5606 3 1
56061 2 1
56061 3 1
56062 2 2
56063 2 1
56063 3 1
56065 2 1
56066 3 1
56068 2 1
56068 3 1
56074 2 1
56078 3 1
56083 3 1
56085 2 1
56086 3 1
56088 2 1
56090 3 1
56094 2 2
56094 3 1
56095 2 1
56096 2 1
561 3 1
56103 2 1
56103 3 1
56105 2 2
56105 3 1
56106 2 1
56107 3 1
56109 2 2
56109 3 1
5611 3 1
56110 2 1
56110 3 1
56111 2 1
56112 2 1
56113 2 2
56114 2 1
56114 3 1
56115 3 1
56120 2 1
56120 3 1
56121 2 1
56129 2 1
56129 3 1
5614 3 1
56141 2 1
56141 3 1
56144 2 1
56145 3 1
56147 2 1
56148 3 2
5615 2 1
56157 3 1
5616 3 1
56161 3 1
56163 3 1
56166 2 1
56166 3 1
56167 2 1
56167 3 2
56168 2 1
56170 2 1
56171 2 1
56172 2 2
56172 3 1
56173 2 1
56174 2 1
56174 3 2
56175 3 1
56178 3 1
5618 3 1
56180 3 1
56182 2 1
56182 3 1
56188 2 1
56189 2 1
56203 2 1
56210 2 1
56213 3 1
56233 2 1
56234 2 1
5624 2 1
56283 2 1
56284 2 1
56294 3 1
563 2 1
563 3 1
56307 2 1
5632 3 1
56325 3 1
56332 3 1
56334 2 1
56346 2 1
56349 3 1
56354 3 1
56356 3 1
56358 2 1
56358 3 1
56359 2 1
56360 2 2
56361 2 1
56361 3 1
56371 2 2
56372 3 1
56374 2 1
56375 3 1
56380 2 1
56380 3 2
56386 2 1
56387 2 1
56388 2 1
56389 2 1
56393 3 1
56396 3 1
56398 3 1
564 2 1
56400 2 1
56400 3 1
56401 2 1
56402 2 1
56404 3 1
56407 2 1
56407 3 1
56408 2 2
56409 2 1
56409 3 1
56416 3 1
56420 2 1
56422 3 1
56423 2 1
56431 2 1
56431 3 1
56432 2 1
56435 3 1
56437 3 1
56439 2 2
56439 3 1
5644 3 1
56440 3 1
56444 2 2
56444 3 1
56445 2 1
56446 3 1
56449 2 1
56449 3 1
56450 3 2
56453 2 1
56453 3 1
56454 2 1
56457 2 1
56458 2 2
56458 3 1
5646 2 1
5646 3 1
56462 2 1
56462 3 2
56463 2 1
56464 3 1
56469 2 1
56469 3 1
56470 2 1
56470 3 2
56475 3 1
56478 2 1
56478 3 1
56479 2 1
56479 3 2
5648 3 1
56480 2 1
56480 3 2
56490 2 1
56493 2 1
56493 3 2
56494 2 1
56494 3 2
56495 2 2
56495 3 1
56496 2 1
56497 3 1
565 3 1
5650 3 1
56502 3 1
56504 2 1
56504 3 1
56505 2 2
56506 2 1
56506 3 1
56507 2 1
56507 3 2
56508 3 2
56510 2 1
56511 2 1
56527 3 1
56529 2 1
56531 2 1
56532 3 1
56536 2 1
56537 3 1
56565 3 1
56567 3 1
56569 2 1
56569 3 1
5657 2 1
5658 2 1
5661 2 1
5661 3 1
5662 2 1
56622 3 1
5663 2 1
56650 2 1
56653 3 1
56655 2 1
56655 3 2
56656 2 1
56657 2 1
56662 3 1
56669 3 1
56680 2 1
56681 2 1
56682 3 1
56684 3 1
56687 2 1
5669 2 1
5669 3 2
56696 3 1
5670 2 1
56705 2 2
56705 3 1
56706 2 1
56706 3 1
56707 2 1
56709 2 1
5671 3 1
56710 3 1
56712 2 1
56712 3 1
56714 3 1
56723 2 1
56724 3 1
56726 3 1
56734 2 1
56735 2 1
56736 2 2
56736 3 1
56737 3 1
56739 3 1
56741 3 1
56743 2 1
56744 3 1
56746 3 1
5675 2 1
5675 3 1
56752 3 1
56756 2 1
56756 3 1
56757 2 1
56757 3 2
56758 3 1
56761 3 1
56764 2 1
56764 3 1
56767 3 1
56769 2 2
56769 3 1
56770 2 1
56776 3 1
56779 2 1
56779 3 2
56780 2 1
56781 2 1
56788 2 1
56790 3 1
56791 2 1
56792 3 1
56794 2 1
56794 3 2
56795 3 1
56797 2 1
56797 3 1
56798 2 2
56798 3 1
56799 2 1
56800 3 1
56805 2 1
56805 3 2
56806 2 1
56807 2 2
56807 3 1
56808 2 1
56809 2 1
56809 3 2
56810 3 1
56814 3 1
56815 2 1
56822 2 1
56822 3 1
56823 2 1
56824 2 1
56825 3 2
56828 2 1
56829 3 1
56833 2 1
56836 2 1
56837 2 1
56838 2 1
56839 3 1
56847 2 1
56847 3 1
56849 2 1
56852 3 1
56857 3 1
56859 3 1
56860 2 1
56861 2 2
56862 3 1
56865 2 1
56865 3 1
56871 2 1
5688 2 1
5688 3 2
5689 2 2
5689 3 1
56893 2 1
56893 3 1
56894 2 1
56897 2 1
5690 2 1
56901 2 1
5691 2 1
56946 2 1
5697 3 1
56983 2 1
56984 2 1
56985 3 1
56989 2 1
5699 2 1
56990 3 1
56993 2 1
56994 2 1
570 2 1
570 3 1
57002 3 1
57008 2 1
57008 3 1
57010 3 1
57014 2 2
57015 2 1
57015 3 1
57017 3 1
57020 2 1
57020 3 1
57025 2 1
57028 3 1
57035 2 1
57038 2 1
57039 2 2
57040 3 1
57042 3 1
57044 3 1
57047 2 1
57047 3 1
5705 3 1
57054 3 1
57056 2 2
57056 3 1
57057 2 1
57057 3 1
57059 3 2
57060 3 1
57066 2 1
57066 3 2
57067 2 2
57068 2 1
57068 3 1
57069 3 2
5707 2 1
5707 3 1
57071 3 1
57075 2 1
5708 2 1
57081 2 1
57081 3 1
57082 3 2
57084 2 1
57084 3 1
57085 2 2
57085 3 1
57086 2 1
57087 2 2
57087 3 1
57088 3 1
57092 2 1
57093 2 1
57094 3 2
57096 2 1
57096 3 1
57097 2 2
57098 2 1
57098 3 1
57099 3 2
571 3 1
5710 3 1
57101 3 1
57104 2 1
57105 2 2
57105 3 1
57106 2 1
57108 2 1
57109 3 1
5711 2 1
57112 3 1
57113 2 1
57114 2 1
57115 3 1
5712 3 1
57120 3 1
57122 2 2
57122 3 1
57123 2 1
57123 3 1
57124 2 1
57127 2 2
57127 3 1
57128 3 1
57130 2 1
57134 2 1
57135 3 1
57137 3 1
57139 2 1
57139 3 1
57142 3 1
57143 2 1
57146 3 1
57149 3 1
57150 2 1
57155 2 1
57155 3 1
57158 2 2
57158 3 1
57159 2 1
5716 2 1
57163 3 1
57169 2 1
57169 3 2
5717 2 1
57170 3 1
57178 2 1
5718 2 1
5718 3 2
57181 2 1
57187 2 1
5719 3 1
57191 2 1
57194 2 1
57194 3 1
57198 2 1
5721 3 1
57228 3 1
57229 2 1
5723 2 1
5723 3 1
57293 3 1
57315 3 1
57320 2 1
57320 3 2
57321 2 1
57323 3 1
57325 3 1
57331 2 1
57337 2 1
57338 3 2
57340 2 2
57340 3 1
57341 2 1
57341 3 1
57344 2 1
57357 2 1
57357 3 1
57360 3 1
57367 2 1
57367 3 1
57369 2 2
57369 3 1
57370 3 1
57386 2 1
57389 2 1
57389 3 1
57395 2 1
57395 3 1
57396 3 1
57398 2 1
57398 3 2
57399 2 1
57403 2 1
57403 3 1
57405 3 1
57411 2 1
57411 3 2
57412 2 1
57413 2 1
57414 2 2
57415 3 1
57417 2 2
57417 3 1
57418 3 1
57424 2 1
57424 3 1
57429 2 1
57430 2 2
57430 3 1
57431 2 1
57432 3 2
57433 3 1
57435 3 1
57442 3 1
57445 2 1
57446 3 1
57448 2 1
57448 3 1
57449 2 1
57452 2 2
57452 3 1
57453 3 1
57456 2 1
57456 3 1
57457 2 2
57458 3 1
57461 3 1
57462 3 2
57464 2 2
57464 3 1
57465 2 1
57469 3 1
57471 2 1
57471 3 1
57476 3 1
57479 3 1
57481 3 1
57482 2 1
57483 3 1
57487 2 1
57492 2 1
57493 2 2
57494 2 1
57494 3 1
57495 2 1
57496 3 1
57498 2 1
57498 3 1
57499 2 1
57500 3 2
57504 3 1
57506 3 1
57514 3 1
57516 3 1
57518 3 1
57519 2 1
57520 3 1
57523 2 1
57523 3 1
57524 3 2
57527 3 1
57557 2 1
57584 2 1
57590 3 1
57607 2 1
57642 2 1
57643 3 1
57645 2 1
57648 2 1
57649 2 1
57649 3 2
57650 3 1
57654 2 1
57659 3 1
57661 3 1
57668 2 1
57668 3 1
57669 2 2
57669 3 1
57670 2 1
57671 3 2
57677 3 1
57680 2 1
57681 2 1
57682 3 1
57684 2 1
57684 3 1
57685 2 1
57690 2 1
57690 3 2
57692 3 1
57694 2 1
57694 3 1
57695 2 1
57696 2 2
57696 3 1
57697 3 1
57699 2 1
57699 3 2
577 2 1
577 3 1
57700 2 2
57701 2 1
57701 3 1
57714 2 1
57715 3 1
57718 2 1
57718 3 1
57725 2 2
57725 3 1
57726 2 1
57727 2 1
57728 3 1
57735 2 1
57736 2 1
57740 2 1
57741 3 1
57745 2 1
57745 3 2
57746 2 1
57747 2 2
57748 3 1
57751 3 1
57756 2 1
57762 2 1
57762 3 1
57766 2 1
57768 3 1
57770 2 1
57771 2 1
57772 3 2
57782 2 1
57786 3 1
57789 2 1
57790 2 2
57790 3 1
57791 2 1
57792 3 1
57794 3 1
57796 3 1
57797 2 1
57798 2 2
57798 3 1
57799 2 1
578 2 1
57807 2 1
57808 2 1
57809 3 2
57811 3 1
57813 2 1
57813 3 2
57814 2 1
57816 3 1
57820 3 1
57824 3 1
57826 2 1
57827 2 1
57828 3 2
57830 2 1
57830 3 1
57831 2 1
57831 3 2
57832 2 1
57832 3 2
57833 2 1
57833 3 2
57837 3 1
57841 2 1
57842 3 1
57844 3 1
57846 2 1
57850 2 1
57851 3 1
57853 2 1
57853 3 2
57854 2 1
5786 2 1
5786 3 1
579 3 1
5792 2 1
5793 2 1
5794 3 1
5796 2 1
5797 2 1
57976 3 1
57979 2 1
5798 3 1
57982 2 1
57982 3 1
57984 3 1
57987 3 1
57988 2 1
57997 2 1
57998 2 2
57999 3 1
5800 2 1
5800 3 1
58001 2 1
58001 3 1
58004 2 1
58005 2 1
58006 2 1
58016 3 1
58017 2 1
58018 2 1
58018 3 2
58019 2 1
58019 3 2
58020 3 1
58022 3 1
58024 3 1
58026 2 2
58026 3 1
58027 2 1
58028 2 1
58028 3 2
58029 3 1
5803 2 1
5803 3 1
58048 3 1
58050 2 1
58050 3 1
58051 3 1
58055 3 1
58063 2 1
58064 3 1
58067 3 1
58070 2 2
58070 3 1
58071 2 1
58073 2 1
58074 2 1
58074 3 2
58075 3 1
58078 3 1
58081 2 1
58087 3 1
58091 2 1
58094 2 1
58094 3 1
58096 3 1
58098 2 1
58100 3 1
58102 2 1
58102 3 1
58103 2 1
58104 2 1
58105 2 2
58105 3 1
58106 3 1
58108 2 1
58109 2 1
58110 2 1
58111 3 1
58114 2 1
58114 3 1
5812 2 1
58122 3 1
58125 2 1
58128 3 1
5813 3 2
58130 3 1
58135 2 1
58137 3 1
58139 2 1
58139 3 1
58142 2 1
58143 3 1
58146 2 1
58146 3 2
58147 3 1
58150 2 2
58150 3 1
58151 3 1
58152 2 1
58153 2 1
58154 3 2
58158 2 1
58158 3 1
58159 2 2
58159 3 1
5816 3 1
58160 2 1
58161 2 1
58162 2 1
58162 3 2
58163 3 1
58165 2 1
58165 3 1
5817 3 2
58173 2 1
58177 3 1
58178 2 1
58179 3 1
58182 2 1
58183 3 1
58223 3 1
58245 3 1
58257 3 1
58269 2 1
5827 3 1
58281 3 1
5829 2 1
583 2 1
583 3 1
58302 3 1
58304 3 1
58306 2 2
58306 3 1
58307 3 1
58309 3 1
58312 3 1
58314 2 1
5832 2 1
5832 3 1
58322 3 1
58331 2 2
58332 3 1
58334 3 1
58340 2 1
58340 3 1
58341 2 1
58341 3 2
58342 3 2
58348 2 1
58348 3 1
58349 2 1
58350 2 2
58351 2 1
58351 3 1
58352 3 2
58354 3 1
58356 3 1
58358 2 1
58358 3 1
58361 3 1
58363 3 1
58375 2 1
58376 2 1
58377 2 2
58377 3 1
58378 3 1
5838 2 1
5838 3 1
58380 2 2
58380 3 1
58382 2 1
58383 3 1
58385 2 1
58386 3 1
58388 3 1
5839 2 2
5839 3 1
58394 2 1
58394 3 2
58395 2 1
584 2 1
5840 2 1
58400 3 1
58402 3 1
58404 2 1
58405 2 2
58406 2 1
58406 3 1
58407 2 1
5841 2 1
58413 3 1
58415 3 1
58417 3 1
58419 3 1
58421 3 1
58423 2 1
58423 3 1
58424 3 2
58426 3 1
5843 2 1
58430 2 1
58431 2 2
58431 3 1
58432 3 1
58435 2 1
5844 2 1
5845 2 1
58450 2 1
58451 2 2
58451 3 1
58453 2 1
58455 3 1
58458 3 1
58460 2 2
58460 3 1
58461 3 1
58467 2 1
58467 3 2
58468 2 1
58469 2 2
58474 2 1
58475 2 1
58480 2 1
58481 3 2
58484 2 1
58484 3 1
58487 2 1
58488 2 2
58489 3 1
5849 2 1
58492 2 1
58492 3 1
58496 2 1
585 2 1
5850 2 1
58505 2 1
58505 3 1
5851 3 2
58510 2 1
58513 2 2
58514 2 1
58514 3 1
5853 2 1
5853 3 1
5854 3 1
5857 2 1
5857 3 1
58581 3 1
58583 2 1
586 2 1
58603 2 1
58611 2 1
58628 3 1
5863 2 1
58631 2 1
58634 3 1
58636 2 1
58637 3 2
58640 2 1
58641 2 1
58645 3 1
58647 2 1
58648 3 1
58650 2 1
58650 3 1
58651 2 1
58651 3 2
58656 2 2
58657 2 1
58657 3 1
58658 2 1
58661 2 1
58664 2 2
58664 3 1
58665 2 1
58665 3 1
58666 2 1
58667 3 1
5867 2 1
58670 2 1
58671 2 1
58676 2 1
5868 3 1
58681 2 1
58682 2 1
58686 2 1
58687 2 2
58687 3 1
58688 3 1
58690 2 1
58690 3 1
58691 3 2
58693 3 1
587 3 1
5870 2 1
58705 3 1
58707 2 1
5871 2 1
58712 2 2
58712 3 1
58713 2 1
58714 3 1
58716 2 1
58716 3 2
58717 2 2
58717 3 1
58718 2 1
58723 2 1
58724 3 1
58730 2 1
58730 3 2
58731 2 2
58731 3 1
58732 2 1
58734 3 1
58736 3 1
58741 2 1
58741 3 1
58742 2 1
58742 3 2
58748 2 1
58751 3 1
58753 2 1
58753 3 2
58754 2 1
58754 3 2
58755 2 2
58755 3 1
58756 2 1
58757 3 1
5876 2 1
5876 3 1
58761 2 1
58761 3 2
58762 2 2
58763 2 1
58763 3 1
58764 3 1
58768 2 1
58768 3 1
58769 2 1
5877 2 1
5877 3 2
58770 2 1
58779 3 1
5878 2 2
58781 2 1
58781 3 2
58783 3 1
58785 2 2
58785 3 1
58786 2 1
58786 3 1
58787 2 1
5879 2 1
5879 3 1
58790 2 1
58795 2 1
58796 2 1
58797 3 1
5880 3 2
58806 3 1
58807 2 1
58807 3 2
58808 3 1
58811 2 1
58811 3 1
58812 2 1
58814 2 2
58815 3 1
58817 3 1
58821 2 1
5883 2 1
5883 3 1
58830 2 1
58831 2 1
58833 2 1
58834 2 1
58835 2 2
58842 3 1
58843 2 1
58844 3 2
58846 3 1
58911 2 1
58918 3 1
58928 2 1
58929 3 1
5894 2 1
5894 3 1
5895 3 2
58964 2 1
58965 3 1
58967 2 1
58967 3 1
58968 2 1
58970 3 1
58974 2 1
58974 3 1
58978 2 1
58979 2 2
58979 3 1
58980 2 1
58981 3 1
58986 2 1
5899 2 1
58994 2 2
58994 3 1
58995 3 1
58997 2 1
58998 2 1
58998 3 2
58999 3 1
590 2 1
590 3 1
5900 2 2
5901 3 1
59017 2 1
59017 3 2
59020 2 1
59020 3 2
59021 2 1
59021 3 2
59022 2 2
59022 3 1
59023 2 1
59024 2 1
59025 2 1
59026 2 1
5903 2 1
5903 3 1
59034 2 1
5904 2 1
59040 3 1
59041 2 1
59042 3 2
59044 2 2
59044 3 1
59045 2 1
59045 3 1
59046 2 1
59047 3 2
59058 2 1
59059 2 1
5906 3 1
59064 3 1
59066 2 1
59066 3 2
59067 3 1
59071 2 1
59072 3 1
59074 2 1
59074 3 1
59075 3 2
59080 2 1
59080 3 1
59081 2 2
59082 2 1
59082 3 1
59083 2 1
59084 2 1
59087 2 2
59087 3 1
59088 2 1
59088 3 1
59089 2 1
59090 2 1
59091 3 1
59093 2 2
59093 3 1
59094 3 1
59098 3 1
591 2 1
5910 3 1
59108 2 1
59109 2 2
59110 2 1
59110 3 1
59111 3 1
59113 2 1
59113 3 2
59114 2 2
59114 3 1
59115 2 1
5912 2 1
59122 2 1
59122 3 1
59124 3 1
59127 3 1
59129 2 1
59129 3 1
59134 2 1
59135 2 2
59135 3 1
59136 2 1
59141 3 1
59143 3 1
59144 2 1
59145 3 2
59147 2 2
59147 3 1
59148 2 1
59148 3 1
5915 3 1
59151 3 1
59156 2 1
59156 3 1
59170 2 2
59171 2 1
59171 3 1
59174 2 1
59174 3 1
59175 2 2
59175 3 1
59176 2 1
59177 2 1
59177 3 2
59178 3 1
592 2 1
5920 3 1
59212 3 1
59243 2 1
59244 2 1
59259 2 1
5926 2 1
59264 2 1
59269 2 1
59269 3 1
5927 2 1
59270 2 1
59277 3 1
59289 3 1
5929 3 1
59291 2 1
59292 2 1
59292 3 2
59293 3 1
59295 3 1
59297 3 1
593 2 1
59300 3 1
59302 2 1
59302 3 1
59303 2 1
59309 3 1
59311 2 1
59312 3 1
59314 2 1
59314 3 1
5932 2 1
59324 2 1
59328 2 1
59328 3 1
59329 2 2
5933 2 1
59330 2 1
59330 3 1
59331 3 1
59334 2 1
59334 3 1
59335 3 1
59341 2 1
59341 3 1
59342 2 1
59344 3 1
59346 2 1
59346 3 1
59347 3 1
59349 2 1
59349 3 1
59350 2 1
59351 2 1
59360 3 1
59362 3 1
59364 3 1
59369 2 1
59369 3 1
59370 3 2
59372 2 1
59372 3 1
59373 2 2
59373 3 1
59374 2 1
59377 2 1
59377 3 1
59378 2 1
59380 3 1
59388 3 1
59390 3 1
59391 2 1
59392 2 1
59393 2 2
59393 3 1
59394 2 1
59395 2 1
594 2 1
59402 3 1
59404 2 1
59404 3 2
59405 2 1
59408 2 1
5941 2 1
59412 3 1
59417 2 2
59417 3 1
59418 3 1
5942 2 1
59421 3 1
59423 2 2
59423 3 1
59424 2 1
59425 2 1
59425 3 2
59426 3 1
59428 2 1
59429 2 1
5943 2 1
59430 3 1
59432 2 1
59432 3 1
59438 3 1
59440 2 2
59440 3 1
59441 2 1
59442 2 1
59449 2 1
59449 3 1
59450 2 1
59451 2 2
59451 3 1
59452 3 1
59456 2 1
59457 2 2
59458 2 1
59458 3 1
59459 3 2
5946 3 1
59462 2 1
59463 2 1
59470 2 1
59470 3 1
59471 2 2
59472 2 1
59472 3 1
59473 3 2
59475 2 1
59475 3 1
59476 2 2
59476 3 1
59477 2 1
59478 3 2
59482 2 1
59483 2 1
59484 3 1
59486 3 1
59488 2 1
59489 3 1
5949 2 1
59493 2 1
59493 3 1
59494 2 1
59499 3 1
595 3 1
5950 2 1
59500 2 1
59501 3 2
59503 2 1
59504 2 2
59505 3 1
59507 2 1
59507 3 1
5952 3 1
59542 3 1
5955 3 1
59585 3 1
59607 2 1
59608 3 1
59610 3 1
59619 2 1
59619 3 2
5962 3 1
59620 3 1
59622 2 1
59622 3 1
59623 2 2
59624 2 1
59624 3 1
59627 3 1
59630 3 1
59632 3 1
59635 2 1
59635 3 1
5964 2 1
5964 3 1
59645 2 1
59646 3 1
59648 2 1
59648 3 1
59649 2 1
5965 2 1
5965 3 2
59650 3 1
59656 2 1
59656 3 1
5966 2 1
59660 2 2
59660 3 1
59661 2 1
59662 3 1
59664 2 2
59664 3 1
59665 2 1
59668 3 1
5967 2 1
59671 3 1
59674 3 1
59676 2 2
59676 3 1
5968 2 1
59684 2 1
59684 3 1
59685 2 1
59686 2 1
59688 3 1
59690 3 1
59692 3 1
59695 2 1
59696 2 1
59696 3 2
59697 3 1
59699 2 1
59700 2 1
59701 2 1
59702 2 2
59703 3 1
59707 3 1
59710 2 1
59719 2 1
59723 3 1
59726 3 1
59727 2 1
59728 3 1
59732 2 1
59733 2 1
59734 3 1
59742 2 1
59743 2 1
59744 3 1
59747 2 2
59747 3 1
59748 3 1
59752 2 1
59755 2 1
59755 3 1
5976 3 1
59760 2 1
59761 2 2
59761 3 1
59762 3 1
59764 3 1
59768 2 1
59773 3 1
59775 2 1
59776 2 1
59777 2 1
5978 2 1
5978 3 2
59781 2 1
59781 3 2
59782 2 2
59783 2 1
59783 3 1
59786 3 1
59788 2 1
59789 2 1
5979 2 2
5979 3 1
59790 2 1
59795 2 1
59796 2 1
59798 3 1
598 2 1
598 3 1
5980 2 1
59800 3 1
59802 2 1
59803 2 1
59804 2 1
59805 2 2
59806 3 1
59808 2 1
59808 3 1
59809 2 1
59810 2 2
59810 3 1
59819 3 1
59821 2 1
59821 3 1
59822 2 1
59823 3 2
59827 2 1
59828 2 1
59829 3 2
59831 2 1
59831 3 1
59835 3 1
59837 3 1
5985 2 1
5986 3 1
59872 2 1
59892 2 1
59895 3 1
599 2 1
599 3 2
5991 3 1
59913 3 1
59938 2 1
59939 2 1
59948 2 1
59948 3 1
59949 2 1
59949 3 2
5995 2 2
59950 3 2
59952 3 1
59954 3 1
59957 3 1
5996 2 1
5996 3 1
59960 3 1
59962 3 1
59969 2 1
5997 2 1
59970 2 1
59971 2 2
59971 3 1
59976 2 1
59977 2 2
59977 3 1
59978 3 1
5998 2 1
5999 3 1
59990 3 1
59992 3 1
59994 3 1
59996 3 1
59997 2 1
59997 3 2
60000 2 1
60000 3 1
60003 2 1
60003 3 1
60009 2 1
6001 3 1
60010 3 1
60012 2 1
60012 3 1
60018 2 1
60018 3 2
60019 2 2
60019 3 1
60020 2 1
60021 2 1
60022 3 2
60026 2 1
6003 2 1
6003 3 1
60033 2 1
60034 3 1
60036 2 1
60036 3 1
6004 2 1
60044 2 1
60045 2 1
60053 3 1
60056 3 1
60058 3 1
60065 2 1
60066 3 1
60069 3 1
6007 2 1
6007 3 1
60070 2 1
60071 3 1
60074 3 1
60077 2 1
60078 3 2
60080 2 1
60080 3 1
60082 3 1
60085 3 1
60091 2 1
60091 3 2
60094 2 1
60094 3 2
60096 3 1
60099 3 1
60100 2 1
60100 3 2
60101 2 1
60102 2 2
60102 3 1
60103 2 1
60105 3 1
60109 2 2
60110 2 1
60110 3 1
60111 3 1
60113 3 1
60116 3 1
60125 3 1
60128 3 1
60130 3 1
60136 2 1
60140 2 1
60142 2 1
60146 2 1
60147 3 1
60149 2 1
60153 2 1
60153 3 1
60154 2 1
60156 3 1
60159 2 1
60159 3 1
6016 2 1
6016 3 1
60160 2 1
60161 2 2
60166 2 1
6017 2 1
60224 2 1
60227 2 1
6023 3 1
60244 3 1
6026 2 1
60271 2 1
60271 3 1
60278 2 1
60278 3 2
60279 2 1
60280 2 1
60281 2 2
60281 3 1
60282 2 1
60287 2 1
6030 3 1
60301 2 1
60307 2 2
60307 3 1
60308 3 1
6031 2 1
60323 2 1
60326 2 1
60327 3 1
60330 3 1
60332 2 1
60332 3 1
60336 3 1
60338 3 1
6034 2 1
60347 2 1
60348 2 1
60352 2 1
60352 3 1
60353 2 1
60353 3 2
60359 2 1
60359 3 1
60360 2 1
60360 3 2
60361 2 1
60361 3 2
60362 3 1
60364 2 1
6037 3 1
60376 3 1
60378 3 1
60380 2 1
60381 3 1
60385 2 1
60386 2 2
60387 2 1
60387 3 1
60391 2 1
60391 3 1
60392 2 1
60397 2 1
60398 2 1
6040 3 1
60401 2 1
60402 2 1
60403 2 1
60408 2 1
60408 3 1
60409 2 1
60412 2 1
60414 2 1
60415 2 2
60416 2 1
60416 3 1
60417 3 1
6042 2 1
60420 2 1
60420 3 1
60421 3 1
60423 2 1
60423 3 1
60424 3 1
60426 2 1
60427 3 1
60429 2 1
60430 3 1
60432 3 1
60436 2 1
60437 2 1
60439 2 2
60439 3 1
60440 2 2
60440 3 1
60441 2 1
60442 2 1
60443 3 2
60446 3 1
60449 2 1
60449 3 1
60450 2 1
60454 2 1
60458 2 1
60458 3 2
60459 2 1
60460 2 2
60461 2 1
60461 3 1
60462 2 1
60462 3 2
60463 3 1
60467 3 1
60468 2 1
60469 3 1
6048 2 1
6048 3 1
60483 3 1
60486 2 1
60486 3 2
60487 2 1
60488 2 2
60488 3 1
60489 3 1
6049 2 2
605 2 1
6050 2 1
6050 3 1
6051 3 2
60546 3 1
6055 2 1
60553 3 1
60570 2 1
60573 2 1
606 2 1
60600 2 1
60607 2 1
60608 3 1
60611 3 1
60613 3 1
60614 2 1
60615 2 1
60616 3 1
60619 2 1
60622 2 1
60623 3 1
60625 3 1
60626 2 1
60628 2 1
60629 3 1
60633 3 1
60635 3 1
60637 2 1
60637 3 2
60642 3 1
60644 3 1
60646 3 1
60647 3 2
60648 3 1
60650 2 1
60657 2 1
60658 3 1
60660 2 1
60665 2 1
60665 3 1
60680 2 1
60680 3 1
60681 2 2
60681 3 1
60682 2 1
60683 3 1
60685 3 1
60686 2 1
60687 3 1
60690 3 1
60691 2 1
60695 3 1
60696 2 1
60697 2 1
607 2 1
60700 2 1
60706 3 1
60708 2 1
60708 3 2
60712 2 1
60715 3 1
60717 3 1
60721 3 1
60736 2 1
60736 3 1
60746 2 2
60746 3 1
60747 2 1
60748 3 1
60750 2 2
60750 3 1
60751 3 1
60753 2 2
60753 3 1
60754 2 1
60755 3 1
60757 2 1
60758 3 1
60760 3 1
60769 2 1
60770 3 2
60773 2 1
60773 3 1
60774 2 1
60775 2 2
60775 3 1
60776 3 1
60778 2 1
60778 3 1
60779 3 2
60786 2 1
60786 3 1
60787 2 1
60788 3 1
60791 2 2
60791 3 1
60792 2 1
60792 3 1
60795 2 1
60795 3 1
60796 2 1
608 3 1
60800 2 1
60801 3 1
60807 2 1
60809 2 1
60811 3 1
60814 2 1
60815 2 1
60816 3 1
60818 2 1
60818 3 2
60819 2 2
60820 2 1
60820 3 1
60823 3 1
60825 3 1
60826 2 1
60827 2 1
60897 3 1
60919 3 1
60937 2 2
60938 2 1
60939 3 1
60941 2 1
60942 2 2
60942 3 1
60943 3 1
60954 2 1
60960 2 1
60961 2 1
60962 2 1
60965 2 1
60966 2 1
60967 3 1
60970 3 1
60971 2 1
60972 3 2
60974 3 1
60977 2 1
60983 2 1
60984 3 1
60988 2 1
60989 3 1
60991 3 1
60992 2 1
60993 2 1
60994 2 1
60995 3 2
60998 3 1
610 2 1
610 3 1
61008 2 1
61009 2 1
6101 2 1
61010 2 2
61011 3 1
61013 2 1
61017 3 1
61019 3 1
61021 3 1
61023 2 1
61023 3 1
61024 2 1
61025 3 2
61028 3 1
61030 3 1
61032 3 1
61033 2 1
61034 2 1
61037 2 1
61038 3 1
61051 2 1
61057 2 1
61061 2 1
61062 2 1
61063 2 1
61064 3 1
61070 2 1
61071 3 1
61078 3 1
61080 2 2
61080 3 1
61081 2 1
61082 2 1
61085 2 1
61086 3 1
61088 2 1
61089 2 2
61089 3 1
61090 2 1
61091 2 1
61096 2 1
61097 3 1
61100 2 1
61100 3 1
61101 2 1
61101 3 2
61102 2 1
61102 3 2
61105 2 2
61105 3 1
61106 3 1
61114 2 1
61118 2 1
61121 2 2
61122 3 1
61124 2 1
61124 3 1
61132 2 1
61136 3 1
61141 3 1
61146 2 1
61147 2 1
61148 3 1
61152 2 1
6119 2 1
61224 2 1
61225 3 1
61230 3 1
61235 2 1
61235 3 1
6124 2 1
6125 3 1
61261 3 1
61267 3 1
61269 3 1
61272 2 1
61272 3 2
6128 2 1
6129 2 1
61297 3 1
61299 2 1
61299 3 1
61302 2 1
61302 3 1
61303 2 1
61303 3 2
61304 2 2
61305 2 1
61305 3 1
61307 3 1
61310 2 1
61310 3 1
61311 3 2
61312 3 1
61314 2 1
61315 2 1
61316 3 1
61319 2 2
61319 3 1
6132 2 1
6132 3 1
61320 2 1
61320 3 1
61325 2 1
61325 3 1
61326 2 1
61327 2 1
6133 3 2
61338 3 1
61341 2 1
61341 3 2
61342 3 1
61344 3 1
61345 2 1
61347 2 2
61348 2 1
61348 3 1
61351 2 1
61355 2 1
61355 3 1
61356 2 1
61357 2 2
61357 3 1
61358 3 1
6136 3 1
61361 2 1
61372 2 1
61373 2 1
61377 2 1
61378 3 1
61382 3 1
61384 3 1
61386 3 1
6139 2 1
61406 2 1
61407 2 2
61407 3 1
61408 2 1
6141 3 1
61416 3 1
61419 3 1
61422 3 1
6143 2 1
6143 3 1
61430 2 1
61431 2 1
61431 3 2
61432 3 1
61435 2 1
61436 2 2
61437 2 1
61437 3 1
61438 3 2
6144 3 1
61445 3 1
61446 2 1
61447 3 1
61449 3 1
61451 2 2
61451 3 1
61457 2 1
61457 3 1
61458 2 1
6146 2 1
61464 3 1
61465 2 1
61465 3 2
6147 3 1
61472 2 1
61474 2 1
61475 3 1
61478 3 1
61490 2 1
61491 3 1
615 2 1
6152 3 1
61520 3 1
61527 3 1
6154 3 1
61555 2 1
6156 2 1
61565 3 1
61591 3 1
61599 2 1
616 3 1
61600 2 1
61601 2 1
61602 3 1
6161 2 1
6161 3 1
61613 3 1
61614 2 1
61616 2 1
61618 3 1
6162 3 2
61622 2 1
61622 3 1
61623 2 1
61624 2 1
61625 2 1
61626 2 2
61626 3 1
61627 2 1
61628 2 1
61632 2 1
61633 3 1
61635 3 1
61637 3 1
61641 2 1
61646 3 1
61649 2 1
6165 3 1
61655 3 1
6166 2 1
61663 2 1
61663 3 1
6167 2 1
61674 3 1
61676 3 1
61677 2 1
6168 2 2
61682 3 1
61687 2 1
61687 3 2
61688 2 2
61689 2 1
61689 3 1
6169 3 1
61690 3 2
61691 3 1
61693 2 1
61693 3 1
61694 2 1
61700 3 1
61702 3 1
61704 3 1
61706 3 1
61708 3 1
61712 3 1
61714 3 1
61716 2 1
61727 2 1
61728 2 1
61732 2 1
61743 2 1
61743 3 1
61744 2 1
61744 3 2
61745 2 1
61745 3 2
61748 2 1
61748 3 1
61751 2 1
61751 3 1
61757 2 1
61758 2 1
61759 3 1
61761 2 1
61761 3 1
61767 2 1
61773 3 1
61775 3 1
61777 2 1
61777 3 2
61778 2 1
61781 2 1
61784 2 1
61785 2 1
61792 2 1
61793 2 2
61793 3 1
61794 2 1
61795 3 1
61798 3 1
61799 2 1
618 2 1
618 3 1
61800 2 1
61802 3 1
61805 2 1
61805 3 2
61806 3 1
61808 3 1
6181 2 1
6181 3 1
61812 2 1
61813 3 1
6182 2 1
6182 3 2
61821 2 1
6183 2 2
6184 3 1
61852 3 1
61857 2 1
61858 2 1
61859 2 1
6187 3 1
61881 2 1
61882 2 1
61887 2 1
61888 2 1
61893 2 1
61894 2 1
61897 3 1
619 2 1
619 3 2
61905 2 1
61905 3 1
61906 3 1
6191 2 1
6191 3 1
61920 2 1
6193 3 1
61932 3 1
61941 2 1
61942 2 2
61942 3 1
61943 3 1
61948 2 1
61950 2 1
61956 3 1
61963 2 2
61963 3 1
61964 2 1
61964 3 1
61967 2 1
61968 3 1
61976 2 1
61977 2 1
61978 3 1
6198 3 1
61981 3 1
61982 2 1
61983 2 1
61983 3 2
61984 2 2
61984 3 1
61985 2 1
61986 2 1
61987 2 1
61988 2 1
61989 2 1
61990 3 1
61996 2 1
620 2 1
620 3 2
62002 2 1
62006 3 1
62010 2 1
62010 3 1
62011 2 2
62011 3 1
62012 2 1
62015 2 1
62016 2 1
62017 3 1
6202 3 1
62020 2 1
62023 3 1
62032 2 1
62033 2 1
62034 3 2
62036 2 2
62036 3 1
62037 2 1
62037 3 1
6204 2 1
62041 2 1
62041 3 1
62042 2 2
62043 2 1
62043 3 1
62044 3 2
62047 3 1
6205 2 2
6205 3 1
6206 2 1
62066 3 1
62068 2 1
6207 3 1
62070 3 1
62073 2 1
62074 2 1
62075 3 1
62077 2 1
62077 3 1
62078 3 2
62081 3 1
62083 2 1
62083 3 1
62084 2 1
62087 3 1
62098 3 1
621 2 1
621 3 2
62100 3 1
62103 2 1
62103 3 2
62104 2 2
62104 3 1
62105 2 1
62106 2 1
62107 3 1
62119 2 1
62119 3 1
62125 2 2
62125 3 1
62126 2 1
62126 3 1
62127 2 1
62128 3 2
62133 2 1
62134 2 1
62135 2 1
62143 2 1
62181 2 1
62181 3 1
62195 2 1
622 2 1
6220 3 1
6221 2 1
6221 3 2
6222 3 1
62226 2 1
62226 3 1
62235 2 2
62235 3 1
62236 2 1
6224 2 1
62258 3 1
62263 2 1
62272 2 1
62272 3 2
62281 3 1
62282 2 1
62283 2 1
62284 3 1
62286 2 1
62287 3 1
6229 3 1
62291 2 1
62291 3 1
62292 2 2
62292 3 1
62293 2 1
62298 3 1
623 3 1
62303 2 1
62303 3 1
62304 2 1
62305 3 1
62308 3 1
6231 2 1
62311 2 1
62313 3 1
6232 2 1
62322 2 1
62324 3 1
62327 3 1
62330 3 2
62331 3 1
62336 3 1
62339 2 1
62339 3 1
62340 2 2
62341 3 1
62347 3 1
62353 2 1
62354 2 1
62355 2 1
6236 2 1
62360 2 1
62361 3 1
62364 2 1
62364 3 1
62365 2 2
62365 3 1
62366 2 1
62367 3 2
62371 3 1
62374 2 1
62375 2 1
62376 2 2
62376 3 1
62377 2 1
6238 2 1
62380 3 1
62382 3 1
6239 2 2
6239 3 1
62394 2 1
62395 2 2
62395 3 1
62396 2 1
62398 3 1
6240 2 1
62400 2 1
62401 2 1
62402 3 1
62405 3 1
62407 2 1
62407 3 2
62408 2 1
62408 3 2
62409 3 1
62411 2 1
62418 2 1
6242 3 1
62422 2 1
62423 2 1
62424 2 1
62425 3 1
62428 3 1
62431 2 1
62432 2 1
62433 2 1
62434 3 2
62438 2 1
62439 2 1
62440 2 1
62441 3 1
62448 2 1
6245 2 1
62451 3 1
62453 2 1
62454 2 2
62454 3 1
62455 2 1
62458 2 1
62458 3 1
62459 3 1
6246 3 1
62486 2 1
62487 3 1
625 2 1
625 3 1
6250 3 1
62550 2 1
62550 3 1
62556 3 1
62558 2 1
62559 3 1
62564 2 1
62564 3 1
62582 3 1
62588 3 1
6259 3 1
62590 2 1
62590 3 1
626 2 1
626 3 2
62601 2 1
62602 3 1
62607 2 1
62608 3 1
62611 3 1
62614 2 1
62615 3 1
62618 2 1
62619 2 1
62620 2 2
62620 3 1
62621 2 2
62621 3 1
62622 3 1
62626 2 1
62626 3 1
62627 2 1
62630 3 1
62631 2 1
62632 2 1
62633 3 2
62635 2 1
62636 3 1
62638 3 1
6264 3 1
62654 3 1
62656 2 1
62656 3 1
6266 2 1
62660 2 1
62660 3 1
62666 2 1
62667 2 1
6267 3 1
62671 2 1
62672 2 1
62676 2 1
62679 3 1
62680 2 1
62681 3 1
62691 2 1
62691 3 2
62692 2 1
62693 2 1
62694 2 2
62695 3 1
62697 2 1
62697 3 1
62698 3 1
627 2 1
627 3 2
62701 2 2
62701 3 1
62702 2 1
62702 3 1
62704 3 1
62706 3 1
62708 3 1
62709 2 1
62709 3 2
62710 2 2
62711 2 1
62711 3 1
62721 3 1
62728 3 1
62735 2 2
62736 2 1
62736 3 1
62737 2 1
62738 2 1
62739 3 2
62745 2 1
62746 2 1
62748 3 1
6275 2 1
6275 3 1
62764 2 1
62764 3 1
62765 3 1
62775 2 1
62781 3 1
62784 3 1
62787 2 1
62787 3 1
62788 2 2
62789 3 1
62792 3 1
62793 2 1
62794 3 1
628 3 1
62817 3 1
6283 2 1
6284 2 2
6284 3 1
6285 2 1
62880 3 1
62884 3 1
62886 2 1
62887 2 1
62892 3 1
62894 3 1
62904 2 1
62918 2 1
62919 2 2
62919 3 1
6292 2 1
6292 3 2
62923 3 1
6293 2 2
6293 3 1
62934 2 1
6294 2 1
62945 3 1
6295 3 1
62950 2 1
62950 3 2
62951 2 2
62952 3 1
62954 2 1
62954 3 1
62955 2 2
62955 3 1
62956 3 1
62959 2 1
62959 3 1
62960 3 2
62963 2 1
62963 3 1
62964 3 1
62966 3 1
62988 2 1
62992 2 1
62992 3 1
62994 2 1
62994 3 2
62995 3 1
630 2 1
630 3 1
63004 3 1
63006 3 1
63008 2 1
63008 3 1
63012 2 1
63013 3 1
63015 2 1
63015 3 1
63016 2 1
63017 2 1
63018 3 1
63020 2 1
63020 3 1
63021 3 1
63025 2 1
63026 2 2
63026 3 1
63027 2 2
63027 3 1
63028 3 1
63031 2 2
63031 3 1
63032 3 1
63034 2 1
63038 2 1
63039 3 1
6304 2 1
63041 3 1
63044 3 1
63047 3 1
63049 3 1
6305 2 2
6305 3 1
63051 3 1
63061 2 1
63061 3 1
63065 2 1
63066 3 2
63069 2 1
63069 3 1
6307 2 1
63070 2 1
63073 3 1
63075 3 1
63078 2 1
63079 2 1
6308 2 1
63080 2 2
63080 3 1
63085 3 1
63088 2 1
63089 2 1
63091 2 1
63092 3 1
63094 2 2
63094 3 1
63095 3 1
631 2 1
631 3 2
63105 3 1
63107 3 1
63108 2 1
63109 3 1
63111 3 1
63114 2 1
63115 3 1
63117 3 1
63119 2 1
63120 3 1
63122 3 1
63124 2 1
63124 3 2
63125 3 1
63146 3 1
6316 2 1
6316 3 2
6317 3 1
63183 2 1
632 2 1
632 3 2
63205 3 1
63208 3 1
6321 3 1
63210 2 1
63213 2 1
63224 2 1
63237 2 1
63237 3 1
6324 3 1
63240 3 1
63249 2 1
6325 2 1
63251 3 1
63252 2 1
63253 3 2
63271 2 1
63272 2 1
63273 3 1
63275 3 1
63277 3 1
63278 2 1
63279 2 1
63279 3 2
63280 3 1
63283 2 1
63284 2 2
63285 2 2
63285 3 1
63286 3 1
63289 2 1
6329 3 1
63290 2 1
63291 2 1
63292 2 1
63293 2 2
63294 3 1
63297 3 1
633 3 1
6331 2 1
63311 3 1
63318 2 2
63319 3 1
63320 2 1
63321 2 1
63324 2 1
63324 3 1
63325 2 2
63326 2 1
63326 3 1
63329 2 1
63329 3 2
63330 2 1
63330 3 2
63331 3 1
63333 2 1
63333 3 1
63342 2 2
63343 2 1
63344 2 1
63345 3 2
63348 3 1
63350 2 2
63350 3 1
63351 2 1
63352 3 1
63356 2 1
63357 2 2
63358 3 1
63361 2 2
63361 3 1
63362 3 1
63365 3 1
63366 2 1
63367 3 1
63374 3 1
63377 3 1
63379 3 1
63388 3 1
63390 2 1
63390 3 1
63391 3 2
63396 2 1
63396 3 1
63397 2 1
63401 3 1
63402 2 1
63403 3 2
63405 3 1
63410 2 1
63412 2 1
63413 3 1
63415 2 1
63417 3 1
63422 2 1
63422 3 2
63423 2 1
63423 3 2
63424 2 2
63424 3 2
63425 3 1
63430 2 1
63435 2 1
63436 2 2
63436 3 1
63437 3 1
63439 3 1
63441 3 1
63450 2 1
63451 2 2
63451 3 1
63453 2 1
63454 2 1
63476 2 1
63493 3 1
6350 2 1
6351 2 1
6352 2 2
6352 3 1
6353 2 1
63534 2 1
63534 3 1
63538 3 1
63548 2 1
63548 3 1
6356 3 1
63581 3 1
63583 2 1
63583 3 1
6360 3 1
63600 3 2
63601 3 1
63609 2 1
63609 3 1
63615 2 1
63615 3 2
63616 2 2
63617 2 1
63617 3 1
63618 3 1
6362 3 1
63626 2 1
6364 3 1
63640 2 1
63640 3 1
63648 2 1
63653 2 1
63653 3 1
63659 2 1
63660 2 1
63661 2 2
63662 2 1
63662 3 1
63666 3 1
63667 3 2
63668 2 1
63669 3 1
6367 3 1
63675 2 1
63675 3 1
63677 2 1
63678 2 2
63679 2 1
63679 3 1
63680 3 2
63683 2 1
63684 2 1
63685 3 1
63688 3 1
63691 2 2
63691 3 1
63692 2 1
63692 3 2
63693 3 1
63695 3 1
63697 2 1
63698 2 1
6370 2 1
63701 2 1
63702 3 1
63704 2 1
63705 3 1
63707 3 1
63709 2 1
6371 3 1
63717 2 2
63717 3 1
63718 3 1
63720 2 1
63721 2 1
63722 3 1
63724 2 1
63724 3 1
63733 2 1
63733 3 1
63734 2 2
63734 3 1
63735 2 1
63736 3 1
63743 2 1
63744 3 1
63747 2 1
63748 2 1
63748 3 2
63749 3 1
63751 2 1
63751 3 1
63752 2 1
63753 2 1
63754 2 1
63757 2 2
63757 3 1
63758 3 1
63760 3 1
63762 3 1
63763 2 1
63764 3 1
63766 2 1
63766 3 2
63770 2 1
63774 2 1
63774 3 1
63777 3 1
63781 2 1
63783 3 1
638 2 1
638 3 1
63863 2 1
63863 3 1
6387 2 1
6388 3 1
639 2 1
639 3 2
63908 2 1
63908 3 1
63909 2 1
63910 2 1
63921 2 1
63922 3 1
63924 2 1
63924 3 1
63930 2 1
63930 3 1
63931 2 2
63932 2 1
63932 3 1
63937 2 1
63942 3 1
63943 2 1
63944 2 1
63945 3 1
63947 2 2
63947 3 1
63948 2 1
63949 2 1
63950 2 1
63969 2 1
63981 2 1
63981 3 1
63986 3 1
63989 3 1
63992 3 1
63996 2 1
63997 3 1
63999 3 1
6400 2 1
64001 3 1
64002 2 1
64002 3 2
64003 3 1
64009 2 1
6401 3 1
64010 2 1
64011 2 2
64011 3 1
64012 2 1
64016 2 1
64017 2 1
64021 2 1
64022 2 1
64025 3 1
64032 2 1
64032 3 2
64033 3 1
64035 2 1
64036 2 1
64037 3 2
64040 3 1
64047 2 1
64061 2 1
64062 2 1
64063 2 2
64064 3 1
64067 2 1
64068 2 1
64069 2 1
64070 2 1
64071 2 1
64071 3 2
64072 3 1
64074 2 1
64074 3 2
64075 3 1
64078 2 1
64078 3 1
64079 2 2
64080 2 1
64080 3 1
64081 3 2
64087 2 2
64087 3 1
64088 3 1
64095 2 1
64096 3 1
64098 2 1
64098 3 1
641 2 1
64100 3 1
64106 2 1
64113 2 1
64148 2 1
64148 3 1
64149 2 1
64150 3 1
64154 3 1
64155 3 2
64177 2 1
64178 2 1
64179 2 1
64180 3 1
64191 3 1
64193 3 1
642 2 1
64208 2 1
64209 2 1
64210 2 1
64217 3 1
64226 3 2
64238 3 1
64242 3 1
64250 3 1
64252 2 1
64253 2 2
64253 3 1
64254 3 1
64260 3 1
64268 3 1
64269 2 1
64270 3 1
64272 3 1
64275 2 2
64275 3 1
64276 2 1
64276 3 1
64282 3 1
64283 3 2
64288 2 1
64289 2 1
643 3 1
64301 2 1
64301 3 1
64306 2 1
64307 2 1
64308 2 1
64309 2 1
64313 2 1
64319 2 1
64320 3 1
64324 2 1
64325 3 1
64327 3 1
64329 3 1
64331 2 1
64337 2 1
64338 3 1
64341 2 1
64343 2 1
64346 3 1
64355 2 1
64356 3 1
64359 2 1
64359 3 1
64360 2 1
64361 2 1
64362 2 1
64363 3 2
64367 2 1
64367 3 1
64368 2 1
64369 2 1
64381 2 1
64381 3 1
64390 3 1
64394 2 1
64401 2 1
64401 3 1
64402 2 2
64403 2 1
64403 3 1
64408 3 1
64411 2 1
64412 3 1
64417 2 1
64418 3 2
64422 2 1
64423 2 1
64430 3 1
64433 2 1
64433 3 1
64435 3 1
6445 2 1
6446 3 2
6447 3 1
64477 2 1
64480 3 1
64482 2 1
64482 3 1
64483 2 2
64483 3 1
64484 2 1
64485 3 1
64487 2 1
64488 3 1
64491 3 1
64511 2 1
6452 2 1
6452 3 2
6453 3 1
6455 2 2
6455 3 1
64554 2 1
64555 2 1
64556 3 1
6456 2 1
6456 3 1
64568 2 1
64569 2 1
6457 3 1
64570 3 1
64572 3 1
64580 2 1
64581 3 1
64583 2 1
64588 2 1
64589 2 2
64589 3 1
64590 2 1
64593 3 1
64595 3 1
64597 2 1
646 2 1
646 3 1
64600 3 1
64602 2 1
64605 2 1
64606 3 2
64608 2 1
64608 3 1
64609 2 1
64610 2 1
64611 2 2
64611 3 1
64612 2 1
64613 3 1
64615 3 1
6462 2 1
64623 3 1
6463 2 1
6464 3 1
64640 3 1
64644 3 1
64646 2 1
64647 3 1
64658 2 1
6466 2 2
6466 3 1
64662 3 1
64663 2 1
64664 2 2
64664 3 1
64668 3 1
6467 3 1
64674 3 1
64675 2 1
64676 3 2
64686 2 1
64687 2 1
64688 2 1
6469 3 1
64693 2 1
64693 3 1
64694 2 1
64695 2 1
647 2 1
647 3 2
64707 2 1
64707 3 1
64708 2 1
64709 2 1
64710 2 1
64719 2 1
6472 2 1
64727 2 1
64728 2 1
64729 3 1
6473 2 2
64731 3 1
64735 2 1
64736 3 1
64738 2 2
64738 3 1
64739 2 1
64739 3 1
6474 3 1
64748 2 1
64748 3 1
64749 2 1
64758 2 1
64759 2 2
64759 3 1
64760 2 1
64761 3 1
64763 3 1
64765 3 1
64767 2 1
64767 3 1
64768 2 1
6477 3 1
64771 2 1
64772 3 1
64774 2 1
64774 3 1
6479 2 1
6479 3 1
6481 2 1
64810 2 1
64810 3 2
64811 2 1
64812 2 2
64813 3 1
64815 2 1
64816 3 1
64818 2 1
64819 2 1
6482 3 2
6484 3 1
64843 3 1
64844 2 1
64845 2 1
64864 2 1
64868 2 1
64871 2 1
64911 3 1
64916 3 1
64921 3 1
64922 2 1
64925 2 1
64927 3 1
64930 2 1
64931 3 1
64936 2 1
64936 3 1
64937 2 1
64941 3 1
64943 2 2
64943 3 1
64944 2 1
64944 3 1
64952 2 1
64970 2 1
64970 3 2
64972 3 1
64974 3 1
64977 3 1
64979 2 1
64979 3 1
64980 3 2
6499 2 1
6499 3 2
64990 2 1
64990 3 1
64991 2 1
64991 3 2
64994 2 1
64994 3 2
64996 2 1
64997 2 2
64997 3 1
64998 2 1
64999 3 1
6500 2 1
65003 2 1
65003 3 1
65006 2 1
65006 3 1
65007 2 1
65007 3 2
65008 3 1
6501 2 1
65011 2 1
65011 3 1
65013 2 1
65014 2 1
65015 3 1
65020 2 1
65020 3 1
65021 2 1
65021 3 2
65022 2 1
65022 3 2
65026 3 1
65027 2 1
65029 2 1
6503 3 1
65030 2 1
65033 2 1
65035 3 1
65037 3 1
65053 2 1
65053 3 1
65056 3 1
65059 2 1
65059 3 2
65060 2 2
65060 3 1
65061 2 1
65062 2 1
65064 3 1
65066 2 1
65066 3 2
65067 2 2
65067 3 1
65068 2 1
65075 2 1
65076 2 1
65077 2 2
65077 3 1
65078 3 1
65081 3 1
65082 2 1
65083 3 1
65091 2 1
65092 2 1
65095 2 2
65095 3 1
65096 2 1
65096 3 1
65099 3 1
65103 2 1
6511 2 1
6512 3 1
65138 2 1
65138 3 1
65139 2 1
6514 2 1
65140 3 1
65143 2 1
65144 3 1
65146 3 1
6515 3 1
65153 3 1
65158 2 1
65159 3 1
65162 2 1
65162 3 1
65173 2 1
6518 2 1
65182 3 1
6519 2 1
652 2 1
65204 3 1
65206 3 1
65227 3 1
6524 2 1
65241 3 1
65245 2 1
65245 3 1
65248 3 1
65249 2 1
6525 2 1
65250 2 2
65250 3 1
65251 3 1
65257 2 1
65258 3 1
65266 3 1
65273 2 1
65276 2 1
65276 3 1
65294 2 1
65294 3 1
65299 2 1
653 3 1
6530 2 1
6530 3 1
65300 3 1
65302 2 1
65307 2 1
65308 2 2
65308 3 1
65309 2 1
6531 2 2
6531 3 1
65310 3 1
65313 3 1
65318 3 1
6532 2 1
65320 2 1
65321 3 1
65323 2 1
65323 3 1
65324 3 1
65327 3 1
65330 2 1
65331 2 1
65332 2 1
65336 2 1
65337 2 2
65337 3 1
65338 3 1
65341 2 2
65341 3 1
65342 2 1
65345 2 1
65346 3 1
65348 2 1
65348 3 1
65349 2 2
65349 3 1
65350 2 1
65351 2 1
65352 3 1
65355 2 1
65355 3 1
65356 3 2
65361 3 1
65363 3 1
65365 3 1
65367 2 1
65368 3 1
6537 3 1
65373 2 1
65373 3 1
65375 3 1
65379 2 1
65380 3 1
65385 2 1
65388 2 1
65388 3 1
65389 2 1
6539 3 1
65390 3 2
65405 3 1
65407 2 1
65408 2 2
65409 2 1
65409 3 1
65410 2 1
65411 3 2
65419 2 1
65420 3 1
65425 2 1
65429 3 1
65431 3 1
65436 3 1
65437 2 1
65467 2 1
65467 3 1
65470 2 1
65471 3 1
65475 2 1
65479 2 1
65479 3 1
65481 2 1
65489 2 2
65489 3 1
65490 2 1
65490 3 1
65491 2 1
6550 2 1
65500 3 1
65501 2 1
65505 2 1
65505 3 1
65507 2 1
65508 2 1
65508 3 2
65511 2 1
65511 3 1
65521 2 1
65522 3 1
65529 3 1
65531 2 1
65532 3 1
65545 3 1
6555 3 1
65557 3 1
6557 3 1
65571 2 1
65572 2 1
65572 3 2
65573 3 1
65575 3 1
65578 3 1
65580 2 1
65581 2 2
65582 2 1
65582 3 1
65583 2 1
65584 3 1
65588 3 1
6559 3 1
65590 3 1
656 2 1
656 3 1
65605 2 1
65605 3 1
65612 2 1
65613 3 1
65630 3 1
65633 3 1
65635 2 1
65636 3 1
65638 3 1
65640 2 1
65647 2 1
65651 3 1
65653 2 2
65653 3 1
65654 2 1
65655 2 1
65656 2 1
65667 2 2
65667 3 1
65668 3 1
65671 2 2
65671 3 1
65672 3 1
65673 2 1
65674 3 1
65676 2 1
65677 2 1
65678 2 2
65679 3 1
65682 2 1
65683 3 1
65685 2 1
65685 3 2
65686 2 1
65687 2 2
65687 3 1
6569 3 1
65691 3 1
65693 2 1
65693 3 2
65694 2 1
65698 2 1
65698 3 2
65699 2 1
657 2 1
65702 2 1
65705 2 1
65706 2 2
65706 3 1
65710 2 2
65710 3 1
65711 2 1
65711 3 1
65712 2 1
65713 3 2
65714 3 1
65718 3 1
65720 2 1
65720 3 1
65721 2 1
65722 2 1
65727 2 1
65728 3 1
6573 2 1
65735 2 1
65736 3 1
65739 3 1
6574 3 1
65741 2 1
65741 3 1
65750 2 1
65751 3 1
65753 2 1
65753 3 1
65754 3 1
65759 3 1
6576 2 1
6576 3 2
65761 2 1
65763 3 1
65766 2 1
65768 3 1
6577 2 1
6577 3 2
6578 3 1
65795 2 1
658 3 1
6580 2 1
65801 2 1
65805 3 1
65808 2 1
65808 3 1
65809 3 2
6581 3 1
65812 3 1
65813 2 1
65814 3 1
65816 2 1
65816 3 1
65817 2 1
65818 2 2
65818 3 1
65819 2 1
65820 3 2
65824 3 1
65826 3 1
65830 3 1
65836 2 1
65840 3 1
65843 2 1
65849 2 1
65850 3 1
65852 2 2
65852 3 1
65853 2 1
65853 3 1
65859 2 1
65867 3 1
65874 2 1
65881 3 1
65899 2 1
65900 3 1
65902 2 1
65902 3 1
65905 2 1
65906 2 1
65912 3 1
65914 2 1
65915 2 1
65915 3 2
65916 3 1
65918 3 1
65920 2 1
65927 2 1
65928 2 1
65934 2 1
65934 3 1
65938 2 1
65938 3 1
65943 3 1
65945 3 1
65946 2 1
65951 3 1
65954 3 2
65955 3 1
65959 2 1
65963 2 1
65963 3 2
65965 2 2
65965 3 1
6597 2 1
6597 3 2
65971 3 1
65973 3 1
6598 3 1
65989 3 1
65990 2 1
65991 3 1
65997 2 2
65997 3 1
65998 3 1
66001 2 1
66004 2 1
66005 3 1
66009 2 1
66009 3 2
6601 2 1
6601 3 1
66010 2 1
66011 3 1
66013 2 1
66014 2 1
66014 3 2
66015 3 1
66017 2 1
66019 3 1
6602 2 1
6602 3 2
66022 2 1
66023 3 1
66026 2 1
66026 3 1
66027 2 1
66028 3 1
6603 2 1
6603 3 2
66030 3 1
66032 3 1
66036 2 1
66036 3 2
66038 3 1
6604 2 1
66040 2 1
66041 3 2
66043 2 1
66043 3 1
66044 2 2
66045 2 1
66045 3 1
66046 2 1
66050 3 1
66053 3 1
66055 3 2
66056 3 1
66058 3 1
66060 2 1
66060 3 1
66062 2 1
66063 2 1
66064 3 1
66077 3 1
6608 3 1
66081 2 1
66082 2 1
66083 2 2
66087 2 1
66088 2 1
6609 2 1
66093 2 1
66093 3 2
66094 2 1
66094 3 2
66095 3 1
66097 3 1
661 2 1
66132 3 1
66133 3 2
66134 2 1
66138 2 1
66141 2 1
66144 2 1
66150 2 1
66150 3 1
66151 2 1
66152 2 1
66153 2 2
66153 3 1
66154 3 1
66159 2 1
66160 2 2
66161 2 1
66161 3 1
66168 3 1
66170 2 1
66180 3 1
66182 2 1
66193 2 1
6620 2 1
6621 2 1
6622 2 1
66220 3 1
66222 3 1
66237 3 1
66238 2 1
66239 2 1
66240 3 1
66242 2 1
66242 3 2
66243 3 1
66245 2 1
66245 3 1
66246 2 2
66247 2 1
66247 3 1
66248 3 2
6625 2 1
66252 3 1
6626 2 1
6626 3 2
6627 3 1
66270 2 1
66271 3 1
66273 2 1
66274 2 2
66274 3 1
66275 2 1
66281 3 1
66284 2 1
66284 3 1
6629 2 1
6629 3 1
66292 2 1
66292 3 1
66293 3 1
66295 2 1
66298 2 1
66299 3 1
66301 3 1
66303 2 1
66308 2 1
66309 2 1
66310 2 1
66313 2 1
66314 2 1
66315 3 1
66317 2 1
66317 3 1
6632 3 1
66321 3 1
66323 2 1
66323 3 1
66324 2 1
66325 2 1
66326 2 1
66327 2 2
66328 3 1
66335 2 1
66336 2 1
66338 2 1
66339 3 1
66341 2 1
66342 3 1
66344 2 1
66344 3 1
6635 2 1
6635 3 2
66350 2 1
66355 2 1
66355 3 1
66358 2 1
66359 2 1
66360 3 2
66362 2 1
66363 2 1
66365 2 1
66366 3 1
66368 2 1
66369 3 1
6637 3 1
66371 2 1
66371 3 1
66372 2 1
66372 3 2
66375 3 1
66377 3 1
66379 2 1
66380 2 2
66381 2 1
66381 3 1
66382 2 1
66382 3 2
66383 3 2
66385 2 1
66385 3 1
66388 3 1
66390 3 1
66394 2 1
66399 2 1
66400 2 1
66402 3 1
66406 2 1
6641 2 1
6641 3 1
66414 3 1
66417 3 1
66422 2 1
66422 3 1
66423 2 1
66424 2 1
66427 3 1
66455 2 1
66457 3 1
66459 2 1
66459 3 1
66460 3 1
66462 2 1
66463 3 1
66469 3 1
66471 3 1
66479 2 1
66483 2 1
66483 3 2
66486 3 1
66489 3 1
66491 3 1
665 3 1
6651 3 1
66510 2 1
66511 3 1
66514 3 1
66518 2 1
66519 3 1
66521 2 1
6653 2 1
6653 3 1
6654 3 2
66550 2 1
66551 2 1
66559 3 1
66565 2 1
66566 2 1
66567 3 2
6657 2 1
6657 3 1
66575 3 1
66577 2 1
66577 3 2
66578 2 1
6658 2 1
66582 3 1
66599 3 1
66601 3 1
66604 3 1
66606 3 1
66614 3 1
66619 2 1
66620 3 1
66622 2 2
66622 3 1
66623 2 1
66624 3 1
66629 2 1
66629 3 2
66630 2 2
66630 3 1
66631 2 1
66632 3 1
66636 3 1
66638 3 1
6665 2 1
6665 3 1
66651 2 1
66658 3 1
6666 2 1
66661 2 1
66661 3 1
66662 2 1
66662 3 2
66663 2 1
66664 3 1
66668 2 2
66669 2 1
66670 3 1
66672 2 1
66678 2 1
66678 3 1
6668 3 1
66680 3 1
66682 3 1
66683 2 1
66690 2 1
66690 3 1
66691 3 1
66699 2 1
66699 3 2
667 3 1
66700 2 2
66700 3 1
66701 2 1
66702 3 1
66705 2 1
66705 3 2
66706 2 2
66706 3 1
66707 2 1
66709 3 1
6671 2 1
66711 2 1
66712 2 1
66713 2 1
66718 3 1
6672 2 1
66721 2 1
66722 2 1
66723 3 1
66729 3 1
66732 2 1
66739 2 1
66739 3 1
66740 3 1
66743 2 1
66743 3 1
66748 2 1
66749 3 1
66751 2 1
66751 3 1
66756 2 1
66759 2 1
66759 3 1
66788 2 1
66789 2 2
66790 3 1
66802 2 1
66803 3 1
66811 2 1
66811 3 1
66812 2 1
66813 3 1
66819 2 1
6682 3 1
66820 2 1
66821 3 2
66831 3 1
66839 3 1
6684 3 1
66841 3 1
66849 3 1
6685 2 1
66864 3 1
66866 3 1
66878 2 1
66879 3 1
6688 2 1
6688 3 1
66887 2 1
66887 3 1
66897 2 1
66897 3 1
66898 2 1
66899 2 1
669 2 1
669 3 1
66906 2 1
66907 3 1
6692 3 1
66920 2 1
66921 3 1
66928 2 1
66931 3 1
66936 3 1
6694 2 1
6695 3 1
66952 3 1
66958 2 1
66959 2 1
66960 3 2
66963 2 1
66965 2 1
66968 2 1
66969 2 1
6697 3 1
66970 2 1
66970 3 2
66971 3 1
66974 2 1
66974 3 1
66982 3 1
66983 2 1
66987 2 1
66991 2 1
66992 3 1
66994 2 1
66995 2 1
66996 2 2
66996 3 1
670 2 2
670 3 1
67000 2 1
67001 3 1
67003 3 1
67005 2 1
67006 2 1
67007 2 1
6701 2 1
6701 3 2
67010 2 1
67017 2 1
67017 3 1
67018 2 1
67019 2 2
67019 3 1
6702 3 1
67020 2 2
67020 3 1
67021 3 1
67023 2 1
67023 3 1
67028 2 1
67028 3 1
67029 2 1
67029 3 2
67030 3 2
67039 3 1
67044 3 1
67045 2 1
67046 3 1
67058 2 1
67065 3 1
67066 2 1
67067 3 1
67069 2 2
67069 3 1
67070 2 1
67081 3 1
67083 3 1
67084 2 1
67093 2 1
67094 3 1
671 2 1
67115 2 1
67116 2 1
67117 3 2
67118 3 1
67122 2 1
67129 2 1
67130 2 1
67132 2 2
67132 3 1
67136 3 1
67151 2 1
67151 3 1
6716 2 1
6716 3 1
67161 3 1
67169 2 1
67170 2 1
67179 2 1
67180 3 1
672 3 1
67209 2 1
67210 2 1
67211 3 1
67214 2 1
67214 3 1
67215 2 1
67216 2 1
67217 2 2
67225 2 1
67231 3 1
67236 2 2
67236 3 1
67237 2 1
67238 2 1
67266 3 1
67277 2 1
67278 3 1
67281 2 1
67290 2 1
67290 3 1
67300 2 1
67300 3 1
67301 2 2
67302 2 1
67302 3 1
67303 2 1
67304 3 2
67306 3 1
6731 3 1
67312 3 1
67314 3 1
67317 3 1
67322 3 1
67326 2 1
67326 3 2
67328 3 1
67331 3 1
67333 2 1
67333 3 2
67335 3 1
67341 3 1
67342 2 1
67343 2 1
67345 3 1
67347 3 1
67349 2 1
67350 2 2
67351 3 1
67353 3 1
67358 2 1
67358 3 2
67359 2 1
67360 2 1
67361 2 2
67361 3 1
67362 3 1
67366 2 1
67367 3 1
67370 2 1
67371 3 1
67373 2 1
67373 3 1
67377 2 1
67383 3 1
67393 3 1
67394 2 1
67395 3 2
67401 3 1
67406 2 1
67408 3 1
67409 2 1
67410 2 1
67413 2 1
67422 3 1
67424 2 1
67424 3 2
67425 3 1
67443 3 1
67447 2 1
67447 3 1
67448 2 2
67449 2 1
67449 3 1
67451 3 2
67452 3 1
67454 3 1
67456 3 1
67462 2 1
67465 2 1
67468 3 1
67476 2 1
67477 2 1
67478 3 1
675 3 1
67522 2 1
67527 3 1
67535 3 1
67537 3 1
67541 2 1
67541 3 2
67542 2 1
67556 3 1
67557 2 1
67558 2 1
67559 2 1
67560 2 1
67565 2 1
67566 3 2
67576 2 1
67577 2 1
67586 2 1
67587 2 1
67588 3 1
67594 2 1
67602 3 1
67608 3 1
67613 2 1
67613 3 1
67618 2 1
67619 2 1
67620 2 2
67621 3 1
67627 2 1
67627 3 1
67628 2 1
67632 3 1
67634 2 1
67634 3 1
67643 3 1
67647 2 1
67648 3 1
67652 2 1
67653 2 1
67654 2 1
67654 3 2
67655 2 1
67655 3 2
67656 3 1
67658 3 1
6766 2 1
67661 2 1
67662 2 1
67663 3 1
67665 2 1
67665 3 2
67666 2 1
67666 3 2
67667 3 1
6767 3 1
67671 3 1
67675 2 1
67676 2 2
67676 3 1
67677 2 1
67678 3 1
67687 2 1
67688 3 1
67691 2 1
67697 3 1
677 3 1
67702 2 1
67709 3 1
67711 2 1
67712 2 2
67712 3 1
67713 2 1
67717 2 2
67718 2 1
67718 3 1
67719 2 1
67720 3 1
67722 2 1
67722 3 1
67725 2 1
67725 3 1
67729 2 1
67730 2 2
67730 3 1
67731 2 1
67736 3 1
67738 3 1
67751 2 1
67752 2 2
67753 2 1
67753 3 1
67754 2 1
6776 2 1
6776 3 1
6777 2 2
67773 2 1
67774 3 1
67776 2 1
67776 3 1
67779 3 1
6778 2 1
6778 3 1
67781 2 1
67781 3 1
67782 2 2
67783 2 1
67783 3 1
67784 3 2
67786 2 1
67787 2 1
67787 3 2
67788 2 1
67788 3 2
67789 2 1
67789 3 2
6779 2 1
67790 2 1
67790 3 2
67791 3 1
67797 2 1
67797 3 1
67798 3 2
67801 3 1
67808 2 1
67808 3 2
67809 2 1
6781 2 1
67814 3 1
6782 2 1
67828 2 1
6785 2 2
6785 3 1
67857 2 1
67859 3 1
6786 2 2
6786 3 1
67867 2 2
67867 3 1
67868 2 1
67868 3 1
67869 2 1
6787 2 1
67870 2 1
67871 3 1
67877 2 1
67877 3 1
67879 3 1
6788 2 1
67883 2 1
67883 3 1
67884 2 1
67896 2 1
67896 3 1
6790 2 1
6791 3 1
67918 3 1
67921 3 1
67927 2 1
67928 2 1
67931 2 1
67938 2 1
6794 2 1
6795 2 2
6795 3 1
67951 2 1
67951 3 2
67953 3 1
67955 2 1
67955 3 1
6796 2 1
67967 2 1
67969 3 1
67971 2 1
67971 3 1
67972 3 2
67973 3 2
67974 3 1
67978 3 1
67984 2 1
67984 3 1
67985 2 1
67986 2 2
67987 2 1
67987 3 1
67988 3 2
6799 2 1
67993 2 1
67994 2 1
67995 2 1
67996 2 1
680 2 1
680 3 2
6800 2 1
68001 2 1
68003 2 1
68004 3 1
68006 3 1
68008 2 1
68009 2 1
6801 3 2
68019 2 1
6802 3 1
68020 3 1
68027 2 1
68028 2 1
68030 3 1
68034 2 1
68034 3 1
68035 2 1
68035 3 2
68042 3 1
68044 3 1
68046 3 1
68047 2 1
68048 3 2
68050 2 1
6806 2 1
68063 3 1
68065 2 1
68068 2 1
68068 3 2
68069 3 1
6807 2 2
6808 2 1
6808 3 1
68083 3 1
6809 3 2
681 3 1
68100 2 1
68101 2 1
68102 3 1
68104 2 1
68105 2 2
68105 3 1
68106 3 1
68108 2 1
68108 3 1
68111 3 1
68113 2 1
68113 3 2
68114 2 1
68114 3 2
68115 3 1
68117 2 1
68117 3 1
68118 2 1
68119 2 1
6812 2 1
6812 3 1
68120 2 1
68121 2 2
68122 2 1
68122 3 1
68123 3 1
68127 2 1
68128 2 1
68129 3 1
6813 2 1
6813 3 2
68131 2 2
68131 3 1
68132 2 1
68132 3 1
68133 3 1
68137 2 1
68137 3 1
68138 3 1
68143 2 1
68143 3 1
68152 3 1
68166 2 1
6817 2 1
6817 3 1
68170 2 1
68179 3 1
6818 3 1
68188 3 1
68191 3 1
68197 2 2
68197 3 1
68198 3 1
6820 2 1
6820 3 1
68202 2 1
68204 2 1
68205 2 1
68210 2 1
68211 2 1
68212 2 1
68213 3 2
68215 3 1
68218 2 1
68219 2 1
68220 3 1
68230 3 1
68236 2 1
68237 3 1
68248 2 1
68249 2 1
6825 2 1
68254 2 1
68254 3 1
6826 2 1
68263 2 1
68263 3 1
68266 3 1
6827 2 1
6827 3 2
6828 2 1
6828 3 2
68280 2 1
68280 3 1
68281 3 1
68283 2 1
68284 2 2
68284 3 1
68287 2 1
6829 3 1
68292 2 1
68293 2 1
68295 3 1
68299 3 1
68301 2 1
68301 3 2
68302 2 1
68303 2 1
68307 2 1
68307 3 1
68311 2 1
68311 3 1
68313 2 1
68317 2 1
68317 3 2
68318 2 1
68319 3 1
6833 2 1
68335 2 1
6834 3 1
68345 3 1
68349 2 2
68349 3 1
68350 2 1
68351 2 1
68351 3 2
68352 2 1
68352 3 2
68353 2 1
68353 3 2
68354 3 1
68360 2 1
68362 2 1
68363 2 2
68363 3 1
68364 2 1
68369 2 1
6837 2 1
6837 3 1
68370 3 1
68376 3 1
68378 2 1
68378 3 1
68379 3 1
68381 3 1
68384 2 1
68386 3 1
68388 3 1
6839 2 1
68390 2 1
68391 2 1
68392 2 2
68392 3 1
68393 2 1
68395 3 1
68397 2 1
68397 3 1
68398 2 1
684 2 1
684 3 1
6840 3 1
68413 2 1
68413 3 2
68414 3 1
6842 3 1
68432 2 1
68433 3 1
68435 2 1
68436 2 2
68437 2 1
68437 3 1
68438 3 2
68442 2 1
68443 2 1
68444 2 1
68447 3 1
6845 2 1
68452 2 2
68452 3 1
68453 2 1
68454 2 1
68455 2 1
68455 3 2
68456 3 1
6846 2 1
68461 2 2
68461 3 1
68462 2 2
68462 3 1
68463 2 1
68464 3 1
68467 2 2
68467 3 1
68468 2 2
68468 3 1
68469 2 1
68469 3 1
68472 2 1
68475 3 1
6848 3 1
68480 2 1
68481 2 2
68481 3 1
68482 3 1
68494 3 1
68498 2 1
685 2 2
685 3 1
6850 3 1
6851 2 1
68517 3 1
68518 3 2
68519 3 1
68521 2 1
68521 3 2
68522 3 1
68525 2 1
68525 3 1
68526 2 2
68526 3 1
68527 2 1
68528 3 2
68530 2 1
68530 3 1
68532 3 1
68536 3 1
68537 2 1
68543 2 1
68543 3 1
68544 2 2
68544 3 1
68545 2 1
68548 3 1
68550 2 1
68551 2 1
68552 2 1
68554 3 1
6856 3 1
68560 3 1
68573 3 1
68575 3 1
68577 3 1
6858 2 1
68584 3 1
68586 3 1
68587 2 1
68588 3 1
6859 2 2
6859 3 1
68595 2 1
68596 2 2
68597 2 1
68597 3 1
68598 2 1
686 2 1
6860 2 2
6860 3 1
68607 2 1
68608 3 1
6861 3 1
68610 2 2
68610 3 1
68611 2 1
68612 3 1
68614 2 1
68616 3 1
68618 3 1
68625 2 1
68625 3 2
68628 2 1
68629 2 2
68630 2 1
68630 3 1
68631 3 1
68635 2 1
68635 3 1
68636 2 1
68637 3 2
68641 2 2
68641 3 1
68642 2 1
68645 2 1
68645 3 1
68646 2 1
68647 3 1
68653 2 1
68654 3 1
68661 2 1
68661 3 1
68663 3 1
68668 2 1
68668 3 1
68669 2 1
6867 2 1
68671 3 1
68674 2 1
68677 3 1
68678 2 1
68681 2 1
68681 3 1
68682 2 1
68683 2 1
68684 2 2
68685 2 1
68685 3 1
68686 2 1
68687 3 1
68693 3 1
68695 3 1
68696 3 2
68698 3 1
687 3 1
68700 2 1
68701 2 1
68707 2 1
68708 2 2
68709 3 1
6871 3 1
68711 2 2
68711 3 1
68712 3 1
68714 3 1
68717 2 1
68722 3 1
6873 3 1
68731 2 1
68731 3 1
68738 3 1
68740 3 1
68742 2 1
68742 3 1
68743 2 1
68763 3 1
68768 2 1
68769 2 1
68770 2 2
68770 3 1
68777 2 1
68778 2 1
68778 3 2
68779 3 1
68781 2 1
68781 3 1
68785 2 1
68785 3 1
68786 2 2
68787 2 1
68787 3 1
68789 3 2
68791 2 1
68792 3 2
68794 2 1
68795 3 1
68797 2 2
68797 3 1
68798 2 1
68799 3 2
68804 2 1
68804 3 1
68808 2 1
68811 2 1
68815 2 1
68816 2 1
68824 2 1
68825 2 1
68847 2 1
68848 2 1
68849 2 2
6885 3 1
68850 2 1
68850 3 1
68851 2 1
68851 3 2
68852 3 2
68854 2 1
68854 3 1
68855 2 2
68856 3 1
68858 2 1
68858 3 1
68859 2 1
68859 3 2
68862 3 1
68864 2 1
68864 3 1
68868 3 1
6887 2 1
6887 3 2
68872 2 1
68872 3 1
68873 2 2
68874 3 1
68876 3 1
68877 2 1
6888 2 2
6888 3 1
68884 2 1
68884 3 2
68885 2 1
68888 3 1
6889 2 1
68891 2 1
68894 2 1
68895 3 1
6890 2 1
68904 3 1
68907 3 1
68909 2 1
68909 3 1
6891 3 1
68911 2 1
68912 3 1
68914 2 1
68915 2 2
68915 3 1
68916 3 1
68918 3 1
68920 3 1
68922 3 1
68927 3 1
6893 2 1
6893 3 1
6894 2 1
6894 3 2
68942 2 1
68943 3 1
68946 3 1
68948 3 1
6895 2 1
6895 3 2
68953 2 1
68953 3 1
68954 2 1
68955 3 1
6896 3 1
68960 2 2
68960 3 1
68961 2 1
68962 2 1
68962 3 2
68963 3 1
68965 3 1
68967 2 1
68967 3 1
68968 3 1
68971 2 2
68971 3 1
68972 3 1
68973 2 1
68977 3 1
68986 2 1
68986 3 1
68987 2 1
68988 2 1
68989 2 1
68993 2 1
68995 3 1
68998 3 1
690 2 1
690 3 2
69001 2 1
69001 3 2
69007 3 1
69010 2 1
69010 3 1
69015 3 1
69018 2 1
69019 3 1
69021 2 1
69021 3 1
69022 2 1
69025 2 1
69026 3 1
69028 2 1
69028 3 2
69029 3 1
69034 2 1
69037 3 1
69039 3 1
6904 2 2
69041 2 2
69041 3 1
69042 3 1
69044 2 1
6905 2 1
6905 3 1
69051 2 1
69051 3 1
69054 2 1
69054 3 1
69057 2 1
69058 3 1
6906 2 1
69060 2 1
69060 3 1
69067 2 1
6907 2 1
69090 2 1
69091 2 1
69092 2 2
69092 3 1
69093 2 1
69094 3 1
69096 2 1
69096 3 1
69098 3 1
691 2 1
691 3 2
69100 2 1
69102 2 1
69103 3 1
69108 2 1
69108 3 1
69109 2 2
69110 2 1
69110 3 1
69111 3 2
69113 2 1
69113 3 1
69114 2 1
69114 3 2
69118 2 1
69119 2 1
69120 3 1
69122 2 1
69122 3 1
69129 2 1
69129 3 1
69132 3 1
69134 3 1
69148 3 1
69175 2 1
69176 3 1
69180 2 1
69180 3 2
69181 2 1
69182 2 1
69183 2 2
69183 3 1
69184 3 1
69186 3 1
69188 2 1
69189 3 1
6919 2 1
69192 3 1
69198 2 1
692 2 1
69200 2 1
69204 3 1
69206 3 1
69211 2 1
69211 3 1
69212 2 1
69213 2 1
69214 3 1
69218 2 1
69218 3 2
69219 2 1
69221 2 2
69221 3 1
69223 3 1
69229 3 1
69233 2 1
69234 3 2
69237 2 1
69238 2 1
69242 3 1
69245 2 1
69245 3 2
69248 2 1
69252 2 1
6926 2 1
6926 3 1
69261 3 1
69263 3 1
6927 2 1
69271 3 1
69274 2 1
69275 2 1
69278 3 1
69285 3 1
69290 3 1
69292 2 1
69292 3 1
69295 2 1
69295 3 2
69296 2 1
69296 3 2
69297 2 2
69298 3 1
69301 2 2
69301 3 1
69302 3 1
69304 3 1
6931 2 1
69314 3 1
69316 3 1
6932 2 1
6932 3 2
69325 3 1
69327 2 1
69327 3 1
6933 3 1
69330 2 1
69330 3 1
69331 3 1
69333 3 1
69334 2 1
69335 3 1
69337 2 1
69337 3 2
69338 2 1
69343 2 1
69343 3 1
69344 2 1
69345 3 2
69351 3 1
69357 2 1
69358 2 1
69361 2 1
69361 3 1
69363 3 1
69365 3 1
69366 2 1
69367 2 2
69368 2 1
69368 3 1
69369 3 2
6937 2 1
6937 3 1
69371 2 2
69371 3 1
69372 2 1
69372 3 2
69373 3 1
69377 2 2
69378 2 1
69378 3 1
69379 2 1
69384 3 1
6940 3 1
69400 3 1
69402 2 1
69403 3 1
69411 2 1
69411 3 1
69412 2 1
69412 3 2
69413 2 1
69416 2 1
69417 3 1
69419 3 1
69422 3 1
69428 3 1
69433 2 1
69434 3 1
69438 3 1
69441 2 1
69442 2 2
69442 3 1
69443 2 1
69444 3 1
69453 3 1
69458 2 1
69458 3 1
6946 2 1
6946 3 1
69467 2 1
69473 3 1
69477 2 1
69477 3 1
6948 3 1
69483 2 1
69501 2 1
69502 3 1
69507 2 1
69508 2 1
69509 2 1
69510 3 1
69513 2 1
69513 3 2
69516 2 1
69516 3 2
69517 3 1
69519 2 1
69520 3 1
69522 2 1
69523 2 1
69534 3 1
69536 2 1
69537 2 1
69538 2 1
69539 3 1
69541 3 1
69544 2 1
69545 2 1
69546 2 1
69546 3 2
69547 2 1
69547 3 2
69548 3 1
69554 3 1
69558 2 1
6956 2 1
6956 3 1
69562 3 1
69564 2 1
69564 3 1
69565 2 1
69566 3 1
6957 2 2
69571 2 1
69571 3 1
69574 2 1
69574 3 1
69575 3 1
6958 2 1
6958 3 1
6959 3 2
69590 2 1
69593 2 1
69602 2 1
69604 3 1
69613 2 1
69617 3 1
69618 2 1
69619 2 1
69622 3 1
69624 2 1
69624 3 1
69625 2 1
69626 3 1
69628 3 1
6963 2 1
69631 2 1
69634 2 1
6964 2 1
69640 3 1
69642 3 1
69644 2 1
69645 2 2
69645 3 1
69646 2 1
69647 2 1
6965 3 1
69652 2 1
69653 3 1
69655 2 1
69660 2 2
69660 3 1
69661 2 1
69662 2 1
69663 3 2
69666 2 1
69667 3 1
69669 3 1
6967 2 1
69670 2 1
69671 2 1
69672 2 1
69675 2 1
69675 3 1
69676 2 1
69678 3 1
69679 2 1
6968 3 1
69680 2 1
69681 3 2
69683 2 1
69683 3 1
69684 2 1
69684 3 2
69685 2 1
69687 3 1
69690 2 1
69690 3 1
69699 2 1
6970 2 1
6970 3 1
69700 2 2
69700 3 1
69701 2 1
69702 2 1
69707 2 1
69708 3 2
69715 2 1
69716 2 1
69725 2 1
69726 3 1
69728 2 1
69728 3 1
69733 3 1
69739 2 1
69740 2 2
69740 3 1
69741 2 1
69742 3 1
69752 2 1
69758 2 1
69759 2 1
69760 3 1
69764 3 1
69766 2 1
69766 3 1
69767 2 2
69767 3 1
69768 2 1
69774 2 1
69775 2 1
69776 2 1
69776 3 2
69777 2 1
69777 3 2
69778 3 1
69782 2 2
69783 3 1
698 2 1
698 3 2
69806 2 1
69806 3 1
69822 2 1
69823 3 1
69825 3 1
69832 2 1
69833 3 1
69840 2 1
69841 2 1
69842 2 1
69842 3 2
69843 3 1
69845 2 1
69845 3 1
69846 2 1
69847 3 2
69850 3 1
69860 2 1
69860 3 1
69862 3 1
69864 2 1
69864 3 2
69865 3 1
69869 2 1
69870 2 1
69876 2 1
69876 3 1
69877 2 1
69880 2 1
69880 3 1
69883 2 1
69890 2 1
69890 3 1
69891 2 1
69894 3 1
69896 2 1
69897 2 1
69898 2 1
69899 2 1
699 2 2
699 3 1
69900 2 2
69900 3 1
69901 3 1
69904 2 2
69904 3 1
69905 2 1
69906 3 1
69908 2 1
69908 3 1
6991 2 1
6991 3 1
69910 3 1
69913 3 1
6992 3 2
69929 3 1
69934 2 1
69935 3 1
69938 3 1
6994 2 1
69952 2 1
69953 2 1
69954 3 2
69956 2 2
69956 3 1
69957 2 1
69957 3 1
69969 2 1
69972 3 1
69975 3 1
69978 3 1
6998 2 1
69988 2 1
69989 2 1
69990 3 2
69993 2 1
69993 3 1
69994 2 1
69997 2 2
69998 2 1
69998 3 1
700 2 1
70005 3 1
70008 3 1
70011 2 1
70011 3 1
70012 2 2
70012 3 1
70013 2 1
70014 3 1
70017 2 1
70017 3 2
70018 2 1
70019 2 1
70022 2 1
70022 3 1
70025 3 1
70027 2 1
70027 3 1
70038 2 1
70038 3 1
70039 2 1
70039 3 2
70041 3 1
70043 2 1
70043 3 1
70045 3 1
70052 2 1
70054 3 1
70056 2 1
70057 2 2
70057 3 1
70060 2 1
70065 2 1
70065 3 1
70066 2 1
70066 3 2
70067 2 1
70067 3 2
70070 3 1
70072 2 1
70073 2 1
70080 3 1
70094 2 1
70094 3 2
70095 2 1
70096 2 2
70097 3 1
70099 3 1
701 3 1
70100 3 2
70102 2 1
70103 3 1
70106 2 1
70106 3 1
70107 2 1
70108 2 2
70109 2 1
70109 3 1
7014 3 1
70153 3 1
70155 3 1
70165 2 1
70165 3 1
70167 2 1
70168 2 1
70169 3 1
70172 2 1
70172 3 1
70173 2 2
70174 2 1
70174 3 1
70175 3 2
70177 2 1
70177 3 1
70178 2 1
70178 3 2
70179 2 1
70179 3 2
70184 2 1
70184 3 1
70186 2 1
70186 3 2
70187 3 1
70190 3 1
70193 2 1
70194 2 1
70202 2 1
70202 3 1
70203 2 1
70203 3 2
70204 2 1
70205 2 2
70205 3 1
70206 3 1
7021 2 1
70211 2 1
70212 3 1
70215 2 1
70215 3 1
70224 2 1
70225 3 1
70230 2 1
70230 3 2
70233 2 1
70233 3 1
70236 2 2
70236 3 1
70237 2 1
70237 3 1
70241 2 1
70242 2 1
70246 2 1
70247 3 1
70252 2 1
70252 3 1
70253 2 1
70258 3 1
7026 2 1
70261 3 1
70262 2 1
70263 3 1
70278 2 1
70279 3 1
70284 2 1
70284 3 1
70285 2 2
70285 3 1
70286 2 1
70301 2 1
70301 3 1
70302 2 2
70303 2 1
70303 3 1
70304 2 1
70304 3 2
70305 3 2
70307 2 1
70307 3 1
70310 3 1
70314 2 1
70315 2 1
70320 2 1
70320 3 1
70322 2 1
70326 3 1
70327 2 1
70330 2 1
70330 3 1
70331 2 1
70332 3 1
70335 2 1
70336 3 1
70340 2 1
70341 2 2
70342 3 1
70344 2 1
70346 2 1
70347 3 1
70351 2 1
70351 3 1
70356 2 1
70359 3 1
70360 2 1
70364 2 1
70366 3 1
70368 2 1
70369 3 1
70371 2 1
70372 2 2
70372 3 1
70373 3 1
70375 3 1
70377 3 1
70379 2 1
70380 2 1
70383 2 1
70387 2 1
70389 3 1
70391 3 1
70393 2 1
70394 2 2
70394 3 1
70395 2 1
70396 2 1
70397 3 1
70400 2 1
70410 3 1
70412 2 1
70412 3 1
70418 2 1
70418 3 1
70423 2 1
70424 3 1
70427 2 1
70427 3 2
70428 2 2
70428 3 1
70429 2 1
70430 3 1
70435 2 1
70435 3 1
70439 3 1
70447 3 1
70462 3 1
70468 3 1
70470 3 1
70483 2 1
70484 2 1
70495 3 1
70499 2 1
705 2 1
70505 2 1
70506 2 2
70506 3 1
70507 2 1
70508 2 1
70509 3 1
70514 3 1
70516 2 1
70516 3 1
70521 2 1
70523 3 1
70526 2 1
70526 3 1
70527 2 1
70528 2 1
70529 2 1
70530 3 1
70532 2 1
70533 3 1
70535 2 1
70535 3 2
70538 2 1
70538 3 1
70544 2 1
70555 2 1
70556 3 1
70558 2 1
70558 3 1
70559 2 1
70560 3 1
70563 3 1
70566 2 1
70567 3 2
70574 2 1
70574 3 1
70575 3 1
70577 2 2
70577 3 1
70578 2 1
70578 3 1
70582 3 1
70588 2 1
70593 2 1
70599 2 1
70600 2 1
70602 2 1
7061 2 1
70614 2 2
70614 3 1
70615 3 1
70621 2 1
70621 3 1
70622 2 1
70622 3 2
70623 2 1
70623 3 2
70624 2 1
70624 3 2
70625 2 1
70625 3 2
70627 3 1
70631 3 1
70633 2 1
70634 2 1
70636 2 1
70640 2 1
70647 3 1
70648 2 1
70656 3 1
70660 3 1
70662 3 1
70666 2 2
70666 3 1
70667 2 1
70667 3 1
70670 3 1
70672 3 1
70675 2 1
70676 2 2
70677 3 1
70680 2 1
70680 3 1
70689 3 1
7069 2 1
70694 3 1
70696 3 1
70699 3 1
7070 2 1
70702 2 1
70705 3 1
70708 3 1
7071 3 1
70715 2 1
70715 3 1
70716 3 1
70719 2 1
70719 3 2
70720 2 2
70720 3 1
70721 2 1
70727 3 1
70738 2 1
70739 2 2
70739 3 1
70741 2 1
70756 2 1
70756 3 1
70757 2 1
70758 3 2
70792 2 1
708 2 1
70802 2 1
70824 2 1
70825 2 2
70826 2 1
70826 3 1
70833 2 1
70840 2 1
70841 2 1
70842 3 1
70844 2 1
70849 2 1
70849 3 1
70851 3 1
70853 3 1
70856 3 1
70860 2 1
70861 3 1
70864 2 1
70865 3 1
70868 3 1
70870 2 1
70871 2 1
70874 3 1
70890 2 1
70891 3 1
70893 2 1
70893 3 2
70894 2 1
70895 3 1
70897 2 1
70897 3 1
70898 2 1
709 2 1
70903 2 1
70903 3 1
70904 2 2
70905 3 1
70907 2 2
70907 3 1
70908 3 1
70910 2 1
70911 2 1
70912 3 2
70914 3 1
70916 2 1
70917 3 1
70924 3 1
70933 3 1
70939 3 1
70941 2 1
70941 3 1
70942 2 1
70943 2 2
70943 3 1
70944 2 2
70944 3 1
70945 3 1
70947 2 1
70947 3 1
70948 3 1
70951 2 2
70951 3 1
70952 2 1
70952 3 1
70953 2 1
70954 2 1
70954 3 2
70955 3 1
70957 3 1
70959 2 1
70959 3 1
70974 2 1
70975 3 1
70977 3 1
70990 3 1
70992 2 1
70993 2 1
70994 2 1
70995 2 2
70995 3 1
70996 2 1
71000 3 1
71002 3 1
71004 2 1
71004 3 1
71006 2 2
71006 3 1
71007 3 1
71010 3 1
71015 3 1
71016 2 1
71016 3 2
71017 3 1
71019 3 1
71023 2 1
71024 2 2
71025 2 1
71025 3 1
71026 3 2
71028 2 1
71028 3 1
71034 2 1
71034 3 1
71035 3 2
71037 2 1
71038 3 2
71041 3 1
71045 2 2
71045 3 1
71046 2 1
7105 2 1
7105 3 1
71052 3 1
71054 3 1
71056 2 1
71056 3 1
71060 2 1
71060 3 1
71069 2 1
71071 3 1
71077 3 1
7108 3 1
71085 2 1
71088 2 1
71088 3 1
71096 2 1
71116 3 1
71135 2 1
71142 3 1
7115 2 1
71157 2 1
7116 3 2
71164 3 1
71167 2 1
71168 2 1
71170 3 1
71172 2 1
71173 3 1
71175 3 1
71176 2 1
71177 2 1
71185 2 1
71185 3 1
71188 2 1
71188 3 1
71189 3 1
71191 2 1
71194 2 2
71194 3 1
71195 2 1
71196 3 1
71198 2 1
71198 3 2
71199 3 1
71202 3 1
71203 2 1
71203 3 2
7122 2 1
71221 2 1
71222 2 1
71222 3 2
71223 3 1
71226 2 1
7123 3 1
71235 2 1
71235 3 2
71236 2 2
71236 3 1
71237 2 1
71242 2 1
71242 3 1
71243 2 2
71243 3 1
71244 2 1
71248 2 1
7125 3 1
71254 2 1
71259 2 1
71260 2 1
71261 2 1
71262 2 2
71262 3 1
71263 2 1
71269 3 1
71271 3 1
71273 2 1
71274 2 2
71275 3 1
71277 2 2
71277 3 1
71278 3 1
71281 2 1
71284 2 1
71284 3 1
71289 2 2
71290 3 1
71291 2 1
71292 2 1
71293 3 1
71295 3 1
71296 2 1
71297 2 1
71298 3 1
713 2 1
71300 2 1
71300 3 1
71301 2 1
71303 3 1
71305 2 1
71306 2 2
71306 3 1
71307 3 1
7131 2 1
7131 3 1
71318 2 1
71319 2 1
7132 2 2
71325 3 1
71329 2 1
71329 3 1
7133 2 1
7133 3 1
71332 3 1
71334 3 1
71336 2 1
71336 3 2
71337 2 2
71338 2 1
71338 3 1
71349 3 1
71355 2 1
71356 2 1
71357 2 2
71357 3 1
71358 3 1
7136 3 1
71364 2 1
71365 2 1
71366 3 1
71368 2 1
71368 3 1
71369 3 1
71372 3 1
71374 2 1
71375 3 2
71377 3 1
7138 2 1
71381 2 1
71384 3 1
71386 3 1
71389 2 1
71389 3 1
7139 2 1
71390 3 2
714 2 1
7140 3 1
71401 2 1
71407 2 1
71419 3 1
7142 2 1
7143 3 1
71433 2 1
71434 3 1
71436 2 1
71436 3 1
71437 2 1
71438 3 1
71451 3 1
71469 2 1
7147 2 2
7147 3 1
71470 3 1
7148 2 1
71480 3 1
71489 3 1
7149 2 1
71491 2 1
71492 3 1
71494 2 1
71497 3 1
7150 3 2
71500 2 1
71501 3 1
71504 3 1
71508 3 1
71513 2 1
71518 2 2
71518 3 1
71519 2 1
71520 3 1
71522 3 1
71523 2 1
71524 3 2
71526 2 1
71527 2 1
71532 2 1
71533 3 1
71548 3 1
71552 2 1
71552 3 1
71553 2 2
71554 2 1
71554 3 1
71556 3 1
71559 3 1
71563 2 1
7157 2 1
7157 3 1
71570 2 1
71571 2 1
71572 2 2
71573 3 1
7158 2 1
71580 3 1
71582 2 1
71583 3 1
71592 3 1
71594 3 1
71599 3 1
71601 3 1
71605 2 1
71605 3 2
71606 2 1
71606 3 2
71607 2 2
71607 3 2
71608 3 1
71613 2 1
71613 3 1
71616 2 1
71616 3 1
71619 2 1
71623 3 1
71625 3 1
71628 2 1
71633 2 1
71634 3 1
71636 2 1
71636 3 2
71637 2 2
71638 2 1
71638 3 1
7164 3 1
71642 3 1
71648 3 1
71652 2 1
71652 3 1
71653 2 1
71654 2 1
71655 3 2
71657 2 1
71657 3 1
71658 2 1
71663 2 1
71664 2 2
71665 2 1
71665 3 1
71666 3 1
7167 3 1
71670 2 1
71671 3 1
71674 2 1
71674 3 1
71677 2 1
71681 3 1
71682 2 1
71683 3 1
71687 2 1
71687 3 2
71688 2 2
71689 2 1
71689 3 1
71690 2 1
71690 3 2
71691 2 1
71691 3 2
71692 3 1
71698 2 2
71699 3 1
717 2 1
7170 2 1
7170 3 2
71701 2 1
71702 3 2
71705 2 1
71705 3 1
71709 3 1
7171 2 2
7171 3 1
71711 3 1
71713 2 1
71713 3 1
71714 3 2
71716 3 1
7172 2 1
71720 2 1
71721 2 1
71722 2 1
71727 2 1
71728 3 1
7173 2 1
7174 3 1
71749 3 1
71764 2 1
71765 2 1
71768 3 1
71775 3 1
7178 2 1
71781 3 1
7179 2 1
71796 2 1
718 2 2
71816 2 1
71817 3 1
71819 2 1
71825 3 1
71826 2 1
71827 2 2
71828 2 1
71828 3 1
71829 3 1
71831 3 1
71833 3 1
71834 3 2
71835 2 1
71836 3 1
71838 2 1
7184 2 1
71842 3 1
71850 2 2
71850 3 1
71851 2 1
71851 3 1
71854 2 1
71854 3 1
71855 3 1
71858 3 1
71859 2 1
71860 3 1
71875 3 1
71881 2 1
71881 3 1
71884 3 1
71886 3 1
71888 2 1
71888 3 1
7189 2 1
7189 3 2
71897 2 1
71898 2 1
719 3 1
7190 2 2
71903 2 1
71904 3 1
7191 3 1
71910 3 1
71921 2 1
71921 3 1
71924 3 1
71929 3 1
7193 2 1
7193 3 1
71931 3 1
71934 2 1
71934 3 1
71935 2 1
71936 2 1
71937 2 1
71941 2 1
71941 3 1
71942 2 1
71945 2 1
71945 3 1
71946 3 2
7195 3 1
71953 2 1
71964 2 1
71965 2 1
71966 3 1
71970 3 1
71971 2 1
71977 2 1
71978 2 2
71979 2 1
71979 3 1
7198 3 1
71980 3 1
71982 3 1
71985 2 1
71985 3 1
7199 2 1
71991 2 1
71991 3 1
71993 3 1
71995 2 2
71995 3 1
71996 2 1
71997 2 1
71998 3 2
71999 3 1
7200 2 1
72001 2 1
72002 2 1
72003 2 1
72008 3 1
72009 2 1
72010 2 1
72011 3 2
72013 3 1
72015 2 1
72015 3 1
72016 2 1
72017 3 1
72020 3 1
72021 2 1
72025 2 1
72025 3 1
7203 3 1
72032 2 1
72032 3 1
72033 2 1
72034 2 2
72034 3 1
72039 3 1
72041 3 1
72043 2 1
72043 3 2
72044 2 1
72046 2 2
72047 2 1
72047 3 1
72048 2 1
72049 3 2
72050 3 1
72062 2 1
72064 3 1
7208 2 1
7208 3 1
72080 2 1
7209 2 1
7209 3 2
72092 2 1
72093 3 1
72097 2 1
721 2 1
721 3 1
7210 2 1
72105 3 1
7212 3 1
72134 2 1
72135 2 1
7214 2 1
7214 3 1
72147 2 1
72148 3 1
7215 2 2
72158 2 2
72158 3 1
72159 3 1
7216 2 1
7216 3 1
72161 3 1
72163 2 1
72164 3 1
72166 2 1
72166 3 2
72167 3 1
7217 2 1
72178 2 1
72179 2 2
72179 3 1
7218 3 2
72180 2 1
72184 2 2
72184 3 1
72185 3 1
72187 2 1
72187 3 1
72196 2 1
72197 2 1
72198 2 1
72199 2 1
72204 2 1
72207 2 1
72207 3 1
7221 3 1
72210 2 1
72234 3 1
72237 3 1
72239 2 1
7224 3 1
72242 2 1
72242 3 1
72243 3 2
7225 2 1
72250 2 1
72254 3 1
7226 2 2
72260 2 1
72263 2 1
72263 3 1
72264 3 2
7227 2 1
7227 3 1
72271 3 1
72276 2 1
72277 2 1
72277 3 2
72278 3 1
7228 2 1
7228 3 2
72284 3 1
72285 2 1
72286 3 1
72288 2 1
72288 3 1
7229 3 2
72290 3 1
72296 3 1
72298 3 1
72299 2 1
72309 2 2
72309 3 1
72310 2 1
72310 3 2
72311 2 1
72311 3 2
72312 3 2
72314 2 1
72314 3 1
72315 2 2
72316 3 1
72317 2 1
72318 2 1
72328 2 1
72328 3 1
72337 2 1
72337 3 1
72338 3 2
7234 2 1
72341 2 1
72341 3 1
72342 2 2
72342 3 1
72343 2 1
72344 2 1
72345 3 2
72347 3 1
72349 3 1
7235 3 2
72351 3 1
72354 2 1
72354 3 1
72357 3 1
72358 3 2
72359 2 1
72360 3 1
72362 3 1
72364 2 1
72364 3 2
72368 2 1
72372 2 1
72373 3 1
72375 3 1
72376 2 1
72379 2 1
72379 3 1
72382 2 1
72382 3 1
72393 2 1
724 2 1
72408 2 1
72410 3 1
72413 2 1
72418 2 1
72418 3 1
72421 3 1
72425 2 1
7243 2 1
7244 2 1
72448 3 1
72463 3 1
72472 3 1
72478 2 1
72479 2 1
72488 2 2
72488 3 1
72489 2 1
72494 2 2
72494 3 1
72495 2 1
72495 3 1
72496 2 1
72499 2 1
72499 3 1
725 2 2
725 3 1
72500 2 1
72500 3 2
72501 2 1
72505 3 1
72507 3 1
72509 3 1
72512 2 1
72512 3 1
72513 2 1
72514 2 2
72515 3 1
72517 3 1
72525 3 1
72546 3 1
72548 2 1
72549 2 1
72550 3 1
72555 3 1
72561 2 1
72562 3 1
72565 2 1
72566 2 2
72566 3 1
72567 2 1
72569 3 1
72572 2 1
72573 2 1
72576 3 1
72580 3 1
72583 2 1
72583 3 1
72584 2 2
72585 2 1
72585 3 1
72587 2 1
72588 2 1
72590 3 1
72593 2 1
72593 3 2
72594 2 1
72595 3 1
72597 2 1
72597 3 1
72598 3 1
726 2 1
72601 3 1
72603 2 1
72603 3 1
72604 2 1
72607 2 1
72610 2 1
72610 3 1
72611 2 1
72612 2 1
72613 2 1
72616 3 1
72618 3 1
7262 2 1
7262 3 1
72621 2 1
72622 2 1
72623 2 1
72624 3 1
72627 2 1
72631 2 1
72631 3 1
72632 3 1
72634 2 2
72634 3 1
72635 3 1
72636 2 1
72637 3 1
72639 2 1
72640 2 1
72641 2 1
72642 2 1
72643 2 1
72646 3 1
72649 3 1
7265 2 1
7265 3 1
72651 3 1
72653 3 1
72655 2 1
72656 2 1
7266 2 1
72664 2 1
72664 3 1
72665 3 1
72670 2 1
72671 2 2
72672 3 1
72675 2 1
72675 3 1
72678 2 1
72682 2 1
72683 2 1
72684 3 2
72687 2 1
72688 3 1
72690 2 1
72693 2 1
72694 3 1
727 2 1
7270 2 1
72700 2 1
72700 3 1
72702 2 2
72702 3 1
72703 2 1
72704 2 1
72709 3 1
72711 2 1
72711 3 1
72730 3 1
72740 2 1
72741 2 1
72749 3 1
72757 2 1
72758 3 1
72777 2 1
72777 3 1
7278 2 1
7278 3 2
7279 2 1
72790 2 1
7280 2 1
72803 2 1
72804 2 1
72804 3 2
72805 3 1
7281 3 1
72817 2 1
72820 3 1
72821 2 1
72822 3 1
72824 2 1
72829 2 1
72830 3 1
72833 3 1
72834 2 1
72837 3 1
72839 2 1
72839 3 2
7284 2 1
7284 3 1
72840 2 1
72845 2 1
72845 3 2
72846 2 2
72846 3 1
72847 2 1
72855 2 1
72856 2 1
72857 3 1
72859 2 1
72859 3 1
72864 2 1
72865 2 1
72865 3 2
72866 3 1
72870 2 1
72871 3 1
72874 2 1
72884 2 1
7289 2 1
72894 2 1
72899 3 1
7290 2 1
72906 2 1
72908 3 1
72909 2 1
7291 2 2
7291 3 1
72910 3 2
72913 3 1
72915 3 1
72921 2 1
72922 2 1
72923 3 1
72925 2 1
72925 3 2
72926 2 1
72926 3 2
72927 2 2
72927 3 2
72928 3 1
72931 2 2
72931 3 1
72932 2 1
72932 3 1
72935 3 1
72937 3 1
72940 3 1
72946 2 1
72947 2 2
72947 3 1
7295 2 1
72954 2 1
72954 3 2
72955 2 1
72957 3 1
72959 2 1
72959 3 1
7296 3 1
72961 2 2
72962 3 1
72964 2 2
72964 3 1
72965 3 1
72967 2 1
72968 3 1
72976 3 1
72978 2 1
72978 3 1
72981 2 1
72982 2 2
72982 3 1
72983 2 1
72985 3 1
72987 3 1
72988 2 1
72989 2 1
72990 3 1
72994 2 2
72994 3 1
72995 2 1
72996 2 1
73000 3 1
73010 2 1
73010 3 1
73012 3 1
73014 2 1
73014 3 1
73015 2 1
73016 3 1
73018 3 1
7302 2 1
7302 3 1
73021 3 1
73023 2 2
73024 2 1
73025 2 1
73028 2 1
73029 2 1
73032 3 1
73037 3 1
73038 2 1
73039 2 2
73040 2 1
73040 3 1
73041 3 2
73043 3 1
73045 3 1
73054 2 1
73055 2 1
73056 2 1
73057 3 1
73060 3 1
73074 3 1
73079 2 1
73080 3 1
73086 2 1
731 3 1
73107 3 1
73110 2 1
73113 2 1
73113 3 1
7312 2 1
73134 2 1
73135 2 2
73136 2 1
73136 3 1
73137 3 1
73140 3 1
73142 3 1
73144 3 1
73149 2 1
73149 3 1
73152 3 1
73156 2 1
73160 2 2
73160 3 1
73161 2 1
73161 3 1
73162 2 1
73168 2 1
73169 3 1
73173 2 1
73174 2 1
73175 2 1
73183 3 1
73195 2 1
73195 3 1
73198 2 1
73198 3 1
73208 2 1
73208 3 1
7321 2 1
7321 3 2
73217 3 1
7322 2 1
73227 2 1
73227 3 1
73228 2 1
73228 3 2
73238 3 1
7324 3 1
73240 2 1
73240 3 1
73241 2 1
73242 2 2
73242 3 1
73243 3 1
73249 2 1
73251 3 1
73253 2 2
73253 3 1
73254 2 1
73254 3 1
73255 2 1
73256 2 1
73257 2 1
7326 2 1
7326 3 1
73261 2 2
73261 3 1
73262 3 1
73265 3 1
73267 3 1
7327 3 1
73270 2 1
73271 2 1
73272 2 1
73274 2 1
73275 3 1
73277 2 1
73277 3 2
73282 2 1
73283 2 1
73284 3 1
73288 2 1
73289 2 2
73290 3 1
73294 2 1
73295 3 2
73303 2 1
73305 2 1
73308 3 1
73312 3 1
73316 2 1
73321 2 1
73322 2 1
73323 2 1
73329 2 1
73330 2 2
73331 2 1
73331 3 1
73342 2 1
73342 3 2
73343 2 1
73346 3 1
73348 2 1
73349 3 1
73351 2 1
73351 3 2
73353 3 1
73362 2 1
73362 3 2
73363 2 1
73364 3 1
73367 2 1
73372 2 1
73375 2 1
73376 2 2
73376 3 1
7338 3 1
73387 3 1
73389 2 1
73389 3 1
734 2 1
73406 2 1
73406 3 1
73407 3 1
7342 2 1
7342 3 2
7343 2 2
7343 3 1
73437 3 1
7344 2 1
73442 3 1
73444 3 1
73458 3 1
73461 2 1
73461 3 1
73466 2 2
73466 3 1
73467 2 1
73468 3 1
7347 2 1
73470 3 1
73472 3 1
73474 3 1
73479 3 1
73490 2 1
73495 2 1
73495 3 1
73496 2 1
73498 2 2
73498 3 1
735 2 2
7350 3 2
7351 3 1
73513 3 1
73533 2 2
73534 2 1
73534 3 1
73536 3 1
73538 3 1
7354 2 1
7354 3 1
73546 2 1
73554 2 1
73555 3 1
73557 2 1
73558 3 1
7356 3 1
73564 2 1
73564 3 1
73565 3 1
73568 3 1
73570 3 1
73572 2 1
73572 3 2
73575 3 1
73579 3 1
73581 2 1
73581 3 2
73582 2 2
73582 3 1
73583 2 1
73591 2 1
73595 3 1
73597 2 1
73597 3 2
73598 3 1
736 3 1
73606 2 1
73607 3 1
73614 3 1
73616 2 1
73616 3 1
73618 3 1
73620 2 1
73622 3 1
73625 2 1
73625 3 1
73626 2 1
73627 2 1
73633 2 2
73633 3 1
73637 2 1
73637 3 1
73638 2 2
73639 2 1
73639 3 1
73640 3 1
73642 3 1
73644 2 1
73644 3 1
73646 3 1
73648 2 1
73648 3 1
73649 2 1
73651 3 1
73655 2 1
73655 3 1
73661 3 1
73663 3 1
73664 3 2
73667 3 1
73670 2 1
73671 2 1
73672 3 1
73676 2 1
73676 3 2
73677 3 1
73679 2 1
73680 2 1
73681 3 1
73683 2 1
73684 2 1
73688 2 1
73689 2 1
73689 3 2
73690 2 1
73690 3 2
73691 2 1
73691 3 2
73692 3 1
73694 2 1
73695 3 1
73699 2 1
73702 3 1
73706 3 1
73717 2 1
73718 2 1
73721 3 1
73735 2 1
73735 3 1
73736 2 2
73737 3 1
73767 2 1
73768 3 1
73770 2 1
73771 2 1
73790 2 1
73793 3 1
73794 2 1
73798 2 1
73799 2 1
738 2 1
738 3 1
73800 3 2
73815 3 1
73822 2 1
73822 3 1
73823 2 1
73823 3 2
73824 2 1
73828 2 1
73833 2 1
73834 3 1
73836 2 1
73836 3 1
73837 2 1
73837 3 2
73838 2 1
73838 3 2
73863 2 1
73866 3 1
73869 3 1
73880 2 1
73880 3 1
73890 2 1
73890 3 2
73891 2 1
73891 3 2
73892 3 1
73894 2 2
73894 3 1
73895 2 1
73896 3 1
73899 2 1
739 2 1
73900 2 2
73901 2 1
73901 3 1
73902 3 1
73905 3 1
73909 2 1
73923 2 1
73923 3 1
73924 2 1
73925 2 2
73926 2 1
73926 3 1
73930 2 1
73930 3 1
73931 2 1
73936 2 2
73937 2 1
73938 2 1
73942 2 1
73943 2 1
73944 2 2
73945 2 1
73945 3 1
73946 3 2
73948 3 1
73952 2 1
73952 3 2
73953 3 1
73955 3 1
73959 3 1
73961 3 1
73963 2 1
73965 3 1
73967 3 1
73969 2 2
73969 3 1
73970 2 2
73970 3 1
73971 2 1
73971 3 1
73974 3 1
73976 2 1
73981 2 1
73982 3 1
73989 2 2
73990 2 1
73990 3 1
73993 2 1
73994 3 1
73997 2 1
73999 3 1
740 2 2
74002 2 1
74011 3 1
74019 2 1
74019 3 1
74020 2 1
74021 2 2
74021 3 1
74022 3 1
74025 2 1
74044 2 1
74045 2 1
74046 3 1
74051 3 1
74059 3 1
74067 3 1
74069 2 1
74069 3 1
74098 2 1
741 3 1
74118 3 1
74120 3 1
74125 3 1
74126 2 1
74127 3 1
74130 2 1
74130 3 1
74141 2 1
74141 3 1
74152 2 1
74153 3 1
74164 2 1
74164 3 2
74165 2 2
74165 3 1
74166 2 1
74167 2 1
74168 3 1
74170 2 1
74171 3 1
74174 3 1
74188 3 1
74190 3 1
74198 2 1
74199 3 2
74202 3 1
74220 2 1
74221 2 1
74222 2 2
74223 2 1
74223 3 1
74224 3 2
74226 2 1
74227 2 1
74229 3 1
74231 2 2
74231 3 1
74232 2 1
74233 3 1
74235 2 1
74235 3 2
74236 3 1
74240 3 1
74242 2 1
74243 2 1
74244 3 1
74246 2 1
74246 3 1
74247 2 1
74247 3 2
74248 3 1
74251 2 1
74251 3 1
74252 2 1
74276 2 1
74277 2 2
74277 3 1
74278 2 1
74279 3 1
74281 2 1
74281 3 1
74282 2 1
74285 2 1
74286 2 1
74287 2 1
74291 2 1
74292 3 1
74295 2 1
74296 2 2
74296 3 1
74297 3 1
74299 2 2
74299 3 1
74300 2 1
74301 3 2
74304 2 1
74305 3 1
74307 3 1
74308 2 1
74309 3 1
74314 2 1
74318 3 1
74319 2 1
74324 2 1
74325 2 1
74325 3 2
74326 3 1
74329 2 1
74329 3 2
74330 3 1
74333 3 1
74334 3 2
74340 2 1
74344 2 1
74344 3 1
74349 3 1
74351 2 1
74352 2 2
74353 2 1
74353 3 1
74354 3 1
74357 3 1
74359 3 1
74360 2 1
74376 2 1
74376 3 2
74377 3 1
74381 2 2
74381 3 1
74382 2 1
74382 3 1
74396 3 1
74399 3 1
744 3 1
74402 3 1
74412 3 1
74432 2 1
74433 3 1
74443 2 1
74448 3 1
74455 3 1
74457 2 1
7446 2 1
7446 3 1
74473 2 1
74478 3 1
7448 2 1
74480 2 1
74483 2 2
74483 3 1
74484 2 1
74484 3 1
74485 2 1
74487 2 1
74488 3 1
74493 2 1
74493 3 1
74498 3 1
7450 3 1
74501 2 1
74501 3 2
74502 2 1
7452 2 2
74520 2 1
74523 3 1
74529 2 1
74529 3 1
7453 2 1
74530 3 1
74532 2 1
7454 2 1
7455 3 2
74553 2 1
74554 2 1
74555 3 1
74559 3 1
74561 3 1
74563 2 1
74568 2 1
74568 3 1
7457 2 1
7457 3 1
74574 3 1
74576 2 1
74577 2 2
74577 3 1
74578 3 1
7458 2 1
74581 3 1
74584 2 1
74584 3 1
74585 2 1
7459 3 1
74596 2 1
74597 3 1
74599 2 1
74599 3 1
74601 3 1
74602 2 1
74609 2 1
7461 3 1
74610 2 1
74618 3 1
74619 2 1
74620 3 1
74622 3 1
74626 2 1
74627 2 2
74628 2 1
74628 3 1
74629 3 2
7463 3 1
74631 2 1
74631 3 1
74632 3 1
74635 2 2
74635 3 1
74636 2 1
74636 3 1
74639 2 2
74639 3 1
74640 2 1
74640 3 1
74641 2 1
74644 3 1
74646 3 1
74647 2 1
74652 2 1
74652 3 1
74653 3 1
74655 2 1
74655 3 1
74656 2 2
74657 2 1
74657 3 1
74658 2 1
74659 2 1
7466 3 1
74660 3 2
74663 2 1
74664 3 1
74666 3 1
74669 3 2
74670 3 1
74683 2 2
74683 3 1
74684 2 1
74685 3 1
74687 2 1
74687 3 2
74688 2 2
74688 3 1
74689 2 1
74698 2 1
747 3 1
7470 2 1
7470 3 2
74700 3 1
74702 3 1
74704 2 1
74704 3 1
74705 2 1
74706 2 1
7471 3 1
74711 2 1
74712 3 2
74714 3 1
74716 3 1
74726 2 1
7473 2 1
74731 2 1
74736 2 1
74737 3 1
7474 3 1
7476 2 1
7476 3 1
74762 3 1
74764 2 1
74778 3 1
74791 3 1
7480 2 1
7480 3 1
74800 3 1
7481 3 1
74813 2 1
74814 3 2
74817 2 2
74818 2 1
74819 3 1
74825 2 1
74826 2 1
74827 2 2
74827 3 1
74828 2 1
74829 2 1
74829 3 2
7483 2 1
7483 3 1
74830 2 1
74830 3 2
74831 3 1
7484 2 1
74849 3 1
7485 3 1
74853 3 1
74855 2 1
74855 3 1
74858 2 1
74859 2 2
74860 3 1
7487 3 1
74876 3 1
74880 2 1
74881 3 1
74886 2 1
74887 3 1
74889 2 1
74890 2 1
74894 3 1
74896 2 1
74897 2 1
74898 2 2
749 2 1
749 3 1
7490 2 1
7490 3 1
74904 2 1
74904 3 2
74905 3 1
74907 2 2
74907 3 1
74908 3 1
7491 3 1
74923 3 1
74925 3 1
74928 2 1
7493 2 1
7493 3 1
74931 3 1
74933 3 1
74937 2 1
74938 3 1
74944 2 1
74944 3 1
74945 2 1
74946 2 1
74947 2 2
74947 3 1
74948 3 1
74950 2 1
74950 3 2
74951 2 2
74951 3 1
74952 2 1
74953 3 1
74958 2 1
74959 2 1
7496 2 1
7496 3 1
74960 2 1
74961 2 2
74962 3 1
74965 2 1
74968 2 1
74968 3 1
74969 2 2
7497 2 2
74970 3 1
74974 2 1
7498 2 1
7498 3 1
74980 2 1
74980 3 1
74981 2 1
74982 2 2
74983 3 1
74985 3 1
74987 3 1
74990 2 1
74990 3 1
74991 3 1
74994 2 2
74994 3 1
74995 2 1
74995 3 1
74999 2 1
74999 3 1
750 2 1
750 3 2
75000 2 2
75001 2 1
75001 3 1
75002 2 1
75009 2 1
75010 2 1
75010 3 2
75011 3 1
75013 3 1
75015 2 1
75016 2 1
75020 3 1
75027 2 1
75029 2 1
75032 2 1
75033 2 1
7504 3 1
75042 2 1
75042 3 1
75043 2 1
75043 3 2
75046 3 1
75048 3 1
75064 2 1
75091 2 1
751 2 1
7511 2 1
7511 3 1
75112 3 1
75116 2 1
75117 2 1
75121 3 1
7513 3 1
75130 3 1
75144 2 1
75144 3 1
75145 2 1
75147 3 1
75149 2 2
75149 3 1
75150 2 1
75150 3 1
75151 2 1
75152 2 1
75154 3 2
75155 3 1
75157 3 1
75159 2 1
75159 3 1
75160 2 1
75161 2 2
75162 2 1
75162 3 1
75164 2 1
75164 3 2
75165 3 1
75173 2 1
75179 2 1
7518 2 1
7519 3 1
75190 2 1
75191 2 1
75192 2 1
752 2 1
7521 2 1
75211 2 1
75212 3 1
75214 2 1
75214 3 1
75222 2 1
75222 3 1
75223 2 2
75223 3 1
75224 2 1
75225 3 2
75226 3 1
75232 2 1
75232 3 1
75233 2 1
75233 3 2
75234 2 1
75234 3 2
75235 3 2
75237 2 2
75237 3 1
75238 3 1
75241 3 1
7525 2 1
7525 3 2
75252 2 1
75255 2 2
75255 3 1
75256 2 1
75256 3 1
75258 3 1
7526 2 1
75261 2 1
75261 3 2
75262 2 2
75262 3 1
75263 2 1
75265 3 2
75266 3 1
75273 2 1
75277 2 1
75278 2 2
75279 2 1
75279 3 1
75284 2 1
75285 2 1
75286 2 1
75287 3 1
75292 2 1
75293 2 1
75294 3 1
75298 3 1
75300 2 1
75300 3 2
75301 2 1
75302 3 1
75305 3 1
75306 2 1
75307 3 1
75310 3 1
75313 2 1
75314 2 1
75315 2 2
75316 2 1
75316 3 1
75317 3 2
75319 2 1
75319 3 1
75320 2 2
75321 3 1
75324 2 1
75325 3 2
75328 2 1
75328 3 1
75331 3 1
75333 3 1
75340 2 1
75340 3 1
75341 2 2
75342 2 1
75342 3 1
75347 3 1
75349 2 1
75367 2 1
75367 3 1
75368 2 1
75368 3 2
75369 2 1
75369 3 2
75370 2 1
75371 2 2
75371 3 1
75372 2 1
75373 3 1
7538 2 1
7539 3 1
75391 2 1
75392 3 1
75396 3 1
75417 3 1
75420 3 1
75423 2 1
75423 3 1
7543 2 1
75435 3 1
75442 2 1
75453 3 1
7546 3 1
75460 3 1
75473 2 1
75473 3 1
75477 3 1
75479 2 1
7548 2 1
7548 3 1
75480 3 2
75484 2 1
75484 3 1
75485 2 2
75486 2 1
75486 3 1
75487 3 2
75489 3 1
7549 2 1
7549 3 2
75492 3 1
75494 2 1
75494 3 1
75501 2 1
75508 3 1
75518 3 1
7553 3 1
75535 2 1
75535 3 1
75546 3 1
7555 3 1
75550 2 1
75551 2 1
75552 2 2
75553 3 1
75555 2 1
75555 3 1
75558 2 1
75558 3 1
75559 3 2
75560 3 1
75562 2 1
75563 2 1
75564 2 1
75565 2 1
75567 2 2
7557 2 1
75571 2 2
75571 3 1
75572 3 1
7558 2 1
75581 3 1
75585 2 1
75586 3 2
75589 2 1
75590 2 1
75591 2 1
75595 2 1
75595 3 1
75596 2 2
75597 2 1
75597 3 1
756 2 1
75603 3 1
75605 2 1
75605 3 1
75606 3 1
75617 3 1
75620 2 1
75620 3 1
75621 3 1
75624 3 1
75628 2 1
75629 2 1
7563 3 1
75630 3 1
75632 2 1
75632 3 2
75633 3 1
75635 3 1
75639 2 1
75646 2 1
75647 2 1
7565 2 1
7565 3 1
75651 2 1
75652 3 1
75655 2 1
75655 3 1
75656 2 1
75656 3 2
75657 2 1
75657 3 2
7566 2 1
75661 3 1
75663 3 1
7567 3 1
75672 3 1
75674 2 1
75674 3 1
75675 2 1
75676 2 2
75676 3 1
75677 2 1
75679 3 1
75682 2 1
75683 2 1
75690 2 1
75690 3 1
75695 2 1
75696 2 2
75696 3 1
75697 2 1
75698 2 1
75698 3 2
75699 3 1
75701 3 1
75704 2 1
75715 2 1
75716 2 1
75718 2 1
75719 2 1
75722 2 1
75722 3 2
75723 3 1
75726 2 1
75747 3 1
75749 2 1
75749 3 1
75753 3 1
75755 3 1
75765 2 1
75765 3 2
75774 2 1
75775 2 1
75780 3 1
7579 2 1
75792 3 1
75797 3 1
75806 2 1
75806 3 1
75807 3 2
75810 2 1
75810 3 1
75811 2 1
75811 3 2
75812 2 1
75813 2 2
75813 3 1
75814 3 1
75821 2 1
75821 3 1
75824 3 1
75826 2 1
75826 3 1
75833 2 1
75848 3 1
75850 2 1
75850 3 1
7586 2 1
7586 3 2
75864 2 1
75864 3 1
7587 2 1
7587 3 2
75871 2 1
75874 2 1
75875 2 2
75875 3 1
75876 2 1
7588 3 1
75883 2 1
75883 3 2
75884 2 1
75901 2 1
75904 3 1
7591 2 1
7591 3 1
75911 2 1
75911 3 2
75912 3 1
75916 2 1
75916 3 1
75917 2 2
75917 3 1
75923 2 1
75923 3 1
75924 2 1
75932 2 1
75935 2 2
75935 3 1
75936 2 1
75937 3 1
75939 3 1
75945 2 1
75946 2 2
75946 3 1
75947 2 1
75948 2 1
7595 3 1
75950 2 2
75951 3 1
75954 3 1
75960 2 1
75961 2 1
75962 2 1
75963 3 2
75965 2 1
75969 3 1
75973 2 1
75973 3 1
75974 3 1
75982 2 1
75983 3 1
75985 2 1
75986 2 1
75986 3 2
75987 3 1
75991 2 1
75991 3 2
75992 2 2
75992 3 1
75993 2 1
75994 2 1
75995 2 1
76002 2 1
76002 3 2
76003 2 1
76006 3 1
76009 3 1
76011 2 1
76011 3 1
76014 2 1
76015 3 1
76017 2 1
76017 3 1
76021 2 1
76028 2 1
76028 3 1
76031 2 1
76032 2 1
76034 3 1
76051 2 1
76052 2 1
76053 3 2
76060 2 1
7607 2 1
76075 2 1
7608 3 1
76085 3 1
76093 2 1
76094 2 1
76095 3 1
761 3 1
7611 3 1
76122 3 1
76127 2 1
76127 3 2
76136 2 1
76137 2 1
76138 3 1
76140 2 1
76141 3 1
76143 2 1
76144 2 2
76145 2 1
76145 3 1
76150 2 1
76155 2 1
76177 2 1
76194 3 1
76196 2 1
76196 3 1
76199 3 1
76201 3 1
76205 3 1
7621 2 1
7621 3 2
76212 2 1
76212 3 1
76213 3 1
76216 2 1
76216 3 1
76217 2 1
76220 3 1
76228 3 1
7623 3 1
76233 2 1
76233 3 1
76236 3 1
76239 2 1
76240 2 1
76245 2 1
76245 3 1
76246 2 2
76247 2 2
76247 3 1
76248 3 1
76249 2 1
76250 2 1
76251 2 1
76257 3 1
7626 2 2
7626 3 1
76261 3 2
76262 3 1
76264 2 1
76264 3 1
7627 2 1
7627 3 1
76280 2 2
76281 2 1
76282 2 1
76283 2 1
76293 2 1
76293 3 1
76294 3 1
76296 3 1
76298 2 1
76299 2 2
763 2 1
763 3 1
7630 2 2
7630 3 1
76300 2 1
76300 3 1
76301 3 1
76303 2 2
76303 3 1
76304 2 1
76305 2 1
76306 3 1
7631 2 1
7631 3 1
76310 2 1
76311 3 1
76313 2 1
76314 3 1
76316 2 1
76316 3 1
76320 2 1
76320 3 1
76326 3 1
76331 2 1
76332 3 1
76335 2 1
76335 3 1
76338 2 1
76338 3 1
76341 2 2
76341 3 1
76342 2 1
76358 3 1
76364 2 1
76365 3 1
76369 2 1
7637 3 1
76370 3 1
76372 2 1
76372 3 1
76373 2 1
76374 3 1
76376 2 1
76376 3 1
76378 3 1
76383 2 1
76383 3 1
76384 2 1
76385 3 1
76387 3 1
76389 3 1
764 2 2
7640 3 1
76402 3 1
76415 3 1
76420 2 1
76421 2 1
76425 3 1
76428 2 1
76429 2 1
76429 3 2
76430 3 1
76436 3 1
76456 2 1
76456 3 1
76457 3 1
76468 2 1
76469 3 1
7647 2 1
76471 3 1
76480 3 1
76482 2 1
76482 3 1
76495 2 1
76495 3 1
76496 2 1
76497 3 1
765 3 1
7650 2 1
76509 3 1
7651 3 1
76511 3 1
76520 2 1
76520 3 1
76525 2 1
76526 2 2
76527 3 1
76528 2 1
76532 2 1
76533 2 1
76542 2 2
76542 3 1
76543 2 1
76548 3 1
76549 2 1
7655 2 1
76550 2 2
76551 2 1
76551 3 1
76552 3 1
76555 2 1
76555 3 1
76557 2 1
7656 2 2
76561 2 1
76561 3 1
76562 2 1
76562 3 2
76566 2 1
76566 3 2
76568 3 1
7657 3 1
76571 3 1
76572 2 1
76573 2 1
76577 2 1
76577 3 2
76586 2 1
76586 3 1
76591 2 1
76591 3 1
76592 2 2
76593 2 1
76593 3 1
76594 3 2
76597 3 1
76599 2 1
76600 3 1
76606 2 1
76607 2 1
76608 2 1
76610 3 1
76616 2 1
76616 3 1
76617 2 1
76617 3 2
76618 2 1
76618 3 2
76619 3 1
76622 2 1
76622 3 1
76623 2 2
76624 3 1
76626 2 1
76628 3 1
76630 2 2
76630 3 1
76631 2 1
76640 2 2
76641 2 1
76642 3 1
76652 2 1
76653 2 1
76654 3 1
76656 3 1
76661 2 2
76661 3 1
76662 2 1
76663 2 1
76667 2 1
76667 3 1
76671 2 1
76671 3 2
7668 2 1
76692 2 1
76692 3 1
76693 3 1
76695 2 1
76695 3 2
767 2 1
7670 3 1
76702 3 1
76705 2 1
76708 3 1
7671 2 1
7672 2 1
76724 3 1
76726 3 1
76728 2 1
76728 3 1
76732 3 1
76735 2 1
76736 2 1
76749 3 1
7675 3 1
76753 2 1
76757 3 1
76759 2 1
76759 3 1
76765 3 1
7677 3 1
76786 2 2
76786 3 1
76787 2 1
76794 3 1
76796 2 1
76797 3 1
76799 3 1
7680 2 1
7680 3 1
76801 2 1
76802 3 1
76804 2 1
76806 3 2
76807 3 1
76815 2 1
76816 3 1
76827 3 1
76834 2 1
76837 3 1
76839 3 1
7684 3 1
76841 2 1
76842 2 1
76843 3 1
76846 3 1
76848 3 1
76850 3 1
76852 2 1
76853 2 1
76855 3 1
76857 3 1
7686 3 1
76860 2 1
76860 3 1
76862 3 1
76867 2 1
76869 3 1
76871 2 1
76874 3 1
76876 2 1
7688 2 1
7688 3 1
76881 2 2
76881 3 1
76882 2 1
76883 3 1
76885 3 1
7689 2 1
76891 2 1
76892 3 1
76894 2 1
76894 3 1
76895 2 1
76896 3 1
76898 2 1
76899 3 1
769 3 1
76901 3 1
76906 2 1
76907 3 1
76918 2 1
76918 3 1
76919 2 1
76923 2 1
76923 3 2
76924 2 1
76925 3 1
76927 3 1
76930 3 1
76940 2 1
76940 3 2
76941 3 1
76946 2 1
76948 3 1
76951 2 1
76951 3 1
76954 2 1
76954 3 2
76955 3 1
76958 3 1
76960 3 1
76962 3 1
76963 2 1
76964 2 1
76965 2 2
76965 3 1
76966 3 1
76970 3 1
76973 2 1
76976 3 1
76980 3 1
76982 3 1
76985 2 1
76988 2 1
76988 3 1
76990 2 1
76991 3 2
76997 3 1
77000 2 1
77000 3 1
77001 3 1
77003 3 1
77009 2 1
77010 2 1
7702 3 1
77022 2 2
77022 3 1
77023 2 1
77024 2 1
77024 3 2
77025 3 1
77031 2 1
77032 2 2
77033 2 1
77033 3 1
77035 3 1
77038 2 1
77038 3 2
77039 2 1
77050 3 1
77052 3 1
77054 2 1
77054 3 2
77055 2 2
77055 3 1
77056 2 1
77057 2 1
77060 3 1
77061 2 1
77062 2 2
77079 2 1
77080 3 1
77082 3 1
77084 3 1
77085 2 1
77086 2 1
77089 3 1
77095 2 1
7710 3 1
77115 2 1
77115 3 1
77127 2 1
77132 2 1
77136 2 1
77136 3 1
77137 2 2
77138 2 1
77138 3 1
77153 2 1
77157 3 1
77160 2 1
77160 3 1
77161 2 1
77166 2 1
77166 3 1
77167 2 2
77168 2 1
77168 3 1
77169 3 2
7717 2 1
77173 2 1
77174 2 1
77179 2 1
77185 3 1
77187 2 1
77187 3 2
77188 2 1
77192 2 1
77193 2 2
77193 3 1
77197 3 1
77199 2 1
772 2 2
772 3 1
77201 3 1
77204 3 1
77207 3 1
77208 2 1
77209 2 1
77214 2 1
77217 2 1
77217 3 1
77218 3 1
77222 2 1
77223 2 1
77226 3 1
77229 2 1
77230 2 1
77231 2 2
77232 2 1
77232 3 1
77238 2 1
77239 3 1
77246 2 1
7725 3 1
77250 3 1
77251 2 1
77252 2 1
77253 3 1
77255 2 1
77255 3 2
77256 2 2
77256 3 1
77257 2 1
77259 2 1
77264 2 1
77269 2 1
77270 2 1
77277 3 1
77279 3 1
7728 3 1
77281 3 1
77283 2 1
77283 3 1
77284 2 1
77285 3 2
77287 2 1
77287 3 1
77290 2 1
77295 2 1
773 3 1
77300 3 1
77306 2 1
77307 3 1
77309 2 1
77309 3 1
77312 2 1
77315 3 1
77317 2 1
77317 3 1
77318 3 2
77321 2 1
77321 3 1
77322 2 1
77323 2 1
77325 3 1
77327 2 1
77328 3 1
77330 2 2
77330 3 1
77331 2 1
77350 2 1
77354 2 1
77354 3 1
77357 2 1
77357 3 1
77363 3 1
77365 2 1
77366 2 1
77366 3 2
77367 2 1
77367 3 2
77368 3 1
77375 3 1
77380 3 1
77382 2 1
77383 2 1
77390 2 1
77398 2 1
77398 3 1
77401 3 1
77410 2 1
77414 3 1
77419 3 1
77423 2 1
77424 3 1
77427 3 1
77453 3 1
77458 3 1
77459 2 1
77473 3 1
77475 3 1
77476 2 1
77490 3 1
77493 2 1
77493 3 1
77494 2 1
77495 2 2
77495 3 1
77496 3 1
77500 2 1
77501 2 1
77502 3 1
77505 3 1
77506 2 1
77511 2 1
77511 3 1
77514 2 1
77515 2 2
77516 2 1
77516 3 1
77517 3 1
77523 2 1
77523 3 2
77525 3 1
77527 3 1
77540 3 1
77541 2 1
77546 2 1
77546 3 1
77547 2 2
77548 3 1
77556 3 1
77571 2 1
77571 3 1
77575 3 1
77580 3 1
77583 2 1
77599 3 1
776 2 1
77602 2 1
77602 3 1
77603 2 1
77603 3 2
77604 2 1
77605 3 1
77607 3 1
77611 2 2
77612 2 1
77612 3 1
77615 2 1
77615 3 1
77616 2 2
77616 3 1
77617 3 1
77621 3 1
77622 2 1
77623 3 1
77628 2 1
77628 3 1
77629 2 1
77630 3 2
77632 3 1
77633 2 1
77634 3 1
77637 2 1
77638 2 1
77643 3 1
77644 2 1
77644 3 2
77647 2 1
77648 2 1
77649 2 1
77655 2 1
77655 3 2
77656 3 1
77658 2 1
77662 3 1
77663 2 1
77663 3 2
77664 2 1
77667 3 1
77673 3 1
77679 3 1
77686 2 1
77686 3 1
77689 3 1
77692 2 1
77692 3 1
77696 2 1
77696 3 1
77697 2 1
77698 2 2
77699 2 1
77699 3 1
777 3 1
7770 2 1
7770 3 1
77701 2 1
77705 3 1
77710 2 1
77710 3 2
77711 3 1
77714 3 1
77715 2 1
77716 2 1
77717 2 1
77718 3 1
7773 2 1
7773 3 1
77744 2 1
77744 3 2
77745 3 1
77749 2 1
77750 2 1
77751 2 1
77754 3 1
77765 2 1
7777 2 1
77776 3 1
77783 2 1
77784 2 1
77787 2 1
77797 2 1
7780 2 1
7780 3 2
77801 3 1
77803 3 1
77805 3 1
77813 2 1
77816 3 1
77819 2 1
7782 3 1
77823 3 1
77825 2 1
77825 3 2
77826 2 2
77827 2 1
77827 3 1
77830 3 1
77832 2 1
77832 3 2
77833 2 1
77846 2 2
77846 3 1
77847 2 1
77848 2 1
7785 2 1
7785 3 1
77850 2 1
77852 2 1
77853 3 1
77855 3 1
77857 3 1
7786 2 1
7786 3 2
77860 2 1
77860 3 1
77867 2 1
77868 3 1
77870 3 1
77874 2 1
77875 2 1
77878 3 1
77881 2 1
77881 3 1
77882 2 1
77885 2 1
77892 3 1
77893 3 2
77894 3 1
77899 2 1
77900 2 1
77905 2 2
77905 3 1
77906 2 1
77906 3 1
77908 3 1
77910 2 1
77911 3 1
77914 3 1
77917 2 1
77919 3 1
77929 2 1
77929 3 2
77930 2 1
77931 2 2
77931 3 1
77932 2 1
77933 3 1
77935 2 1
77935 3 2
77936 2 1
77937 2 2
77938 2 1
77938 3 1
77944 2 1
77944 3 1
77945 2 2
77946 2 2
77946 3 1
77947 3 1
7795 2 1
7795 3 1
77950 2 1
77950 3 1
77953 2 1
77954 2 1
77955 2 1
77956 3 1
77958 3 1
77960 2 1
77960 3 1
77961 2 1
77964 2 1
77964 3 2
77965 3 1
77973 2 1
77974 3 1
7798 2 1
7798 3 1
77984 2 1
77984 3 1
7799 2 1
77992 2 1
77993 3 1
77997 3 1
7800 2 1
7800 3 2
78003 2 1
78006 3 1
7801 3 2
78014 2 1
78019 2 1
78024 2 1
78024 3 1
78025 2 1
78025 3 2
78030 2 1
78032 2 1
78033 2 1
78034 2 2
78034 3 1
78035 3 1
78037 3 1
78039 2 1
78040 2 1
78041 3 2
78043 2 1
78048 2 1
78062 2 1
78062 3 1
78065 3 1
78067 2 1
78068 3 1
78070 2 1
78070 3 1
78072 2 1
7809 2 1
7809 3 1
7810 2 2
78105 2 1
7811 3 1
78119 2 1
78119 3 1
7813 3 1
78146 3 1
7815 2 1
78151 2 1
78152 2 1
78153 2 2
78154 2 1
78154 3 1
78155 3 1
78157 3 1
78161 2 1
78162 3 1
78166 2 1
78175 2 1
78183 2 2
78184 2 1
78184 3 1
78187 3 1
78189 2 1
78189 3 1
78192 3 1
78198 2 1
78199 2 2
78199 3 1
7820 2 2
7820 3 1
78204 3 1
78207 2 1
78207 3 1
78211 3 1
78213 3 1
78215 3 1
78223 2 1
78226 3 1
78235 2 1
78238 3 1
78241 2 1
78241 3 2
78242 3 1
78244 2 1
78247 3 1
78249 2 1
78250 3 1
78252 3 1
78253 2 1
78256 3 1
78257 2 1
78258 2 1
78258 3 2
78259 3 1
7826 3 1
78261 3 1
78263 2 2
78263 3 1
78264 2 1
78264 3 1
78265 3 1
78276 2 1
78279 2 1
78279 3 1
78280 3 2
78286 2 1
78290 3 1
78293 2 1
78293 3 1
78294 2 1
78295 3 2
78297 2 1
78297 3 1
78298 3 1
783 2 1
78304 3 1
78306 2 1
78306 3 1
78307 3 1
78309 2 1
78309 3 1
7831 2 1
7831 3 2
78311 3 1
78316 2 1
78317 3 1
7832 3 1
78323 2 1
78324 3 1
78326 2 1
78326 3 1
78329 3 1
78331 3 1
78335 2 1
78338 2 1
78338 3 1
7834 2 1
78345 3 1
78346 2 1
78347 3 1
7835 2 1
78350 3 1
78352 3 1
78354 2 1
78355 3 1
7836 3 1
78364 2 1
78364 3 2
78365 2 2
78366 2 1
78366 3 1
78367 3 2
78371 2 1
78371 3 1
78388 3 1
7839 2 1
7839 3 1
78395 3 1
7840 2 1
78406 2 1
78407 2 1
78408 3 1
78412 2 1
78412 3 1
78413 3 1
78415 3 1
78416 3 2
78424 3 1
78426 3 1
78429 3 1
7843 2 1
78444 2 1
78444 3 1
78459 2 1
78484 2 2
78484 3 1
78485 2 2
78485 3 1
78486 2 1
78486 3 1
78489 2 1
78489 3 1
78491 2 2
78491 3 1
78498 3 1
78505 3 1
78507 2 1
78507 3 1
78508 2 1
78508 3 2
78509 2 1
78509 3 2
78510 2 1
78512 3 1
78513 2 1
78517 2 1
78518 2 1
7852 3 1
78522 3 1
78529 2 1
78533 2 1
78536 2 1
78536 3 1
7854 2 1
78541 3 1
78543 3 1
78545 2 1
78546 3 1
7855 3 1
78556 2 1
78558 2 1
78559 2 1
78560 2 1
78561 3 1
78563 2 1
78563 3 1
78564 3 1
78567 2 1
78567 3 1
78570 2 1
78570 3 1
78571 2 1
78572 3 2
78575 3 1
78576 2 1
78576 3 2
78584 3 1
78585 2 1
78586 3 2
78588 2 1
78588 3 1
78591 3 1
78593 2 2
78593 3 1
78594 2 2
78594 3 1
78595 2 1
786 3 1
7861 2 1
78612 2 1
78613 2 1
78614 3 1
78617 3 1
78618 2 1
78618 3 2
78619 2 2
78619 3 1
7862 2 1
78620 2 1
78621 2 1
78625 2 1
78625 3 1
78626 2 1
78627 2 2
78628 3 1
78631 2 1
78631 3 1
78632 2 1
78632 3 2
78633 2 1
78636 2 2
78636 3 1
78637 3 1
78639 3 1
78641 2 1
78642 3 1
78647 2 1
78654 2 1
78658 2 1
78658 3 1
78663 2 1
78667 2 1
78667 3 1
78668 3 2
78671 3 1
78674 2 1
78682 3 1
78685 2 1
78687 2 1
78688 3 1
7869 2 1
78692 2 1
78692 3 1
78693 2 1
78694 3 1
78697 2 1
78698 2 1
7870 2 1
78707 2 1
78708 3 1
78715 2 1
78716 3 1
78718 2 1
78738 3 1
78741 2 1
78741 3 1
78742 2 2
78743 3 1
78745 2 1
78746 3 1
7875 2 1
7875 3 1
78776 3 1
78778 3 1
7878 2 1
78780 3 1
78784 2 1
78785 2 1
788 2 1
7881 2 1
78812 3 1
78814 2 2
78814 3 1
78815 2 1
78819 3 1
78821 2 1
78826 3 1
78828 3 1
78830 3 1
78833 3 1
78835 2 1
78835 3 2
78836 2 2
78836 3 1
78837 2 1
78838 2 1
78838 3 2
78839 3 1
78842 3 1
7885 2 1
78852 3 1
78854 3 1
78855 2 1
78856 2 1
78856 3 2
78857 2 1
78857 3 2
78858 3 1
7886 3 1
78861 3 1
78863 3 1
78866 3 1
78871 2 1
78876 2 1
78879 2 1
78880 3 1
78882 3 1
78883 2 1
78884 2 1
78885 3 1
78893 2 2
78896 2 1
78899 2 1
78899 3 1
78902 2 1
78902 3 1
78903 2 1
78904 2 2
78904 3 1
78905 2 1
78906 3 1
78909 2 1
78909 3 1
78910 3 2
78911 3 2
78912 3 1
78914 3 1
78916 2 1
78916 3 1
78917 2 1
78920 2 1
78920 3 1
78921 3 2
78923 2 1
78926 3 1
7893 2 1
7894 2 1
78942 3 1
78944 2 1
78944 3 2
78945 3 1
78947 2 1
78955 3 1
78958 2 1
78958 3 2
78959 3 1
78961 2 1
78962 3 1
78966 2 2
78966 3 1
7897 2 1
78972 3 1
78974 3 1
78975 2 1
78976 3 1
7898 3 1
78985 3 1
78986 2 1
78986 3 2
78987 2 1
78991 3 1
78993 3 1
78997 2 1
78997 3 2
78998 2 1
78998 3 2
78999 3 1
7900 2 1
7900 3 1
79001 2 2
79001 3 1
79002 3 1
79004 3 1
79006 2 1
79006 3 1
79007 3 2
79010 3 1
79012 2 1
79013 3 1
79019 2 1
79020 3 1
79022 3 1
79024 2 1
79027 3 1
79037 3 1
79042 3 1
79044 3 1
79064 2 1
79065 3 1
79068 3 1
79070 2 1
79070 3 1
79073 2 1
79073 3 2
79074 3 1
79076 2 1
79087 2 1
79088 3 1
79090 3 1
79097 3 1
79106 3 1
79108 3 1
79110 2 1
79137 3 1
79149 2 1
79150 3 1
79157 2 1
79158 2 2
79159 2 1
79159 3 1
7916 2 1
79160 3 2
79163 2 1
79168 2 1
79168 3 1
79169 2 2
7917 2 1
79170 2 1
79170 3 1
79171 2 1
79171 3 2
79172 3 2
79174 2 1
79174 3 1
79175 3 1
79178 2 1
79178 3 1
79179 2 1
79179 3 2
79180 2 1
79180 3 2
79181 2 1
79182 2 2
79183 2 1
79183 3 1
79184 3 2
79186 2 1
79186 3 1
79187 2 1
79187 3 2
79188 2 2
79189 2 1
79189 3 1
79190 2 1
79191 3 2
79202 3 1
79203 2 1
79204 3 1
79207 3 1
79209 2 2
79209 3 1
7921 3 1
79226 3 1
79228 2 1
79228 3 1
79231 2 1
79231 3 1
79234 3 1
79236 3 1
79239 2 1
79246 3 1
7925 2 1
7925 3 2
79250 2 1
79250 3 2
79251 2 1
79251 3 2
79252 3 1
79256 2 1
79258 3 1
7926 3 1
79263 3 1
79264 2 1
79265 2 1
79266 3 1
79271 2 1
79272 2 2
79273 2 1
79273 3 1
7928 2 1
7928 3 1
79281 2 1
79281 3 1
79283 3 1
79285 3 1
79287 2 1
79287 3 1
79288 2 1
79289 3 2
7929 2 1
7929 3 2
79292 3 1
79299 2 1
7930 2 1
7930 3 2
79300 3 1
79306 2 1
7931 2 1
79310 2 1
79311 2 1
79312 2 1
79313 2 1
79314 2 2
79314 3 1
79315 2 1
79316 3 1
79319 2 1
79319 3 1
79320 2 1
79323 3 1
79326 2 1
79326 3 1
79327 2 1
79328 2 1
7933 3 1
79331 2 1
79334 3 1
79336 2 1
79339 2 1
79345 2 1
7935 3 1
79350 2 2
79351 2 1
79351 3 1
79355 3 1
79356 2 1
79356 3 2
79365 2 1
79366 2 1
79367 3 2
79371 2 1
79374 2 1
79376 3 1
7938 2 2
79383 3 1
7939 2 1
7939 3 1
79394 2 2
79395 2 1
79396 3 1
79398 3 1
794 2 1
794 3 2
7940 2 1
79400 3 1
79402 2 1
79402 3 1
79403 2 1
79403 3 2
79404 3 2
7941 3 2
79418 3 1
79428 2 1
7943 2 1
7943 3 1
79444 3 1
79465 3 1
79466 2 1
79473 3 1
79476 2 1
79476 3 1
79477 3 1
7948 3 1
79480 2 2
79480 3 1
79481 2 1
79481 3 1
79482 2 1
79483 3 1
79489 2 1
7949 2 1
79490 2 1
79491 3 1
79494 3 1
79496 2 1
79497 2 1
795 3 1
7950 2 1
7950 3 2
79500 2 1
79501 2 1
79502 2 1
79503 2 2
79503 3 1
79504 2 2
79504 3 1
79505 3 1
79508 2 1
79509 2 1
7951 3 1
79510 3 1
79513 2 1
79513 3 2
79514 2 1
79515 2 2
79515 3 1
79516 2 1
79517 3 1
79519 3 1
79521 2 1
79521 3 1
79526 2 1
79527 2 1
79528 3 1
7953 2 1
79531 2 1
79531 3 1
79534 3 1
79536 2 1
79536 3 1
79539 2 2
79539 3 1
7954 3 1
79540 3 1
79542 2 1
79543 3 1
79545 3 1
79554 3 1
79556 3 1
79558 3 1
7956 2 1
79561 3 1
79564 2 1
79565 2 2
79565 3 1
79566 3 1
79574 2 1
79574 3 2
79575 2 2
79575 3 1
79576 2 1
79579 2 1
79580 2 1
79581 2 1
79584 2 1
79584 3 1
79585 3 1
79588 3 1
79591 2 1
79591 3 1
79592 2 1
79596 2 1
79597 3 1
79599 3 1
7960 2 1
79601 3 1
79605 2 1
79606 2 1
79611 3 1
79619 2 1
79619 3 1
79620 2 1
79621 2 2
79621 3 1
79622 2 1
79623 2 1
79625 2 1
79627 3 2
79628 3 1
7963 2 1
7963 3 1
79631 3 1
79634 2 1
79635 3 1
79637 3 1
7964 2 1
79644 3 1
79646 2 1
79647 3 1
79649 3 1
7965 2 1
79654 2 1
79655 2 1
7966 2 2
7966 3 1
79664 3 1
7967 3 1
79672 2 1
79672 3 1
79674 3 2
79675 3 1
79677 3 1
79680 2 1
79681 3 2
79683 2 1
79683 3 1
79684 2 2
79684 3 1
79685 2 1
79686 3 1
79697 2 1
79697 3 1
797 2 1
7970 2 1
79713 2 1
79718 3 1
7972 3 1
79720 2 1
79721 2 1
79726 3 1
79728 2 1
79732 2 1
79733 2 1
79734 2 1
79735 2 1
79736 3 1
7974 2 1
7974 3 1
7976 3 1
7978 3 1
79792 3 1
79795 2 1
79800 3 1
79803 2 1
79803 3 2
79804 2 1
79805 2 1
79806 2 2
79807 3 1
7981 2 2
79810 2 2
79810 3 1
79811 3 1
79813 3 1
79816 3 1
79817 2 1
79818 3 1
7982 2 1
7982 3 1
7983 2 1
79833 2 1
79834 2 2
79835 3 1
79840 2 1
79841 2 1
79841 3 2
79842 2 1
79842 3 2
79843 3 1
79845 3 1
79847 3 1
7985 3 1
79851 2 2
79852 3 1
79858 3 1
79861 3 1
79863 2 1
79863 3 1
79864 3 2
79866 3 1
79869 2 1
79869 3 2
79873 2 1
79884 2 1
79886 2 2
79887 2 1
79887 3 1
79891 2 1
79892 3 1
79895 2 2
79895 3 1
79896 3 1
79903 2 1
79904 2 1
79905 3 2
79907 3 1
79909 3 1
79913 2 1
79913 3 1
79914 2 2
79915 3 1
79917 2 1
79917 3 1
79918 2 2
79919 2 1
79919 3 1
79920 2 1
79920 3 2
79921 3 2
79927 2 1
79931 2 1
79935 3 1
79937 3 1
79941 2 1
79951 3 1
79957 2 1
79957 3 1
79958 2 2
79959 2 1
79959 3 1
7996 3 1
79962 3 1
79965 3 1
79967 3 1
79972 2 1
79972 3 1
79973 2 1
79974 3 2
79982 2 1
79982 3 1
79984 3 1
79987 2 1
79987 3 1
79988 2 1
79989 2 1
79990 3 1
79994 2 1
79995 3 1
79997 3 1
79998 2 1
79999 2 1
800 3 1
8000 3 1
80000 3 1
80002 3 1
80004 2 1
80004 3 1
80007 2 1
80009 3 1
80011 2 1
80011 3 1
80013 2 2
80014 3 1
80016 2 1
80017 3 1
80021 3 1
80029 2 1
80031 2 1
80032 2 1
80041 2 1
80042 3 1
80048 2 1
8005 3 1
80055 2 1
8007 2 1
8007 3 2
8008 2 1
80080 2 1
80080 3 1
80088 3 1
8009 2 2
8009 3 1
8010 3 1
80122 3 1
80128 2 1
80128 3 1
80129 2 2
80129 3 1
80130 2 1
80131 2 1
80132 2 1
80133 3 1
80137 2 1
80137 3 2
80138 3 1
8014 3 1
80140 2 1
80148 2 1
80149 2 1
80150 2 1
80154 2 1
80155 2 1
80157 2 1
80158 3 1
8016 2 1
80165 3 1
8017 2 1
80171 2 1
80171 3 1
80172 2 1
80172 3 2
80173 2 2
80174 2 1
80174 3 1
80175 3 2
80177 2 2
80177 3 1
80178 2 1
80178 3 1
8018 3 2
80181 2 1
80182 3 2
80186 3 1
80188 3 1
80191 3 1
80193 2 1
80194 2 1
80195 2 1
80196 2 2
80197 2 1
80197 3 1
80198 2 1
80199 3 1
802 3 1
80211 2 1
80211 3 1
80212 3 1
80215 3 1
80216 2 1
80222 3 1
80225 2 1
80225 3 2
8023 3 1
80235 2 1
80235 3 1
80236 2 1
80245 2 1
80246 2 2
80246 3 1
80247 3 1
80249 2 1
80250 2 1
80251 2 1
80252 3 1
80254 2 1
80254 3 1
80255 3 1
80258 3 1
80259 2 1
80260 3 1
80262 3 1
80263 3 2
80264 2 1
80267 2 1
80269 3 1
80281 3 1
80283 2 1
80283 3 1
80285 3 1
80287 3 1
80289 3 1
80292 3 1
80295 3 1
80297 3 1
80304 2 1
80304 3 1
80305 3 1
80307 3 1
80309 2 1
80310 2 1
80314 2 1
80315 3 1
80317 3 1
8032 3 1
80320 3 1
80322 2 1
80322 3 1
80323 3 1
80325 2 2
80325 3 1
80326 2 1
80326 3 1
80330 2 1
80331 2 1
80334 3 1
80347 3 1
80350 2 1
8037 3 1
80380 2 1
80381 2 1
80388 2 1
80388 3 1
80389 3 2
80390 3 1
80393 2 1
80393 3 1
80394 2 1
80399 2 1
804 3 1
80405 2 1
80410 3 1
80422 2 1
80433 2 1
80450 3 1
80452 2 1
80452 3 2
80453 2 1
80454 3 1
80457 2 1
80457 3 1
80458 2 2
80459 3 1
80463 3 1
80465 2 1
80465 3 1
80466 2 1
80472 2 1
80472 3 1
80476 2 1
80477 3 1
80486 2 1
80487 2 2
80488 3 1
80491 2 1
80491 3 1
80492 3 1
80494 2 1
80494 3 1
80497 2 1
80497 3 1
80498 2 1
80499 2 1
80500 2 2
80500 3 1
80501 2 1
80502 3 1
80505 2 1
80506 2 2
80506 3 1
80507 2 1
80508 3 2
80512 2 1
80512 3 1
80513 2 1
80513 3 2
80515 2 2
80515 3 1
80516 3 1
80518 3 1
80521 3 1
80527 3 1
80529 2 1
80535 2 1
80536 2 1
80536 3 2
80537 3 1
80541 2 2
80541 3 1
80542 2 1
80543 2 1
80548 2 1
80548 3 1
80549 2 1
80550 2 1
80551 2 2
80551 3 1
80552 2 1
80554 2 1
80555 3 1
80559 2 1
80559 3 1
80564 2 1
80568 2 1
80568 3 1
80573 3 1
80576 2 1
80576 3 2
80582 3 1
80584 2 2
80584 3 1
80585 3 1
80588 3 1
80590 2 1
80591 2 2
80591 3 1
80592 2 1
80593 3 1
80599 2 1
80599 3 2
80600 2 1
80601 2 2
80601 3 1
80611 3 1
80613 3 1
80616 2 1
80617 2 2
80618 2 1
80618 3 1
80619 3 2
80621 2 1
80621 3 1
80624 2 1
80624 3 1
80627 3 1
80633 2 1
80634 2 2
80635 3 1
80637 3 1
80641 3 1
80642 2 1
80643 3 1
80645 2 1
80645 3 2
80646 2 1
80649 2 1
80649 3 1
80650 3 2
80652 2 2
80652 3 1
80653 3 1
80655 2 1
80656 3 2
80676 2 1
80677 2 2
80678 2 1
80678 3 1
80685 2 1
80686 3 1
80689 2 1
80691 3 1
807 2 1
80715 2 1
80716 3 1
80722 2 1
80722 3 1
80723 3 2
80738 2 2
80739 2 1
80739 3 1
80742 2 1
80742 3 1
80779 2 1
80780 2 2
80781 2 1
80781 3 1
80782 3 1
80784 2 1
80789 2 1
80792 2 1
80793 2 2
80794 2 1
80794 3 1
80797 3 1
80807 2 1
80807 3 2
80808 3 1
80815 2 1
80815 3 1
80817 2 2
80817 3 1
80818 3 1
80821 2 2
80821 3 1
80827 3 1
80830 3 1
80832 2 1
80838 2 1
80838 3 1
80839 2 1
80840 2 1
80841 2 2
80841 3 1
80842 2 1
80843 3 1
80845 2 1
80845 3 2
80848 3 1
80851 2 1
80860 3 1
80861 3 2
80864 3 1
80866 2 1
80866 3 1
80870 2 1
80870 3 1
80874 3 1
80875 2 1
80876 3 1
80878 3 1
80881 3 1
80886 2 1
80887 3 1
80891 3 1
80893 3 2
80894 3 1
80898 3 1
8090 2 1
80903 2 1
80904 2 1
80905 2 1
80905 3 2
80906 3 1
80912 2 1
80912 3 2
80913 2 1
80914 2 2
80915 3 1
80918 3 1
80921 3 1
80924 2 1
80925 2 1
80926 3 1
80928 2 1
80928 3 1
80929 3 1
80931 2 1
80941 3 1
80943 2 1
80946 3 1
80948 2 1
80949 2 1
80950 2 2
80950 3 1
80951 3 1
80953 2 1
80953 3 1
80957 2 1
80958 2 1
80963 3 1
80965 3 1
80968 2 1
80969 2 1
80970 2 1
80971 3 2
80974 2 1
80975 3 1
80980 2 1
80981 2 1
80982 2 2
80983 3 1
80986 2 1
80986 3 1
80987 2 1
80987 3 2
80988 2 1
80988 3 2
80989 2 1
80990 3 1
80993 2 1
80993 3 1
81004 3 1
81006 3 1
81009 2 1
8101 3 1
81021 2 1
81022 2 2
81022 3 1
8103 3 1
81031 2 1
81031 3 1
81038 2 1
81038 3 1
81039 3 1
81043 2 1
81043 3 1
81046 2 1
81047 2 1
8105 3 1
81050 3 1
81053 2 1
81054 3 1
81057 3 1
81068 2 1
81071 2 1
81071 3 1
81080 3 1
81083 3 1
8109 2 1
811 2 1
8110 3 1
81111 2 2
81111 3 1
81112 2 1
81113 3 1
8112 2 1
81120 3 1
81122 3 1
81124 3 1
81127 2 1
8113 3 1
81132 2 1
81133 3 1
81135 2 1
81135 3 1
81136 2 1
81137 2 1
81141 2 1
81141 3 1
81142 2 1
81142 3 2
81143 2 1
81147 2 1
81147 3 2
8115 2 1
8116 3 1
81160 3 1
81163 3 1
81164 3 2
81166 3 1
81168 3 1
81171 3 1
81173 2 1
81174 2 1
81175 3 1
81177 2 1
81177 3 1
8118 2 1
8118 3 1
81182 3 1
81187 3 1
81190 2 1
81191 3 1
81194 2 1
81195 2 2
81195 3 1
81196 3 1
812 3 1
81200 3 1
81204 3 1
81206 2 1
81206 3 2
81207 2 2
81207 3 1
81208 2 1
81209 3 1
81211 2 1
81212 2 2
81212 3 1
81216 2 2
81216 3 1
81217 2 1
81218 2 1
81220 2 1
81223 2 1
81223 3 1
81227 2 1
81227 3 1
81228 3 2
81235 2 1
81235 3 1
81236 2 2
81237 2 1
81237 3 1
81238 2 1
81238 3 2
81239 3 1
81241 2 1
81241 3 1
81242 3 1
81247 2 1
81251 2 1
81252 2 2
81252 3 1
81256 3 1
81258 2 2
81258 3 1
81259 2 1
81260 3 1
81274 3 1
81275 2 1
81275 3 2
8128 3 1
81280 2 1
81280 3 2
81281 2 2
81282 2 1
81282 3 1
81283 3 2
81293 3 1
81295 2 1
81296 2 1
81298 3 1
8130 2 1
8130 3 1
81301 2 1
81301 3 1
81307 2 1
81307 3 1
81308 2 1
81309 3 2
8131 2 1
81310 3 1
81314 2 1
81315 2 2
81315 3 1
81316 2 1
81317 2 1
81318 3 1
8132 3 1
81320 2 1
81322 2 1
81325 3 1
81329 3 1
81332 2 2
81333 2 1
81333 3 1
81336 3 1
81343 2 1
81344 3 1
81349 2 1
81350 3 1
81352 2 1
81365 2 1
81366 3 1
81368 2 2
81368 3 1
81369 2 1
8137 2 1
81370 2 1
81371 3 1
81373 3 1
8138 2 1
81382 2 1
81386 2 1
81386 3 1
81394 2 1
81394 3 1
81404 2 1
8141 2 1
8141 3 2
8142 2 2
8142 3 1
8143 2 1
8144 3 1
81443 3 1
81445 3 1
81447 2 1
81452 3 1
81454 2 1
81454 3 2
81455 2 1
81456 3 1
81458 3 1
81459 3 2
81461 3 1
81463 2 1
81464 2 1
81465 3 2
81471 2 1
81472 3 1
81474 3 1
81475 2 1
81476 2 1
81477 3 1
81481 3 1
81487 2 1
81487 3 2
81488 3 1
81490 2 1
81490 3 2
81491 2 1
81492 2 2
81492 3 1
81493 2 1
81494 3 1
81496 2 1
81496 3 2
81497 2 1
81500 2 1
81500 3 1
81501 3 2
81512 3 1
81517 2 1
81518 2 1
81519 3 1
81521 2 1
81522 3 1
81525 2 1
81525 3 2
81535 2 1
81536 2 1
81539 3 1
81542 2 1
81544 3 1
81545 2 1
81546 3 2
81553 3 1
81557 2 1
81557 3 2
81558 2 1
81559 3 1
8156 2 2
81562 2 1
81562 3 1
81563 2 1
81564 2 2
81564 3 1
81565 3 1
81567 2 2
81567 3 1
81568 2 1
81568 3 1
8157 2 1
8157 3 1
81571 2 2
81571 3 1
81572 2 1
81574 2 1
81576 3 2
81577 3 1
81579 2 1
81579 3 1
81580 3 1
81582 2 1
81584 3 1
81590 2 1
81591 2 1
81599 3 1
81601 2 1
81602 3 1
81604 2 1
81605 3 1
81608 2 1
81608 3 1
81609 2 1
8161 2 1
81610 3 1
81612 2 1
81613 2 1
81614 3 1
81616 2 1
81616 3 1
81617 2 1
81617 3 2
81618 2 1
81620 3 1
81623 3 1
81629 2 1
81630 2 1
81631 2 2
81634 3 1
81635 2 1
81639 2 1
81639 3 1
81640 2 2
81641 2 1
81641 3 1
81648 3 1
81654 2 1
81654 3 1
81659 3 1
8166 3 1
81661 3 1
81662 2 1
81672 2 1
81680 3 1
8169 3 1
81701 3 1
81703 2 1
81704 2 1
81705 2 1
81706 3 1
81708 2 1
81708 3 1
81714 2 1
81725 3 1
81739 2 1
8174 3 1
81757 3 1
8176 3 1
81781 2 1
81782 2 2
81783 2 1
81783 3 1
81784 3 1
81786 3 1
81788 2 1
81789 3 1
81791 2 1
81792 3 1
81795 2 1
81795 3 1
81796 2 1
81797 3 1
81802 3 1
81804 3 1
81807 2 1
81808 2 1
81808 3 2
81809 3 1
81811 3 1
81817 2 1
81818 2 2
81819 2 1
81819 3 1
8182 2 1
8182 3 2
81820 3 1
81822 3 1
81824 2 1
81825 2 1
81825 3 2
81826 3 1
81831 2 1
81832 3 1
81834 2 1
81834 3 1
81837 2 1
81838 3 1
8184 2 2
8184 3 1
81842 3 1
81849 2 1
81849 3 2
8185 2 1
81850 3 1
81853 2 1
81854 2 1
81854 3 2
81855 3 1
81859 2 1
81859 3 1
81869 3 1
81874 3 1
81876 2 1
81876 3 1
81877 2 1
81878 2 2
81878 3 1
81883 2 1
81886 2 1
81887 3 1
81894 2 1
81894 3 2
81897 2 2
81897 3 1
81898 3 1
81900 2 1
81900 3 1
81906 2 1
81906 3 1
81909 2 2
81909 3 1
81910 2 1
81911 3 1
81915 2 1
81918 2 1
81919 3 1
81922 3 1
81925 2 1
81926 2 1
81927 3 1
81929 3 1
81932 2 1
81933 3 1
81935 2 1
81936 3 1
81938 3 1
8194 3 1
81940 3 1
81944 2 1
81944 3 2
81945 2 2
81945 3 1
81946 2 1
81947 3 1
81950 3 1
81952 2 1
81952 3 1
81956 2 1
81956 3 1
81957 2 1
81959 3 1
8196 2 1
81962 3 1
81963 2 1
81966 3 1
81968 2 1
8197 3 1
81975 2 1
81976 2 1
81977 2 2
81977 3 1
81978 3 1
81981 3 1
81982 2 1
81983 2 1
81988 2 1
81988 3 1
81989 2 2
81990 2 1
81990 3 1
81991 3 2
82010 2 1
82011 2 1
82012 3 1
82025 3 1
82029 2 1
8203 3 1
82030 2 1
82037 2 1
82038 2 2
82044 2 2
82045 3 1
82046 2 1
82047 2 1
82047 3 2
82048 3 1
8205 3 1
82053 3 1
82055 3 1
82073 2 1
82074 3 1
82076 2 1
82077 2 1
82077 3 2
82078 3 1
82087 3 1
82089 2 1
82090 2 1
82111 3 1
82113 2 2
82113 3 1
82114 2 1
82119 3 1
8212 3 1
82122 2 1
82122 3 2
82123 3 1
82125 3 1
82127 3 1
8213 2 1
82130 2 1
82130 3 1
82131 2 1
82132 2 2
82133 2 1
82133 3 1
82138 2 1
82138 3 1
8214 3 1
82147 3 1
82149 2 2
82149 3 1
82150 2 1
82151 2 1
82152 3 2
82155 2 1
82155 3 1
82159 2 1
82159 3 1
82164 3 1
82168 3 1
8217 2 1
82171 2 1
82171 3 1
82172 2 2
82173 2 1
82173 3 1
82178 2 1
82179 2 1
8218 3 1
82180 3 2
82184 2 1
82185 2 2
82186 2 1
82186 3 1
82194 3 1
82195 2 1
82196 2 1
822 2 1
82200 2 1
82201 3 1
82204 2 1
82204 3 2
82205 2 1
82208 2 1
82208 3 2
82210 3 1
82214 3 1
82216 2 2
82216 3 1
82223 2 1
82224 3 1
82227 2 2
82227 3 1
82228 2 1
82232 2 1
82232 3 1
82234 3 1
82236 3 1
82238 2 1
82238 3 1
82239 3 2
82241 2 1
82242 2 1
82243 2 1
82245 3 1
82249 2 1
82249 3 2
82250 3 1
82252 2 2
82252 3 1
82253 3 1
82255 3 1
82258 2 1
82263 2 1
82263 3 2
82264 3 1
82266 3 1
82268 2 1
82268 3 2
82269 2 2
82269 3 1
82270 2 1
82271 3 1
82273 2 1
82273 3 1
82274 2 1
82275 3 2
82277 3 1
82280 2 1
82281 2 2
82281 3 1
82282 3 1
82286 3 1
82289 2 1
82290 2 1
82291 2 1
82296 2 1
82298 3 1
82301 3 1
82305 3 1
82307 2 2
82307 3 1
82308 3 1
82311 3 1
82315 2 1
82315 3 1
82316 2 1
82316 3 2
82317 2 1
82320 2 1
82320 3 2
82321 2 1
82321 3 2
82322 2 1
82322 3 2
82323 2 1
82323 3 2
82324 3 1
8233 3 1
82332 2 1
82333 2 1
82342 2 1
82343 2 1
82355 3 1
82365 2 1
82365 3 1
82367 3 1
82369 3 1
82374 2 1
82375 3 2
82377 2 1
82377 3 1
8239 2 1
8240 2 1
82404 2 1
82405 3 1
82407 2 1
82407 3 1
82408 2 2
82409 2 1
82409 3 1
82410 3 1
82423 3 1
82435 3 1
8244 3 1
82441 2 1
82442 2 1
82445 3 1
82446 2 1
82447 3 1
82449 3 1
82451 2 1
82451 3 1
82452 2 1
82453 3 2
82455 3 1
82457 2 1
82458 3 1
82460 3 1
82463 3 1
82465 2 1
82465 3 1
82466 2 1
82470 2 1
82470 3 1
82476 2 1
82477 2 2
82478 2 1
82478 3 1
82479 3 2
82482 2 1
82482 3 1
82483 2 1
82488 2 1
82488 3 1
82491 3 1
82492 2 1
82493 2 2
82493 3 1
82494 2 1
82496 2 1
82497 2 1
82501 3 1
82508 3 1
8251 2 1
82510 2 1
82510 3 1
82511 2 1
82519 2 1
8252 3 1
82520 2 1
82522 2 1
82523 2 1
82530 3 1
82533 2 1
82534 3 1
82537 2 1
82537 3 1
82538 3 1
8254 2 1
8254 3 1
82540 2 1
82541 3 1
82543 2 1
82543 3 1
82546 2 1
8255 2 1
82553 2 2
82553 3 1
82554 2 1
82559 3 1
8256 3 2
82560 2 1
82561 2 2
82561 3 1
82562 3 1
82564 2 1
82568 2 1
82568 3 2
82569 2 1
82570 3 1
82575 3 1
82578 2 1
82578 3 1
82579 2 1
8258 2 1
82582 2 1
82585 2 1
82588 3 1
8259 2 1
82592 2 1
82592 3 1
82597 2 1
82598 2 1
826 3 1
8260 3 1
82602 2 1
82605 2 1
82605 3 1
82608 2 1
82609 3 1
82611 2 1
82611 3 2
82612 2 2
82613 2 1
82613 3 1
82614 3 1
82616 3 1
82628 2 1
8263 2 1
8263 3 2
82630 2 1
82635 3 1
82637 2 1
82637 3 2
8264 2 1
82641 2 1
82641 3 2
82642 2 1
82643 3 1
82645 2 1
82646 3 1
82649 2 1
82649 3 1
82650 2 1
82651 2 1
82652 2 1
82653 2 1
82660 2 1
82660 3 1
82661 3 1
82665 2 1
82666 2 1
82669 2 1
8267 3 1
82670 2 1
82671 3 1
8268 2 1
82691 2 1
82692 3 1
82695 3 1
82705 2 1
82705 3 1
82706 2 1
8271 2 1
8271 3 1
82711 2 1
82727 3 1
82731 2 1
82735 3 1
82737 3 1
82739 2 2
82739 3 1
82740 2 1
82741 2 1
82742 3 1
82744 3 1
82748 2 1
82748 3 1
82753 2 1
82756 2 1
82757 3 1
82761 2 1
82766 3 1
82775 3 1
82777 2 1
82777 3 2
82778 2 1
82779 2 2
82780 2 1
82780 3 1
82781 3 2
82783 2 1
82783 3 1
82788 2 1
82788 3 2
82789 2 2
82789 3 1
82790 2 1
82791 3 1
82793 3 1
82795 3 1
82799 2 1
828 2 1
8280 2 1
8280 3 1
82802 3 1
82808 2 1
82809 2 1
82810 2 1
82811 2 2
82811 3 1
82812 3 1
82817 2 1
82817 3 1
82818 3 2
82821 3 1
82823 3 1
82831 3 1
82833 3 1
82835 3 1
82839 2 1
8284 3 1
82843 3 1
82844 2 1
82858 2 1
82859 2 1
82867 2 2
82867 3 1
82868 2 1
82869 3 1
82871 2 1
82872 2 2
82872 3 1
82873 3 1
82883 3 1
82885 3 1
82887 2 1
82891 2 1
82897 2 1
82898 3 1
82900 2 1
82904 2 1
82905 2 2
82906 2 1
82906 3 1
82916 3 1
82917 2 1
82918 2 2
82919 2 1
82919 3 1
8292 2 1
8292 3 1
82920 3 1
82924 2 1
82925 2 1
82927 3 1
82934 2 1
82934 3 1
82935 2 2
82938 2 2
82938 3 1
82939 2 1
82940 2 1
82940 3 2
82941 3 1
82943 2 2
82943 3 1
82944 2 1
82945 2 1
82945 3 2
82946 3 2
82948 2 1
82948 3 1
82949 3 1
82954 2 1
82954 3 1
82955 2 1
82956 3 1
8296 2 1
8296 3 2
82965 2 1
82966 2 1
82967 3 1
82970 2 1
82970 3 1
82971 3 1
82973 3 1
82989 2 1
82989 3 1
82990 2 2
82991 3 1
83001 2 1
83024 2 1
83027 3 1
83029 2 1
8303 2 1
83030 3 1
83033 2 1
83033 3 1
83038 2 1
83051 3 1
83057 2 1
83058 2 1
83059 3 1
8306 2 1
83069 3 1
8307 2 2
8307 3 1
83077 3 1
83079 3 1
8308 3 1
83084 3 1
83086 2 2
83086 3 1
83088 2 1
83089 3 1
83095 2 1
83096 3 2
8310 3 1
83103 2 1
83104 2 1
83105 2 2
83106 2 1
83106 3 1
83107 3 1
8311 2 1
83116 2 1
83117 2 1
83121 3 1
83123 2 1
83124 2 2
83124 3 1
83125 3 1
83127 3 1
83131 2 1
83131 3 1
83134 3 1
83135 2 1
83136 2 1
83137 3 1
83141 2 1
83141 3 2
83142 2 2
83143 2 1
83143 3 1
83144 3 2
83145 3 1
83147 2 1
83148 2 1
83149 2 1
83150 2 1
83151 2 2
83152 2 1
83152 3 1
83153 3 2
8316 2 1
83161 2 2
83161 3 1
83162 2 1
83162 3 1
83165 2 2
83165 3 1
83166 2 1
83166 3 1
83167 2 1
83169 3 1
83172 2 1
83172 3 1
83177 3 1
83181 3 1
83182 2 1
83194 2 1
83195 3 1
83197 3 1
83199 2 1
83200 3 1
83202 2 1
83212 2 1
83212 3 1
83213 3 2
83215 3 1
83218 3 1
83219 2 1
83220 3 1
83224 2 1
83224 3 1
83231 3 1
83234 3 1
83238 2 1
83239 3 1
83241 2 1
83241 3 1
83242 3 1
83244 2 1
83244 3 1
83245 2 1
83245 3 2
83249 2 2
83249 3 1
8325 2 1
83250 2 1
83251 2 1
83254 3 1
83257 2 1
83258 3 1
83261 3 1
83263 2 1
83266 3 1
83267 2 1
83268 3 2
83270 2 1
83270 3 1
83271 2 2
83272 2 1
83272 3 1
83273 3 2
83275 2 1
83275 3 1
83276 2 1
83278 2 2
8328 2 1
8328 3 1
83281 2 1
83282 2 1
83283 2 2
83283 3 1
83284 3 1
83286 2 1
83287 3 1
8329 2 1
83297 3 1
8330 3 2
83300 2 2
83300 3 1
83306 3 1
83309 2 1
83310 3 1
83314 2 1
83314 3 1
83316 3 2
83317 2 1
8332 2 1
8332 3 1
83321 2 1
83322 3 1
83325 3 1
83329 3 1
8333 3 1
83337 3 1
83339 3 1
8335 2 1
83353 3 1
83357 2 1
8336 2 1
83362 2 1
83362 3 1
83363 2 2
8337 3 1
83381 3 1
83389 3 1
8339 2 1
8340 2 2
83406 2 1
83406 3 1
83409 3 1
8341 2 1
8341 3 1
83414 3 1
83416 2 1
83419 2 2
83420 2 1
83420 3 1
83421 2 1
83426 2 1
83426 3 1
83429 3 1
83433 3 1
83436 2 2
83436 3 1
83437 2 1
83438 2 1
83439 2 1
83448 3 1
83449 2 1
83454 2 2
83454 3 1
83455 3 1
83457 2 1
83459 3 1
83461 3 1
83464 3 1
83468 2 1
83469 2 1
83470 2 1
83471 3 1
8348 2 1
8348 3 1
83482 2 1
83482 3 2
83483 2 1
83484 2 1
83486 3 1
8349 2 1
8349 3 2
83491 2 1
83495 2 1
835 2 1
8350 2 1
8350 3 2
83504 2 1
83504 3 1
83506 2 2
83506 3 1
83507 3 1
8351 2 1
8351 3 2
83511 3 1
83513 3 1
8352 2 2
8352 3 1
83523 3 1
83525 2 1
83526 2 1
83527 3 2
8353 2 1
83530 3 1
83544 2 1
83545 2 2
83546 2 1
83546 3 1
83547 2 1
83547 3 2
83548 3 2
83550 3 1
83558 2 1
83559 2 1
83564 2 1
83570 2 1
83571 2 2
83572 3 1
83574 2 1
83575 3 1
83578 2 1
83578 3 1
83584 2 1
83585 2 1
83585 3 2
83586 3 1
83588 2 1
83588 3 2
83589 2 1
8359 2 1
83590 2 2
83590 3 1
83591 2 1
83593 3 1
83595 2 1
83595 3 1
83596 3 2
83598 2 1
83598 3 1
83599 2 1
836 2 1
8360 2 1
83602 2 1
83603 2 1
83604 2 2
83604 3 1
83605 3 1
8361 2 1
83611 3 1
83613 2 1
83613 3 2
83617 2 1
83618 2 1
83620 3 1
83622 2 1
83622 3 1
83623 2 1
83626 2 1
83633 2 1
83634 3 1
83636 2 1
83637 3 2
83638 3 1
83640 2 1
83640 3 2
83641 3 1
83645 2 1
83645 3 2
83646 3 1
83648 3 1
83649 2 1
83650 3 1
83652 2 1
83653 2 1
83654 2 2
83654 3 1
83655 2 1
83659 2 1
83660 2 1
83661 2 1
83666 2 1
83667 2 2
83668 2 1
83668 3 1
8367 3 1
83682 2 1
83688 3 1
83689 3 2
83690 2 1
83694 3 1
83695 2 1
837 2 1
83710 2 1
83719 3 1
83735 2 1
83739 3 1
83744 3 1
83748 3 1
83749 2 1
83758 2 1
8376 2 1
83761 3 1
83762 2 1
83762 3 2
83763 2 2
83764 2 1
83764 3 1
8377 3 1
83771 3 1
83773 3 1
83778 3 1
83784 2 1
83784 3 2
838 2 2
83801 2 1
83802 2 1
83805 3 1
83809 2 1
83809 3 1
83810 2 1
83811 2 1
83811 3 2
83812 3 1
83816 2 1
83817 3 1
83833 2 1
83836 2 1
83837 2 2
83838 2 1
83838 3 1
83839 3 1
83841 2 1
83841 3 2
83842 2 2
83842 3 1
83843 2 1
83851 3 1
83853 2 1
83854 3 1
83857 2 1
83857 3 1
83858 2 1
83859 2 1
83863 2 1
83863 3 1
83864 2 1
83865 2 1
83866 2 1
83867 3 1
83871 2 1
83871 3 1
83874 3 1
83876 2 1
83877 2 1
83878 2 1
83879 2 2
83879 3 1
83880 2 1
83881 2 1
83882 3 1
83884 3 1
83890 3 1
83891 2 1
83892 3 1
83897 2 1
839 3 1
83902 3 1
83905 2 1
83906 3 1
83908 3 1
83911 2 1
83911 3 1
83912 3 1
83915 2 1
83915 3 1
83916 2 2
83917 2 1
83917 3 1
83918 3 1
83920 3 1
83923 3 1
83925 2 1
83926 2 1
83934 2 1
83935 2 2
83936 2 1
83936 3 1
83937 3 2
83941 2 1
83942 2 1
83943 3 1
83951 2 1
83954 3 1
83955 3 2
83956 3 1
83960 3 1
83967 2 1
83967 3 1
83968 2 2
83969 2 1
83969 3 1
83970 2 1
83975 2 1
83975 3 1
83976 2 2
83977 2 1
83977 3 1
83978 3 2
83980 3 1
83984 3 1
83987 2 1
83988 3 1
83998 3 1
84000 2 1
84000 3 1
84018 2 1
84019 3 1
84021 3 1
84023 2 1
84056 3 1
84072 2 1
84072 3 1
84073 2 1
84076 2 1
84076 3 1
84077 2 1
84085 2 1
84087 3 1
84091 2 1
84092 3 1
84103 2 1
84106 2 1
84110 3 1
84111 2 1
84112 2 1
84112 3 2
84113 2 1
84113 3 2
84114 3 1
84118 2 1
84118 3 1
84124 2 1
84126 2 1
84128 2 1
84129 2 1
84130 3 1
84136 2 1
84137 2 1
84138 2 1
84139 3 2
84141 2 1
84141 3 1
84142 2 2
84143 2 1
84143 3 1
84144 3 1
84147 2 1
84148 3 1
84151 2 1
84151 3 1
84152 2 1
84152 3 2
84153 2 1
84153 3 2
84154 3 2
84158 2 1
84160 3 1
84163 3 1
84168 2 2
84168 3 1
84169 2 2
84169 3 1
84170 2 1
84170 3 1
84171 2 1
84180 2 1
84184 2 1
84185 3 1
84187 3 1
84193 3 1
84198 2 1
84199 3 1
842 2 1
842 3 1
84203 2 1
84209 3 1
84212 3 1
84217 2 1
84218 3 1
84220 3 1
84222 3 1
84224 2 1
84224 3 1
84226 3 1
84230 3 1
84232 2 1
84233 2 1
84234 3 1
84237 2 1
84240 2 1
84240 3 1
84241 2 2
84242 3 1
84245 3 1
84247 2 2
84247 3 1
84248 3 1
84251 2 1
84252 2 1
84257 3 1
84258 2 1
84259 2 1
84260 2 1
84260 3 2
84261 3 1
84266 2 1
84267 2 1
84269 2 1
84270 3 1
84273 3 1
84285 2 1
84290 3 1
84292 3 1
84294 2 1
84295 3 1
84297 3 1
84299 3 1
84303 2 1
84303 3 1
84307 2 1
84308 2 1
8431 2 1
84316 3 1
84318 2 1
84319 3 1
8432 2 1
84321 2 1
84321 3 1
84324 3 1
84326 3 1
84336 2 1
84337 2 1
84340 2 1
84341 3 1
84343 2 1
84343 3 1
84344 3 1
84349 3 1
8435 3 1
84351 2 1
84353 3 1
84369 2 1
8437 2 1
8437 3 1
84372 2 1
84384 3 1
84386 2 1
84394 2 1
84395 3 1
84397 2 1
84397 3 1
84401 2 1
84401 3 1
84405 2 1
84405 3 1
84409 2 1
84409 3 1
84410 2 1
84417 2 1
84417 3 2
84418 3 1
84422 3 1
84424 3 1
8443 2 1
8444 3 1
84440 3 1
84442 2 1
84442 3 1
84443 2 1
84446 2 1
84446 3 1
84447 2 1
84448 3 2
84453 3 1
8446 2 1
84460 2 1
84460 3 2
84461 3 1
84469 2 1
84469 3 1
84470 2 1
84470 3 2
84473 2 2
84473 3 1
84475 2 1
84476 3 1
84478 3 1
84481 2 1
84482 2 1
84483 2 1
84490 3 1
84493 3 1
84498 2 2
84498 3 1
84499 2 1
845 3 1
84510 3 1
84512 2 1
84512 3 1
84513 3 1
84516 2 1
84520 2 1
84520 3 1
84521 2 1
84525 2 1
84525 3 1
84531 3 1
84533 3 1
84536 2 1
84536 3 1
84537 3 1
84539 2 1
84540 3 1
84542 2 2
84542 3 1
84543 2 1
84543 3 1
84545 3 2
84546 3 1
8455 2 1
84553 2 1
84556 2 1
84556 3 2
84557 2 1
84559 2 2
84559 3 1
8456 3 1
84560 3 1
84564 3 1
84569 2 1
84569 3 1
84572 2 1
84573 3 1
84575 3 1
84577 2 2
84577 3 1
84578 2 2
84578 3 1
84579 2 1
84579 3 1
8458 2 1
84581 3 1
84584 2 1
84584 3 1
84585 2 1
84586 2 1
84587 3 2
8459 2 2
8459 3 1
84590 2 1
84590 3 1
84591 2 2
84592 2 1
84592 3 1
84593 3 1
8460 3 1
84600 2 1
84600 3 2
84601 2 1
84602 2 2
84602 3 1
84603 2 1
84604 2 1
84604 3 2
84605 2 1
84605 3 2
84606 3 1
84618 2 1
84618 3 1
84619 2 1
84620 3 2
84622 3 1
84625 2 1
84632 2 1
84633 2 2
84634 3 1
84635 2 1
84636 3 1
84645 2 1
84649 2 1
84650 2 2
84650 3 1
84651 3 1
84654 2 1
84654 3 2
84655 2 2
84655 3 1
84656 2 1
84657 3 1
8467 3 1
84671 2 1
84671 3 2
84672 2 1
84673 2 2
84674 3 1
84676 2 1
84676 3 1
84677 3 1
84679 3 1
84683 2 1
84683 3 2
84684 3 1
847 3 1
8470 2 1
8470 3 1
84714 2 1
84726 2 1
84735 3 1
8474 3 1
84750 2 1
84751 2 2
84751 3 1
84752 2 1
84758 3 1
84760 2 2
84760 3 1
84761 3 1
84765 2 1
84765 3 1
84768 3 1
84776 3 1
84778 2 1
84778 3 1
84779 2 1
84779 3 2
84782 2 1
84789 2 1
84789 3 1
84790 2 1
84793 2 1
84793 3 1
84794 2 1
84796 2 1
84797 2 1
84798 2 2
84798 3 1
84799 2 1
8480 3 1
84800 3 1
84805 2 2
84806 2 1
84807 2 1
84814 3 1
84817 3 1
84823 2 1
84824 2 1
84825 3 1
84827 2 1
84827 3 1
84828 3 2
84832 2 1
84832 3 1
84833 3 1
84840 3 1
84842 2 2
84842 3 1
84843 2 1
84844 2 1
84846 3 1
84850 3 1
84852 3 1
84853 2 1
84853 3 2
84854 2 1
84855 2 2
84856 3 1
84859 2 1
8486 2 1
84863 3 1
84866 2 2
84866 3 1
84867 3 1
8487 3 2
84870 2 1
84870 3 2
84871 2 2
84871 3 1
84872 2 1
84873 3 2
84875 2 1
84875 3 1
84876 2 2
84877 2 1
84877 3 1
84880 3 1
84885 2 1
84885 3 1
84886 3 1
84889 2 1
84889 3 2
84897 2 1
849 3 1
84903 2 1
84907 2 2
84907 3 1
84908 2 1
84917 2 1
84917 3 1
84919 2 1
84922 2 2
84922 3 1
84923 2 1
84924 2 1
84925 2 1
84926 3 1
84928 2 1
84928 3 1
84929 2 1
84930 3 1
84932 3 1
84934 2 1
84934 3 1
84935 2 1
84935 3 2
84936 2 2
84937 2 1
84937 3 1
84938 3 1
84940 3 1
84941 2 1
84942 3 1
84947 2 1
84947 3 1
84950 2 1
84950 3 1
84953 2 1
84954 3 1
84958 3 1
8496 2 1
84964 3 1
84967 2 1
84968 2 1
84970 3 1
84980 2 1
84983 2 1
84983 3 1
84984 2 1
84987 2 1
85000 2 1
85000 3 1
85001 3 1
85004 2 1
85005 2 1
85006 2 2
85007 3 1
85009 2 1
8501 2 1
8501 3 1
85010 2 1
8502 2 1
8502 3 2
85028 3 1
85029 2 1
85032 2 1
85036 2 1
85037 3 1
85042 2 1
85043 3 1
8506 2 1
85062 3 1
85064 3 1
85083 3 1
85084 2 1
85085 2 1
85086 3 1
85088 3 1
85090 2 1
85090 3 2
85091 2 2
85092 2 1
85092 3 1
85093 3 1
85097 2 1
85098 2 2
85099 2 1
85099 3 1
851 2 1
8510 2 1
85102 3 1
85105 2 1
85105 3 1
85106 3 2
85108 2 1
85109 3 1
8511 2 1
85115 3 1
85116 2 1
85117 3 1
85119 3 1
8512 3 1
85123 3 1
85128 3 1
85130 2 1
85131 3 1
8514 3 1
85141 2 1
85141 3 1
85143 2 1
85147 2 2
85147 3 1
85148 3 1
85150 2 1
85151 3 1
85155 3 1
8516 3 1
85161 2 1
85162 2 2
85170 2 2
85170 3 1
85171 2 1
85171 3 1
85177 2 1
85178 3 1
8518 3 1
85180 2 1
85180 3 2
85181 2 2
85181 3 1
85182 2 1
85183 3 1
85186 2 1
85188 3 1
85190 3 1
85191 2 1
85192 2 2
85192 3 1
85193 2 1
85194 3 1
85196 2 2
85196 3 1
85197 3 1
85199 2 1
85199 3 1
852 2 1
85200 2 1
85203 2 1
85203 3 1
85209 2 1
8521 2 1
85215 2 2
85215 3 1
85216 2 1
85217 2 1
85218 2 1
85218 3 2
85219 3 1
8522 3 1
85223 2 1
85223 3 1
85226 3 1
85228 3 1
85229 2 1
85230 3 1
8524 3 1
85241 3 1
85249 3 1
85251 2 1
85251 3 1
85252 3 2
85256 2 2
85256 3 1
85257 2 1
85257 3 1
85260 2 1
85264 2 1
85265 3 1
85267 2 2
85267 3 1
85268 2 1
85268 3 2
85269 2 1
85269 3 2
8527 3 1
85270 3 2
85272 3 1
85274 3 1
85275 2 1
85276 2 1
85279 2 1
85279 3 1
85280 2 2
85287 2 1
85294 2 1
85295 2 2
85295 3 1
8530 2 1
8530 3 1
85300 2 1
85307 2 1
85307 3 1
85308 2 1
85309 3 1
85312 2 1
85312 3 1
85313 3 2
8532 2 2
8532 3 1
85324 3 2
85325 3 1
8533 3 1
85330 2 2
85330 3 1
85331 2 1
85332 2 1
85332 3 2
85333 3 1
85337 2 1
85338 3 1
85341 3 1
85342 3 2
85344 3 1
8535 2 1
85358 2 1
8536 3 1
85373 3 1
8538 2 1
8538 3 1
85392 3 1
85394 2 1
85398 3 1
854 3 1
8540 3 1
85413 3 1
85416 2 1
85417 2 2
85417 3 1
85419 2 1
8542 3 1
85420 3 1
85422 2 2
85422 3 1
85423 2 1
85427 3 1
85429 3 1
85432 2 1
85433 3 1
85435 2 1
85435 3 2
85436 2 1
85437 3 1
85439 3 1
85441 3 1
85442 2 1
85447 2 1
85448 2 1
85449 3 2
8545 2 1
85454 2 1
85455 2 1
85461 3 1
85465 2 1
85466 3 1
8547 2 2
8547 3 1
85471 2 2
85471 3 1
85472 2 1
85477 2 1
85477 3 2
8548 2 1
85481 2 1
85481 3 2
85482 3 1
85485 2 1
8549 3 1
85491 3 1
85493 3 1
85498 2 1
85499 2 2
85499 3 1
85500 2 1
85501 3 2
85507 2 2
85508 2 1
85509 2 1
85510 2 1
85513 2 1
85514 3 1
85518 3 1
85520 3 1
85522 3 1
85524 3 1
85526 2 2
85526 3 1
85527 2 2
85527 3 1
85528 2 1
85528 3 1
85535 2 1
85539 3 1
8554 2 1
8554 3 1
85545 3 1
85548 2 1
85548 3 1
85549 2 2
8555 2 1
85550 2 1
85550 3 1
85551 3 1
85555 2 1
85556 2 2
85557 2 1
85557 3 1
8556 2 1
85561 2 1
85562 3 1
85567 2 1
85568 3 1
8557 2 1
85571 2 1
85578 2 1
85581 2 1
85582 2 1
85583 3 1
85586 2 1
85587 3 2
85595 3 1
85597 2 1
85598 2 1
85599 2 1
8560 2 1
85600 2 1
85602 2 2
85603 2 1
85603 3 1
85609 3 1
8561 2 1
85619 2 1
85619 3 1
85625 2 1
85625 3 2
85627 3 1
85634 3 1
85637 3 1
85639 2 1
85640 3 1
85643 2 1
85644 3 1
85647 2 1
85647 3 1
85650 3 1
85654 2 1
85654 3 1
85658 2 1
85659 2 1
85662 2 1
85662 3 1
85665 2 1
85665 3 1
85666 3 1
85668 2 1
85668 3 2
85669 3 1
85671 2 1
85672 3 1
85674 2 1
85674 3 2
85675 2 1
857 2 1
85712 3 1
85714 2 1
85714 3 1
85716 3 1
8572 3 1
8573 2 1
85730 3 1
85735 3 1
85741 2 1
85744 2 1
85745 3 1
85747 2 1
85747 3 2
85750 2 2
85751 2 1
85751 3 1
85754 3 1
85756 2 1
85759 2 1
85760 2 1
85761 3 1
85763 2 1
85764 2 1
85764 3 2
85765 3 1
85767 3 1
85769 2 2
85769 3 1
85770 2 1
85770 3 1
85773 3 1
85775 2 1
85776 3 1
85779 2 1
85779 3 1
85780 3 1
85782 2 1
85782 3 1
85784 3 1
85786 3 1
85789 2 1
85790 2 1
85791 2 2
85792 2 1
85792 3 1
85793 3 2
858 3 1
85801 2 2
85801 3 1
85802 3 1
85803 2 1
85804 2 1
85804 3 2
85805 2 1
85805 3 2
85806 2 1
85806 3 2
85807 3 1
85810 2 1
85810 3 1
85811 2 1
85812 3 2
85816 3 1
85818 3 1
8582 2 1
85821 3 1
85823 3 1
85825 3 1
85827 3 1
85831 2 1
85831 3 1
85832 3 1
85844 2 1
85845 2 1
85845 3 2
85846 3 1
85848 2 1
85848 3 2
85849 2 1
85850 2 2
85851 2 1
85851 3 1
85852 3 2
85854 3 1
85856 2 2
85856 3 1
85857 2 1
85858 3 2
8586 2 1
8586 3 1
85866 3 1
85867 3 2
85868 2 1
8587 3 1
85873 2 2
85874 2 1
85874 3 1
85878 3 1
85880 2 2
85880 3 1
85881 2 1
85882 2 1
85885 3 1
85887 3 1
85889 2 1
85889 3 1
85894 3 1
8590 2 1
85913 3 1
85917 2 1
85917 3 1
85919 2 1
8592 2 1
85920 2 1
85922 3 1
85924 2 1
85924 3 1
8593 3 1
85931 3 1
85932 2 1
85939 2 1
85940 2 1
85946 2 1
85947 2 1
85954 2 1
85954 3 1
85955 3 1
85957 2 1
8596 2 1
8596 3 1
85963 3 1
85967 3 1
85970 2 2
85970 3 1
85971 2 1
85971 3 1
85976 2 1
85976 3 1
85983 2 1
85986 2 1
85986 3 1
85992 3 1
85995 2 2
85995 3 1
85996 2 1
85997 2 1
860 2 1
860 3 2
8600 2 1
8600 3 1
86002 2 1
86003 2 1
86003 3 2
86004 3 1
86007 2 1
86007 3 1
8601 2 2
8602 3 1
8603 2 1
86046 2 1
86053 2 1
86054 3 1
86060 2 1
86074 2 2
86074 3 1
86075 2 1
86076 2 1
86076 3 2
86077 3 1
86079 3 1
8608 2 1
86080 2 1
86081 3 2
86084 3 1
86091 2 1
86091 3 2
86092 3 1
86094 2 1
86094 3 1
86095 2 2
86096 2 1
86096 3 1
86097 3 2
86099 2 2
86099 3 1
861 2 1
86100 3 1
86103 3 1
86106 3 1
86109 2 2
86109 3 1
86111 2 1
86114 2 1
86122 2 1
86123 2 1
86126 2 1
86127 2 1
86128 3 1
86131 2 1
86134 2 1
86134 3 1
86135 2 1
86136 2 2
86136 3 1
86137 3 1
86140 3 1
86142 2 1
86142 3 1
86143 3 1
86146 3 1
86148 3 1
86152 2 1
86155 3 1
86157 2 1
86159 2 1
86160 2 1
86161 2 2
86162 3 1
86164 2 1
86164 3 1
86165 2 1
86165 3 2
86167 2 1
86168 2 1
86169 3 1
8617 2 1
8617 3 1
86172 2 1
86172 3 1
86173 3 1
86175 2 1
86175 3 1
86176 2 2
86177 2 1
86177 3 1
86178 3 1
8618 3 1
86181 2 1
86182 2 1
86183 2 2
86183 3 1
86188 2 1
86188 3 1
86189 3 1
86196 2 1
86197 3 1
86202 3 1
86203 2 1
86204 3 2
86206 2 1
86206 3 1
86207 2 1
86208 2 2
86209 2 1
86209 3 1
86210 3 2
86216 2 1
86219 3 1
86221 3 1
86222 2 1
86223 2 1
86226 3 1
86228 2 1
86230 2 1
86231 2 1
86233 3 1
86238 2 1
86239 3 1
86242 2 1
86242 3 1
86245 2 1
86245 3 1
8625 2 1
8625 3 1
86252 3 1
86254 3 1
86259 2 1
86259 3 1
8626 3 1
86260 2 1
86282 3 1
86284 2 2
86284 3 1
86285 2 1
86293 2 1
86293 3 2
86297 2 1
86297 3 2
86298 2 1
86298 3 2
86299 2 2
86299 3 1
86300 2 1
86301 3 2
86303 3 1
86304 2 1
86313 3 1
86317 2 1
86318 3 1
86321 2 1
86321 3 1
86322 2 2
86323 2 1
86323 3 1
86324 2 1
86324 3 2
86325 3 2
86328 3 1
86329 2 1
86330 3 1
86333 2 1
86333 3 1
86334 2 2
86335 2 1
86335 3 1
8637 2 1
86371 2 1
86371 3 1
86374 3 1
8638 2 2
86380 2 1
86388 2 1
86389 3 1
8639 2 1
8639 3 1
86397 3 1
8640 3 2
86401 2 1
86403 2 1
86406 2 1
86406 3 1
86407 2 2
86408 2 1
86408 3 1
86409 3 2
86411 2 1
86411 3 1
86412 3 1
86414 2 1
86415 2 1
86416 2 1
86417 2 1
86417 3 2
86418 3 1
86420 2 1
86420 3 1
86421 2 1
86424 3 1
86426 2 1
86427 2 1
86428 2 2
86428 3 1
86429 2 1
8643 2 1
8643 3 1
86430 3 2
86432 2 1
86432 3 1
86436 2 1
86437 2 1
86438 2 2
86438 3 1
86448 3 1
86449 2 1
86450 3 1
86458 3 1
86464 3 1
86466 2 1
86467 2 2
86468 2 1
86468 3 1
86469 2 1
86472 2 2
86472 3 1
86474 2 1
86475 2 1
86478 2 1
86479 3 1
86484 2 1
86484 3 1
8649 3 1
86492 2 1
86492 3 2
86493 2 2
86493 3 1
86494 2 1
86495 3 1
86501 2 1
86502 2 2
86503 3 1
86505 3 1
86507 2 2
86507 3 1
86508 2 1
86509 2 1
86510 3 1
86513 2 1
86516 2 1
86517 2 1
86518 2 2
86519 3 1
86521 2 1
86521 3 1
86522 2 1
86522 3 2
86524 3 1
86528 2 1
86529 3 1
86531 2 1
86531 3 1
86534 2 1
86534 3 1
86535 2 1
86535 3 2
86540 2 1
86541 3 1
86548 2 1
86548 3 1
86549 2 2
8655 3 1
86550 2 1
86550 3 1
86551 3 2
86556 3 1
86564 2 1
86565 2 1
86567 3 1
86569 3 1
8657 2 1
8657 3 1
86571 2 1
86571 3 1
86574 2 1
86574 3 1
86575 2 2
86576 3 1
8658 3 2
86582 2 1
86582 3 2
86583 2 1
86584 2 2
86585 2 1
86585 3 1
86586 3 1
86589 3 1
86599 2 1
86599 3 1
8660 2 1
8660 3 1
86605 3 1
8661 2 1
86611 2 1
86612 2 2
86613 2 1
86613 3 1
86614 3 2
8662 2 2
86621 2 1
86622 2 1
86623 3 1
86626 2 1
86626 3 1
86627 2 1
86628 2 1
8663 3 1
86631 2 1
86631 3 1
86632 2 1
86642 2 1
86643 2 2
86644 2 1
86644 3 1
86648 2 1
86648 3 2
86649 2 1
86653 2 1
86654 2 1
86655 2 1
86656 3 1
86660 3 1
86663 3 1
86666 2 1
8667 2 1
86673 3 1
8668 3 1
86703 2 1
86713 3 1
86718 3 1
86725 2 1
86735 2 1
86735 3 1
86738 2 1
86739 2 1
8674 2 1
86740 2 1
86741 2 2
86742 3 1
86747 2 1
86747 3 1
86748 2 2
86749 2 1
86749 3 1
8675 3 1
86750 3 2
86754 2 1
86755 3 1
86758 3 1
86760 2 1
86760 3 1
86768 2 1
86768 3 2
86770 3 1
86771 2 1
86772 3 1
86776 2 2
86777 2 1
86777 3 1
8678 2 1
86781 2 1
86782 2 1
86782 3 2
86783 3 1
86785 2 1
86785 3 1
86786 2 1
86787 2 1
8679 2 1
86791 2 1
86791 3 1
86793 2 1
86798 3 1
868 2 1
86801 2 1
86801 3 1
86802 2 2
8681 3 1
86810 2 1
86812 2 1
86817 2 1
86817 3 1
86818 3 1
86820 2 1
86820 3 1
86821 2 1
86822 2 1
86825 2 1
86826 2 1
86827 3 1
86829 3 1
86831 3 1
86834 2 1
86835 2 2
86836 2 1
86836 3 1
86840 2 1
86841 3 1
86849 2 1
86849 3 2
86850 2 2
86850 3 1
86851 2 1
86852 3 1
86854 2 1
86855 2 1
86856 2 2
86856 3 1
86858 2 2
86864 2 1
86865 3 1
86868 2 1
86868 3 1
86869 3 2
8687 2 1
86873 2 1
86873 3 1
86874 2 1
86876 2 1
86880 2 1
86880 3 2
86881 2 1
86882 2 1
86883 2 1
86884 3 1
86886 2 1
86887 3 1
86889 3 1
86890 2 1
86894 3 1
86897 2 1
86899 2 2
86900 2 1
86900 3 1
86904 3 1
86906 2 1
86908 3 1
86909 2 1
86910 2 1
86911 2 1
86911 3 2
86912 3 1
86915 2 2
86915 3 1
86916 2 1
86917 3 1
86919 2 1
86919 3 2
86920 2 1
86921 3 1
86923 2 1
86923 3 1
86926 2 1
86927 2 1
86928 2 1
86929 2 2
86935 2 1
86939 3 1
86941 3 1
86945 2 1
86950 3 1
86953 3 1
86955 2 1
86955 3 1
86961 3 1
86964 2 1
86964 3 1
86965 3 2
86967 2 1
86968 3 1
8697 2 1
86970 3 1
86972 3 1
86974 3 1
86976 2 1
86977 2 1
86978 3 1
8698 3 1
86986 2 1
86990 2 1
86991 2 1
86992 2 2
86992 3 1
86993 2 1
86994 3 1
87030 2 1
87030 3 1
87032 3 1
87042 2 1
87048 3 1
87054 3 1
87056 3 1
87058 2 1
87062 2 1
87062 3 1
87063 2 1
87072 2 1
87072 3 2
87073 2 1
87074 3 1
87077 3 1
87079 2 1
87079 3 2
87080 2 1
87081 3 1
87085 3 1
87093 2 1
87094 3 1
87097 2 1
87097 3 1
87098 3 1
871 2 1
87100 3 1
87102 3 1
87105 3 1
87106 2 1
87112 2 1
87115 3 1
87128 2 1
87129 3 1
87131 3 1
87133 3 1
87134 2 1
87135 2 1
87140 3 1
87143 3 1
87144 2 1
87145 3 1
87147 2 2
87147 3 1
87148 2 1
87157 2 1
87162 2 1
87164 3 1
87166 3 1
87171 2 1
87172 3 1
87177 2 1
87177 3 1
87178 2 1
87179 2 1
87180 3 2
87182 3 1
87186 2 1
87186 3 2
87188 2 1
87191 2 1
87192 3 1
87195 2 1
87196 3 1
87198 2 1
87199 2 1
87201 2 1
87209 2 1
87210 3 1
87214 3 1
87217 3 1
87219 3 1
87221 3 1
87223 2 2
87223 3 1
87224 3 1
87228 3 1
87229 2 1
87234 2 1
87235 3 1
87238 3 1
87241 2 1
87241 3 1
87245 3 1
87247 2 1
87248 2 1
87248 3 2
87249 3 1
87256 3 1
87262 3 1
87263 2 1
87264 3 1
87267 3 1
87268 2 1
87271 2 1
87275 3 1
87280 2 1
87280 3 2
87281 3 1
87287 2 1
87287 3 1
87288 2 1
87289 3 1
87291 2 1
87292 3 1
87294 2 1
87294 3 2
87295 2 1
87297 2 2
87297 3 1
87308 3 1
87310 3 1
87311 2 1
87312 3 1
87322 3 1
87324 3 1
87341 3 1
87353 3 1
87359 2 1
87359 3 1
87362 2 1
87364 2 1
87365 2 1
87365 3 2
87366 3 1
87376 2 1
87376 3 1
87377 2 2
87377 3 1
87378 2 1
87384 2 1
87384 3 2
87385 2 2
87385 3 1
87386 2 1
87388 3 1
87390 2 1
87391 2 1
87399 2 1
87399 3 1
874 3 1
87400 2 1
87401 2 1
87402 3 1
87404 2 1
87405 2 1
87406 2 2
87406 3 1
87407 2 1
87408 2 1
87409 3 1
87411 3 1
87415 2 1
87416 2 1
87417 2 1
87423 2 2
87423 3 1
87424 2 1
87427 2 2
87428 3 1
87430 2 1
87430 3 2
87431 2 2
87431 3 1
87432 2 1
87433 2 1
87445 3 1
87447 2 1
87447 3 1
87448 3 1
87453 2 2
87454 2 1
87454 3 1
87455 2 1
87456 2 1
87456 3 2
87457 3 1
87459 2 1
87459 3 2
87460 2 1
87463 3 1
87469 2 1
87472 2 1
87472 3 1
87475 2 1
87479 3 1
87480 2 1
87481 2 1
87482 3 1
87488 3 1
87489 2 1
8749 2 1
87490 2 2
87490 3 1
87494 3 1
87497 2 1
87498 2 1
87499 2 1
87500 3 1
87502 2 2
87502 3 1
87503 2 1
87503 3 1
87504 2 1
87506 2 1
87510 2 1
87510 3 1
87511 2 2
87511 3 1
87512 2 1
87513 2 1
87514 2 1
87515 2 1
87516 3 1
87522 2 1
87523 3 1
87526 3 1
87532 3 1
87533 2 1
87541 2 1
87542 3 1
87544 2 1
87545 2 1
87546 2 1
87547 2 2
87548 2 1
87548 3 1
87549 3 2
87551 3 1
87553 2 1
87553 3 2
87556 2 1
87556 3 1
87557 2 1
87565 2 1
87571 3 1
87575 3 1
87578 2 1
87578 3 1
87579 2 2
87580 2 1
87580 3 1
87586 2 1
8759 3 1
87591 2 1
87594 2 1
87595 2 1
87596 2 1
87602 3 1
87604 2 1
87608 2 1
87608 3 1
87609 2 1
87609 3 2
87610 2 1
87610 3 2
87611 3 2
87613 3 1
87615 2 1
87616 2 1
87619 3 1
87623 2 1
87624 3 1
87627 2 1
87630 2 1
87634 2 1
87635 3 1
87638 2 2
87638 3 1
87639 2 1
87639 3 1
8764 2 1
8764 3 1
87647 3 1
87651 2 1
87651 3 1
87652 3 2
8767 3 1
87673 3 1
87681 3 1
87683 2 2
87683 3 1
87684 2 1
87684 3 1
87685 2 1
87686 2 1
87686 3 2
87687 3 1
87689 3 1
87693 3 1
87695 2 1
87696 2 2
87697 2 1
87697 3 1
877 3 1
87702 2 1
87703 3 1
87705 2 1
87705 3 1
87706 2 2
87707 3 1
8771 3 1
87710 3 1
87713 2 1
87714 2 1
87715 3 2
87718 2 1
87723 2 1
87723 3 1
87725 2 1
87726 2 1
87728 2 1
87732 3 1
87736 3 1
8774 2 1
87749 3 1
87751 3 1
87752 2 1
87753 3 2
87755 3 1
87758 2 2
87759 2 1
87759 3 1
87760 2 1
87764 3 1
87765 2 1
87769 2 1
8777 3 1
87771 3 1
87772 2 1
87773 3 1
87776 2 1
87777 2 2
87778 3 1
8778 2 1
87783 2 1
87786 2 1
87786 3 1
87787 2 2
87788 2 1
87788 3 1
87789 3 1
87792 2 1
87792 3 1
87799 3 1
87802 3 1
87806 3 1
87807 2 1
87808 2 2
87808 3 1
87809 3 1
87812 3 1
87814 2 1
87814 3 1
87815 2 1
87815 3 2
87816 2 1
87816 3 2
87817 2 1
87820 2 1
87822 3 1
87824 2 1
87827 3 1
87830 3 1
87832 2 1
87833 3 2
87839 2 1
87839 3 1
87840 2 2
87841 3 1
87847 2 1
87848 3 1
87853 3 1
87856 2 1
87857 3 1
87859 2 1
87859 3 1
8786 3 1
87860 2 1
87864 3 1
87867 3 1
87871 2 2
87872 2 1
87873 3 1
87879 2 1
87880 2 2
87880 3 1
87881 2 1
87882 2 1
87883 3 1
87885 2 1
87885 3 1
87886 3 2
8789 2 1
87890 2 1
87890 3 1
87891 3 1
87896 3 1
87898 2 1
87899 2 1
879 2 1
879 3 2
8790 2 2
87900 2 2
87900 3 1
87902 2 1
87903 2 1
87904 2 1
87904 3 2
87905 3 2
87907 2 1
87907 3 1
8791 2 1
8791 3 1
87910 3 1
87912 3 1
87914 2 1
87915 3 1
87917 3 1
87918 3 2
87920 3 1
87928 2 1
87928 3 1
87929 2 1
87930 2 1
87931 2 2
87931 3 1
87932 2 1
87933 3 2
87934 3 1
87938 2 1
87938 3 2
87939 2 1
87940 2 1
87941 2 1
87949 2 1
87949 3 2
87950 3 1
87953 2 2
87954 2 1
87955 3 1
8796 2 1
87966 2 1
87967 2 2
87967 3 1
87968 2 1
87991 3 1
87993 3 1
87997 2 1
880 2 1
88000 3 1
88002 2 1
88002 3 1
88003 2 2
88004 2 1
88004 3 1
88013 2 1
88016 2 1
88016 3 1
88019 2 1
88019 3 2
8802 2 1
88020 3 1
88023 2 1
88025 3 1
88027 3 1
8803 2 2
8803 3 1
88033 2 1
88034 2 2
88034 3 1
88035 3 1
88038 3 1
88045 2 1
88045 3 1
88046 2 1
88047 3 1
8805 2 1
88052 2 1
88062 2 2
88062 3 1
88063 2 1
88063 3 1
88064 3 1
88066 2 1
88067 3 1
88069 3 1
8807 3 1
88071 2 1
88072 3 1
88074 2 1
88074 3 1
88075 3 1
88077 2 1
88077 3 1
88078 2 1
88078 3 2
88081 3 1
88083 2 1
88083 3 1
88084 2 1
88087 3 1
88088 2 1
88089 3 2
8809 2 1
8809 3 1
88094 3 1
88096 3 1
88098 3 2
88099 3 1
881 2 1
88101 3 1
88103 2 2
88103 3 1
88104 2 1
88104 3 1
88106 3 1
88108 3 1
88115 2 1
88115 3 1
88118 2 2
88118 3 1
88119 3 1
8812 3 1
88122 3 1
88125 2 1
88125 3 1
88127 3 1
88129 2 1
8813 3 2
88130 3 1
88132 2 1
88134 2 1
88135 2 1
88138 2 1
88138 3 2
88141 2 1
88141 3 1
88142 3 2
88144 2 1
88145 2 1
88145 3 2
88146 3 1
8815 3 1
88152 2 1
88153 3 1
88155 3 1
88156 2 1
88156 3 2
88157 2 2
88158 2 1
88158 3 1
88159 2 1
88163 2 1
88163 3 1
88164 2 1
88166 3 1
88168 2 1
88168 3 1
8817 2 1
8817 3 1
88171 2 1
8818 2 1
8818 3 2
8819 2 1
8819 3 2
88193 2 1
88197 2 1
88199 3 1
88203 2 1
88204 2 1
88205 3 1
88207 2 1
88207 3 1
8821 3 1
88213 3 1
88215 2 1
88215 3 2
88216 2 1
88217 2 1
88219 2 1
88220 2 2
88221 3 1
88223 2 1
88224 2 1
88225 2 2
88225 3 1
88226 2 1
88228 3 1
88230 2 1
88232 3 1
88234 2 1
88234 3 1
88235 2 1
88235 3 2
88236 2 1
88245 2 1
88245 3 2
88246 2 2
88246 3 1
88247 2 1
88248 3 1
88250 2 1
88251 3 1
88253 2 1
88253 3 1
88254 3 1
88256 2 1
88256 3 1
88261 3 1
88263 2 1
88263 3 1
88267 2 1
88267 3 1
88268 3 1
8827 3 1
88272 3 1
88273 2 1
88274 2 1
88275 2 1
88278 2 1
88279 2 1
88280 3 2
88285 2 1
88286 2 1
88286 3 2
88287 3 1
8829 3 1
88292 2 2
88293 2 1
88293 3 1
88294 2 1
8831 2 1
88321 3 1
88329 2 1
88329 3 1
88330 3 2
88346 3 1
88348 2 1
88348 3 1
88355 3 1
88357 2 1
88357 3 2
88364 2 1
88365 2 2
88366 2 1
88366 3 1
8838 3 1
88381 3 1
88385 2 1
88385 3 1
88386 2 1
88388 3 1
88392 2 2
88392 3 1
88393 2 2
88393 3 1
88394 2 1
88395 3 1
88397 3 1
88399 3 1
884 3 1
88403 2 1
88404 2 2
88405 3 1
88407 2 1
88408 3 1
88411 2 1
88412 2 2
88412 3 1
88413 3 1
88416 2 1
88416 3 1
88419 2 1
88419 3 1
8842 3 1
88420 2 1
88421 3 1
88423 2 1
88423 3 1
88426 3 1
88428 2 1
88428 3 1
88431 2 1
88431 3 2
88432 2 2
88432 3 1
88433 2 1
88434 3 2
88436 3 1
88438 3 1
88445 3 1
88448 2 2
88448 3 1
88449 2 1
88450 2 1
88454 2 1
88454 3 1
88457 2 1
88458 3 1
88460 2 1
88461 3 1
88467 2 1
88467 3 1
88468 3 1
88471 2 1
88471 3 2
88472 2 1
88473 3 1
88475 2 1
88475 3 1
8848 2 1
88480 2 1
88480 3 1
88481 3 1
88483 2 1
88484 2 2
88484 3 1
88485 2 1
88486 3 1
88488 3 1
88493 3 1
88513 2 1
88514 3 1
88529 2 1
88529 3 2
88531 2 1
88532 3 1
8854 2 1
88544 2 1
88545 3 1
88551 2 1
88555 3 1
88562 3 1
88564 2 1
88565 3 1
88569 2 1
88569 3 1
88572 2 1
88578 3 1
88581 2 1
88582 2 2
88582 3 1
88583 2 2
88583 3 1
88584 3 1
8859 2 1
8859 3 1
88590 2 1
88590 3 1
88591 3 2
88593 3 1
88597 2 2
88597 3 1
88606 3 1
88608 3 1
88610 2 1
88610 3 1
88613 2 1
88614 3 1
88616 2 1
88616 3 1
88617 2 2
88618 2 1
88618 3 1
88619 3 1
8862 2 1
88621 3 1
88622 2 1
88623 3 2
88625 3 1
88627 2 1
88628 3 1
88649 2 1
88659 2 1
88659 3 2
88660 2 1
8867 2 1
88673 2 1
88673 3 1
88674 2 1
88674 3 2
88675 2 1
88675 3 2
88680 2 1
88685 2 1
88686 2 1
88686 3 2
88687 3 1
88697 2 1
887 2 1
887 3 1
88706 3 1
88712 2 1
88713 2 1
88718 2 1
88719 3 1
88722 2 1
88729 2 1
8873 2 1
88733 3 1
88735 2 1
88736 3 1
88739 2 1
88740 3 1
88742 2 2
88742 3 1
88743 3 1
88745 2 1
88745 3 1
88746 3 2
88749 3 1
8875 3 1
88751 2 1
88751 3 2
88752 2 1
88752 3 2
88755 2 1
88755 3 1
88756 3 2
88758 3 1
88760 2 1
88760 3 1
88761 2 1
88762 3 2
88764 2 1
88764 3 1
88766 2 2
88767 2 1
88767 3 1
8877 3 1
88773 2 1
88774 2 1
88777 2 1
88777 3 1
88781 3 1
88782 2 1
88788 2 1
88789 3 1
88791 3 1
88793 3 1
88794 2 1
88795 3 1
88797 2 2
88797 3 1
88798 2 1
88799 2 1
8880 2 1
88800 2 1
88800 3 2
88801 3 1
88803 2 1
88804 2 1
8881 2 1
88810 2 2
88810 3 1
88811 3 1
88814 3 1
88816 3 1
88818 2 1
88818 3 2
88819 2 1
88819 3 2
8882 2 1
88820 2 1
88820 3 2
88821 3 1
88823 3 1
88825 2 1
88825 3 1
88829 2 1
8883 2 1
88830 2 1
88831 2 1
8884 3 2
88841 3 1
88844 2 1
88844 3 2
88845 2 1
88854 2 1
88855 2 1
88856 2 1
88857 2 1
88858 2 1
88859 3 1
88862 2 1
88863 3 1
88865 3 1
88874 2 2
88875 2 1
88876 3 1
88891 2 1
88896 2 1
88897 2 1
88898 2 1
88899 3 2
88903 3 1
88907 2 1
88912 2 1
88912 3 2
88913 2 2
88914 3 1
88918 3 1
8892 3 1
88920 2 1
88922 2 1
88923 2 2
88924 2 1
88924 3 1
88925 3 1
8893 2 1
8893 3 2
88932 2 1
88933 3 1
88936 3 1
88938 2 1
88939 2 2
88939 3 1
8894 2 1
88944 3 1
88946 3 1
88948 2 2
88948 3 1
88949 2 1
88950 2 1
88951 3 2
88953 2 1
88953 3 1
88958 3 1
8896 3 1
88961 2 1
88961 3 1
8897 2 1
88975 2 1
88976 3 1
88978 3 1
8898 3 1
88980 3 1
88981 2 1
88988 2 1
88989 3 1
89003 2 1
89004 2 1
89004 3 2
89005 3 1
89007 2 1
89007 3 1
89009 3 1
8901 2 1
8901 3 1
89016 2 1
89016 3 1
89024 2 1
89025 3 1
89036 3 1
89039 2 1
89042 3 1
89046 2 1
89047 3 1
89049 2 1
89049 3 2
89050 2 1
89050 3 2
89051 3 1
89054 2 1
89054 3 1
89057 2 1
89058 3 1
89060 3 1
89062 2 1
8907 2 1
8907 3 1
89072 2 1
89072 3 2
89075 2 1
89075 3 2
89076 2 1
89076 3 2
89077 2 1
89078 2 2
89078 3 1
89079 2 1
8908 3 1
89080 2 1
89081 2 1
89081 3 2
89082 3 1
89092 2 1
89092 3 1
89093 2 1
89094 2 2
89095 3 1
89096 2 1
89097 3 2
891 3 1
89101 3 1
89107 3 1
89111 3 1
89119 2 1
89119 3 2
89120 2 2
89120 3 1
89121 2 1
89122 2 1
89125 2 1
89126 2 1
89130 2 1
89130 3 1
89136 2 1
89136 3 1
89137 2 1
89138 3 1
89140 2 2
89140 3 1
89141 2 1
89142 3 1
89144 2 1
89146 2 2
89147 2 1
89147 3 1
89148 2 1
89149 2 1
8915 2 1
89150 2 1
89151 3 2
89153 3 1
8916 2 2
8917 3 1
89170 2 1
89173 2 1
89173 3 1
89174 3 1
89184 3 1
89190 2 1
89191 3 1
89193 2 1
89193 3 2
89194 2 2
89194 3 1
89195 2 1
89206 3 1
89214 3 1
89223 2 1
89223 3 1
89229 2 1
89229 3 1
89230 2 1
89231 2 1
89232 2 2
89232 3 1
89233 2 1
8924 2 1
89241 2 1
89241 3 1
89242 3 1
89245 2 1
89247 2 2
89247 3 1
89248 3 1
8925 2 1
89254 2 2
89254 3 1
89255 3 1
89257 3 1
89259 3 1
8926 3 2
89263 2 1
89263 3 2
89264 2 1
89264 3 2
89265 2 2
89265 3 1
89266 2 1
89267 3 1
89269 2 1
89271 3 1
89272 2 1
8928 2 1
8928 3 1
89281 2 1
89281 3 1
89282 2 1
89283 2 2
89284 3 1
89285 2 1
8929 2 1
89291 3 1
893 3 1
89306 2 1
89310 3 1
89318 3 1
8932 3 1
89331 2 1
89332 3 1
89334 2 1
89334 3 1
89337 3 1
89344 2 1
89344 3 1
89345 2 1
89348 2 1
89348 3 1
89358 3 1
89360 2 1
89361 3 1
89370 3 1
89371 2 1
89371 3 2
89372 2 2
89373 2 1
89373 3 1
89376 2 2
89377 2 1
89378 2 1
89379 2 1
89380 2 1
89383 2 1
89383 3 1
89388 2 1
89388 3 2
89389 2 2
89389 3 1
8939 3 1
89390 2 1
89392 3 1
89395 2 1
89395 3 1
8940 2 1
89401 2 1
89402 3 1
89404 2 1
89404 3 1
89405 2 1
89406 3 1
89408 3 1
8941 2 1
89411 2 1
89411 3 1
89412 2 2
89413 2 1
89413 3 1
89414 2 1
8942 2 1
89421 2 1
89425 3 1
89427 2 1
89427 3 1
89428 3 1
89431 2 2
89431 3 1
89432 3 1
89433 2 1
89440 2 1
89440 3 1
89443 3 1
89444 2 1
89445 2 1
89445 3 2
89446 3 1
89448 2 1
89448 3 1
89449 2 1
89450 3 2
8946 2 1
8946 3 1
89460 3 1
89465 2 1
89465 3 1
89466 3 2
8947 2 2
89472 2 1
89473 3 1
89475 3 1
89476 2 1
8948 3 1
89481 2 1
89481 3 1
89482 2 2
89482 3 1
89483 2 1
89489 2 1
89490 3 1
89499 3 2
895 3 1
89500 3 1
89503 2 2
89503 3 1
89504 2 1
89505 2 1
89522 2 1
89523 2 1
89524 3 2
89526 3 1
89529 3 1
89534 2 1
8955 2 2
8955 3 1
89551 2 1
89552 2 1
89553 2 2
89554 3 1
89559 3 1
8956 2 1
89562 3 1
89568 2 1
89569 3 1
8957 2 1
8957 3 2
89571 2 2
89571 3 1
89572 2 1
89573 2 1
89575 3 1
89577 2 1
89577 3 2
8958 2 1
8958 3 2
89584 2 2
89584 3 1
89585 2 1
89586 2 1
89587 3 2
89589 3 1
8959 3 1
89591 2 1
89591 3 1
89592 2 1
89593 2 1
89594 2 1
89595 3 2
89597 2 1
89598 3 1
89601 3 1
89610 2 1
89614 3 1
89616 3 1
89618 3 1
8962 3 1
89620 2 1
89620 3 1
8963 2 1
8964 2 1
8965 2 1
89650 3 1
89652 3 1
89659 3 2
8966 3 1
89660 3 1
89662 3 1
89664 3 1
89666 2 1
89666 3 1
89679 2 1
89680 3 1
89690 3 1
89697 2 1
89698 2 1
89699 2 2
89699 3 1
89700 2 1
89701 3 1
89706 3 1
8971 2 1
89713 3 1
89715 2 1
89715 3 1
89716 2 1
89717 2 1
89718 2 1
8972 2 1
89722 2 1
89723 3 1
8973 2 2
89731 2 2
89731 3 1
89732 2 1
89733 2 1
89736 2 2
89736 3 1
89737 2 1
89737 3 1
8974 3 1
89740 2 1
89740 3 1
89743 3 1
89751 3 1
89754 2 1
89754 3 1
89755 3 2
89757 2 2
89757 3 1
89758 3 1
89761 2 1
89762 3 2
89764 3 1
89767 3 1
89769 2 1
89769 3 1
89772 2 1
89772 3 1
89775 2 1
89775 3 1
89776 2 2
89777 2 1
89777 3 1
89780 2 1
89780 3 1
89781 2 1
89781 3 2
89782 2 1
89782 3 2
89783 3 1
89785 2 1
89785 3 1
89786 2 1
89786 3 2
89788 2 1
89789 2 2
89789 3 1
8979 2 1
89790 2 1
89791 3 1
89797 2 1
898 2 1
898 3 1
89800 2 1
89801 3 1
89804 2 1
89810 2 1
89810 3 1
89811 2 2
89812 3 1
89822 3 1
89829 2 1
89829 3 1
89830 2 2
89831 2 1
89831 3 1
89832 2 1
89833 3 2
89839 3 1
8984 2 1
89841 2 2
89841 3 1
89842 3 1
89844 3 1
89854 2 1
89854 3 1
89855 2 1
89859 2 1
89859 3 2
89861 3 1
89862 3 2
89863 3 1
89868 3 1
89869 2 1
8987 2 1
89870 2 1
89870 3 2
89871 2 1
89871 3 2
89872 3 1
8988 2 1
89884 2 1
89886 2 1
89888 2 1
89889 2 2
89890 2 1
89890 3 1
89898 2 2
899 2 1
899 3 2
89905 2 1
89906 2 1
89907 3 1
89913 2 1
89917 2 1
89917 3 1
89918 2 2
89918 3 1
89925 2 1
89925 3 1
89926 3 1
89928 2 1
89929 3 1
8993 2 1
8994 3 1
89940 3 1
89943 2 1
89943 3 1
89946 3 1
89949 2 1
89965 2 1
89966 2 1
89968 3 1
8998 2 1
89980 3 1
89982 2 1
89989 2 1
89989 3 1
89990 2 2
89991 2 1
89991 3 1
89992 3 2
89995 2 1
89998 2 1
89998 3 1
900 2 2
90010 3 1
90019 3 1
90029 3 1
9003 3 1
90031 2 2
90031 3 1
90032 2 1
90032 3 1
90034 3 1
90036 2 1
90037 3 1
90041 2 1
90041 3 1
90042 2 1
90043 2 2
90044 2 1
90044 3 1
90045 3 2
9005 3 1
90053 2 2
90053 3 1
90054 2 1
90054 3 1
90056 3 2
90057 3 1
90059 3 1
90060 2 1
90061 3 2
90066 2 1
90070 3 1
90072 2 1
90072 3 1
90076 2 1
90076 3 1
90078 3 1
90081 3 1
90084 2 1
90085 2 1
90087 2 2
90088 3 1
90092 2 1
90092 3 1
90093 2 1
90093 3 2
90097 3 1
90099 3 1
901 3 1
9010 3 1
90102 3 1
90104 2 1
90104 3 1
90107 3 1
90110 2 1
90112 3 1
90115 2 1
9012 3 1
90122 2 1
90123 2 1
90124 2 1
90127 3 1
90131 2 1
90136 2 1
90136 3 1
90137 2 1
90137 3 2
90138 2 1
90138 3 2
90139 2 1
90139 3 2
9014 3 1
90150 2 1
90151 2 2
90151 3 1
90152 2 1
90158 2 1
90161 3 1
90163 2 1
90163 3 1
90165 2 1
90166 2 1
90167 3 1
90169 3 1
90171 2 2
90171 3 1
90172 3 1
90174 3 1
90188 2 1
90188 3 1
90189 3 1
90192 2 1
90197 2 1
90200 2 1
90200 3 1
90201 2 1
90201 3 2
90206 3 1
90212 3 1
90222 2 1
90223 2 1
90224 2 2
90224 3 1
90227 3 1
90228 2 1
90231 2 1
90232 2 1
90233 3 1
90237 2 1
90238 3 1
90245 2 1
90245 3 1
90246 2 1
90246 3 2
90247 2 2
90248 2 2
90248 3 1
90249 3 1
9025 2 1
90251 2 1
90252 3 1
90254 2 1
90254 3 1
90255 2 2
90256 3 1
9026 3 1
90260 2 1
90263 3 1
90269 2 1
90272 2 1
90272 3 1
90273 3 2
90276 2 1
9028 3 1
90283 2 1
90284 2 1
90298 2 1
90299 3 1
903 2 1
903 3 1
9030 2 1
9030 3 1
90316 3 1
90319 3 1
90321 2 1
90321 3 2
90322 2 1
90328 3 1
90350 3 1
90353 3 1
90355 2 1
90356 3 1
90358 2 1
90358 3 1
90361 2 2
90361 3 1
90362 3 1
90364 3 1
90374 2 1
90374 3 2
90375 2 1
90376 3 1
90380 2 1
90380 3 1
90381 3 1
90383 2 2
90383 3 1
90384 3 1
90386 2 1
90386 3 1
90387 2 2
90388 2 1
90388 3 1
90389 3 2
90391 2 1
90391 3 1
90392 3 1
90399 2 1
90399 3 1
904 2 1
904 3 2
90400 2 2
90401 2 1
90401 3 1
90404 2 1
90404 3 1
90405 2 2
90405 3 1
90406 3 1
90408 2 1
90409 3 1
90411 3 1
90416 2 1
90417 2 2
90418 3 1
90422 2 1
90423 3 1
90427 2 1
90427 3 2
90428 2 1
90431 2 1
90431 3 1
90432 3 2
90434 3 1
90438 2 1
90439 3 1
90441 3 1
90443 3 1
90446 3 1
90449 3 1
90457 2 2
90457 3 1
90458 2 1
90458 3 1
90459 2 1
90460 3 1
90464 2 1
90465 2 2
90465 3 1
90466 2 1
90467 2 1
90468 2 1
90468 3 2
90469 3 1
90471 2 1
90471 3 1
90486 3 1
90488 3 1
90491 3 1
90497 2 1
90497 3 2
90498 2 1
90499 2 2
90500 2 1
90500 3 1
90501 2 2
90501 3 2
90502 3 1
90514 2 1
90515 2 1
90516 3 1
90518 2 2
90518 3 1
90519 2 1
90522 3 1
90525 3 1
90530 2 1
90531 3 1
90533 2 1
90533 3 1
90534 3 1
90536 2 1
90547 3 1
90548 2 1
90551 3 1
90554 2 1
90556 2 2
90556 3 1
90557 3 1
90563 2 1
90564 3 1
90568 2 1
90569 3 1
90573 2 1
90574 2 2
90574 3 1
90575 2 1
90576 3 1
90578 2 1
90578 3 2
90583 2 1
90586 2 1
90587 3 1
90593 2 2
90593 3 1
90594 3 1
90603 2 1
90604 3 1
90625 3 1
90629 2 1
90629 3 2
90632 3 1
90646 2 1
90646 3 2
90647 2 1
90647 3 2
90648 2 2
90648 3 1
90649 2 1
90650 2 1
90650 3 2
90651 3 1
90655 2 1
90656 2 1
90657 2 2
90657 3 1
90658 2 1
90659 2 1
90660 3 1
90671 3 1
90679 2 1
90680 2 2
90681 2 1
90681 3 1
90682 2 1
90683 3 2
90685 3 1
90691 2 2
90691 3 1
90692 3 1
90694 2 2
90694 3 1
90695 2 1
90695 3 1
90696 2 1
90701 3 1
90703 2 1
90703 3 1
90704 3 1
90709 2 1
90710 2 2
90711 3 1
90713 2 1
90716 3 1
90720 2 1
90721 2 2
90722 3 1
90726 2 1
90726 3 1
90727 2 1
90731 3 1
90733 2 1
90733 3 1
90734 2 2
90735 2 2
90735 3 1
90736 3 1
90739 2 1
90744 2 1
90744 3 1
90745 2 1
90747 2 1
90754 2 1
90755 2 1
90756 2 1
90757 3 1
90763 2 1
90766 2 1
90766 3 1
90771 3 1
90773 2 1
90774 3 1
90776 3 1
90780 2 1
90782 3 1
90784 2 1
90784 3 1
90785 2 1
90786 2 2
90786 3 1
90787 2 1
90788 3 2
90790 2 1
90798 2 1
90798 3 1
90799 2 2
90800 2 1
90800 3 1
90801 3 2
90807 3 1
90809 3 1
90811 2 1
90812 2 1
90814 3 1
90815 2 1
90816 3 2
90818 3 1
90820 2 1
90820 3 1
90825 2 1
90826 2 1
90827 3 1
90830 2 1
90831 2 1
90832 2 2
90833 2 1
90833 3 1
90834 3 2
90846 3 1
90848 3 1
90850 3 1
90851 2 1
90851 3 2
90855 2 1
90857 2 1
90858 2 1
90859 3 1
90861 3 1
90863 2 2
90863 3 1
90864 2 1
90865 3 1
90877 3 1
90879 3 1
9088 2 1
90880 2 1
90880 3 2
90881 2 2
90882 2 1
90882 3 1
90883 3 1
90886 2 1
90886 3 2
90887 2 2
90888 2 1
90888 3 1
90889 3 1
90895 2 1
90896 2 1
90897 3 1
90899 2 2
90899 3 1
909 2 1
90900 2 1
90900 3 1
90906 2 1
90907 2 1
90908 3 1
90910 2 1
90910 3 1
90911 2 1
90913 3 1
90918 2 1
90920 3 1
90923 2 1
90928 3 1
9093 2 1
9093 3 1
90931 2 1
90931 3 1
9094 3 2
90952 2 1
90953 2 1
90954 2 2
90954 3 1
90955 2 1
90956 2 1
90957 2 1
90957 3 2
90958 2 1
90958 3 2
90959 3 1
90966 3 1
90970 2 1
90971 3 1
90974 2 1
90974 3 1
90975 2 1
90976 2 1
90977 2 1
90980 2 1
90980 3 1
90981 2 2
90982 2 1
90982 3 1
90984 3 1
90987 3 1
90990 2 2
90990 3 1
90991 2 1
90991 3 1
910 2 1
91001 3 1
9101 3 1
91011 3 1
91013 2 1
91013 3 1
91019 3 1
91021 2 2
91021 3 1
91022 2 1
91022 3 2
91023 2 2
91023 3 1
91024 2 1
91029 3 1
91030 2 1
91033 2 2
91033 3 1
91034 2 2
91034 3 1
91035 2 1
91035 3 1
91038 3 2
91039 3 1
91041 2 1
91041 3 2
91042 3 1
91047 2 1
91049 3 2
91050 3 1
91052 3 1
91056 3 1
91058 3 1
9106 2 1
91060 2 1
91063 3 1
91065 2 1
91065 3 2
91066 2 2
91067 2 1
91067 3 1
91068 3 1
91073 2 1
91073 3 1
91074 3 2
91081 2 1
91081 3 1
91082 2 1
91082 3 2
91084 3 1
91087 2 2
91087 3 1
91088 2 1
91088 3 1
91089 2 1
9109 3 1
91090 2 1
91099 2 1
911 3 1
91100 2 1
91104 2 1
91104 3 2
91105 2 2
91105 3 1
91106 2 1
91107 3 1
91112 2 1
91112 3 2
91113 2 1
91116 3 1
91118 2 1
91118 3 1
91119 3 1
91121 3 1
9113 3 1
91132 2 1
9114 2 1
91144 3 1
91146 2 1
91146 3 1
91147 2 1
91147 3 2
91148 2 2
91149 2 1
91149 3 1
9115 2 2
9115 3 1
91157 2 2
91157 3 1
91158 2 1
91158 3 1
91159 3 1
9116 2 1
91163 2 1
91163 3 2
91164 2 1
9117 3 1
91175 2 1
91178 2 1
91178 3 2
91179 2 2
91179 3 1
91180 2 1
91181 3 1
91183 2 1
91183 3 1
91184 3 1
91189 2 1
91189 3 2
91190 2 2
91190 3 1
91191 2 1
91195 2 1
91203 2 1
91204 3 1
91206 2 1
91206 3 1
91209 2 1
91210 3 1
91212 2 2
91212 3 1
91214 2 1
91215 2 1
91215 3 2
91216 3 1
91218 2 2
91218 3 1
91219 2 1
91220 2 1
91221 3 1
91223 2 1
91223 3 1
91225 3 1
91227 3 1
91229 2 2
91229 3 1
91230 3 1
91232 3 1
91234 3 1
91238 3 1
9124 3 1
91240 3 1
91243 2 1
91244 3 1
91246 2 1
91246 3 1
91248 3 1
91250 3 1
91255 2 1
91255 3 1
91257 2 2
91257 3 1
91258 3 1
9126 3 1
91261 3 1
91263 3 1
91270 2 1
91271 2 1
91284 3 1
91287 2 1
91287 3 1
91288 2 1
91288 3 2
91289 2 2
91290 2 1
91290 3 1
91296 2 1
913 3 1
91303 2 1
91310 3 1
91312 3 1
91314 3 1
91317 2 1
91317 3 2
91318 2 1
91318 3 2
91319 2 2
91319 3 1
91320 2 1
91321 3 2
9133 2 1
9133 3 2
91331 3 1
91343 2 2
91344 3 1
91345 2 1
91346 3 1
91349 2 1
9135 3 1
91350 2 2
91350 3 1
91351 2 1
91352 2 1
91356 2 1
91356 3 1
91357 2 1
91358 2 2
91358 3 1
91359 3 1
91363 2 2
91363 3 1
91364 2 1
91365 3 2
91368 2 1
91368 3 1
91369 2 2
91370 2 1
91370 3 1
91374 2 1
91374 3 1
91375 2 1
91377 3 1
91379 2 1
91379 3 1
9138 2 1
91380 2 2
91381 2 1
91381 3 1
91382 3 2
91384 2 1
91384 3 1
91385 2 1
91388 2 1
91390 3 1
91392 2 1
91392 3 1
91393 2 2
91394 2 1
91394 3 1
91395 3 1
91397 2 2
91397 3 1
91398 2 1
91399 2 1
91401 3 1
91403 2 1
91404 2 1
91405 3 1
91411 2 1
91412 3 1
91414 3 1
91417 2 2
91417 3 1
91418 3 1
9142 2 1
91423 3 1
9143 3 1
91433 2 1
91433 3 1
91437 3 1
91439 3 1
91440 2 1
91441 2 1
91442 3 1
91448 2 2
91449 3 1
9145 2 1
91451 2 1
9146 2 2
9146 3 1
91462 3 1
91464 3 1
91465 2 1
91469 2 1
9147 2 1
91470 3 1
91472 2 1
91472 3 1
91473 2 1
91476 2 1
91477 3 1
91479 3 1
9148 2 1
9148 3 2
91483 3 1
91484 2 1
91485 3 1
91487 2 2
91487 3 1
91488 2 2
91488 3 1
91489 2 1
9149 3 1
91490 2 1
91491 2 1
91491 3 2
91492 2 1
91492 3 2
91493 3 1
91507 2 1
91507 3 1
91508 2 1
91509 3 2
9151 3 1
91511 3 1
91513 2 2
91513 3 1
91514 2 1
91515 2 1
91516 3 1
91518 2 1
91518 3 1
91519 2 1
91522 3 1
91523 2 1
91524 3 1
91532 3 1
91534 3 1
91536 3 1
91540 3 1
91545 2 1
91546 2 2
91547 2 1
91547 3 1
91548 3 2
9155 2 1
9155 3 1
91551 2 1
91552 2 1
91553 3 2
91555 3 1
91557 3 1
91559 2 1
9156 2 2
9156 3 1
91560 3 2
91562 3 1
91564 2 1
91564 3 2
91565 3 1
91567 2 1
91567 3 1
9157 3 1
91570 3 1
91575 2 1
91579 2 1
91582 2 1
91582 3 1
91583 2 1
91584 2 2
91584 3 1
91585 3 1
91587 2 1
9159 2 1
91590 2 1
91590 3 1
91591 3 2
91593 2 1
9160 3 1
91609 3 1
91617 2 1
91618 3 1
91620 3 1
91622 3 1
91636 2 1
91637 2 1
91639 2 1
91640 2 2
91641 2 1
91641 3 1
91645 2 1
91646 2 1
91647 2 1
91648 2 1
91649 3 2
91651 2 1
91651 3 1
91661 3 1
91670 2 1
91673 2 1
91676 2 1
91677 2 1
91678 3 1
9168 2 1
9168 3 2
91680 3 1
91684 2 1
91684 3 1
91685 2 2
91685 3 1
91686 3 1
91688 2 1
91691 2 1
91691 3 1
91695 2 1
91695 3 1
91696 2 1
917 2 1
9170 3 1
91702 2 1
91707 3 1
91709 3 1
91711 2 1
91712 2 1
91724 2 2
91724 3 1
91725 2 1
91725 3 2
91726 2 1
91726 3 2
91727 3 2
9173 2 1
91731 3 1
91736 2 1
91737 3 1
91742 3 1
91744 2 1
91744 3 2
91745 3 1
91747 2 1
91748 3 2
91750 2 1
91750 3 1
91752 2 2
91752 3 1
91753 3 1
91756 3 1
91757 2 1
91759 2 1
9176 2 1
91760 2 1
91760 3 2
91761 3 1
91765 2 1
91766 2 2
91766 3 1
91768 2 1
9177 3 1
91772 2 1
91773 3 1
91775 2 1
91775 3 1
91785 3 1
91787 3 1
91791 2 1
91794 3 1
91796 3 1
91797 3 2
91799 2 2
91799 3 1
918 3 1
91807 3 1
91809 2 1
91810 3 1
91812 2 1
91812 3 1
91815 2 1
91816 2 2
91816 3 1
91817 2 1
9182 2 1
91821 2 1
91821 3 1
91822 2 1
91826 3 1
9183 3 1
91834 3 1
91836 2 1
91839 2 1
91839 3 1
91840 2 1
91840 3 2
91841 2 2
91842 2 1
91842 3 1
91843 3 2
91846 2 2
91846 3 1
91847 2 1
91847 3 1
9185 3 1
91852 3 1
91854 3 1
91856 2 1
91856 3 1
91862 3 1
91864 3 1
91866 3 1
91869 2 1
91869 3 1
9187 3 1
91879 2 1
91883 2 1
91883 3 1
91887 2 1
91887 3 2
91888 3 1
9189 3 1
91890 2 1
91890 3 1
91891 2 1
91892 2 2
91893 2 1
91893 3 1
91897 3 1
91900 2 1
91900 3 2
91901 3 1
91907 2 1
91907 3 1
91909 3 1
91912 3 1
91914 2 2
91914 3 1
91915 3 1
91920 2 1
91920 3 2
91921 2 1
91922 3 1
91925 3 1
91927 3 1
91934 3 1
91936 3 1
9194 2 1
9194 3 1
91949 2 1
9195 2 1
91952 2 1
91953 2 1
91955 2 1
91956 3 1
9196 3 2
91963 2 1
91964 2 1
9197 3 1
91971 3 1
91979 2 1
91979 3 1
91980 2 1
91980 3 2
91981 2 2
91989 3 1
9199 2 1
9199 3 1
91991 3 1
920 3 1
9200 3 2
92008 2 1
92009 2 1
92010 3 2
92013 2 1
92013 3 1
92014 2 2
92015 2 2
92015 3 1
92016 3 1
92024 2 1
92029 2 1
92031 3 1
92038 2 1
92045 2 1
92046 3 1
92049 2 1
92049 3 1
9205 3 1
92051 3 2
92052 3 1
92054 2 1
92054 3 2
92055 2 1
92056 2 1
92057 2 1
92058 2 1
92059 3 1
92061 2 1
92062 2 1
92063 2 1
92064 2 1
9207 3 1
92071 2 1
92071 3 1
92072 2 2
92073 2 1
92073 3 1
92078 2 1
92078 3 1
92079 2 1
92079 3 2
92082 2 1
92083 2 2
92084 2 1
92084 3 1
92085 2 1
92088 3 1
92090 2 1
92091 2 2
92092 2 1
92092 3 1
92094 3 1
92096 2 1
92098 3 1
92103 2 1
92107 3 1
92110 2 1
92111 2 1
92112 2 1
92113 2 1
92114 2 2
92114 3 1
92115 3 1
92117 2 1
92124 2 1
92124 3 2
92125 2 2
92125 3 1
92126 2 1
92127 3 1
92129 2 1
92129 3 2
92132 2 1
92133 3 1
92135 2 1
92135 3 1
92136 2 2
92136 3 1
92137 2 1
92138 3 1
9214 2 1
9214 3 1
92141 2 1
92146 3 1
92149 2 1
92149 3 1
9215 2 1
92150 2 2
92150 3 1
92151 3 1
92154 2 1
92154 3 1
92155 2 1
92155 3 2
92156 3 2
9216 3 1
92164 2 1
92164 3 2
92166 3 1
92169 2 1
92170 3 1
92173 2 1
92174 3 1
92176 2 1
92177 3 2
9218 2 1
9218 3 1
92180 2 1
92180 3 1
92181 2 1
92182 2 2
92183 2 1
92183 3 1
92184 3 2
9219 2 1
92191 2 1
92194 2 1
92195 2 1
9220 2 1
92204 3 1
92205 2 1
92208 3 1
9221 2 2
9221 3 1
92211 2 1
92215 2 2
92216 2 1
92216 3 1
92217 2 1
9222 2 1
92220 3 1
92225 2 1
92226 2 1
92229 2 1
92229 3 1
9223 3 1
92230 2 1
92233 2 1
92233 3 1
92235 2 1
92239 3 1
92242 3 1
92244 2 1
92249 2 1
92249 3 1
92250 3 1
92252 2 1
92252 3 2
92253 2 1
92254 2 2
92254 3 1
92255 3 1
92257 2 1
9226 3 1
92260 2 1
92263 2 1
92264 3 2
92267 2 1
92274 2 1
92275 3 1
92277 2 1
92277 3 1
92279 3 1
9228 2 1
92284 2 1
92285 2 2
92286 3 1
9229 3 1
92298 3 1
92299 2 1
92300 2 1
92304 3 1
92305 2 1
92306 2 1
92307 3 1
92309 2 1
9231 3 1
92310 3 1
92314 3 1
92319 3 1
92321 3 1
92324 3 1
92330 2 1
92331 2 1
92332 3 1
92336 2 1
92336 3 1
92337 3 1
9234 2 1
9234 3 1
92340 2 1
92340 3 1
92341 2 1
92345 2 1
92350 2 1
92350 3 1
92353 3 2
92354 3 1
92357 3 1
92358 2 1
9236 2 1
9237 2 2
92375 2 2
92375 3 1
92376 2 1
9238 3 1
92381 2 1
92381 3 1
92382 2 2
92383 2 1
92383 3 1
92384 3 1
92389 2 1
92390 3 1
92395 3 1
92397 2 1
92398 3 1
92401 3 1
92405 2 1
92406 3 1
92408 2 1
92409 3 1
9241 2 1
9241 3 1
92414 3 1
92418 2 1
9242 2 1
92420 3 1
92422 3 1
92424 3 1
92428 2 1
92428 3 2
92429 3 1
92437 2 1
92444 2 1
92453 2 1
92453 3 1
92454 2 1
92457 2 1
92458 2 1
92458 3 2
92459 3 1
92464 2 1
92465 2 2
92466 3 1
92468 2 2
92468 3 1
92469 2 1
92469 3 1
92471 3 1
92473 2 1
92473 3 1
92478 2 1
92478 3 1
92479 2 2
9248 2 1
92480 2 2
92480 3 1
92481 3 1
92484 2 1
92485 2 1
92486 2 1
92487 2 1
92488 2 1
92489 2 2
92489 3 1
9249 2 1
92492 2 1
92493 2 1
92494 3 1
92496 3 1
925 2 1
9250 2 1
92501 2 1
92507 2 1
92507 3 1
92508 2 1
92508 3 2
92509 2 1
92509 3 2
92513 2 1
92513 3 2
92514 2 1
9252 3 1
92527 2 1
92527 3 1
92532 3 1
92533 2 1
92537 2 1
92538 2 2
92539 2 1
92539 3 1
92544 3 1
92545 2 1
92550 2 1
92554 3 1
92558 2 1
92558 3 1
9256 2 1
9256 3 1
92563 3 1
92571 2 1
92571 3 1
92576 2 1
92576 3 1
92577 3 1
92579 2 2
92579 3 1
92580 2 1
92581 2 1
92581 3 2
92582 3 1
92584 2 2
92584 3 1
92585 3 1
92592 3 1
92594 2 1
92594 3 1
92597 3 1
926 3 1
92606 2 1
92609 2 1
92612 2 1
92613 2 1
92615 2 2
92615 3 1
92616 3 1
92627 2 1
92634 3 1
92640 3 1
92643 2 1
92647 3 1
92649 2 1
92653 2 1
92653 3 1
92654 3 2
92662 3 1
92664 2 1
92664 3 1
92666 2 2
92668 2 1
92669 2 1
9267 2 2
92677 2 1
92677 3 1
92678 3 1
9268 2 1
9268 3 1
92680 3 1
92683 2 1
92683 3 1
92684 2 2
92685 2 1
92685 3 1
92686 3 2
92689 2 1
92690 2 1
92697 3 1
92698 2 1
92699 2 1
92699 3 2
92700 3 1
92703 3 1
92704 2 1
92710 2 1
92713 2 2
92713 3 1
92714 2 1
92715 2 1
92715 3 2
92716 2 1
92716 3 2
92717 2 1
92717 3 2
92718 3 1
92720 2 1
92721 3 1
92723 2 1
92723 3 1
92724 2 2
92724 3 1
92725 2 1
92732 2 1
92734 3 1
92736 3 1
92739 2 2
92739 3 1
92740 2 1
92740 3 1
92741 2 1
92742 3 1
92744 2 1
92745 3 1
92750 3 1
92752 2 1
92752 3 2
92753 2 2
92753 3 1
92754 2 1
92755 3 1
92757 2 1
92757 3 1
92758 2 1
92759 3 2
92761 2 1
92761 3 1
92762 2 1
92770 2 1
92771 3 1
92782 2 1
92782 3 1
92788 2 1
92788 3 1
9279 2 1
92792 2 1
92792 3 1
92794 3 1
92796 2 1
92797 2 2
92797 3 1
92798 2 1
928 2 1
92801 3 1
92806 2 1
92807 2 2
92807 3 1
92808 3 1
92810 2 1
92811 2 2
92812 2 1
92812 3 1
92813 3 1
92819 2 1
92819 3 2
92821 3 1
92833 3 1
92834 2 1
92835 3 1
92837 2 1
92838 2 1
92839 3 1
92842 2 1
92842 3 1
92843 3 1
9285 3 1
92858 3 1
9287 2 1
9287 3 1
92870 2 1
92871 2 1
92873 2 1
9288 2 1
9288 3 2
92881 3 1
92882 3 2
92883 2 1
92884 2 2
92885 2 1
92885 3 1
92891 2 1
92891 3 1
92899 2 1
92900 2 2
92900 3 1
92901 3 1
92906 2 2
92906 3 1
92907 2 1
92908 2 1
92908 3 2
92909 3 2
92911 2 1
92911 3 1
92912 2 2
92913 2 1
92913 3 1
92914 2 2
92914 3 2
92915 3 1
92918 2 1
92918 3 1
92919 2 1
9292 3 1
92920 3 1
92923 2 1
92924 2 2
92925 3 1
92926 2 1
92934 2 1
92935 3 2
92936 3 1
92940 3 1
92942 3 1
92945 2 1
92946 2 2
92947 2 1
92947 3 1
92954 3 1
92959 2 1
92959 3 1
9296 3 1
92962 2 1
92963 2 1
92968 2 1
92969 2 2
92969 3 1
92970 2 1
92971 2 1
92975 2 1
92975 3 1
92976 2 1
92976 3 2
92983 2 1
92984 2 1
92985 3 1
92987 2 1
92987 3 1
9299 3 1
92990 3 1
92992 2 1
92993 2 1
92994 2 2
93002 3 1
93003 2 1
93004 2 1
93005 3 1
93007 2 2
93007 3 1
93008 2 1
9301 3 1
93012 2 1
93012 3 1
93015 2 1
93016 2 1
93027 3 1
93029 2 1
93029 3 1
93030 2 2
93031 2 1
93031 3 1
93036 2 1
93036 3 1
93038 3 1
9304 2 1
9304 3 2
93040 3 1
93042 2 1
93042 3 1
93043 3 2
93045 2 1
93045 3 1
93046 2 1
93047 2 2
93047 3 1
93048 3 1
93052 2 1
93053 2 2
93054 3 1
93056 3 1
93058 3 1
9306 2 1
93064 3 1
93066 3 1
93069 2 1
9307 3 1
93072 3 1
93075 2 1
93075 3 2
93076 3 1
93078 2 1
93078 3 1
93079 2 1
93079 3 2
93080 2 2
93081 2 1
93081 3 1
93082 2 1
93082 3 2
93083 3 2
93085 2 1
93086 2 1
93089 2 1
93089 3 1
93090 2 1
93093 3 1
93101 2 1
93106 2 1
93107 3 1
93111 2 1
93114 2 1
93114 3 1
93115 2 1
93115 3 2
93116 2 1
93117 2 2
93117 3 1
93118 3 1
93121 2 1
93121 3 1
93124 3 1
93127 3 1
93131 3 1
93133 3 1
93135 3 1
93137 2 1
93137 3 2
9314 3 1
93142 2 2
93142 3 1
93143 2 1
93144 2 1
93145 3 1
93148 2 1
93148 3 1
93149 3 1
93151 2 1
93152 3 1
93154 3 1
93155 3 2
93156 2 1
93157 3 1
93160 3 1
93165 3 1
93169 3 1
93172 2 2
93172 3 1
93173 2 1
93194 3 1
93205 2 1
93205 3 1
93206 2 1
93206 3 2
93207 2 1
93208 2 1
93209 2 1
9321 2 1
93210 2 2
93210 3 1
93211 2 1
93212 3 1
93219 2 1
9322 3 1
93220 2 1
93221 2 2
93224 2 1
93225 2 1
93226 3 2
93227 3 1
93230 2 2
93230 3 1
93231 3 1
93233 2 1
93233 3 1
93234 2 1
93235 2 1
93238 2 1
93238 3 1
93239 2 1
9324 3 1
93240 2 2
93240 3 1
93241 3 1
93243 2 1
93243 3 2
93244 2 1
93247 2 1
93247 3 1
93250 2 1
93253 3 1
93255 3 1
93260 2 1
93260 3 1
93265 2 1
93265 3 1
93269 2 1
93269 3 1
93272 2 2
93272 3 1
93273 2 1
93273 3 1
93274 3 1
93284 2 1
93285 2 1
93286 3 1
9329 3 1
93292 3 1
93296 2 1
93296 3 1
93305 2 1
93306 3 1
93309 2 1
93309 3 1
93311 3 1
93315 2 1
93319 2 1
9332 2 1
93328 2 1
93329 3 1
9333 2 2
93331 2 1
93331 3 1
93332 3 2
93336 2 1
93339 3 1
9334 2 1
9334 3 1
93341 2 1
9335 3 2
93353 2 1
93353 3 1
93355 3 1
93357 2 1
93363 2 1
93364 2 1
93368 3 1
9337 2 1
9337 3 1
93370 3 1
93372 2 1
93372 3 2
93373 2 1
93374 2 2
93374 3 1
93375 3 1
93377 2 1
93377 3 2
9338 2 1
93380 2 1
93380 3 1
93381 3 2
93382 3 1
93384 2 1
93384 3 2
93385 2 1
93388 3 1
93403 2 1
93404 2 1
93405 2 1
93408 2 1
93409 3 1
93411 2 1
93412 2 1
93413 2 1
93414 3 1
93419 3 1
9342 2 1
93423 2 1
93425 3 1
93427 2 1
93427 3 1
93429 3 1
9343 2 2
9343 3 1
93432 3 1
93444 2 1
93445 3 1
93447 2 2
93447 3 1
93448 3 1
9345 2 1
93451 3 1
93453 2 1
93453 3 1
93454 2 2
93455 2 1
93455 3 1
9346 2 1
93461 2 1
93462 2 1
93463 3 2
93465 2 2
93465 3 1
93466 2 1
93466 3 1
93467 3 1
9347 2 1
93472 3 1
93475 2 1
93476 3 1
93478 2 2
93478 3 1
93479 2 1
93480 3 1
93482 2 1
93482 3 2
93483 2 2
93483 3 1
93484 2 1
93485 3 1
93487 2 1
93488 3 1
93490 2 1
93493 2 1
93497 2 1
93497 3 1
935 3 1
93501 2 1
93501 3 1
93502 3 2
93533 2 1
93534 2 2
93534 3 1
93535 2 1
93536 3 1
93540 3 1
93542 2 1
93549 3 1
93556 2 1
93556 3 1
93559 2 1
93559 3 1
93560 2 2
93560 3 2
93561 3 1
93563 3 1
93568 3 1
93570 2 1
93570 3 2
93571 2 2
93572 2 1
93572 3 1
93573 3 1
93576 2 1
93576 3 1
93577 3 2
93581 3 1
93582 2 1
93582 3 2
93587 2 1
93588 2 1
93589 2 2
93589 3 1
93590 3 1
93592 2 1
93593 3 1
93595 3 1
93599 3 1
93602 2 2
93602 3 1
93603 2 2
93603 3 1
93604 2 1
93605 3 1
93612 2 1
93613 3 1
93616 2 1
93617 2 1
93618 2 2
93618 3 1
93622 2 1
93623 3 1
9363 3 1
93636 3 1
93638 2 1
93638 3 1
93639 3 2
93646 3 1
93647 2 1
93648 3 1
93654 2 1
93654 3 1
93659 3 1
93663 2 1
93664 2 1
93666 3 1
93669 2 1
93670 3 2
93671 3 1
93673 2 1
93673 3 1
93674 2 1
93675 2 1
93675 3 2
93676 3 1
93682 2 1
93682 3 1
93683 3 2
93685 3 1
93692 3 1
93698 2 1
93698 3 2
93699 2 2
93699 3 1
93700 2 1
93701 2 1
93701 3 2
93702 3 1
93704 2 2
93704 3 1
93705 2 1
93706 2 1
93707 3 1
93711 2 1
93712 2 2
93713 2 1
93713 3 1
93714 3 1
93717 2 1
93717 3 1
9372 3 1
93724 3 1
93726 2 1
93730 2 1
93731 2 1
93733 3 1
93739 3 1
93744 2 1
93745 2 1
93746 3 1
93749 3 1
93755 2 1
93759 2 1
93759 3 2
93760 2 1
93760 3 2
93761 2 2
93761 3 1
93762 2 1
93767 2 1
93768 2 1
93771 2 1
93772 3 1
93775 3 1
93777 2 2
93777 3 1
93778 2 1
93779 3 1
93781 3 1
93783 3 1
93788 2 1
93789 3 1
93793 2 1
93793 3 1
93794 2 1
93794 3 2
93795 2 2
93796 2 2
93796 3 1
93797 2 1
93798 2 1
93798 3 2
93799 3 1
938 2 1
93801 2 1
93801 3 1
93802 3 2
93806 2 2
93806 3 1
93807 2 1
93807 3 1
93815 3 1
93818 3 1
93824 3 1
93825 2 1
93826 2 2
93826 3 1
93844 2 1
93862 3 1
93864 3 1
93866 2 1
93867 2 1
93867 3 2
93868 3 1
93870 2 1
93870 3 2
93871 3 1
93873 3 1
93878 2 1
93879 2 2
93880 2 1
93880 3 1
93886 3 1
93889 2 1
93889 3 2
93890 2 1
93894 2 1
93895 3 1
93899 2 1
939 2 2
939 3 1
93900 3 1
93902 2 2
93902 3 1
93903 2 1
93904 3 1
93906 2 1
93907 2 1
93908 2 1
93909 2 1
93910 2 2
93910 3 1
93911 2 1
93912 3 1
93915 3 1
93917 3 1
93919 2 1
93919 3 2
93923 2 1
93923 3 2
93924 2 2
93924 3 1
93925 2 1
93926 3 1
93928 2 1
93928 3 1
93932 2 1
93933 3 2
93943 2 1
93944 2 1
93945 3 1
93948 2 1
93948 3 2
93950 2 1
93951 3 1
93953 3 1
93955 3 1
93963 2 1
93964 3 1
93966 3 1
93974 2 1
93974 3 1
93979 2 1
93980 3 1
93982 2 1
93982 3 1
93983 2 1
93993 3 1
93997 2 1
93998 3 1
94000 2 1
94000 3 1
94003 3 1
94005 2 1
94005 3 1
94006 2 2
94007 2 1
94007 3 1
94008 3 2
94009 3 1
94012 2 1
94013 2 1
94017 2 1
94017 3 1
94021 2 1
94026 2 2
94027 2 1
94027 3 1
94028 2 1
94029 3 2
94031 2 1
94031 3 1
94034 3 1
94037 3 1
94043 2 2
94043 3 1
94044 2 1
94045 3 1
94047 3 1
94051 3 1
94052 2 1
94053 2 2
94053 3 1
94054 3 1
94057 3 1
94060 3 1
94063 2 1
94063 3 2
94064 2 1
94064 3 2
94065 3 1
94067 2 1
94067 3 1
94068 2 1
94069 2 2
94070 2 1
94070 3 1
94071 3 1
94076 2 1
94076 3 2
94077 3 1
94079 2 1
94080 2 1
94080 3 2
94081 3 1
94087 2 2
94088 2 1
94088 3 1
94089 2 1
94090 2 1
94094 3 1
94096 3 1
94104 2 1
94104 3 1
94105 2 2
94106 2 1
94106 3 1
94109 3 1
94111 2 1
94111 3 2
94112 2 2
94112 3 1
94113 2 1
94114 2 1
94121 2 1
94121 3 1
94122 2 2
94122 3 1
94123 2 1
94124 3 1
94126 3 1
94128 2 1
94128 3 1
94133 2 1
94134 3 1
94136 2 1
94137 3 2
94139 2 1
94139 3 1
94143 2 1
94144 2 2
94144 3 1
94145 2 1
94150 2 1
94150 3 1
94152 3 1
94154 3 1
94156 2 1
94156 3 2
94158 3 1
94159 2 1
94167 3 1
94169 2 1
94169 3 1
94187 3 1
94192 3 1
94194 2 1
94194 3 2
94195 3 1
94197 2 1
94197 3 1
94198 2 2
94199 2 1
94199 3 1
94200 2 1
94200 3 2
94201 3 2
94203 2 1
94214 3 1
94216 2 1
94217 2 1
94217 3 2
94218 2 1
94218 3 2
94219 3 1
94222 2 1
94222 3 1
9423 2 1
94232 3 1
94234 3 1
9424 2 1
94240 3 1
94243 2 1
94244 2 1
94247 2 1
94248 2 1
94249 3 1
94252 2 1
94252 3 1
94256 2 1
94263 2 1
94263 3 1
94272 3 1
94276 2 1
94277 2 1
94278 3 1
94281 3 1
94283 2 1
94284 2 1
94296 2 1
94312 3 1
94315 2 1
94315 3 1
94317 3 1
94322 2 1
94325 2 1
94325 3 1
94326 3 2
94330 3 1
94332 2 1
94332 3 1
94335 3 1
94349 3 1
94353 2 1
94353 3 1
94354 2 1
94356 2 1
94359 2 1
94359 3 1
94364 3 1
94366 2 1
94366 3 1
94370 3 1
94371 2 1
94375 2 1
94376 2 1
94381 3 1
94383 2 1
94383 3 2
94384 2 2
94385 2 1
94385 3 1
94386 2 1
94386 3 2
94387 3 2
9439 2 1
94390 3 1
94392 2 1
94392 3 1
94393 2 1
94394 2 1
94397 3 1
94400 2 2
94400 3 1
94401 2 1
94404 2 1
94405 2 1
9441 3 1
94410 2 1
94410 3 1
94411 2 2
94412 2 1
94412 3 1
94413 2 1
94415 2 1
94417 2 1
94422 2 1
94422 3 1
94423 2 1
94426 3 1
94428 2 1
94428 3 1
9443 3 1
94434 3 1
94436 3 1
94438 2 1
94438 3 1
94439 2 2
94440 2 1
94440 3 1
94441 2 1
94445 3 1
94449 2 1
9445 3 1
94450 2 1
94451 2 2
94452 3 1
94454 2 2
94454 3 1
94455 2 1
94455 3 1
94458 3 1
94460 2 1
94460 3 1
94467 2 1
94467 3 1
94468 2 1
9447 2 1
94474 3 1
94476 3 1
94479 2 1
9448 3 1
94482 3 1
94485 2 1
94486 3 1
94488 3 1
9450 2 1
9450 3 1
94517 3 1
9452 3 1
94520 2 1
94521 2 1
94522 2 2
94523 2 1
94523 3 1
94527 3 1
94529 2 1
94529 3 2
94530 2 1
94531 2 1
94532 3 1
94534 3 1
94536 2 2
94536 3 1
94537 3 1
94539 2 1
94539 3 1
9454 3 1
94542 3 1
94544 3 1
94547 2 1
94547 3 1
94548 2 1
94548 3 2
94549 2 2
94550 2 1
94550 3 1
94557 2 1
9456 2 1
94562 2 1
94562 3 2
94563 2 2
94563 3 1
94564 2 1
94565 3 1
94569 2 1
94569 3 1
9457 2 1
9457 3 2
94579 3 1
9458 3 1
94584 2 1
94585 3 1
94587 3 1
94588 2 1
94589 3 1
9460 3 1
94602 2 1
94603 3 1
94608 2 2
94608 3 1
94609 2 1
94609 3 1
9461 2 1
94610 2 1
94617 3 1
94619 3 1
9462 2 1
94621 3 1
94625 3 1
9463 3 1
94633 2 1
94633 3 1
94634 3 2
94641 2 1
94644 2 1
94644 3 1
94648 2 1
9465 2 1
94650 3 1
94652 3 1
94655 2 1
94656 2 1
94658 2 1
94665 2 2
94665 3 1
94666 2 1
94666 3 1
94669 2 1
94670 2 1
94671 3 1
94673 2 1
94673 3 1
94675 2 1
94679 3 1
94691 2 2
94692 2 1
94692 3 1
94693 2 1
94694 3 2
94696 3 1
94698 2 1
94698 3 1
94702 3 1
94703 2 1
94704 3 1
94711 2 2
94711 3 1
94712 2 1
94712 3 1
94713 3 1
94715 2 1
94715 3 2
94716 2 1
94717 2 1
94719 2 1
94720 2 2
94721 2 1
94721 3 1
94727 3 1
94729 2 1
94729 3 1
9473 3 1
94732 3 1
94734 3 1
94736 3 1
94737 2 1
94738 2 1
94742 3 1
94750 2 1
94750 3 1
94751 2 1
94751 3 2
94755 2 1
94755 3 1
94756 3 2
94758 3 1
9476 3 1
94764 3 1
94766 2 1
94767 2 2
94767 3 1
94768 3 1
94770 3 1
94773 2 1
94773 3 1
94774 2 2
94774 3 1
94775 2 1
94778 3 1
9478 2 1
9478 3 1
94782 2 1
94782 3 2
94783 2 2
94783 3 1
94784 2 1
94788 3 1
94794 2 1
94795 3 1
94797 3 1
948 2 1
94800 2 1
94800 3 1
94801 2 1
94802 2 1
94803 2 1
94806 2 1
94808 3 2
94809 3 1
9481 3 1
94812 2 1
94813 2 1
94826 3 1
94830 2 1
94831 3 1
9484 2 1
9484 3 1
9485 2 2
94855 2 1
94858 2 1
94859 3 1
9486 2 2
9486 3 1
94862 3 1
94864 3 1
94866 2 2
94866 3 1
94867 3 1
94869 3 1
9487 3 1
94877 2 1
94878 3 1
94887 3 1
94890 2 2
94891 2 1
94891 3 1
94892 2 1
94896 2 1
94897 2 1
949 2 1
94901 2 1
94901 3 1
94903 2 1
94904 3 1
94906 2 1
94906 3 1
94907 3 1
94909 2 2
94909 3 1
94910 2 1
94910 3 1
94911 2 1
94913 3 1
94919 2 1
94920 3 1
94933 3 1
94935 3 1
94936 2 1
94936 3 2
94937 2 2
94937 3 1
94938 2 1
94942 2 1
94942 3 1
94943 2 1
94943 3 2
94944 2 1
94944 3 2
94945 2 1
94945 3 2
94946 2 1
94946 3 2
94955 3 1
94963 2 1
94964 2 1
94969 3 1
9497 2 1
94974 3 1
9498 3 1
94980 3 1
94982 2 1
94983 2 1
94983 3 2
94984 3 1
94992 2 1
94993 3 1
94995 2 1
94996 3 2
950 2 1
950 3 2
9500 3 1
95001 3 1
95003 3 1
95006 3 1
95008 3 1
95013 2 1
95014 2 1
95015 3 1
95021 2 1
95022 3 2
95024 2 1
95024 3 1
95025 2 1
95025 3 2
95031 2 1
95034 2 1
95035 3 1
95041 2 2
95041 3 1
95042 2 2
95042 3 1
95043 2 1
95044 2 1
95044 3 2
95045 3 1
95051 3 1
95057 2 1
95058 2 1
95059 3 2
95062 3 1
95064 3 1
95066 3 1
95069 3 1
95070 2 1
95071 2 1
95072 3 2
9508 2 1
95080 2 1
95081 3 1
95087 2 1
95088 2 2
95089 2 1
95089 3 1
9509 2 1
95090 3 2
95094 3 1
95097 2 1
951 3 1
95100 2 1
95100 3 2
95101 2 1
95102 2 1
95103 2 2
95104 3 1
95106 3 1
95107 2 1
9511 3 1
95111 2 1
95111 3 1
95112 2 1
95118 2 1
95121 3 1
95125 3 1
95127 3 1
95129 2 1
95129 3 1
95130 3 2
95138 2 1
95138 3 1
95148 2 1
95155 2 1
95161 3 1
9517 3 1
95173 2 1
95180 2 1
95184 3 1
95188 2 2
95189 2 1
9519 2 1
95190 3 1
95192 2 1
95193 2 2
95193 3 1
95194 3 1
95196 2 2
95196 3 1
95197 3 1
95199 2 1
95199 3 2
9520 3 1
95200 3 1
95202 3 1
95204 2 1
95205 2 1
95206 3 1
95208 2 2
95208 3 1
95209 2 1
95209 3 1
95216 2 1
95219 3 1
95220 2 1
95228 3 1
95229 2 1
9523 2 1
9523 3 1
95234 3 1
95236 2 2
95236 3 1
95237 3 1
95239 2 1
95243 2 1
95244 2 1
95247 3 1
95250 3 1
95253 3 1
95255 3 1
95257 3 1
9526 2 1
9526 3 1
95263 2 1
95263 3 2
95264 2 2
95264 3 1
95265 2 1
95272 2 1
95273 2 1
95274 2 1
95275 2 1
95276 3 1
95278 2 1
95278 3 1
95281 3 1
95284 2 1
95284 3 1
95285 3 2
95287 2 1
95287 3 1
9529 2 1
95299 2 1
953 2 1
95301 2 1
95302 3 1
95304 3 1
95307 3 1
95308 2 1
95313 2 1
95313 3 1
95316 2 1
95316 3 1
95317 2 1
95326 2 1
95326 3 1
95328 2 1
95329 2 1
95330 2 1
95331 2 2
95332 2 1
95332 3 1
95333 3 2
95336 3 1
95338 2 1
95345 2 1
95346 3 1
95348 2 1
95348 3 1
95350 3 1
95352 2 1
95352 3 1
95353 2 2
95353 3 1
95354 2 1
95355 3 1
95357 2 1
95357 3 1
95361 3 1
95365 3 1
9537 3 1
95371 2 1
95372 3 2
95374 2 1
95374 3 1
95378 3 1
95379 2 1
95383 2 1
95383 3 1
95384 3 1
95389 2 1
95389 3 1
95390 3 1
95392 3 1
95394 2 1
95395 2 2
95395 3 1
95397 2 1
95398 2 1
95399 3 2
954 2 2
954 3 1
95402 2 1
95402 3 1
95403 2 1
95403 3 2
95405 3 1
95411 2 1
95412 2 1
95413 2 1
95414 2 1
95419 2 1
9542 2 1
9542 3 1
95420 2 1
95422 3 1
95424 3 1
95429 2 1
95429 3 1
9543 2 1
95430 3 1
95434 2 1
95435 2 2
95435 3 1
95436 3 1
95441 3 1
95449 3 1
95450 2 1
95451 2 2
95452 2 1
95452 3 1
95453 3 1
95455 2 1
95459 2 1
95459 3 2
9546 3 1
95460 2 1
95461 2 1
95462 3 1
95466 2 1
95466 3 1
95467 2 1
95467 3 2
95475 3 1
95477 3 1
9548 3 1
95491 3 1
955 2 1
95501 3 1
95505 2 1
95505 3 1
95506 2 1
95506 3 2
95507 2 1
95508 2 1
95509 3 1
9551 3 1
95513 2 1
95514 2 2
95515 2 1
95515 3 1
95516 3 2
95520 3 1
95523 2 1
95523 3 2
95526 2 1
95527 2 2
95528 2 1
95528 3 1
95529 2 1
9553 3 1
95530 3 2
95532 3 1
95536 2 1
95536 3 2
95537 2 2
95537 3 1
95538 2 1
95542 3 1
95548 2 1
95548 3 1
95549 3 2
95554 2 1
95554 3 1
95556 2 1
95557 2 1
9556 2 1
95564 2 1
95565 2 1
95566 2 2
95567 3 1
9557 3 1
95575 3 1
95576 2 1
95577 2 2
95578 2 1
95578 3 1
95579 2 1
95580 3 2
95582 2 1
95582 3 1
95585 3 1
95587 3 1
9559 3 1
95590 2 1
95596 3 1
95597 2 1
95598 3 1
95607 2 1
95624 2 1
95624 3 1
95625 2 1
95626 3 1
95632 3 1
95634 2 2
95634 3 1
95635 2 1
95635 3 1
95636 2 1
95642 2 1
95645 2 1
95645 3 1
95648 3 1
95649 3 2
95653 2 1
95654 2 1
95655 2 2
95655 3 1
9566 3 1
95663 2 1
95664 2 1
95665 2 2
95665 3 1
95666 2 1
95667 3 1
95670 3 1
95671 2 1
95673 2 1
95674 3 1
95676 2 1
95677 2 2
95677 3 1
95678 3 1
9568 3 1
95682 2 2
95683 3 1
95686 2 1
95689 3 1
95690 2 1
95690 3 2
95691 2 2
95692 2 1
95692 3 1
95693 2 1
95693 3 2
95694 2 1
95694 3 2
95695 3 2
95697 2 1
95697 3 1
95698 3 1
957 3 1
95702 2 1
95702 3 1
95703 2 1
95707 2 1
95707 3 1
9571 3 1
95710 3 1
95711 2 1
95712 2 1
95713 2 2
95714 3 1
95716 2 1
95716 3 1
95718 2 1
95719 2 2
95720 3 1
95722 2 1
95723 3 1
95725 2 1
95727 3 1
95729 2 1
95729 3 1
95730 3 1
95732 2 1
95733 3 1
95735 3 1
95737 2 1
95737 3 1
95738 2 1
95738 3 2
95739 2 1
95740 3 1
95747 2 1
95748 3 1
95753 2 1
95759 2 2
95759 3 1
95760 3 1
95765 2 2
95765 3 1
95766 3 1
95768 2 1
95768 3 1
95769 3 1
95771 2 1
95772 3 1
95774 2 1
95774 3 1
95778 2 1
9578 3 1
95782 2 2
95782 3 1
95783 2 1
95784 3 1
95786 3 1
95787 2 1
95788 2 1
95788 3 2
95789 3 1
95792 2 1
95792 3 2
95793 2 1
95794 3 1
95796 2 1
95797 3 1
95803 2 1
95803 3 1
95808 2 1
9582 2 1
9582 3 2
95820 2 1
95820 3 1
95831 2 1
95832 2 1
95835 2 1
95836 3 1
95839 3 1
9584 3 1
95845 2 1
95845 3 2
95846 2 1
95848 3 1
95851 2 1
95852 2 1
95853 3 1
95858 3 1
95860 2 1
95860 3 1
95861 2 2
95861 3 1
95862 2 1
95863 3 1
95865 2 1
95865 3 1
95866 2 1
95867 3 2
95871 2 1
95871 3 1
95874 3 1
95875 2 1
95876 3 1
95879 2 1
95880 2 1
95881 2 1
95882 2 1
95889 2 1
95889 3 1
95891 2 1
95892 2 1
95892 3 2
95893 3 1
95897 2 1
95897 3 2
95898 2 1
95898 3 2
95899 3 1
9590 2 1
9590 3 1
95902 2 1
95902 3 1
95903 2 1
95903 3 2
95904 2 1
95904 3 2
95908 3 1
9591 2 1
95910 2 1
95910 3 1
95911 2 1
95915 2 1
95915 3 2
95916 2 2
95916 3 1
95917 2 1
95918 2 1
95925 2 1
95929 2 1
95930 2 1
95934 2 1
95934 3 1
95935 2 1
95937 3 1
95942 2 1
95943 2 1
95946 3 2
95947 3 1
95949 2 1
95949 3 1
95954 3 1
95956 2 2
95956 3 1
95957 2 1
95957 3 1
95958 2 1
95959 3 1
95962 2 1
95962 3 2
95963 2 2
95963 3 1
95964 2 1
95965 3 2
9597 2 1
95972 3 1
95974 2 1
95974 3 1
95975 3 2
95978 2 1
95979 3 1
95985 2 1
95991 2 1
95991 3 1
95993 3 1
95995 3 1
95998 2 1
95999 2 1
960 2 1
96000 3 2
96007 2 1
96008 2 2
96009 2 1
96009 3 1
96010 3 2
96019 2 1
9602 2 1
9602 3 1
96020 3 1
96022 2 1
96023 2 1
96024 2 1
96025 2 1
96027 2 2
96028 3 1
96031 2 1
96031 3 1
96035 2 1
96035 3 1
96040 3 1
96044 2 1
96045 2 2
96045 3 1
96050 2 1
96051 3 1
96053 3 1
96058 2 1
96059 2 2
96060 3 1
96063 3 1
96065 2 1
96065 3 2
96066 2 2
96066 3 1
96067 2 1
96068 3 1
9607 2 1
96070 2 1
96071 2 1
96072 3 1
96074 2 1
96074 3 1
96076 3 1
96083 3 1
96089 2 2
96089 3 1
9609 3 1
96090 2 1
96092 2 1
96093 3 1
96095 2 1
96095 3 2
96098 2 2
96098 3 1
96099 2 1
96100 3 1
96108 3 1
96111 2 1
96111 3 1
96115 2 1
96118 2 1
96118 3 1
96119 2 2
96120 2 1
96120 3 1
96121 2 1
96122 3 1
96124 2 1
96124 3 2
96125 3 1
96127 2 1
96128 2 1
96128 3 2
96129 3 1
96135 2 1
96136 2 1
96138 3 1
9615 2 1
9615 3 2
96153 2 1
9616 2 2
9616 3 1
96163 2 1
96164 3 1
96166 2 1
96167 3 1
9617 2 1
96170 2 1
96172 3 1
96173 2 1
96174 2 1
96174 3 2
96175 3 1
96178 2 1
9618 3 1
96183 2 1
96184 2 1
96184 3 2
96185 3 1
96189 2 1
96190 2 2
96191 3 1
96197 2 1
96197 3 1
96198 2 1
96199 3 1
962 3 1
96201 3 1
96203 2 1
96203 3 1
96207 2 1
96209 3 1
96215 3 1
96216 2 1
96217 3 1
96219 3 1
96222 2 1
96222 3 1
96226 2 1
96226 3 1
96227 2 1
96228 2 1
96229 3 2
9623 2 1
96232 2 1
96233 2 1
96233 3 2
96234 3 1
96239 2 1
9624 3 1
96243 2 1
96243 3 1
96244 2 1
96250 2 1
96252 3 1
96255 3 1
96257 2 1
96257 3 1
96259 3 1
9626 2 1
96276 2 1
96276 3 1
96281 2 1
96282 3 1
96284 2 1
96285 2 2
96285 3 1
96286 2 1
96287 3 2
96289 3 1
96291 2 1
96291 3 1
96292 2 1
96293 3 2
96295 2 1
96295 3 1
96298 2 1
96300 3 1
96302 3 1
96304 2 1
96305 2 1
96306 2 1
96307 3 1
96309 3 1
9631 2 1
96317 3 1
96318 2 1
96319 2 1
9632 2 1
9632 3 2
96320 2 1
96323 3 1
96325 2 1
9633 2 1
9633 3 2
96330 2 1
96330 3 1
96331 2 1
96331 3 2
96333 3 1
96335 2 1
96336 3 1
96339 2 1
9634 3 1
96340 2 1
96343 3 1
96345 3 1
96346 2 1
96347 3 1
96350 2 1
96351 3 1
96361 3 1
96367 2 1
96368 2 1
9637 2 1
96375 2 1
96375 3 2
9638 2 1
96382 2 1
96386 2 1
96386 3 1
96387 3 2
96388 3 1
9639 2 1
96390 2 1
96391 3 1
96394 2 1
96395 2 1
96396 3 2
96398 3 1
96406 3 1
96408 3 1
9641 3 1
96412 2 1
96413 2 2
96414 2 1
96414 3 1
96415 2 1
96424 2 1
96425 3 1
96427 2 1
96427 3 1
96428 3 2
96430 2 1
96431 2 1
96437 2 1
96438 2 2
96439 2 1
96439 3 1
9644 3 1
96440 2 1
96448 3 1
96450 3 1
96452 2 1
96453 2 1
96454 2 1
96455 3 2
96458 2 1
96458 3 1
96459 2 2
96460 2 1
96460 3 1
96461 3 1
96463 3 1
96465 3 1
96468 2 1
96468 3 2
96469 2 1
96470 3 1
96472 2 1
96472 3 1
96481 3 1
96489 2 1
96490 3 1
96492 2 1
96492 3 1
96497 2 1
96502 3 1
96504 2 1
96504 3 1
96505 2 2
96506 2 1
96506 3 1
96507 3 1
9651 2 2
9651 3 1
96514 2 1
96514 3 1
96515 2 2
96516 2 1
96516 3 1
96517 2 1
96519 3 1
9652 2 1
96521 3 1
96523 3 1
96526 2 1
96532 2 1
96539 3 1
96541 2 1
96541 3 1
96542 2 1
96544 2 1
96547 3 1
96549 2 1
96549 3 2
96550 3 1
96552 3 1
96554 2 1
96554 3 1
96555 2 1
96555 3 2
96556 3 2
96559 2 1
96559 3 1
9656 2 1
9656 3 1
96560 2 1
96561 3 1
96563 2 1
96563 3 1
96566 2 1
96566 3 1
96567 2 1
96568 3 2
96569 3 1
9657 2 1
96572 2 1
96572 3 1
96575 3 1
96576 2 1
96577 3 1
96579 3 1
9658 2 2
9658 3 1
96582 3 1
9659 2 1
96593 3 1
96596 3 1
9660 3 2
96602 2 1
96603 2 1
9661 3 1
96611 2 2
96612 2 1
96613 3 1
96615 3 1
96617 2 1
96617 3 1
96618 2 1
96618 3 2
96619 2 2
96620 2 1
96620 3 1
96623 2 1
96623 3 1
96624 2 1
96625 2 2
96626 3 1
96628 3 1
96630 2 1
96631 2 2
96631 3 1
96632 2 1
96633 3 1
96637 3 1
96639 2 1
96645 2 1
96646 2 1
9665 2 1
96653 3 1
96658 2 1
96658 3 2
96659 2 2
96659 3 1
9666 2 1
96660 2 1
96661 3 1
96663 2 1
96665 2 2
96665 3 1
96666 2 1
96667 3 1
96674 2 1
96677 2 1
96678 2 1
96679 3 1
96681 2 2
96681 3 1
96682 2 1
96682 3 1
96683 2 1
96684 3 1
96686 3 1
96696 3 1
96699 3 1
96700 2 1
96701 3 1
96703 2 1
96703 3 1
96704 2 1
96705 3 1
96707 3 1
96708 2 1
96712 3 1
96717 2 1
96721 2 1
96721 3 2
96722 2 1
96724 3 1
96726 2 1
96726 3 1
96727 2 2
96727 3 1
96728 2 1
9673 2 1
9673 3 2
96731 2 1
96734 2 1
96735 2 1
96736 3 2
96738 2 2
96738 3 1
96739 3 1
96741 3 1
96744 3 1
96746 3 1
96749 2 1
9675 3 1
96750 2 1
96752 3 1
96758 2 1
96759 3 1
96762 3 1
96764 3 1
96766 3 1
96769 3 1
96772 2 1
96772 3 1
96775 3 1
96785 2 1
96785 3 1
96786 2 1
9679 3 1
96790 2 2
96790 3 1
96791 2 2
96791 3 1
96792 2 1
96792 3 1
96795 2 2
96795 3 1
96796 2 1
96796 3 1
96797 2 1
96798 3 1
968 2 1
96800 2 1
96801 2 1
96804 3 1
96811 2 1
96812 3 1
96816 2 1
96820 2 1
96821 2 1
96832 2 1
96836 2 2
96836 3 1
96837 2 1
96838 2 1
96842 2 1
96843 2 1
96846 3 1
9685 3 1
96853 2 1
96856 3 1
96858 2 1
96858 3 1
96876 2 1
96876 3 1
96877 2 2
96878 2 1
96878 3 1
96879 2 1
96879 3 2
96880 3 2
96882 3 1
96884 2 1
96885 2 1
96886 2 1
96887 2 1
96888 2 2
96888 3 1
96889 3 1
96891 3 1
96893 3 1
96896 3 1
96898 2 1
96898 3 1
96899 2 2
96900 2 1
96900 3 1
96905 3 1
96907 2 1
9691 3 1
96911 2 1
96911 3 1
96912 3 2
96914 2 1
96914 3 1
96917 2 1
96925 2 1
96945 2 1
96945 3 2
96946 2 2
96946 3 1
96947 2 1
96948 3 1
96950 3 1
96952 2 1
96952 3 1
96956 3 1
96958 3 1
96961 3 1
96963 2 2
96963 3 1
96964 2 1
96964 3 1
96965 2 1
96970 3 1
96971 3 2
96975 3 1
96979 2 1
96979 3 1
96980 2 1
96982 2 1
96985 2 1
96985 3 1
96987 2 1
96988 2 1
96991 2 1
96992 3 1
96995 3 1
96998 2 1
96999 3 1
97002 2 1
97002 3 1
97004 3 1
97009 2 1
97010 2 2
97010 3 1
97011 2 1
97014 3 1
97016 2 1
97016 3 2
97018 3 1
97021 3 1
97025 2 1
97029 3 1
97031 2 1
97032 2 1
97033 3 2
97039 3 1
97041 2 1
97050 2 1
97050 3 1
97051 3 1
97054 3 1
97056 2 2
97056 3 1
97057 3 1
97059 3 1
97061 3 1
97066 2 1
97066 3 1
97067 2 2
97067 3 1
97068 2 1
97071 3 1
97074 2 1
97074 3 2
97075 2 2
97075 3 1
97076 2 1
97078 3 1
97082 2 1
97082 3 2
97092 3 1
97094 3 1
97096 2 1
97097 3 1
971 3 1
97100 2 1
97101 2 1
97102 2 2
97103 3 1
97104 2 1
97105 3 2
97108 3 1
97110 2 1
97111 2 1
97112 2 1
97113 3 1
97115 3 1
97120 2 2
97120 3 1
97121 2 1
97125 2 2
97125 3 1
97126 3 1
97128 2 1
97129 3 1
97134 2 1
97134 3 2
97137 3 1
97139 3 1
97142 2 1
97143 3 1
97154 2 1
97154 3 1
97156 2 1
97157 2 1
97163 3 1
97164 2 1
97165 2 1
97172 3 1
97175 2 1
97175 3 1
97178 2 1
97178 3 1
97181 2 1
97182 3 1
97190 3 1
97192 2 1
97193 2 1
97194 3 1
97199 3 1
97201 2 1
97202 3 1
97204 2 1
97204 3 1
97208 2 1
97208 3 2
97209 2 1
97210 2 1
97218 2 2
97218 3 1
97219 3 1
97221 3 1
97223 2 1
97224 3 1
97226 2 1
97232 2 1
97233 3 1
97235 3 1
97241 2 1
97241 3 2
97242 2 1
97258 2 1
97258 3 1
97259 2 1
97282 3 1
97285 2 1
97285 3 1
97293 2 1
97294 3 2
97296 3 1
97297 2 1
97298 3 1
973 2 1
97300 2 1
97301 3 1
97305 2 1
97305 3 2
97306 2 1
97307 3 1
97309 3 1
97314 2 1
97314 3 1
97323 2 1
97324 2 1
97325 3 2
97332 3 1
97335 2 1
97336 3 1
97340 3 1
97345 2 1
97346 3 1
97348 3 1
97351 2 2
97351 3 1
97352 3 1
97354 3 1
97357 2 1
97357 3 1
97358 2 1
97363 2 1
97363 3 1
97364 2 1
97364 3 2
97368 2 1
97376 3 1
97377 2 1
97378 3 1
97380 2 2
97380 3 1
97381 2 1
97382 3 1
97384 2 1
97384 3 2
97385 2 1
97386 2 2
97387 3 1
97389 3 1
97391 3 1
97394 2 1
97394 3 1
97395 2 1
97396 2 2
97397 3 1
974 2 1
97401 2 2
97401 3 1
97402 2 1
97402 3 1
97403 2 1
97404 2 1
97411 2 1
97411 3 2
97412 3 1
97419 2 1
97420 2 1
97421 2 2
97421 3 1
97422 3 1
97424 2 1
97424 3 2
97425 3 1
97427 2 2
97427 3 1
97428 2 1
97428 3 1
97430 3 1
97433 3 1
97435 2 1
97435 3 1
97437 2 1
97443 2 1
97443 3 2
97444 2 2
97444 3 1
97445 2 1
97448 2 2
97449 2 1
97449 3 1
97455 2 1
97456 3 2
97459 3 1
97461 2 1
97461 3 1
97462 2 1
97463 2 1
97463 3 2
97464 3 1
9747 2 1
97470 2 1
97471 3 1
97473 3 1
97478 2 1
97478 3 1
97479 3 1
97482 2 1
97482 3 1
97497 2 1
97497 3 1
97498 2 1
97498 3 2
975 2 2
975 3 1
97500 3 1
97502 2 1
97503 3 1
97505 3 1
97507 2 1
97507 3 1
97514 2 1
97515 2 1
97518 2 1
97519 2 2
97519 3 1
9752 3 1
97520 2 1
97521 3 2
97522 3 1
97524 3 1
97526 3 1
97527 2 1
97533 2 1
97534 2 2
97535 3 1
97537 2 1
97538 3 1
97546 2 1
97546 3 1
97547 2 1
97547 3 2
97548 2 2
97548 3 2
97549 3 1
97551 2 1
97552 3 1
97554 3 1
97557 3 1
97558 2 1
97561 3 1
97566 2 1
97567 2 1
97570 2 1
97571 3 1
97573 3 1
97574 2 1
97575 2 1
97580 3 1
976 2 1
97609 3 1
97613 2 1
97614 2 1
97615 3 2
97617 2 1
97617 3 1
97621 2 1
97622 3 1
97624 2 1
97624 3 1
97625 2 2
97625 3 1
97626 3 1
97628 2 1
97629 3 1
97631 2 1
97632 2 1
97633 2 1
97634 2 1
97634 3 2
97635 3 1
97637 2 1
97644 3 1
97646 2 1
97646 3 1
97647 2 1
97648 3 1
97650 2 1
97650 3 1
97655 2 1
97655 3 1
97659 2 1
9766 3 1
97660 2 1
97665 2 2
97666 2 1
97667 2 1
97668 3 1
97670 2 1
97671 3 1
97677 2 1
97681 2 1
97684 3 1
97687 3 1
97690 2 1
97690 3 1
97691 2 1
97691 3 2
97692 2 2
97692 3 1
97693 2 1
97694 3 1
97696 3 1
97698 3 1
97701 2 1
97701 3 1
97702 2 1
97703 3 1
97705 2 1
97705 3 1
97709 2 1
9771 3 1
97712 2 2
97712 3 1
97713 2 1
97713 3 1
97714 3 1
97717 3 1
97719 3 1
97727 2 1
97727 3 2
97728 2 1
97729 3 1
9773 3 1
97731 2 1
97740 2 1
97741 2 1
97744 3 1
97747 3 2
97748 3 1
9775 2 1
97751 2 1
97752 2 2
97753 2 1
97753 3 1
97754 2 1
97754 3 2
97755 3 2
97757 2 1
97758 3 2
9776 3 1
97760 2 1
97761 3 1
97772 2 1
97772 3 1
97773 2 1
97778 2 1
9778 2 2
9778 3 1
97786 2 1
97786 3 1
97787 3 1
97789 2 1
9779 2 1
9779 3 1
97790 2 1
97790 3 2
97791 3 2
97793 2 1
97793 3 1
97794 2 2
97795 2 1
97795 3 1
97796 2 1
97796 3 2
97797 3 2
97800 2 2
97801 2 1
97802 2 1
97805 2 1
97805 3 1
97806 2 1
97806 3 2
97807 2 1
97808 2 2
97809 3 1
97811 2 1
97811 3 1
97812 2 2
97815 3 1
97816 2 1
97817 2 1
97823 2 1
97824 3 1
97827 2 1
97828 3 1
97830 2 1
97831 3 1
97837 3 1
97841 2 1
97841 3 1
97844 3 1
97849 3 1
97851 2 1
97851 3 1
97854 2 1
97854 3 2
97855 2 1
97858 3 1
97859 2 1
97861 2 1
97863 3 1
97865 2 1
97868 2 2
97869 2 1
97869 3 1
9787 2 1
9787 3 1
97870 2 1
97872 2 1
97873 2 1
97874 3 1
97876 2 1
97877 2 1
97878 2 1
9788 2 2
97882 3 1
97884 3 1
97887 3 1
97889 3 1
9789 2 1
9789 3 1
97890 2 1
97890 3 2
97891 2 2
97892 2 1
97892 3 1
97893 3 2
97909 2 1
9793 2 1
97938 2 1
9794 3 1
97945 2 1
97945 3 1
97946 2 1
97946 3 2
97947 2 2
97948 3 1
97950 3 1
97952 2 1
97952 3 2
97953 2 1
97954 2 2
97955 2 2
97955 3 1
97956 3 1
97959 2 1
97960 3 1
97964 2 1
97964 3 1
97978 3 1
9798 2 1
97982 3 1
97983 2 1
97984 2 2
97984 3 1
9799 3 1
97991 3 1
97998 3 1
98001 2 1
98001 3 2
98002 3 1
9801 2 1
9801 3 1
98014 2 1
98015 3 1
98017 2 1
98017 3 2
98018 3 1
9802 2 2
9802 3 1
98020 2 1
98021 2 2
98021 3 1
98022 3 1
98024 2 2
98024 3 1
98025 2 1
98025 3 1
98028 2 2
98028 3 1
98029 2 1
98029 3 1
9803 2 1
98030 2 1
98031 3 2
98034 2 1
9804 3 1
98042 2 2
98042 3 1
98043 2 2
98043 3 1
98044 2 1
98045 3 1
98054 3 1
98056 2 1
98056 3 1
98057 3 1
98059 3 1
98065 2 1
98065 3 1
9807 2 1
98073 2 1
98073 3 1
98077 2 1
98077 3 1
98083 2 1
98084 2 1
98085 2 1
98086 3 1
98088 2 1
98088 3 1
98089 3 1
98098 2 1
98099 2 1
9810 2 1
9810 3 1
98105 2 1
98105 3 1
98107 3 1
9811 3 2
98116 2 2
98116 3 1
98117 3 1
98120 2 1
98120 3 1
98121 2 1
98122 2 2
98122 3 1
98123 3 1
98125 2 1
98126 2 1
9813 2 1
9813 3 1
98130 3 1
98135 2 1
98136 3 1
98140 2 1
98143 3 1
98144 2 1
98145 3 2
98148 3 1
98150 3 1
98151 3 2
98152 3 1
98154 2 1
98155 2 1
98156 3 1
98158 2 1
98159 3 1
9816 2 1
98161 2 1
98165 2 1
98166 2 2
98166 3 1
98167 2 1
98168 3 1
9817 2 2
98171 3 1
98174 2 1
98175 2 1
98176 2 1
98177 3 1
9818 2 1
9818 3 1
98183 2 1
98183 3 1
98184 3 1
98187 2 1
98187 3 1
9819 2 1
9819 3 2
98193 3 1
98197 3 1
98198 2 1
9820 3 2
98204 3 1
98211 2 1
98211 3 1
98212 3 2
98214 2 1
98215 3 1
98217 2 1
98217 3 2
98218 2 2
98218 3 1
98219 2 1
98220 3 1
98222 2 1
98222 3 2
98223 2 1
98226 2 1
98227 2 1
98233 2 1
98248 2 1
98249 2 1
98250 2 1
98251 3 1
98261 3 1
98271 2 1
98273 2 1
98274 2 2
98274 3 1
98275 2 1
98276 3 1
98278 3 1
98280 2 1
98281 2 1
98282 3 1
98285 2 1
98286 2 2
98287 2 1
98287 3 1
98288 3 1
98296 2 1
98296 3 1
98297 2 1
98299 2 1
9830 2 1
98306 3 1
98309 2 1
9831 2 1
98311 2 2
98311 3 1
98312 3 1
98314 2 1
98314 3 2
98316 3 1
98321 2 1
98325 2 1
98326 3 1
98329 2 1
9833 2 1
98330 2 1
98331 2 1
98337 2 1
98338 3 1
9834 2 1
98345 2 2
98345 3 1
98346 2 1
98346 3 1
98347 2 1
98348 3 2
9835 3 1
98351 2 2
98351 3 1
98352 3 1
98354 2 1
98358 2 2
98358 3 1
98359 3 1
98361 2 1
98361 3 1
98362 2 1
98364 3 1
98372 2 2
98372 3 1
98373 3 1
98375 3 1
98383 2 1
98386 2 2
98386 3 1
98387 2 1
98388 2 1
98389 3 2
98391 2 1
98391 3 1
98392 2 1
98392 3 2
98393 2 1
98406 2 1
98406 3 1
98416 2 1
98416 3 2
98417 2 1
98418 2 2
98419 3 1
98421 3 1
98430 3 1
98431 3 2
98432 2 1
98433 2 1
98437 2 1
98439 2 1
98442 2 1
98443 2 1
98444 2 1
98445 2 1
98446 2 2
98447 3 1
98449 2 1
98449 3 1
9845 3 1
98452 2 2
98452 3 1
98453 3 1
98460 2 1
98460 3 2
98461 2 1
98462 3 1
98466 2 1
98467 2 1
9847 2 1
9847 3 2
98472 2 1
98472 3 1
98473 3 2
98475 2 1
98475 3 1
98476 2 1
98477 2 2
98477 3 1
98478 3 1
9848 3 1
98481 2 1
98486 2 1
98487 3 1
98489 3 1
98492 3 1
98498 2 2
98498 3 1
98499 2 1
98499 3 1
985 2 1
985 3 1
9850 2 1
98500 2 1
98501 3 2
98508 2 1
9851 3 1
98511 3 1
98513 2 2
98513 3 1
98514 2 1
98514 3 2
98515 3 2
98519 2 1
98519 3 1
98521 3 1
98523 3 1
98526 2 1
98526 3 1
98527 3 2
9853 3 1
98530 2 1
98530 3 1
98531 2 1
98532 3 1
98534 3 1
98537 2 1
98537 3 1
98538 2 1
98539 3 1
98542 2 1
98543 3 1
9855 2 1
9855 3 1
98550 2 1
98551 2 1
98551 3 2
98552 3 1
98562 3 1
98565 3 1
98567 2 1
98568 2 1
98569 2 1
98581 3 1
98588 3 1
98591 3 1
98599 2 1
9860 3 1
98612 3 1
98617 2 2
98617 3 1
98618 2 1
98618 3 2
98619 2 1
98619 3 2
98620 3 2
98635 2 1
98641 2 1
98641 3 2
98642 2 2
98643 2 1
98643 3 1
98644 3 1
98646 2 1
98646 3 2
98648 2 1
98649 3 1
9865 2 1
98652 3 1
9866 2 1
98663 2 1
98663 3 1
98664 3 2
9867 3 2
98675 2 1
98678 2 1
98678 3 1
98679 2 1
98680 2 1
98681 2 2
98682 3 1
98688 2 1
9869 3 1
98691 3 1
98699 2 1
9870 2 1
98700 3 1
98702 2 1
98703 3 2
98705 3 1
98713 3 1
98715 2 1
98715 3 1
98716 3 2
98719 2 1
98719 3 1
98720 2 2
98720 3 1
98721 2 1
98722 3 1
98733 2 1
98734 2 1
98735 2 1
98738 2 1
98738 3 1
98739 2 1
98740 2 1
98741 3 1
98743 2 1
98743 3 1
98744 2 1
98745 2 1
98746 3 1
98749 2 1
98758 2 1
98758 3 2
98759 2 2
98759 3 1
9876 2 1
9876 3 2
98760 2 1
98761 3 1
98769 2 2
9877 2 1
98770 3 1
98772 3 1
98777 2 1
98777 3 2
98778 2 1
98781 2 1
98781 3 1
98782 2 2
98782 3 2
98783 3 1
98787 3 1
98788 2 1
98789 2 1
98789 3 2
98790 3 1
98793 2 1
98794 3 1
988 3 1
9880 2 1
9880 3 1
98802 2 1
98802 3 2
98803 2 1
98804 2 2
98804 3 1
98805 3 1
98807 2 1
98807 3 2
9881 3 2
98820 2 1
98821 2 1
98825 3 1
98826 2 1
98827 2 2
98827 3 1
98828 2 1
98829 3 2
98831 2 1
98831 3 1
98832 2 1
98833 3 1
9884 2 1
98841 3 1
98843 2 1
98844 2 1
9885 3 1
98851 2 1
98856 2 1
98856 3 2
98857 2 1
98858 3 1
98860 3 1
98862 2 1
98866 2 1
98866 3 1
98867 3 2
98869 2 2
98869 3 1
9887 2 1
9887 3 2
98870 2 1
98870 3 1
98875 3 1
98878 2 1
98879 3 1
9888 2 2
9888 3 1
98881 2 1
98881 3 1
98887 2 1
98887 3 1
9889 2 1
98893 2 1
98894 2 1
98895 3 2
9890 2 1
98919 2 1
98920 2 2
98920 3 1
98921 2 1
98922 2 1
98939 2 1
98940 2 1
98941 2 2
98941 3 1
98942 2 1
98943 2 1
98943 3 2
98944 2 1
98944 3 2
98945 3 1
98947 2 1
98947 3 2
98948 2 1
98949 2 1
9895 2 1
98956 2 1
98957 2 1
98958 2 1
98959 2 2
98959 3 1
9896 2 2
98965 3 1
98968 3 1
98969 2 1
9897 2 1
9897 3 1
98970 2 1
98970 3 2
98971 3 1
98973 2 2
98973 3 1
98974 2 1
98975 2 1
98976 3 1
98979 3 1
98982 3 1
98987 2 1
98989 2 1
98990 3 1
98993 2 1
98994 3 1
98998 3 1
99008 3 1
9901 2 1
99012 2 1
99013 3 1
99021 2 1
99033 2 1
99033 3 1
99034 2 2
99034 3 1
99035 2 1
99042 2 1
99047 2 1
99048 2 1
99049 2 2
99050 3 1
99052 3 1
99062 3 2
99063 3 1
99067 2 1
99067 3 1
9907 2 1
99076 3 1
99080 3 1
99081 2 1
99082 2 1
99082 3 2
99083 3 1
99085 2 1
99085 3 1
99087 2 1
99088 2 1
99091 2 1
99095 2 1
99099 2 1
99102 2 1
99103 3 1
99105 2 1
99105 3 1
99106 2 1
99107 3 1
9911 2 1
9911 3 1
99111 2 1
99111 3 2
99112 2 1
99116 2 1
99116 3 1
99119 2 1
99119 3 1
9912 3 1
99120 2 2
99121 2 1
99121 3 1
99126 2 1
99126 3 1
99127 2 1
99127 3 2
99129 3 1
99131 2 1
99132 3 1
99134 2 1
99135 2 2
99136 2 1
99136 3 1
99137 3 1
9914 2 1
99140 3 1
99141 2 1
99142 2 1
99143 3 1
99146 2 1
99146 3 1
9915 2 2
9915 3 1
99154 2 1
99154 3 1
99157 3 1
99159 2 1
99159 3 1
99160 2 1
99163 3 1
99166 2 1
99166 3 1
99168 2 1
99169 2 1
99170 2 2
99170 3 1
99171 2 1
99172 3 1
99175 3 1
99179 2 1
9918 3 1
99180 3 1
99182 3 1
99184 2 1
99185 2 1
99186 3 1
99196 2 1
99197 2 1
99198 2 2
99198 3 1
99199 2 1
992 3 1
9920 3 1
99202 3 1
99203 2 1
99204 2 1
99209 3 1
99211 3 1
99220 3 1
99225 2 1
99225 3 1
99226 2 1
99227 2 1
99228 3 1
99248 2 1
99271 3 1
99273 2 1
99273 3 1
99274 2 1
99275 2 2
99276 2 1
99276 3 1
99277 3 1
99289 2 1
9929 2 1
9929 3 1
99291 3 1
99296 2 1
99297 2 1
993 3 2
9930 2 1
99300 2 1
99300 3 1
99301 2 2
99302 2 1
99302 3 1
99306 3 1
99309 2 1
99309 3 2
99310 2 1
99313 2 1
99317 3 1
99320 3 1
99325 2 1
99327 2 1
99331 2 1
99331 3 1
99332 2 1
99332 3 2
99333 2 1
99333 3 2
99334 2 1
99334 3 2
99335 2 1
99335 3 2
99337 2 1
99338 2 2
99339 2 1
99339 3 1
99340 2 1
99341 3 1
99344 2 1
99345 3 1
99352 3 1
99358 3 1
99359 3 2
99360 2 1
99361 2 1
99362 2 2
99362 3 1
99363 2 2
99363 3 1
99364 3 1
99366 3 1
99368 3 1
99371 3 2
99372 3 1
99374 2 1
99374 3 1
99377 3 1
99381 2 1
99382 2 2
99383 2 1
99383 3 1
9939 3 1
99392 2 1
99392 3 1
99396 2 1
99396 3 1
99399 2 1
99399 3 1
994 2 1
99400 2 2
99400 3 1
99401 3 1
99403 2 1
99404 2 1
99405 2 2
99405 3 1
99406 2 1
99407 2 1
99412 2 1
99412 3 1
99413 2 2
99414 2 1
99414 3 1
99415 3 2
99422 3 1
99424 3 1
99426 3 1
99428 3 1
99433 2 2
99433 3 1
99434 2 1
99434 3 1
99437 2 1
99438 2 1
99439 2 1
9944 2 1
99440 2 1
99440 3 2
99441 3 1
99446 3 1
99449 3 1
9945 2 1
99454 3 1
99456 2 1
99457 3 1
99459 2 1
99459 3 2
9946 3 2
99461 2 2
99461 3 1
99462 2 1
99463 3 1
99466 2 2
99466 3 1
99468 2 1
99469 2 1
99478 3 1
99480 2 1
99481 2 1
99482 2 1
99483 2 2
99483 3 1
99484 3 1
99493 2 1
99493 3 2
99494 2 1
99495 2 2
99495 3 1
99496 3 1
995 2 2
99500 3 1
99502 2 2
99502 3 1
99503 2 1
99503 3 1
99504 2 1
99505 3 2
9951 2 1
9951 3 1
99510 3 1
99512 2 1
99512 3 2
99514 3 1
99516 2 1
99520 3 1
99522 2 1
99522 3 1
99524 2 1
99524 3 2
99525 3 1
99528 3 1
99532 3 1
99538 2 1
99538 3 1
99542 2 1
99543 2 1
99544 2 1
99548 3 1
99550 3 1
99552 3 1
99553 2 1
9957 3 1
99575 3 1
99577 3 1
99581 2 1
99581 3 1
99582 3 1
99585 3 1
9959 2 1
99597 2 1
99598 2 1
99599 3 1
996 2 1
996 3 1
9960 3 1
99606 2 2
99606 3 1
99607 2 1
99608 3 1
99614 2 1
99614 3 1
99615 3 1
99617 2 1
99617 3 1
99618 3 1
9962 2 1
9962 3 1
99621 2 1
99621 3 2
99623 2 1
9963 2 1
99630 3 1
99632 3 1
99636 2 1
99637 2 1
99637 3 2
99638 2 1
99638 3 2
99639 3 1
99648 2 1
99649 2 1
99650 3 2
99652 2 1
99652 3 1
99653 2 1
99655 3 1
99661 2 2
99661 3 1
99662 2 1
99662 3 1
99663 2 1
99664 2 1
99667 3 1
99669 3 1
99677 2 1
99677 3 1
99678 2 1
99679 2 1
99680 3 1
99682 2 1
99688 2 1
99689 3 1
99692 2 1
99693 2 2
99694 3 1
99696 3 1
99698 3 1
997 3 2
99701 2 1
99701 3 1
99702 2 2
99703 2 1
99703 3 1
99704 3 2
99707 2 2
99707 3 1
99708 2 1
99708 3 1
99709 2 1
9971 2 1
99711 3 1
99716 3 1
99718 3 1
99719 3 2
9972 3 1
99720 2 1
99721 2 2
99721 3 1
99722 3 1
99724 2 1
99724 3 1
99725 2 1
99725 3 2
99726 3 2
99728 2 1
99728 3 1
99729 2 2
99730 2 2
99730 3 1
99731 3 1
99735 3 1
9974 3 1
99741 2 1
99745 2 1
99746 2 1
99747 3 1
99750 2 1
99750 3 1
99751 2 1
99759 2 1
99760 3 1
99763 2 1
99770 2 1
99770 3 1
99773 2 1
99773 3 1
99774 3 1
99776 2 1
99776 3 2
99777 3 1
99779 3 1
9978 2 1
9978 3 1
99784 2 1
99784 3 2
99785 3 1
99787 2 1
99788 2 1
99789 3 1
99791 3 1
99793 2 1
99794 3 1
9980 2 1
99801 2 1
99801 3 1
99802 2 1
99802 3 2
99806 2 1
99807 2 2
99807 3 1
99808 2 1
99810 3 1
99813 2 1
99813 3 2
99814 2 2
99815 2 1
99815 3 1
99816 2 1
99819 2 1
99821 2 1
99822 2 1
99823 3 1
99825 2 1
99825 3 2
99828 2 1
99828 3 1
9983 3 1
99832 2 1
99835 2 1
99835 3 1
99836 2 1
99838 3 1
9984 2 1
99841 2 1
99842 3 1
99844 2 1
99845 3 1
99847 3 1
99849 2 1
9985 2 2
9985 3 1
99850 2 2
99851 2 1
99851 3 1
99854 2 1
99854 3 1
99857 2 1
99857 3 1
9986 3 1
99860 2 1
99860 3 1
99861 2 1
99861 3 2
99865 2 1
99865 3 1
99866 2 1
99867 2 1
99875 3 1
99877 2 1
99878 2 2
99879 2 1
99879 3 1
9988 3 1
99880 3 2
99882 3 1
99887 3 1
999 2 2
999 3 1
9990 2 1
9990 3 1
99901 2 1
99905 3 1
99907 3 1
99909 2 1
99909 3 1
99910 2 1
99911 2 2
99912 3 1
99914 2 1
99914 3 1
99929 2 1
9993 2 1
9993 3 1
99930 2 1
99934 2 1
99935 2 1
99938 2 1
99939 2 1
99940 2 1
99941 2 1
99942 3 1
99944 2 2
99944 3 1
99945 3 1
99947 2 2
99947 3 1
99948 2 2
99948 3 1
99949 2 1
99949 3 1
9995 3 1
99950 2 1
99951 3 1
99954 3 1
99958 2 1
99958 3 1
99959 2 1
99959 3 2
99960 2 2
99961 2 1
99961 3 1
99962 3 2
99964 2 1
99964 3 1
99965 3 1
99967 2 1
99967 3 1
99968 2 1
99974 2 1
99975 2 1
99976 2 2
99976 3 1
9998 2 1
9998 3 1
99980 2 1
99980 3 1
99981 2 1
99981 3 2
99985 2 1
99985 3 2
99986 3 1
99991 2 1
99992 3 2
99995 3 1
99996 2 1
99997 2 2
99998 2 1
99998 3 1
99999 3 2
